sample_index,debug_step,t_s,theta_true_deg,theta_mtcn_deg,theta_observer_deg,abs_error_mtcn_deg,abs_error_observer_deg,delta_abs_error_deg,evaluation_sample,observer_better_beyond_tolerance,mtcn_better_beyond_tolerance,near_tie
0,,0.0,0.0,,,,,,0,0,0,0
1,1.0,0.01,-0.00017504882812499988,0.0,1.8645315142370127,0.00017504882812499988,1.8647065630651376,1.8645315142370127,0,0,0,0
2,2.0,0.02,-0.00035009765624999977,0.0,1.9903969219681459,0.00035009765624999977,1.990747019624396,1.9903969219681459,0,0,0,0
3,3.0,0.03,-0.0005251464843750002,0.0,2.1454655891352905,0.0005251464843750002,2.1459907356196655,2.1454655891352905,0,0,0,0
4,4.0,0.04,-0.0007001953124999995,0.0,2.3053982195547094,0.0007001953124999995,2.3060984148672095,2.3053982195547094,0,0,0,0
5,5.0,0.05,-0.0008752441406249993,0.0,2.52312529412535,0.0008752441406249993,2.524000538265975,2.52312529412535,0,0,0,0
6,6.0,0.06,-0.0013974609375000003,0.0,2.7708461873568493,0.0013974609375000003,2.7722436482943493,2.7708461873568493,0,0,0,0
7,7.0,0.07,-0.001919677734375001,0.0,3.0316774558504687,0.001919677734375001,3.0335971335848435,3.0316774558504687,0,0,0,0
8,8.0,0.08,-0.0024418945312500023,0.0,3.3030203662800295,0.0024418945312500023,3.3054622608112796,3.3030203662800295,0,0,0,0
9,9.0,0.09,-0.002964111328125003,0.0,3.5941002237081454,0.002964111328125003,3.5970643350362703,3.5941002237081454,0,0,0,0
10,10.0,0.1,-0.003486328124999998,0.0,3.879048772074145,0.003486328124999998,3.8825351001991453,3.879048772074145,0,0,0,0
11,11.0,0.11,-0.004351318359374999,0.0,4.148276505154566,0.004351318359374999,4.152627823513941,4.148276505154566,0,0,0,0
12,12.0,0.12,-0.00521630859375,0.0,4.4115688647209215,0.00521630859375,4.416785173314672,4.4115688647209215,0,0,0,0
13,13.0,0.13,-0.006081298828121907,0.0,4.66984733793251,0.006081298828121907,4.6759286367606325,4.66984733793251,0,0,0,0
14,14.0,0.14,-0.0069462890624945465,0.0,4.9158457374493,0.0069462890624945465,4.922792026511795,4.9158457374493,0,0,0,0
15,15.0,0.15,-0.007811279296872916,0.0,5.149309221210565,0.007811279296872916,5.157120500507438,5.149309221210565,0,0,0,0
16,16.0,0.16,-0.009014648437497864,0.0,5.373648872754251,0.009014648437497864,5.382663521191749,5.373648872754251,0,0,0,0
17,17.0,0.17,-0.010218017578122813,0.0,5.578829734785357,0.010218017578122813,5.58904775236348,5.578829734785357,0,0,0,0
18,18.0,0.18,-0.011421386718747761,0.0,5.775526115979949,0.011421386718747761,5.786947502698697,5.775526115979949,0,0,0,0
19,19.0,0.19,-0.01262475585937271,0.0,5.948454112519126,0.01262475585937271,5.961078868378499,5.948454112519126,0,0,0,0
20,20.0,0.2,-0.013828124999997658,0.0,6.111566127371281,0.013828124999997658,6.125394252371279,6.111566127371281,0,0,0,0
21,21.0,0.21,-0.015365478515624587,0.0,6.263973638787737,0.015365478515624587,6.279339117303362,6.263973638787737,0,0,0,0
22,22.0,0.22,-0.016902832031245783,0.0,6.395339662536616,0.016902832031245783,6.412242494567861,6.395339662536616,0,0,0,0
23,23.0,0.23,-0.01844018554687271,0.0,6.531557278953253,0.01844018554687271,6.549997464500126,6.531557278953253,0,0,0,0
24,24.0,0.24,-0.019977539062499643,0.0,6.643744873939392,0.019977539062499643,6.663722413001891,6.643744873939392,0,0,0,0
25,25.0,0.25,-0.02151489257812084,0.0,6.749514942862639,0.02151489257812084,6.77102983544076,6.749514942862639,0,0,0,0
26,26.0,0.26,-0.023381835937499422,0.0,6.8389932004188285,0.023381835937499422,6.862375036356328,6.8389932004188285,0,0,0,0
27,27.0,0.27,-0.025248779296872276,0.0,6.919363906944554,0.025248779296872276,6.944612686241426,6.919363906944554,0,0,0,0
28,28.0,0.28,-0.027115722656245126,0.0,6.999485407586459,0.027115722656245126,7.026601130242704,6.999485407586459,0,0,0,0
29,29.0,0.29,-0.028982666015623708,0.0,7.0733445174420355,0.028982666015623708,7.10232718345766,7.0733445174420355,0,0,0,0
30,30.0,0.3,-0.030849609374996558,0.0,7.145980476540206,0.030849609374996558,7.176830085915203,7.145980476540206,0,0,0,0
31,31.0,0.31,-0.03304174804687074,0.0,7.2167430586758545,0.03304174804687074,7.249784806722725,7.2167430586758545,0,0,0,0
32,32.0,0.32,-0.03523388671874492,0.0,7.280307740980945,0.03523388671874492,7.315541627699689,7.280307740980945,0,0,0,0
33,33.0,0.33,-0.03742602539062482,0.0,7.340672239044856,0.03742602539062482,7.378098264435481,7.340672239044856,0,0,0,0
34,34.0,0.34,-0.039618164062498996,0.0,7.383282857871832,0.039618164062498996,7.42290102193433,7.383282857871832,0,0,0,0
35,35.0,0.35,-0.041810302734373174,0.0,7.418656642188489,0.041810302734373174,7.460466944922863,7.418656642188489,0,0,0,0
36,36.0,0.36,-0.04432324218749835,0.0,7.4322849346511415,0.04432324218749835,7.476608176838639,7.4322849346511415,0,0,0,0
37,37.0,0.37,-0.046836181640623524,0.0,7.40721867734404,0.046836181640623524,7.454054858984663,7.40721867734404,0,0,0,0
38,38.0,0.38,-0.0493491210937487,0.0,7.367478763534513,0.0493491210937487,7.416827884628262,7.367478763534513,0,0,0,0
39,39.0,0.39,-0.051862060546873874,0.0,7.328631149205169,0.051862060546873874,7.380493209752043,7.328631149205169,0,0,0,0
40,40.0,0.4,-0.05437499999999905,0.0,7.2893419351049955,0.05437499999999905,7.343716935104995,7.2893419351049955,0,0,0,0
41,41.0,0.41,-0.05720434570312489,0.0,7.254019947290572,0.05720434570312489,7.311224292993697,7.254019947290572,0,0,0,0
42,42.0,0.42,-0.060033691406245,0.0,7.215055230498374,0.060033691406245,7.275088921904619,7.215055230498374,0,0,0,0
43,43.0,0.43,-0.06286303710937086,0.0,7.179282168476834,0.06286303710937086,7.242145205586205,7.179282168476834,0,0,0,0
44,44.0,0.44,-0.06569238281249669,0.0,7.141491310264589,0.06569238281249669,7.207183693077086,7.141491310264589,0,0,0,0
45,45.0,0.45,-0.06852172851562253,0.0,7.103332376185075,0.06852172851562253,7.171854104700698,7.103332376185075,0,0,0,0
46,46.0,0.46,-0.07166308593749873,0.0,7.068476306453025,0.07166308593749873,7.140139392390524,7.068476306453025,0,0,0,0
47,47.0,0.47,-0.07480444335937492,0.0,7.030157614963222,0.07480444335937492,7.104962058322597,7.030157614963222,0,0,0,0
48,48.0,0.48,-0.07794580078124537,0.0,6.992627200760944,0.07794580078124537,7.070573001542189,6.992627200760944,0,0,0,0
49,49.0,0.49,-0.08108715820312155,0.0,6.95370407162478,0.08108715820312155,7.034791229827902,6.95370407162478,0,0,0,0
50,50.0,0.5,-0.08422851562499774,0.0,6.912943064772744,0.08422851562499774,6.997171580397741,6.912943064772744,1,0,1,0
51,51.0,0.51,-0.08767749023437395,0.0,6.873876110353291,0.08767749023437395,6.961553600587665,6.873876110353291,1,0,1,0
52,52.0,0.52,-0.09112646484375014,0.0,6.834598946544417,0.09112646484375014,6.925725411388167,6.834598946544417,1,0,1,0
53,53.0,0.53,-0.09457543945312062,0.0,6.795210850607362,0.09457543945312062,6.889786290060483,6.795210850607362,1,0,1,0
54,54.0,0.54,-0.09802441406249682,0.0,6.7550418587331995,0.09802441406249682,6.853066272795696,6.7550418587331995,1,0,1,0
55,55.0,0.55,-0.10147338867187301,0.0,6.717418628099629,0.10147338867187301,6.8188920167715015,6.717418628099629,1,0,1,0
56,56.0,0.56,-0.10522558593749891,0.0,6.6788185281202015,0.10522558593749891,6.784044114057701,6.6788185281202015,1,0,1,0
57,57.0,0.57,-0.10897778320312479,0.0,6.639288184406852,0.10897778320312479,6.748265967609977,6.639288184406852,1,0,1,0
58,58.0,0.58,-0.11272998046874494,0.0,6.5996855959780385,0.11272998046874494,6.712415576446784,6.5996855959780385,1,0,1,0
59,59.0,0.59,-0.11648217773437085,0.0,6.560611983035452,0.11648217773437085,6.677094160769823,6.560611983035452,1,0,1,0
60,60.0,0.6,-0.12023437499999672,0.0,6.521328560499242,0.12023437499999672,6.6415629354992385,6.521328560499242,1,0,1,0
61,61.0,0.61,-0.12428540039062197,0.0,6.483481800153238,0.12428540039062197,6.60776720054386,6.483481800153237,1,0,1,0
62,62.0,0.62,-0.1283364257812472,0.0,6.444396015213033,0.1283364257812472,6.5727324409942804,6.444396015213033,1,0,1,0
63,63.0,0.63,-0.13238745117187245,0.0,6.405387474393067,0.13238745117187245,6.53777492556494,6.405387474393067,1,0,1,0
64,64.0,0.64,-0.13643847656249772,0.0,6.364977821691716,0.13643847656249772,6.501416298254214,6.364977821691716,1,0,1,0
65,65.0,0.65,-0.14048950195312299,0.0,6.326167697910315,0.14048950195312299,6.466657199863438,6.326167697910315,1,0,1,0
66,66.0,0.66,-0.14483496093749723,0.0,6.281923899981722,0.14483496093749723,6.426758860919219,6.281923899981722,1,0,1,0
67,67.0,0.67,-0.14918041992187153,0.0,6.2390007169758235,0.14918041992187153,6.388181136897695,6.2390007169758235,1,0,1,0
68,68.0,0.68,-0.1535258789062458,0.0,6.2004691115447255,0.1535258789062458,6.353994990450971,6.2004691115447255,1,0,1,0
69,69.0,0.69,-0.15787133789062008,0.0,6.1582267047679204,0.15787133789062008,6.316098042658541,6.1582267047679204,1,0,1,0
70,70.0,0.7,-0.1622167968750001,0.0,6.117703224357401,0.1622167968750001,6.2799200212324005,6.117703224357401,1,0,1,0
71,71.0,0.71,-0.16685229492187306,0.0,6.075899940698383,0.16685229492187306,6.242752235620256,6.075899940698383,1,0,1,0
72,72.0,0.72,-0.17148779296874606,0.0,6.033788825171776,0.17148779296874606,6.2052766181405214,6.033788825171776,1,0,1,0
73,73.0,0.73,-0.17612329101562477,0.0,5.9911625746479915,0.17612329101562477,6.167285865663616,5.9911625746479915,1,0,1,0
74,74.0,0.74,-0.18075878906249776,0.0,5.946416032982652,0.18075878906249776,6.12717482204515,5.946416032982652,1,0,1,0
75,75.0,0.75,-0.18539428710937075,0.0,5.898866177041447,0.18539428710937075,6.084260464150818,5.898866177041447,1,0,1,0
76,76.0,0.76,-0.19031542968749784,0.0,5.856554457964078,0.19031542968749784,6.046869887651576,5.856554457964078,1,0,1,0
77,77.0,0.77,-0.19523657226562494,0.0,5.815581275341151,0.19523657226562494,6.010817847606775,5.815581275341151,1,0,1,0
78,78.0,0.78,-0.20015771484374628,0.0,5.772369506474949,0.20015771484374628,5.972527221318695,5.772369506474949,1,0,1,0
79,79.0,0.79,-0.20507885742187337,0.0,5.727332919987005,0.20507885742187337,5.932411777408879,5.727332919987005,1,0,1,0
80,80.0,0.8,-0.20999999999999475,0.0,5.68322627210092,0.20999999999999475,5.8932262721009145,5.68322627210092,1,0,1,0
81,81.0,0.81,-0.21520239257811988,0.0,5.639089910786344,0.21520239257811988,5.854292303364464,5.639089910786344,1,0,1,0
82,82.0,0.82,-0.220404785156245,0.0,5.593284363470329,0.220404785156245,5.813689148626574,5.593284363470329,1,0,1,0
83,83.0,0.83,-0.22560717773437017,0.0,5.547704801425874,0.22560717773437017,5.773311979160244,5.547704801425874,1,0,1,0
84,84.0,0.84,-0.2308095703124953,0.0,5.499138899808254,0.2308095703124953,5.72994847012075,5.499138899808254,1,0,1,0
85,85.0,0.85,-0.23601196289062043,0.0,5.4520054049895545,0.23601196289062043,5.688017367880175,5.4520054049895545,1,0,1,0
86,86.0,0.86,-0.24149121093749903,0.0,5.404229335755328,0.24149121093749903,5.645720546692828,5.404229335755328,1,0,1,0
87,87.0,0.87,-0.24697045898437187,0.0,5.354799375930224,0.24697045898437187,5.601769834914595,5.354799375930224,1,0,1,0
88,88.0,0.88,-0.25244970703124475,0.0,5.305844514261615,0.25244970703124475,5.55829422129286,5.305844514261615,1,0,1,0
89,89.0,0.89,-0.2579289550781233,0.0,5.257417393164251,0.2579289550781233,5.515346348242374,5.257417393164251,1,0,1,0
90,90.0,0.9,-0.2634082031249962,0.0,5.2109299038345736,0.2634082031249962,5.47433810695957,5.2109299038345736,1,0,1,0
91,91.0,0.91,-0.2691599121093722,0.0,5.160527928971285,0.2691599121093722,5.429687841080657,5.160527928971285,1,0,1,0
92,92.0,0.92,-0.27491162109374817,0.0,5.116550918477159,0.27491162109374817,5.391462539570908,5.116550918477159,1,0,1,0
93,93.0,0.93,-0.2806633300781241,0.0,5.067040962045586,0.2806633300781241,5.34770429212371,5.067040962045586,1,0,1,0
94,94.0,0.94,-0.28641503906250015,0.0,5.0183790330237334,0.28641503906250015,5.304794072086233,5.0183790330237334,1,0,1,0
95,95.0,0.95,-0.2921667480468704,0.0,4.9712996388464985,0.2921667480468704,5.263466386893369,4.9712996388464985,1,0,1,0
96,96.0,0.96,-0.29818652343749913,0.0,4.9193155705278615,0.29818652343749913,5.2175020939653605,4.9193155705278615,1,0,1,0
97,97.0,0.97,-0.30420629882812217,0.0,4.8697216960841,0.30420629882812217,5.173927994912222,4.8697216960841,1,0,1,0
98,98.0,0.98,-0.31022607421874526,0.0,4.8216086642278375,0.31022607421874526,5.1318347384465826,4.8216086642278375,1,0,1,0
99,99.0,0.99,-0.3162458496093741,0.0,4.773199584606697,0.3162458496093741,5.0894454342160715,4.773199584606697,1,0,1,0
100,100.0,1.0,-0.3222656249999971,0.0,4.728245930732193,0.3222656249999971,5.05051155573219,4.728245930732193,1,0,1,0
101,101.0,1.01,-0.32854907226562263,0.0,4.680872039331122,0.32854907226562263,5.009421111596745,4.680872039331122,1,0,1,0
102,102.0,1.02,-0.33483251953124815,0.0,4.633081570955874,0.33483251953124815,4.967914090487122,4.633081570955874,1,0,1,0
103,103.0,1.03,-0.34111596679687367,0.0,4.580529137388533,0.34111596679687367,4.921645104185407,4.580529137388533,1,0,1,0
104,104.0,1.04,-0.34739941406249913,0.0,4.527901849863486,0.34739941406249913,4.875301263925985,4.527901849863486,1,0,1,0
105,105.0,1.05,-0.35368286132812465,0.0,4.481464411796263,0.35368286132812465,4.835147273124387,4.481464411796263,1,0,1,0
106,106.0,1.06,-0.3602255859374966,0.0,4.43238311185263,0.3602255859374966,4.7926086977901265,4.43238311185263,1,0,1,0
107,107.0,1.07,-0.36676831054687425,0.0,4.383575672878344,0.36676831054687425,4.750343983425218,4.383575672878344,1,0,1,0
108,108.0,1.08,-0.3733110351562462,0.0,4.333525766891726,0.3733110351562462,4.706836802047972,4.333525766891726,1,0,1,0
109,109.0,1.09,-0.37985375976562386,0.0,4.283087851311792,0.37985375976562386,4.662941611077415,4.283087851311792,1,0,1,0
110,110.0,1.1,-0.3863964843749958,0.0,4.234376768929368,0.3863964843749958,4.620773253304364,4.234376768929368,1,0,1,0
111,111.0,1.11,-0.39319409179687526,0.0,4.1847802040888675,0.39319409179687526,4.577974295885743,4.1847802040888675,1,0,1,0
112,112.0,1.12,-0.399991699218749,0.0,4.131740514198578,0.399991699218749,4.531732213417326,4.131740514198578,1,0,1,0
113,113.0,1.13,-0.40678930664062274,0.0,4.079081550725198,0.40678930664062274,4.485870857365821,4.079081550725198,1,0,1,0
114,114.0,1.14,-0.4135869140624964,0.0,4.027653775806554,0.4135869140624964,4.44124068986905,4.027653775806554,1,0,1,0
115,115.0,1.15,-0.42038452148437017,0.0,3.975359803318871,0.42038452148437017,4.395744324803241,3.9753598033188706,1,0,1,0
116,116.0,1.16,-0.4274326171874954,0.0,3.9232926081300943,0.4274326171874954,4.35072522531759,3.9232926081300947,1,0,1,0
117,117.0,1.17,-0.4344807128906206,0.0,3.870127987295927,0.4344807128906206,4.304608700186548,3.8701279872959273,1,0,1,0
118,118.0,1.18,-0.44152880859374594,0.0,3.817125338437234,0.44152880859374594,4.25865414703098,3.817125338437234,1,0,1,0
119,119.0,1.19,-0.4485769042968711,0.0,3.7657432273169418,0.4485769042968711,4.214320131613813,3.7657432273169418,1,0,1,0
120,120.0,1.2,-0.4556249999999963,0.0,3.7133194156984866,0.4556249999999963,4.1689444156984825,3.713319415698486,1,0,1,0
121,121.0,1.21,-0.4629191894531227,0.0,3.6602274717640073,0.4629191894531227,4.12314666121713,3.6602274717640073,1,0,1,0
122,122.0,1.22,-0.47021337890624915,0.0,3.606897288502349,0.47021337890624915,4.077110667408598,3.6068972885023487,1,0,1,0
123,123.0,1.23,-0.4775075683593698,0.0,3.5515266207802827,0.4775075683593698,4.029034189139653,3.5515266207802827,1,0,1,0
124,124.0,1.24,-0.4848017578124961,0.0,3.496839106349705,0.4848017578124961,3.981640864162201,3.4968391063497046,1,0,1,0
125,125.0,1.25,-0.49209594726562256,0.0,3.441863129258964,0.49209594726562256,3.9339590765245864,3.441863129258964,1,0,1,0
126,126.0,1.26,-0.49963183593749977,0.0,3.386063414514685,0.49963183593749977,3.8856952504521844,3.386063414514685,1,0,1,0
127,127.0,1.27,-0.5071677246093712,0.0,3.3301259898335407,0.5071677246093712,3.837293714442912,3.3301259898335407,1,0,1,0
128,128.0,1.28,-0.5147036132812484,0.0,3.272836065128569,0.5147036132812484,3.7875396784098174,3.272836065128569,1,0,1,0
129,129.0,1.29,-0.52223950195312,0.0,3.2172555833126975,0.52223950195312,3.7394950852658173,3.2172555833126975,1,0,1,0
130,130.0,1.3,-0.5297753906249971,0.0,3.162402334528919,0.5297753906249971,3.692177725153916,3.162402334528919,1,0,1,0
131,131.0,1.31,-0.5375485839843749,0.0,3.1068770706587787,0.5375485839843749,3.6444256546431535,3.1068770706587787,1,0,1,0
132,132.0,1.32,-0.5453217773437469,0.0,3.0510907529234954,0.5453217773437469,3.5964125302672425,3.0510907529234954,1,0,1,0
133,133.0,1.33,-0.5530949707031245,0.0,2.994501343728473,0.5530949707031245,3.5475963144315976,2.994501343728473,1,0,1,0
134,134.0,1.34,-0.5608681640624966,0.0,2.9373333241182826,0.5608681640624966,3.4982014881807793,2.9373333241182826,1,0,1,0
135,135.0,1.35,-0.5686413574218743,0.0,2.879525363570208,0.5686413574218743,3.448166720992082,2.879525363570208,1,0,1,0
136,136.0,1.36,-0.5766474609375022,0.0,2.8225870926925225,0.5766474609375022,3.399234553630025,2.8225870926925225,1,0,1,0
137,137.0,1.37,-0.5846535644531243,0.0,2.7654710465993158,0.5846535644531243,3.35012461105244,2.7654710465993153,1,0,1,0
138,138.0,1.38,-0.5926596679687522,0.0,2.7089930139025773,0.5926596679687522,3.3016526818713294,2.7089930139025773,1,0,1,0
139,139.0,1.39,-0.6006657714843744,0.0,2.652905834212669,0.6006657714843744,3.253571605697043,2.652905834212669,1,0,1,0
140,140.0,1.4,-0.6086718750000023,0.0,2.596080054937818,0.6086718750000023,3.2047519299378204,2.596080054937818,1,0,1,0
141,141.0,1.41,-0.6169064941406243,0.0,2.5373672320111025,0.6169064941406243,3.1542737261517266,2.5373672320111025,1,0,1,0
142,142.0,1.42,-0.625141113281252,0.0,2.4819800132049092,0.625141113281252,3.1071211264861613,2.4819800132049092,1,0,1,0
143,143.0,1.43,-0.633375732421874,0.0,2.4230330431287586,0.633375732421874,3.0564087755506324,2.4230330431287586,1,0,1,0
144,144.0,1.44,-0.6416103515625018,0.0,2.3643806111856525,0.6416103515625018,3.0059909627481542,2.3643806111856525,1,0,1,0
145,145.0,1.45,-0.6498449707031237,0.0,2.3054020126059243,0.6498449707031237,2.9552469833090482,2.3054020126059243,1,0,1,0
146,146.0,1.46,-0.6583037109375011,0.0,2.247620963826947,0.6583037109375011,2.905924674764448,2.247620963826947,1,0,1,0
147,147.0,1.47,-0.6667624511718726,0.0,2.191102981995024,0.6667624511718726,2.8578654331668965,2.191102981995024,1,0,1,0
148,148.0,1.48,-0.6752211914062498,0.0,2.132677423785998,0.6752211914062498,2.807898615192248,2.1326774237859984,1,0,1,0
149,149.0,1.49,-0.6836799316406271,0.0,2.0734699067260793,0.6836799316406271,2.7571498383667064,2.0734699067260793,1,0,1,0
150,150.0,1.5,-0.6921386718749987,0.0,2.014096368280024,0.6921386718749987,2.706235040155023,2.014096368280024,1,0,1,0
151,151.0,1.51,-0.7008171386718751,0.0,1.9577926247150883,0.7008171386718751,2.6586097633869636,1.9577926247150885,1,0,1,0
152,152.0,1.52,-0.7094956054687515,0.0,1.898972766845088,0.7094956054687515,2.6084683723138395,1.898972766845088,1,0,1,0
153,153.0,1.53,-0.7181740722656222,0.0,1.8389802027820525,0.7181740722656222,2.557154275047675,1.8389802027820528,1,0,1,0
154,154.0,1.54,-0.7268525390624987,0.0,1.7795779826724414,0.7268525390624987,2.50643052173494,1.7795779826724414,1,0,1,0
155,155.0,1.55,-0.7355310058593751,0.0,1.7214179017734421,0.7355310058593751,2.4569489076328175,1.7214179017734423,1,0,1,0
156,156.0,1.56,-0.7444248046875005,0.0,1.6658783760378506,0.7444248046875005,2.410303180725351,1.6658783760378504,1,0,1,0
157,157.0,1.57,-0.7533186035156259,0.0,1.6084051162505126,0.7533186035156259,2.3617237197661387,1.6084051162505129,1,0,1,0
158,158.0,1.58,-0.7622124023437511,0.0,1.5497495104863732,0.7622124023437511,2.3119619128301245,1.5497495104863734,1,0,1,0
159,159.0,1.59,-0.7711062011718764,0.0,1.4922406177493677,0.7711062011718764,2.263346818921244,1.4922406177493674,1,0,1,0
160,160.0,1.6,-0.7800000000000017,0.0,1.434276860785184,0.7800000000000017,2.2142768607851857,1.4342768607851841,1,0,1,0
161,161.0,1.61,-0.7891047363281256,0.0,1.3770188980965745,0.7891047363281256,2.1661236344247,1.3770188980965745,1,0,1,0
162,162.0,1.62,-0.7982094726562494,0.0,1.3177356796715984,0.7982094726562494,2.115945152327848,1.3177356796715987,1,0,1,0
163,163.0,1.63,-0.8073142089843732,0.0,1.259996334644751,0.8073142089843732,2.067310543629124,1.2599963346447507,1,0,1,0
164,164.0,1.64,-0.8164189453125028,0.0,1.203040217353122,0.8164189453125028,2.019459162665625,1.203040217353122,1,0,1,0
165,165.0,1.65,-0.8255236816406267,0.0,1.1451440302394094,0.8255236816406267,1.970667711880036,1.1451440302394094,1,0,1,0
166,166.0,1.66,-0.8348349609374988,0.0,1.091161278951536,0.8348349609374988,1.9259962398890347,1.091161278951536,1,0,1,0
167,167.0,1.67,-0.8441462402343766,0.0,1.0333731107634125,0.8441462402343766,1.877519350997789,1.0333731107634123,1,0,1,0
168,168.0,1.68,-0.8534575195312486,0.0,0.9757254432155147,0.8534575195312486,1.8291829627467633,0.9757254432155147,1,0,1,0
169,169.0,1.69,-0.8627687988281264,0.0,0.9223411525844238,0.8627687988281264,1.7851099514125504,0.922341152584424,1,0,1,0
170,170.0,1.7,-0.8720800781249984,0.0,0.8658902691420485,0.8720800781249984,1.737970347267047,0.8658902691420485,1,0,1,0
171,171.0,1.71,-0.8815935058593741,0.0,0.8119875315797058,0.8815935058593741,1.6935810374390798,0.8119875315797057,1,0,1,0
172,172.0,1.72,-0.8911069335937498,0.0,0.7571274864322696,0.8911069335937498,1.6482344200260193,0.7571274864322695,1,0,1,0
173,173.0,1.73,-0.9006203613281255,0.0,0.702688551667353,0.9006203613281255,1.6033089129954785,0.702688551667353,1,0,1,0
174,174.0,1.74,-0.9101337890625011,0.0,0.6473891446477865,0.9101337890625011,1.5575229337102876,0.6473891446477865,1,0,1,0
175,175.0,1.75,-0.9196472167968768,0.0,0.5934875564300834,0.9196472167968768,1.5131347732269602,0.5934875564300834,1,0,1,0
176,176.0,1.76,-0.9293583984375,0.0,0.5456609996265702,0.9293583984375,1.4750193980640702,0.5456609996265702,1,0,1,0
177,177.0,1.77,-0.9390695800781234,0.0,0.494739951334005,0.9390695800781234,1.4338095314121284,0.49473995133400506,1,0,1,0
178,178.0,1.78,-0.9487807617187523,0.0,0.44265098188556,0.9487807617187523,1.3914317436043122,0.44265098188555996,1,0,1,0
179,179.0,1.79,-0.9584919433593755,0.0,0.3945179704609667,0.9584919433593755,1.3530099138203422,0.3945179704609667,1,0,1,0
180,180.0,1.8,-0.9682031249999986,0.0,0.3451333808881965,0.9682031249999986,1.3133365058881952,0.34513338088819656,1,0,1,0
181,181.0,1.81,-0.9781076660156248,0.0,0.293514463480272,0.9781076660156248,1.271622129495897,0.2935144634802721,1,0,1,0
182,182.0,1.82,-0.9880122070312509,0.0,0.2431056193081605,0.9880122070312509,1.2311178263394114,0.24310561930816044,1,0,1,0
183,183.0,1.83,-0.9979167480468774,0.0,0.19669867268832975,0.9979167480468774,1.194615420735207,0.19669867268832975,1,0,1,0
184,184.0,1.84,-1.0078212890624978,0.0,0.14616158323064582,1.0078212890624978,1.1539828722931436,0.14616158323064576,1,0,1,0
185,185.0,1.85,-1.0177258300781238,0.0,0.09822415977281,1.0177258300781238,1.1159499898509337,0.09822415977280996,1,0,0,1
186,186.0,1.86,-1.0278193359375027,0.0,0.055297263740952625,1.0278193359375027,1.0831165996784553,0.05529726374095256,1,0,0,1
187,187.0,1.87,-1.0379128417968757,0.0,0.01737030825751524,1.0379128417968757,1.0552831500543909,0.017370308257515177,1,0,0,1
188,188.0,1.88,-1.048006347656249,0.0,-0.01955683597800084,1.048006347656249,1.028449511678248,-0.019556835978000953,1,0,0,1
189,189.0,1.89,-1.0580998535156276,0.0,-0.0639874205732861,1.0580998535156276,0.9941124329423415,-0.0639874205732861,1,0,0,1
190,190.0,1.9,-1.0681933593750006,0.0,-0.10849675591219349,1.0681933593750006,0.9596966034628072,-0.10849675591219343,1,1,0,0
191,191.0,1.91,-1.078471435546876,0.0,-0.1503277225618358,1.078471435546876,0.9281437129850403,-0.1503277225618358,1,1,0,0
192,192.0,1.92,-1.0887495117187513,0.0,-0.19283338167423522,1.0887495117187513,0.8959161300445161,-0.19283338167423525,1,1,0,0
193,193.0,1.93,-1.0990275878906268,0.0,-0.2276941535258421,1.0990275878906268,0.8713334343647847,-0.2276941535258421,1,1,0,0
194,194.0,1.94,-1.1093056640625023,0.0,-0.26567166136277903,1.1093056640625023,0.8436340026997233,-0.265671661362779,1,1,0,0
195,195.0,1.95,-1.1195837402343776,0.0,-0.2977030139669361,1.1195837402343776,0.8218807262674415,-0.2977030139669361,1,1,0,0
196,196.0,1.96,-1.1300419921874991,0.0,-0.3239915794623244,1.1300419921874991,0.8060504127251747,-0.3239915794623244,1,1,0,0
197,197.0,1.97,-1.1405002441406267,0.0,-0.36353615904678677,1.1405002441406267,0.77696408509384,-0.3635361590467867,1,1,0,0
198,198.0,1.98,-1.1509584960937482,0.0,-0.4001039218051385,1.1509584960937482,0.7508545742886097,-0.40010392180513854,1,1,0,0
199,199.0,1.99,-1.1614167480468756,0.0,-0.4444631875411095,1.1614167480468756,0.7169535605057661,-0.4444631875411095,1,1,0,0
200,200.0,2.0,-1.1718749999999973,0.0,-0.48269208787082607,1.1718749999999973,0.6891829121291713,-0.48269208787082607,1,1,0,0
201,201.0,2.01,-1.1825090332031263,0.0,-0.5099418572825144,1.1825090332031263,0.6725671759206119,-0.5099418572825144,1,1,0,0
202,202.0,2.02,-1.1931430664062495,0.0,-0.5417833175313915,1.1931430664062495,0.6513597488748579,-0.5417833175313915,1,1,0,0
203,203.0,2.03,-1.2037770996093728,0.0,-0.572494702695481,1.2037770996093728,0.6312823969138919,-0.572494702695481,1,1,0,0
204,204.0,2.04,-1.2144111328125018,0.0,-0.603718902684531,1.2144111328125018,0.6106922301279708,-0.603718902684531,1,1,0,0
205,205.0,2.05,-1.225045166015625,0.0,-0.6303611556780373,1.225045166015625,0.5946840103375877,-0.6303611556780373,1,1,0,0
206,206.0,2.06,-1.2358505859374995,0.0,-0.664363667336693,1.2358505859374995,0.5714869186008065,-0.664363667336693,1,1,0,0
207,207.0,2.07,-1.2466560058593743,0.0,-0.7024872481608149,1.2466560058593743,0.5441687576985594,-0.7024872481608149,1,1,0,0
208,208.0,2.08,-1.2574614257812489,0.0,-0.7333022184787791,1.2574614257812489,0.5241592073024698,-0.7333022184787791,1,1,0,0
209,209.0,2.09,-1.2682668457031232,0.0,-0.7598552767514715,1.2682668457031232,0.5084115689516517,-0.7598552767514715,1,1,0,0
210,210.0,2.1,-1.279072265624998,0.0,-0.7847776192579279,1.279072265624998,0.4942946463670701,-0.7847776192579279,1,1,0,0
211,211.0,2.11,-1.2900446777343735,0.0,-0.8204024763804406,1.2900446777343735,0.46964220135393286,-0.8204024763804406,1,1,0,0
212,212.0,2.12,-1.3010170898437492,0.0,-0.8497001923394327,1.3010170898437492,0.45131689750431647,-0.8497001923394327,1,1,0,0
213,213.0,2.13,-1.3119895019531247,0.0,-0.8772784278883127,1.3119895019531247,0.434711074064812,-0.8772784278883127,1,1,0,0
214,214.0,2.14,-1.3229619140625002,0.0,-0.906230105431304,1.3229619140625002,0.4167318086311962,-0.906230105431304,1,1,0,0
215,215.0,2.15,-1.333934326171876,0.0,-0.9361063094501141,1.333934326171876,0.3978280167217618,-0.9361063094501141,1,1,0,0
216,216.0,2.16,-1.345069335937502,0.0,-0.9727310048124522,1.345069335937502,0.3723383311250499,-0.9727310048124522,1,1,0,0
217,217.0,2.17,-1.3562043457031228,0.0,-1.0002123849184656,1.3562043457031228,0.3559919607846571,-1.0002123849184656,1,1,0,0
218,218.0,2.18,-1.367339355468749,0.0,-1.0279027863807493,1.367339355468749,0.3394365690879997,-1.0279027863807493,1,1,0,0
219,219.0,2.19,-1.378474365234375,0.0,-1.054509436335666,1.378474365234375,0.323964928898709,-1.054509436335666,1,1,0,0
220,220.0,2.2,-1.3896093750000011,0.0,-1.0812589883473123,1.3896093750000011,0.3083503866526889,-1.0812589883473123,1,1,0,0
221,221.0,2.21,-1.4009025878906278,0.0,-1.1073098077091468,1.4009025878906278,0.29359278018148105,-1.1073098077091468,1,1,0,0
222,222.0,2.22,-1.4121958007812487,0.0,-1.1325760601334849,1.4121958007812487,0.27961974064776385,-1.1325760601334849,1,1,0,0
223,223.0,2.23,-1.4234890136718752,0.0,-1.1577099479516342,1.4234890136718752,0.265779065720241,-1.1577099479516342,1,1,0,0
224,224.0,2.24,-1.4347822265625019,0.0,-1.1825990538911542,1.4347822265625019,0.2521831726713477,-1.1825990538911542,1,1,0,0
225,225.0,2.25,-1.4460754394531226,0.0,-1.2089559733440574,1.4460754394531226,0.2371194661090652,-1.2089559733440574,1,1,0,0
226,226.0,2.26,-1.4575224609374993,0.0,-1.2346364198932656,1.4575224609374993,0.2228860410442337,-1.2346364198932656,1,1,0,0
227,227.0,2.27,-1.468969482421876,0.0,-1.2597193084746758,1.468969482421876,0.20925017394720014,-1.2597193084746758,1,1,0,0
228,228.0,2.28,-1.4804165039062525,0.0,-1.2844332820774915,1.4804165039062525,0.19598322182876093,-1.2844332820774915,1,1,0,0
229,229.0,2.29,-1.4918635253906234,0.0,-1.310107025617937,1.4918635253906234,0.18175649977268638,-1.310107025617937,1,1,0,0
230,230.0,2.3,-1.5033105468749999,0.0,-1.3371570016893994,1.5033105468749999,0.16615354518560044,-1.3371570016893994,1,1,0,0
231,231.0,2.31,-1.5149069824218762,0.0,-1.362577480151995,1.5149069824218762,0.15232950226988118,-1.362577480151995,1,1,0,0
232,232.0,2.32,-1.5265034179687467,0.0,-1.3881538121872958,1.5265034179687467,0.13834960578145084,-1.3881538121872958,1,1,0,0
233,233.0,2.33,-1.538099853515623,0.0,-1.4139179602753071,1.538099853515623,0.12418189324031581,-1.4139179602753071,1,1,0,0
234,234.0,2.34,-1.5496962890624992,0.0,-1.4409985994859504,1.5496962890624992,0.1086976895765488,-1.4409985994859504,1,1,0,0
235,235.0,2.35,-1.5612927246093755,0.0,-1.4663187714163373,1.5612927246093755,0.09497395319303825,-1.4663187714163373,1,1,0,0
236,236.0,2.36,-1.5730341796875011,0.0,-1.4896124291019257,1.5730341796875011,0.08342175058557544,-1.4896124291019257,1,1,0,0
237,237.0,2.37,-1.5847756347656268,0.0,-1.514320686344004,1.5847756347656268,0.07045494842162281,-1.514320686344004,1,1,0,0
238,238.0,2.38,-1.5965170898437524,0.0,-1.538545283910485,1.5965170898437524,0.05797180593326745,-1.538545283910485,1,1,0,0
239,239.0,2.39,-1.6082585449218778,0.0,-1.564143927454222,1.6082585449218778,0.04411461746765588,-1.564143927454222,1,1,0,0
240,240.0,2.4,-1.6199999999999979,0.0,-1.5887917877445392,1.6199999999999979,0.031208212255458667,-1.5887917877445392,1,1,0,0
241,241.0,2.41,-1.6318820800781224,0.0,-1.612715126588496,1.6318820800781224,0.01916695348962638,-1.612715126588496,1,1,0,0
242,242.0,2.42,-1.6437641601562527,0.0,-1.6357945070581879,1.6437641601562527,0.007969653098064855,-1.6357945070581879,1,1,0,0
243,243.0,2.43,-1.6556462402343775,0.0,-1.6622856740081131,1.6556462402343775,0.006639433773735659,-1.6490068064606418,1,1,0,0
244,244.0,2.44,-1.6675283203125022,0.0,-1.687507585605211,1.6675283203125022,0.01997926529270888,-1.6475490550197933,1,1,0,0
245,245.0,2.45,-1.6794104003906267,0.0,-1.7116128779147601,1.6794104003906267,0.03220247752413341,-1.6472079228664933,1,1,0,0
246,246.0,2.46,-1.6914287109375001,0.0,-1.733063017429371,1.6914287109375001,0.04163430649187094,-1.6497944044456292,1,1,0,0
247,247.0,2.47,-1.7034470214843733,0.0,-1.756898240543265,1.7034470214843733,0.05345121905889161,-1.6499958024254817,1,1,0,0
248,248.0,2.48,-1.7154653320312525,0.0,-1.782935052934631,1.7154653320312525,0.06746972090337855,-1.647995611127874,1,1,0,0
249,249.0,2.49,-1.7274836425781257,0.0,-1.8093910991453837,1.7274836425781257,0.08190745656725795,-1.6455761860108677,1,1,0,0
250,250.0,2.5,-1.7395019531249991,0.0,-1.8342380634349678,1.7395019531249991,0.09473611030996865,-1.6447658428150305,1,1,0,0
251,251.0,2.51,-1.7516520996093767,0.0,-1.857530701730984,1.7516520996093767,0.10587860212160716,-1.6457734974877696,1,1,0,0
252,252.0,2.52,-1.7638022460937484,0.0,-1.882140992333172,1.7638022460937484,0.11833874623942364,-1.6454634998543247,1,1,0,0
253,253.0,2.53,-1.7759523925781258,0.0,-1.9075239771227683,1.7759523925781258,0.13157158454464257,-1.6443808080334832,1,1,0,0
254,254.0,2.54,-1.7881025390624974,0.0,-1.931554555887529,1.7881025390624974,0.1434520168250315,-1.6446505222374659,1,1,0,0
255,255.0,2.55,-1.8002526855468748,0.0,-1.9552811357489854,1.8002526855468748,0.15502845020211065,-1.6452242353447641,1,1,0,0
256,256.0,2.56,-1.8125302734375004,0.0,-1.9764341082676802,1.8125302734375004,0.16390383483017978,-1.6486264386073206,1,1,0,0
257,257.0,2.57,-1.824807861328126,0.0,-2.0008451374866807,1.824807861328126,0.1760372761585547,-1.6487705851695713,1,1,0,0
258,258.0,2.58,-1.8370854492187512,0.0,-2.0250425643957426,1.8370854492187512,0.18795711517699143,-1.6491283340417597,1,1,0,0
259,259.0,2.59,-1.8493630371093768,0.0,-2.0463658459709437,1.8493630371093768,0.19700280886156696,-1.6523602282478098,1,1,0,0
260,260.0,2.6,-1.8616406250000024,0.0,-2.066907100419956,1.8616406250000024,0.20526647541995358,-1.6563741495800488,1,1,0,0
261,261.0,2.61,-1.8740412597656253,0.0,-2.0884615493326026,1.8740412597656253,0.21442028956697734,-1.659620970198648,1,1,0,0
262,262.0,2.62,-1.8864418945312484,0.0,-2.112610127316069,1.8864418945312484,0.22616823278482046,-1.660273661746428,1,1,0,0
263,263.0,2.63,-1.8988425292968776,0.0,-2.1367407122074615,1.8988425292968776,0.23789818291058396,-1.6609443463862936,1,1,0,0
264,264.0,2.64,-1.9112431640625005,0.0,-2.1592453462163044,1.9112431640625005,0.24800218215380387,-1.6632409819086966,1,1,0,0
265,265.0,2.65,-1.923643798828124,0.0,-2.1804549755854974,1.923643798828124,0.2568111767573733,-1.6668326220707508,1,1,0,0
266,266.0,2.66,-1.9361630859375,0.0,-2.2031631005117327,1.9361630859375,0.2670000145742326,-1.6691630713632675,1,1,0,0
267,267.0,2.67,-1.9486823730468765,0.0,-2.2269138624156444,1.9486823730468765,0.27823148936876785,-1.6704508836781087,1,1,0,0
268,268.0,2.68,-1.9612016601562527,0.0,-2.250046619634665,1.9612016601562527,0.2888449594784124,-1.6723567006778404,1,1,0,0
269,269.0,2.69,-1.9737209472656232,0.0,-2.273221978298511,1.9737209472656232,0.29950103103288783,-1.6742199162327354,1,1,0,0
270,270.0,2.7,-1.9862402343749996,0.0,-2.295400563321015,1.9862402343749996,0.3091603289460154,-1.6770799054289842,1,1,0,0
271,271.0,2.71,-1.9988737792968732,0.0,-2.3178366149365512,1.9988737792968732,0.3189628356396781,-1.679910943657195,1,1,0,0
272,272.0,2.72,-2.0115073242187522,0.0,-2.340704284528277,2.0115073242187522,0.32919696030952483,-1.6823103639092274,1,1,0,0
273,273.0,2.73,-2.0241408691406253,0.0,-2.3631619000293536,2.0241408691406253,0.33902103088872826,-1.685119838251897,1,1,0,0
274,274.0,2.74,-2.036774414062499,0.0,-2.385298041733094,2.036774414062499,0.3485236276705952,-1.6882507863919036,1,1,0,0
275,275.0,2.75,-2.0494079589843723,0.0,-2.4076782024595564,2.0494079589843723,0.3582702434751841,-1.6911377155091882,1,1,0,0
276,276.0,2.76,-2.0621513671874983,0.0,-2.430187724202333,2.0621513671874983,0.3680363570148346,-1.6941150101726636,1,1,0,0
277,277.0,2.77,-2.0748947753906237,0.0,-2.4512819408880624,2.0748947753906237,0.37638716549743867,-1.698507609893185,1,1,0,0
278,278.0,2.78,-2.0876381835937496,0.0,-2.4730310166985348,2.0876381835937496,0.3853928331047851,-1.7022453504889645,1,1,0,0
279,279.0,2.79,-2.1003815917968756,0.0,-2.4965788753486304,2.1003815917968756,0.3961972835517549,-1.7041843082451207,1,1,0,0
280,280.0,2.8,-2.1131250000000015,0.0,-2.5183390674516755,2.1131250000000015,0.405214067451674,-1.7079109325483275,1,1,0,0
281,281.0,2.81,-2.125973876953124,0.0,-2.54251292798187,2.125973876953124,0.4165390510287459,-1.7094348259243781,1,1,0,0
282,282.0,2.82,-2.1388227539062514,0.0,-2.564647003890257,2.1388227539062514,0.4258242499840055,-1.712998503922246,1,1,0,0
283,283.0,2.83,-2.151671630859374,0.0,-2.5848126053867158,2.151671630859374,0.4331409745273418,-1.7185306563320322,1,1,0,0
284,284.0,2.84,-2.1645205078125014,0.0,-2.6061094208978672,2.1645205078125014,0.44158891308536585,-1.7229315947271355,1,1,0,0
285,285.0,2.85,-2.177369384765624,0.0,-2.6277311009509403,2.177369384765624,0.4503617161853164,-1.7270076685803075,1,1,0,0
286,286.0,2.86,-2.190319335937498,0.0,-2.6472852008681405,2.190319335937498,0.4569658649306425,-1.7333534710068554,1,1,0,0
287,287.0,2.87,-2.2032692871093777,0.0,-2.668425348277055,2.2032692871093777,0.46515606116767705,-1.7381132259417007,1,1,0,0
288,288.0,2.88,-2.2162192382812522,0.0,-2.6892080909160336,2.2162192382812522,0.4729888526347814,-1.7432303856464708,1,1,0,0
289,289.0,2.89,-2.229169189453126,0.0,-2.711915441149913,2.229169189453126,0.4827462516967871,-1.7464229377563387,1,1,0,0
290,290.0,2.9,-2.242119140625,0.0,-2.7340746238623597,2.242119140625,0.4919554832373598,-1.75016365738764,1,1,0,0
291,291.0,2.91,-2.255165771484376,0.0,-2.754041136440465,2.255165771484376,0.4988753649560893,-1.7562904065282865,1,1,0,0
292,292.0,2.92,-2.268212402343751,0.0,-2.7745234913657786,2.268212402343751,0.5063110890220277,-1.7619013133217232,1,1,0,0
293,293.0,2.93,-2.2812590332031264,0.0,-2.7939196009222638,2.2812590332031264,0.5126605677191374,-1.768598465483989,1,1,0,0
294,294.0,2.94,-2.294305664062502,0.0,-2.815353317082744,2.294305664062502,0.5210476530202421,-1.7732580110422598,1,1,0,0
295,295.0,2.95,-2.3073522949218774,0.0,-2.835376768329239,2.3073522949218774,0.5280244734073616,-1.7793278215145159,1,1,0,0
296,296.0,2.96,-2.320491210937498,0.0,-2.854049587729728,2.320491210937498,0.5335583767922296,-1.7869328341452686,1,1,0,0
297,297.0,2.97,-2.333630126953125,0.0,-2.8728696714534756,2.333630126953125,0.5392395445003504,-1.7943905824527748,1,1,0,0
298,298.0,2.98,-2.3467690429687518,0.0,-2.895465732573752,2.3467690429687518,0.5486966896050003,-1.7980723533637515,1,1,0,0
299,299.0,2.99,-2.3599079589843726,0.0,-2.9168804684962217,2.3599079589843726,0.5569725095118492,-1.8029354494725234,1,1,0,0
300,300.0,3.0,-2.3730468749999996,0.0,-2.936775187082926,2.3730468749999996,0.5637283120829264,-1.8093185629170732,1,1,0,0
301,301.0,3.01,-2.3862736816406267,0.0,-2.9560199543028354,2.3862736816406267,0.5697462726622087,-1.816527408978418,1,1,0,0
302,302.0,3.02,-2.3995004882812485,0.0,-2.974323832768916,2.3995004882812485,0.5748233444876676,-1.824677143793581,1,1,0,0
303,303.0,3.03,-2.412727294921876,0.0,-2.9960147409078366,2.412727294921876,0.5832874459859605,-1.8294398489359156,1,1,0,0
304,304.0,3.04,-2.4259541015624975,0.0,-3.0173043366488823,2.4259541015624975,0.5913502350863848,-1.8346038664761126,1,1,0,0
305,305.0,3.05,-2.4391809082031255,0.0,-3.0363460685287866,2.4391809082031255,0.5971651603256611,-1.8420157478774644,1,1,0,0
306,306.0,3.06,-2.4524912109374974,0.0,-3.0554221621507813,2.4524912109374974,0.6029309512132839,-1.8495602597242136,1,1,0,0
307,307.0,3.07,-2.465801513671875,0.0,-3.0748578588098834,2.465801513671875,0.6090563451380082,-1.856745168533867,1,1,0,0
308,308.0,3.08,-2.4791118164062476,0.0,-3.0959112964919444,2.4791118164062476,0.6167994800856968,-1.8623123363205507,1,1,0,0
309,309.0,3.09,-2.4924221191406257,0.0,-3.114415464620729,2.4924221191406257,0.6219933454801034,-1.8704287736605223,1,1,0,0
310,310.0,3.1,-2.505732421874998,0.0,-3.132123610601927,2.505732421874998,0.6263911887269287,-1.8793412331480694,1,1,0,0
311,311.0,3.11,-2.5191218261718764,0.0,-3.149997815193412,2.5191218261718764,0.6308759890215354,-1.888245837150341,1,1,0,0
312,312.0,3.12,-2.5325112304687485,0.0,-3.1688437662838465,2.5325112304687485,0.636332535815098,-1.8961786946536505,1,1,0,0
313,313.0,3.13,-2.545900634765627,0.0,-3.1893415602907487,2.545900634765627,0.6434409255251219,-1.902459709240505,1,1,0,0
314,314.0,3.14,-2.5592900390624993,0.0,-3.2079421047350043,2.5592900390624993,0.648652065672505,-1.9106379733899943,1,1,0,0
315,315.0,3.15,-2.572679443359377,0.0,-3.226425285421719,2.572679443359377,0.6537458420623419,-1.9189336012970353,1,1,0,0
316,316.0,3.16,-2.5861435546875,0.0,-3.2443556359194035,2.5861435546875,0.6582120812319037,-1.9279314734555961,1,1,0,0
317,317.0,3.17,-2.5996076660156278,0.0,-3.2641433439256535,2.5996076660156278,0.6645356779100258,-1.935071988105602,1,1,0,0
318,318.0,3.18,-2.6130717773437495,0.0,-3.282158142042142,2.6130717773437495,0.6690863646983924,-1.943985412645357,1,1,0,0
319,319.0,3.19,-2.6265358886718775,0.0,-3.2993034341480105,2.6265358886718775,0.672767545476133,-1.9537683431957444,1,1,0,0
320,320.0,3.2,-2.64,0.0,-3.3180377443536853,2.64,0.6780377443536851,-1.961962255646315,1,1,0,0
321,321.0,3.21,-2.6535344238281278,0.0,-3.3368926913470203,2.6535344238281278,0.6833582675188925,-1.9701761563092353,1,1,0,0
322,322.0,3.22,-2.667068847656249,0.0,-3.3557391844072115,2.667068847656249,0.6886703367509623,-1.9783985109052868,1,1,0,0
323,323.0,3.23,-2.680603271484377,0.0,-3.374225851163826,2.680603271484377,0.6936225796794493,-1.9869806918049275,1,1,0,0
324,324.0,3.24,-2.6941376953124987,0.0,-3.3931080818141988,2.6941376953124987,0.6989703865017001,-1.9951673088107986,1,1,0,0
325,325.0,3.25,-2.707672119140626,0.0,-3.410616759894092,2.707672119140626,0.7029446407534663,-2.0047274783871596,1,1,0,0
326,326.0,3.26,-2.7212724609375027,0.0,-3.4285610758726297,2.7212724609375027,0.707288614935127,-2.013983846002376,1,1,0,0
327,327.0,3.27,-2.734872802734374,0.0,-3.447136103315036,2.734872802734374,0.7122633005806622,-2.0226095021537116,1,1,0,0
328,328.0,3.28,-2.7484731445312507,0.0,-3.465787331552776,2.7484731445312507,0.7173141870215254,-2.0311589575097253,1,1,0,0
329,329.0,3.29,-2.762073486328127,0.0,-3.4834516851715054,2.762073486328127,0.7213781988433783,-2.040695287484749,1,1,0,0
330,330.0,3.3,-2.775673828124998,0.0,-3.49987376791992,2.775673828124998,0.7241999397949219,-2.0514738883300763,1,1,0,0
331,331.0,3.31,-2.7893356933593734,0.0,-3.5168313720276445,2.7893356933593734,0.7274956786682711,-2.0618400146911022,1,1,0,0
332,332.0,3.32,-2.8029975585937494,0.0,-3.534326301603144,2.8029975585937494,0.7313287430093944,-2.071668815584355,1,1,0,0
333,333.0,3.33,-2.8166594238281246,0.0,-3.5514763884885476,2.8166594238281246,0.734816964660423,-2.0818424591677016,1,1,0,0
334,334.0,3.34,-2.8303212890625002,0.0,-3.5685788081538474,2.8303212890625002,0.7382575190913472,-2.092063769971153,1,1,0,0
335,335.0,3.35,-2.843983154296876,0.0,-3.5876160198988885,2.843983154296876,0.7436328656020126,-2.1003502886948633,1,1,0,0
336,336.0,3.36,-2.8577021484375,0.0,-3.604953046322684,2.8577021484375,0.7472508978851842,-2.1104512505523156,1,1,0,0
337,337.0,3.37,-2.871421142578124,0.0,-3.6202930712491543,2.871421142578124,0.7488719286710301,-2.122549213907094,1,1,0,0
338,338.0,3.38,-2.8851401367187477,0.0,-3.6385855941241467,2.8851401367187477,0.753445457405399,-2.1316946793133487,1,1,0,0
339,339.0,3.39,-2.898859130859372,0.0,-3.6545452093520483,2.898859130859372,0.7556860784926762,-2.143173052366696,1,1,0,0
340,340.0,3.4,-2.912578125000002,0.0,-3.671112953341423,2.912578125000002,0.7585348283414213,-2.1540432966585805,1,1,0,0
341,341.0,3.41,-2.926349853515624,0.0,-3.6846259102957917,2.926349853515624,0.7582760567801676,-2.1680737967354564,1,1,0,0
342,342.0,3.42,-2.940121582031252,0.0,-3.7001805803487167,2.940121582031252,0.7600589983174646,-2.1800625837137875,1,1,0,0
343,343.0,3.43,-2.9538933105468743,0.0,-3.717617302587725,2.9538933105468743,0.7637239920408505,-2.190169318506024,1,1,0,0
344,344.0,3.44,-2.9676650390625023,-2.0002072228177394,-3.734177113917652,0.9674578162447629,0.7665120748551497,-0.20094574138961319,1,1,0,0
345,345.0,3.45,-2.9814367675781246,-2.0186156916512945,-3.7514910961330825,0.9628210759268301,0.7700543285549579,-0.19276674737187216,1,1,0,0
346,346.0,3.46,-2.9952568359375005,-2.034149110808958,-3.7663824429226245,0.9611077251285423,0.771125606985124,-0.18998211814341825,1,1,0,0
347,347.0,3.47,-3.0090769042968764,-2.0531831578619717,-3.7819199326599064,0.9558937464349047,0.7728430283630301,-0.18305071807187456,1,1,0,0
348,348.0,3.48,-3.0228969726562522,-2.0740443212688335,-3.7998734818967717,0.9488526513874187,0.7769765092405194,-0.17187614214689928,1,1,0,0
349,349.0,3.49,-3.0367170410156223,-2.0922373368767864,-3.817363683453783,0.944479704138836,0.7806466424381608,-0.16383306170067513,1,1,0,0
350,350.0,3.5,-3.0505371093749982,-2.1104186283844264,-3.8340824641614333,0.9401184809905718,0.783545354786435,-0.15657312620413677,1,1,0,0
351,351.0,3.51,-3.0644011230468777,-2.131647149223508,-3.848014374532348,0.9327539738233699,0.7836132514854701,-0.14914072233789977,1,1,0,0
352,352.0,3.52,-3.078265136718751,-2.1534479643680897,-3.8639640360062737,0.9248171723506613,0.7856988992875227,-0.13911827306313862,1,1,0,0
353,353.0,3.53,-3.0921291503906243,-2.1756539941296515,-3.8803694497100385,0.9164751562609728,0.7882402993194142,-0.12823485694155856,1,1,0,0
354,354.0,3.54,-3.1059931640624976,-2.1956206645594056,-3.898063550039952,0.910372499503092,0.7920703859774543,-0.11830211352563769,1,1,0,0
355,355.0,3.55,-3.119857177734377,-2.218939301971186,-3.9134264975630235,0.900917875763191,0.7935693198286464,-0.10734855593454462,1,1,0,0
356,356.0,3.56,-3.133760742187498,-2.239358656684371,-3.927727254830089,0.8944020855031267,0.7939665126425912,-0.1004355728605355,1,1,0,0
357,357.0,3.57,-3.147664306640624,-2.2621361661412283,-3.943992218468372,0.8855281404993955,0.7963279118277482,-0.08920022867164734,1,0,0,1
358,358.0,3.58,-3.1615678710937503,-2.283073211503898,-3.960779742624482,0.8784946595898524,0.7992118715307317,-0.0792827880591207,1,0,0,1
359,359.0,3.59,-3.1754714355468767,-2.305130519531057,-3.9787142396661337,0.8703409160158198,0.803242804119257,-0.06709811189656278,1,0,0,1
360,360.0,3.6,-3.189375000000003,-2.3295291068704267,-3.994339810956964,0.8598458931295765,0.8049648109569607,-0.05488108217261578,1,0,0,1
361,361.0,3.61,-3.2033137207031266,-2.3492995360266336,-4.009311581084543,0.854014184676493,0.8059978603814169,-0.048016324295076185,1,0,0,1
362,362.0,3.62,-3.2172524414062496,-2.3723301956088183,-4.024704173496825,0.8449222457974312,0.8074517320905752,-0.03747051370685606,1,0,0,1
363,363.0,3.63,-3.231191162109373,-2.395114179734966,-4.043792098541857,0.836076982374407,0.8126009364324842,-0.023476045941922763,1,0,0,1
364,364.0,3.64,-3.2451298828125017,-2.4169245806676565,-4.061680437263216,0.8282053021448452,0.8165505544507141,-0.011654747694131107,1,0,0,1
365,365.0,3.65,-3.259068603515625,-2.4381783932819774,-4.078560238437394,0.8208902102336477,0.8194916349217687,-0.0013985753118790356,1,0,0,1
366,366.0,3.66,-3.273038085937501,-2.4605685657694134,-4.0943048790575745,0.8124695201680874,0.8212667931200737,0.00879727295198629,1,0,0,1
367,367.0,3.67,-3.287007568359376,-2.4827591218051555,-4.111712439829236,0.8042484465542206,0.8247048714698599,0.02045642491563937,1,0,0,1
368,368.0,3.68,-3.3009770507812517,-2.503647056202629,-4.1304245163294215,0.7973299945786225,0.8294474655481698,0.03211747096954731,1,0,0,1
369,369.0,3.69,-3.3149465332031274,-2.524053870583178,-4.146450926285175,0.7908926626199495,0.831504393082048,0.04061173046209854,1,0,0,1
370,370.0,3.7,-3.328916015625003,-2.546263726771938,-4.161444830272861,0.7826522888530651,0.8325288146478576,0.0498765257947924,1,0,0,1
371,371.0,3.71,-3.3429118652343743,-2.5686617573619714,-4.1769677329574755,0.7742501078724029,0.8340558677231011,0.05980575985069825,1,0,0,1
372,372.0,3.72,-3.3569077148437523,-2.5922800671945994,-4.195151600616872,0.7646276476491529,0.8382438857731196,0.07361623812396667,1,0,0,1
373,373.0,3.73,-3.370903564453124,-2.6152139760232873,-4.214017864321806,0.7556895884298367,0.8431142998686822,0.08742471143884556,1,0,0,1
374,374.0,3.74,-3.3848994140625015,-2.6356957419000078,-4.230702172786845,0.7492036721624937,0.8458027587243437,0.09659908656185001,1,0,0,1
375,375.0,3.75,-3.3988952636718732,-2.6562202531687484,-4.2478652143050875,0.7426750105031248,0.8489699506332142,0.10629494013008944,1,0,1,0
376,376.0,3.76,-3.4129130859375025,-2.6770606054026134,-4.26269731460151,0.7358524805348892,0.8497842286640078,0.11393174812911866,1,0,1,0
377,377.0,3.77,-3.4269309082031256,-2.697331815803724,-4.279946308288311,0.7295990923994018,0.8530154000851855,0.12341630768578371,1,0,1,0
378,378.0,3.78,-3.4409487304687496,-2.718803347305037,-4.29539306646063,0.7221453831637126,0.8544443359918801,0.1322989528281675,1,0,1,0
379,379.0,3.79,-3.4549665527343727,-2.739663033646562,-4.311669412653252,0.7153035190878105,0.8567028599188795,0.14139934083106898,1,0,1,0
380,380.0,3.8,-3.468984375000002,-2.7600143710948015,-4.328794332483855,0.7089700039052005,0.8598099574838529,0.15083995357865243,1,0,1,0
381,381.0,3.81,-3.4830197753906265,-2.7794011254352315,-4.343363723391533,0.7036186499553949,0.860343948000907,0.15672529804551205,1,0,1,0
382,382.0,3.82,-3.4970551757812514,-2.7986147940777593,-4.3612674919592305,0.6984403817034921,0.8642123161779791,0.16577193447448701,1,0,1,0
383,383.0,3.83,-3.5110905761718763,-2.8189091017648367,-4.377919239322264,0.6921814744070396,0.8668286631503874,0.17464718874334784,1,0,1,0
384,384.0,3.84,-3.5251259765625007,-2.8404508518847402,-4.3938902442376735,0.6846751246777605,0.8687642676751728,0.1840891429974123,1,0,1,0
385,385.0,3.85,-3.5391613769531256,-2.8597155059117383,-4.411103415766793,0.6794458710413873,0.8719420388136676,0.1924961677722803,1,0,1,0
386,386.0,3.86,-3.5532099609375014,-2.8782677306254882,-4.4259563444223975,0.6749422303120132,0.8727463834848961,0.1978041531728829,1,0,1,0
387,387.0,3.87,-3.567258544921877,-2.898669940277897,-4.4431321557349825,0.6685886046439804,0.8758736108131053,0.20728500616912493,1,0,1,0
388,388.0,3.88,-3.581307128906247,-2.9195290425170763,-4.458507561590518,0.6617780863891705,0.8772004326842713,0.21542234629510082,1,0,1,0
389,389.0,3.89,-3.595355712890623,-2.9385386395857775,-4.475399662432529,0.6568170733048455,0.8800439495419057,0.22322687623706017,1,0,1,0
390,390.0,3.9,-3.6094042968749984,-2.9589289915408226,-4.493029302093613,0.6504753053341759,0.8836250052186148,0.2331496998844389,1,0,1,0
391,391.0,3.91,-3.6234616699218747,-2.9794769646949772,-4.5093067636990645,0.6439847052268974,0.8858450937771898,0.24186038855029235,1,0,1,0
392,392.0,3.92,-3.6375190429687514,-3.0003148012303256,-4.524554223973057,0.6372042417384258,0.8870351810043058,0.24983093926587996,1,0,1,0
393,393.0,3.93,-3.651576416015628,-3.018255962910845,-4.540318560106758,0.6333204531047829,0.8887421440911303,0.25542169098634737,1,0,1,0
394,394.0,3.94,-3.665633789062498,-3.034716868207924,-4.557173039113844,0.630916920854574,0.8915392500513462,0.2606223291967722,1,0,1,0
395,395.0,3.95,-3.679691162109375,-3.054460335567973,-4.574340562353933,0.6252308265414017,0.8946494002445577,0.26941857370315603,1,0,1,0
396,396.0,3.96,-3.6937529296875016,-3.076355272760096,-4.58916498449562,0.6173976569274058,0.8954120548081188,0.278014397880713,1,0,1,0
397,397.0,3.97,-3.7078146972656225,-3.0965657586974022,-4.603579600248237,0.6112489385682203,0.8957649029826142,0.284515964414394,1,0,1,0
398,398.0,3.98,-3.7218764648437492,-3.119448557560925,-4.62115403961356,0.602427907282824,0.899277574769811,0.29684966748698693,1,0,1,0
399,399.0,3.99,-3.735938232421876,-3.135844950220322,-4.63767497250529,0.6000932822015539,0.9017367400834142,0.3016434578818603,1,0,1,0
400,400.0,4.0,-3.750000000000002,-3.1516588182648198,-4.654969539766698,0.5983411817351825,0.9049695397666961,0.30662835803151367,1,0,1,0
401,401.0,4.01,-3.764061767578123,-3.168933539307693,-4.671196172196911,0.59512822827043,0.9071344046187879,0.3120061763483579,1,0,1,0
402,402.0,4.02,-3.77812353515625,-3.1867851118682853,-4.687866464729958,0.5913384232879646,0.9097429295737083,0.3184045062857437,1,0,1,0
403,403.0,4.03,-3.7921853027343766,-3.2019395026905024,-4.705238382369438,0.5902458000438742,0.9130530796350613,0.32280727959118716,1,0,1,0
404,404.0,4.04,-3.806247070312498,-3.2171943938815635,-4.725143954950159,0.5890526764309345,0.9188968846376611,0.32984420820672655,1,0,1,0
405,405.0,4.05,-3.8203088378906247,-3.234198499105772,-4.7430884936382345,0.5861103387848527,0.9227796557476098,0.33666931696275704,1,0,1,0
406,406.0,4.06,-3.8343662109375014,-3.2510214140326488,-4.75642216212189,0.5833447969048526,0.9220559511843884,0.3387111542795358,1,0,1,0
407,407.0,4.07,-3.8484235839843772,-3.2672080972174853,-4.7714437837158625,0.5812154867668919,0.9230201997314853,0.34180471296459336,1,0,1,0
408,408.0,4.08,-3.862480957031248,-3.2862649749803396,-4.788292034376538,0.5762159820509085,0.9258110773452901,0.3495950952943816,1,0,1,0
409,409.0,4.09,-3.8765383300781244,-3.304315260188298,-4.804988748656082,0.5722230698898265,0.9284504185779574,0.3562273486881309,1,0,1,0
410,410.0,4.1,-3.8905957031250002,-3.3190545211642686,-4.821080597807959,0.5715411819607317,0.9304848946829587,0.358943712722227,1,0,1,0
411,411.0,4.11,-3.9046442871093765,-3.3347488887057626,-4.832999213010775,0.5698953984036139,0.9283549259013988,0.35845952749778487,1,0,1,0
412,412.0,4.12,-3.918692871093752,-3.3522830186010366,-4.849671042080484,0.5664098524927152,0.930978170986732,0.3645683184940167,1,0,1,0
413,413.0,4.13,-3.932741455078122,-3.371127533744043,-4.866114091534727,0.5616139213340787,0.9333726364566051,0.37175871512252634,1,0,1,0
414,414.0,4.14,-3.946790039062498,-3.387090245359336,-4.883132047499362,0.559699793703162,0.9363420084368634,0.3766422147337014,1,0,1,0
415,415.0,4.15,-3.9608386230468735,-3.4053190607407293,-4.897548457352825,0.5555195623061442,0.9367098343059519,0.3811902719998077,1,0,1,0
416,416.0,4.16,-3.9748740234374984,-3.422951752740405,-4.910926424436291,0.5519222706970934,0.9360524009987929,0.3841301303016995,1,0,1,0
417,417.0,4.17,-3.9889094238281233,-3.438595134123105,-4.927978996764764,0.5503142897050184,0.9390695729366403,0.3887552832316219,1,0,1,0
418,418.0,4.18,-4.002944824218748,-3.455882260204739,-4.9433322706066924,0.5470625640140088,0.9403874463879447,0.3933248823739359,1,0,1,0
419,419.0,4.19,-4.016980224609373,-3.4721535360207487,-4.960335680079462,0.5448266885886244,0.9433554554700887,0.3985287668814643,1,0,1,0
420,420.0,4.2,-4.031015624999997,-3.487289001845661,-4.975573380044246,0.5437266231543356,0.944557755044249,0.4008311318899134,1,0,1,0
421,421.0,4.21,-4.045033447265626,-3.5046287948185624,-4.990844582548171,0.540404652447064,0.9458111352825442,0.4054064828354802,1,0,1,0
422,422.0,4.22,-4.05905126953125,-3.518406476405554,-5.007596070191297,0.5406447931256961,0.9485448006600468,0.40790000753435063,1,0,1,0
423,423.0,4.23,-4.0730690917968735,-3.5318663643320733,-5.022853009137477,0.5412027274648001,0.9497839173406035,0.4085811898758034,1,0,1,0
424,424.0,4.24,-4.087086914062502,-3.546764732195276,-5.038618502169201,0.5403221818672264,0.9515315881066986,0.4112094062394722,1,0,1,0
425,425.0,4.25,-4.101104736328126,-3.5623563499165543,-5.052334056661482,0.5387483864115716,0.9512293203333559,0.4124809339217843,1,0,1,0
426,426.0,4.26,-4.115100585937498,-3.5773844769218455,-5.066623230086703,0.5377161090156521,0.9515226441492057,0.4138065351335536,1,0,1,0
427,427.0,4.27,-4.1290964355468756,-3.59012499995933,-5.08310185005989,0.5389714355875457,0.9540054145130146,0.4150339789254689,1,0,1,0
428,428.0,4.28,-4.143092285156253,-3.603257567579164,-5.0986795669843055,0.5398347175770888,0.9555872818280529,0.4157525642509641,1,0,1,0
429,429.0,4.29,-4.157088134765625,-3.61727675735106,-5.113639282896404,0.5398113774145652,0.9565511481307789,0.4167397707162137,1,0,1,0
430,430.0,4.3,-4.171083984375002,-3.6309646343301187,-5.127740740804702,0.5401193500448835,0.9566567564296999,0.4165374063848164,1,0,1,0
431,431.0,4.31,-4.1850534667968775,-3.6451601153153588,-5.141888623384819,0.5398933514815187,0.9568351565879416,0.41694180510642287,1,0,1,0
432,432.0,4.32,-4.199022949218747,-3.657992594870857,-5.158703107851505,0.5410303543478903,0.9596801586327572,0.418649804284867,1,0,1,0
433,433.0,4.33,-4.2129924316406235,-3.6704969965771097,-5.1742085630517245,0.5424954350635138,0.961216131411101,0.41872069634758713,1,0,1,0
434,434.0,4.34,-4.226961914062499,-3.6820754383916316,-5.18917436247109,0.5448864756708671,0.9622124484085912,0.4173259727377241,1,0,1,0
435,435.0,4.35,-4.240931396484374,-3.6940460104856463,-5.2049007324353,0.5468853859987277,0.9639693359509263,0.41708394995219855,1,0,1,0
436,436.0,4.36,-4.254870117187497,-3.7075732796480647,-5.220798868736186,0.5472968375394327,0.965928751548689,0.41863191400925626,1,0,1,0
437,437.0,4.37,-4.268808837890626,-3.725033606023027,-5.236541796771801,0.543775231867599,0.9677329588811752,0.42395772701357615,1,0,1,0
438,438.0,4.38,-4.28274755859375,-3.741406189863118,-5.25334072711496,0.5413413687306314,0.9705931685212104,0.4292517997905789,1,0,1,0
439,439.0,4.39,-4.296686279296873,-3.7593295095838553,-5.269487723352368,0.5373567697130177,0.9728014440554951,0.43544467434247736,1,0,1,0
440,440.0,4.4,-4.310625000000003,-3.776160699736197,-5.2855286563446775,0.5344643002638056,0.9749036563446749,0.44043935608086926,1,0,1,0
441,441.0,4.41,-4.324528564453128,-3.794514681148911,-5.300152185742415,0.5300138833042167,0.9756236212892873,0.44560973798507053,1,0,1,0
442,442.0,4.42,-4.338432128906249,-3.812600908695776,-5.315775558065622,0.5258312202104731,0.9773434291593723,0.4515122089488992,1,0,1,0
443,443.0,4.43,-4.352335693359375,-3.829204796062419,-5.328808464609551,0.5231308972969564,0.976472771250176,0.45334187395321957,1,0,1,0
444,444.0,4.44,-4.366239257812501,-3.845229146128019,-5.34444946134483,0.5210101116844825,0.9782102035323286,0.45720009184784605,1,0,1,0
445,445.0,4.45,-4.380142822265622,-3.8605494537708758,-5.358859025284983,0.5195933684947462,0.9787162030193608,0.45912283452461455,1,0,1,0
446,446.0,4.46,-4.3940068359375015,-3.8761920960402203,-5.373030095302716,0.5178147398972812,0.9790232593652144,0.4612085194679332,1,0,1,0
447,447.0,4.47,-4.407870849609375,-3.892436531197783,-5.388363456712209,0.5154343184115917,0.9804926071028346,0.4650582886912429,1,0,1,0
448,448.0,4.48,-4.421734863281248,-3.9087008612128353,-5.402286960407596,0.5130340020684128,0.9805520971263482,0.4675180950579354,1,0,1,0
449,449.0,4.49,-4.435598876953128,-3.922988238907598,-5.417942148253837,0.5126106380455298,0.9823432713007092,0.46973263325517944,1,0,1,0
450,450.0,4.5,-4.449462890625001,-3.9366286796487397,-5.431350216684135,0.5128342109762611,0.9818873260591339,0.46905311508287273,1,0,1,0
451,451.0,4.51,-4.463282958984377,-3.9485787546674946,-5.445440515872216,0.5147042043168821,0.9821575568878389,0.46745335257095677,1,0,1,0
452,452.0,4.52,-4.477103027343753,-3.9618335398040445,-5.459244685379167,0.5152694875397081,0.9821416580354141,0.46687217049570595,1,0,1,0
453,453.0,4.53,-4.490923095703123,-3.9749454158848248,-5.472691631073919,0.5159776798182985,0.9817685353707954,0.465790855552497,1,0,1,0
454,454.0,4.54,-4.504743164062498,-3.985915158590536,-5.48812000861124,0.5188280054719621,0.9833768445487419,0.4645488390767798,1,0,1,0
455,455.0,4.55,-4.518563232421875,-3.994775349518603,-5.501198597673641,0.5237878829032718,0.9826353652517659,0.45884748234849404,1,0,1,0
456,456.0,4.56,-4.5323349609375025,-4.0045287203888495,-5.513960556550127,0.527806240548653,0.9816255956126243,0.4538193550639713,1,0,1,0
457,457.0,4.57,-4.546106689453125,-4.01536615418301,-5.528333178108608,0.5307405352701151,0.982226488655483,0.4514859533853679,1,0,1,0
458,458.0,4.58,-4.559878417968747,-4.025368829578899,-5.5436363061870315,0.5345095883898479,0.9837578882182845,0.4492482998284366,1,0,1,0
459,459.0,4.59,-4.5736501464843755,-4.034349445934283,-5.559460911305081,0.5393007005500925,0.9858107648207053,0.4465100642706128,1,0,1,0
460,460.0,4.6,-4.587421874999998,-4.044361744951968,-5.573710799695142,0.5430601300480298,0.9862889246951445,0.44322879464711473,1,0,1,0
461,461.0,4.61,-4.601140869140621,-4.051614011020388,-5.585909724242429,0.5495268581202328,0.9847688551018079,0.43524199698157506,1,0,1,0
462,462.0,4.62,-4.614859863281251,-4.060185939417948,-5.598602595992539,0.5546739238633034,0.9837427327112884,0.42906880884798504,1,0,1,0
463,463.0,4.63,-4.628578857421875,-4.068657878582872,-5.612550386394914,0.5599209788390027,0.9839715289730391,0.42405055013403636,1,0,1,0
464,464.0,4.64,-4.6422978515625,-4.077844868776968,-5.624686128542029,0.5644529827855314,0.9823882769795294,0.417935294193998,1,0,1,0
465,465.0,4.65,-4.656016845703123,-4.086175965987895,-5.637585251834259,0.5698408797152279,0.981568406131136,0.41172752641590815,1,0,1,0
466,466.0,4.66,-4.669678710937498,-4.092471337172791,-5.6492320043870174,0.5772073737647077,0.979553293449519,0.40234591968481137,1,0,1,0
467,467.0,4.67,-4.683340576171875,-4.097831424572392,-5.661816627073019,0.5855091515994832,0.9784760509011443,0.39296689930166107,1,0,1,0
468,468.0,4.68,-4.697002441406251,-4.103991852801394,-5.677008675323217,0.5930105886048569,0.9800062339169662,0.3869956453121093,1,0,1,0
469,469.0,4.69,-4.710664306640625,-4.111437402365788,-5.691761795601237,0.599226904274837,0.9810974889606117,0.3818705846857746,1,0,1,0
470,470.0,4.7,-4.724326171875001,-4.120121963295189,-5.704750164652331,0.6042042085798123,0.9804239927773297,0.37621978419751745,1,0,1,0
471,471.0,4.71,-4.737926513671877,-4.128827497554652,-5.715836547933944,0.6090990161172254,0.9779100342620666,0.3688110181448412,1,0,1,0
472,472.0,4.72,-4.751526855468749,-4.137902701023511,-5.7298431215056445,0.6136241544452385,0.9783162660368951,0.3646921115916566,1,0,1,0
473,473.0,4.73,-4.765127197265626,-4.145346714326906,-5.745335433934891,0.6197804829387197,0.9802082366692657,0.36042775373054603,1,0,1,0
474,474.0,4.74,-4.778727539062502,-4.154883107770464,-5.759498024960542,0.6238444312920377,0.9807704858980397,0.356926054606002,1,0,1,0
475,475.0,4.75,-4.792327880859373,-4.1650627178206765,-5.773565989519402,0.6272651630386967,0.9812381086600288,0.3539729456213321,1,0,1,0
476,476.0,4.76,-4.8058623046875,-4.173694489175442,-5.787199989255447,0.6321678155120587,0.9813376845679462,0.34916986905588754,1,0,1,0
477,477.0,4.77,-4.819396728515622,-4.182188978125988,-5.801838709195598,0.6372077503896341,0.982441980679976,0.34523423029034195,1,0,1,0
478,478.0,4.78,-4.83293115234375,-4.190295155799675,-5.8157460685449385,0.6426359965440751,0.9828149162011881,0.340178919657113,1,0,1,0
479,479.0,4.79,-4.846465576171878,-4.198246345248086,-5.828973553998712,0.6482192309237913,0.9825079778268346,0.33428874690304333,1,0,1,0
480,480.0,4.8,-4.859999999999999,-4.205610400213963,-5.842817920657032,0.6543895997860361,0.9828179206570322,0.32842832087099616,1,0,1,0
481,481.0,4.81,-4.873464111328127,-4.213014078502748,-5.853867266344421,0.6604500328253797,0.9804031550162939,0.3199531221909142,1,0,1,0
482,482.0,4.82,-4.886928222656249,-4.2216029815899505,-5.8672331452786946,0.6653252410662986,0.9803049226224454,0.31497968155614675,1,0,1,0
483,483.0,4.83,-4.900392333984378,-4.232034908497401,-5.881710810389633,0.6683574254869766,0.9813184764052547,0.3129610509182781,1,0,1,0
484,484.0,4.84,-4.9138564453125,-4.2412418599903745,-5.895311772808486,0.6726145853221253,0.9814553274959863,0.30884074217386104,1,0,1,0
485,485.0,4.85,-4.927320556640628,-4.249433555312374,-5.9067664640616435,0.6778870013282541,0.9794459074210158,0.3015589060927617,1,0,1,0
486,486.0,4.86,-4.9407099609375,-4.257460122764397,-5.920380685344103,0.6832498381731034,0.9796707244066027,0.2964208862334994,1,0,1,0
487,487.0,4.87,-4.954099365234372,-4.263707955201583,-5.9325605702355695,0.690391410032789,0.9784612050011976,0.28806979496840857,1,0,1,0
488,488.0,4.88,-4.967488769531251,-4.271818986056038,-5.945678737393279,0.6956697834752124,0.9781899678620283,0.2825201843868159,1,0,1,0
489,489.0,4.89,-4.980878173828123,-4.279383664783965,-5.958076918017235,0.7014945090441582,0.9771987441891117,0.27570423514495346,1,0,1,0
490,490.0,4.9,-4.994267578125001,-4.287178785665532,-5.971243501860221,0.7070887924594693,0.9769759237352202,0.2698871312757509,1,0,1,0
491,491.0,4.91,-5.007577880859373,-4.294371371049124,-5.984762799273267,0.7132065098102496,0.9771849184138937,0.2639784086036441,1,0,1,0
492,492.0,4.92,-5.020888183593752,-4.302130697877614,-5.996158056963685,0.7187574857161376,0.9752698733699328,0.25651238765379514,1,0,1,0
493,493.0,4.93,-5.0341984863281235,-4.309738844206891,-6.009453689766885,0.7244596421212322,0.9752552034387616,0.25079556131752945,1,0,1,0
494,494.0,4.94,-5.047508789062501,-4.318221731255454,-6.022311768116661,0.7292870578070474,0.9748029790541599,0.24551592124711252,1,0,1,0
495,495.0,4.95,-5.0608190917968745,-4.32628375591451,-6.035620698947768,0.7345353358823647,0.9748016071508934,0.24026627126852862,1,0,1,0
496,496.0,4.96,-5.074045898437501,-4.333508481653869,-6.048603830551967,0.7405374167836323,0.9745579321144655,0.23402051533083323,1,0,1,0
497,497.0,4.97,-5.0872727050781235,-4.341773982004417,-6.059555952672797,0.7454987230737062,0.9722832475946737,0.22678452452096742,1,0,1,0
498,498.0,4.98,-5.10049951171875,-4.3473049241931125,-6.072991579097442,0.7531945875256376,0.9724920673786919,0.21929747985305426,1,0,1,0
499,499.0,4.99,-5.113726318359378,-4.352454443551641,-6.0859735740682535,0.7612718748077372,0.9722472557088757,0.21097538090113854,1,0,1,0
500,500.0,5.0,-5.126953124999999,-4.357450655987165,-6.099040386122964,0.769502469012834,0.9720872611229652,0.20258479211013114,1,0,1,0
501,501.0,5.01,-5.140092041015627,-4.363592717567684,-6.110873344148793,0.7764993234479425,0.9707813031331662,0.19428197968522376,1,0,1,0
502,502.0,5.02,-5.153230957031248,-4.370815959085665,-6.122359296941708,0.7824149979455832,0.9691283399104602,0.186713341964877,1,0,1,0
503,503.0,5.03,-5.1663698730468735,-4.376223599424538,-6.1340906845401815,0.7901462736223355,0.967720811493308,0.17757453787097255,1,0,1,0
504,504.0,5.04,-5.179508789062501,-4.383907818644347,-6.14622092341013,0.7956009704181541,0.9667121343476293,0.17111116392947512,1,0,1,0
505,505.0,5.05,-5.192647705078122,-4.389214696875091,-6.1598387736242035,0.8034330082030312,0.9671910685460814,0.16375806034305018,1,0,1,0
506,506.0,5.06,-5.205694335937503,-4.393877794231203,-6.171246830327115,0.8118165417062997,0.9655524943896117,0.15373595268331197,1,0,1,0
507,507.0,5.07,-5.218740966796873,-4.398723192944229,-6.182536422369753,0.8200177738526442,0.96379545557288,0.14377768172023586,1,0,1,0
508,508.0,5.08,-5.231787597656249,-4.404366834950558,-6.1948124131609,0.8274207627056906,0.9630248155046512,0.1356040527989606,1,0,1,0
509,509.0,5.09,-5.244834228515624,-4.411448528335412,-6.208713196554106,0.8333857001802123,0.9638789680384816,0.1304932678582693,1,0,1,0
510,510.0,5.1,-5.257880859375,-4.416550249592347,-6.222431601815887,0.841330609782653,0.9645507424408875,0.1232201326582345,1,0,1,0
511,511.0,5.11,-5.270830810546873,-4.422984174562056,-6.233801022447568,0.8478466359848174,0.9629702119006947,0.1151235759158773,1,0,1,0
512,512.0,5.12,-5.283780761718747,-4.429956751731828,-6.2469734418160225,0.8538240099869192,0.9631926800972757,0.10936867011035645,1,0,1,0
513,513.0,5.13,-5.296730712890621,-4.436427646690595,-6.260051631570601,0.860303066200026,0.9633209186799796,0.10301785247995365,1,0,1,0
514,514.0,5.14,-5.309680664062501,-4.441913888104374,-6.274853653342012,0.8677667759581276,0.9651729892795107,0.0974062133213831,1,0,0,1
515,515.0,5.15,-5.322630615234375,-4.448575710461395,-6.286061313834637,0.8740549047729793,0.9634306986002619,0.08937579382728256,1,0,0,1
516,516.0,5.16,-5.3354794921875035,-4.453907772187534,-6.296314115155736,0.8815717199999691,0.9608346229682327,0.07926290296826366,1,0,0,1
517,517.0,5.17,-5.348328369140625,-4.460982061290122,-6.308102648291814,0.8873463078505033,0.9597742791511887,0.07242797130068546,1,0,0,1
518,518.0,5.18,-5.361177246093748,-4.4682296139197675,-6.320600501301711,0.8929476321739802,0.9594232552079633,0.06647562303398313,1,0,0,1
519,519.0,5.19,-5.3740261230468755,-4.473520321605534,-6.333066829728418,0.9005058014413416,0.9590407066815425,0.058534905240200885,1,0,0,1
520,520.0,5.2,-5.386874999999998,-4.480523703341818,-6.345352226505903,0.9063512966581797,0.958477226505905,0.05212592984772524,1,0,0,1
521,521.0,5.21,-5.399618408203124,-4.486674086565588,-6.3565772712467234,0.9129443216375357,0.9569588630435995,0.044014541406063756,1,0,0,1
522,522.0,5.22,-5.412361816406249,-4.493768254222706,-6.3692590165879,0.9185935621835428,0.9568972001816514,0.03830363799810854,1,0,0,1
523,523.0,5.23,-5.425105224609375,-4.498954865985717,-6.383396875270441,0.9261503586236577,0.9582916506610664,0.032141292037408675,1,0,0,1
524,524.0,5.24,-5.437848632812501,-4.504907080646904,-6.396963050760679,0.9329415521655973,0.9591144179481779,0.0261728657825806,1,0,0,1
525,525.0,5.25,-5.450592041015628,-4.5111538154270105,-6.408944334814737,0.9394382255886171,0.9583522937991091,0.01891406821049202,1,0,0,1
526,526.0,5.26,-5.4632255859375,-4.519397427149412,-6.419095447515996,0.9438281587880875,0.9558698615784964,0.012041702790408948,1,0,0,1
527,527.0,5.27,-5.475859130859374,-4.527024393961467,-6.429984895613932,0.9488347368979069,0.9541257647545578,0.005291027856650921,1,0,0,1
528,528.0,5.28,-5.488492675781253,-4.535258910444696,-6.443916863748606,0.9532337653365568,0.9554241879673526,0.0021904226307958297,1,0,0,1
529,529.0,5.29,-5.501126220703126,-4.542614719033225,-6.4554271759129405,0.9585115016699008,0.9543009552098143,-0.004210546460086562,1,0,0,1
530,530.0,5.3,-5.513759765625,-4.5481172702900645,-6.466985137952223,0.9656424953349356,0.953225372327223,-0.012417123007712583,1,0,0,1
531,531.0,5.31,-5.526279052734376,-4.555599571798309,-6.477003968447398,0.9706794809360666,0.950724915713022,-0.019954565223044618,1,0,0,1
532,532.0,5.32,-5.538798339843752,-4.562454368954444,-6.488831397994236,0.9763439708893085,0.9500330581504839,-0.026310912738824577,1,0,0,1
533,533.0,5.33,-5.551317626953123,-4.569780013391412,-6.501110737702782,0.9815376135617111,0.9497931107496589,-0.03174450281205221,1,0,0,1
534,534.0,5.34,-5.563836914062499,-4.5786129452907565,-6.512103059822048,0.9852239687717423,0.9482661457595496,-0.03695782301219275,1,0,0,1
535,535.0,5.35,-5.576356201171875,-4.58489876046294,-6.522983422932906,0.9914574407089356,0.9466272217610303,-0.04483021894790529,1,0,0,1
536,536.0,5.36,-5.588756835937499,-4.592432547845799,-6.533832455502298,0.9963242880917003,0.9450756195647996,-0.05124866852690069,1,0,0,1
537,537.0,5.37,-5.601157470703128,-4.600153570435291,-6.546920653518975,1.001003900267837,0.9457631828158473,-0.055240717451989774,1,0,0,1
538,538.0,5.38,-5.613558105468751,-4.607795965786728,-6.558203562578626,1.005762139682023,0.9446454571098748,-0.061116682572148306,1,0,0,1
539,539.0,5.39,-5.625958740234374,-4.616838720307857,-6.568230001941974,1.0091200199265167,0.9422712617076003,-0.06684875821891634,1,0,0,1
540,540.0,5.4,-5.638359375000003,-4.624313656879947,-6.577416524781535,1.0140457181200562,0.9390571497815321,-0.07498856833852408,1,0,0,1
541,541.0,5.41,-5.650636962890623,-4.630954038699518,-6.587903275212943,1.0196829241911045,0.9372663123223202,-0.08241661186878435,1,0,0,1
542,542.0,5.42,-5.662914550781248,-4.6387653522306485,-6.599084299659191,1.0241491985505995,0.9361697488779432,-0.08797944967265625,1,0,0,1
543,543.0,5.43,-5.675192138671873,-4.646383295335588,-6.610159132612751,1.028808843336285,0.9349669939408782,-0.09384184939540674,1,0,0,1
544,544.0,5.44,-5.687469726562498,-4.655167061588478,-6.621984964134635,1.0323026649740203,0.9345152375721364,-0.09778742740188395,1,0,0,1
545,545.0,5.45,-5.699747314453124,-4.663755391687365,-6.632741541966954,1.035991922765759,0.9329942275138299,-0.10299769525192914,1,1,0,0
546,546.0,5.46,-5.711897460937502,-4.67229436103253,-6.644420952712925,1.039603099904972,0.9325234917754228,-0.10707960812954909,1,1,0,0
547,547.0,5.47,-5.724047607421873,-4.68099099086208,-6.655430873171339,1.0430566165597934,0.9313832657494654,-0.11167335081032803,1,1,0,0
548,548.0,5.48,-5.7361977539062226,-4.689305430099433,-6.666224588611147,1.04689232380679,0.9300268347049245,-0.11686548910186545,1,1,0,0
549,549.0,5.49,-5.7483479003906,-4.698296678881516,-6.677034836104014,1.0500512215090838,0.9286869357134142,-0.1213642857956696,1,1,0,0
550,550.0,5.5,-5.760498046874978,-4.707213286208929,-6.688128022174078,1.053284760666049,0.9276299752991006,-0.1256547853669483,1,1,0,0
551,551.0,5.51,-5.772516357421902,-4.716384365995651,-6.699212507471449,1.056131991426251,0.9266961500495468,-0.12943584137670427,1,1,0,0
552,552.0,5.52,-5.78453466796877,-4.7244595910513105,-6.709235181780385,1.0600750769174594,0.9247005138116151,-0.13537456310584428,1,1,0,0
553,553.0,5.53,-5.7965529785156376,-4.733772628872597,-6.7190598690158785,1.0627803496430408,0.9225068905002409,-0.14027345914279987,1,1,0,0
554,554.0,5.54,-5.808571289062504,-4.744645384794957,-6.730207418645478,1.0639259042675473,0.921636129582974,-0.14228977468457327,1,1,0,0
555,555.0,5.55,-5.820589599609373,-4.753243482825654,-6.740502257412186,1.0673461167837193,0.9199126578028132,-0.1474334589809061,1,1,0,0
556,556.0,5.56,-5.832471679687503,-4.762411992545001,-6.750745131830278,1.0700596871425017,0.9182734521427749,-0.15178623499972677,1,1,0,0
557,557.0,5.57,-5.844353759765633,-4.771828680322221,-6.761121815578404,1.0725250794434125,0.9167680558127707,-0.1557570236306418,1,1,0,0
558,558.0,5.58,-5.856235839843763,-4.780418791554149,-6.772133034959412,1.0758170482896139,0.9158971951156492,-0.15991985317396473,1,1,0,0
559,559.0,5.59,-5.868117919921894,-4.789982856226374,-6.783862443739566,1.0781350636955196,0.915744523817672,-0.16239053987784757,1,1,0,0
560,560.0,5.6,-5.880000000000025,-4.798512846560019,-6.7939881094513535,1.0814871534400057,0.9139881094513287,-0.167499043988677,1,1,0,0
561,561.0,5.61,-5.891741455078133,-4.809327055207398,-6.802441811229824,1.0824143998707347,0.9107003561516906,-0.17171404371904408,1,1,0,0
562,562.0,5.62,-5.903482910156241,-4.8188409565385,-6.811487312409822,1.0846419536177416,0.9080044022535807,-0.17663755136416093,1,1,0,0
563,563.0,5.63,-5.91522436523435,-4.828632104247216,-6.820907206672244,1.0865922609871337,0.9056828414378941,-0.18090941954923956,1,1,0,0
564,564.0,5.64,-5.926965820312516,-4.839008346236392,-6.832428247532256,1.0879574740761235,0.9054624272197405,-0.18249504685638307,1,1,0,0
565,565.0,5.65,-5.938707275390624,-4.848654490920573,-6.844514916451198,1.0900527844700507,0.9058076410605738,-0.18424514340947695,1,1,0,0
566,566.0,5.66,-5.950303710937482,-4.85841097218814,-6.8531204712060605,1.0918927387493422,0.9028167602685784,-0.18907597848076385,1,1,0,0
567,567.0,5.67,-5.961900146484399,-4.868463121328426,-6.8629817183388475,1.093437025155973,0.9010815718544487,-0.19235545330152437,1,1,0,0
568,568.0,5.68,-5.973496582031258,-4.878566888326251,-6.873014554564501,1.0949296937050068,0.8995179725332436,-0.1954117211717632,1,1,0,0
569,569.0,5.69,-5.985093017578118,-4.888383780615452,-6.884151992519826,1.0967092369626652,0.899058974941708,-0.19765026202095726,1,1,0,0
570,570.0,5.7,-5.996689453124977,-4.898869239977071,-6.894411667195671,1.097820213147906,0.8977222140706944,-0.2000979990772116,1,1,0,0
571,571.0,5.71,-6.008136474609358,-4.910504861590388,-6.901629787735166,1.0976316130189705,0.8934933131258074,-0.20413829989316312,1,1,0,0
572,572.0,5.72,-6.019583496093741,-4.920583999813602,-6.909609957422968,1.0989994962801388,0.890026461329227,-0.2089730349509118,1,1,0,0
573,573.0,5.73,-6.031030517578123,-4.93206976045228,-6.918078314073962,1.0989607571258428,0.887047796495839,-0.21191296063000387,1,1,0,0
574,574.0,5.74,-6.042477539062506,-4.942977683392652,-6.930178711707455,1.0994998556698539,0.8877011726449497,-0.21179868302490412,1,1,0,0
575,575.0,5.75,-6.053924560546887,-4.9535066925052424,-6.93983364979604,1.100417868041645,0.8859090892491528,-0.2145087787924922,1,1,0,0
576,576.0,5.76,-6.065217773437508,-4.964258472666789,-6.946911254632253,1.100959300770719,0.8816934811947448,-0.21926581957597424,1,1,0,0
577,577.0,5.77,-6.076510986328129,-4.9746154997216925,-6.955608728344136,1.1018954866064368,0.8790977420160067,-0.2227977445904301,1,1,0,0
578,578.0,5.78,-6.087804199218751,-4.985801516705618,-6.966247113677495,1.1020026825131328,0.878442914458744,-0.22355976805438882,1,1,0,0
579,579.0,5.79,-6.099097412109372,-4.996019110547813,-6.976412429596326,1.1030783015615588,0.8773150174869544,-0.22576328407460444,1,1,0,0
580,580.0,5.8,-6.110390624999993,-5.006976249522433,-6.9842079871082134,1.10341437547756,0.8738173621082206,-0.22959701336933946,1,1,0,0
581,581.0,5.81,-6.121525634765624,-5.016586167417949,-6.993317267079963,1.1049394673476751,0.8717916323143386,-0.23314783503333647,1,1,0,0
582,582.0,5.82,-6.132660644531256,-5.028910099134846,-7.00102497048213,1.1037505453964105,0.868364325950874,-0.2353862194455365,1,1,0,0
583,583.0,5.83,-6.143795654296888,-5.041173133124263,-7.011615342891508,1.1026225211726244,0.8678196885946203,-0.23480283257800405,1,1,0,0
584,584.0,5.84,-6.15493066406252,-5.051914871048959,-7.021046447131406,1.1030157930135607,0.8661157830688859,-0.23690000994467475,1,1,0,0
585,585.0,5.85,-6.166065673828152,-5.063807840602877,-7.030132501615038,1.1022578332252753,0.8640668277868864,-0.2381910054383889,1,1,0,0
586,586.0,5.86,-6.17703808593751,-5.075871196221333,-7.038657779947191,1.1011668897161773,0.861619694009681,-0.2395471957064963,1,1,0,0
587,587.0,5.87,-6.188010498046869,-5.08836177041776,-7.047648890278247,1.0996487276291091,0.8596383922313784,-0.24001033539773076,1,1,0,0
588,588.0,5.88,-6.198982910156227,-5.0999207304207435,-7.057147257463841,1.0990621797354834,0.8581643473076142,-0.24089783242786922,1,1,0,0
589,589.0,5.89,-6.2099553222656425,-5.110639062952404,-7.0656249602592265,1.0993162593132384,0.855669637993584,-0.24364662131965442,1,1,0,0
590,590.0,5.9,-6.220927734375001,-5.122599827050299,-7.073850692306458,1.0983279073247028,0.8529229579314563,-0.24540494939324642,1,1,0,0
591,591.0,5.91,-6.231733154296859,-5.134094450243336,-7.082839921696827,1.097638704053523,0.8511067673999682,-0.24653193665355477,1,1,0,0
592,592.0,5.92,-6.242538574218774,-5.147128638984948,-7.092590486975072,1.0954099352338256,0.8500519127562987,-0.24535802247752692,1,1,0,0
593,593.0,5.93,-6.253343994140631,-5.160063567933255,-7.102468984989529,1.093280426207376,0.8491249908488978,-0.24415543535847828,1,1,0,0
594,594.0,5.94,-6.264149414062488,-5.170627476513395,-7.110719257715117,1.0935219375490934,0.8465698436526292,-0.24695209389646422,1,1,0,0
595,595.0,5.95,-6.2749548339844035,-5.18382607008837,-7.1196568878214,1.0911287638960339,0.8447020538369969,-0.24642671005903694,1,1,0,0
596,596.0,5.96,-6.2855888671874744,-5.196829930974845,-7.129103137625935,1.0887589362126295,0.8435142704384608,-0.2452446657741687,1,1,0,0
597,597.0,5.97,-6.296222900390604,-5.210468089486043,-7.138102327266429,1.085754810904561,0.841879426875825,-0.243875384028736,1,1,0,0
598,598.0,5.98,-6.306856933593733,-5.223888343630306,-7.146585098608446,1.0829685899634267,0.839728165014713,-0.24324042494871367,1,1,0,0
599,599.0,5.99,-6.3174909667968615,-5.235873879370481,-7.154673216394857,1.0816170874263804,0.8371822495979959,-0.2444348378283845,1,1,0,0
600,600.0,6.0,-6.32812499999999,-5.247906088821503,-7.164239194098676,1.0802189111784877,0.8361141940986858,-0.24410471707980186,1,1,0,0
601,601.0,6.01,-6.338583251953106,-5.2612231181730715,-7.171319443027857,1.0773601337800347,0.8327361910747504,-0.24462394270528431,1,1,0,0
602,602.0,6.02,-6.349041503906222,-5.2758066836747295,-7.180332225959973,1.0732348202314927,0.8312907220537511,-0.24194409817774165,1,1,0,0
603,603.0,6.03,-6.359499755859396,-5.288260158234503,-7.188738091635597,1.071239597624893,0.8292383357762008,-0.2420012618486922,1,1,0,0
604,604.0,6.04,-6.369958007812512,-5.300427635449174,-7.197811033612594,1.0695303723633378,0.8278530258000822,-0.24167734656325557,1,1,0,0
605,605.0,6.05,-6.380416259765627,-5.313864442489659,-7.205917498054837,1.0665518172759683,0.8255012382892097,-0.24105057898675852,1,1,0,0
606,606.0,6.06,-6.390694335937503,-5.327152537652762,-7.214743144255117,1.0635417982847404,0.8240488083176141,-0.2394929899671263,1,1,0,0
607,607.0,6.07,-6.400972412109378,-5.34105577794951,-7.223132335274101,1.059916634159868,0.8221599231647225,-0.2377567109951455,1,1,0,0
608,608.0,6.08,-6.4112504882812535,-5.3530124430560075,-7.23029489226466,1.058238045225246,0.8190444039834066,-0.2391936412418394,1,1,0,0
609,609.0,6.09,-6.421528564453129,-5.365715003632958,-7.238592273658774,1.0558135608201713,0.8170637092056445,-0.23874985161452678,1,1,0,0
610,610.0,6.1,-6.4318066406250045,-5.37921673390384,-7.246865353114412,1.0525899067211641,0.8150587124894075,-0.23753119423175661,1,1,0,0
611,611.0,6.11,-6.441900146484354,-5.391149044233632,-7.255531744829051,1.0507511022507217,0.8136315983446973,-0.23711950390602432,1,1,0,0
612,612.0,6.12,-6.451993652343761,-5.403614550948637,-7.263869059962383,1.048379101395124,0.8118754076186221,-0.23650369377650193,1,1,0,0
613,613.0,6.13,-6.462087158203112,-5.4171128626322975,-7.2714833182101115,1.0449742955708148,0.8093961600069992,-0.23557813556381557,1,1,0,0
614,614.0,6.14,-6.4721806640625195,-5.429876676260853,-7.279743526016534,1.0423039878016667,0.8075628619540147,-0.23474112584765194,1,1,0,0
615,615.0,6.15,-6.48227416992187,-5.443499582267809,-7.288626610418106,1.0387745876540606,0.8063524404962363,-0.23242214715782428,1,1,0,0
616,616.0,6.16,-6.492178710937524,-5.455828687684854,-7.296571102539153,1.0363500232526697,0.8043923916016293,-0.23195763165104033,1,1,0,0
617,617.0,6.17,-6.502083251953122,-5.468870426421415,-7.301774172794535,1.0332128255317068,0.7996909208414129,-0.23352190469029388,1,1,0,0
618,618.0,6.18,-6.511987792968777,-5.4831352535883084,-7.310595687427609,1.0288525393804688,0.798607894458832,-0.23024464492163688,1,1,0,0
619,619.0,6.19,-6.521892333984374,-5.495184098224986,-7.321595239641418,1.0267082357593873,0.7997029056570444,-0.22700533010234292,1,1,0,0
620,620.0,6.2,-6.531796874999972,-5.509264581035733,-7.330472607301815,1.0225322939642387,0.7986757323018434,-0.22385656166239531,1,1,0,0
621,621.0,6.21,-6.541508056640646,-5.522788126475145,-7.33779303558267,1.018719930165501,0.7962849789420234,-0.22243495122347756,1,1,0,0
622,622.0,6.22,-6.551219238281265,-5.537693098835613,-7.345337980460579,1.013526139445652,0.7941187421793146,-0.2194073972663375,1,1,0,0
623,623.0,6.23,-6.560930419921882,-5.552281589521885,-7.353119776569638,1.0086488303999968,0.7921893566477562,-0.2164594737522405,1,1,0,0
624,624.0,6.24,-6.5706416015624995,-5.565660143297839,-7.361781980552197,1.0049814582646608,0.7911403789896978,-0.213841079274963,1,1,0,0
625,625.0,6.25,-6.580352783203117,-5.580224866636088,-7.3706048336956975,1.0001279165670294,0.7902520504925805,-0.20987586607444886,1,1,0,0
626,626.0,6.26,-6.589866210937527,-5.59516467937654,-7.376995683810341,0.9947015315609864,0.787129472872814,-0.2075720586881724,1,1,0,0
627,627.0,6.27,-6.59937963867188,-5.61024876433165,-7.3847982430773325,0.9891308743402298,0.7854186044054527,-0.2037122699347771,1,1,0,0
628,628.0,6.28,-6.608893066406232,-5.624367987412694,-7.394113094340395,0.9845250789935376,0.7852200279341632,-0.19930505105937435,1,1,0,0
629,629.0,6.29,-6.618406494140642,-5.636740088551701,-7.402267084563523,0.9816664055889417,0.7838605904228801,-0.19780581516606155,1,1,0,0
630,630.0,6.3,-6.627919921874995,-5.650423404825539,-7.411187868096607,0.9774965170494561,0.7832679462216117,-0.1942285708278444,1,1,0,0
631,631.0,6.31,-6.637231201171855,-5.664655907788018,-7.41743421323913,0.9725752933838372,0.7802030120672754,-0.1923722813165618,1,1,0,0
632,632.0,6.32,-6.646542480468773,-5.678825242165426,-7.425511502758052,0.9677172383033472,0.7789690222892789,-0.18874821601406833,1,1,0,0
633,633.0,6.33,-6.655853759765634,-5.6932824187466915,-7.434355583748136,0.9625713410189425,0.7785018239825021,-0.18406951703644037,1,1,0,0
634,634.0,6.34,-6.665165039062495,-5.706572589581446,-7.441577359813653,0.9585924494810483,0.7764123207511586,-0.18218012872988965,1,1,0,0
635,635.0,6.35,-6.674476318359355,-5.72197107492944,-7.447756134862301,0.9525052434299148,0.7732798165029457,-0.17922542692696908,1,1,0,0
636,636.0,6.36,-6.6835810546874965,-5.735992897266312,-7.453317175972802,0.9475881574211842,0.7697361212853053,-0.17785203613587885,1,1,0,0
637,637.0,6.37,-6.692685791015637,-5.751752056745345,-7.461250731702919,0.9409337342702919,0.7685649406872823,-0.1723687935830096,1,1,0,0
638,638.0,6.38,-6.701790527343778,-5.766349113497927,-7.469359512256462,0.9354414138458518,0.7675689849126837,-0.16787242893316812,1,1,0,0
639,639.0,6.39,-6.710895263671862,-5.780888730455015,-7.476593149943375,0.9300065332168472,0.7656978862715134,-0.16430864694533387,1,1,0,0
640,640.0,6.4,-6.720000000000003,-5.7956738947405,-7.48342140261443,0.9243261052595031,0.7634214026144264,-0.16090470264507672,1,1,0,0
641,641.0,6.41,-6.72889379882814,-5.809027310124657,-7.490506458478229,0.9198664887034829,0.7616126596500887,-0.15825382905339413,1,1,0,0
642,642.0,6.42,-6.737787597656277,-5.82387571171518,-7.499874541074573,0.9139118859410971,0.7620869434182955,-0.15182494252280154,1,1,0,0
643,643.0,6.43,-6.746681396484356,-5.838987199613216,-7.508678523992835,0.9076941968711401,0.7619971275084785,-0.14569706936266158,1,1,0,0
644,644.0,6.44,-6.755575195312494,-5.853172297882331,-7.515646044378518,0.9024028974301626,0.7600708490660244,-0.14233204836413815,1,1,0,0
645,645.0,6.45,-6.764468994140629,-5.866671951166533,-7.521616939641457,0.897797042974096,0.7571479455008276,-0.14064909747326837,1,1,0,0
646,646.0,6.46,-6.773147460937478,-5.88003694926901,-7.527473392238075,0.8931105116684686,0.7543259313005972,-0.13878458036787134,1,1,0,0
647,647.0,6.47,-6.781825927734382,-5.895015799070803,-7.538792863927229,0.886810128663579,0.756966936192847,-0.12984319247073195,1,1,0,0
648,648.0,6.48,-6.79050439453123,-5.908900213320785,-7.546927148457599,0.8816041812104451,0.756422753926369,-0.1251814272840761,1,1,0,0
649,649.0,6.49,-6.799182861328136,-5.920982823483654,-7.55387906259766,0.8782000378444819,0.7546962012695237,-0.12350383657495811,1,1,0,0
650,650.0,6.5,-6.807861328124983,-5.934053166953938,-7.559998967275987,0.8738081611710449,0.7521376391510035,-0.12167052202004136,1,1,0,0
651,651.0,6.51,-6.8163200683593725,-5.949076657838273,-7.565065983456052,0.8672434105210991,0.7487459150966798,-0.11849749542441934,1,1,0,0
652,652.0,6.52,-6.82477880859376,-5.963067741567145,-7.57216102930849,0.861711067026615,0.74738222071473,-0.114328846311885,1,1,0,0
653,653.0,6.53,-6.83323754882815,-5.977378719257319,-7.580513165145865,0.8558588295708303,0.7472756163177152,-0.10858321325311504,1,1,0,0
654,654.0,6.54,-6.84169628906248,-5.992268926515522,-7.585050240018558,0.8494273625469582,0.7433539509560774,-0.1060734115908808,1,1,0,0
655,655.0,6.55,-6.85015502929687,-6.005804567834606,-7.592285778891278,0.8443504614622634,0.7421307495944083,-0.10221971186785517,1,1,0,0
656,656.0,6.56,-6.858389648437515,-6.020066250022512,-7.601239478437564,0.8383233984150031,0.7428498300000488,-0.09547356841495436,1,0,0,1
657,657.0,6.57,-6.866624267578102,-6.033358753442249,-7.608501724556922,0.8332655141358529,0.7418774569788207,-0.09138805715703224,1,0,0,1
658,658.0,6.58,-6.874858886718747,-6.046219120187178,-7.616090563995249,0.8286397665315688,0.7412316772765024,-0.08740808925506638,1,0,0,1
659,659.0,6.59,-6.883093505859392,-6.060831389971322,-7.622807642174856,0.8222621158880701,0.739714136315464,-0.08254797957260607,1,0,0,1
660,660.0,6.6,-6.89132812499998,-6.07501659604978,-7.630012653225826,0.8163115289501999,0.7386845282258463,-0.07762700072435358,1,0,0,1
661,661.0,6.61,-6.899334228515653,-6.08973276078291,-7.6347113870380445,0.809601467732743,0.7353771585223914,-0.07422430921035161,1,0,0,1
662,662.0,6.62,-6.90734033203127,-6.102720595401048,-7.6419342855213515,0.8046197366302215,0.7345939534900818,-0.07002578314013963,1,0,0,1
663,663.0,6.63,-6.915346435546886,-6.116058111763591,-7.6468195831682895,0.7992883237832951,0.7314731476214034,-0.0678151761618917,1,0,0,1
664,664.0,6.64,-6.923352539062503,-6.128660588471105,-7.6529579868110735,0.7946919505913979,0.729605447748571,-0.06508650284282691,1,0,0,1
665,665.0,6.65,-6.931358642578119,-6.141868172819478,-7.660576642768341,0.7894904697586407,0.7292180001902215,-0.06027246956841914,1,0,0,1
666,666.0,6.66,-6.93913183593748,-6.154870076054338,-7.666759716231626,0.7842617598831421,0.727627880294146,-0.05663387958899602,1,0,0,1
667,667.0,6.67,-6.9469050292968975,-6.169944976199016,-7.6720001178152515,0.7769600530978815,0.725095088518354,-0.051864964579527495,1,0,0,1
668,668.0,6.68,-6.954678222656257,-6.182443771684895,-7.676606924389719,0.7722344509713626,0.7219287017334617,-0.050305749237900876,1,0,0,1
669,669.0,6.69,-6.962451416015619,-6.194398080681183,-7.683712592533785,0.7680533353344359,0.7212611765181656,-0.0467921588162703,1,0,0,1
670,670.0,6.7,-6.97022460937498,-6.208160607043388,-7.690047668035822,0.7620640023315914,0.7198230586608423,-0.042240943670749154,1,0,0,1
671,671.0,6.71,-6.977760498046856,-6.22105400166643,-7.6953554265187645,0.756706496380426,0.7175949284719083,-0.039111567908517664,1,0,0,1
672,672.0,6.72,-6.985296386718733,-6.234574901893957,-7.7008725897003805,0.7507214848247763,0.715576202981647,-0.03514528184312926,1,0,0,1
673,673.0,6.73,-6.992832275390611,-6.2462436742279035,-7.706177122193158,0.7465886011627072,0.7133448468025474,-0.033243754360159805,1,0,0,1
674,674.0,6.74,-7.000368164062488,-6.259582020470997,-7.713259659633917,0.7407861435914906,0.7128914955714292,-0.027894648020061474,1,0,0,1
675,675.0,6.75,-7.007904052734365,-6.273020951900868,-7.721241832790976,0.7348831008334971,0.7133377800566105,-0.021545320776886534,1,0,0,1
676,676.0,6.76,-7.015198242187474,-6.286741487465626,-7.727221197797422,0.7284567547218481,0.7120229556099478,-0.01643379911190035,1,0,0,1
677,677.0,6.77,-7.02249243164064,-6.299082918042285,-7.733826717241977,0.7234095135983551,0.7113342856013363,-0.012075227997018878,1,0,0,1
678,678.0,6.78,-7.02978662109375,-6.311618536536962,-7.740592721664986,0.7181680845567886,0.7108061005712356,-0.007361983985552989,1,0,0,1
679,679.0,6.79,-7.037080810546859,-6.3234613424544595,-7.7491769512845705,0.7136194680924,0.7120961407377111,-0.0015233273546888526,1,0,0,1
680,680.0,6.8,-7.044375000000026,-6.336772607900192,-7.755767529825071,0.707602392099834,0.7113925298250443,0.0037901377252103075,1,0,0,1
681,681.0,6.81,-7.051423095703139,-6.349116848158976,-7.761830948134315,0.702306247544163,0.7104078524311754,0.008101604887012392,1,0,0,1
682,682.0,6.82,-7.0584711914062535,-6.361130528024789,-7.769552745804696,0.697340663381464,0.7110815543984428,0.013740891016978729,1,0,0,1
683,683.0,6.83,-7.065519287109367,-6.374221800489507,-7.778396808691376,0.6912974866198596,0.7128775215820093,0.021580034962149774,1,0,0,1
684,684.0,6.84,-7.072567382812481,-6.385870872369365,-7.787167495518982,0.6866965104431157,0.7146001127065009,0.027903602263385174,1,0,0,1
685,685.0,6.85,-7.079615478515652,-6.398925084480842,-7.793660831748778,0.6806903940348104,0.7140453532331259,0.03335495919831555,1,0,0,1
686,686.0,6.86,-7.086413085937486,-6.411282121136107,-7.797057681329982,0.6751309648013786,0.7106445953924965,0.035513630591117895,1,0,0,1
687,687.0,6.87,-7.093210693359376,-6.423372396651909,-7.8032354960480825,0.669838296707467,0.7100248026887064,0.04018650598123941,1,0,0,1
688,688.0,6.88,-7.100008300781267,-6.4355326957995045,-7.808636551011853,0.6644756049817628,0.7086282502305856,0.044152645248822786,1,0,0,1
689,689.0,6.89,-7.106805908203101,-6.446895597866973,-7.8143865441266955,0.6599103103361275,0.7075806359235948,0.04767032558746731,1,0,0,1
690,690.0,6.9,-7.113603515624992,-6.458423056996539,-7.818738276923314,0.6551804586284531,0.7051347612983223,0.04995430266986922,1,0,0,1
691,691.0,6.91,-7.120146240234375,-6.4699555348179585,-7.82312968699883,0.6501907054164162,0.7029834467644553,0.05279274134803913,1,0,0,1
692,692.0,6.92,-7.126688964843759,-6.481825207714937,-7.829740635566566,0.6448637571288218,0.7030516707228065,0.058187913593984675,1,0,0,1
693,693.0,6.93,-7.133231689453143,-6.492226924256704,-7.837232507346322,0.6410047651964392,0.7040008178931787,0.06299605269673947,1,0,0,1
694,694.0,6.94,-7.139774414062526,-6.5035136949173635,-7.842481862792712,0.6362607191451621,0.7027074487301865,0.0664467295850244,1,0,0,1
695,695.0,6.95,-7.146317138671852,-6.515714089775163,-7.846604978627548,0.6306030488966883,0.7002878399556964,0.06968479105900816,1,0,0,1
696,696.0,6.96,-7.1526005859375,-6.526206883243659,-7.849644332332666,0.6263937026938411,0.697043746395166,0.07065004370132488,1,0,0,1
697,697.0,6.97,-7.158884033203149,-6.537306464635287,-7.8557481901083985,0.6215775685678624,0.6968641569052494,0.075286588337387,1,0,0,1
698,698.0,6.98,-7.165167480468741,-6.546642835068533,-7.85969434602639,0.6185246454002078,0.6945268655576493,0.07600222015744151,1,0,0,1
699,699.0,6.99,-7.171450927734388,-6.5562748062702365,-7.864719081769276,0.6151761214641516,0.6932681540348877,0.07809203257073616,1,0,0,1
700,700.0,7.0,-7.17773437499998,-6.566379970636127,-7.868855360707333,0.6113544043638521,0.6911209857073537,0.07976658134350156,1,0,0,1
701,701.0,7.01,-7.183754150390609,-6.577338636479747,-7.873966006742749,0.6064155139108616,0.69021185635214,0.08379634244127843,1,0,0,1
702,702.0,7.02,-7.189773925781236,-6.587782929493957,-7.878826739667099,0.6019909962872791,0.6890528138858629,0.08706181759858378,1,0,0,1
703,703.0,7.03,-7.195793701171866,-6.5988852866211625,-7.883782421059259,0.5969084145507031,0.6879887198873931,0.09108030533668998,1,0,0,1
704,704.0,7.04,-7.201813476562495,-6.608885646021347,-7.886898265365934,0.5929278305411474,0.6850847888034393,0.09215695826229187,1,0,0,1
705,705.0,7.05,-7.207833251953122,-6.619082686576799,-7.890646042318463,0.5887505653763236,0.6828127903653405,0.09406222498901684,1,0,0,1
706,706.0,7.06,-7.213584960937505,-6.6317739306068795,-7.895969442516381,0.5818110303306252,0.6823844815788762,0.10057345124825101,1,0,1,0
707,707.0,7.07,-7.219336669921886,-6.6431416635039415,-7.8996105214619385,0.5761950064179446,0.6802738515400524,0.10407884512210774,1,0,1,0
708,708.0,7.08,-7.2250883789062685,-6.653727926594294,-7.904104783173955,0.5713604523119749,0.6790164042676867,0.10765595195571187,1,0,1,0
709,709.0,7.09,-7.230840087890649,-6.664172067243785,-7.908624627288402,0.5666680206468637,0.6777845393977531,0.11111651875088935,1,0,1,0
710,710.0,7.1,-7.236591796874975,-6.674345770539945,-7.913332300718394,0.5622460263350293,0.6767405038434191,0.11449447750838981,1,0,1,0
711,711.0,7.11,-7.242071044921881,-6.6849340316193855,-7.9207810469733735,0.5571370133024951,0.6787100020514929,0.1215729887489978,1,0,1,0
712,712.0,7.12,-7.247550292968731,-6.695807240499668,-7.926819133179892,0.5517430524690639,0.6792688402111606,0.12752578774209677,1,0,1,0
713,713.0,7.13,-7.253029541015639,-6.704398561112421,-7.930918366460904,0.5486309799032183,0.6778888254452653,0.129257845542047,1,0,1,0
714,714.0,7.14,-7.258508789062488,-6.713898427387024,-7.9364477646265925,0.5446103616754643,0.6779389755641043,0.13332861388864004,1,0,1,0
715,715.0,7.15,-7.263988037109396,-6.722909579459522,-7.942727423070968,0.5410784576498742,0.6787393859615722,0.13766092831169807,1,0,1,0
716,716.0,7.16,-7.269190429687487,-6.7313961703102025,-7.950072505560103,0.5377942593772849,0.6808820758726153,0.14308781649533042,1,0,1,0
717,717.0,7.17,-7.274392822265635,-6.7427911660212265,-7.954590205713979,0.5316016562444084,0.6801973834483439,0.14859572720393555,1,0,1,0
718,718.0,7.18,-7.2795952148437255,-6.751557334182286,-7.959312287050887,0.5280378806614392,0.6797170722071613,0.15167919154572207,1,0,1,0
719,719.0,7.19,-7.284797607421874,-6.759978204461465,-7.965223413794229,0.524819402960409,0.6804258063723552,0.1556064034119462,1,0,1,0
720,720.0,7.2,-7.290000000000022,-6.769354031082661,-7.97311016093026,0.5206459689173615,0.6831101609302381,0.16246419201287665,1,0,1,0
721,721.0,7.21,-7.294921142578125,-6.7769149929811805,-7.975865948326195,0.5180061495969444,0.6809448057480703,0.1629386561511259,1,0,1,0
722,722.0,7.22,-7.29984228515623,-6.786780828857319,-7.9790080524441045,0.5130614562989111,0.6791657672878744,0.16610431098896328,1,0,1,0
723,723.0,7.23,-7.304763427734391,-6.7942598974354595,-7.983095570247034,0.5105035302989318,0.6783321425126427,0.16782861221371093,1,0,1,0
724,724.0,7.24,-7.309684570312497,-6.802801363012493,-7.987907586746443,0.506883207300004,0.6782230164339467,0.17133980913394264,1,0,1,0
725,725.0,7.25,-7.314605712890599,-6.811504429548818,-7.991090570587087,0.5031012833417812,0.6764848576964875,0.1733835743547063,1,0,1,0
726,726.0,7.26,-7.31924121093749,-6.821308515797041,-7.994801686821917,0.4979326951404488,0.6755604758844278,0.177627780743979,1,0,1,0
727,727.0,7.27,-7.323876708984381,-6.829520720747781,-7.997935817680235,0.49435598823659976,0.6740591086958538,0.17970312045925407,1,0,1,0
728,728.0,7.28,-7.328512207031269,-6.839433457877313,-8.00083260465772,0.48907874915395677,0.6723203976264509,0.18324164847249413,1,0,1,0
729,729.0,7.29,-7.333147705078103,-6.848591059815478,-8.00593168556949,0.4845566452626251,0.6727839804913867,0.18822733522876156,1,0,1,0
730,730.0,7.3,-7.337783203124993,-6.855525172706023,-8.009038920106184,0.4822580304189703,0.6712557169811904,0.18899768656222005,1,0,1,0
731,731.0,7.31,-7.342128662109385,-6.863209250755867,-8.012473610656492,0.4789194113535178,0.6703449485471076,0.1914255371935898,1,0,1,0
732,732.0,7.32,-7.3464741210937765,-6.870166047647299,-8.016132176047009,0.47630807344647774,0.6696580549532323,0.19334998150675453,1,0,1,0
733,733.0,7.33,-7.35081958007811,-6.878418493089694,-8.018347341720293,0.4724010869884161,0.6675277616421829,0.19512667465376676,1,0,1,0
734,734.0,7.34,-7.355165039062502,-6.886029276768374,-8.022353714960076,0.4691357622941279,0.6671886758975738,0.1980529136034459,1,0,1,0
735,735.0,7.35,-7.359510498046893,-6.894064625903029,-8.025711759684876,0.4654458721438637,0.6662012616379833,0.20075538949411964,1,0,1,0
736,736.0,7.36,-7.363561523437501,-6.9028009213153,-8.029030854789585,0.4607606021222015,0.6654693313520843,0.2047087292298828,1,0,1,0
737,737.0,7.37,-7.36761254882811,-6.910301377549583,-8.031523192547365,0.45731117127852716,0.6639106437192543,0.20659947244072718,1,0,1,0
738,738.0,7.38,-7.371663574218775,-6.918390481405701,-8.035131826248028,0.45327309281307393,0.6634682520292534,0.21019515921617948,1,0,1,0
739,739.0,7.39,-7.375714599609383,-6.927126001255596,-8.039147386465213,0.44858859835378695,0.6634327868558305,0.21484418850204356,1,0,1,0
740,740.0,7.4,-7.379765624999991,-6.9354220023466535,-8.04210396115787,0.4443436226533377,0.6623383361578794,0.2179947135045417,1,0,1,0
741,741.0,7.41,-7.383517822265645,-6.942284617667524,-8.044740990114637,0.4412332045981211,0.6612231678489913,0.21998996325087017,1,0,1,0
742,742.0,7.42,-7.387270019531242,-6.94908824053996,-8.047421502919343,0.4381817789912823,0.660151483388101,0.22196970439681873,1,0,1,0
743,743.0,7.43,-7.391022216796898,-6.9564062652379395,-8.05112268219169,0.4346159515589587,0.6601004653947911,0.22548451383583235,1,0,1,0
744,744.0,7.44,-7.394774414062494,-6.963850775470752,-8.053702528588266,0.4309236385917412,0.6589281145257724,0.22800447593403117,1,0,1,0
745,745.0,7.45,-7.398526611328149,-6.970576779100604,-8.056143448634689,0.42794983222754546,0.6576168373065396,0.22966700507899418,1,0,1,0
746,746.0,7.46,-7.4019755859375085,-6.978939219751915,-8.058515822007145,0.4230363661855936,0.6565402360696364,0.23350386988404281,1,0,1,0
747,747.0,7.47,-7.405424560546868,-6.9854894657675235,-8.061876053040173,0.4199350947793441,0.6564514924933054,0.23651639771396127,1,0,1,0
748,748.0,7.48,-7.408873535156227,-6.991852732302883,-8.067905089451825,0.41702080285334375,0.6590315542955985,0.2420107514422547,1,0,1,0
749,749.0,7.49,-7.412322509765643,-6.998171158998074,-8.071972211160748,0.41415135076756826,0.6596497013951055,0.24549835062753722,1,0,1,0
750,750.0,7.5,-7.415771484375003,-7.00582597313514,-8.076776268366984,0.40994551123986245,0.6610047839919817,0.25105927275211926,1,0,1,0
751,751.0,7.51,-7.418912841796895,-7.013408027607715,-8.07943225575223,0.4055048141891797,0.6605194139553356,0.2550145997661559,1,0,1,0
752,752.0,7.52,-7.4220541992187306,-7.018683608781169,-8.084417867195778,0.40337059043756174,0.6623636679770479,0.2589930775394862,1,0,1,0
753,753.0,7.53,-7.425195556640625,-7.024369989112537,-8.088792168797825,0.40082556752808784,0.6635966121572006,0.2627710446291127,1,0,1,0
754,754.0,7.54,-7.428336914062517,-7.029214210140539,-8.092004125630838,0.3991227039219778,0.6636672115683213,0.2645445076463435,1,0,1,0
755,755.0,7.55,-7.431478271484354,-7.0370908177552876,-8.0950925757123,0.3943874537290668,0.6636143042279459,0.26922685049887907,1,0,1,0
756,756.0,7.56,-7.434307617187496,-7.04538605980452,-8.098624749321582,0.38892155738297607,0.6643171321340855,0.27539557475110943,1,0,1,0
757,757.0,7.57,-7.437136962890641,-7.052177146208794,-8.103238501328143,0.38495981668184687,0.666101538437502,0.2811417217556551,1,0,1,0
758,758.0,7.58,-7.439966308593726,-7.058414100465225,-8.104159707946014,0.3815522081285003,0.6641933993522882,0.28264119122378784,1,0,1,0
759,759.0,7.59,-7.4427956542968685,-7.065775497710598,-8.10566440518122,0.3770201565862701,0.6628687508843507,0.2858485942980806,1,0,1,0
760,760.0,7.6,-7.445625000000012,-7.072073556001972,-8.108307557491552,0.3735514439980401,0.6626825574915394,0.2891311134934993,1,0,1,0
761,761.0,7.61,-7.44813793945312,-7.079768533100049,-8.110368024037387,0.3683694063530707,0.6622300845842668,0.2938606782311961,1,0,1,0
762,762.0,7.62,-7.450650878906228,-7.086041318825717,-8.112786622371527,0.3646095600805115,0.6621357434652984,0.29752618338478687,1,0,1,0
763,763.0,7.63,-7.453163818359393,-7.092859139058318,-8.113770668378741,0.36030467930107424,0.6606068500193487,0.3003021707182745,1,0,1,0
764,764.0,7.64,-7.455676757812501,-7.0988495283450135,-8.115946494910933,0.3568272294674877,0.6602697370984316,0.30344250763094394,1,0,1,0
765,765.0,7.65,-7.458189697265609,-7.1047851007626885,-8.116413434407404,0.3534045965029202,0.6582237371417952,0.30481914063887494,1,0,1,0
766,766.0,7.66,-7.460381835937511,-7.1130698131449375,-8.118786531481877,0.34731202279257367,0.6584046955443661,0.3110926727517924,1,0,1,0
767,767.0,7.67,-7.462573974609357,-7.1197511485253395,-8.12039750100232,0.34282282608401715,0.6578235263929626,0.31500070030894545,1,0,1,0
768,768.0,7.68,-7.46476611328126,-7.125878229149113,-8.12190936910462,0.33888788413214677,0.6571432558233594,0.31825537169121265,1,0,1,0
769,769.0,7.69,-7.4669582519531055,-7.133006938572956,-8.122876491601918,0.3339513133801493,0.6559182396488126,0.3219669262686633,1,0,1,0
770,770.0,7.7,-7.469150390625008,-7.139800703010899,-8.12460711110861,0.32934968761410843,0.6554567204836017,0.3261070328694933,1,0,1,0
771,771.0,7.71,-7.471017333984364,-7.148165924963271,-8.126505247341766,0.32285140902109344,0.6554879133574021,0.33263650433630865,1,0,1,0
772,772.0,7.72,-7.472884277343778,-7.15422664828279,-8.125981443605163,0.31865762906098816,0.6530971662613849,0.33443953720039676,1,0,1,0
773,773.0,7.73,-7.4747512207031335,-7.159940801545278,-8.12678370033082,0.31481041915785557,0.6520324796276871,0.3372220604698315,1,0,1,0
774,774.0,7.74,-7.476618164062488,-7.165644714483783,-8.127450525488348,0.31097344957870554,0.6508323614258593,0.3398589118471538,1,0,1,0
775,775.0,7.75,-7.478485107421901,-7.17004117427653,-8.129376999778204,0.30844393314537033,0.6508918923563032,0.34244795921093285,1,0,1,0
776,776.0,7.76,-7.480022460937482,-7.17595791728734,-8.131017923739416,0.3040645436501421,0.6509954628019337,0.34693091915179153,1,0,1,0
777,777.0,7.77,-7.481559814453121,-7.181446641334309,-8.131455927560545,0.30011317311881136,0.6498961131074239,0.34978293998861254,1,0,1,0
778,778.0,7.78,-7.48309716796876,-7.187026890431305,-8.131997824497136,0.29607027753745463,0.6489006565283759,0.3528303789909213,1,0,1,0
779,779.0,7.79,-7.484634521484398,-7.191176656053135,-8.132695590180893,0.29345786543126273,0.6480610686964949,0.3546032032652322,1,0,1,0
780,780.0,7.8,-7.486171874999979,-7.196838138118199,-8.134614246111214,0.28933373688177966,0.6484423711112353,0.3591086342294556,1,0,1,0
781,781.0,7.81,-7.487375244140615,-7.200480965273841,-8.135579144046932,0.2868942788667743,0.6482038999063171,0.3613096210395428,1,0,1,0
782,782.0,7.82,-7.488578613281251,-7.2061163972133215,-8.135555123129704,0.28246221606792954,0.6469765098484528,0.36451429378052325,1,0,1,0
783,783.0,7.83,-7.4897819824218885,-7.209592618637771,-8.136124936869697,0.2801893637841175,0.6463429544478085,0.366153590663691,1,0,1,0
784,784.0,7.84,-7.490985351562524,-7.214192499928551,-8.13882521693308,0.2767928516339735,0.6478398653705559,0.37104701373658244,1,0,1,0
785,785.0,7.85,-7.492188720703103,-7.2180618344895136,-8.141374458158491,0.2741268862135895,0.6491857374553884,0.37505885124179894,1,0,1,0
786,786.0,7.86,-7.49305371093751,-7.221726978398486,-8.142809536636515,0.2713267325390243,0.6497558256990041,0.37842909315997986,1,0,1,0
787,787.0,7.87,-7.49391870117186,-7.226612829264823,-8.143846135852984,0.2673058719070367,0.6499274346811239,0.3826215627740872,1,0,1,0
788,788.0,7.88,-7.494783691406266,-7.231076925489015,-8.144879477998794,0.2637067659172514,0.6500957865925274,0.38638902067527603,1,0,1,0
789,789.0,7.89,-7.495648681640616,-7.233646700011088,-8.147040148219608,0.2620019816295285,0.6513914665789917,0.38938948494946324,1,0,1,0
790,790.0,7.9,-7.496513671875023,-7.2364619784827475,-8.148350189353502,0.26005169339227585,0.651836517478479,0.3917848240862032,1,0,1,0
791,791.0,7.91,-7.497035888671859,-7.240901975727076,-8.149875423087456,0.25613391294478305,0.6528395344155973,0.39670562147081423,1,0,1,0
792,792.0,7.92,-7.497558105468752,-7.2437708521421005,-8.150939062295805,0.2537872533266512,0.6533809568270534,0.39959370350040224,1,0,1,0
793,793.0,7.93,-7.498080322265646,-7.247405336835434,-8.153585723665184,0.25067498543021216,0.6555054013995383,0.4048304159693261,1,0,1,0
794,794.0,7.94,-7.498602539062482,-7.249412226965819,-8.154981626585517,0.24919031209666276,0.6563790875230353,0.40718877542637255,1,0,1,0
795,795.0,7.95,-7.499124755859374,-7.2523014615483135,-8.154757596758508,0.24682329431106087,0.6556328408991332,0.40880954658807234,1,0,1,0
796,796.0,7.96,-7.499299804687525,-7.2563354392612025,-8.154661879295105,0.24296436542632271,0.6553620746075799,0.4123977091812572,1,0,1,0
797,797.0,7.97,-7.499474853515618,-7.2594813304505745,-8.15444358372946,0.23999352306504385,0.6549687302138416,0.41497520714879776,1,0,1,0
798,798.0,7.98,-7.499649902343771,-7.261574306943993,-8.154408122749862,0.23807559539977774,0.6547582204060909,0.41668262500631315,1,0,1,0
799,799.0,7.99,-7.499824951171864,-7.264542086302346,-8.155250888415662,0.235282864869518,0.6554259372437974,0.4201430723742794,1,0,1,0
800,800.0,8.0,-7.500000000000017,-7.267499260337563,-8.154336077717867,0.23250073966245388,0.6543360777178497,0.42183533805539586,1,0,1,0
801,801.0,8.01,-7.500000000000017,-7.270075247819157,-8.154442515025721,0.22992475218086028,0.6544425150257043,0.424517762844844,1,0,1,0
802,802.0,8.02,-7.500000000000017,-7.271633146623405,-8.155099199908353,0.22836685337661145,0.655099199908336,0.42673234653172454,1,0,1,0
803,803.0,8.03,-7.500000000000017,-7.272185472999474,-8.154792100419767,0.22781452700054317,0.6547921004197503,0.42697757341920717,1,0,1,0
804,804.0,8.04,-7.500000000000017,-7.2754294743737296,-8.155023594057452,0.22457052562628732,0.6550235940574352,0.43045306843114783,1,0,1,0
805,805.0,8.05,-7.500000000000017,-7.277280981849701,-8.154415381848787,0.22271901815031558,0.6544153818487706,0.431696363698455,1,0,1,0
806,806.0,8.06,-7.500000000000017,-7.279428676724188,-8.152989598342234,0.22057132327582885,0.6529895983422174,0.4324182750663885,1,0,1,0
807,807.0,8.07,-7.500000000000017,-7.2807254200340905,-8.15418067422538,0.21927457996592636,0.6541806742253629,0.4349060942594365,1,0,1,0
808,808.0,8.08,-7.500000000000017,-7.281703847958706,-8.15392002175469,0.2182961520413107,0.653920021754673,0.4356238697133623,1,0,1,0
809,809.0,8.09,-7.500000000000017,-7.284297587973621,-8.150702484662485,0.2157024120263955,0.6507024846624683,0.43500007263607277,1,0,1,0
810,810.0,8.1,-7.500000000000017,-7.285973191610389,-8.148607955729092,0.21402680838962773,0.6486079557290756,0.43458114733944786,1,0,1,0
811,811.0,8.11,-7.500000000000017,-7.2868759211889484,-8.147003288012844,0.21312407881106843,0.6470032880128267,0.43387920920175826,1,0,1,0
812,812.0,8.12,-7.500000000000017,-7.288478377741606,-8.14630544770775,0.2115216222584113,0.646305447707733,0.4347838254493217,1,0,1,0
813,813.0,8.13,-7.500000000000017,-7.288372628486048,-8.146117849678996,0.21162737151396893,0.646117849678979,0.4344904781650101,1,0,1,0
814,814.0,8.14,-7.500000000000017,-7.289749384486244,-8.143066922222063,0.21025061551377267,0.6430669222220464,0.43281630670827376,1,0,1,0
815,815.0,8.15,-7.500000000000017,-7.289480077183246,-8.14156551021696,0.21051992281677112,0.6415655102169433,0.4310455874001722,1,0,1,0
816,816.0,8.16,-7.500000000000017,-7.290380974946749,-8.138248106335094,0.2096190250532679,0.6382481063350776,0.42862908128180965,1,0,1,0
817,817.0,8.17,-7.500000000000017,-7.290752389970969,-8.13744926761323,0.20924761002904813,0.6374492676132126,0.4282016575841645,1,0,1,0
818,818.0,8.18,-7.500000000000017,-7.290399969432037,-8.135590829832623,0.20960003056798016,0.6355908298326058,0.4259907992646257,1,0,1,0
819,819.0,8.19,-7.500000000000017,-7.292007311381583,-8.132336080236232,0.20799268861843423,0.6323360802362155,0.42434339161778123,1,0,1,0
820,820.0,8.2,-7.500000000000017,-7.293303972470609,-8.130292331321222,0.20669602752940808,0.630292331321205,0.4235963037917969,1,0,1,0
821,821.0,8.21,-7.500000000000017,-7.29420462742474,-8.130676881133777,0.20579537257527658,0.63067688113376,0.4248815085584834,1,0,1,0
822,822.0,8.22,-7.500000000000017,-7.2961918632791996,-8.130456655316749,0.20380813672081732,0.6304566553167321,0.4266485185959148,1,0,1,0
823,823.0,8.23,-7.500000000000017,-7.29806294209987,-8.128181163581845,0.20193705790014693,0.6281811635818277,0.4262441056816808,1,0,1,0
824,824.0,8.24,-7.500000000000017,-7.297197992014047,-8.127428685632427,0.20280200798597026,0.6274286856324105,0.42462667764644024,1,0,1,0
825,825.0,8.25,-7.500000000000017,-7.298889407967871,-8.127332907414242,0.20111059203214587,0.6273329074142255,0.42622231538207966,1,0,1,0
826,826.0,8.26,-7.500000000000017,-7.300766282675642,-8.126921355440667,0.19923371732437456,0.6269213554406496,0.4276876381162751,1,0,1,0
827,827.0,8.27,-7.500000000000017,-7.3020812826611055,-8.125324659893154,0.19791871733891142,0.6253246598931375,0.42740594255422604,1,0,1,0
828,828.0,8.28,-7.500000000000017,-7.301795781470008,-8.123927919040266,0.1982042185300088,0.6239279190402494,0.42572370051024055,1,0,1,0
829,829.0,8.29,-7.500000000000017,-7.3036034413008935,-8.123203443427855,0.19639655869912342,0.6232034434278377,0.4268068847287143,1,0,1,0
830,830.0,8.3,-7.500000000000017,-7.3068194900253305,-8.122603192186833,0.1931805099746864,0.6226031921868165,0.4294226822121301,1,0,1,0
831,831.0,8.31,-7.500000000000017,-7.3089718782532875,-8.121804320868195,0.19102812174672934,0.6218043208681783,0.43077619912144893,1,0,1,0
832,832.0,8.32,-7.500000000000017,-7.310359477279679,-8.119297414251463,0.18964052272033793,0.619297414251446,0.4296568915311081,1,0,1,0
833,833.0,8.33,-7.500000000000017,-7.310581310249623,-8.119100414866157,0.18941868975039355,0.6191004148661401,0.42968172511574654,1,0,1,0
834,834.0,8.34,-7.500000000000017,-7.312343410739479,-8.11903634422867,0.18765658926053774,0.6190363442286531,0.4313797549681153,1,0,1,0
835,835.0,8.35,-7.500000000000017,-7.314552368188279,-8.117270511023113,0.18544763181173796,0.6172705110230963,0.4318228792113583,1,0,1,0
836,836.0,8.36,-7.500000000000017,-7.316475083232883,-8.117370646818868,0.18352491676713356,0.6173706468188511,0.43384573005171756,1,0,1,0
837,837.0,8.37,-7.500000000000017,-7.3175155741482945,-8.11511039580801,0.18248442585172242,0.6151103958079931,0.4326259699562707,1,0,1,0
838,838.0,8.38,-7.500000000000017,-7.31713500850113,-8.113917183970402,0.1828649914988869,0.6139171839703854,0.4310521924714985,1,0,1,0
839,839.0,8.39,-7.500000000000017,-7.318408030147369,-8.113106958076358,0.18159196985264803,0.6131069580763411,0.43151498822369305,1,0,1,0
840,840.0,8.4,-7.500000000000017,-7.319019706254715,-8.110568486357145,0.18098029374530178,0.6105684863571286,0.4295881926118268,1,0,1,0
841,841.0,8.41,-7.500000000000017,-7.321021148541384,-8.1089615971082,0.17897885145863324,0.6089615971081832,0.42998274564954997,1,0,1,0
842,842.0,8.42,-7.500000000000017,-7.320813872054905,-8.106821335561028,0.1791861279451119,0.606821335561011,0.4276352076158991,1,0,1,0
843,843.0,8.43,-7.500000000000017,-7.323137505003454,-8.10606157915966,0.1768624949965627,0.6060615791596424,0.4291990841630797,1,0,1,0
844,844.0,8.44,-7.500000000000017,-7.323047943903094,-8.105502105895239,0.17695205609692266,0.6055021058952219,0.42855004979829925,1,0,1,0
845,845.0,8.45,-7.500000000000017,-7.32379034116322,-8.106809281189467,0.17620965883679673,0.6068092811894497,0.4305996223526529,1,0,1,0
846,846.0,8.46,-7.500000000000017,-7.325256585674379,-8.105101760700084,0.1747434143256381,0.6051017607000668,0.4303583463744287,1,0,1,0
847,847.0,8.47,-7.500000000000017,-7.32441721805791,-8.103513895412526,0.17558278194210697,0.603513895412509,0.427931113470402,1,0,1,0
848,848.0,8.48,-7.500000000000017,-7.324382136245106,-8.102042685258702,0.17561786375491106,0.6020426852586853,0.42642482150377425,1,0,1,0
849,849.0,8.49,-7.500000000000017,-7.323612811583431,-8.101318021927556,0.17638718841658552,0.6013180219275389,0.4249308335109534,1,0,1,0
850,850.0,8.5,-7.500000000000017,-7.324488683603655,-8.098172221543171,0.17551131639636175,0.5981722215431544,0.42266090514679266,1,0,1,0
851,851.0,8.51,-7.500000000000017,-7.325452387362519,-8.095772253846867,0.17454761263749763,0.5957722538468504,0.42122464120935277,1,0,1,0
852,852.0,8.52,-7.500000000000017,-7.32757001418329,-8.093739695391008,0.17242998581672708,0.5937396953909913,0.42130970957426417,1,0,1,0
853,853.0,8.53,-7.500000000000017,-7.328024178338331,-8.09267639783808,0.171975821661686,0.5926763978380629,0.4207005761763769,1,0,1,0
854,854.0,8.54,-7.500000000000017,-7.325875105423456,-8.09176414148732,0.17412489457656122,0.5917641414873023,0.41763924691074106,1,0,1,0
855,855.0,8.55,-7.500000000000017,-7.325136773545029,-8.09019882695851,0.1748632264549883,0.5901988269584928,0.4153356005035045,1,0,1,0
856,856.0,8.56,-7.500000000000017,-7.324840084630024,-8.08759392050633,0.17515991536999298,0.5875939205063139,0.4124340051363209,1,0,1,0
857,857.0,8.57,-7.500000000000017,-7.3265574891411065,-8.085676532895437,0.17344251085891038,0.5856765328954205,0.41223402203651016,1,0,1,0
858,858.0,8.58,-7.500000000000017,-7.3260314368978685,-8.08506631707428,0.17396856310214837,0.5850663170742623,0.4110977539721139,1,0,1,0
859,859.0,8.59,-7.500000000000017,-7.325084808858711,-8.084787438832342,0.17491519114130583,0.5847874388323246,0.4098722476910188,1,0,1,0
860,860.0,8.6,-7.500000000000017,-7.3245261454136985,-8.082793068633295,0.17547385458631837,0.5827930686332783,0.4073192140469599,1,0,1,0
861,861.0,8.61,-7.500000000000017,-7.323875146241078,-8.082834797802342,0.17612485375893883,0.5828347978023247,0.4067099440433859,1,0,1,0
862,862.0,8.62,-7.500000000000017,-7.3240127170908895,-8.082882195088676,0.17598728290912735,0.5828821950886587,0.40689491217953133,1,0,1,0
863,863.0,8.63,-7.500000000000017,-7.323870329153362,-8.083292968075593,0.1761296708466551,0.5832929680755763,0.4071632972289212,1,0,1,0
864,864.0,8.64,-7.500000000000017,-7.323175075266271,-8.08216734853243,0.17682492473374545,0.5821673485324128,0.40534242379866736,1,0,1,0
865,865.0,8.65,-7.500000000000017,-7.321690062316515,-8.080249326969293,0.178309937683502,0.5802493269692759,0.4019393892857739,1,0,1,0
866,866.0,8.66,-7.500000000000017,-7.322211564837063,-8.079404302241773,0.17778843516295417,0.5794043022417563,0.40161586707880215,1,0,1,0
867,867.0,8.67,-7.500000000000017,-7.322097644377258,-8.078656176376118,0.17790235562275925,0.5786561763761009,0.40075382075334165,1,0,1,0
868,868.0,8.68,-7.500000000000017,-7.322723847393651,-8.078317084192264,0.17727615260636576,0.5783170841922471,0.4010409315858814,1,0,1,0
869,869.0,8.69,-7.500000000000017,-7.321545490933144,-8.07641045189329,0.17845450906687255,0.5764104518932731,0.39795594282640057,1,0,1,0
870,870.0,8.7,-7.500000000000017,-7.322543738790853,-8.074881661109401,0.1774562612091639,0.5748816611093845,0.39742539990022063,1,0,1,0
871,871.0,8.71,-7.500000000000017,-7.3210659819772586,-8.074034275477544,0.17893401802275832,0.5740342754775272,0.39510025745476884,1,0,1,0
872,872.0,8.72,-7.500000000000017,-7.319761013889147,-8.072059607115536,0.18023898611086953,0.5720596071155191,0.39182062100464954,1,0,1,0
873,873.0,8.73,-7.500000000000017,-7.317242157888838,-8.069984507907487,0.18275784211117863,0.5699845079074697,0.38722666579629106,1,0,1,0
874,874.0,8.74,-7.500000000000017,-7.317782985984524,-8.067618489042287,0.18221701401549328,0.5676184890422702,0.3854014750267769,1,0,1,0
875,875.0,8.75,-7.500000000000017,-7.318301796192435,-8.067020199979806,0.18169820380758228,0.5670201999797895,0.3853219961722072,1,0,1,0
876,876.0,8.76,-7.500000000000017,-7.315624885726995,-8.066115950832032,0.18437511427302145,0.5661159508320148,0.3817408365589934,1,0,1,0
877,877.0,8.77,-7.500000000000017,-7.316295907787254,-8.062819639035833,0.1837040922127633,0.5628196390358164,0.37911554682305315,1,0,1,0
878,878.0,8.78,-7.500000000000017,-7.313843744646454,-8.062419730650179,0.18615625535356273,0.5624197306501619,0.3762634752965992,1,0,1,0
879,879.0,8.79,-7.500000000000017,-7.314709625345452,-8.060938725519,0.18529037465456444,0.5609387255189828,0.3756483508644184,1,0,1,0
880,880.0,8.8,-7.500000000000017,-7.313203029353152,-8.060572910664542,0.1867969706468653,0.5605729106645247,0.37377594001765946,1,0,1,0
881,881.0,8.81,-7.500000000000017,-7.31242463705402,-8.059577422489452,0.18757536294599664,0.5595774224894354,0.3720020595434388,1,0,1,0
882,882.0,8.82,-7.500000000000017,-7.310998029728924,-8.057477308976651,0.189001970271093,0.5574773089766341,0.36847533870554106,1,0,1,0
883,883.0,8.83,-7.500000000000017,-7.31058333539966,-8.056259468103432,0.18941666460035655,0.5562594681034154,0.36684280350305887,1,0,1,0
884,884.0,8.84,-7.500000000000017,-7.310009280619479,-8.056355477583827,0.18999071938053813,0.5563554775838098,0.36636475820327163,1,0,1,0
885,885.0,8.85,-7.500000000000017,-7.309928992704496,-8.056634861207543,0.19007100729552118,0.5566348612075265,0.3665638539120053,1,0,1,0
886,886.0,8.86,-7.500000000000017,-7.3087169875804285,-8.056269020802604,0.19128301241958834,0.5562690208025876,0.3649860083829992,1,0,1,0
887,887.0,8.87,-7.500000000000017,-7.310029276774679,-8.053248346398634,0.18997072322533803,0.5532483463986173,0.3632776231732793,1,0,1,0
888,888.0,8.88,-7.500000000000017,-7.30958014705219,-8.051170632378854,0.19041985294782648,0.5511706323788372,0.36075077943101075,1,0,1,0
889,889.0,8.89,-7.500000000000017,-7.310015693518356,-8.049142428099259,0.1899843064816613,0.5491424280992421,0.35915812161758076,1,0,1,0
890,890.0,8.9,-7.500000000000017,-7.309843321674843,-8.047807648574915,0.1901566783251738,0.5478076485748984,0.3576509702497246,1,0,1,0
891,891.0,8.91,-7.500000000000017,-7.310635270477065,-8.046636523287715,0.1893647295229517,0.546636523287698,0.35727179376474627,1,0,1,0
892,892.0,8.92,-7.500000000000017,-7.310360922468944,-8.045055640901628,0.18963907753107279,0.5450556409016114,0.3554165633705386,1,0,1,0
893,893.0,8.93,-7.500000000000017,-7.310795684033007,-8.043142037904838,0.18920431596701004,0.5431420379048211,0.35393772193781103,1,0,1,0
894,894.0,8.94,-7.500000000000017,-7.312329549077576,-8.042502508015437,0.1876704509224405,0.5425025080154198,0.35483205709297927,1,0,1,0
895,895.0,8.95,-7.500000000000017,-7.311781292340457,-8.04261127078205,0.18821870765956028,0.5426112707820332,0.3543925631224729,1,0,1,0
896,896.0,8.96,-7.500000000000017,-7.310991559691257,-8.042268317156472,0.18900844030875952,0.5422683171564548,0.35325987684769533,1,0,1,0
897,897.0,8.97,-7.500000000000017,-7.310124794369086,-8.040481669025503,0.18987520563093074,0.5404816690254863,0.3506064633945556,1,0,1,0
898,898.0,8.98,-7.500000000000017,-7.310157912440151,-8.0400515593189,0.18984208755986565,0.5400515593188837,0.35020947175901807,1,0,1,0
899,899.0,8.99,-7.500000000000017,-7.30787215952434,-8.039893718654577,0.19212784047567677,0.53989371865456,0.34776587817888327,1,0,1,0
900,900.0,9.0,-7.500000000000017,-7.307973068463439,-8.03918685644781,0.1920269315365779,0.5391868564477926,0.3471599249112147,1,0,1,0
901,901.0,9.01,-7.500000000000017,-7.308047477599396,-8.038682279464702,0.1919525224006211,0.5386822794646848,0.3467297570640637,1,0,1,0
902,902.0,9.02,-7.500000000000017,-7.307240237290445,-8.036626691390072,0.19275976270957162,0.5366266913900555,0.34386692868048385,1,0,1,0
903,903.0,9.03,-7.500000000000017,-7.3059122913647965,-8.036439998153522,0.1940877086352204,0.5364399981535053,0.3423522895182849,1,0,1,0
904,904.0,9.04,-7.500000000000017,-7.305291693712198,-8.033632901065795,0.19470830628781854,0.5336329010657783,0.3389245947779598,1,0,1,0
905,905.0,9.05,-7.500000000000017,-7.303428549362395,-8.033701691571292,0.19657145063762194,0.5337016915712747,0.33713024093365274,1,0,1,0
906,906.0,9.06,-7.500000000000017,-7.302314914892006,-8.031551757389925,0.1976850851080112,0.5315517573899085,0.33386667228189726,1,0,1,0
907,907.0,9.07,-7.500000000000017,-7.301661474534264,-8.03064640331579,0.19833852546575326,0.5306464033157736,0.33230787785002036,1,0,1,0
908,908.0,9.08,-7.500000000000017,-7.301206422405278,-8.029566368532928,0.19879357759473848,0.5295663685329108,0.33077279093817236,1,0,1,0
909,909.0,9.09,-7.500000000000017,-7.300195232842001,-8.027363047013274,0.19980476715801565,0.5273630470132575,0.3275582798552419,1,0,1,0
910,910.0,9.1,-7.500000000000017,-7.299933721995393,-8.024388202620466,0.2000662780046243,0.5243882026204494,0.3243219246158251,1,0,1,0
911,911.0,9.11,-7.500000000000017,-7.300909337423859,-8.02149997032519,0.19909066257615748,0.5214999703251726,0.3224093077490151,1,0,1,0
912,912.0,9.12,-7.500000000000017,-7.299920840803734,-8.020249643621385,0.2000791591962825,0.5202496436213684,0.3201704844250859,1,0,1,0
913,913.0,9.13,-7.500000000000017,-7.298871693124519,-8.019008164232769,0.2011283068754981,0.5190081642327522,0.3178798573572541,1,0,1,0
914,914.0,9.14,-7.500000000000017,-7.296217501552121,-8.017661376226487,0.20378249844789575,0.5176613762264699,0.31387887777857415,1,0,1,0
915,915.0,9.15,-7.500000000000017,-7.296446938089121,-8.016165826542599,0.20355306191089628,0.5161658265425819,0.31261276463168564,1,0,1,0
916,916.0,9.16,-7.500000000000017,-7.29431032735585,-8.014677541528792,0.2056896726441666,0.5146775415287754,0.30898786888460883,1,0,1,0
917,917.0,9.17,-7.500000000000017,-7.293800914159352,-8.01420422587408,0.20619908584066504,0.5142042258740629,0.30800514003339785,1,0,1,0
918,918.0,9.18,-7.500000000000017,-7.293942149760382,-8.013190829609632,0.20605785023963463,0.5131908296096155,0.30713297936998085,1,0,1,0
919,919.0,9.19,-7.500000000000017,-7.292781864582278,-8.010721959839428,0.20721813541773848,0.5107219598394108,0.30350382442167234,1,0,1,0
920,920.0,9.2,-7.500000000000017,-7.290172505417012,-8.01019939001757,0.20982749458300454,0.5101993900175534,0.3003718954345489,1,0,1,0
921,921.0,9.21,-7.500000000000017,-7.289421185354049,-8.01031250435939,0.2105788146459675,0.5103125043593737,0.2997336897134062,1,0,1,0
922,922.0,9.22,-7.500000000000017,-7.288734641899837,-8.010972495536633,0.21126535810017977,0.510972495536616,0.2997071374364362,1,0,1,0
923,923.0,9.23,-7.500000000000017,-7.2865718998005535,-8.009959985016295,0.21342810019946334,0.5099599850162777,0.29653188481681436,1,0,1,0
924,924.0,9.24,-7.500000000000017,-7.285273869463348,-8.009728350002362,0.21472613053666922,0.5097283500023453,0.29500221946567606,1,0,1,0
925,925.0,9.25,-7.500000000000017,-7.283726794587869,-8.008591007488318,0.2162732054121479,0.5085910074883015,0.29231780207615365,1,0,1,0
926,926.0,9.26,-7.500000000000017,-7.280837946769019,-8.00695480250749,0.21916205323099813,0.5069548025074733,0.28779274927647513,1,0,1,0
927,927.0,9.27,-7.500000000000017,-7.280867259338404,-8.005732169519781,0.21913274066161303,0.5057321695197645,0.2865994288581515,1,0,1,0
928,928.0,9.28,-7.500000000000017,-7.279917091578134,-8.005522935663086,0.22008290842188316,0.5055229356630688,0.28544002724118567,1,0,1,0
929,929.0,9.29,-7.500000000000017,-7.277884776836634,-8.004168524136436,0.2221152231633825,0.5041685241364187,0.28205330097303616,1,0,1,0
930,930.0,9.3,-7.500000000000017,-7.2777877573794125,-8.003200513037857,0.22221224262060435,0.5032005130378403,0.28098827041723595,1,0,1,0
931,931.0,9.31,-7.500000000000017,-7.277101706705747,-8.003095354542985,0.22289829329426958,0.5030953545429684,0.2801970612486988,1,0,1,0
932,932.0,9.32,-7.500000000000017,-7.276669131815974,-8.003846911417655,0.22333086818404269,0.5038469114176385,0.2805160432335958,1,0,1,0
933,933.0,9.33,-7.500000000000017,-7.277077927782513,-8.001833618322392,0.2229220722175036,0.501833618322375,0.27891154610487146,1,0,1,0
934,934.0,9.34,-7.500000000000017,-7.274779991092736,-8.000345843239993,0.22522000890728044,0.5003458432399759,0.27512583433269544,1,0,1,0
935,935.0,9.35,-7.500000000000017,-7.274484084909528,-7.999892672095467,0.2255159150904893,0.4998926720954504,0.2743767570049611,1,0,1,0
936,936.0,9.36,-7.500000000000017,-7.273904356445718,-7.999628595321487,0.22609564355429868,0.49962859532146986,0.2735329517671712,1,0,1,0
937,937.0,9.37,-7.500000000000017,-7.272145209063589,-7.998488344281905,0.22785479093642813,0.4984883442818884,0.27063355334546024,1,0,1,0
938,938.0,9.38,-7.500000000000017,-7.274373527156325,-7.996573866960287,0.2256264728436923,0.4965738669602704,0.2709473941165781,1,0,1,0
939,939.0,9.39,-7.500000000000017,-7.2731613037052,-7.994268411472273,0.22683869629481723,0.4942684114722562,0.26742971517743896,1,0,1,0
940,940.0,9.4,-7.500000000000017,-7.270569487847172,-7.994290089680358,0.22943051215284527,0.4942900896803408,0.26485957752749556,1,0,1,0
941,941.0,9.41,-7.500000000000017,-7.269726302809038,-7.993162169662029,0.23027369719097912,0.4931621696620123,0.2628884724710332,1,0,1,0
942,942.0,9.42,-7.500000000000017,-7.269676179789956,-7.992907932388006,0.23032382021006104,0.4929079323879888,0.26258411217792776,1,0,1,0
943,943.0,9.43,-7.500000000000017,-7.269016068759855,-7.990558048317356,0.2309839312401616,0.4905580483173395,0.2595741170771779,1,0,1,0
944,944.0,9.44,-7.500000000000017,-7.268838013992054,-7.988992755353247,0.23116198600796256,0.4889927553532303,0.2578307693452677,1,0,1,0
945,945.0,9.45,-7.500000000000017,-7.2680891027632955,-7.988449953581537,0.23191089723672142,0.48844995358152055,0.2565390563447991,1,0,1,0
946,946.0,9.46,-7.500000000000017,-7.267434414482448,-7.987001562214571,0.23256558551756878,0.48700156221455426,0.2544359766969855,1,0,1,0
947,947.0,9.47,-7.500000000000017,-7.267429911109178,-7.984300076369129,0.23257008889083863,0.4843000763691121,0.25172998747827346,1,0,1,0
948,948.0,9.48,-7.500000000000017,-7.2671766366764645,-7.980481964317501,0.23282336332355236,0.4804819643174838,0.24765860099393144,1,0,1,0
949,949.0,9.49,-7.500000000000017,-7.267096035289625,-7.979394290958431,0.23290396471039188,0.4793942909584139,0.24649032624802203,1,0,1,0
950,950.0,9.5,-7.500000000000017,-7.266089238384748,-7.978813314426901,0.23391076161526847,0.47881331442688424,0.24490255281161577,1,0,1,0
951,951.0,9.51,-7.500000000000017,-7.265284544344186,-7.9769655683326235,0.23471545565583085,0.4769655683326066,0.24225011267677576,1,0,1,0
952,952.0,9.52,-7.500000000000017,-7.264609390197852,-7.975897931001691,0.23539060980216497,0.47589793100167377,0.2405073211995088,1,0,1,0
953,953.0,9.53,-7.500000000000017,-7.265219324803191,-7.976312564056154,0.23478067519682622,0.476312564056137,0.24153188885931076,1,0,1,0
954,954.0,9.54,-7.500000000000017,-7.266854658123846,-7.976145348996379,0.2331453418761713,0.4761453489963623,0.243000007120191,1,0,1,0
955,955.0,9.55,-7.500000000000017,-7.265953170562456,-7.974225505143037,0.2340468294375606,0.4742255051430204,0.2401786757054598,1,0,1,0
956,956.0,9.56,-7.500000000000017,-7.266466437872837,-7.97186455809984,0.2335335621271799,0.4718645580998233,0.2383309959726434,1,0,1,0
957,957.0,9.57,-7.500000000000017,-7.265827436436046,-7.971191528043443,0.23417256356397065,0.471191528043426,0.23701896447945536,1,0,1,0
958,958.0,9.58,-7.500000000000017,-7.264270447759728,-7.970896406338864,0.23572955224028913,0.4708964063388468,0.23516685409855764,1,0,1,0
959,959.0,9.59,-7.500000000000017,-7.265956522550624,-7.971569377211586,0.2340434774493927,0.4715693772115692,0.23752589976217653,1,0,1,0
960,960.0,9.6,-7.500000000000017,-7.266070776651948,-7.970584252078413,0.23392922334806876,0.47058425207839605,0.2366550287303273,1,0,1,0
961,961.0,9.61,-7.500000000000017,-7.266159119481202,-7.970083742848878,0.23384088051881502,0.47008374284886134,0.23624286233004632,1,0,1,0
962,962.0,9.62,-7.500000000000017,-7.266132272454632,-7.969222431426474,0.23386772754538487,0.4692224314264575,0.2353547038810726,1,0,1,0
963,963.0,9.63,-7.500000000000017,-7.266352068106863,-7.968868799248021,0.23364793189315414,0.4688687992480043,0.23522086735485015,1,0,1,0
964,964.0,9.64,-7.500000000000017,-7.265056651283408,-7.967580600092514,0.23494334871660882,0.46758060009249736,0.23263725137588853,1,0,1,0
965,965.0,9.65,-7.500000000000017,-7.264805793017496,-7.965394324042857,0.2351942069825208,0.4653943240428404,0.23020011706031962,1,0,1,0
966,966.0,9.66,-7.500000000000017,-7.266863120697817,-7.964004552533656,0.23313687930219995,0.46400455253363937,0.23086767323143942,1,0,1,0
967,967.0,9.67,-7.500000000000017,-7.267180466293708,-7.963103780179669,0.2328195337063086,0.4631037801796518,0.23028424647334322,1,0,1,0
968,968.0,9.68,-7.500000000000017,-7.267200238791338,-7.962321954901465,0.23279976120867918,0.4623219549014479,0.22952219369276872,1,0,1,0
969,969.0,9.69,-7.500000000000017,-7.267198221912921,-7.9619213763045025,0.23280177808709546,0.4619213763044856,0.22911959821739014,1,0,1,0
970,970.0,9.7,-7.500000000000017,-7.266936089461651,-7.960383798857019,0.23306391053836606,0.4603837988570021,0.22731988831863603,1,0,1,0
971,971.0,9.71,-7.500000000000017,-7.265939134084141,-7.959243047741534,0.23406086591587627,0.45924304774151725,0.22518218182564098,1,0,1,0
972,972.0,9.72,-7.500000000000017,-7.267215962577362,-7.959071710745,0.23278403742265485,0.45907171074498354,0.2262876733223287,1,0,1,0
973,973.0,9.73,-7.500000000000017,-7.2662464985139685,-7.957694938715509,0.23375350148604834,0.45769493871549205,0.2239414372294437,1,0,1,0
974,974.0,9.74,-7.500000000000017,-7.268814700767942,-7.958085568465007,0.23118529923207465,0.45808556846499027,0.22690026923291562,1,0,1,0
975,975.0,9.75,-7.500000000000017,-7.268499267111874,-7.95711664759236,0.23150073288814266,0.4571166475923434,0.22561591470420073,1,0,1,0
976,976.0,9.76,-7.500000000000017,-7.269297965600716,-7.955569570473808,0.23070203439930115,0.45556957047379143,0.22486753607449028,1,0,1,0
977,977.0,9.77,-7.500000000000017,-7.26863953433373,-7.955969493177849,0.23136046566628732,0.4559694931778324,0.2246090275115451,1,0,1,0
978,978.0,9.78,-7.500000000000017,-7.2677424375624415,-7.955124365015233,0.23225756243757534,0.4551243650152159,0.22286680257764058,1,0,1,0
979,979.0,9.79,-7.500000000000017,-7.2670974172703025,-7.954714586596815,0.23290258272971442,0.45471458659679787,0.22181200386708344,1,0,1,0
980,980.0,9.8,-7.500000000000017,-7.268279844201978,-7.953116773674288,0.23172015579803862,0.45311677367427095,0.22139661787623233,1,0,1,0
981,981.0,9.81,-7.500000000000017,-7.2700814238726945,-7.9528912001280645,0.22991857612732236,0.4528912001280476,0.22297262400072526,1,0,1,0
982,982.0,9.82,-7.500000000000017,-7.27034527080013,-7.95365253403528,0.22965472919988716,0.45365253403526307,0.2239978048353759,1,0,1,0
983,983.0,9.83,-7.500000000000017,-7.270164465908537,-7.952618192719947,0.22983553409147994,0.45261819271993,0.22278265862845004,1,0,1,0
984,984.0,9.84,-7.500000000000017,-7.269139906031564,-7.949530744587256,0.2308600939684533,0.4495307445872392,0.21867065061878588,1,0,1,0
985,985.0,9.85,-7.500000000000017,-7.2690722070994775,-7.9471879578704065,0.23092779290053933,0.4471879578703897,0.21626016496985034,1,0,1,0
986,986.0,9.86,-7.500000000000017,-7.26782534468838,-7.947855476139735,0.2321746553116366,0.44785547613971843,0.21568082082808182,1,0,1,0
987,987.0,9.87,-7.500000000000017,-7.2686567990444235,-7.947567226756459,0.23134320095559335,0.44756722675644234,0.21622402580084898,1,0,1,0
988,988.0,9.88,-7.500000000000017,-7.266453119537989,-7.945835789263651,0.2335468804620282,0.44583578926363376,0.21228890880160556,1,0,1,0
989,989.0,9.89,-7.500000000000017,-7.266009290739546,-7.945096969904481,0.23399070926047116,0.4450969699044638,0.21110626064399263,1,0,1,0
990,990.0,9.9,-7.500000000000017,-7.266651044596488,-7.946590646169873,0.23334895540352907,0.4465906461698559,0.21324169076632682,1,0,1,0
991,991.0,9.91,-7.500000000000017,-7.266852205328594,-7.947074380002006,0.23314779467142266,0.44707438000198874,0.21392658533056608,1,0,1,0
992,992.0,9.92,-7.500000000000017,-7.2671632105494615,-7.9455908455037765,0.23283678945055541,0.4455908455037596,0.2127540560532042,1,0,1,0
993,993.0,9.93,-7.500000000000017,-7.2678338397916304,-7.9448046783403425,0.23216616020838643,0.44480467834032567,0.21263851813193924,1,0,1,0
994,994.0,9.94,-7.500000000000017,-7.264960633966385,-7.944236825312516,0.2350393660336323,0.4442368253124993,0.20919745927886702,1,0,1,0
995,995.0,9.95,-7.500000000000017,-7.264790483811816,-7.944221385856339,0.23520951618820085,0.44422138585632176,0.2090118696681209,1,0,1,0
996,996.0,9.96,-7.500000000000017,-7.263888547516758,-7.944044407224229,0.23611145248325904,0.44404440722421246,0.2079329547409534,1,0,1,0
997,997.0,9.97,-7.500000000000017,-7.263716158364938,-7.94230663749102,0.2362838416350792,0.4423066374910034,0.2060227958559242,1,0,1,0
998,998.0,9.98,-7.500000000000017,-7.264117144710407,-7.941034777893947,0.23588285528960995,0.44103477789392986,0.20515192260431991,1,0,1,0
999,999.0,9.99,-7.500000000000017,-7.264826848348438,-7.9402177616577445,0.23517315165157893,0.44021776165772764,0.2050446100061487,1,0,1,0
1000,1000.0,10.0,-7.500000000000017,-7.265991523692861,-7.940023736697518,0.2340084763071557,0.4400237366975013,0.20601526039034557,1,0,1,0
1001,1001.0,10.01,-7.500000000000017,-7.266896234600614,-7.937486468078636,0.23310376539940325,0.43748646807861924,0.204382702679216,1,0,1,0
1002,1002.0,10.02,-7.500000000000017,-7.265937662705719,-7.934233243250307,0.23406233729429804,0.43423324325029,0.20017090595599196,1,0,1,0
1003,1003.0,10.03,-7.500000000000017,-7.265870423532729,-7.933004368313071,0.2341295764672875,0.4330043683130542,0.19887479184576673,1,0,1,0
1004,1004.0,10.04,-7.500000000000017,-7.264816821188359,-7.932930604639395,0.23518317881165807,0.4329306046393784,0.1977474258277203,1,0,1,0
1005,1005.0,10.05,-7.500000000000017,-7.265261593066222,-7.932461912172536,0.23473840693379522,0.43246191217251884,0.19772350523872362,1,0,1,0
1006,1006.0,10.06,-7.500000000000017,-7.264347076101543,-7.929754923741039,0.23565292389847414,0.4297549237410223,0.19410199984254817,1,0,1,0
1007,1007.0,10.07,-7.500000000000017,-7.266706399539911,-7.9274510369458655,0.23329360046010628,0.42745103694584863,0.19415743648574235,1,0,1,0
1008,1008.0,10.08,-7.500000000000017,-7.267303688230059,-7.924766714572797,0.2326963117699581,0.4247667145727805,0.1920704028028224,1,0,1,0
1009,1009.0,10.09,-7.500000000000017,-7.26597517790884,-7.923476473290399,0.23402482209117714,0.42347647329038196,0.18945165119920482,1,0,1,0
1010,1010.0,10.1,-7.500000000000017,-7.268168567744496,-7.921893425557003,0.23183143225552083,0.42189342555698595,0.19006199330146512,1,0,1,0
1011,1011.0,10.11,-7.500000000000017,-7.2691481103213755,-7.920883570368999,0.23085188967864134,0.42088357036898216,0.19003168069034082,1,0,1,0
1012,1012.0,10.12,-7.500000000000017,-7.267460758456542,-7.919512463600654,0.23253924154347505,0.4195124636006371,0.18697322205716205,1,0,1,0
1013,1013.0,10.13,-7.500000000000017,-7.26705826282668,-7.919436552523332,0.23294173717333688,0.41943655252331524,0.18649481534997836,1,0,1,0
1014,1014.0,10.14,-7.500000000000017,-7.267290243059141,-7.919007578827083,0.23270975694087603,0.41900757882706596,0.18629782188618993,1,0,1,0
1015,1015.0,10.15,-7.500000000000017,-7.268960702122019,-7.917485833481921,0.23103929787799782,0.41748583348190405,0.18644653560390623,1,0,1,0
1016,1016.0,10.16,-7.500000000000017,-7.270351631296286,-7.9159333382659005,0.22964836870373073,0.41593333826588363,0.1862849695621529,1,0,1,0
1017,1017.0,10.17,-7.500000000000017,-7.270025149214554,-7.91384885226027,0.22997485078546287,0.41384885226025325,0.18387400147479038,1,0,1,0
1018,1018.0,10.18,-7.500000000000017,-7.271707166850507,-7.913778562066967,0.22829283314951,0.4137785620669501,0.18548572891744008,1,0,1,0
1019,1019.0,10.19,-7.500000000000017,-7.2701380943695,-7.915028257115341,0.2298619056305169,0.4150282571153241,0.1851663514848072,1,0,1,0
1020,1020.0,10.2,-7.500000000000017,-7.270034670554714,-7.91359115904881,0.229965329445303,0.41359115904879307,0.18362582960349005,1,0,1,0
1021,1021.0,10.21,-7.500000000000017,-7.268323099005227,-7.911892365667268,0.2316769009947901,0.41189236566725107,0.18021546467246097,1,0,1,0
1022,1022.0,10.22,-7.500000000000017,-7.268980713892383,-7.910698460178938,0.23101928610763345,0.41069846017892075,0.1796791740712873,1,0,1,0
1023,1023.0,10.23,-7.500000000000017,-7.268396797444678,-7.911274864056803,0.2316032025553385,0.4112748640567858,0.1796716615014473,1,0,1,0
1024,1024.0,10.24,-7.500000000000017,-7.268401762396299,-7.910644188985871,0.231598237603718,0.4106441889858541,0.17904595138213608,1,0,1,0
1025,1025.0,10.25,-7.500000000000017,-7.268716487021738,-7.909459356187225,0.23128351297827887,0.40945935618720775,0.17817584320892887,1,0,1,0
1026,1026.0,10.26,-7.500000000000017,-7.268041835949824,-7.9085511109580295,0.23195816405019265,0.40855111095801266,0.17659294690782001,1,0,1,0
1027,1027.0,10.27,-7.500000000000017,-7.269268241316579,-7.910030308387368,0.23073175868343831,0.4100303083873511,0.1792985497039128,1,0,1,0
1028,1028.0,10.28,-7.500000000000017,-7.268944704557451,-7.911081442816762,0.23105529544256598,0.4110814428167453,0.18002614737417932,1,0,1,0
1029,1029.0,10.29,-7.500000000000017,-7.269777726735382,-7.909943888304149,0.2302222732646353,0.40994388830413175,0.17972161503949646,1,0,1,0
1030,1030.0,10.3,-7.500000000000017,-7.268326802661424,-7.908943269873613,0.23167319733859326,0.4089432698735962,0.17727007253500293,1,0,1,0
1031,1031.0,10.31,-7.500000000000017,-7.269326991800926,-7.908438067244142,0.23067300819909065,0.40843806724412524,0.1777650590450346,1,0,1,0
1032,1032.0,10.32,-7.500000000000017,-7.269835944587046,-7.908688347165882,0.23016405541297047,0.40868834716586555,0.17852429175289508,1,0,1,0
1033,1033.0,10.33,-7.500000000000017,-7.268269232588795,-7.907269897845634,0.23173076741122145,0.40726989784561685,0.1755391304343954,1,0,1,0
1034,1034.0,10.34,-7.500000000000017,-7.267898190475588,-7.905207699136716,0.23210180952442894,0.4052076991366995,0.17310588961227058,1,0,1,0
1035,1035.0,10.35,-7.500000000000017,-7.2693880882285935,-7.904328378822257,0.23061191177142337,0.4043283788222398,0.17371646705081645,1,0,1,0
1036,1036.0,10.36,-7.500000000000017,-7.2697368466268175,-7.903064535874183,0.23026315337319936,0.403064535874166,0.17280138250096666,1,0,1,0
1037,1037.0,10.37,-7.500000000000017,-7.269755979807369,-7.902355479796148,0.23024402019264745,0.40235547979613084,0.1721114596034834,1,0,1,0
1038,1038.0,10.38,-7.500000000000017,-7.26850862488198,-7.900227483162699,0.2314913751180372,0.4002274831626824,0.16873610804464523,1,0,1,0
1039,1039.0,10.39,-7.500000000000017,-7.271338011306322,-7.896967553334045,0.2286619886936947,0.39696755333402844,0.16830556464033375,1,0,1,0
1040,1040.0,10.4,-7.500000000000017,-7.272286645179334,-7.895431219651655,0.22771335482068267,0.3954312196516385,0.16771786483095585,1,0,1,0
1041,1041.0,10.41,-7.500000000000017,-7.271590632652007,-7.892861210638413,0.22840936734800987,0.3928612106383964,0.16445184329038653,1,0,1,0
1042,1042.0,10.42,-7.500000000000017,-7.271087744247657,-7.892016524269056,0.22891225575235996,0.39201652426903877,0.1631042685166788,1,0,1,0
1043,1043.0,10.43,-7.500000000000017,-7.271098414969459,-7.889996868317452,0.2289015850305578,0.38999686831743485,0.16109528328687706,1,0,1,0
1044,1044.0,10.44,-7.500000000000017,-7.269865564422181,-7.890301935165894,0.23013443557783564,0.3903019351658772,0.16016749958804155,1,0,1,0
1045,1045.0,10.45,-7.500000000000017,-7.270957842510812,-7.889833257697637,0.22904215748920453,0.38983325769762,0.16079110020841547,1,0,1,0
1046,1046.0,10.46,-7.500000000000017,-7.27181397360464,-7.88853859953052,0.22818602639537655,0.38853859953050307,0.16035257313512652,1,0,1,0
1047,1047.0,10.47,-7.500000000000017,-7.270450189630481,-7.886855959482035,0.22954981036953548,0.386855959482018,0.15730614911248253,1,0,1,0
1048,1048.0,10.48,-7.500000000000017,-7.269735916990476,-7.885798986876268,0.2302640830095406,0.38579898687625125,0.15553490386671065,1,0,1,0
1049,1049.0,10.49,-7.500000000000017,-7.267762675420863,-7.884824598814041,0.23223732457915425,0.3848245988140242,0.15258727423486995,1,0,1,0
1050,1050.0,10.5,-7.500000000000017,-7.268722206913895,-7.8849879738017545,0.23127779308612162,0.38498797380173766,0.15371018071561604,1,0,1,0
1051,1051.0,10.51,-7.500000000000017,-7.268500890382038,-7.886611815605278,0.23149910961797904,0.3866118156052609,0.15511270598728188,1,0,1,0
1052,1052.0,10.52,-7.500000000000017,-7.269692327466774,-7.8855769754394265,0.23030767253324314,0.3855769754394096,0.15526930290616647,1,0,1,0
1053,1053.0,10.53,-7.500000000000017,-7.270995402471333,-7.884962746151183,0.22900459752868407,0.38496274615116644,0.15595814862248236,1,0,1,0
1054,1054.0,10.54,-7.500000000000017,-7.271400851440454,-7.8841678950521645,0.22859914855956287,0.38416789505214766,0.1555687464925848,1,0,1,0
1055,1055.0,10.55,-7.500000000000017,-7.271181038165074,-7.883562135371868,0.22881896183494277,0.383562135371851,0.15474317353690825,1,0,1,0
1056,1056.0,10.56,-7.500000000000017,-7.271932694285602,-7.881518441676924,0.22806730571441491,0.3815184416769073,0.15345113596249238,1,0,1,0
1057,1057.0,10.57,-7.500000000000017,-7.273814405404262,-7.8798264525523365,0.22618559459575494,0.3798264525523196,0.15364085795656468,1,0,1,0
1058,1058.0,10.58,-7.500000000000017,-7.272902431640412,-7.878258403367878,0.22709756835960526,0.37825840336786154,0.15116083500825628,1,0,1,0
1059,1059.0,10.59,-7.500000000000017,-7.274771368518238,-7.877230413000358,0.2252286314817793,0.37723041300034144,0.15200178151856214,1,0,1,0
1060,1060.0,10.6,-7.500000000000017,-7.275123038611831,-7.8779622491004755,0.22487696138818603,0.3779622491004586,0.1530852877122726,1,0,1,0
1061,1061.0,10.61,-7.500000000000017,-7.277637705657194,-7.876909951157151,0.2223622943428225,0.3769099511571339,0.15454765681431137,1,0,1,0
1062,1062.0,10.62,-7.500000000000017,-7.277047436025534,-7.8750266269476095,0.2229525639744825,0.3750266269475926,0.1520740629731101,1,0,1,0
1063,1063.0,10.63,-7.500000000000017,-7.276872275698307,-7.874657896879822,0.22312772430171002,0.3746578968798051,0.1515301725780951,1,0,1,0
1064,1064.0,10.64,-7.500000000000017,-7.2774812695641256,-7.8744813976082675,0.22251873043589132,0.3744813976082506,0.1519626671723593,1,0,1,0
1065,1065.0,10.65,-7.500000000000017,-7.277833572344876,-7.8753738335868775,0.22216642765514116,0.3753738335868606,0.15320740593171944,1,0,1,0
1066,1066.0,10.66,-7.500000000000017,-7.277052018503649,-7.875204976901089,0.22294798149636819,0.37520497690107213,0.15225699540470394,1,0,1,0
1067,1067.0,10.67,-7.500000000000017,-7.278063180311992,-7.874647150832635,0.22193681968802448,0.3746471508326179,0.15271033114459343,1,0,1,0
1068,1068.0,10.68,-7.500000000000017,-7.278540035586519,-7.8744949192757545,0.2214599644134978,0.37449491927573764,0.15303495486223984,1,0,1,0
1069,1069.0,10.69,-7.500000000000017,-7.279890947784608,-7.874899583424305,0.22010905221540877,0.37489958342428853,0.15479053120887976,1,0,1,0
1070,1070.0,10.7,-7.500000000000017,-7.279601229711801,-7.873291126474309,0.22039877028821575,0.3732911264742924,0.15289235618607666,1,0,1,0
1071,1071.0,10.71,-7.500000000000017,-7.279634770674307,-7.87205456825486,0.22036522932570968,0.3720545682548435,0.15168933892913383,1,0,1,0
1072,1072.0,10.72,-7.500000000000017,-7.28039913401376,-7.871505677472215,0.21960086598625672,0.3715056774721983,0.1519048114859416,1,0,1,0
1073,1073.0,10.73,-7.500000000000017,-7.282390803129732,-7.870619136514439,0.2176091968702849,0.37061913651442246,0.15300993964413756,1,0,1,0
1074,1074.0,10.74,-7.500000000000017,-7.2835376554135705,-7.870373267338918,0.21646234458644642,0.3703732673389011,0.15391092275245466,1,0,1,0
1075,1075.0,10.75,-7.500000000000017,-7.284271080907607,-7.869077137886887,0.21572891909240965,0.3690771378868698,0.15334821879446014,1,0,1,0
1076,1076.0,10.76,-7.500000000000017,-7.284846749970193,-7.868351987963598,0.21515325002982344,0.3683519879635808,0.15319873793375738,1,0,1,0
1077,1077.0,10.77,-7.500000000000017,-7.2852724505447135,-7.868078303456244,0.21472754945530337,0.36807830345622694,0.15335075400092357,1,0,1,0
1078,1078.0,10.78,-7.500000000000017,-7.284919217326914,-7.865758517167226,0.2150807826731027,0.3657585171672091,0.15067773449410637,1,0,1,0
1079,1079.0,10.79,-7.500000000000017,-7.285797972091236,-7.865111715032265,0.2142020279087813,0.36511171503224826,0.15090968712346697,1,0,1,0
1080,1080.0,10.8,-7.500000000000017,-7.286508526296171,-7.863125752358323,0.21349147370384625,0.36312575235830646,0.14963427865446022,1,0,1,0
1081,1081.0,10.81,-7.500000000000017,-7.28564264939571,-7.86214538331979,0.21435735060430705,0.3621453833197732,0.14778803271546614,1,0,1,0
1082,1082.0,10.82,-7.500000000000017,-7.285167089609353,-7.86185146035837,0.21483291039066366,0.3618514603583529,0.14701854996768926,1,0,1,0
1083,1083.0,10.83,-7.500000000000017,-7.2830414334882745,-7.861137088594316,0.2169585665117424,0.36113708859429927,0.14417852208255688,1,0,1,0
1084,1084.0,10.84,-7.500000000000017,-7.285058720005919,-7.859773341665146,0.21494127999409773,0.35977334166512875,0.14483206167103102,1,0,1,0
1085,1085.0,10.85,-7.500000000000017,-7.2844528065921095,-7.857228494026269,0.2155471934079074,0.357228494026252,0.1416813006183446,1,0,1,0
1086,1086.0,10.86,-7.500000000000017,-7.282454104373766,-7.8567230244286606,0.21754589562625082,0.3567230244286437,0.13917712880239286,1,0,1,0
1087,1087.0,10.87,-7.500000000000017,-7.282218830894376,-7.857101748219225,0.21778116910564105,0.3571017482192085,0.13932057911356743,1,0,1,0
1088,1088.0,10.88,-7.500000000000017,-7.282032348345807,-7.857778345632552,0.2179676516542095,0.35777834563253474,0.13981069397832524,1,0,1,0
1089,1089.0,10.89,-7.500000000000017,-7.280742388739432,-7.856368725410642,0.21925761126058507,0.3563687254106247,0.13711111415003963,1,0,1,0
1090,1090.0,10.9,-7.500000000000017,-7.281674000263069,-7.855380392346534,0.21832599973694755,0.3553803923465173,0.13705439260956975,1,0,1,0
1091,1091.0,10.91,-7.500000000000017,-7.2820887711182385,-7.854331710285651,0.21791122888177838,0.35433171028563404,0.13642048140385565,1,0,1,0
1092,1092.0,10.92,-7.500000000000017,-7.280713789803533,-7.8541419004358355,0.21928621019648364,0.3541419004358186,0.13485569023933497,1,0,1,0
1093,1093.0,10.93,-7.500000000000017,-7.280143324221946,-7.850580767530742,0.2198566757780709,0.3505807675307251,0.1307240917526542,1,0,1,0
1094,1094.0,10.94,-7.500000000000017,-7.2806865972618695,-7.84778954966355,0.21931340273814737,0.34778954966353304,0.12847614692538567,1,0,1,0
1095,1095.0,10.95,-7.500000000000017,-7.282174988921686,-7.845980115785448,0.21782501107833063,0.345980115785431,0.12815510470710034,1,0,1,0
1096,1096.0,10.96,-7.500000000000017,-7.282541926604228,-7.845151489771848,0.2174580733957887,0.3451514897718315,0.1276934163760428,1,0,1,0
1097,1097.0,10.97,-7.500000000000017,-7.281588660786045,-7.846416510611485,0.21841133921397216,0.3464165106114683,0.12800517139749612,1,0,1,0
1098,1098.0,10.98,-7.500000000000017,-7.280712662371331,-7.845575068624295,0.21928733762868546,0.345575068624278,0.12628773099559254,1,0,1,0
1099,1099.0,10.99,-7.500000000000017,-7.27990463621507,-7.843464412154352,0.22009536378494676,0.34346441215433554,0.12336904836938878,1,0,1,0
1100,1100.0,11.0,-7.500000000000017,-7.280002282603054,-7.843001188671348,0.2199977173969625,0.3430011886713311,0.12300347127436861,1,0,1,0
1101,1101.0,11.01,-7.500000000000017,-7.279329512010366,-7.842124937591528,0.2206704879896506,0.3421249375915112,0.12145444960186058,1,0,1,0
1102,1102.0,11.02,-7.500000000000017,-7.28039136149904,-7.841106617827868,0.21960863850097656,0.341106617827851,0.12149797932687445,1,0,1,0
1103,1103.0,11.03,-7.500000000000017,-7.278212073798768,-7.839433782230079,0.22178792620124899,0.3394337822300617,0.11764585602881272,1,0,1,0
1104,1104.0,11.04,-7.500000000000017,-7.276807504042029,-7.839080051771718,0.22319249595798762,0.33908005177170075,0.11588755581371313,1,0,1,0
1105,1105.0,11.05,-7.500000000000017,-7.276125533358367,-7.839689615406478,0.22387446664165012,0.3396896154064608,0.1158151487648107,1,0,1,0
1106,1106.0,11.06,-7.500000000000017,-7.277192112370419,-7.840403230537076,0.2228078876295978,0.340403230537059,0.11759534290746121,1,0,1,0
1107,1107.0,11.07,-7.500000000000017,-7.276491014941668,-7.839211935129162,0.22350898505834849,0.3392119351291454,0.1157029500707969,1,0,1,0
1108,1108.0,11.08,-7.500000000000017,-7.274683652011037,-7.838471563107709,0.22531634798898015,0.3384715631076922,0.11315521511871207,1,0,1,0
1109,1109.0,11.09,-7.500000000000017,-7.274358162271808,-7.838347016823646,0.225641837728209,0.33834701682362933,0.11270517909542033,1,0,1,0
1110,1110.0,11.1,-7.500000000000017,-7.273792052585185,-7.83736117332344,0.22620794741483152,0.33736117332342275,0.11115322590859122,1,0,1,0
1111,1111.0,11.11,-7.500000000000017,-7.274378263773379,-7.838135664329452,0.22562173622663817,0.3381356643294353,0.11251392810279714,1,0,1,0
1112,1112.0,11.12,-7.500000000000017,-7.273133168718726,-7.837059171787915,0.22686683128129115,0.3370591717878977,0.11019234050660653,1,0,1,0
1113,1113.0,11.13,-7.500000000000017,-7.273719785623604,-7.836946498805223,0.22628021437641266,0.3369464988052062,0.11066628442879356,1,0,1,0
1114,1114.0,11.14,-7.500000000000017,-7.273908569150049,-7.836700085531506,0.22609143084996752,0.336700085531489,0.11060865468152148,1,0,1,0
1115,1115.0,11.15,-7.500000000000017,-7.274559984617132,-7.83543934320344,0.22544001538288505,0.33543934320342306,0.109999327820538,1,0,1,0
1116,1116.0,11.16,-7.500000000000017,-7.274653280435278,-7.836322590834302,0.2253467195647385,0.3363225908342855,0.110975871269547,1,0,1,0
1117,1117.0,11.17,-7.500000000000017,-7.275405351451106,-7.835348223106634,0.2245946485489112,0.3353482231066174,0.11075357455770618,1,0,1,0
1118,1118.0,11.18,-7.500000000000017,-7.2753553743197985,-7.834773806041685,0.22464462568021837,0.3347738060416683,0.11012918036144992,1,0,1,0
1119,1119.0,11.19,-7.500000000000017,-7.275521168833853,-7.834264618208681,0.22447883116616385,0.33426461820866393,0.10978578704250008,1,0,1,0
1120,1120.0,11.2,-7.500000000000017,-7.27590915958507,-7.833382983425479,0.22409084041494687,0.33338298342546224,0.10929214301051537,1,0,1,0
1121,1121.0,11.21,-7.500000000000017,-7.277065369193425,-7.833058007313463,0.22293463080659226,0.33305800731344615,0.11012337650685389,1,0,1,0
1122,1122.0,11.22,-7.500000000000017,-7.2766354812411995,-7.831675224166306,0.22336451875881735,0.3316752241662888,0.10831070540747145,1,0,1,0
1123,1123.0,11.23,-7.500000000000017,-7.275124702499086,-7.8312439862750365,0.2248752975009305,0.3312439862750196,0.10636868877408912,1,0,1,0
1124,1124.0,11.24,-7.500000000000017,-7.275856911908136,-7.830041005851943,0.2241430880918811,0.3300410058519265,0.10589791776004542,1,0,1,0
1125,1125.0,11.25,-7.500000000000017,-7.275511834814967,-7.827879562121089,0.22448816518504966,0.3278795621210717,0.10339139693602206,1,0,1,0
1126,1126.0,11.26,-7.500000000000017,-7.275355253830728,-7.8277427396198185,0.22464474616928864,0.3277427396198016,0.10309799345051296,1,0,1,0
1127,1127.0,11.27,-7.500000000000017,-7.274806416148552,-7.827617364568176,0.22519358385146493,0.3276173645681588,0.10242378071669389,1,0,1,0
1128,1128.0,11.28,-7.500000000000017,-7.274177759924434,-7.826862066108763,0.2258222400755825,0.32686206610874624,0.10103982603316375,1,0,1,0
1129,1129.0,11.29,-7.500000000000017,-7.27295962330341,-7.827214528309518,0.22704037669660693,0.3272145283095007,0.10017415161289378,1,0,1,0
1130,1130.0,11.3,-7.500000000000017,-7.273587944810338,-7.823851758777986,0.22641205518967844,0.3238517587779688,0.09743970358829035,1,0,0,1
1131,1131.0,11.31,-7.500000000000017,-7.2737902901530855,-7.8217591932551045,0.22620970984693134,0.3217591932550876,0.09554948340815628,1,0,0,1
1132,1132.0,11.32,-7.500000000000017,-7.274216819898832,-7.820233967244046,0.22578318010118448,0.32023396724402886,0.09445078714284438,1,0,0,1
1133,1133.0,11.33,-7.500000000000017,-7.27226810779714,-7.819177610925321,0.22773189220287726,0.31917761092530395,0.09144571872242668,1,0,0,1
1134,1134.0,11.34,-7.500000000000017,-7.271315845087797,-7.819156003901915,0.22868415491222027,0.3191560039018979,0.09047184898967764,1,0,0,1
1135,1135.0,11.35,-7.500000000000017,-7.272503507011775,-7.8181879636285,0.2274964929882417,0.3181879636284828,0.09069147064024108,1,0,0,1
1136,1136.0,11.36,-7.500000000000017,-7.271923111853531,-7.818189082997752,0.22807688814648586,0.3181890829977352,0.09011219485124933,1,0,0,1
1137,1137.0,11.37,-7.500000000000017,-7.27155816509247,-7.81889118015071,0.22844183490754677,0.3188911801506933,0.09044934524314652,1,0,0,1
1138,1138.0,11.38,-7.500000000000017,-7.272399502761923,-7.818166723129804,0.22760049723809406,0.3181667231297869,0.09056622589169283,1,0,0,1
1139,1139.0,11.39,-7.500000000000017,-7.272305615839949,-7.816571285042911,0.22769438416006782,0.3165712850428939,0.08887690088282607,1,0,0,1
1140,1140.0,11.4,-7.500000000000017,-7.2715283785989815,-7.814914777565771,0.22847162140103539,0.3149147775657539,0.08644315616471854,1,0,0,1
1141,1141.0,11.41,-7.500000000000017,-7.272974460337493,-7.815024420914029,0.2270255396625238,0.3150244209140123,0.08799888125148847,1,0,0,1
1142,1142.0,11.42,-7.500000000000017,-7.27285753720006,-7.816335908301113,0.2271424627999572,0.31633590830109615,0.08919344550113895,1,0,0,1
1143,1143.0,11.43,-7.500000000000017,-7.27099048683757,-7.816016313731972,0.22900951316244722,0.3160163137319554,0.08700680056950816,1,0,0,1
1144,1144.0,11.44,-7.500000000000017,-7.270521169175664,-7.815047396621996,0.22947883082435272,0.31504739662197956,0.08556856579762684,1,0,0,1
1145,1145.0,11.45,-7.500000000000017,-7.27134679748892,-7.81429475521723,0.22865320251109722,0.3142947552172135,0.08564155270611629,1,0,0,1
1146,1146.0,11.46,-7.500000000000017,-7.2724440075031405,-7.814757650190299,0.2275559924968764,0.31475765019028223,0.08720165769340582,1,0,0,1
1147,1147.0,11.47,-7.500000000000017,-7.271902712149086,-7.8123478318244555,0.22809728785093064,0.3123478318244386,0.08425054397350795,1,0,0,1
1148,1148.0,11.48,-7.500000000000017,-7.272424117207164,-7.811717509064242,0.2275758827928529,0.31171750906422524,0.08414162627137234,1,0,0,1
1149,1149.0,11.49,-7.500000000000017,-7.272815674132952,-7.809731330303908,0.22718432586706516,0.3097313303038911,0.08254700443682594,1,0,0,1
1150,1150.0,11.5,-7.500000000000017,-7.273529307000547,-7.81085390951924,0.2264706929994702,0.3108539095192233,0.08438321651975311,1,0,0,1
1151,1151.0,11.51,-7.500000000000017,-7.274908474128269,-7.810900224810356,0.22509152587174786,0.3109002248103394,0.08580869893859155,1,0,0,1
1152,1152.0,11.52,-7.500000000000017,-7.275469825857852,-7.809516797603346,0.22453017414216525,0.3095167976033295,0.08498662346116426,1,0,0,1
1153,1153.0,11.53,-7.500000000000017,-7.276599722126449,-7.808459993176107,0.22340027787356753,0.30845999317608985,0.08505971530252232,1,0,0,1
1154,1154.0,11.54,-7.500000000000017,-7.274748367116952,-7.807430080685758,0.22525163288306516,0.30743008068574085,0.08217844780267569,1,0,0,1
1155,1155.0,11.55,-7.500000000000017,-7.2764416720143075,-7.807302161296939,0.2235583279857094,0.30730216129692245,0.08374383331121305,1,0,0,1
1156,1156.0,11.56,-7.500000000000017,-7.2793996823262885,-7.806352013639983,0.22060031767372834,0.306352013639966,0.08575169596623766,1,0,0,1
1157,1157.0,11.57,-7.500000000000017,-7.279451484860794,-7.80515973061853,0.2205485151392228,0.305159730618513,0.08461121547929018,1,0,0,1
1158,1158.0,11.58,-7.500000000000017,-7.2797931387343064,-7.804674543302249,0.22020686126571043,0.304674543302232,0.08446768203652155,1,0,0,1
1159,1159.0,11.59,-7.500000000000017,-7.280025532463706,-7.8058619815601205,0.21997446753631067,0.3058619815601036,0.08588751402379291,1,0,0,1
1160,1160.0,11.6,-7.500000000000017,-7.280431842750485,-7.806268750582292,0.21956815724953227,0.30626875058227476,0.08670059333274249,1,0,0,1
1161,1161.0,11.61,-7.500000000000017,-7.280454040292841,-7.805625965519749,0.21954595970717605,0.30562596551973176,0.0860800058125557,1,0,0,1
1162,1162.0,11.62,-7.500000000000017,-7.280335282578809,-7.804968470933333,0.21966471742120763,0.304968470933316,0.0853037535121084,1,0,0,1
1163,1163.0,11.63,-7.500000000000017,-7.279495832426109,-7.80463582911361,0.22050416757390767,0.3046358291135931,0.08413166153968543,1,0,0,1
1164,1164.0,11.64,-7.500000000000017,-7.280091471758695,-7.804562384840358,0.219908528241322,0.3045623848403407,0.0846538565990187,1,0,0,1
1165,1165.0,11.65,-7.500000000000017,-7.278904881880863,-7.80503868765408,0.2210951181191536,0.30503868765406317,0.08394356953490956,1,0,0,1
1166,1166.0,11.66,-7.500000000000017,-7.277954617040687,-7.803735311744922,0.22204538295932963,0.3037353117449051,0.08168992878557546,1,0,0,1
1167,1167.0,11.67,-7.500000000000017,-7.278629717370814,-7.803163396750052,0.221370282629203,0.3031633967500351,0.08179311412083212,1,0,0,1
1168,1168.0,11.68,-7.500000000000017,-7.277782078659774,-7.801484746929939,0.22221792134024287,0.3014847469299218,0.0792668255896789,1,0,0,1
1169,1169.0,11.69,-7.500000000000017,-7.278525125302417,-7.801109936917241,0.2214748746976003,0.3011099369172241,0.0796350622196238,1,0,0,1
1170,1170.0,11.7,-7.500000000000017,-7.276928272830417,-7.800829311038633,0.2230717271696001,0.30082931103861643,0.07775758386901632,1,0,0,1
1171,1171.0,11.71,-7.500000000000017,-7.274855492402675,-7.800466860716394,0.22514450759734217,0.3004668607163774,0.07532235311903523,1,0,0,1
1172,1172.0,11.72,-7.500000000000017,-7.274403636683474,-7.798843443086304,0.22559636331654254,0.2988434430862874,0.07324707976974487,1,0,0,1
1173,1173.0,11.73,-7.500000000000017,-7.275512403323172,-7.79972717050893,0.2244875966768447,0.2997271705089135,0.0752395738320688,1,0,0,1
1174,1174.0,11.74,-7.500000000000017,-7.27513376776977,-7.7999218893213325,0.22486623223024704,0.2999218893213156,0.07505565709106854,1,0,0,1
1175,1175.0,11.75,-7.500000000000017,-7.273270130242876,-7.800662022012471,0.2267298697571407,0.30066202201245407,0.07393215225531335,1,0,0,1
1176,1176.0,11.76,-7.500000000000017,-7.272619149395795,-7.799681418732978,0.22738085060422186,0.29968141873296084,0.07230056812873897,1,0,0,1
1177,1177.0,11.77,-7.500000000000017,-7.272699617768934,-7.798464600493054,0.22730038223108284,0.2984646004930367,0.07116421826195385,1,0,0,1
1178,1178.0,11.78,-7.500000000000017,-7.272898010177646,-7.798075107725071,0.22710198982237095,0.2980751077250545,0.07097311790268357,1,0,0,1
1179,1179.0,11.79,-7.500000000000017,-7.273024923246541,-7.7971649764562665,0.22697507675347595,0.2971649764562496,0.07018989970277367,1,0,0,1
1180,1180.0,11.8,-7.500000000000017,-7.272782988210891,-7.7972171288664756,0.22721701178912568,0.2972171288664587,0.070000117077333,1,0,0,1
1181,1181.0,11.81,-7.500000000000017,-7.2743722977109355,-7.796702752466335,0.22562770228908136,0.2967027524663184,0.07107505017723703,1,0,0,1
1182,1182.0,11.82,-7.500000000000017,-7.274047074573495,-7.794548435719508,0.22595292542652157,0.2945484357194914,0.06859551029296984,1,0,0,1
1183,1183.0,11.83,-7.500000000000017,-7.271727847230072,-7.7939072377216965,0.22827215276994473,0.2939072377216796,0.06563508495173487,1,0,0,1
1184,1184.0,11.84,-7.500000000000017,-7.272194770902653,-7.792849548037649,0.22780522909736423,0.2928495480376325,0.0650443189402683,1,0,0,1
1185,1185.0,11.85,-7.500000000000017,-7.272317626715534,-7.79302673668383,0.22768237328448304,0.29302673668381285,0.06534436339932981,1,0,0,1
1186,1186.0,11.86,-7.500000000000017,-7.271416838293232,-7.791414230340581,0.22858316170678528,0.291414230340564,0.06283106863377874,1,0,0,1
1187,1187.0,11.87,-7.500000000000017,-7.2708559637924575,-7.7911241171045695,0.2291440362075594,0.29112411710455266,0.06198008089699325,1,0,0,1
1188,1188.0,11.88,-7.500000000000017,-7.272845584816589,-7.790844821442252,0.22715441518342772,0.290844821442235,0.06369040625880729,1,0,0,1
1189,1189.0,11.89,-7.500000000000017,-7.2736720525881875,-7.789308007817925,0.22632794741182938,0.2893080078179082,0.06298006040607884,1,0,0,1
1190,1190.0,11.9,-7.500000000000017,-7.2737183910956675,-7.7883142980275695,0.22628160890434934,0.2883142980275526,0.062032689123203255,1,0,0,1
1191,1191.0,11.91,-7.500000000000017,-7.272991258189914,-7.786267281050218,0.22700874181010278,0.2862672810502014,0.05925853924009861,1,0,0,1
1192,1192.0,11.92,-7.500000000000017,-7.272727357235423,-7.7854552859206,0.2272726427645937,0.285455285920583,0.05818264315598931,1,0,0,1
1193,1193.0,11.93,-7.500000000000017,-7.274236223602152,-7.784628718463628,0.22576377639786482,0.28462871846361093,0.058864942065746106,1,0,0,1
1194,1194.0,11.94,-7.500000000000017,-7.275353668052976,-7.784655259170631,0.2246463319470413,0.28465525917061374,0.06000892722357243,1,0,0,1
1195,1195.0,11.95,-7.500000000000017,-7.27728528675486,-7.784596743153505,0.22271471324515701,0.2845967431534877,0.061882029908330694,1,0,0,1
1196,1196.0,11.96,-7.500000000000017,-7.279300067188913,-7.784772580311421,0.22069993281110367,0.2847725803114045,0.06407264750030084,1,0,0,1
1197,1197.0,11.97,-7.500000000000017,-7.277965332406444,-7.784896926179601,0.22203466759357315,0.2848969261795844,0.06286225858601124,1,0,0,1
1198,1198.0,11.98,-7.500000000000017,-7.277596527814093,-7.7838249858516315,0.22240347218592404,0.28382498585161464,0.0614215136656906,1,0,0,1
1199,1199.0,11.99,-7.500000000000017,-7.277737838378343,-7.783823112405807,0.222262161621674,0.2838231124057904,0.061560950784116386,1,0,0,1
1200,1200.0,12.0,-7.500000000000017,-7.277126850069643,-7.783491526568614,0.22287314993037377,0.28349152656859733,0.06061837663822356,1,0,0,1
1201,1201.0,12.01,-7.500000000000017,-7.278097178142449,-7.783239798989592,0.22190282185756782,0.28323979898957496,0.06133697713200714,1,0,0,1
1202,1202.0,12.02,-7.500000000000017,-7.278909571399125,-7.78427998779507,0.2210904286008919,0.2842799877950535,0.06318955919416158,1,0,0,1
1203,1203.0,12.03,-7.500000000000017,-7.280196703223411,-7.784140572916348,0.2198032967766057,0.2841405729163311,0.0643372761397254,1,0,0,1
1204,1204.0,12.04,-7.500000000000017,-7.28212136766696,-7.784145226062045,0.21787863233305682,0.2841452260620283,0.06626659372897148,1,0,0,1
1205,1205.0,12.05,-7.500000000000017,-7.280865055948816,-7.783901001754561,0.21913494405120115,0.28390100175454425,0.0647660577033431,1,0,0,1
1206,1206.0,12.06,-7.500000000000017,-7.282944698984222,-7.782911958800443,0.21705530101579473,0.2829119588004261,0.06585665778463135,1,0,0,1
1207,1207.0,12.07,-7.500000000000017,-7.283044913957127,-7.781372046391292,0.2169550860428897,0.281372046391275,0.06441696034838529,1,0,0,1
1208,1208.0,12.08,-7.500000000000017,-7.284689236987938,-7.7803941160960495,0.21531076301207897,0.2803941160960326,0.06508335308395363,1,0,0,1
1209,1209.0,12.09,-7.500000000000017,-7.284837392008432,-7.779088680734443,0.2151626079915845,0.27908868073442594,0.06392607274284146,1,0,0,1
1210,1210.0,12.1,-7.500000000000017,-7.285229987116099,-7.780179884219072,0.21477001288391762,0.2801798842190548,0.0654098713351372,1,0,0,1
1211,1211.0,12.11,-7.500000000000017,-7.2836980708017744,-7.7806645557531295,0.21630192919824243,0.28066455575311267,0.06436262655487024,1,0,0,1
1212,1212.0,12.12,-7.500000000000017,-7.283904803613527,-7.780359452562546,0.21609519638648944,0.2803594525625295,0.06426425617604004,1,0,0,1
1213,1213.0,12.13,-7.500000000000017,-7.283206174468334,-7.779507173497607,0.21679382553168303,0.27950717349759024,0.06271334796590722,1,0,0,1
1214,1214.0,12.14,-7.500000000000017,-7.283234940744922,-7.77789299524764,0.2167650592550947,0.27789299524762345,0.06112793599252875,1,0,0,1
1215,1215.0,12.15,-7.500000000000017,-7.282916918127146,-7.777806348203866,0.21708308187287084,0.27780634820384886,0.06072326633097802,1,0,0,1
1216,1216.0,12.16,-7.500000000000017,-7.282872199209722,-7.77510885929212,0.21712780079029503,0.2751088592921027,0.05798105850180768,1,0,0,1
1217,1217.0,12.17,-7.500000000000017,-7.281232724153694,-7.774074995701202,0.21876727584632327,0.2740749957011852,0.055307719854861936,1,0,0,1
1218,1218.0,12.18,-7.500000000000017,-7.28170546496564,-7.772872781159962,0.218294535034377,0.2728727811599452,0.054578246125568164,1,0,0,1
1219,1219.0,12.19,-7.500000000000017,-7.2818416893131825,-7.772495054852478,0.21815831068683433,0.2724950548524614,0.05433674416562706,1,0,0,1
1220,1220.0,12.2,-7.500000000000017,-7.279985493621108,-7.771970039720948,0.22001450637890851,0.27197003972093103,0.05195553334202252,1,0,0,1
1221,1221.0,12.21,-7.500000000000017,-7.280944192601538,-7.770386974723358,0.21905580739847874,0.2703869747233414,0.05133116732486265,1,0,0,1
1222,1222.0,12.22,-7.500000000000017,-7.281542106229014,-7.769619960073904,0.2184578937710029,0.26961996007388755,0.05116206630288467,1,0,0,1
1223,1223.0,12.23,-7.500000000000017,-7.281598663505979,-7.76869064032186,0.21840133649403803,0.268690640321843,0.05028930382780494,1,0,0,1
1224,1224.0,12.24,-7.500000000000017,-7.281036476042509,-7.767442429356445,0.21896352395750807,0.2674424293564277,0.048478905398919636,1,0,0,1
1225,1225.0,12.25,-7.500000000000017,-7.280121996060421,-7.768619893324948,0.21987800393959578,0.2686198933249315,0.048741889385335746,1,0,0,1
1226,1226.0,12.26,-7.500000000000017,-7.281126967333432,-7.768557461216122,0.2188730326665853,0.2685574612161048,0.04968442854951949,1,0,0,1
1227,1227.0,12.27,-7.500000000000017,-7.281845068090562,-7.767578954530206,0.21815493190945467,0.26757895453018943,0.04942402262073475,1,0,0,1
1228,1228.0,12.28,-7.500000000000017,-7.282456912852678,-7.76627684374297,0.21754308714733916,0.26627684374295324,0.048733756595614075,1,0,0,1
1229,1229.0,12.29,-7.500000000000017,-7.284004228150589,-7.765695580661095,0.2159957718494283,0.26569558066107835,0.04969980881165004,1,0,0,1
1230,1230.0,12.3,-7.500000000000017,-7.283503248897877,-7.764786333866551,0.21649675110213984,0.2647863338665344,0.048289582764394545,1,0,0,1
1231,1231.0,12.31,-7.500000000000017,-7.283990547956222,-7.763403398109792,0.21600945204379496,0.26340339810977476,0.0473939460659798,1,0,0,1
1232,1232.0,12.32,-7.500000000000017,-7.284673836013326,-7.763178842578937,0.21532616398669102,0.2631788425789203,0.0478526785922293,1,0,0,1
1233,1233.0,12.33,-7.500000000000017,-7.283521749918853,-7.763882893213392,0.21647825008116417,0.263882893213375,0.04740464313221082,1,0,0,1
1234,1234.0,12.34,-7.500000000000017,-7.284984590858625,-7.765102857878378,0.21501540914139206,0.26510285787836096,0.05008744873696891,1,0,0,1
1235,1235.0,12.35,-7.500000000000017,-7.284823350997447,-7.76585348660359,0.2151766490025695,0.26585348660357333,0.05067683760100383,1,0,0,1
1236,1236.0,12.36,-7.500000000000017,-7.2850531905691165,-7.766319918620283,0.2149468094309004,0.26631991862026627,0.051373109189365884,1,0,0,1
1237,1237.0,12.37,-7.500000000000017,-7.282657395139961,-7.76620913910325,0.21734260486005574,0.26620913910323285,0.04886653424317711,1,0,0,1
1238,1238.0,12.38,-7.500000000000017,-7.28115996581222,-7.765779225575334,0.21884003418779674,0.26577922557531686,0.04693919138752012,1,0,0,1
1239,1239.0,12.39,-7.500000000000017,-7.28033032228946,-7.764665675320457,0.21966967771055668,0.2646656753204404,0.04499599760988371,1,0,0,1
1240,1240.0,12.4,-7.500000000000017,-7.280813417359824,-7.764064997827256,0.21918658264019264,0.2640649978272389,0.04487841518704627,1,0,0,1
1241,1241.0,12.41,-7.500000000000017,-7.280651477212269,-7.763706404820758,0.2193485227877483,0.26370640482074137,0.04435788203299307,1,0,0,1
1242,1242.0,12.42,-7.500000000000017,-7.279727631548732,-7.763092840912472,0.22027236845128506,0.26309284091245555,0.04282047246117049,1,0,0,1
1243,1243.0,12.43,-7.500000000000017,-7.280650610465036,-7.762197304896897,0.2193493895349805,0.26219730489687976,0.04284791536189925,1,0,0,1
1244,1244.0,12.44,-7.500000000000017,-7.279179661559225,-7.760811996191367,0.22082033844079163,0.2608119961913502,0.039991657750558574,1,0,0,1
1245,1245.0,12.45,-7.500000000000017,-7.278355071060466,-7.759414885251919,0.22164492893955057,0.2594148852519025,0.037769956312351916,1,0,0,1
1246,1246.0,12.46,-7.500000000000017,-7.2774928269030505,-7.759286250613301,0.22250717309696633,0.25928625061328425,0.036779077516317926,1,0,0,1
1247,1247.0,12.47,-7.500000000000017,-7.277437506837171,-7.758581853076965,0.2225624931628456,0.25858185307694814,0.036019359914102544,1,0,0,1
1248,1248.0,12.48,-7.500000000000017,-7.277531563965941,-7.757480986314431,0.22246843603407562,0.2574809863144143,0.03501255028033867,1,0,0,1
1249,1249.0,12.49,-7.500000000000017,-7.278524585080565,-7.757632651735897,0.22147541491945155,0.25763265173588046,0.036157236816428906,1,0,0,1
1250,1250.0,12.5,-7.500000000000017,-7.27871467073559,-7.75652876576441,0.22128532926442723,0.25652876576439354,0.03524343649996631,1,0,0,1
1251,1251.0,12.51,-7.500000000000017,-7.27789684515628,-7.755551864967527,0.22210315484373666,0.2555518649675097,0.03344871012377304,1,0,0,1
1252,1252.0,12.52,-7.500000000000017,-7.2778417945876885,-7.756179449235737,0.22215820541232834,0.2561794492357201,0.03402124382339178,1,0,0,1
1253,1253.0,12.53,-7.500000000000017,-7.277486036103385,-7.75367564855125,0.22251396389663203,0.2536756485512335,0.03116168465460145,1,0,0,1
1254,1254.0,12.54,-7.500000000000017,-7.279166216260998,-7.753522369428588,0.2208337837390193,0.25352236942857154,0.03268858568955224,1,0,0,1
1255,1255.0,12.55,-7.500000000000017,-7.280216478210257,-7.752567382948246,0.21978352178975946,0.25256738294822956,0.032783861158470096,1,0,0,1
1256,1256.0,12.56,-7.500000000000017,-7.279572904444782,-7.7528254218873665,0.22042709555523476,0.2528254218873496,0.03239832633211481,1,0,0,1
1257,1257.0,12.57,-7.500000000000017,-7.280739215110734,-7.754589956761449,0.2192607848892827,0.25458995676143203,0.035329171872149345,1,0,0,1
1258,1258.0,12.58,-7.500000000000017,-7.279923336978816,-7.754050524755984,0.2200766630212012,0.254050524755967,0.0339738617347658,1,0,0,1
1259,1259.0,12.59,-7.500000000000017,-7.280529091504039,-7.7526468223543885,0.21947090849597828,0.25264682235437164,0.03317591385839336,1,0,0,1
1260,1260.0,12.6,-7.500000000000017,-7.279688897667647,-7.751344790547264,0.22031110233236983,0.2513447905472468,0.031033688214876953,1,0,0,1
1261,1261.0,12.61,-7.500000000000017,-7.2795537031333035,-7.75197254447716,0.22044629686671335,0.2519725444771428,0.031526247610429436,1,0,0,1
1262,1262.0,12.62,-7.500000000000017,-7.279662532237831,-7.754212449419813,0.2203374677621861,0.25421244941979637,0.03387498165761027,1,0,0,1
1263,1263.0,12.63,-7.500000000000017,-7.27910986665568,-7.753283774981252,0.22089013334433716,0.25328377498123533,0.032393641636898174,1,0,0,1
1264,1264.0,12.64,-7.500000000000017,-7.278816206280071,-7.75341209926565,0.22118379371994568,0.253412099265633,0.03222830554568734,1,0,0,1
1265,1265.0,12.65,-7.500000000000017,-7.281210361830221,-7.7530003912469025,0.21878963816979624,0.25300039124688567,0.03421075307708943,1,0,0,1
1266,1266.0,12.66,-7.500000000000017,-7.282574144673934,-7.753042309135414,0.21742585532608327,0.25304230913539705,0.035616453809313775,1,0,0,1
1267,1267.0,12.67,-7.500000000000017,-7.281244124076704,-7.752454376108664,0.21875587592331325,0.2524543761086475,0.03369850018533427,1,0,0,1
1268,1268.0,12.68,-7.500000000000017,-7.281538223703644,-7.751118894017112,0.21846177629637253,0.251118894017095,0.03265711772072244,1,0,0,1
1269,1269.0,12.69,-7.500000000000017,-7.282714864459623,-7.751158383754146,0.21728513554039353,0.25115838375412913,0.03387324821373561,1,0,0,1
1270,1270.0,12.7,-7.500000000000017,-7.282314470588895,-7.751144450588486,0.21768552941112151,0.2511444505884688,0.03345892117734728,1,0,0,1
1271,1271.0,12.71,-7.500000000000017,-7.28314205025345,-7.752259818537586,0.2168579497465668,0.25225981853756885,0.035401868791002045,1,0,0,1
1272,1272.0,12.72,-7.500000000000017,-7.2828570989683366,-7.751928981738487,0.21714290103168032,0.25192898173847045,0.03478608070679012,1,0,0,1
1273,1273.0,12.73,-7.500000000000017,-7.284673663456256,-7.75182561739036,0.215326336543761,0.2518256173903435,0.036499280846582494,1,0,0,1
1274,1274.0,12.74,-7.500000000000017,-7.28433644102076,-7.751300432245293,0.21566355897925682,0.25130043224527654,0.03563687326601972,1,0,0,1
1275,1275.0,12.75,-7.500000000000017,-7.2839937097825045,-7.751886564754233,0.2160062902175124,0.25188656475421656,0.03588027453670417,1,0,0,1
1276,1276.0,12.76,-7.500000000000017,-7.2829888201000585,-7.751200378422382,0.21701117989995833,0.2512003784223653,0.03418919852240698,1,0,0,1
1277,1277.0,12.77,-7.500000000000017,-7.282196933110586,-7.74875836584531,0.21780306688943085,0.2487583658452932,0.030955298955862354,1,0,0,1
1278,1278.0,12.78,-7.500000000000017,-7.283512944785847,-7.747574177187189,0.21648705521417,0.24757417718717178,0.031087121973001786,1,0,0,1
1279,1279.0,12.79,-7.500000000000017,-7.283705847364153,-7.746448451059954,0.2162941526358635,0.24644845105993696,0.030154298424073467,1,0,0,1
1280,1280.0,12.8,-7.500000000000017,-7.283862094379314,-7.745502016476557,0.21613790562070267,0.24550201647654024,0.029364110855837566,1,0,0,1
1281,1281.0,12.81,-7.500000000000017,-7.284201241534687,-7.744451204575019,0.21579875846533003,0.24445120457500202,0.028652446109671992,1,0,0,1
1282,1282.0,12.82,-7.500000000000017,-7.283776282397862,-7.744415191109863,0.21622371760215486,0.24441519110984622,0.028191473507691356,1,0,0,1
1283,1283.0,12.83,-7.500000000000017,-7.281549716060676,-7.744556636265966,0.21845028393934118,0.24455663626594948,0.026106352326608295,1,0,0,1
1284,1284.0,12.84,-7.500000000000017,-7.282296317622765,-7.742421289872705,0.2177036823772518,0.24242128987268785,0.024717607495436056,1,0,0,1
1285,1285.0,12.85,-7.500000000000017,-7.284018769449757,-7.741678569202941,0.21598123055025997,0.2416785692029242,0.025697338652664214,1,0,0,1
1286,1286.0,12.86,-7.500000000000017,-7.285483561830151,-7.739957182173207,0.21451643816986632,0.23995718217318984,0.025440744003323523,1,0,0,1
1287,1287.0,12.87,-7.500000000000017,-7.285673128470382,-7.739574842307225,0.21432687152963492,0.23957484230720816,0.025247970777573236,1,0,0,1
1288,1288.0,12.88,-7.500000000000017,-7.28562840216547,-7.738794370863947,0.21437159783454707,0.23879437086393018,0.024422773029383116,1,0,0,1
1289,1289.0,12.89,-7.500000000000017,-7.286009994968511,-7.739307448326481,0.21399000503150578,0.2393074483264641,0.02531744329495833,1,0,0,1
1290,1290.0,12.9,-7.500000000000017,-7.2849923368084415,-7.7367161672097335,0.21500766319157538,0.23671616720971667,0.021708504018141284,1,0,0,1
1291,1291.0,12.91,-7.500000000000017,-7.285859506616243,-7.73666562547384,0.21414049338377428,0.2366656254738233,0.022525132090049027,1,0,0,1
1292,1292.0,12.92,-7.500000000000017,-7.28526877005234,-7.735228435308928,0.21473122994767646,0.2352284353089109,0.02049720536123445,1,0,0,1
1293,1293.0,12.93,-7.500000000000017,-7.2872815174160745,-7.735040940278964,0.21271848258394233,0.23504094027894684,0.022322457695004516,1,0,0,1
1294,1294.0,12.94,-7.500000000000017,-7.286105407214888,-7.73518279275529,0.21389459278512923,0.23518279275527298,0.02128819997014375,1,0,0,1
1295,1295.0,12.95,-7.500000000000017,-7.286579353484198,-7.734155700148408,0.21342064651581882,0.23415570014839115,0.02073505363257233,1,0,0,1
1296,1296.0,12.96,-7.500000000000017,-7.286381872346467,-7.732467758262753,0.21361812765355026,0.2324677582627359,0.018849630609185652,1,0,0,1
1297,1297.0,12.97,-7.500000000000017,-7.286563612781652,-7.73140752299741,0.21343638721836466,0.23140752299739287,0.017971135779028202,1,0,0,1
1298,1298.0,12.98,-7.500000000000017,-7.287102895243528,-7.732318382956975,0.2128971047564887,0.23231838295695795,0.01942127820046924,1,0,0,1
1299,1299.0,12.99,-7.500000000000017,-7.2859034085796175,-7.729602862965153,0.21409659142039938,0.22960286296513654,0.01550627154473716,1,0,0,1
1300,1300.0,13.0,-7.500000000000017,-7.286275909879334,-7.727660499384341,0.2137240901206825,0.2276604993843243,0.013936409263641814,1,0,0,1
1301,1301.0,13.01,-7.500000000000017,-7.285764499327612,-7.727423289475136,0.21423550067240527,0.22742328947511936,0.013187788802714095,1,0,0,1
1302,1302.0,13.02,-7.500000000000017,-7.288037134476462,-7.727374689231771,0.2119628655235548,0.22737468923175452,0.015411823708199712,1,0,0,1
1303,1303.0,13.03,-7.500000000000017,-7.287492099821933,-7.7267378361086525,0.21250790017808363,0.22673783610863563,0.014229935930551996,1,0,0,1
1304,1304.0,13.04,-7.500000000000017,-7.285473297158095,-7.7258895227630715,0.21452670284192177,0.22588952276305463,0.01136281992113286,1,0,0,1
1305,1305.0,13.05,-7.500000000000017,-7.285006064620012,-7.723857721202165,0.21499393538000522,0.22385772120214842,0.0088637858221432,1,0,0,1
1306,1306.0,13.06,-7.500000000000017,-7.285725639576064,-7.723652432770317,0.21427436042395254,0.2236524327703,0.009378072346347466,1,0,0,1
1307,1307.0,13.07,-7.500000000000017,-7.286038713151766,-7.72465740946517,0.21396128684825122,0.224657409465153,0.010696122616901782,1,0,0,1
1308,1308.0,13.08,-7.500000000000017,-7.285667950008617,-7.726801797132267,0.2143320499914001,0.22680179713225002,0.012469747140849918,1,0,0,1
1309,1309.0,13.09,-7.500000000000017,-7.285916978720824,-7.726696737619232,0.2140830212791931,0.22669673761921505,0.012613716340021952,1,0,0,1
1310,1310.0,13.1,-7.500000000000017,-7.284964013116139,-7.7269172613389605,0.21503598688387804,0.22691726133894363,0.011881274455065594,1,0,0,1
1311,1311.0,13.11,-7.500000000000017,-7.284685368420163,-7.726528443430405,0.21531463157985353,0.22652844343038847,0.011213811850534938,1,0,0,1
1312,1312.0,13.12,-7.500000000000017,-7.284568262334554,-7.726818108897951,0.21543173766546264,0.22681810889793397,0.011386371232471326,1,0,0,1
1313,1313.0,13.13,-7.500000000000017,-7.286594380457802,-7.72586289059092,0.2134056195422147,0.22586289059090348,0.012457271048688767,1,0,0,1
1314,1314.0,13.14,-7.500000000000017,-7.286791133414419,-7.722882263589593,0.2132088665855978,0.2228822635895762,0.009673397003978401,1,0,0,1
1315,1315.0,13.15,-7.500000000000017,-7.2852486544104575,-7.721901362405051,0.21475134558955933,0.2219013624050339,0.007150016815474558,1,0,0,1
1316,1316.0,13.16,-7.500000000000017,-7.285261631471533,-7.721052516210839,0.21473836852848383,0.2210525162108219,0.006314147682338067,1,0,0,1
1317,1317.0,13.17,-7.500000000000017,-7.286806741153915,-7.720056508527352,0.2131932588461023,0.22005650852733538,0.006863249681233086,1,0,0,1
1318,1318.0,13.18,-7.500000000000017,-7.2867957315477465,-7.7179214030318475,0.21320426845227036,0.2179214030318306,0.004717134579560245,1,0,0,1
1319,1319.0,13.19,-7.500000000000017,-7.28554079839459,-7.717445830846855,0.2144592016054272,0.2174458308468381,0.0029866292414109097,1,0,0,1
1320,1320.0,13.2,-7.500000000000017,-7.285972477628201,-7.717854773088203,0.21402752237181577,0.21785477308818635,0.0038272507163705782,1,0,0,1
1321,1321.0,13.21,-7.500000000000017,-7.285469202748522,-7.716247642050496,0.21453079725149493,0.21624764205047953,0.0017168447989845959,1,0,0,1
1322,1322.0,13.22,-7.500000000000017,-7.285187701662443,-7.717115074552282,0.21481229833757354,0.21711507455226542,0.0023027762146918818,1,0,0,1
1323,1323.0,13.23,-7.500000000000017,-7.2851677779271595,-7.716474775396966,0.21483222207285735,0.21647477539694915,0.0016425533240918,1,0,0,1
1324,1324.0,13.24,-7.500000000000017,-7.2860983613860935,-7.7168210496587495,0.21390163861392342,0.2168210496587326,0.0029194110448091948,1,0,0,1
1325,1325.0,13.25,-7.500000000000017,-7.2834700316740575,-7.716464726664684,0.2165299683259594,0.21646472666466732,-6.524166129207032e-05,1,0,0,1
1326,1326.0,13.26,-7.500000000000017,-7.282408995875407,-7.714906965490685,0.21759100412460963,0.2149069654906679,-0.002684038633941732,1,0,0,1
1327,1327.0,13.27,-7.500000000000017,-7.2816508778668485,-7.714588135188744,0.21834912213316837,0.21458813518872688,-0.003760986944441491,1,0,0,1
1328,1328.0,13.28,-7.500000000000017,-7.28222613290085,-7.713403171371896,0.2177738670991669,0.21340317137187892,-0.004370695727287988,1,0,0,1
1329,1329.0,13.29,-7.500000000000017,-7.282687511624481,-7.712098356048256,0.21731248837553618,0.212098356048239,-0.005214132327297172,1,0,0,1
1330,1330.0,13.3,-7.500000000000017,-7.282204220121552,-7.711449724865167,0.21779577987846466,0.21144972486515012,-0.006346055013314533,1,0,0,1
1331,1331.0,13.31,-7.500000000000017,-7.282056849030965,-7.711269833382778,0.21794315096905148,0.21126983338276073,-0.00667331758629075,1,0,0,1
1332,1332.0,13.32,-7.500000000000017,-7.2812301663683385,-7.711077142169634,0.21876983363167835,0.21107714216961693,-0.007692691462061418,1,0,0,1
1333,1333.0,13.33,-7.500000000000017,-7.281262993309693,-7.708947135869933,0.2187370066903238,0.20894713586991642,-0.009789870820407387,1,0,0,1
1334,1334.0,13.34,-7.500000000000017,-7.282384396818781,-7.707458849333606,0.21761560318123596,0.20745884933358916,-0.010156753847646804,1,0,0,1
1335,1335.0,13.35,-7.500000000000017,-7.281429079465512,-7.708264696871539,0.21857092053450522,0.20826469687152205,-0.010306223662983172,1,0,0,1
1336,1336.0,13.36,-7.500000000000017,-7.281985407878841,-7.706778417286792,0.21801459212117624,0.20677841728677482,-0.011236174834401425,1,0,0,1
1337,1337.0,13.37,-7.500000000000017,-7.283607284053532,-7.706260279468288,0.21639271594648513,0.20626027946827108,-0.010132436478214046,1,0,0,1
1338,1338.0,13.38,-7.500000000000017,-7.283463290392902,-7.706109214283597,0.2165367096071149,0.20610921428357987,-0.010427495323535041,1,0,0,1
1339,1339.0,13.39,-7.500000000000017,-7.2821257943113835,-7.705778647518248,0.21787420568863336,0.2057786475182315,-0.012095558170401866,1,0,0,1
1340,1340.0,13.4,-7.500000000000017,-7.282254573768752,-7.706517411765296,0.21774542623126525,0.2065174117652795,-0.011228014465985758,1,0,0,1
1341,1341.0,13.41,-7.500000000000017,-7.283162908175161,-7.706443362359058,0.2168370918248561,0.2064433623590407,-0.010393729465815404,1,0,0,1
1342,1342.0,13.42,-7.500000000000017,-7.283921807257319,-7.706990505078638,0.2160781927426978,0.20699050507862093,-0.00908768766407686,1,0,0,1
1343,1343.0,13.43,-7.500000000000017,-7.284185052835523,-7.707995170632944,0.21581494716449345,0.20799517063292683,-0.007819776531566625,1,0,0,1
1344,1344.0,13.44,-7.500000000000017,-7.284179350576658,-7.709900665433424,0.21582064942335855,0.20990066543340724,-0.005919983989951305,1,0,0,1
1345,1345.0,13.45,-7.500000000000017,-7.28421910980594,-7.711841516146164,0.2157808901940772,0.21184151614614688,-0.003939374047930322,1,0,0,1
1346,1346.0,13.46,-7.500000000000017,-7.284131283061946,-7.711870913304002,0.21586871693807108,0.21187091330398555,-0.003997803634085528,1,0,0,1
1347,1347.0,13.47,-7.500000000000017,-7.283988177748598,-7.712735123247871,0.2160118222514189,0.21273512324785404,-0.0032766990035648647,1,0,0,1
1348,1348.0,13.48,-7.500000000000017,-7.284123694993971,-7.7134734288179105,0.21587630500604593,0.21347342881789366,-0.0024028761881522698,1,0,0,1
1349,1349.0,13.49,-7.500000000000017,-7.28619557837756,-7.712752631356537,0.2138044216224566,0.21275263135652,-0.001051790265936603,1,0,0,1
1350,1350.0,13.5,-7.500000000000017,-7.287089426642189,-7.712500649187099,0.21291057335782781,0.21250064918708222,-0.0004099241707455903,1,0,0,1
1351,1351.0,13.51,-7.500000000000017,-7.286653593006829,-7.71070825971123,0.21334640699318808,0.21070825971121288,-0.0026381472819752005,1,0,0,1
1352,1352.0,13.52,-7.500000000000017,-7.286531410447602,-7.710207709456714,0.21346858955241466,0.21020770945669742,-0.0032608800957172335,1,0,0,1
1353,1353.0,13.53,-7.500000000000017,-7.287281457059498,-7.7094514145465185,0.21271854294051895,0.20945141454650162,-0.003267128394017327,1,0,0,1
1354,1354.0,13.54,-7.500000000000017,-7.28728746727126,-7.70841710341397,0.2127125327287569,0.2084171034139528,-0.004295429314804089,1,0,0,1
1355,1355.0,13.55,-7.500000000000017,-7.287567868226289,-7.7067651459472595,0.21243213177372766,0.2067651459472426,-0.00566698582648506,1,0,0,1
1356,1356.0,13.56,-7.500000000000017,-7.287025164588098,-7.706742589780763,0.2129748354119192,0.20674258978074622,-0.006232245631172972,1,0,0,1
1357,1357.0,13.57,-7.500000000000017,-7.2886415347756,-7.7068447854243045,0.21135846522441692,0.20684478542428764,-0.004513679800129289,1,0,0,1
1358,1358.0,13.58,-7.500000000000017,-7.289607874567117,-7.706396643615241,0.2103921254329002,0.20639664361522403,-0.003995481817676172,1,0,0,1
1359,1359.0,13.59,-7.500000000000017,-7.2879220671776865,-7.707028899723673,0.21207793282233034,0.2070288997236558,-0.005049033098674549,1,0,0,1
1360,1360.0,13.6,-7.500000000000017,-7.28821163137586,-7.706831696430195,0.21178836862415729,0.20683169643017774,-0.00495667219397955,1,0,0,1
1361,1361.0,13.61,-7.500000000000017,-7.288454316294087,-7.706268643242161,0.2115456837059302,0.20626864324214456,-0.005277040463785632,1,0,0,1
1362,1362.0,13.62,-7.500000000000017,-7.2880773474552,-7.705250010344004,0.2119226525448168,0.20525001034398738,-0.006672642200829415,1,0,0,1
1363,1363.0,13.63,-7.500000000000017,-7.2884239251364065,-7.701800991215366,0.2115760748636104,0.20180099121534933,-0.009775083648261074,1,0,0,1
1364,1364.0,13.64,-7.500000000000017,-7.289914506176876,-7.700790585562115,0.2100854938231409,0.20079058556209795,-0.009294908261042956,1,0,0,1
1365,1365.0,13.65,-7.500000000000017,-7.289991269075881,-7.698807025577519,0.21000873092413563,0.1988070255775023,-0.01120170534663334,1,0,0,1
1366,1366.0,13.66,-7.500000000000017,-7.2896762625107465,-7.697763450651058,0.21032373748927036,0.19776345065104106,-0.012560286838229295,1,0,0,1
1367,1367.0,13.67,-7.500000000000017,-7.2872847671151755,-7.695732245270325,0.2127152328848414,0.19573224527030852,-0.016982987614532874,1,0,0,1
1368,1368.0,13.68,-7.500000000000017,-7.287290037105974,-7.69403867832505,0.21270996289404298,0.1940386783250334,-0.018671284569009572,1,0,0,1
1369,1369.0,13.69,-7.500000000000017,-7.287243855596149,-7.69378811282069,0.21275614440386814,0.19378811282067332,-0.018968031583194822,1,0,0,1
1370,1370.0,13.7,-7.500000000000017,-7.287366145413016,-7.691938594332238,0.21263385458700057,0.19193859433222116,-0.020695260254779413,1,0,0,1
1371,1371.0,13.71,-7.500000000000017,-7.2862330510192,-7.690831563617837,0.21376694898081716,0.19083156361782017,-0.022935385362996996,1,0,0,1
1372,1372.0,13.72,-7.500000000000017,-7.284938460112688,-7.6920001356166,0.215061539887329,0.19200013561658302,-0.02306140427074599,1,0,0,1
1373,1373.0,13.73,-7.500000000000017,-7.284435931991648,-7.690827782122345,0.21556406800836925,0.19082778212232832,-0.024736285886040932,1,0,0,1
1374,1374.0,13.74,-7.500000000000017,-7.284703386420471,-7.689944808173022,0.21529661357954577,0.18994480817300552,-0.02535180540654025,1,0,0,1
1375,1375.0,13.75,-7.500000000000017,-7.284059994871675,-7.690035518355368,0.215940005128342,0.19003551835535148,-0.02590448677299051,1,0,0,1
1376,1376.0,13.76,-7.500000000000017,-7.285238820282553,-7.6901482269821075,0.21476117971746422,0.19014822698209066,-0.02461295273537356,1,0,0,1
1377,1377.0,13.77,-7.500000000000017,-7.28454775131541,-7.690671744791171,0.2154522486846071,0.19067174479115412,-0.024780503893452988,1,0,0,1
1378,1378.0,13.78,-7.500000000000017,-7.285043219197194,-7.6906631688027245,0.2149567808028232,0.19066316880270762,-0.024293612000115594,1,0,0,1
1379,1379.0,13.79,-7.500000000000017,-7.2841338899324795,-7.690212084125664,0.21586611006753742,0.19021208412564672,-0.0256540259418907,1,0,0,1
1380,1380.0,13.8,-7.500000000000017,-7.281824236128594,-7.691658534651957,0.21817576387142257,0.19165853465193994,-0.02651722921948263,1,0,0,1
1381,1381.0,13.81,-7.500000000000017,-7.281250365555318,-7.693810414574504,0.2187496344446993,0.19381041457448678,-0.024939219870212526,1,0,0,1
1382,1382.0,13.82,-7.500000000000017,-7.281607856210325,-7.693730860300064,0.21839214378969185,0.19373086030004671,-0.024661283489645136,1,0,0,1
1383,1383.0,13.83,-7.500000000000017,-7.282806266582872,-7.6937549015966,0.21719373341714476,0.19375490159658337,-0.02343883182056139,1,0,0,1
1384,1384.0,13.84,-7.500000000000017,-7.283252098541519,-7.694098228082715,0.21674790145849787,0.19409822808269794,-0.022649673375799928,1,0,0,1
1385,1385.0,13.85,-7.500000000000017,-7.2845421972424536,-7.694575782805726,0.21545780275756332,0.19457578280570953,-0.020882019951853792,1,0,0,1
1386,1386.0,13.86,-7.500000000000017,-7.283626969566887,-7.697148288870682,0.21637303043312972,0.1971482888706655,-0.01922474156246423,1,0,0,1
1387,1387.0,13.87,-7.500000000000017,-7.284231733822397,-7.697043385272469,0.21576826617762013,0.19704338527245202,-0.018724880905168106,1,0,0,1
1388,1388.0,13.88,-7.500000000000017,-7.284408334928892,-7.6970152844637285,0.21559166507112515,0.19701528446371164,-0.018576380607413512,1,0,0,1
1389,1389.0,13.89,-7.500000000000017,-7.28374981189876,-7.697334249355861,0.21625018810125685,0.1973342493558441,-0.018915938745412753,1,0,0,1
1390,1390.0,13.9,-7.500000000000017,-7.282645875396578,-7.697025452883915,0.21735412460343895,0.1970254528838984,-0.02032867171954056,1,0,0,1
1391,1391.0,13.91,-7.500000000000017,-7.281684491783841,-7.695956641098536,0.2183155082161763,0.19595664109851896,-0.022358867117657333,1,0,0,1
1392,1392.0,13.92,-7.500000000000017,-7.280382040482401,-7.694861435742861,0.21961795951761598,0.19486143574284398,-0.024756523774772,1,0,0,1
1393,1393.0,13.93,-7.500000000000017,-7.280558835278768,-7.696161397135881,0.21944116472124886,0.19616139713586378,-0.02327976758538508,1,0,0,1
1394,1394.0,13.94,-7.500000000000017,-7.280823566707394,-7.69675545665165,0.21917643329262315,0.1967554566516334,-0.022420976640989743,1,0,0,1
1395,1395.0,13.95,-7.500000000000017,-7.28156591365134,-7.695858985588089,0.2184340863486769,0.1958589855880719,-0.022575100760604982,1,0,0,1
1396,1396.0,13.96,-7.500000000000017,-7.2808190180140215,-7.695749007267735,0.21918098198599534,0.19574900726771816,-0.023431974718277182,1,0,0,1
1397,1397.0,13.97,-7.500000000000017,-7.281254263341705,-7.695103560530213,0.21874573665831232,0.19510356053019606,-0.023642176128116255,1,0,0,1
1398,1398.0,13.98,-7.500000000000017,-7.281153179354717,-7.6942558977823925,0.21884682064530026,0.19425589778237562,-0.024590922862924636,1,0,0,1
1399,1399.0,13.99,-7.500000000000017,-7.280958604308653,-7.693131983064147,0.21904139569136394,0.19313198306412982,-0.02590941262723412,1,0,0,1
1400,1400.0,14.0,-7.500000000000017,-7.2818353471890305,-7.691289407915861,0.2181646528109864,0.19128940791584448,-0.026875244895141925,1,0,0,1
1401,1401.0,14.01,-7.500000000000017,-7.280628168970542,-7.690649859350669,0.21937183102947522,0.19064985935065248,-0.028721971678822733,1,0,0,1
1402,1402.0,14.02,-7.500000000000017,-7.2824908559702495,-7.692308459495823,0.2175091440297674,0.19230845949580644,-0.02520068453396096,1,0,0,1
1403,1403.0,14.03,-7.500000000000017,-7.283835448042959,-7.691757995583183,0.21616455195705786,0.19175799558316609,-0.024406556373891775,1,0,0,1
1404,1404.0,14.04,-7.500000000000017,-7.282767692179262,-7.688984181895497,0.21723230782075476,0.1889841818954805,-0.02824812592527426,1,0,0,1
1405,1405.0,14.05,-7.500000000000017,-7.282462511267871,-7.687615949147625,0.2175374887321455,0.1876159491476077,-0.029921539584537804,1,0,0,1
1406,1406.0,14.06,-7.500000000000017,-7.283158488728635,-7.6867640470782,0.21684151127138218,0.18676404707818328,-0.0300774641931989,1,0,0,1
1407,1407.0,14.07,-7.500000000000017,-7.283231867512354,-7.685695446662967,0.2167681324876627,0.18569544666295013,-0.031072685824712565,1,0,0,1
1408,1408.0,14.08,-7.500000000000017,-7.283909141150694,-7.6855285302404255,0.21609085884932266,0.1855285302404086,-0.030562328608914058,1,0,0,1
1409,1409.0,14.09,-7.500000000000017,-7.284133411560906,-7.684172280912228,0.21586658843911088,0.18417228091221105,-0.031694307526899834,1,0,0,1
1410,1410.0,14.1,-7.500000000000017,-7.28449991291208,-7.68354667008238,0.21550008708793644,0.1835466700823627,-0.03195341700557375,1,0,0,1
1411,1411.0,14.11,-7.500000000000017,-7.284027808256378,-7.682962327738071,0.21597219174363858,0.18296232773805432,-0.033009864005584255,1,0,0,1
1412,1412.0,14.12,-7.500000000000017,-7.283954139444861,-7.682606253842221,0.2160458605551563,0.18260625384220397,-0.03343960671295232,1,0,0,1
1413,1413.0,14.13,-7.500000000000017,-7.282698360047367,-7.682758091406506,0.21730163995264995,0.18275809140648924,-0.03454354854616071,1,0,0,1
1414,1414.0,14.14,-7.500000000000017,-7.282716324383015,-7.683162793425448,0.21728367561700157,0.1831627934254314,-0.03412088219157017,1,0,0,1
1415,1415.0,14.15,-7.500000000000017,-7.284053698363272,-7.683533172884889,0.21594630163674466,0.18353317288487236,-0.0324131287518723,1,0,0,1
1416,1416.0,14.16,-7.500000000000017,-7.282581456763777,-7.683405046313044,0.21741854323623944,0.1834050463130268,-0.03401349692321265,1,0,0,1
1417,1417.0,14.17,-7.500000000000017,-7.283761102025066,-7.684619861944465,0.216238897974951,0.1846198619444479,-0.03161903603050309,1,0,0,1
1418,1418.0,14.18,-7.500000000000017,-7.28262581760424,-7.686061283297899,0.2173741823957771,0.18606128329788252,-0.031312899097894586,1,0,0,1
1419,1419.0,14.19,-7.500000000000017,-7.284275067053598,-7.684950298901813,0.2157249329464186,0.18495029890179637,-0.030774634044622218,1,0,0,1
1420,1420.0,14.2,-7.500000000000017,-7.284659196987555,-7.683575015581055,0.21534080301246217,0.18357501558103806,-0.03176578743142411,1,0,0,1
1421,1421.0,14.21,-7.500000000000017,-7.284914877499578,-7.682741224641071,0.21508512250043932,0.18274122464105425,-0.03234389785938507,1,0,0,1
1422,1422.0,14.22,-7.500000000000017,-7.2860920146716905,-7.681955027351803,0.21390798532832633,0.18195502735178604,-0.0319529579765403,1,0,0,1
1423,1423.0,14.23,-7.500000000000017,-7.285303193537268,-7.6836951305376795,0.21469680646274902,0.18369513053766262,-0.031001675925086403,1,0,0,1
1424,1424.0,14.24,-7.500000000000017,-7.284876067357066,-7.68273227282159,0.2151239326429506,0.182732272821573,-0.032391659821377594,1,0,0,1
1425,1425.0,14.25,-7.500000000000017,-7.286697595894714,-7.682004724435147,0.21330240410530266,0.18200472443512972,-0.03129767967017294,1,0,0,1
1426,1426.0,14.26,-7.500000000000017,-7.2879811781030215,-7.6819097763980295,0.2120188218969954,0.18190977639801265,-0.030109045498982745,1,0,0,1
1427,1427.0,14.27,-7.500000000000017,-7.289042437043869,-7.680392084184555,0.21095756295614798,0.1803920841845379,-0.03056547877161009,1,0,0,1
1428,1428.0,14.28,-7.500000000000017,-7.288420935078804,-7.6792637867660325,0.2115790649212128,0.17926378676601562,-0.03231527815519719,1,0,0,1
1429,1429.0,14.29,-7.500000000000017,-7.288238409013687,-7.67780183257436,0.21176159098633018,0.17780183257434334,-0.03395975841198684,1,0,0,1
1430,1430.0,14.3,-7.500000000000017,-7.289088419925212,-7.677078382002923,0.21091158007480448,0.1770783820029065,-0.033833198071897996,1,0,0,1
1431,1431.0,14.31,-7.500000000000017,-7.288622446369065,-7.677085258139783,0.21137755363095145,0.1770852581397664,-0.034292295491185065,1,0,0,1
1432,1432.0,14.32,-7.500000000000017,-7.288719406570132,-7.674834536625883,0.21128059342988514,0.17483453662586612,-0.03644605680401902,1,0,0,1
1433,1433.0,14.33,-7.500000000000017,-7.289239795352857,-7.674914904360648,0.21076020464716017,0.17491490436063106,-0.0358453002865291,1,0,0,1
1434,1434.0,14.34,-7.500000000000017,-7.288202694003336,-7.673535559213106,0.21179730599668112,0.17353555921308939,-0.03826174678359173,1,0,0,1
1435,1435.0,14.35,-7.500000000000017,-7.289097206680308,-7.67274249445119,0.21090279331970851,0.17274249445117285,-0.03816029886853567,1,0,0,1
1436,1436.0,14.36,-7.500000000000017,-7.290268845568022,-7.67139044997167,0.20973115443199486,0.17139044997165342,-0.038340704460341435,1,0,0,1
1437,1437.0,14.37,-7.500000000000017,-7.290106000271884,-7.6691499964263405,0.20989399972813327,0.16914999642632367,-0.040744003301809606,1,0,0,1
1438,1438.0,14.38,-7.500000000000017,-7.290295205396717,-7.669143061993203,0.20970479460329994,0.16914306199318574,-0.0405617326101142,1,0,0,1
1439,1439.0,14.39,-7.500000000000017,-7.289425108484995,-7.669287836037477,0.21057489151502207,0.16928783603746034,-0.04128705547756173,1,0,0,1
1440,1440.0,14.4,-7.500000000000017,-7.290567331792787,-7.668986775281233,0.2094326682072296,0.16898677528121642,-0.040445892926013194,1,0,0,1
1441,1441.0,14.41,-7.500000000000017,-7.290988808955654,-7.666842120913226,0.20901119104436283,0.16684212091320916,-0.042169070131153674,1,0,0,1
1442,1442.0,14.42,-7.500000000000017,-7.2919176847928915,-7.666845828267178,0.2080823152071254,0.166845828267161,-0.0412364869399644,1,0,0,1
1443,1443.0,14.43,-7.500000000000017,-7.29233385674914,-7.666995577415657,0.20766614325087662,0.16699557741563975,-0.04067056583523687,1,0,0,1
1444,1444.0,14.44,-7.500000000000017,-7.293214689504359,-7.666202983868611,0.20678531049565763,0.1662029838685939,-0.040582326627063736,1,0,0,1
1445,1445.0,14.45,-7.500000000000017,-7.293140488482774,-7.6647761590482775,0.20685951151724247,0.1647761590482606,-0.04208335246898187,1,0,0,1
1446,1446.0,14.46,-7.500000000000017,-7.295259629465298,-7.66343548326219,0.2047403705347186,0.16343548326217316,-0.04130488727254544,1,0,0,1
1447,1447.0,14.47,-7.500000000000017,-7.2946392838151795,-7.663815496979281,0.20536071618483742,0.16381549697926445,-0.04154521920557297,1,0,0,1
1448,1448.0,14.48,-7.500000000000017,-7.295011342415961,-7.664552376279466,0.20498865758405582,0.16455237627944896,-0.04043628130460686,1,0,0,1
1449,1449.0,14.49,-7.500000000000017,-7.294157498247936,-7.664174686242272,0.2058425017520813,0.16417468624225506,-0.041667815509826234,1,0,0,1
1450,1450.0,14.5,-7.500000000000017,-7.29382288843719,-7.6647988384483705,0.2061771115628268,0.16479883844835364,-0.041378273114473174,1,0,0,1
1451,1451.0,14.51,-7.500000000000017,-7.29340678231425,-7.666107186830942,0.206593217685767,0.16610718683092518,-0.040486030854841815,1,0,0,1
1452,1452.0,14.52,-7.500000000000017,-7.294914045698277,-7.667153331860146,0.20508595430174026,0.16715333186012948,-0.037932622441610775,1,0,0,1
1453,1453.0,14.53,-7.500000000000017,-7.296236194063786,-7.666761409263983,0.203763805936231,0.166761409263966,-0.037002396672265014,1,0,0,1
1454,1454.0,14.54,-7.500000000000017,-7.294070770901547,-7.667743273957903,0.20592922909847022,0.16774327395788635,-0.03818595514058387,1,0,0,1
1455,1455.0,14.55,-7.500000000000017,-7.293224050615153,-7.6687997700035035,0.20677594938486354,0.16879977000348667,-0.03797617938137687,1,0,0,1
1456,1456.0,14.56,-7.500000000000017,-7.292625606014282,-7.66754876983634,0.20737439398573532,0.16754876983632272,-0.0398256241494126,1,0,0,1
1457,1457.0,14.57,-7.500000000000017,-7.2941706824509005,-7.666837557070736,0.20582931754911638,0.16683755707071946,-0.03899176047839692,1,0,0,1
1458,1458.0,14.58,-7.500000000000017,-7.293625701649535,-7.667380226833257,0.2063742983504815,0.16738022683323983,-0.03899407151724166,1,0,0,1
1459,1459.0,14.59,-7.500000000000017,-7.293685146320953,-7.665338153684063,0.20631485367906421,0.16533815368404614,-0.04097669999501807,1,0,0,1
1460,1460.0,14.6,-7.500000000000017,-7.291812483995741,-7.665081847457322,0.20818751600427632,0.16508184745730503,-0.04310566854697129,1,0,0,1
1461,1461.0,14.61,-7.500000000000017,-7.292135352775402,-7.66393852568424,0.20786464722461506,0.16393852568422318,-0.04392612154039188,1,0,0,1
1462,1462.0,14.62,-7.500000000000017,-7.2907726474570325,-7.663915273861323,0.2092273525429844,0.16391527386130633,-0.04531207868167808,1,0,0,1
1463,1463.0,14.63,-7.500000000000017,-7.291037815734979,-7.663675469407451,0.20896218426503754,0.16367546940743427,-0.04528671485760327,1,0,0,1
1464,1464.0,14.64,-7.500000000000017,-7.291783670037948,-7.663547282903762,0.2082163299620685,0.1635472829037452,-0.04466904705832331,1,0,0,1
1465,1465.0,14.65,-7.500000000000017,-7.2918369873008055,-7.663761854390473,0.20816301269921134,0.1637618543904562,-0.04440115830875513,1,0,0,1
1466,1466.0,14.66,-7.500000000000017,-7.293805168782308,-7.662396504387672,0.20619483121770887,0.1623965043876554,-0.04379832683005347,1,0,0,1
1467,1467.0,14.67,-7.500000000000017,-7.292654480069502,-7.662649056987186,0.20734551993051475,0.1626490569871688,-0.04469646294334595,1,0,0,1
1468,1468.0,14.68,-7.500000000000017,-7.292949333911842,-7.664310535173544,0.20705066608817457,0.16431053517352723,-0.042740130914647345,1,0,0,1
1469,1469.0,14.69,-7.500000000000017,-7.291946331907723,-7.6638984455410695,0.20805366809229398,0.1638984455410526,-0.04415522255124138,1,0,0,1
1470,1470.0,14.7,-7.500000000000017,-7.292127590702267,-7.663186896455887,0.20787240929774953,0.16318689645587003,-0.04468551284187949,1,0,0,1
1471,1471.0,14.71,-7.500000000000017,-7.292378051896509,-7.66275650825908,0.2076219481035082,0.16275650825906318,-0.04486543984444502,1,0,0,1
1472,1472.0,14.72,-7.500000000000017,-7.2945081272293155,-7.661577055301509,0.20549187277070136,0.1615770553014917,-0.043914817469209666,1,0,0,1
1473,1473.0,14.73,-7.500000000000017,-7.295445180726776,-7.66136272259238,0.20455481927324115,0.16136272259236328,-0.04319209668087787,1,0,0,1
1474,1474.0,14.74,-7.500000000000017,-7.294563846642709,-7.661884979148304,0.20543615335730792,0.16188497914828748,-0.04355117420902044,1,0,0,1
1475,1475.0,14.75,-7.500000000000017,-7.293138969429567,-7.6614795707614975,0.20686103057045013,0.16147957076148067,-0.04538145980896946,1,0,0,1
1476,1476.0,14.76,-7.500000000000017,-7.292576649178542,-7.660821332912743,0.20742335082147445,0.16082133291272616,-0.046602017908748294,1,0,0,1
1477,1477.0,14.77,-7.500000000000017,-7.294294472713427,-7.659465476351813,0.20570552728658953,0.1594654763517962,-0.04624005093479333,1,0,0,1
1478,1478.0,14.78,-7.500000000000017,-7.293740293412707,-7.659300578862143,0.20625970658730974,0.15930057886212623,-0.046959127725183514,1,0,0,1
1479,1479.0,14.79,-7.500000000000017,-7.294233531716605,-7.656776124422463,0.20576646828341172,0.15677612442244637,-0.048990343860965346,1,0,0,1
1480,1480.0,14.8,-7.500000000000017,-7.292092803532894,-7.655176073155972,0.20790719646712308,0.15517607315595505,-0.05273112331116803,1,0,0,1
1481,1481.0,14.81,-7.500000000000017,-7.291659908299382,-7.654688933970841,0.20834009170063528,0.1546889339708244,-0.05365115772981088,1,0,0,1
1482,1482.0,14.82,-7.500000000000017,-7.291421096126536,-7.65485979664604,0.2085789038734811,0.154859796646023,-0.053719107227458096,1,0,0,1
1483,1483.0,14.83,-7.500000000000017,-7.291163603212355,-7.65657357340672,0.20883639678766208,0.1565735734067033,-0.05226282338095878,1,0,0,1
1484,1484.0,14.84,-7.500000000000017,-7.291113180534284,-7.6564183259959,0.20888681946573318,0.15641832599588312,-0.05246849346985005,1,0,0,1
1485,1485.0,14.85,-7.500000000000017,-7.29277369431619,-7.656739257311157,0.20722630568382705,0.15673925731114036,-0.050487048372686694,1,0,0,1
1486,1486.0,14.86,-7.500000000000017,-7.294895027988717,-7.656930793948165,0.2051049720113003,0.15693079394814813,-0.04817417806315216,1,0,0,1
1487,1487.0,14.87,-7.500000000000017,-7.295742651024032,-7.657334602698517,0.20425734897598513,0.15733460269850053,-0.046922746277484606,1,0,0,1
1488,1488.0,14.88,-7.500000000000017,-7.296320597370687,-7.658300122021461,0.20367940262933004,0.15830012202144417,-0.045379280607885875,1,0,0,1
1489,1489.0,14.89,-7.500000000000017,-7.29833585976452,-7.6591238071783785,0.20166414023549706,0.1591238071783616,-0.04254033305713545,1,0,0,1
1490,1490.0,14.9,-7.500000000000017,-7.29992959434401,-7.657319556327942,0.20007040565600676,0.15731955632792527,-0.042750849328081486,1,0,0,1
1491,1491.0,14.91,-7.500000000000017,-7.300598562772668,-7.655240952954308,0.1994014372273485,0.15524095295429152,-0.044160484273056966,1,0,0,1
1492,1492.0,14.92,-7.500000000000017,-7.302331455913057,-7.654301661477111,0.19766854408695966,0.1543016614770938,-0.043366882609865876,1,0,0,1
1493,1493.0,14.93,-7.500000000000017,-7.302680666008348,-7.654038435710068,0.19731933399166923,0.15403843571005105,-0.043280898281618185,1,0,0,1
1494,1494.0,14.94,-7.500000000000017,-7.304010475910087,-7.653775855177669,0.19598952408992965,0.1537758551776518,-0.042213668912277846,1,0,0,1
1495,1495.0,14.95,-7.500000000000017,-7.30299845169971,-7.65148838114832,0.1970015483003067,0.15148838114830276,-0.04551316715200393,1,0,0,1
1496,1496.0,14.96,-7.500000000000017,-7.304632116528705,-7.651865546179358,0.19536788347131218,0.15186554617934078,-0.043502337291971394,1,0,0,1
1497,1497.0,14.97,-7.500000000000017,-7.305993277089948,-7.6504498421053695,0.1940067229100686,0.15044984210535262,-0.04355688080471598,1,0,0,1
1498,1498.0,14.98,-7.500000000000017,-7.307374975385696,-7.649728238459604,0.19262502461432085,0.14972823845958683,-0.04289678615473402,1,0,0,1
1499,1499.0,14.99,-7.500000000000017,-7.308039852416133,-7.64965938220491,0.1919601475838837,0.14965938220489328,-0.04230076537899041,1,0,0,1
1500,1500.0,15.0,-7.500000000000017,-7.309271917417819,-7.6488256645871955,0.19072808258219798,0.1488256645871786,-0.04190241799501937,1,0,0,1
1501,1501.0,15.01,-7.500000000000017,-7.309241937477735,-7.649713949009363,0.19075806252228222,0.14971394900934598,-0.04104411351293624,1,0,0,1
1502,1502.0,15.02,-7.500000000000017,-7.309166545444715,-7.648732142714394,0.19083345455530232,0.14873214271437707,-0.04210131184092525,1,0,0,1
1503,1503.0,15.03,-7.500000000000017,-7.310723163892664,-7.648143428452358,0.1892768361073527,0.1481434284523413,-0.04113340765501139,1,0,0,1
1504,1504.0,15.04,-7.500000000000017,-7.311756027420527,-7.647318067925365,0.18824397257948977,0.1473180679253483,-0.040925904654141476,1,0,0,1
1505,1505.0,15.05,-7.500000000000017,-7.311940604513034,-7.6475271939685365,0.1880593954869827,0.14752719396851965,-0.04053220151846304,1,0,0,1
1506,1506.0,15.06,-7.500000000000017,-7.314676665151589,-7.6481639567128905,0.18532333484842756,0.14816395671287363,-0.03715937813555392,1,0,0,1
1507,1507.0,15.07,-7.500000000000017,-7.315022664478141,-7.646413939029,0.184977335521876,0.14641393902898336,-0.03856339649289264,1,0,0,1
1508,1508.0,15.08,-7.500000000000017,-7.3160283207522765,-7.6458964402706036,0.18397167924774038,0.14589644027058668,-0.0380752389771537,1,0,0,1
1509,1509.0,15.09,-7.500000000000017,-7.316156052721843,-7.644754862765372,0.18384394727817366,0.14475486276535499,-0.03908908451281867,1,0,0,1
1510,1510.0,15.1,-7.500000000000017,-7.316699059953238,-7.6444434198858815,0.1833009400467791,0.14444341988586462,-0.03885752016091448,1,0,0,1
1511,1511.0,15.11,-7.500000000000017,-7.317043027528705,-7.644664136350904,0.18295697247131226,0.1446641363508867,-0.038292836120425555,1,0,0,1
1512,1512.0,15.12,-7.500000000000017,-7.317830850565035,-7.6440144176502605,0.18216914943498175,0.1440144176502436,-0.03815473178473816,1,0,0,1
1513,1513.0,15.13,-7.500000000000017,-7.31992153896101,-7.642613984221894,0.18007846103900693,0.1426139842218772,-0.03746447681712972,1,0,0,1
1514,1514.0,15.14,-7.500000000000017,-7.319554164504146,-7.641085052993101,0.18044583549587045,0.14108505299308405,-0.03936078250278641,1,0,0,1
1515,1515.0,15.15,-7.500000000000017,-7.318347759003926,-7.640691880008165,0.18165224099609123,0.14069188000814847,-0.04096036098794276,1,0,0,1
1516,1516.0,15.16,-7.500000000000017,-7.3183359488341395,-7.638840887626465,0.18166405116587736,0.13884088762644797,-0.04282316353942939,1,0,0,1
1517,1517.0,15.17,-7.500000000000017,-7.3193817392814235,-7.63766543330061,0.18061826071859333,0.1376654333005929,-0.04295282741800044,1,0,0,1
1518,1518.0,15.18,-7.500000000000017,-7.318630311316125,-7.637237111884267,0.18136968868389225,0.13723711188425014,-0.04413257679964211,1,0,0,1
1519,1519.0,15.19,-7.500000000000017,-7.320267332353407,-7.637632130917959,0.17973266764660956,0.13763213091794224,-0.042100536728667315,1,0,0,1
1520,1520.0,15.2,-7.500000000000017,-7.319506202513132,-7.639300809920315,0.18049379748688477,0.13930080992029836,-0.0411929875665864,1,0,0,1
1521,1521.0,15.21,-7.500000000000017,-7.31957699216572,-7.639277900632138,0.180423007834297,0.13927790063212075,-0.041145107202176234,1,0,0,1
1522,1522.0,15.22,-7.500000000000017,-7.319029762235717,-7.638927311633299,0.1809702377643001,0.13892731163328254,-0.042042926131017566,1,0,0,1
1523,1523.0,15.23,-7.500000000000017,-7.319184801184036,-7.638508557082337,0.18081519881598052,0.13850855708231968,-0.04230664173366083,1,0,0,1
1524,1524.0,15.24,-7.500000000000017,-7.319943607026823,-7.639226328247272,0.18005639297319398,0.139226328247255,-0.040830064725938975,1,0,0,1
1525,1525.0,15.25,-7.500000000000017,-7.3199301672530535,-7.639054907720596,0.18006983274696342,0.13905490772057938,-0.04101492502638404,1,0,0,1
1526,1526.0,15.26,-7.500000000000017,-7.319605092982195,-7.638507940454042,0.18039490701782146,0.13850794045402548,-0.04188696656379598,1,0,0,1
1527,1527.0,15.27,-7.500000000000017,-7.320263393818549,-7.63899019950255,0.1797366061814678,0.13899019950253333,-0.04074640667893448,1,0,0,1
1528,1528.0,15.28,-7.500000000000017,-7.321836663258778,-7.6402762740456405,0.17816333674123896,0.1402762740456236,-0.03788706269561537,1,0,0,1
1529,1529.0,15.29,-7.500000000000017,-7.320853191173645,-7.6412166528863805,0.17914680882637146,0.14121665288636365,-0.037930155940007815,1,0,0,1
1530,1530.0,15.3,-7.500000000000017,-7.3203669434192875,-7.640182998788714,0.17963305658072937,0.14018299878869733,-0.039450057792032034,1,0,0,1
1531,1531.0,15.31,-7.500000000000017,-7.32032139510569,-7.639812315186087,0.17967860489432663,0.13981231518607018,-0.03986628970825645,1,0,0,1
1532,1532.0,15.32,-7.500000000000017,-7.321214236275526,-7.6373241223233155,0.17878576372449118,0.1373241223232986,-0.04146164140119257,1,0,0,1
1533,1533.0,15.33,-7.500000000000017,-7.321218608678779,-7.637626122931967,0.1787813913212375,0.13762612293194998,-0.041155268389287514,1,0,0,1
1534,1534.0,15.34,-7.500000000000017,-7.320819638546981,-7.636166221165988,0.17918036145303606,0.1361662211659711,-0.04301414028706496,1,0,0,1
1535,1535.0,15.35,-7.500000000000017,-7.321185189721219,-7.635770758884868,0.17881481027879786,0.1357707588848509,-0.04304405139394696,1,0,0,1
1536,1536.0,15.36,-7.500000000000017,-7.32115838620455,-7.635777870838664,0.17884161379546715,0.13577787083864745,-0.043063742956819695,1,0,0,1
1537,1537.0,15.37,-7.500000000000017,-7.321194497382786,-7.635285367887191,0.17880550261723105,0.1352853678871737,-0.043520134730057336,1,0,0,1
1538,1538.0,15.38,-7.500000000000017,-7.321399592509617,-7.635650005518613,0.17860040749039996,0.1356500055185963,-0.042950401971803664,1,0,0,1
1539,1539.0,15.39,-7.500000000000017,-7.32289164890306,-7.633365757444364,0.17710835109695644,0.13336575744434676,-0.043742593652609685,1,0,0,1
1540,1540.0,15.4,-7.500000000000017,-7.321762521003984,-7.632919913871175,0.17823747899603326,0.13291991387115853,-0.045317565124874726,1,0,0,1
1541,1541.0,15.41,-7.500000000000017,-7.321603872495638,-7.632313116036675,0.17839612750437883,0.1323131160366584,-0.046083011467720425,1,0,0,1
1542,1542.0,15.42,-7.500000000000017,-7.322216837627792,-7.632702892632537,0.1777831623722248,0.13270289263252,-0.045080269739704804,1,0,0,1
1543,1543.0,15.43,-7.500000000000017,-7.320231495574114,-7.633612875274715,0.17976850442590298,0.13361287527469834,-0.046155629151204636,1,0,0,1
1544,1544.0,15.44,-7.500000000000017,-7.319650814224653,-7.6319379784165085,0.18034918577536363,0.13193797841649157,-0.048411207358872055,1,0,0,1
1545,1545.0,15.45,-7.500000000000017,-7.319795541241009,-7.630454654285235,0.18020445875900748,0.1304546542852183,-0.04974980447378918,1,0,0,1
1546,1546.0,15.46,-7.500000000000017,-7.319647161856889,-7.62962188111081,0.1803528381431283,0.12962188111079342,-0.05073095703233488,1,0,0,1
1547,1547.0,15.47,-7.500000000000017,-7.318546516188167,-7.630001458388246,0.18145348381184956,0.13000145838822874,-0.05145202542362082,1,0,0,1
1548,1548.0,15.48,-7.500000000000017,-7.318093558463831,-7.629332552428831,0.18190644153618596,0.12933255242881447,-0.052573889107371485,1,0,0,1
1549,1549.0,15.49,-7.500000000000017,-7.319588376142856,-7.625977145283441,0.18041162385716092,0.12597714528342419,-0.05443447857373673,1,0,0,1
1550,1550.0,15.5,-7.500000000000017,-7.319845722289657,-7.623630362999972,0.18015427771035952,0.12363036299995489,-0.05652391471040463,1,0,0,1
1551,1551.0,15.51,-7.500000000000017,-7.319731527573003,-7.622052804452235,0.18026847242701383,0.12205280445221778,-0.05821566797479605,1,0,0,1
1552,1552.0,15.52,-7.500000000000017,-7.3194607274401,-7.622036122131311,0.1805392725599173,0.122036122131294,-0.05850315042862331,1,0,0,1
1553,1553.0,15.53,-7.500000000000017,-7.3183814361693855,-7.62232046750496,0.18161856383063135,0.12232046750494341,-0.05929809632568794,1,0,0,1
1554,1554.0,15.54,-7.500000000000017,-7.316734527044809,-7.621658695428671,0.1832654729552079,0.12165869542865426,-0.061606777526553635,1,0,0,1
1555,1555.0,15.55,-7.500000000000017,-7.316662306364123,-7.621650029803269,0.18333769363589347,0.12165002980325212,-0.06168766383264135,1,0,0,1
1556,1556.0,15.56,-7.500000000000017,-7.317894695604228,-7.6220686748255,0.18210530439578854,0.12206867482548311,-0.06003662957030542,1,0,0,1
1557,1557.0,15.57,-7.500000000000017,-7.31812143694793,-7.623575020634176,0.18187856305208694,0.12357502063415904,-0.0583035424179279,1,0,0,1
1558,1558.0,15.58,-7.500000000000017,-7.318206270770564,-7.623622956936339,0.1817937292294527,0.1236229569363223,-0.05817077229313039,1,0,0,1
1559,1559.0,15.59,-7.500000000000017,-7.317261663897037,-7.623538744370354,0.18273833610297974,0.12353874437033685,-0.05919959173264289,1,0,0,1
1560,1560.0,15.6,-7.500000000000017,-7.318106715040492,-7.623401583050433,0.18189328495952495,0.12340158305041626,-0.058491701909108684,1,0,0,1
1561,1561.0,15.61,-7.500000000000017,-7.31759115990402,-7.624634512535767,0.1824088400959969,0.1246345125357502,-0.0577743275602467,1,0,0,1
1562,1562.0,15.62,-7.500000000000017,-7.316447581393306,-7.6244746206235785,0.1835524186067108,0.12447462062356163,-0.05907779798314916,1,0,0,1
1563,1563.0,15.63,-7.500000000000017,-7.316057484012012,-7.623754019823436,0.18394251598800526,0.12375401982341927,-0.06018849616458599,1,0,0,1
1564,1564.0,15.64,-7.500000000000017,-7.31625668074472,-7.624142580511241,0.18374331925529663,0.12414258051122395,-0.05960073874407268,1,0,0,1
1565,1565.0,15.65,-7.500000000000017,-7.316214168284098,-7.622048344116289,0.18378583171591867,0.12204834411627186,-0.06173748759964681,1,0,0,1
1566,1566.0,15.66,-7.500000000000017,-7.315796568097389,-7.622281199777898,0.18420343190262756,0.12228119977788143,-0.061922232124746124,1,0,0,1
1567,1567.0,15.67,-7.500000000000017,-7.315364870257947,-7.620897147672176,0.18463512974206964,0.1208971476721592,-0.06373798206991044,1,0,0,1
1568,1568.0,15.68,-7.500000000000017,-7.314535716963265,-7.620420898635126,0.1854642830367519,0.12042089863510874,-0.06504338440164315,1,0,0,1
1569,1569.0,15.69,-7.500000000000017,-7.315532900148792,-7.620903849933477,0.18446709985122478,0.12090384993345982,-0.06356324991776496,1,0,0,1
1570,1570.0,15.7,-7.500000000000017,-7.316753139372805,-7.620935516076548,0.18324686062721174,0.12093551607653108,-0.06231134455068066,1,0,0,1
1571,1571.0,15.71,-7.500000000000017,-7.316410250411415,-7.61958806250404,0.1835897495886023,0.11958806250402354,-0.06400168708457876,1,0,0,1
1572,1572.0,15.72,-7.500000000000017,-7.317984155326984,-7.619143864188042,0.18201584467303267,0.11914386418802536,-0.0628719804850073,1,0,0,1
1573,1573.0,15.73,-7.500000000000017,-7.316811182105708,-7.617913584446928,0.18318881789430908,0.11791358444691102,-0.06527523344739805,1,0,0,1
1574,1574.0,15.74,-7.500000000000017,-7.318799756632166,-7.617338989139393,0.1812002433678508,0.1173389891393759,-0.06386125422847488,1,0,0,1
1575,1575.0,15.75,-7.500000000000017,-7.319917505203029,-7.617740459168271,0.1800824947969879,0.11774045916825404,-0.06234203562873386,1,0,0,1
1576,1576.0,15.76,-7.500000000000017,-7.319732555311407,-7.614948934921008,0.1802674446886101,0.11494893492099134,-0.06531850976761877,1,0,0,1
1577,1577.0,15.77,-7.500000000000017,-7.320912063121894,-7.614250315446083,0.17908793687812263,0.1142503154460659,-0.06483762143205674,1,0,0,1
1578,1578.0,15.78,-7.500000000000017,-7.322392332725494,-7.612534070065461,0.17760766727452282,0.11253407006544425,-0.06507359720907857,1,0,0,1
1579,1579.0,15.79,-7.500000000000017,-7.322877025244017,-7.612101187679036,0.17712297475600014,0.112101187679019,-0.06502178707698114,1,0,0,1
1580,1580.0,15.8,-7.500000000000017,-7.322822856980181,-7.612192529252048,0.17717714301983545,0.11219252925203094,-0.06498461376780451,1,0,0,1
1581,1581.0,15.81,-7.500000000000017,-7.323444283815354,-7.610538871791598,0.17655571618466315,0.11053887179158117,-0.06601684439308197,1,0,0,1
1582,1582.0,15.82,-7.500000000000017,-7.3244026246309275,-7.609418918780574,0.17559737536908937,0.1094189187805572,-0.06617845658853216,1,0,0,1
1583,1583.0,15.83,-7.500000000000017,-7.32532302824988,-7.607431858495854,0.17467697175013708,0.10743185849583714,-0.06724511325429994,1,0,0,1
1584,1584.0,15.84,-7.500000000000017,-7.324722584444734,-7.607059629933961,0.17527741555528298,0.10705962993394369,-0.06821778562133929,1,0,0,1
1585,1585.0,15.85,-7.500000000000017,-7.32577516435503,-7.606028344285912,0.1742248356449867,0.10602834428589514,-0.06819649135909156,1,0,0,1
1586,1586.0,15.86,-7.500000000000017,-7.325770859082146,-7.603090977714222,0.17422914091787067,0.1030909777142055,-0.07113816320366517,1,0,0,1
1587,1587.0,15.87,-7.500000000000017,-7.32585303399163,-7.6012626516162936,0.17414696600838653,0.10126265161627668,-0.07288431439210985,1,0,0,1
1588,1588.0,15.88,-7.500000000000017,-7.326057043803413,-7.603309954538431,0.17394295619660394,0.10330995453841396,-0.07063300165818998,1,0,0,1
1589,1589.0,15.89,-7.500000000000017,-7.325594147590921,-7.604366200934287,0.17440585240909545,0.10436620093426985,-0.0700396514748256,1,0,0,1
1590,1590.0,15.9,-7.500000000000017,-7.3247842661114895,-7.6032948985186755,0.1752157338885274,0.10329489851865858,-0.07192083536986882,1,0,0,1
1591,1591.0,15.91,-7.500000000000017,-7.325028949050718,-7.602315023076808,0.1749710509492992,0.10231502307679108,-0.07265602787250813,1,0,0,1
1592,1592.0,15.92,-7.500000000000017,-7.324524498220485,-7.602300451322471,0.1754755017795322,0.10230045132245369,-0.0731750504570785,1,0,0,1
1593,1593.0,15.93,-7.500000000000017,-7.324374304197208,-7.603864493759552,0.1756256958028093,0.10386449375953521,-0.07176120204327407,1,0,0,1
1594,1594.0,15.94,-7.500000000000017,-7.323419660349065,-7.605377206646122,0.1765803396509522,0.10537720664610539,-0.07120313300484682,1,0,0,1
1595,1595.0,15.95,-7.500000000000017,-7.323525297234592,-7.6054703183727,0.1764747027654252,0.10547031837268328,-0.07100438439274193,1,0,0,1
1596,1596.0,15.96,-7.500000000000017,-7.324490003107925,-7.605718578590252,0.17550999689209146,0.10571857859023481,-0.06979141830185664,1,0,0,1
1597,1597.0,15.97,-7.500000000000017,-7.325142560201895,-7.605665776287538,0.17485743979812174,0.1056657762875215,-0.06919166351060024,1,0,0,1
1598,1598.0,15.98,-7.500000000000017,-7.324621059528276,-7.607489886102899,0.17537894047174074,0.1074898861028819,-0.06788905436885884,1,0,0,1
1599,1599.0,15.99,-7.500000000000017,-7.323974076669019,-7.606670425007026,0.17602592333099754,0.1066704250070094,-0.06935549832398813,1,0,0,1
1600,1600.0,16.0,-7.500000000000017,-7.324492764519845,-7.605438559280921,0.17550723548017189,0.10543855928090373,-0.07006867619926815,1,0,0,1
1601,1601.0,16.01,-7.500000000000017,-7.323758704134484,-7.605748887256963,0.17624129586553305,0.10574888725694631,-0.07049240860858674,1,0,0,1
1602,1602.0,16.02,-7.500000000000017,-7.324367761433952,-7.604215311506462,0.1756322385660649,0.10421531150644547,-0.07141692705961944,1,0,0,1
1603,1603.0,16.03,-7.500000000000017,-7.324107529240353,-7.604973116740969,0.1758924707596643,0.10497311674095222,-0.07091935401871208,1,0,0,1
1604,1604.0,16.04,-7.500000000000017,-7.324264869538858,-7.603655921016338,0.17573513046115874,0.10365592101632082,-0.07207920944483792,1,0,0,1
1605,1605.0,16.05,-7.500000000000017,-7.323358647810096,-7.603105622597629,0.17664135218992083,0.10310562259761191,-0.07353572959230892,1,0,0,1
1606,1606.0,16.06,-7.500000000000017,-7.324201131622833,-7.603493073749912,0.17579886837718384,0.10349307374989536,-0.07230579462728848,1,0,0,1
1607,1607.0,16.07,-7.500000000000017,-7.324573798214399,-7.603238050002909,0.1754262017856183,0.10323805000289177,-0.07218815178272653,1,0,0,1
1608,1608.0,16.08,-7.500000000000017,-7.32455462419479,-7.601843878929043,0.1754453758052268,0.10184387892902613,-0.07360149687620066,1,0,0,1
1609,1609.0,16.09,-7.500000000000017,-7.325713147139208,-7.601131837717061,0.17428685286080903,0.10113183771704382,-0.07315501514376521,1,0,0,1
1610,1610.0,16.1,-7.500000000000017,-7.325595968554613,-7.602236159751942,0.17440403144540362,0.10223615975192502,-0.0721678716934786,1,0,0,1
1611,1611.0,16.11,-7.500000000000017,-7.324624692656405,-7.602236953729066,0.17537530734361173,0.10223695372904906,-0.07313835361456267,1,0,0,1
1612,1612.0,16.12,-7.500000000000017,-7.323433187965057,-7.602682887115164,0.1765668120349595,0.10268288711514728,-0.07388392491981222,1,0,0,1
1613,1613.0,16.13,-7.500000000000017,-7.324206810617664,-7.601760130796402,0.175793189382353,0.1017601307963849,-0.07403305858596809,1,0,0,1
1614,1614.0,16.14,-7.500000000000017,-7.324016905052785,-7.601421546006154,0.17598309494723186,0.1014215460061374,-0.07456154894109446,1,0,0,1
1615,1615.0,16.15,-7.500000000000017,-7.322772132701311,-7.600490578409957,0.177227867298706,0.10049057840994013,-0.07673728888876585,1,0,0,1
1616,1616.0,16.16,-7.500000000000017,-7.323722714390642,-7.600576073042176,0.17627728560937506,0.10057607304215921,-0.07570121256721585,1,0,0,1
1617,1617.0,16.17,-7.500000000000017,-7.324324505077471,-7.601179635530111,0.17567549492254564,0.10117963553009446,-0.07449585939245118,1,0,0,1
1618,1618.0,16.18,-7.500000000000017,-7.323682847163631,-7.6001401165455835,0.17631715283638627,0.10014011654556665,-0.07617703629081962,1,0,0,1
1619,1619.0,16.19,-7.500000000000017,-7.323793516824887,-7.598900744741709,0.17620648317512977,0.09890074474169186,-0.07730573843343791,1,0,0,1
1620,1620.0,16.2,-7.500000000000017,-7.321964753606856,-7.597876872725035,0.17803524639316048,0.09787687272501788,-0.0801583736681426,1,0,0,1
1621,1621.0,16.21,-7.500000000000017,-7.32179886539793,-7.597892873169002,0.1782011346020873,0.09789287316898498,-0.08030826143310232,1,0,0,1
1622,1622.0,16.22,-7.500000000000017,-7.3211300576911515,-7.597293768181902,0.17886994230886533,0.09729376818188484,-0.08157617412698048,1,0,0,1
1623,1623.0,16.23,-7.500000000000017,-7.32155915758359,-7.595636347763837,0.17844084241642655,0.09563634776382024,-0.08280449465260631,1,0,0,1
1624,1624.0,16.24,-7.500000000000017,-7.321572260615567,-7.594088847087782,0.17842773938444978,0.09408884708776544,-0.08433889229668434,1,0,0,1
1625,1625.0,16.25,-7.500000000000017,-7.320070429143881,-7.593358896056855,0.17992957085613615,0.09335889605683789,-0.08657067479929825,1,0,0,1
1626,1626.0,16.26,-7.500000000000017,-7.320619693870868,-7.592968250022922,0.1793803061291488,0.09296825002290543,-0.08641205610624336,1,0,0,1
1627,1627.0,16.27,-7.500000000000017,-7.322184912396701,-7.590732941767621,0.17781508760331555,0.09073294176760438,-0.08708214583571117,1,0,0,1
1628,1628.0,16.28,-7.500000000000017,-7.323143888440842,-7.590807097989179,0.17685611155917513,0.09080709798916242,-0.08604901357001271,1,0,0,1
1629,1629.0,16.29,-7.500000000000017,-7.323025781646343,-7.590910733167236,0.17697421835367422,0.09091073316721943,-0.08606348518645479,1,0,0,1
1630,1630.0,16.3,-7.500000000000017,-7.3243399306818775,-7.59138284196783,0.17566006931813938,0.0913828419678131,-0.08427722735032628,1,0,0,1
1631,1631.0,16.31,-7.500000000000017,-7.326289363759455,-7.5924532124342425,0.17371063624056227,0.09245321243422566,-0.0812574238063366,1,0,0,1
1632,1632.0,16.32,-7.500000000000017,-7.3274023929755625,-7.592091768686778,0.17259760702445437,0.09209176868676128,-0.08050583833769309,1,0,0,1
1633,1633.0,16.33,-7.500000000000017,-7.326912127314329,-7.592299835912022,0.17308787268568793,0.09229983591200508,-0.08078803677368285,1,0,0,1
1634,1634.0,16.34,-7.500000000000017,-7.327267627281852,-7.5936454434338785,0.17273237271816466,0.09364544343386161,-0.07908692928430305,1,0,0,1
1635,1635.0,16.35,-7.500000000000017,-7.327819484538584,-7.595168093375638,0.17218051546143265,0.09516809337562115,-0.0770124220858115,1,0,0,1
1636,1636.0,16.36,-7.500000000000017,-7.328488628972086,-7.594222781455372,0.1715113710279308,0.0942227814553549,-0.0772885895725759,1,0,0,1
1637,1637.0,16.37,-7.500000000000017,-7.329802324332878,-7.593121721419391,0.17019767566713906,0.09312172141937403,-0.07707595424776503,1,0,0,1
1638,1638.0,16.38,-7.500000000000017,-7.331385407510361,-7.59298789674377,0.16861459248965627,0.09298789674375296,-0.0756266957459033,1,0,0,1
1639,1639.0,16.39,-7.500000000000017,-7.330651948888764,-7.592401614024603,0.16934805111125328,0.09240161402458646,-0.07694643708666682,1,0,0,1
1640,1640.0,16.4,-7.500000000000017,-7.329223162648201,-7.5929406618569955,0.17077683735181548,0.09294066185697858,-0.0778361754948369,1,0,0,1
1641,1641.0,16.41,-7.500000000000017,-7.330523408658063,-7.5915052215734296,0.1694765913419536,0.09150522157341268,-0.07797136976854091,1,0,0,1
1642,1642.0,16.42,-7.500000000000017,-7.330140372724966,-7.591027474083466,0.16985962727505122,0.09102747408344936,-0.07883215319160186,1,0,0,1
1643,1643.0,16.43,-7.500000000000017,-7.331674544417808,-7.591402676769179,0.16832545558220868,0.09140267676916203,-0.07692277881304665,1,0,0,1
1644,1644.0,16.44,-7.500000000000017,-7.33126635544522,-7.5910857382367105,0.16873364455479667,0.09108573823669364,-0.07764790631810303,1,0,0,1
1645,1645.0,16.45,-7.500000000000017,-7.331669777464644,-7.5893423771967665,0.16833022253537244,0.08934237719674964,-0.0789878453386228,1,0,0,1
1646,1646.0,16.46,-7.500000000000017,-7.331602287785281,-7.5881481187497615,0.16839771221473576,0.0881481187497446,-0.08024959346499116,1,0,0,1
1647,1647.0,16.47,-7.500000000000017,-7.330858803506416,-7.589071629076399,0.1691411964936007,0.08907162907638178,-0.08006956741721893,1,0,0,1
1648,1648.0,16.48,-7.500000000000017,-7.331081703450284,-7.5881740861715805,0.1689182965497329,0.08817408617156364,-0.08074421037816926,1,0,0,1
1649,1649.0,16.49,-7.500000000000017,-7.331538094618363,-7.587739252983956,0.16846190538165384,0.0877392529839387,-0.08072265239771514,1,0,0,1
1650,1650.0,16.5,-7.500000000000017,-7.3301028109821456,-7.5871289653600105,0.16989718901787132,0.0871289653599936,-0.08276822365787773,1,0,0,1
1651,1651.0,16.51,-7.500000000000017,-7.330252960373557,-7.586048450242853,0.16974703962645954,0.0860484502428358,-0.08369858938362373,1,0,0,1
1652,1652.0,16.52,-7.500000000000017,-7.330460646794607,-7.58476879709503,0.16953935320541014,0.0847687970950135,-0.08477055611039663,1,0,0,1
1653,1653.0,16.53,-7.500000000000017,-7.329898580342573,-7.585138333952082,0.17010141965744374,0.08513833395206483,-0.08496308570537892,1,0,0,1
1654,1654.0,16.54,-7.500000000000017,-7.330222602371627,-7.585240181319388,0.16977739762838961,0.08524018131937083,-0.08453721630901878,1,0,0,1
1655,1655.0,16.55,-7.500000000000017,-7.329829054710512,-7.583751365542864,0.17017094528950505,0.08375136554284701,-0.08641957974665804,1,0,0,1
1656,1656.0,16.56,-7.500000000000017,-7.33091482001298,-7.582386768966269,0.16908517998703676,0.08238676896625208,-0.08669841102078468,1,0,0,1
1657,1657.0,16.57,-7.500000000000017,-7.331594389420784,-7.5815364059858155,0.1684056105792333,0.08153640598579859,-0.08686920459343472,1,0,0,1
1658,1658.0,16.58,-7.500000000000017,-7.332231133551056,-7.582167835673503,0.16776886644896116,0.08216783567348607,-0.0856010307754751,1,0,0,1
1659,1659.0,16.59,-7.500000000000017,-7.332444879667655,-7.581690479799505,0.16755512033236197,0.08169047979948818,-0.08586464053287379,1,0,0,1
1660,1660.0,16.6,-7.500000000000017,-7.332226358684772,-7.579685680481898,0.16777364131524486,0.07968568048188107,-0.08808796083336379,1,0,0,1
1661,1661.0,16.61,-7.500000000000017,-7.334385347983091,-7.578548395322417,0.1656146520169255,0.07854839532240021,-0.08706625669452528,1,0,0,1
1662,1662.0,16.62,-7.500000000000017,-7.3358768856664405,-7.577844278241129,0.1641231143335764,0.07784427824111173,-0.08627883609246467,1,0,0,1
1663,1663.0,16.63,-7.500000000000017,-7.337243827636888,-7.577429194780475,0.162756172363129,0.07742919478045796,-0.08532697758267105,1,0,0,1
1664,1664.0,16.64,-7.500000000000017,-7.338683118414045,-7.576723564692346,0.16131688158597157,0.07672356469232877,-0.0845933168936428,1,0,0,1
1665,1665.0,16.65,-7.500000000000017,-7.338619800649977,-7.5768807263475955,0.1613801993500399,0.07688072634757859,-0.0844994730024613,1,0,0,1
1666,1666.0,16.66,-7.500000000000017,-7.340341590343049,-7.577535401663266,0.1596584096569682,0.07753540166324946,-0.08212300799371874,1,0,0,1
1667,1667.0,16.67,-7.500000000000017,-7.339700749253311,-7.578002332084886,0.16029925074670626,0.07800233208486951,-0.08229691866183675,1,0,0,1
1668,1668.0,16.68,-7.500000000000017,-7.340545132753167,-7.576788509101126,0.15945486724684965,0.07678850910110935,-0.0826663581457403,1,0,0,1
1669,1669.0,16.69,-7.500000000000017,-7.34119201908588,-7.575979556058663,0.15880798091413695,0.07597955605864648,-0.08282842485549047,1,0,0,1
1670,1670.0,16.7,-7.500000000000017,-7.342025505113596,-7.575640423839786,0.157974494886421,0.07564042383976943,-0.08233407104665158,1,0,0,1
1671,1671.0,16.71,-7.500000000000017,-7.343300523275101,-7.5753182413594,0.15669947672491613,0.07531824135938336,-0.08138123536553277,1,0,0,1
1672,1672.0,16.72,-7.500000000000017,-7.343458546859869,-7.576985544779928,0.15654145314014745,0.07698554477991149,-0.07955590836023596,1,0,0,1
1673,1673.0,16.73,-7.500000000000017,-7.345077264554865,-7.576552419762838,0.1549227354451519,0.07655241976282134,-0.07837031568233055,1,0,0,1
1674,1674.0,16.74,-7.500000000000017,-7.344122792301279,-7.575548012049395,0.15587720769873759,0.07554801204937789,-0.0803291956493597,1,0,0,1
1675,1675.0,16.75,-7.500000000000017,-7.3444341619072615,-7.575009972007823,0.15556583809275537,0.07500997200780635,-0.08055586608494902,1,0,0,1
1676,1676.0,16.76,-7.500000000000017,-7.344972395748712,-7.574706660991752,0.15502760425130457,0.07470666099173506,-0.08032094325956951,1,0,0,1
1677,1677.0,16.77,-7.500000000000017,-7.345577873422392,-7.574891412194329,0.1544221265776251,0.0748914121943125,-0.0795307143833126,1,0,0,1
1678,1678.0,16.78,-7.500000000000017,-7.345550231717398,-7.573505860927407,0.15444976828261847,0.07350586092738975,-0.08094390735522872,1,0,0,1
1679,1679.0,16.79,-7.500000000000017,-7.3466427513895,-7.573322428589105,0.1533572486105168,0.07332242858908788,-0.08003482002142892,1,0,0,1
1680,1680.0,16.8,-7.500000000000017,-7.347685321551904,-7.573980211114314,0.1523146784481133,0.07398021111429731,-0.078334467333816,1,0,0,1
1681,1681.0,16.81,-7.500000000000017,-7.349669132217338,-7.573551699720406,0.1503308677826789,0.07355169972038933,-0.07677916806228957,1,0,0,1
1682,1682.0,16.82,-7.500000000000017,-7.350743768162767,-7.574003923126046,0.14925623183725012,0.07400392312602921,-0.0752523087112209,1,0,0,1
1683,1683.0,16.83,-7.500000000000017,-7.350989508612834,-7.573357799928827,0.14901049138718303,0.07335779992880997,-0.07565269145837306,1,0,0,1
1684,1684.0,16.84,-7.500000000000017,-7.352725116337932,-7.574723381411906,0.1472748836620852,0.07472338141188928,-0.07255150225019591,1,0,0,1
1685,1685.0,16.85,-7.500000000000017,-7.35326778563114,-7.575832406962121,0.1467322143688765,0.07583240696210414,-0.07089980740677237,1,0,0,1
1686,1686.0,16.86,-7.500000000000017,-7.353598233989777,-7.575811308959062,0.14640176601024013,0.07581130895904487,-0.07059045705119527,1,0,0,1
1687,1687.0,16.87,-7.500000000000017,-7.353760515256751,-7.575450239610065,0.14623948474326554,0.07545023961004826,-0.07078924513321727,1,0,0,1
1688,1688.0,16.88,-7.500000000000017,-7.354616499308466,-7.575432950853365,0.14538350069155115,0.07543295085334822,-0.06995054983820292,1,0,0,1
1689,1689.0,16.89,-7.500000000000017,-7.355690702699407,-7.576943513352325,0.1443092973006097,0.0769435133523082,-0.0673657839483015,1,0,0,1
1690,1690.0,16.9,-7.500000000000017,-7.355600601669689,-7.576749680125721,0.14439939833032778,0.07674968012570371,-0.06764971820462407,1,0,0,1
1691,1691.0,16.91,-7.500000000000017,-7.35776144821752,-7.576144929083135,0.1422385517824969,0.0761449290831182,-0.06609362269937868,1,0,0,1
1692,1692.0,16.92,-7.500000000000017,-7.357686373509897,-7.575267023285217,0.14231362649011992,0.07526702328519974,-0.06704660320492017,1,0,0,1
1693,1693.0,16.93,-7.500000000000017,-7.359035666804333,-7.575261906317121,0.1409643331956838,0.07526190631710428,-0.06570242687857952,1,0,0,1
1694,1694.0,16.94,-7.500000000000017,-7.358609375650186,-7.575340698721503,0.14139062434983085,0.07534069872148574,-0.06604992562834511,1,0,0,1
1695,1695.0,16.95,-7.500000000000017,-7.358410113988581,-7.5760634457051195,0.14158988601143552,0.0760634457051026,-0.06552644030633292,1,0,0,1
1696,1696.0,16.96,-7.500000000000017,-7.357329410612617,-7.574703997639897,0.14267058938740007,0.07470399763988045,-0.06796659174751962,1,0,0,1
1697,1697.0,16.97,-7.500000000000017,-7.357566156981205,-7.573229773391802,0.14243384301881168,0.07322977339178482,-0.06920406962702685,1,0,0,1
1698,1698.0,16.98,-7.500000000000017,-7.359148332352955,-7.572761993621099,0.1408516676470617,0.07276199362108215,-0.06808967402597954,1,0,0,1
1699,1699.0,16.99,-7.500000000000017,-7.358064223425634,-7.5740333393525505,0.14193577657438272,0.07403333935253364,-0.06790243722184908,1,0,0,1
1700,1700.0,17.0,-7.500000000000017,-7.3576033633373275,-7.574200322227482,0.14239663666268942,0.07420032222746542,-0.068196314435224,1,0,0,1
1701,1701.0,17.01,-7.500000000000017,-7.356884189677821,-7.570743826220549,0.1431158103221959,0.07074382622053221,-0.07237198410166368,1,0,0,1
1702,1702.0,17.02,-7.500000000000017,-7.35787543714011,-7.569944255473709,0.14212456285990704,0.06994425547369243,-0.07218030738621461,1,0,0,1
1703,1703.0,17.03,-7.500000000000017,-7.357983193600553,-7.570775173551799,0.14201680639946357,0.07077517355178209,-0.07124163284768148,1,0,0,1
1704,1704.0,17.04,-7.500000000000017,-7.356387252682345,-7.57124131677639,0.14361274731767182,0.0712413167763728,-0.07237143054129902,1,0,0,1
1705,1705.0,17.05,-7.500000000000017,-7.35547932329413,-7.570535310069809,0.14452067670588686,0.07053531006979252,-0.07398536663609434,1,0,0,1
1706,1706.0,17.06,-7.500000000000017,-7.356183853701727,-7.568820146131441,0.1438161462982901,0.06882014613142395,-0.07499600016686614,1,0,0,1
1707,1707.0,17.07,-7.500000000000017,-7.355772771972604,-7.568780475228361,0.14422722802741283,0.06878047522834407,-0.07544675279906876,1,0,0,1
1708,1708.0,17.08,-7.500000000000017,-7.356121341898825,-7.567664017274898,0.14387865810119216,0.0676640172748808,-0.07621464082631135,1,0,0,1
1709,1709.0,17.09,-7.500000000000017,-7.355866369052074,-7.5672107723528885,0.14413363094794285,0.06721077235287165,-0.0769228585950712,1,0,0,1
1710,1710.0,17.1,-7.500000000000017,-7.354965162324402,-7.565747384179522,0.14503483767561498,0.0657473841795051,-0.07928745349610988,1,0,0,1
1711,1711.0,17.11,-7.500000000000017,-7.356076315420634,-7.566059038240255,0.14392368457938254,0.06605903824023773,-0.0778646463391448,1,0,0,1
1712,1712.0,17.12,-7.500000000000017,-7.355547687139211,-7.566842315112935,0.14445231286080595,0.06684231511291827,-0.07760999774788768,1,0,0,1
1713,1713.0,17.13,-7.500000000000017,-7.35575201435592,-7.566430484640158,0.14424798564409702,0.0664304846401409,-0.07781750100395612,1,0,0,1
1714,1714.0,17.14,-7.500000000000017,-7.356400542857352,-7.566927543673581,0.1435994571426651,0.06692754367356368,-0.0766719134691014,1,0,0,1
1715,1715.0,17.15,-7.500000000000017,-7.356524589879741,-7.565391928537217,0.14347541012027598,0.0653919285372,-0.07808348158307599,1,0,0,1
1716,1716.0,17.16,-7.500000000000017,-7.356498943043736,-7.564694532318304,0.14350105695628113,0.06469453231828748,-0.07880652463799365,1,0,0,1
1717,1717.0,17.17,-7.500000000000017,-7.357051329592005,-7.565556408728374,0.1429486704080123,0.06555640872835689,-0.0773922616796554,1,0,0,1
1718,1718.0,17.18,-7.500000000000017,-7.357276280337745,-7.565105721023003,0.14272371966227215,0.06510572102298617,-0.07761799863928598,1,0,0,1
1719,1719.0,17.19,-7.500000000000017,-7.358373636874291,-7.565311450452558,0.14162636312572552,0.06531145045254139,-0.07631491267318413,1,0,0,1
1720,1720.0,17.2,-7.500000000000017,-7.357041503344503,-7.564654170536526,0.1429584966555142,0.06465417053650935,-0.07830432611900484,1,0,0,1
1721,1721.0,17.21,-7.500000000000017,-7.356830630438157,-7.564994211925061,0.14316936956185966,0.06499421192504418,-0.07817515763681548,1,0,0,1
1722,1722.0,17.22,-7.500000000000017,-7.357342765808477,-7.56532333243189,0.14265723419153975,0.06532333243187338,-0.07733390175966637,1,0,0,1
1723,1723.0,17.23,-7.500000000000017,-7.356945030497099,-7.564318992984364,0.14305496950291818,0.06431899298434729,-0.0787359765185709,1,0,0,1
1724,1724.0,17.24,-7.500000000000017,-7.356288955830561,-7.5634421910588525,0.14371104416945624,0.06344219105883564,-0.0802688531106206,1,0,0,1
1725,1725.0,17.25,-7.500000000000017,-7.356083217596133,-7.563187936249456,0.14391678240388384,0.06318793624943897,-0.08072884615444487,1,0,0,1
1726,1726.0,17.26,-7.500000000000017,-7.355517131116478,-7.562998414474856,0.14448286888353845,0.06299841447483878,-0.08148445440869967,1,0,0,1
1727,1727.0,17.27,-7.500000000000017,-7.356391830091102,-7.562267399733457,0.1436081699089149,0.06226739973344042,-0.08134077017547447,1,0,0,1
1728,1728.0,17.28,-7.500000000000017,-7.3568503417002935,-7.561991331093143,0.14314965829972337,0.061991331093126156,-0.08115832720659721,1,0,0,1
1729,1729.0,17.29,-7.500000000000017,-7.357348538879252,-7.561309230268993,0.14265146112076454,0.061309230268975945,-0.0813422308517886,1,0,0,1
1730,1730.0,17.3,-7.500000000000017,-7.358067849008597,-7.56179945422715,0.14193215099141998,0.061799454227132955,-0.08013269676428703,1,0,0,1
1731,1731.0,17.31,-7.500000000000017,-7.357982532370359,-7.5624023873399695,0.14201746762965772,0.062402387339952625,-0.0796150802897051,1,0,0,1
1732,1732.0,17.32,-7.500000000000017,-7.35946240119548,-7.563667202206435,0.14053759880453676,0.06366720220641842,-0.07687039659811834,1,0,0,1
1733,1733.0,17.33,-7.500000000000017,-7.359685340963753,-7.562023267387019,0.14031465903626383,0.06202326738700226,-0.07829139164926158,1,0,0,1
1734,1734.0,17.34,-7.500000000000017,-7.360057742820055,-7.560022709590596,0.13994225717996223,0.060022709590579204,-0.07991954758938302,1,0,0,1
1735,1735.0,17.35,-7.500000000000017,-7.36050301333839,-7.558708410981793,0.13949698666162647,0.05870841098177593,-0.08078857567985054,1,0,0,1
1736,1736.0,17.36,-7.500000000000017,-7.3615183421230155,-7.557929764544998,0.1384816578770014,0.05792976454498078,-0.08055189333202062,1,0,0,1
1737,1737.0,17.37,-7.500000000000017,-7.362271143091027,-7.557374402784979,0.13772885690899006,0.057374402784962086,-0.08035445412402797,1,0,0,1
1738,1738.0,17.38,-7.500000000000017,-7.363384051085253,-7.554434863146061,0.13661594891476359,0.054434863146044066,-0.08218108576871952,1,0,0,1
1739,1739.0,17.39,-7.500000000000017,-7.363007330171792,-7.554730246899477,0.1369926698282251,0.054730246899460155,-0.08226242292876496,1,0,0,1
1740,1740.0,17.4,-7.500000000000017,-7.363577505983126,-7.556357274530025,0.136422494016891,0.05635727453000783,-0.08006521948688317,1,0,0,1
1741,1741.0,17.41,-7.500000000000017,-7.363182564216916,-7.556848225476915,0.1368174357831009,0.05684822547689805,-0.07996921030620285,1,0,0,1
1742,1742.0,17.42,-7.500000000000017,-7.363903878716092,-7.555741477027078,0.13609612128392445,0.05574147702706078,-0.08035464425686367,1,0,0,1
1743,1743.0,17.43,-7.500000000000017,-7.364135792135774,-7.5539422573145725,0.13586420786424291,0.0539422573145556,-0.08192195054968732,1,0,0,1
1744,1744.0,17.44,-7.500000000000017,-7.364004558901049,-7.554244823984097,0.13599544109896744,0.054244823984079815,-0.08175061711488762,1,0,0,1
1745,1745.0,17.45,-7.500000000000017,-7.365553076006753,-7.55332394434373,0.13444692399326374,0.05332394434371324,-0.08112297964955051,1,0,0,1
1746,1746.0,17.46,-7.500000000000017,-7.365054994882113,-7.5531411851808175,0.13494500511790353,0.053141185180800576,-0.08180381993710295,1,0,0,1
1747,1747.0,17.47,-7.500000000000017,-7.366001371741846,-7.55310243249589,0.13399862825817088,0.053102432495872876,-0.080896195762298,1,0,0,1
1748,1748.0,17.48,-7.500000000000017,-7.366887531025736,-7.5536874752814445,0.1331124689742813,0.05368747528142759,-0.07942499369285372,1,0,0,1
1749,1749.0,17.49,-7.500000000000017,-7.3667464096888775,-7.554721343082113,0.13325359031113937,0.054721343082095864,-0.0785322472290435,1,0,0,1
1750,1750.0,17.5,-7.500000000000017,-7.366255469507807,-7.553743584495388,0.13374453049221025,0.05374358449537109,-0.08000094599683916,1,0,0,1
1751,1751.0,17.51,-7.500000000000017,-7.368062062405851,-7.55287926567739,0.1319379375941656,0.05287926567737333,-0.07905867191679228,1,0,0,1
1752,1752.0,17.52,-7.500000000000017,-7.368246843156491,-7.550574329213223,0.1317531568435255,0.05057432921320615,-0.08117882763031936,1,0,0,1
1753,1753.0,17.53,-7.500000000000017,-7.368193216477288,-7.549485010183574,0.13180678352272857,0.04948501018355689,-0.08232177333917168,1,0,0,1
1754,1754.0,17.54,-7.500000000000017,-7.369146569306733,-7.550235877952679,0.1308534306932838,0.05023587795266238,-0.08061755274062143,1,0,0,1
1755,1755.0,17.55,-7.500000000000017,-7.369068408400221,-7.549734483228103,0.13093159159979617,0.049734483228085935,-0.08119710837171024,1,0,0,1
1756,1756.0,17.56,-7.500000000000017,-7.369070572379479,-7.549901273749757,0.13092942762053816,0.049901273749740405,-0.08102815387079776,1,0,0,1
1757,1757.0,17.57,-7.500000000000017,-7.369414974702886,-7.549519059319021,0.13058502529713056,0.04951905931900402,-0.08106596597812654,1,0,0,1
1758,1758.0,17.58,-7.500000000000017,-7.368765133149779,-7.550786077533763,0.13123486685023789,0.05078607753374609,-0.0804487893164918,1,0,0,1
1759,1759.0,17.59,-7.500000000000017,-7.3704500634319245,-7.549533662454602,0.12954993656809233,0.04953366245458479,-0.08001627411350754,1,0,0,1
1760,1760.0,17.6,-7.500000000000017,-7.370204625012722,-7.54804402216889,0.1297953749872951,0.048044022168872935,-0.08175135281842216,1,0,0,1
1761,1761.0,17.61,-7.500000000000017,-7.371036662011953,-7.547821714564548,0.12896333798806392,0.04782171456453099,-0.08114162342353293,1,0,0,1
1762,1762.0,17.62,-7.500000000000017,-7.3711739051646274,-7.5476539028062986,0.12882609483538943,0.04765390280628168,-0.08117219202910775,1,0,0,1
1763,1763.0,17.63,-7.500000000000017,-7.3715700138949485,-7.5476807177916365,0.1284299861050684,0.04768071779161964,-0.08074926831344875,1,0,0,1
1764,1764.0,17.64,-7.500000000000017,-7.3710378241646515,-7.546946412205434,0.1289621758353654,0.04694641220541751,-0.08201576362994789,1,0,0,1
1765,1765.0,17.65,-7.500000000000017,-7.372249875766997,-7.5469969080043215,0.12775012423302012,0.04699690800430467,-0.08075321622871545,1,0,0,1
1766,1766.0,17.66,-7.500000000000017,-7.3722341006041905,-7.547530283526009,0.1277658993958264,0.04753028352599209,-0.0802356158698343,1,0,0,1
1767,1767.0,17.67,-7.500000000000017,-7.37341373184709,-7.548421805128608,0.12658626815292706,0.048421805128590734,-0.07816446302433633,1,0,0,1
1768,1768.0,17.68,-7.500000000000017,-7.373948057078123,-7.54819024680164,0.1260519429218938,0.04819024680162354,-0.07786169612027027,1,0,0,1
1769,1769.0,17.69,-7.500000000000017,-7.37396723072909,-7.5473691134962415,0.12603276927092644,0.047369113496224635,-0.0786636557747018,1,0,0,1
1770,1770.0,17.7,-7.500000000000017,-7.373644744615104,-7.547821678868189,0.12635525538491255,0.047821678868172235,-0.07853357651674031,1,0,0,1
1771,1771.0,17.71,-7.500000000000017,-7.374288281858933,-7.545326558042519,0.12571171814108428,0.045326558042502185,-0.0803851600985821,1,0,0,1
1772,1772.0,17.72,-7.500000000000017,-7.3735367045951,-7.545298603643403,0.12646329540491674,0.04529860364338578,-0.08116469176153096,1,0,0,1
1773,1773.0,17.73,-7.500000000000017,-7.374531102710537,-7.545147353718097,0.12546889728947974,0.045147353718079763,-0.08032154357139998,1,0,0,1
1774,1774.0,17.74,-7.500000000000017,-7.3742706543595,-7.5449722915235276,0.12572934564051685,0.04497229152351068,-0.08075705411700618,1,0,0,1
1775,1775.0,17.75,-7.500000000000017,-7.372461875259114,-7.542468509246282,0.1275381247409033,0.04246850924626511,-0.0850696154946382,1,0,0,1
1776,1776.0,17.76,-7.500000000000017,-7.372827618247648,-7.542171262041489,0.1271723817523691,0.04217126204147181,-0.0850011197108973,1,0,0,1
1777,1777.0,17.77,-7.500000000000017,-7.372135552653193,-7.5432619893973865,0.12786444734682423,0.04326198939736958,-0.08460245794945465,1,0,0,1
1778,1778.0,17.78,-7.500000000000017,-7.37246106395712,-7.543504940016656,0.1275389360428969,0.04350494001663918,-0.08403399602625772,1,0,0,1
1779,1779.0,17.79,-7.500000000000017,-7.3733184690315445,-7.543464258042857,0.12668153096847234,0.04346425804283971,-0.08321727292563263,1,0,0,1
1780,1780.0,17.8,-7.500000000000017,-7.373942456428968,-7.54266529281105,0.12605754357104892,0.04266529281103271,-0.08339225076001622,1,0,0,1
1781,1781.0,17.81,-7.500000000000017,-7.374664741867752,-7.543154753412953,0.12533525813226465,0.04315475341293595,-0.0821805047193287,1,0,0,1
1782,1782.0,17.82,-7.500000000000017,-7.375758088577561,-7.542366159002283,0.12424191142245622,0.042366159002265924,-0.0818757524201903,1,0,0,1
1783,1783.0,17.83,-7.500000000000017,-7.375313056222827,-7.542087487311171,0.12468694377719025,0.042087487311154526,-0.08259945646603573,1,0,0,1
1784,1784.0,17.84,-7.500000000000017,-7.376792849759977,-7.541303686829494,0.12320715024003981,0.04130368682947694,-0.08190346341056287,1,0,0,1
1785,1785.0,17.85,-7.500000000000017,-7.376972890281123,-7.541834536583224,0.12302710971889397,0.041834536583206905,-0.08119257313568706,1,0,0,1
1786,1786.0,17.86,-7.500000000000017,-7.377581803993757,-7.542878957698162,0.1224181960062598,0.04287895769814476,-0.07953923830811505,1,0,0,1
1787,1787.0,17.87,-7.500000000000017,-7.378812865240822,-7.5413231692494795,0.12118713475919485,0.041323169249462666,-0.07986396550973218,1,0,0,1
1788,1788.0,17.88,-7.500000000000017,-7.379164349436598,-7.540461183474944,0.12083565056341872,0.04046118347492733,-0.08037446708849139,1,0,0,1
1789,1789.0,17.89,-7.500000000000017,-7.378988623362592,-7.53922159966809,0.12101137663742456,0.039221599668072926,-0.08178977696935164,1,0,0,1
1790,1790.0,17.9,-7.500000000000017,-7.379048175900303,-7.539667603385046,0.12095182409971361,0.03966760338502873,-0.08128422071468488,1,0,0,1
1791,1791.0,17.91,-7.500000000000017,-7.379934215694992,-7.53895955985997,0.12006578430502479,0.03895955985995325,-0.08110622444507154,1,0,0,1
1792,1792.0,17.92,-7.500000000000017,-7.381153590963622,-7.536403768245577,0.11884640903639454,0.036403768245560464,-0.08244264079083408,1,0,0,1
1793,1793.0,17.93,-7.500000000000017,-7.380936169333712,-7.535570946168518,0.11906383066630521,0.03557094616850076,-0.08349288449780445,1,0,0,1
1794,1794.0,17.94,-7.500000000000017,-7.381085172468796,-7.534527814907628,0.11891482753122062,0.034527814907611365,-0.08438701262360926,1,0,0,1
1795,1795.0,17.95,-7.500000000000017,-7.380775189012447,-7.536477181927354,0.11922481098756954,0.036477181927336844,-0.0827476290602327,1,0,0,1
1796,1796.0,17.96,-7.500000000000017,-7.381481280870698,-7.536460773527524,0.11851871912931866,0.03646077352750687,-0.08205794560181179,1,0,0,1
1797,1797.0,17.97,-7.500000000000017,-7.382159307683833,-7.536257023789534,0.1178406923161841,0.03625702378951701,-0.0815836685266671,1,0,0,1
1798,1798.0,17.98,-7.500000000000017,-7.383421063590338,-7.536113830770845,0.1165789364096792,0.036113830770828415,-0.08046510563885079,1,0,0,1
1799,1799.0,17.99,-7.500000000000017,-7.383082576193633,-7.536759588672693,0.1169174238063837,0.036759588672675925,-0.08015783513370778,1,0,0,1
1800,1800.0,18.0,-7.500000000000017,-7.38361828306592,-7.537465008863464,0.1163817169340966,0.03746500886344695,-0.07891670807064965,1,0,0,1
1801,1801.0,18.01,-7.500000000000017,-7.384883017402539,-7.537021986286883,0.1151169825974776,0.037021986286865705,-0.0780949963106119,1,0,0,1
1802,1802.0,18.02,-7.500000000000017,-7.386322022192971,-7.536927206503806,0.11367797780704603,0.036927206503789556,-0.07675077130325647,1,0,0,1
1803,1803.0,18.03,-7.500000000000017,-7.388134801813369,-7.537983809871964,0.11186519818664831,0.03798380987194694,-0.07388138831470137,1,0,0,1
1804,1804.0,18.04,-7.500000000000017,-7.389604137061528,-7.5398017259185055,0.11039586293848913,0.03980172591848863,-0.0705941370200005,1,0,0,1
1805,1805.0,18.05,-7.500000000000017,-7.389667087082377,-7.538874199114924,0.1103329129176398,0.038874199114907526,-0.07145871380273228,1,0,0,1
1806,1806.0,18.06,-7.500000000000017,-7.389597296466216,-7.537766254954365,0.11040270353380066,0.03776625495434782,-0.07263644857945284,1,0,0,1
1807,1807.0,18.07,-7.500000000000017,-7.38958087341471,-7.537730712344207,0.11041912658530695,0.037730712344190565,-0.07268841424111638,1,0,0,1
1808,1808.0,18.08,-7.500000000000017,-7.39032569245783,-7.537526482399001,0.10967430754218643,0.037526482398984484,-0.07214782514320195,1,0,0,1
1809,1809.0,18.09,-7.500000000000017,-7.390595086691131,-7.539455614463312,0.10940491330888591,0.03945561446329471,-0.0699492988455912,1,0,0,1
1810,1810.0,18.1,-7.500000000000017,-7.390236198990497,-7.538750354143751,0.1097638010095201,0.03875035414373418,-0.07101344686578592,1,0,0,1
1811,1811.0,18.11,-7.500000000000017,-7.38892156277124,-7.538124987572514,0.11107843722877675,0.03812498757249738,-0.07295344965627937,1,0,0,1
1812,1812.0,18.12,-7.500000000000017,-7.389780408275139,-7.537668549731179,0.11021959172487783,0.03766854973116196,-0.07255104199371587,1,0,0,1
1813,1813.0,18.13,-7.500000000000017,-7.3904667655996565,-7.538698315537456,0.10953323440036034,0.038698315537438965,-0.07083491886292137,1,0,0,1
1814,1814.0,18.14,-7.500000000000017,-7.389494821566082,-7.540682323893496,0.11050517843393504,0.04068232389347948,-0.06982285454045556,1,0,0,1
1815,1815.0,18.15,-7.500000000000017,-7.390785636842984,-7.540958890138375,0.10921436315703303,0.040958890138358406,-0.06825547301867463,1,0,0,1
1816,1816.0,18.16,-7.500000000000017,-7.390252766989037,-7.540548941466982,0.10974723301097988,0.04054894146696508,-0.0691982915440148,1,0,0,1
1817,1817.0,18.17,-7.500000000000017,-7.390004730752776,-7.53898197519854,0.10999526924724101,0.03898197519852342,-0.07101329404871759,1,0,0,1
1818,1818.0,18.18,-7.500000000000017,-7.389520654128016,-7.539854054780923,0.11047934587200103,0.03985405478090609,-0.07062529109109494,1,0,0,1
1819,1819.0,18.19,-7.500000000000017,-7.390323819871615,-7.538648770110997,0.1096761801284023,0.03864877011098056,-0.07102741001742174,1,0,0,1
1820,1820.0,18.2,-7.500000000000017,-7.3888480510136425,-7.538471632815415,0.11115194898637437,0.03847163281539778,-0.07268031617097659,1,0,0,1
1821,1821.0,18.21,-7.500000000000017,-7.388763782404077,-7.537835828784954,0.11123621759594027,0.037835828784936965,-0.0734003888110033,1,0,0,1
1822,1822.0,18.22,-7.500000000000017,-7.388322077363484,-7.538265781443939,0.11167792263653276,0.03826578144392201,-0.07341214119261075,1,0,0,1
1823,1823.0,18.23,-7.500000000000017,-7.387109396987744,-7.538541864311828,0.11289060301227316,0.03854186431181095,-0.07434873870046221,1,0,0,1
1824,1824.0,18.24,-7.500000000000017,-7.387052268311199,-7.537440942568951,0.11294773168881811,0.037440942568934155,-0.07550678911988395,1,0,0,1
1825,1825.0,18.25,-7.500000000000017,-7.3843227155654025,-7.53635352517803,0.11567728443461434,0.03635352517801316,-0.07932375925660118,1,0,0,1
1826,1826.0,18.26,-7.500000000000017,-7.38325350593039,-7.535081600752159,0.116746494069627,0.03508160075214217,-0.08166489331748483,1,0,0,1
1827,1827.0,18.27,-7.500000000000017,-7.382722568462266,-7.534604483279253,0.11727743153775094,0.03460448327923604,-0.0826729482585149,1,0,0,1
1828,1828.0,18.28,-7.500000000000017,-7.380783286513009,-7.533697392959308,0.11921671348700791,0.03369739295929097,-0.08551932052771694,1,0,0,1
1829,1829.0,18.29,-7.500000000000017,-7.379861136064686,-7.532440030824231,0.12013886393533113,0.03244003082421454,-0.08769883311111659,1,0,0,1
1830,1830.0,18.3,-7.500000000000017,-7.378984182953889,-7.532345715551275,0.12101581704612752,0.032345715551258536,-0.08867010149486898,1,0,0,1
1831,1831.0,18.31,-7.500000000000017,-7.378244278399247,-7.533796105992051,0.12175572160076964,0.03379610599203442,-0.08795961560873522,1,0,0,1
1832,1832.0,18.32,-7.500000000000017,-7.378031527527355,-7.534578314609445,0.12196847247266174,0.03457831460942806,-0.08739015786323368,1,0,0,1
1833,1833.0,18.33,-7.500000000000017,-7.378696130671934,-7.534279956576997,0.12130386932808257,0.03427995657698002,-0.08702391275110255,1,0,0,1
1834,1834.0,18.34,-7.500000000000017,-7.377621254559328,-7.534170967420262,0.12237874544068905,0.034170967420244835,-0.08820777802044422,1,0,0,1
1835,1835.0,18.35,-7.500000000000017,-7.378595296688777,-7.534086729813444,0.12140470331123954,0.034086729813426864,-0.08731797349781267,1,0,0,1
1836,1836.0,18.36,-7.500000000000017,-7.378240402490795,-7.534414329572941,0.1217595975092216,0.03441432957292445,-0.08734526793629716,1,0,0,1
1837,1837.0,18.37,-7.500000000000017,-7.377438948243179,-7.534620889877817,0.12256105175683807,0.03462088987780021,-0.08794016187903786,1,0,0,1
1838,1838.0,18.38,-7.500000000000017,-7.375847249916902,-7.534214218533893,0.12415275008311522,0.03421421853387585,-0.08993853154923936,1,0,0,1
1839,1839.0,18.39,-7.500000000000017,-7.37516201985734,-7.533843571408279,0.12483798014267666,0.03384357140826211,-0.09099440873441456,1,0,0,1
1840,1840.0,18.4,-7.500000000000017,-7.375349665661204,-7.534848349812924,0.12465033433881256,0.034848349812906854,-0.08980198452590571,1,0,0,1
1841,1841.0,18.41,-7.500000000000017,-7.375093933480134,-7.535461267391987,0.12490606651988312,0.03546126739197053,-0.08944479912791259,1,0,0,1
1842,1842.0,18.42,-7.500000000000017,-7.375189089367259,-7.5351907320666545,0.12481091063275773,0.03519073206663759,-0.08962017856612015,1,0,0,1
1843,1843.0,18.43,-7.500000000000017,-7.374004398533345,-7.534432394429624,0.12599560146667166,0.034432394429606994,-0.09156320703706466,1,0,0,1
1844,1844.0,18.44,-7.500000000000017,-7.3731491154282836,-7.534612638735757,0.12685088457173332,0.03461263873573994,-0.09223824583599338,1,0,0,1
1845,1845.0,18.45,-7.500000000000017,-7.373040712627217,-7.534633005651317,0.1269592873727996,0.03463300565130023,-0.09232628172149937,1,0,0,1
1846,1846.0,18.46,-7.500000000000017,-7.372974501915647,-7.535076768671914,0.12702549808436991,0.03507676867189691,-0.09194872941247301,1,0,0,1
1847,1847.0,18.47,-7.500000000000017,-7.372358834175837,-7.533656951937869,0.12764116582417984,0.03365695193785179,-0.09398421388632805,1,0,0,1
1848,1848.0,18.48,-7.500000000000017,-7.372652273249934,-7.5333478323399,0.12734772675008266,0.033347832339883254,-0.0939998944101994,1,0,0,1
1849,1849.0,18.49,-7.500000000000017,-7.3714822975689165,-7.532976242085305,0.1285177024311004,0.032976242085288376,-0.09554146034581201,1,0,0,1
1850,1850.0,18.5,-7.500000000000017,-7.37137919077569,-7.532453796815361,0.12862080922432728,0.03245379681534377,-0.09616701240898351,1,0,0,1
1851,1851.0,18.51,-7.500000000000017,-7.370794218707163,-7.533228016416078,0.1292057812928542,0.03322801641606077,-0.09597776487679344,1,0,0,1
1852,1852.0,18.52,-7.500000000000017,-7.3712063760575175,-7.532181806479005,0.12879362394249938,0.03218180647898805,-0.09661181746351133,1,0,0,1
1853,1853.0,18.53,-7.500000000000017,-7.370864575600773,-7.530975490090511,0.12913542439924353,0.030975490090494162,-0.09815993430874936,1,0,0,1
1854,1854.0,18.54,-7.500000000000017,-7.371482123157528,-7.529508621999647,0.12851787684248883,0.029508621999630336,-0.0990092548428585,1,0,0,1
1855,1855.0,18.55,-7.500000000000017,-7.371459249172087,-7.530313838014732,0.1285407508279297,0.03031383801471499,-0.09822691281321472,1,0,0,1
1856,1856.0,18.56,-7.500000000000017,-7.372265714151397,-7.528340076771136,0.12773428584861968,0.02834007677111927,-0.0993942090775004,1,0,0,1
1857,1857.0,18.57,-7.500000000000017,-7.372074927756096,-7.528240575685652,0.12792507224392047,0.028240575685635427,-0.09968449655828504,1,0,0,1
1858,1858.0,18.58,-7.500000000000017,-7.372016874588889,-7.527261135229218,0.1279831254111281,0.027261135229201372,-0.10072199018192673,1,1,0,0
1859,1859.0,18.59,-7.500000000000017,-7.372577889827578,-7.527496308029841,0.12742211017243932,0.027496308029824057,-0.09992580214261526,1,0,0,1
1860,1860.0,18.6,-7.500000000000017,-7.37308332438326,-7.528268041268231,0.1269166756167568,0.02826804126821436,-0.09864863434854243,1,0,0,1
1861,1861.0,18.61,-7.500000000000017,-7.373335711428683,-7.52654746498942,0.12666428857133383,0.026547464989403302,-0.10011682358193053,1,1,0,0
1862,1862.0,18.62,-7.500000000000017,-7.37440448197004,-7.525753459742607,0.12559551802997682,0.02575345974258969,-0.09984205828738713,1,0,0,1
1863,1863.0,18.63,-7.500000000000017,-7.3731601092627015,-7.524179621891576,0.12683989073731539,0.024179621891558867,-0.10266026884575652,1,1,0,0
1864,1864.0,18.64,-7.500000000000017,-7.373482782924051,-7.523644745490958,0.12651721707596586,0.023644745490940977,-0.10287247158502488,1,1,0,0
1865,1865.0,18.65,-7.500000000000017,-7.3722319534578595,-7.522890924345521,0.12776804654215734,0.022890924345504438,-0.1048771221966529,1,1,0,0
1866,1866.0,18.66,-7.500000000000017,-7.372195467174983,-7.520961546408521,0.12780453282503412,0.020961546408504006,-0.10684298641653012,1,1,0,0
1867,1867.0,18.67,-7.500000000000017,-7.371317235410433,-7.520678622952081,0.12868276458958405,0.02067862295206435,-0.1080041416375197,1,1,0,0
1868,1868.0,18.68,-7.500000000000017,-7.371649479709804,-7.521956333029164,0.12835052029021288,0.02195633302914679,-0.10639418726106609,1,1,0,0
1869,1869.0,18.69,-7.500000000000017,-7.373082454492035,-7.522124216349096,0.12691754550798162,0.022124216349078907,-0.10479332915890271,1,1,0,0
1870,1870.0,18.7,-7.500000000000017,-7.372616129893758,-7.5204365674272475,0.12738387010625907,0.020436567427230656,-0.10694730267902841,1,1,0,0
1871,1871.0,18.71,-7.500000000000017,-7.373129749950074,-7.519749475447937,0.1268702500499428,0.019749475447920162,-0.10712077460202263,1,1,0,0
1872,1872.0,18.72,-7.500000000000017,-7.3734987355706165,-7.519209794852472,0.12650126442940035,0.019209794852454998,-0.10729146957694535,1,1,0,0
1873,1873.0,18.73,-7.500000000000017,-7.37311824062209,-7.518834699246727,0.12688175937792678,0.01883469924671033,-0.10804706013121645,1,1,0,0
1874,1874.0,18.74,-7.500000000000017,-7.3731980580807965,-7.518094529553231,0.12680194191922034,0.018094529553214223,-0.10870741236600612,1,1,0,0
1875,1875.0,18.75,-7.500000000000017,-7.374607297835296,-7.517280364326483,0.12539270216472076,0.01728036432646629,-0.10811233783825447,1,1,0,0
1876,1876.0,18.76,-7.500000000000017,-7.375457739952796,-7.517596745722468,0.12454226004722102,0.017596745722451068,-0.10694551432476995,1,1,0,0
1877,1877.0,18.77,-7.500000000000017,-7.375658788122875,-7.518582232873408,0.12434121187714187,0.018582232873391114,-0.10575897900375075,1,1,0,0
1878,1878.0,18.78,-7.500000000000017,-7.375373144503694,-7.519237740690338,0.1246268554963228,0.019237740690321026,-0.10538911480600177,1,1,0,0
1879,1879.0,18.79,-7.500000000000017,-7.375140119945358,-7.518906354136976,0.1248598800546592,0.01890635413695918,-0.10595352591770002,1,1,0,0
1880,1880.0,18.8,-7.500000000000017,-7.375013705133339,-7.518287964151782,0.12498629486667756,0.01828796415176548,-0.10669833071491208,1,1,0,0
1881,1881.0,18.81,-7.500000000000017,-7.375029073645366,-7.518785934660387,0.12497092635465101,0.01878593466036982,-0.1061849916942812,1,1,0,0
1882,1882.0,18.82,-7.500000000000017,-7.374625184195972,-7.5165167537484905,0.12537481580404464,0.01651675374847361,-0.10885806205557103,1,1,0,0
1883,1883.0,18.83,-7.500000000000017,-7.375394133625295,-7.5169815534515685,0.12460586637472204,0.016981553451551612,-0.10762431292317043,1,1,0,0
1884,1884.0,18.84,-7.500000000000017,-7.374700578496188,-7.5160107734867205,0.12529942150382922,0.016010773486703656,-0.10928864801712557,1,1,0,0
1885,1885.0,18.85,-7.500000000000017,-7.374043745018671,-7.515919173701055,0.12595625498134577,0.015919173701037792,-0.11003708128030798,1,1,0,0
1886,1886.0,18.86,-7.500000000000017,-7.373187963822548,-7.517042119719784,0.12681203617746917,0.017042119719767435,-0.10976991645770173,1,1,0,0
1887,1887.0,18.87,-7.500000000000017,-7.373208797509977,-7.516736670296078,0.12679120249003972,0.016736670296061185,-0.11005453219397854,1,1,0,0
1888,1888.0,18.88,-7.500000000000017,-7.373630425544263,-7.5168163873539,0.12636957445575359,0.01681638735388269,-0.1095531871018709,1,1,0,0
1889,1889.0,18.89,-7.500000000000017,-7.373955912041354,-7.516255936157839,0.12604408795866284,0.016255936157822504,-0.10978815180084034,1,1,0,0
1890,1890.0,18.9,-7.500000000000017,-7.374229890297979,-7.51592394942792,0.12577010970203784,0.015923949427903317,-0.10984616027413452,1,1,0,0
1891,1891.0,18.91,-7.500000000000017,-7.374323036468202,-7.514055866161469,0.12567696353181468,0.014055866161451824,-0.11162109737036285,1,1,0,0
1892,1892.0,18.92,-7.500000000000017,-7.3748844609760305,-7.514206498600305,0.12511553902398642,0.014206498600287887,-0.11090904042369853,1,1,0,0
1893,1893.0,18.93,-7.500000000000017,-7.374241057188627,-7.5152637049536,0.1257589428113901,0.015263704953583535,-0.11049523785780657,1,1,0,0
1894,1894.0,18.94,-7.500000000000017,-7.374836605649876,-7.514624242695676,0.12516339435014068,0.01462424269565954,-0.11053915165448114,1,1,0,0
1895,1895.0,18.95,-7.500000000000017,-7.375132271669517,-7.513695774068139,0.12486772833049997,0.013695774068121835,-0.11117195426237814,1,1,0,0
1896,1896.0,18.96,-7.500000000000017,-7.374600760333339,-7.514049971367299,0.12539923966667832,0.0140499713672817,-0.11134926829939662,1,1,0,0
1897,1897.0,18.97,-7.500000000000017,-7.374811689007157,-7.515080725310341,0.12518831099285954,0.015080725310324006,-0.11010758568253554,1,1,0,0
1898,1898.0,18.98,-7.500000000000017,-7.375127795583364,-7.513030499218438,0.12487220441665325,0.013030499218420921,-0.11184170519823233,1,1,0,0
1899,1899.0,18.99,-7.500000000000017,-7.374457511402506,-7.5114987330330925,0.12554248859751116,0.011498733033075581,-0.11404375556443558,1,1,0,0
1900,1900.0,19.0,-7.500000000000017,-7.374863783025749,-7.511027494988602,0.12513621697426824,0.011027494988584685,-0.11410872198568356,1,1,0,0
1901,1901.0,19.01,-7.500000000000017,-7.376721942066452,-7.510371350905822,0.12327805793356461,0.010371350905804988,-0.11290670702775962,1,1,0,0
1902,1902.0,19.02,-7.500000000000017,-7.376194866655753,-7.509416730540468,0.12380513334426357,0.009416730540451113,-0.11438840280381246,1,1,0,0
1903,1903.0,19.03,-7.500000000000017,-7.376395932042814,-7.508680624334014,0.1236040679572028,0.008680624333996967,-0.11492344362320583,1,1,0,0
1904,1904.0,19.04,-7.500000000000017,-7.3773358283017725,-7.508593373544212,0.1226641716982444,0.008593373544194982,-0.11407079815404941,1,1,0,0
1905,1905.0,19.05,-7.500000000000017,-7.377626749926057,-7.509818841132724,0.12237325007396027,0.009818841132706702,-0.11255440894125357,1,1,0,0
1906,1906.0,19.06,-7.500000000000017,-7.377543532847197,-7.509802282506283,0.1224564671528201,0.009802282506266025,-0.11265418464655408,1,1,0,0
1907,1907.0,19.07,-7.500000000000017,-7.378178545129111,-7.507740743824404,0.12182145487090601,0.007740743824387053,-0.11408071104651896,1,1,0,0
1908,1908.0,19.08,-7.500000000000017,-7.378533636119759,-7.5076177291241954,0.12146636388025822,0.007617729124178574,-0.11384863475607965,1,1,0,0
1909,1909.0,19.09,-7.500000000000017,-7.379954073917824,-7.5081753103267035,0.12004592608219244,0.008175310326686613,-0.11187061575550583,1,1,0,0
1910,1910.0,19.1,-7.500000000000017,-7.381517182329995,-7.508315016714322,0.11848281767002167,0.008315016714305123,-0.11016780095571654,1,1,0,0
1911,1911.0,19.11,-7.500000000000017,-7.382393889146918,-7.5080765129391605,0.11760611085309858,0.008076512939143576,-0.109529597913955,1,1,0,0
1912,1912.0,19.12,-7.500000000000017,-7.383470548073222,-7.505939827067977,0.11652945192679454,0.005939827067960479,-0.11058962485883406,1,1,0,0
1913,1913.0,19.13,-7.500000000000017,-7.384709202039131,-7.505910958808969,0.1152907979608857,0.005910958808952316,-0.10937983915193339,1,1,0,0
1914,1914.0,19.14,-7.500000000000017,-7.3848402417103785,-7.502684375908714,0.11515975828963843,0.0026843759086974117,-0.11247538238094101,1,1,0,0
1915,1915.0,19.15,-7.500000000000017,-7.387730719588314,-7.501985558226202,0.11226928041170314,0.001985558226184736,-0.1102837221855184,1,1,0,0
1916,1916.0,19.16,-7.500000000000017,-7.390727987147383,-7.501051078748799,0.10927201285263344,0.001051078748782075,-0.10822093410385136,1,1,0,0
1917,1917.0,19.17,-7.500000000000017,-7.391469925926511,-7.500173993497663,0.10853007407350557,0.00017399349764612992,-0.10835608057585944,1,1,0,0
1918,1918.0,19.18,-7.500000000000017,-7.392373475488692,-7.500322713008612,0.10762652451132482,0.0003227130085949881,-0.10730381150272983,1,1,0,0
1919,1919.0,19.19,-7.500000000000017,-7.393661600475155,-7.500810247098485,0.10633839952486213,0.0008102470984683308,-0.1055281524263938,1,1,0,0
1920,1920.0,19.2,-7.500000000000017,-7.39469029551642,-7.502156029603543,0.10530970448359689,0.0021560296035261217,-0.10315367488007077,1,1,0,0
1921,1921.0,19.21,-7.500000000000017,-7.394585209993335,-7.501622878895883,0.10541479000668197,0.0016228788958665419,-0.10379191111081543,1,1,0,0
1922,1922.0,19.22,-7.500000000000017,-7.395319028232523,-7.50206088413405,0.10468097176749414,0.0020608841340328254,-0.10262008763346131,1,1,0,0
1923,1923.0,19.23,-7.500000000000017,-7.3956242658785944,-7.502858615850635,0.10437573412142243,0.002858615850618307,-0.10151711827080412,1,1,0,0
1924,1924.0,19.24,-7.500000000000017,-7.3962957857518,-7.50295299567995,0.10370421424821696,0.0029529956799327906,-0.10075121856828417,1,1,0,0
1925,1925.0,19.25,-7.500000000000017,-7.396351031660667,-7.503473275771493,0.10364896833934978,0.0034732757714763807,-0.1001756925678734,1,1,0,0
1926,1926.0,19.26,-7.500000000000017,-7.398028620788308,-7.503266107872663,0.10197137921170896,0.003266107872645918,-0.09870527133906304,1,0,0,1
1927,1927.0,19.27,-7.500000000000017,-7.397510829832896,-7.503926493733487,0.10248917016712067,0.003926493733469982,-0.09856267643365069,1,0,0,1
1928,1928.0,19.28,-7.500000000000017,-7.398187095669644,-7.502740640070498,0.10181290433037304,0.0027406400704812484,-0.0990722642598918,1,0,0,1
1929,1929.0,19.29,-7.500000000000017,-7.3984799595697455,-7.501745505501812,0.10152004043027141,0.001745505501794753,-0.09977453492847665,1,0,0,1
1930,1930.0,19.3,-7.500000000000017,-7.399784654774616,-7.501991858393169,0.10021534522540065,0.0019918583931524125,-0.09822348683224824,1,0,0,1
1931,1931.0,19.31,-7.500000000000017,-7.4015622537926555,-7.502144187258622,0.09843774620736134,0.0021441872586054345,-0.09629355894875591,1,0,0,1
1932,1932.0,19.32,-7.500000000000017,-7.401703057202397,-7.502845964711388,0.09829694279761991,0.0028459647113709963,-0.09545097808624892,1,0,0,1
1933,1933.0,19.33,-7.500000000000017,-7.403565511173924,-7.503476696275672,0.09643448882609285,0.0034766962756549447,-0.0929577925504379,1,0,0,1
1934,1934.0,19.34,-7.500000000000017,-7.404304965336584,-7.503652692455044,0.0956950346634331,0.0036526924550273066,-0.09204234220840579,1,0,0,1
1935,1935.0,19.35,-7.500000000000017,-7.403856376919811,-7.501653310603562,0.09614362308020574,0.0016533106035447886,-0.09449031247666095,1,0,0,1
1936,1936.0,19.36,-7.500000000000017,-7.406569681873469,-7.500494292505121,0.0934303181265479,0.0004942925051043545,-0.09293602562144354,1,0,0,1
1937,1937.0,19.37,-7.500000000000017,-7.408276001726067,-7.500963004014692,0.09172399827394973,0.000963004014675306,-0.09076099425927442,1,0,0,1
1938,1938.0,19.38,-7.500000000000017,-7.408937314689384,-7.500604674578692,0.0910626853106331,0.0006046745786747465,-0.09045801073195836,1,0,0,1
1939,1939.0,19.39,-7.500000000000017,-7.410426138768412,-7.499148099135007,0.08957386123160482,0.0008519008650100801,-0.08872196036659474,1,0,0,1
1940,1940.0,19.4,-7.500000000000017,-7.4105543556769655,-7.497959069849828,0.08944564432305135,0.0020409301501889132,-0.08740471417286244,1,0,0,1
1941,1941.0,19.41,-7.500000000000017,-7.412319554750826,-7.498821882667456,0.08768044524919105,0.0011781173325609018,-0.08650232791663015,1,0,0,1
1942,1942.0,19.42,-7.500000000000017,-7.412873206997412,-7.498634771741636,0.08712679300260451,0.0013652282583809239,-0.08576156474422358,1,0,0,1
1943,1943.0,19.43,-7.500000000000017,-7.4145998484840865,-7.498973653279159,0.08540015151593039,0.0010263467208577737,-0.08437380479507262,1,0,0,1
1944,1944.0,19.44,-7.500000000000017,-7.4142376538546335,-7.496635954807803,0.08576234614538336,0.0033640451922138936,-0.08239830095316947,1,0,0,1
1945,1945.0,19.45,-7.500000000000017,-7.415267364415863,-7.495966926036088,0.084732635584154,0.004033073963928935,-0.08069956162022507,1,0,0,1
1946,1946.0,19.46,-7.500000000000017,-7.416101503809181,-7.4967412050388935,0.08389849619083556,0.003258794961123357,-0.0806397012297122,1,0,0,1
1947,1947.0,19.47,-7.500000000000017,-7.417545154880645,-7.496752254892712,0.08245484511937207,0.0032477451073047447,-0.07920710001206732,1,0,0,1
1948,1948.0,19.48,-7.500000000000017,-7.41794918764787,-7.496494567871031,0.08205081235214706,0.003505432128985575,-0.07854538022316149,1,0,0,1
1949,1949.0,19.49,-7.500000000000017,-7.416991252279979,-7.495772606476893,0.0830087477200383,0.004227393523123624,-0.07878135419691468,1,0,0,1
1950,1950.0,19.5,-7.500000000000017,-7.4167951309174285,-7.496543658829544,0.0832048690825884,0.0034563411704731095,-0.07974852791211529,1,0,0,1
1951,1951.0,19.51,-7.500000000000017,-7.417056100994553,-7.49702050946695,0.08294389900546406,0.0029794905330664534,-0.07996440847239761,1,0,0,1
1952,1952.0,19.52,-7.500000000000017,-7.417833117570679,-7.49715835888191,0.08216688242933756,0.002841641118107141,-0.07932524131123042,1,0,0,1
1953,1953.0,19.53,-7.500000000000017,-7.4168275898157345,-7.4966224866455216,0.08317241018428234,0.0033775133544953206,-0.07979489682978702,1,0,0,1
1954,1954.0,19.54,-7.500000000000017,-7.41608945143919,-7.49628732953724,0.08391054856082647,0.0037126704627770124,-0.08019787809804946,1,0,0,1
1955,1955.0,19.55,-7.500000000000017,-7.415982762944405,-7.496750719389828,0.08401723705561182,0.0032492806101886984,-0.08076795644542312,1,0,0,1
1956,1956.0,19.56,-7.500000000000017,-7.414371531425948,-7.496533153441531,0.08562846857406914,0.0034668465584859476,-0.08216162201558319,1,0,0,1
1957,1957.0,19.57,-7.500000000000017,-7.415362304211554,-7.495012716060408,0.08463769578846314,0.004987283939608567,-0.07965041184885457,1,0,0,1
1958,1958.0,19.58,-7.500000000000017,-7.415175434974689,-7.494002706276761,0.08482456502532809,0.005997293723256192,-0.0788272713020719,1,0,0,1
1959,1959.0,19.59,-7.500000000000017,-7.415458578442854,-7.495185252585397,0.08454142155716315,0.0048147474146196245,-0.07972667414254353,1,0,0,1
1960,1960.0,19.6,-7.500000000000017,-7.414439093635579,-7.496442293323523,0.0855609063644378,0.0035577066764940213,-0.08200319968794378,1,0,0,1
1961,1961.0,19.61,-7.500000000000017,-7.41429238837426,-7.496365736834685,0.08570761162575646,0.003634263165332108,-0.08207334846042436,1,0,0,1
1962,1962.0,19.62,-7.500000000000017,-7.41500270196832,-7.49720188652199,0.08499729803169664,0.0027981134780272754,-0.08219918455366937,1,0,0,1
1963,1963.0,19.63,-7.500000000000017,-7.415619266549112,-7.4964796036816255,0.0843807334509048,0.0035203963183914055,-0.0808603371325134,1,0,0,1
1964,1964.0,19.64,-7.500000000000017,-7.41706935756203,-7.496393751083253,0.08293064243798653,0.0036062489167640877,-0.07932439352122245,1,0,0,1
1965,1965.0,19.65,-7.500000000000017,-7.4182205878911525,-7.495430893573886,0.08177941210886441,0.004569106426131064,-0.07721030568273335,1,0,0,1
1966,1966.0,19.66,-7.500000000000017,-7.420017865921538,-7.494706501835505,0.0799821340784792,0.0052934981645123,-0.0746886359139669,1,0,0,1
1967,1967.0,19.67,-7.500000000000017,-7.4202322448858355,-7.4948270733361895,0.07976775511418133,0.005172926663827404,-0.07459482845035392,1,0,0,1
1968,1968.0,19.68,-7.500000000000017,-7.421444710145661,-7.494939513804298,0.07855528985435623,0.005060486195718639,-0.07349480365863759,1,0,0,1
1969,1969.0,19.69,-7.500000000000017,-7.423339777764806,-7.496241222512443,0.07666022223521107,0.0037587774875742497,-0.07290144474763682,1,0,0,1
1970,1970.0,19.7,-7.500000000000017,-7.424202532877274,-7.496419867466135,0.07579746712274282,0.003580132533882008,-0.07221733458886082,1,0,0,1
1971,1971.0,19.71,-7.500000000000017,-7.424846762704636,-7.496802158410344,0.07515323729538093,0.003197841589672734,-0.07195539570570819,1,0,0,1
1972,1972.0,19.72,-7.500000000000017,-7.425729895818597,-7.498824192779772,0.07427010418142022,0.0011758072202452396,-0.07309429696117498,1,0,0,1
1973,1973.0,19.73,-7.500000000000017,-7.424936757630246,-7.500982216272013,0.07506324236977058,0.00098221627199635,-0.07408102609777423,1,0,0,1
1974,1974.0,19.74,-7.500000000000017,-7.426896432981755,-7.502578933914438,0.07310356701826226,0.0025789339144211,-0.07052463310384116,1,0,0,1
1975,1975.0,19.75,-7.500000000000017,-7.428380134753005,-7.502940012287634,0.07161986524701192,0.0029400122876168666,-0.06867985295939505,1,0,0,1
1976,1976.0,19.76,-7.500000000000017,-7.428674314565274,-7.501690729526797,0.0713256854347426,0.001690729526780288,-0.06963495590796231,1,0,0,1
1977,1977.0,19.77,-7.500000000000017,-7.429034302033531,-7.50028171473203,0.07096569796648566,0.0002817147320133273,-0.07068398323447234,1,0,0,1
1978,1978.0,19.78,-7.500000000000017,-7.430241325421178,-7.50088616351457,0.06975867457883922,0.0008861635145533953,-0.06887251106428582,1,0,0,1
1979,1979.0,19.79,-7.500000000000017,-7.430921742572007,-7.500805867069736,0.06907825742800977,0.0008058670697188575,-0.06827239035829091,1,0,0,1
1980,1980.0,19.8,-7.500000000000017,-7.432845393161867,-7.5009007870760955,0.06715460683814989,0.0009007870760786574,-0.06625381976207123,1,0,0,1
1981,1981.0,19.81,-7.500000000000017,-7.432776663374887,-7.499708441077813,0.0672233366251298,0.0002915589222034498,-0.06693177770292635,1,0,0,1
1982,1982.0,19.82,-7.500000000000017,-7.434561297189418,-7.500611143129303,0.06543870281059849,0.0006111431292863401,-0.06482755968131215,1,0,0,1
1983,1983.0,19.83,-7.500000000000017,-7.435487357244536,-7.50106174360082,0.06451264275548052,0.0010617436008031333,-0.06345089915467739,1,0,0,1
1984,1984.0,19.84,-7.500000000000017,-7.435560396435311,-7.501286533242173,0.0644396035647059,0.0012865332421565512,-0.06315307032254935,1,0,0,1
1985,1985.0,19.85,-7.500000000000017,-7.436911767533573,-7.501056512964028,0.0630882324664439,0.0010565129640109916,-0.062031719502432914,1,0,0,1
1986,1986.0,19.86,-7.500000000000017,-7.437057587624373,-7.500461177767123,0.06294241237564346,0.00046117776710641323,-0.06248123460853705,1,0,0,1
1987,1987.0,19.87,-7.500000000000017,-7.4379309386777965,-7.50092869588221,0.06206906132222034,0.0009286958821927982,-0.061140365440027544,1,0,0,1
1988,1988.0,19.88,-7.500000000000017,-7.438084588004188,-7.50032336099735,0.061915411995828507,0.0003233609973332108,-0.061592050998495296,1,0,0,1
1989,1989.0,19.89,-7.500000000000017,-7.4376727647314285,-7.500377284778088,0.06232723526858841,0.0003772847780707522,-0.06194995049051766,1,0,0,1
1990,1990.0,19.9,-7.500000000000017,-7.439173734737807,-7.499557171765563,0.06082626526221002,0.00044282823445396247,-0.06038343702775606,1,0,0,1
1991,1991.0,19.91,-7.500000000000017,-7.440573021897815,-7.499212952722359,0.0594269781022021,0.0007870472776581039,-0.058639930824543995,1,0,0,1
1992,1992.0,19.92,-7.500000000000017,-7.4412370462452975,-7.499212407673221,0.058762953754719405,0.0007875923267954832,-0.05797536142792392,1,0,0,1
1993,1993.0,19.93,-7.500000000000017,-7.442117192313809,-7.49811978415441,0.057882807686207904,0.0018802158456070472,-0.05600259184060086,1,0,0,1
1994,1994.0,19.94,-7.500000000000017,-7.441619846507161,-7.500210374554548,0.0583801534928563,0.00021037455453143394,-0.05816977893832487,1,0,0,1
1995,1995.0,19.95,-7.500000000000017,-7.442658646779161,-7.500342892893214,0.057341353220856206,0.000342892893197444,-0.05699846032765876,1,0,0,1
1996,1996.0,19.96,-7.500000000000017,-7.444356788449458,-7.501834926841322,0.05564321155055918,0.001834926841304707,-0.05380828470925447,1,0,0,1
1997,1997.0,19.97,-7.500000000000017,-7.4453254773879864,-7.502221880888032,0.05467452261203043,0.0022218808880154484,-0.05245264172401498,1,0,0,1
1998,1998.0,19.98,-7.500000000000017,-7.447077198026145,-7.502198395581375,0.05292280197387189,0.002198395581357815,-0.050724406392514076,1,0,0,1
1999,1999.0,19.99,-7.500000000000017,-7.447598638029835,-7.5019898576376685,0.052401361970181526,0.001989857637651582,-0.050411504332529944,1,0,0,1
2000,2000.0,20.0,-7.500000000000017,-7.4482276053887135,-7.501048637029223,0.05177239461130334,0.001048637029206212,-0.05072375758209713,1,0,0,1
2001,2001.0,20.01,-7.500000000000017,-7.449010921500179,-7.503948048248521,0.050989078499838136,0.0039480482485041435,-0.04704103025133399,1,0,0,1
2002,2002.0,20.02,-7.500000000000017,-7.449622974056497,-7.504389226875373,0.05037702594351945,0.004389226875356478,-0.04598779906816297,1,0,0,1
2003,2003.0,20.03,-7.500000000000017,-7.449336033831708,-7.504443020706476,0.05066396616830904,0.004443020706458967,-0.04622094546185007,1,0,0,1
2004,2004.0,20.04,-7.500000000000017,-7.45000942604407,-7.505141844382298,0.04999057395594697,0.005141844382281491,-0.04484872957366548,1,0,0,1
2005,2005.0,20.05,-7.500000000000017,-7.449863506094919,-7.505335947581288,0.050136493905097446,0.005335947581270872,-0.04480054632382657,1,0,0,1
2006,2006.0,20.06,-7.500000000000017,-7.450449680846377,-7.5069283579737816,0.0495503191536395,0.006928357973764676,-0.04262196117987482,1,0,0,1
2007,2007.0,20.07,-7.500000000000017,-7.45100386471936,-7.507066150074799,0.048996135280656716,0.007066150074781952,-0.041929985205874765,1,0,0,1
2008,2008.0,20.08,-7.500000000000017,-7.451492029876008,-7.507337241809817,0.04850797012400854,0.007337241809800332,-0.041170728314208205,1,0,0,1
2009,2009.0,20.09,-7.500000000000017,-7.450320134809067,-7.5082261550746505,0.049679865190950245,0.008226155074633645,-0.0414537101163166,1,0,0,1
2010,2010.0,20.1,-7.500000000000017,-7.450670121734571,-7.510646013791894,0.04932987826544544,0.010646013791877351,-0.038683864473568086,1,0,0,1
2011,2011.0,20.11,-7.500000000000017,-7.451940891711278,-7.509940661722825,0.04805910828873916,0.009940661722808386,-0.038118446565930775,1,0,0,1
2012,2012.0,20.12,-7.500000000000017,-7.451686948216263,-7.508876228746712,0.04831305178375356,0.008876228746695247,-0.03943682303705831,1,0,0,1
2013,2013.0,20.13,-7.500000000000017,-7.452827256650003,-7.508658144837979,0.0471727433500142,0.008658144837962567,-0.038514598512051634,1,0,0,1
2014,2014.0,20.14,-7.500000000000017,-7.45322214881434,-7.508222019209574,0.04677785118567712,0.008222019209557452,-0.03855583197611967,1,0,0,1
2015,2015.0,20.15,-7.500000000000017,-7.4532174053545655,-7.509230802540163,0.046782594645451425,0.009230802540145966,-0.03755179210530546,1,0,0,1
2016,2016.0,20.16,-7.500000000000017,-7.4550263402986126,-7.509213527204426,0.04497365970140432,0.009213527204408933,-0.03576013249699539,1,0,0,1
2017,2017.0,20.17,-7.500000000000017,-7.454897684083837,-7.507775586839687,0.0451023159161803,0.007775586839669835,-0.03732672907651047,1,0,0,1
2018,2018.0,20.18,-7.500000000000017,-7.455487373495173,-7.506371556465247,0.044512626504843666,0.006371556465230022,-0.038141070039613645,1,0,0,1
2019,2019.0,20.19,-7.500000000000017,-7.456877195169409,-7.506134128905761,0.04312280483060782,0.006134128905744163,-0.036988675924863657,1,0,0,1
2020,2020.0,20.2,-7.500000000000017,-7.457186694158946,-7.505991902640478,0.04281330584107046,0.0059919026404609,-0.03682140320060956,1,0,0,1
2021,2021.0,20.21,-7.500000000000017,-7.457679051989778,-7.505644182494891,0.042320948010238446,0.005644182494874528,-0.03667676551536392,1,0,0,1
2022,2022.0,20.22,-7.500000000000017,-7.459657590564579,-7.504780040569019,0.04034240943543743,0.00478004056900172,-0.03556236886643571,1,0,0,1
2023,2023.0,20.23,-7.500000000000017,-7.459379153604766,-7.503034922804609,0.04062084639525043,0.003034922804592277,-0.037585923590658155,1,0,0,1
2024,2024.0,20.24,-7.500000000000017,-7.459124708373877,-7.502802209703665,0.0408752916261399,0.002802209703648195,-0.0380730819224917,1,0,0,1
2025,2025.0,20.25,-7.500000000000017,-7.460200085117008,-7.5021064939421755,0.039799914883008825,0.0021064939421586715,-0.03769342094085015,1,0,0,1
2026,2026.0,20.26,-7.500000000000017,-7.459532013187503,-7.502128417731545,0.040467986812513956,0.002128417731528387,-0.03833956908098557,1,0,0,1
2027,2027.0,20.27,-7.500000000000017,-7.460476457843558,-7.501899725676482,0.03952354215645926,0.001899725676465458,-0.0376238164799938,1,0,0,1
2028,2028.0,20.28,-7.500000000000017,-7.4612823928650975,-7.501914549549153,0.03871760713491934,0.0019145495491361686,-0.03680305758578317,1,0,0,1
2029,2029.0,20.29,-7.500000000000017,-7.461139180342408,-7.501807102674939,0.038860819657609014,0.001807102674922234,-0.03705371698268678,1,0,0,1
2030,2030.0,20.3,-7.500000000000017,-7.460235000487577,-7.500226822124752,0.039764999512439836,0.0002268221247350155,-0.03953817738770482,1,0,0,1
2031,2031.0,20.31,-7.500000000000017,-7.461356220674178,-7.500905781877959,0.038643779325838956,0.0009057818779423243,-0.03773799744789663,1,0,0,1
2032,2032.0,20.32,-7.500000000000017,-7.461787474642184,-7.499039102092024,0.03821252535783248,0.0009608979079924751,-0.03725162744984001,1,0,0,1
2033,2033.0,20.33,-7.500000000000017,-7.463889560465708,-7.499166125208405,0.03611043953430926,0.0008338747916116773,-0.03527656474269758,1,0,0,1
2034,2034.0,20.34,-7.500000000000017,-7.463547013861211,-7.498954707585754,0.036452986138805876,0.0010452924142629882,-0.03540769372454289,1,0,0,1
2035,2035.0,20.35,-7.500000000000017,-7.463992561329641,-7.498336090700392,0.036007438670376146,0.0016639092996246774,-0.03434352937075147,1,0,0,1
2036,2036.0,20.36,-7.500000000000017,-7.464526574711776,-7.498565394149723,0.03547342528824071,0.0014346058502940906,-0.03403881943794662,1,0,0,1
2037,2037.0,20.37,-7.500000000000017,-7.463934089560669,-7.498456078579447,0.036065910439347704,0.0015439214205699159,-0.03452198901877779,1,0,0,1
2038,2038.0,20.38,-7.500000000000017,-7.464467427807958,-7.500863306932894,0.035532572192058964,0.0008633069328771725,-0.03466926525918179,1,0,0,1
2039,2039.0,20.39,-7.500000000000017,-7.463578718372401,-7.501440018950325,0.03642128162761615,0.0014400189503085414,-0.03498126267730761,1,0,0,1
2040,2040.0,20.4,-7.500000000000017,-7.463949322841536,-7.501842379479777,0.03605067715848076,0.0018423794797604032,-0.034208297678720356,1,0,0,1
2041,2041.0,20.41,-7.500000000000017,-7.46326669897235,-7.502316730605763,0.0367333010276667,0.002316730605746109,-0.03441657042192059,1,0,0,1
2042,2042.0,20.42,-7.500000000000017,-7.463244883161919,-7.502840974566238,0.036755116838097734,0.0028409745662214547,-0.03391414227187628,1,0,0,1
2043,2043.0,20.43,-7.500000000000017,-7.463245005264152,-7.503663292192246,0.03675499473586452,0.0036632921922290507,-0.03309170254363547,1,0,0,1
2044,2044.0,20.44,-7.500000000000017,-7.463020773746201,-7.503975768387598,0.03697922625381622,0.003975768387580736,-0.033003457866235486,1,0,0,1
2045,2045.0,20.45,-7.500000000000017,-7.462507240636918,-7.504409799149262,0.037492759363098926,0.00440979914924533,-0.033082960213853596,1,0,0,1
2046,2046.0,20.46,-7.500000000000017,-7.461638000260945,-7.506115345770681,0.03836199973907206,0.006115345770663971,-0.03224665396840809,1,0,0,1
2047,2047.0,20.47,-7.500000000000017,-7.463658621618245,-7.509077517913898,0.036341378381772316,0.009077517913881117,-0.0272638604678912,1,0,0,1
2048,2048.0,20.48,-7.500000000000017,-7.464529218289025,-7.508290217744816,0.03547078171099205,0.008290217744798767,-0.027180563966193283,1,0,0,1
2049,2049.0,20.49,-7.500000000000017,-7.464496034845996,-7.507018529121386,0.03550396515402099,0.007018529121369355,-0.028485436032651634,1,0,0,1
2050,2050.0,20.5,-7.500000000000017,-7.464950021993289,-7.506406436017188,0.03504997800672793,0.006406436017170947,-0.028643541989556986,1,0,0,1
2051,2051.0,20.51,-7.500000000000017,-7.464016468829644,-7.504937203503512,0.03598353117037245,0.0049372035034949135,-0.031046327666877538,1,0,0,1
2052,2052.0,20.52,-7.500000000000017,-7.46459146328754,-7.504027622916132,0.03540853671247657,0.004027622916114915,-0.031380913796361654,1,0,0,1
2053,2053.0,20.53,-7.500000000000017,-7.4659535689072,-7.502448010142239,0.034046431092816576,0.002448010142222401,-0.031598420950594175,1,0,0,1
2054,2054.0,20.54,-7.500000000000017,-7.466152603632255,-7.5023726742755255,0.03384739636776146,0.0023726742755085795,-0.03147472209225288,1,0,0,1
2055,2055.0,20.55,-7.500000000000017,-7.468804113524564,-7.501037938039747,0.03119588647545246,0.0010379380397305127,-0.03015794843572195,1,0,0,1
2056,2056.0,20.56,-7.500000000000017,-7.4704886108615804,-7.50093995728998,0.029511389138436428,0.0009399572899635444,-0.028571431848472884,1,0,0,1
2057,2057.0,20.57,-7.500000000000017,-7.47130360853023,-7.500638282609172,0.028696391469787308,0.0006382826091551053,-0.028058108860632203,1,0,0,1
2058,2058.0,20.58,-7.500000000000017,-7.471760198003127,-7.500248720349661,0.02823980199688947,0.0002487203496439605,-0.027991081647245508,1,0,0,1
2059,2059.0,20.59,-7.500000000000017,-7.471664016139671,-7.4996342608627335,0.028335983860346303,0.0003657391372833274,-0.027970244723062976,1,0,0,1
2060,2060.0,20.6,-7.500000000000017,-7.4721298557033355,-7.49772896988752,0.027870144296681332,0.0022710301124968524,-0.02559911418418448,1,0,0,1
2061,2061.0,20.61,-7.500000000000017,-7.473079712651133,-7.497165629546679,0.026920287348883853,0.002834370453338231,-0.024085916895545623,1,0,0,1
2062,2062.0,20.62,-7.500000000000017,-7.4734456286472515,-7.4949080758451645,0.026554371352765394,0.005091924154852379,-0.021462447197913015,1,0,0,1
2063,2063.0,20.63,-7.500000000000017,-7.473579219431016,-7.494394415258729,0.026420780569000435,0.005605584741287473,-0.020815195827712962,1,0,0,1
2064,2064.0,20.64,-7.500000000000017,-7.474556215442199,-7.493011409352514,0.025443784557817928,0.006988590647503123,-0.018455193910314804,1,0,0,1
2065,2065.0,20.65,-7.500000000000017,-7.474412307821438,-7.49285291460318,0.025587692178579147,0.00714708539683695,-0.018440606781742197,1,0,0,1
2066,2066.0,20.66,-7.500000000000017,-7.4753179236196,-7.492908843136199,0.024682076380416973,0.0070911568638178935,-0.01759091951659908,1,0,0,1
2067,2067.0,20.67,-7.500000000000017,-7.476272349899738,-7.492556887194879,0.023727650100278552,0.007443112805137986,-0.016284537295140566,1,0,0,1
2068,2068.0,20.68,-7.500000000000017,-7.476597740779111,-7.4936530586848225,0.023402259220905997,0.006346941315194421,-0.017055317905711576,1,0,0,1
2069,2069.0,20.69,-7.500000000000017,-7.477563871682992,-7.492523034756302,0.022436128317024462,0.007476965243714773,-0.01495916307330969,1,0,0,1
2070,2070.0,20.7,-7.500000000000017,-7.47914415224504,-7.49238333506702,0.02085584775497651,0.007616664932997175,-0.013239182821979334,1,0,0,1
2071,2071.0,20.71,-7.500000000000017,-7.479190396109003,-7.491973220035209,0.020809603891013495,0.008026779964807496,-0.012782823926206,1,0,0,1
2072,2072.0,20.72,-7.500000000000017,-7.480777531639011,-7.491103405326572,0.01922246836100605,0.008896594673444724,-0.010325873687561327,1,0,0,1
2073,2073.0,20.73,-7.500000000000017,-7.48186611939913,-7.49063208350597,0.018133880600887053,0.009367916494047002,-0.008765964106840052,1,0,0,1
2074,2074.0,20.74,-7.500000000000017,-7.481674045839475,-7.492894375276986,0.018325954160541613,0.007105624723030779,-0.011220329437510834,1,0,0,1
2075,2075.0,20.75,-7.500000000000017,-7.482931541402844,-7.4957583527752645,0.017068458597172764,0.004241647224752398,-0.012826811372420366,1,0,0,1
2076,2076.0,20.76,-7.500000000000017,-7.484852780769208,-7.496568289364298,0.015147219230809306,0.0034317106357191207,-0.011715508595090185,1,0,0,1
2077,2077.0,20.77,-7.500000000000017,-7.486468911970514,-7.498123546861414,0.013531088029503202,0.0018764531386032957,-0.011654634890899906,1,0,0,1
2078,2078.0,20.78,-7.500000000000017,-7.487058368601763,-7.498854418547454,0.012941631398254216,0.0011455814525627162,-0.0117960499456915,1,0,0,1
2079,2079.0,20.79,-7.500000000000017,-7.487811380357796,-7.500117251172176,0.012188619642221177,0.00011725117215899417,-0.012071368470062183,1,0,0,1
2080,2080.0,20.8,-7.500000000000017,-7.488498156339022,-7.501088335814781,0.01150184366099527,0.0010883358147637523,-0.010413507846231518,1,0,0,1
2081,2081.0,20.81,-7.500000000000017,-7.489387733841562,-7.501603225844138,0.010612266158454453,0.0016032258441214253,-0.009009040314333028,1,0,0,1
2082,2082.0,20.82,-7.500000000000017,-7.488283889348037,-7.5022833647837945,0.01171611065197986,0.002283364783777664,-0.009432745868202197,1,0,0,1
2083,2083.0,20.83,-7.500000000000017,-7.48842619360743,-7.50390741606464,0.01157380639258676,0.003907416064623526,-0.007666390327963235,1,0,0,1
2084,2084.0,20.84,-7.500000000000017,-7.487672788048795,-7.505182424336666,0.012327211951221884,0.00518242433664895,-0.007144787614572934,1,0,0,1
2085,2085.0,20.85,-7.500000000000017,-7.487736180626657,-7.504171693515655,0.012263819373360185,0.004171693515638175,-0.00809212585772201,1,0,0,1
2086,2086.0,20.86,-7.500000000000017,-7.487926145151299,-7.502904379643346,0.012073854848718035,0.0029043796433292357,-0.0091694752053888,1,0,0,1
2087,2087.0,20.87,-7.500000000000017,-7.488328878334449,-7.502996745996523,0.011671121665568052,0.0029967459965059007,-0.008674375669062151,1,0,0,1
2088,2088.0,20.88,-7.500000000000017,-7.489159745688928,-7.501842888261715,0.010840254311088593,0.0018428882616978726,-0.00899736604939072,1,0,0,1
2089,2089.0,20.89,-7.500000000000017,-7.488420821563165,-7.501803507979845,0.011579178436852189,0.0018035079798277565,-0.009775670457024432,1,0,0,1
2090,2090.0,20.9,-7.500000000000017,-7.48938136087412,-7.500924210331652,0.010618639125897111,0.0009242103316351447,-0.009694428794261967,1,0,0,1
2091,2091.0,20.91,-7.500000000000017,-7.489859764526694,-7.501044423926515,0.010140235473322434,0.0010444239264977284,-0.009095811546824706,1,0,0,1
2092,2092.0,20.92,-7.500000000000017,-7.489297463818573,-7.50206627460355,0.010702536181443456,0.002066274603532925,-0.008636261577910531,1,0,0,1
2093,2093.0,20.93,-7.500000000000017,-7.489102109689081,-7.501892668968192,0.01089789031093602,0.0018926689681748599,-0.00900522134276116,1,0,0,1
2094,2094.0,20.94,-7.500000000000017,-7.489016171129278,-7.501701291734861,0.010983828870738677,0.0017012917348440126,-0.009282537135894664,1,0,0,1
2095,2095.0,20.95,-7.500000000000017,-7.4892891936381,-7.501409157287554,0.010710806361917236,0.0014091572875374325,-0.009301649074379803,1,0,0,1
2096,2096.0,20.96,-7.500000000000017,-7.489643633564889,-7.500423950788359,0.010356366435128272,0.00042395078834189803,-0.009932415646786374,1,0,0,1
2097,2097.0,20.97,-7.500000000000017,-7.489265724495155,-7.5008765200670195,0.010734275504861834,0.0008765200670026729,-0.009857755437859161,1,0,0,1
2098,2098.0,20.98,-7.500000000000017,-7.490306088612713,-7.500787976809509,0.0096939113873038,0.0007879768094918305,-0.00890593457781197,1,0,0,1
2099,2099.0,20.99,-7.500000000000017,-7.490967802797863,-7.498659862710432,0.009032197202153647,0.0013401372895849306,-0.007692059912568716,1,0,0,1
2100,2100.0,21.0,-7.500000000000017,-7.491005792745045,-7.498387170609983,0.008994207254971798,0.0016128293900337098,-0.007381377864938088,1,0,0,1
2101,2101.0,21.01,-7.500000000000017,-7.4925787714105105,-7.497075361787389,0.007421228589506335,0.0029246382126277837,-0.004496590376878551,1,0,0,1
2102,2102.0,21.02,-7.500000000000017,-7.493488935747633,-7.496292014386125,0.006511064252383569,0.003707985613892184,-0.0028030786384913853,1,0,0,1
2103,2103.0,21.03,-7.500000000000017,-7.493697489592235,-7.496253965574691,0.006302510407781625,0.0037460344253261724,-0.002556475982455453,1,0,0,1
2104,2104.0,21.04,-7.500000000000017,-7.4938091739210675,-7.494188690703785,0.006190826078949385,0.005811309296231748,-0.0003795167827176371,1,0,0,1
2105,2105.0,21.05,-7.500000000000017,-7.4950623312357125,-7.494774575634855,0.004937668764304348,0.005225424365161935,0.00028775560085758656,1,0,0,1
2106,2106.0,21.06,-7.500000000000017,-7.4964348850392195,-7.493133262708469,0.0035651149607973665,0.006866737291548297,0.0033016223307509307,1,0,0,1
2107,2107.0,21.07,-7.500000000000017,-7.496951995326387,-7.49273438630735,0.003048004673630089,0.007265613692666761,0.004217609019036672,1,0,0,1
2108,2108.0,21.08,-7.500000000000017,-7.497343279315308,-7.49239331036823,0.002656720684709235,0.0076066896317872335,0.004949968947077998,1,0,0,1
2109,2109.0,21.09,-7.500000000000017,-7.498296090246598,-7.490939034293958,0.0017039097534192749,0.009060965706058965,0.007357055952639691,1,0,0,1
2110,2110.0,21.1,-7.500000000000017,-7.4976653714075345,-7.49040427676203,0.0023346285924823462,0.009595723237986853,0.007261094645504507,1,0,0,1
2111,2111.0,21.11,-7.500000000000017,-7.499434658277145,-7.491786905671414,0.000565341722872148,0.008213094328603177,0.0076477526057310286,1,0,0,1
2112,2112.0,21.12,-7.500000000000017,-7.500234903417198,-7.492014496449683,0.00023490341718090946,0.007985503550333561,0.007750600133152652,1,0,0,1
2113,2113.0,21.13,-7.500000000000017,-7.50056022171886,-7.4907634295659395,0.0005602217188434011,0.00923657043407733,0.008676348715233928,1,0,0,1
2114,2114.0,21.14,-7.500000000000017,-7.501371639191913,-7.490838001751017,0.0013716391918965343,0.009161998248999659,0.0077903590571031245,1,0,0,1
2115,2115.0,21.15,-7.500000000000017,-7.502980305277978,-7.490782634018488,0.002980305277961115,0.009217365981529113,0.006237060703567998,1,0,0,1
2116,2116.0,21.16,-7.500000000000017,-7.505777639558786,-7.490701481302897,0.005777639558768755,0.009298518697120173,0.003520879138351418,1,0,0,1
2117,2117.0,21.17,-7.500000000000017,-7.506551132728661,-7.490389818500718,0.006551132728644049,0.009610181499298598,0.003059048770654549,1,0,0,1
2118,2118.0,21.18,-7.500000000000017,-7.508061681255816,-7.489198752994582,0.00806168125579898,0.010801247005434611,0.0027395657496356307,1,0,0,1
2119,2119.0,21.19,-7.500000000000017,-7.508762321893851,-7.489300787757992,0.00876232189383419,0.010699212242024636,0.0019368903481904454,1,0,0,1
2120,2120.0,21.2,-7.500000000000017,-7.509636205878983,-7.489213815151634,0.009636205878965853,0.010786184848383229,0.0011499789694173757,1,0,0,1
2121,2121.0,21.21,-7.500000000000017,-7.512555165423195,-7.489121521834991,0.012555165423178138,0.01087847816502574,-0.0016766872581523984,1,0,0,1
2122,2122.0,21.22,-7.500000000000017,-7.514352765121368,-7.488073762085986,0.014352765121350863,0.01192623791403058,-0.0024265272073202837,1,0,0,1
2123,2123.0,21.23,-7.500000000000017,-7.515274104545242,-7.486369656332644,0.01527410454522471,0.013630343667372813,-0.0016437608778518964,1,0,0,1
2124,2124.0,21.24,-7.500000000000017,-7.5163305291973765,-7.486424658967585,0.016330529197359667,0.013575341032431965,-0.002755188164927702,1,0,0,1
2125,2125.0,21.25,-7.500000000000017,-7.51616516632864,-7.484849206635164,0.01616516632862286,0.015150793364853143,-0.0010143729637697163,1,0,0,1
2126,2126.0,21.26,-7.500000000000017,-7.518112554056839,-7.483929762623744,0.018112554056822106,0.016070237376272445,-0.0020423166805496606,1,0,0,1
2127,2127.0,21.27,-7.500000000000017,-7.519490284232192,-7.482287214632399,0.019490284232174915,0.017712785367617556,-0.0017774988645573586,1,0,0,1
2128,2128.0,21.28,-7.500000000000017,-7.520038402695977,-7.4834271863741355,0.02003840269595969,0.016572813625881366,-0.003465589070078323,1,0,0,1
2129,2129.0,21.29,-7.500000000000017,-7.5208365943509365,-7.483914606336374,0.02083659435091967,0.016085393663642478,-0.004751200687277191,1,0,0,1
2130,2130.0,21.3,-7.500000000000017,-7.5211440342027505,-7.483376623589606,0.021144034202733586,0.01662337641041045,-0.004520657792323135,1,0,0,1
2131,2131.0,21.31,-7.500000000000017,-7.521964451686651,-7.483668879235593,0.021964451686634412,0.016331120764423446,-0.005633330922210966,1,0,0,1
2132,2132.0,21.32,-7.500000000000017,-7.524253554532624,-7.482128024110334,0.024253554532607247,0.017871975889683256,-0.006381578642923991,1,0,0,1
2133,2133.0,21.33,-7.500000000000017,-7.523269808122062,-7.48181092390734,0.02326980812204482,0.018189076092676615,-0.005080732029368207,1,0,0,1
2134,2134.0,21.34,-7.500000000000017,-7.524199127007852,-7.482296789416229,0.024199127007834775,0.017703210583787765,-0.00649591642404701,1,0,0,1
2135,2135.0,21.35,-7.500000000000017,-7.524447782182229,-7.481879790982627,0.024447782182211775,0.018120209017389755,-0.00632757316482202,1,0,0,1
2136,2136.0,21.36,-7.500000000000017,-7.525939442483472,-7.480898178555721,0.025939442483455366,0.01910182144429573,-0.006837621039159636,1,0,0,1
2137,2137.0,21.37,-7.500000000000017,-7.528886838135681,-7.480185195376658,0.02888683813566395,0.019814804623359272,-0.009072033512304678,1,0,0,1
2138,2138.0,21.38,-7.500000000000017,-7.529758566896006,-7.4791594436109925,0.02975856689598899,0.02084055638902438,-0.008918010506964613,1,0,0,1
2139,2139.0,21.39,-7.500000000000017,-7.530194402063801,-7.480163250046082,0.030194402063783876,0.01983674995393514,-0.010357652109848736,1,0,0,1
2140,2140.0,21.4,-7.500000000000017,-7.5316082905506745,-7.482766290177855,0.031608290550657614,0.01723370982216199,-0.014374580728495623,1,0,0,1
2141,2141.0,21.41,-7.500000000000017,-7.5311381747425195,-7.482792234148626,0.031138174742502578,0.017207765851391166,-0.013930408891111412,1,0,0,1
2142,2142.0,21.42,-7.500000000000017,-7.5337684314248925,-7.483490164090789,0.03376843142487562,0.016509835909228165,-0.017258595515647457,1,0,0,1
2143,2143.0,21.43,-7.500000000000017,-7.535685463713886,-7.4833818098372396,0.03568546371386905,0.016618190162777324,-0.019067273551091724,1,0,0,1
2144,2144.0,21.44,-7.500000000000017,-7.537069235493474,-7.483106608919274,0.03706923549345742,0.016893391080742504,-0.020175844412714916,1,0,0,1
2145,2145.0,21.45,-7.500000000000017,-7.537924224734155,-7.482399298689877,0.03792422473413826,0.017600701310139577,-0.02032352342399868,1,0,0,1
2146,2146.0,21.46,-7.500000000000017,-7.537242822856177,-7.481437299304901,0.037242822856160096,0.018562700695115453,-0.018680122161044643,1,0,0,1
2147,2147.0,21.47,-7.500000000000017,-7.538829267030958,-7.481740867383014,0.03882926703094114,0.018259132617003182,-0.020570134413937957,1,0,0,1
2148,2148.0,21.48,-7.500000000000017,-7.539039038230908,-7.481730810919982,0.039039038230891165,0.018269189080035275,-0.02076984915085589,1,0,0,1
2149,2149.0,21.49,-7.500000000000017,-7.540290972395022,-7.482264097488482,0.04029097239500512,0.017735902511534896,-0.022555069883470225,1,0,0,1
2150,2150.0,21.5,-7.500000000000017,-7.541617781028382,-7.481815556500124,0.04161778102836511,0.018184443499892566,-0.023433337528472542,1,0,0,1
2151,2151.0,21.51,-7.500000000000017,-7.541873432796831,-7.482523537522323,0.041873432796814214,0.017476462477693744,-0.02439697031912047,1,0,0,1
2152,2152.0,21.52,-7.500000000000017,-7.5426199372830265,-7.484427821240195,0.04261993728300961,0.015572178759821753,-0.02704775852318786,1,0,0,1
2153,2153.0,21.53,-7.500000000000017,-7.543218288389791,-7.485194018307294,0.04321828838977382,0.014805981692722625,-0.028412306697051193,1,0,0,1
2154,2154.0,21.54,-7.500000000000017,-7.543568361264179,-7.4839212275658555,0.04356836126416219,0.016078772434161337,-0.027489588830000855,1,0,0,1
2155,2155.0,21.55,-7.500000000000017,-7.545176757959412,-7.483774908279963,0.04517675795939535,0.016225091720054152,-0.0289516662393412,1,0,0,1
2156,2156.0,21.56,-7.500000000000017,-7.545399896783537,-7.483877020360933,0.04539989678352008,0.016122979639083823,-0.029276917144436254,1,0,0,1
2157,2157.0,21.57,-7.500000000000017,-7.54663863086814,-7.483465813155027,0.04663863086812281,0.016534186844990195,-0.030104444023132615,1,0,0,1
2158,2158.0,21.58,-7.500000000000017,-7.547355381712755,-7.483743827983315,0.04735538171273834,0.016256172016701598,-0.031099209696036745,1,0,0,1
2159,2159.0,21.59,-7.500000000000017,-7.5480344698692425,-7.483401857468515,0.04803446986922566,0.01659814253150227,-0.03143632733772339,1,0,0,1
2160,2160.0,21.6,-7.500000000000017,-7.550115333281891,-7.483194022117744,0.05011533328187401,0.01680597788227267,-0.03330935539960134,1,0,0,1
2161,2161.0,21.61,-7.500000000000017,-7.55169529997382,-7.483642749084708,0.05169529997380273,0.01635725091530915,-0.03533804905849358,1,0,0,1
2162,2162.0,21.62,-7.500000000000017,-7.552683668492613,-7.482560770908188,0.052683668492596425,0.0174392290918286,-0.035244439400767824,1,0,0,1
2163,2163.0,21.63,-7.500000000000017,-7.553624951476853,-7.481667267763712,0.0536249514768361,0.018332732236304494,-0.03529221924053161,1,0,0,1
2164,2164.0,21.64,-7.500000000000017,-7.553691570980977,-7.481142753666012,0.05369157098096,0.018857246334005318,-0.034834324646954684,1,0,0,1
2165,2165.0,21.65,-7.500000000000017,-7.555795431298854,-7.481492622122925,0.05579543129883735,0.01850737787709189,-0.03728805342174546,1,0,0,1
2166,2166.0,21.66,-7.500000000000017,-7.556655613597457,-7.481862440185313,0.056655613597440535,0.01813755981470422,-0.03851805378273632,1,0,0,1
2167,2167.0,21.67,-7.500000000000017,-7.555822611107044,-7.482413856784844,0.05582261110702724,0.01758614321517271,-0.03823646789185453,1,0,0,1
2168,2168.0,21.68,-7.500000000000017,-7.556759031676648,-7.482357380410953,0.056759031676631544,0.01764261958906399,-0.039116412087567554,1,0,0,1
2169,2169.0,21.69,-7.500000000000017,-7.556149466416006,-7.481502355626263,0.05614946641598895,0.018497644373753452,-0.037651822042235494,1,0,0,1
2170,2170.0,21.7,-7.500000000000017,-7.556066045110694,-7.481273442505575,0.056066045110677365,0.018726557494441742,-0.03733948761623562,1,0,0,1
2171,2171.0,21.71,-7.500000000000017,-7.557500129592371,-7.4809707624827695,0.057500129592353844,0.019029237517247388,-0.038470892075106455,1,0,0,1
2172,2172.0,21.72,-7.500000000000017,-7.558293561580013,-7.47977587852777,0.05829356157999577,0.02022412147224717,-0.0380694401077486,1,0,0,1
2173,2173.0,21.73,-7.500000000000017,-7.559132482528725,-7.479687970112366,0.05913248252870851,0.02031202988765113,-0.03882045264105738,1,0,0,1
2174,2174.0,21.74,-7.500000000000017,-7.5595013706943615,-7.480370547079455,0.05950137069434458,0.01962945292056162,-0.03987191777378296,1,0,0,1
2175,2175.0,21.75,-7.500000000000017,-7.559374627618436,-7.480534951765146,0.059374627618419495,0.019465048234870608,-0.03990957938354889,1,0,0,1
2176,2176.0,21.76,-7.500000000000017,-7.558981960227962,-7.480598476525402,0.05898196022794533,0.01940152347461499,-0.03958043675333034,1,0,0,1
2177,2177.0,21.77,-7.500000000000017,-7.560723284086499,-7.4770849261280805,0.060723284086481755,0.022915073871936364,-0.03780821021454539,1,0,0,1
2178,2178.0,21.78,-7.500000000000017,-7.561408639726778,-7.475557736591463,0.06140863972676147,0.024442263408554155,-0.03696637631820732,1,0,0,1
2179,2179.0,21.79,-7.500000000000017,-7.561649599658792,-7.475664532106971,0.061649599658775145,0.02433546789304586,-0.037314131765729286,1,0,0,1
2180,2180.0,21.8,-7.500000000000017,-7.56328267251759,-7.475966249934595,0.06328267251757325,0.024033750065421522,-0.039248922452151724,1,0,0,1
2181,2181.0,21.81,-7.500000000000017,-7.564144408525385,-7.476514534382418,0.06414440852536796,0.023485465617598678,-0.04065894290776928,1,0,0,1
2182,2182.0,21.82,-7.500000000000017,-7.564688063557647,-7.476092143416154,0.06468806355762968,0.023907856583862852,-0.04078020697376683,1,0,0,1
2183,2183.0,21.83,-7.500000000000017,-7.566541661645345,-7.474560658426463,0.06654166164532782,0.025439341573553875,-0.041102320071773946,1,0,0,1
2184,2184.0,21.84,-7.500000000000017,-7.566900135041516,-7.47484331043412,0.06690013504149928,0.025156689565896784,-0.04174344547560249,1,0,0,1
2185,2185.0,21.85,-7.500000000000017,-7.567521574318696,-7.476303598037384,0.067521574318679,0.023696401962633118,-0.04382517235604588,1,0,0,1
2186,2186.0,21.86,-7.500000000000017,-7.569374929825975,-7.4767119733449565,0.06937492982595828,0.023288026655060357,-0.04608690317089792,1,0,0,1
2187,2187.0,21.87,-7.500000000000017,-7.570532878962673,-7.47603191666978,0.07053287896265648,0.023968083330236922,-0.04656479563241955,1,0,0,1
2188,2188.0,21.88,-7.500000000000017,-7.572513913490313,-7.47709096715254,0.07251391349029657,0.02290903284747703,-0.04960488064281954,1,0,0,1
2189,2189.0,21.89,-7.500000000000017,-7.573359420046863,-7.478896433938648,0.07335942004684615,0.02110356606136854,-0.05225585398547761,1,0,0,1
2190,2190.0,21.9,-7.500000000000017,-7.574588317322233,-7.479644421746227,0.07458831732221594,0.020355578253790085,-0.05423273906842585,1,0,0,1
2191,2191.0,21.91,-7.500000000000017,-7.575308768394924,-7.478549725787102,0.07530876839490741,0.021450274212915232,-0.05385849418199218,1,0,0,1
2192,2192.0,21.92,-7.500000000000017,-7.5780061779760235,-7.477490508740182,0.07800617797600662,0.022509491259834924,-0.055496686716171695,1,0,0,1
2193,2193.0,21.93,-7.500000000000017,-7.579401571822952,-7.4781641703572985,0.0794015718229355,0.021835829642718352,-0.05756574218021715,1,0,0,1
2194,2194.0,21.94,-7.500000000000017,-7.582351539203043,-7.475911436693775,0.08235153920302629,0.02408856330624154,-0.05826297589678475,1,0,0,1
2195,2195.0,21.95,-7.500000000000017,-7.584166229715208,-7.47641903184242,0.0841662297151915,0.023580968157596693,-0.060585261557594805,1,0,0,1
2196,2196.0,21.96,-7.500000000000017,-7.5851081020939715,-7.475217388185382,0.08510810209395459,0.024782611814634592,-0.06032549027931999,1,0,0,1
2197,2197.0,21.97,-7.500000000000017,-7.588044742581629,-7.475534961638225,0.08804474258161221,0.024465038361792146,-0.06357970421982007,1,0,0,1
2198,2198.0,21.98,-7.500000000000017,-7.58923672138908,-7.4758935191832165,0.0892367213890628,0.024106480816800335,-0.06513024057226247,1,0,0,1
2199,2199.0,21.99,-7.500000000000017,-7.590304844361504,-7.4751074798773764,0.09030484436148711,0.024892520122640427,-0.06541232423884669,1,0,0,1
2200,2200.0,22.0,-7.500000000000017,-7.59165542702349,-7.476485813772285,0.09165542702347285,0.023514186227731493,-0.06814124079574135,1,0,0,1
2201,2201.0,22.01,-7.500000000000017,-7.591699022752898,-7.475661102979319,0.09169902275288155,0.024338897020697914,-0.06736012573218364,1,0,0,1
2202,2202.0,22.02,-7.500000000000017,-7.592284542700457,-7.476187726203648,0.0922845427004404,0.023812273796369077,-0.06847226890407132,1,0,0,1
2203,2203.0,22.03,-7.500000000000017,-7.591240241742734,-7.476242765117876,0.09124024174271739,0.0237572348821411,-0.06748300686057629,1,0,0,1
2204,2204.0,22.04,-7.500000000000017,-7.591294751848029,-7.475299815133499,0.09129475184801183,0.024700184866517816,-0.06659456698149402,1,0,0,1
2205,2205.0,22.05,-7.500000000000017,-7.590907727511716,-7.474810774244152,0.0909077275116994,0.025189225755864797,-0.0657185017558346,1,0,0,1
2206,2206.0,22.06,-7.500000000000017,-7.591904238142998,-7.473360160323594,0.09190423814298132,0.026639839676422916,-0.0652643984665584,1,0,0,1
2207,2207.0,22.07,-7.500000000000017,-7.591837795527047,-7.473363657573463,0.09183779552702998,0.02663634242655366,-0.06520145310047631,1,0,0,1
2208,2208.0,22.08,-7.500000000000017,-7.592195645977778,-7.4731033670622145,0.09219564597776131,0.026896632937802423,-0.06529901303995889,1,0,0,1
2209,2209.0,22.09,-7.500000000000017,-7.592688746850531,-7.472284397701811,0.09268874685051376,0.027715602298205688,-0.06497314455230807,1,0,0,1
2210,2210.0,22.1,-7.500000000000017,-7.591332531190881,-7.472691010775984,0.09133253119086415,0.02730898922403302,-0.06402354196683113,1,0,0,1
2211,2211.0,22.11,-7.500000000000017,-7.592640488531475,-7.473312499697895,0.09264048853145823,0.026687500302122302,-0.06595298822933593,1,0,0,1
2212,2212.0,22.12,-7.500000000000017,-7.593338521766069,-7.4742246708658735,0.09333852176605184,0.025775329134143377,-0.06756319263190846,1,0,0,1
2213,2213.0,22.13,-7.500000000000017,-7.593235781809414,-7.47359751388369,0.09323578180939673,0.026402486116326784,-0.06683329569306995,1,0,0,1
2214,2214.0,22.14,-7.500000000000017,-7.592491591695419,-7.474118114520539,0.09249159169540189,0.025881885479478228,-0.06660970621592366,1,0,0,1
2215,2215.0,22.15,-7.500000000000017,-7.591249696934115,-7.473959668384782,0.09124969693409835,0.02604033161523489,-0.06520936531886345,1,0,0,1
2216,2216.0,22.16,-7.500000000000017,-7.592033575548845,-7.4747170888258205,0.09203357554882796,0.025282911174196343,-0.06675066437463162,1,0,0,1
2217,2217.0,22.17,-7.500000000000017,-7.592626095011874,-7.474925022162344,0.09262609501185715,0.025074977837673096,-0.06755111717418405,1,0,0,1
2218,2218.0,22.18,-7.500000000000017,-7.594244134311663,-7.474738498430258,0.09424413431164602,0.025261501569758593,-0.06898263274188743,1,0,0,1
2219,2219.0,22.19,-7.500000000000017,-7.595949557016003,-7.474125895428458,0.09594955701598629,0.025874104571558476,-0.07007545244442781,1,0,0,1
2220,2220.0,22.2,-7.500000000000017,-7.59745903835088,-7.474020234229295,0.09745903835086356,0.02597976577072192,-0.07147927258014164,1,0,0,1
2221,2221.0,22.21,-7.500000000000017,-7.598135043511999,-7.47508636652048,0.09813504351198254,0.024913633479537012,-0.07322141003244553,1,0,0,1
2222,2222.0,22.22,-7.500000000000017,-7.598566847790785,-7.476283223862218,0.09856684779076819,0.023716776137798767,-0.07485007165296942,1,0,0,1
2223,2223.0,22.23,-7.500000000000017,-7.599867249438614,-7.477363352053187,0.09986724943859748,0.022636647946829846,-0.07723060149176764,1,0,0,1
2224,2224.0,22.24,-7.500000000000017,-7.599631240731186,-7.477234408464724,0.0996312407311688,0.02276559153529245,-0.07686564919587635,1,0,0,1
2225,2225.0,22.25,-7.500000000000017,-7.601208328599882,-7.4783703112786695,0.10120832859986528,0.021629688721347406,-0.07957863987851788,1,0,0,1
2226,2226.0,22.26,-7.500000000000017,-7.601714751357531,-7.4801621969309755,0.10171475135751429,0.01983780306904137,-0.08187694828847292,1,0,0,1
2227,2227.0,22.27,-7.500000000000017,-7.603226474458766,-7.481003889356299,0.103226474458749,0.018996110643717756,-0.08423036381503124,1,0,0,1
2228,2228.0,22.28,-7.500000000000017,-7.6036963833837214,-7.479919111845732,0.10369638338370457,0.020080888154284438,-0.08361549522942013,1,0,0,1
2229,2229.0,22.29,-7.500000000000017,-7.6054445184070785,-7.479239131391932,0.1054445184070616,0.020760868608085126,-0.08468364979897647,1,0,0,1
2230,2230.0,22.3,-7.500000000000017,-7.604614958236385,-7.480073597999613,0.10461495823636824,0.01992640200040352,-0.08468855623596472,1,0,0,1
2231,2231.0,22.31,-7.500000000000017,-7.605431188315308,-7.477772052985624,0.10543118831529075,0.022227947014393123,-0.08320324130089762,1,0,0,1
2232,2232.0,22.32,-7.500000000000017,-7.60587161955951,-7.475446756762424,0.10587161955949309,0.02455324323759278,-0.08131837632190031,1,0,0,1
2233,2233.0,22.33,-7.500000000000017,-7.605259434261705,-7.474459756966638,0.10525943426168816,0.02554024303337865,-0.0797191912283095,1,0,0,1
2234,2234.0,22.34,-7.500000000000017,-7.604362199685014,-7.474526172856401,0.10436219968499749,0.02547382714361568,-0.07888837254138181,1,0,0,1
2235,2235.0,22.35,-7.500000000000017,-7.603384267098341,-7.475491374502494,0.10338426709832405,0.024508625497523084,-0.07887564160080096,1,0,0,1
2236,2236.0,22.36,-7.500000000000017,-7.602582361257994,-7.473961752153847,0.10258236125797726,0.026038247846170037,-0.07654411341180722,1,0,0,1
2237,2237.0,22.37,-7.500000000000017,-7.602281737563469,-7.473911586433423,0.10228173756345171,0.02608841356659397,-0.07619332399685774,1,0,0,1
2238,2238.0,22.38,-7.500000000000017,-7.602805999993182,-7.473400283628076,0.10280599999316475,0.026599716371940474,-0.07620628362122428,1,0,0,1
2239,2239.0,22.39,-7.500000000000017,-7.601911316699003,-7.473896197259679,0.10191131669898645,0.02610380274033819,-0.07580751395864826,1,0,0,1
2240,2240.0,22.4,-7.500000000000017,-7.603538072545934,-7.473983803479896,0.10353807254591718,0.026016196520120438,-0.07752187602579674,1,0,0,1
2241,2241.0,22.41,-7.500000000000017,-7.602776482783841,-7.472649355016009,0.10277648278382401,0.027350644984007744,-0.07542583779981626,1,0,0,1
2242,2242.0,22.42,-7.500000000000017,-7.6035292128228855,-7.472266578905407,0.10352921282286864,0.0277334210946103,-0.07579579172825834,1,0,0,1
2243,2243.0,22.43,-7.500000000000017,-7.603900453370627,-7.470295860784071,0.10390045337060982,0.029704139215946057,-0.07419631415466377,1,0,0,1
2244,2244.0,22.44,-7.500000000000017,-7.6027434439621775,-7.4702593110730495,0.10274344396216062,0.02974068892696735,-0.07300275503519327,1,0,0,1
2245,2245.0,22.45,-7.500000000000017,-7.603455873059426,-7.468672372260997,0.10345587305940906,0.03132762773901998,-0.07212824532038908,1,0,0,1
2246,2246.0,22.46,-7.500000000000017,-7.602502742700786,-7.46707257837998,0.10250274270076876,0.03292742162003659,-0.06957532108073217,1,0,0,1
2247,2247.0,22.47,-7.500000000000017,-7.604209623279104,-7.467304524247006,0.104209623279087,0.03269547575301068,-0.07151414752607632,1,0,0,1
2248,2248.0,22.48,-7.500000000000017,-7.605729548935806,-7.467796328349023,0.10572954893578945,0.03220367165099347,-0.07352587728479598,1,0,0,1
2249,2249.0,22.49,-7.500000000000017,-7.605709755946226,-7.4685895923716235,0.1057097559462088,0.03141040762839342,-0.07429934831781537,1,0,0,1
2250,2250.0,22.5,-7.500000000000017,-7.605645709471055,-7.467475546255065,0.10564570947103835,0.032524453744952275,-0.07312125572608608,1,0,0,1
2251,2251.0,22.51,-7.500000000000017,-7.606604952456463,-7.467615058480579,0.10660495245644608,0.03238494151943794,-0.07422001093700814,1,0,0,1
2252,2252.0,22.52,-7.500000000000017,-7.607119226983504,-7.467496097145024,0.10711922698348708,0.03250390285499272,-0.07461532412849436,1,0,0,1
2253,2253.0,22.53,-7.500000000000017,-7.60749589648059,-7.467265554254427,0.10749589648057345,0.03273444574559026,-0.07476145073498319,1,0,0,1
2254,2254.0,22.54,-7.500000000000017,-7.60810272181781,-7.466746640882312,0.10810272181779279,0.03325335911770466,-0.07484936270008813,1,0,0,1
2255,2255.0,22.55,-7.500000000000017,-7.607713860996664,-7.464762371875968,0.10771386099664682,0.03523762812404918,-0.07247623287259763,1,0,0,1
2256,2256.0,22.56,-7.500000000000017,-7.610366347394694,-7.463948492987743,0.11036634739467743,0.036051507012273554,-0.07431484038240388,1,0,0,1
2257,2257.0,22.57,-7.500000000000017,-7.609823440520524,-7.464194805232558,0.10982344052050674,0.035805194767458914,-0.07401824575304783,1,0,0,1
2258,2258.0,22.58,-7.500000000000017,-7.610478705559709,-7.466113940871906,0.11047870555969208,0.03388605912811116,-0.07659264643158092,1,0,0,1
2259,2259.0,22.59,-7.500000000000017,-7.61125155746399,-7.4673924681503845,0.11125155746397297,0.03260753184963239,-0.07864402561434058,1,0,0,1
2260,2260.0,22.6,-7.500000000000017,-7.611563062623018,-7.466314970633253,0.11156306262300131,0.03368502936676432,-0.07787803325623699,1,0,0,1
2261,2261.0,22.61,-7.500000000000017,-7.612162183279137,-7.465445159481252,0.11216218327912042,0.034554840518764784,-0.07760734276035564,1,0,0,1
2262,2262.0,22.62,-7.500000000000017,-7.6115015820599226,-7.465842674290853,0.11150158205990568,0.03415732570916408,-0.0773442563507416,1,0,0,1
2263,2263.0,22.63,-7.500000000000017,-7.611954570002911,-7.466201614375874,0.11195457000289455,0.03379838562414328,-0.07815618437875127,1,0,0,1
2264,2264.0,22.64,-7.500000000000017,-7.6116229517670755,-7.467942354335815,0.11162295176705861,0.032057645664202106,-0.0795653061028565,1,0,0,1
2265,2265.0,22.65,-7.500000000000017,-7.612076458673005,-7.467327914746796,0.11207645867298854,0.032672085253221184,-0.07940437341976736,1,0,0,1
2266,2266.0,22.66,-7.500000000000017,-7.612445051474028,-7.466399441108455,0.11244505147401096,0.033600558891562216,-0.07884449258244874,1,0,0,1
2267,2267.0,22.67,-7.500000000000017,-7.612583656329716,-7.4671935237445055,0.11258365632969891,0.03280647625551136,-0.07977718007418755,1,0,0,1
2268,2268.0,22.68,-7.500000000000017,-7.611848923899984,-7.466848047701798,0.11184892389996737,0.0331519522982191,-0.07869697160174827,1,0,0,1
2269,2269.0,22.69,-7.500000000000017,-7.611382870470711,-7.46503217895269,0.1113828704706945,0.034967821047326986,-0.07641504942336752,1,0,0,1
2270,2270.0,22.7,-7.500000000000017,-7.612254787058405,-7.464305874050249,0.11225478705838832,0.035694125949768285,-0.07656066110862003,1,0,0,1
2271,2271.0,22.71,-7.500000000000017,-7.6118264545716565,-7.464002015854498,0.11182645457163964,0.03599798414551891,-0.07582847042612073,1,0,0,1
2272,2272.0,22.72,-7.500000000000017,-7.612352660114623,-7.464634576589178,0.1123526601146061,0.03536542341083848,-0.07698723670376761,1,0,0,1
2273,2273.0,22.73,-7.500000000000017,-7.612084764479593,-7.4641543581522605,0.11208476447957594,0.035845641847756404,-0.07623912263181953,1,0,0,1
2274,2274.0,22.74,-7.500000000000017,-7.612046279979477,-7.4643138964877815,0.11204627997946037,0.035686103512235334,-0.07636017646722504,1,0,0,1
2275,2275.0,22.75,-7.500000000000017,-7.61194624324022,-7.463427853932698,0.11194624324020275,0.036572146067318734,-0.07537409717288401,1,0,0,1
2276,2276.0,22.76,-7.500000000000017,-7.611491399382826,-7.464553394608737,0.1114913993828095,0.03544660539127964,-0.07604479399152986,1,0,0,1
2277,2277.0,22.77,-7.500000000000017,-7.611273401843585,-7.4645118037664835,0.11127340184356793,0.03548819623353339,-0.07578520561003455,1,0,0,1
2278,2278.0,22.78,-7.500000000000017,-7.610716465368712,-7.463297331099118,0.11071646536869473,0.03670266890089913,-0.0740137964677956,1,0,0,1
2279,2279.0,22.79,-7.500000000000017,-7.610803641162232,-7.463454179846017,0.11080364116221553,0.0365458201540001,-0.07425782100821543,1,0,0,1
2280,2280.0,22.8,-7.500000000000017,-7.610754568274867,-7.464959732629766,0.1107545682748503,0.03504026737025079,-0.07571430090459952,1,0,0,1
2281,2281.0,22.81,-7.500000000000017,-7.6115933229697355,-7.465695046528467,0.11159332296971858,0.03430495347155027,-0.07728836949816831,1,0,0,1
2282,2282.0,22.82,-7.500000000000017,-7.610727768962962,-7.465001073621684,0.11072776896294556,0.03499892637833302,-0.07572884258461254,1,0,0,1
2283,2283.0,22.83,-7.500000000000017,-7.61188950868616,-7.464538486434838,0.11188950868614356,0.03546151356517857,-0.07642799512096499,1,0,0,1
2284,2284.0,22.84,-7.500000000000017,-7.6130452248539235,-7.464324261547142,0.11304522485390667,0.035675738452875194,-0.07736948640103147,1,0,0,1
2285,2285.0,22.85,-7.500000000000017,-7.613271769346573,-7.464468022536775,0.11327176934655636,0.03553197746324166,-0.0777397918833147,1,0,0,1
2286,2286.0,22.86,-7.500000000000017,-7.6133284309254625,-7.465905482067996,0.11332843092544564,0.03409451793202045,-0.07923391299342519,1,0,0,1
2287,2287.0,22.87,-7.500000000000017,-7.61340237822472,-7.465329873982444,0.1134023782247029,0.03467012601757258,-0.07873225220713032,1,0,0,1
2288,2288.0,22.88,-7.500000000000017,-7.613037827040539,-7.465382223023517,0.11303782704052256,0.034617776976499925,-0.07842005006402264,1,0,0,1
2289,2289.0,22.89,-7.500000000000017,-7.61238395642673,-7.465256720758458,0.11238395642671328,0.03474327924155851,-0.07764067718515477,1,0,0,1
2290,2290.0,22.9,-7.500000000000017,-7.614211203240221,-7.464906323390911,0.11421120324020428,0.03509367660910545,-0.07911752663109883,1,0,0,1
2291,2291.0,22.91,-7.500000000000017,-7.613933479376461,-7.464055440834453,0.11393347937644371,0.03594455916556427,-0.07798892021087944,1,0,0,1
2292,2292.0,22.92,-7.500000000000017,-7.614314022975521,-7.462053631713733,0.11431402297550441,0.03794636828628395,-0.07636765468922047,1,0,0,1
2293,2293.0,22.93,-7.500000000000017,-7.614390162682197,-7.4616397902462435,0.11439016268217994,0.03836020975377341,-0.07602995292840653,1,0,0,1
2294,2294.0,22.94,-7.500000000000017,-7.613053302041356,-7.461558745716084,0.11305330204133934,0.03844125428393319,-0.07461204775740615,1,0,0,1
2295,2295.0,22.95,-7.500000000000017,-7.61383236310393,-7.46137122643717,0.11383236310391354,0.038628773562846774,-0.07520358954106676,1,0,0,1
2296,2296.0,22.96,-7.500000000000017,-7.613170598753518,-7.46014885237568,0.11317059875350122,0.03985114762433728,-0.07331945112916394,1,0,0,1
2297,2297.0,22.97,-7.500000000000017,-7.612866843867732,-7.458522170351497,0.11286684386771473,0.04147782964852009,-0.07138901421919464,1,0,0,1
2298,2298.0,22.98,-7.500000000000017,-7.612257376852678,-7.45710690005589,0.11225737685266068,0.042893099944127044,-0.06936427690853364,1,0,0,1
2299,2299.0,22.99,-7.500000000000017,-7.6118968220585135,-7.456837485682434,0.1118968220584966,0.04316251431758289,-0.06873430774091371,1,0,0,1
2300,2300.0,23.0,-7.500000000000017,-7.611371690200011,-7.455890580031933,0.11137169019999416,0.04410941996808404,-0.06726227023191012,1,0,0,1
2301,2301.0,23.01,-7.500000000000017,-7.610874900088226,-7.457356462672572,0.11087490008820922,0.04264353732744475,-0.06823136276076447,1,0,0,1
2302,2302.0,23.02,-7.500000000000017,-7.611810573484138,-7.45672027310007,0.11181057348412082,0.043279726899946525,-0.0685308465841743,1,0,0,1
2303,2303.0,23.03,-7.500000000000017,-7.611555675317679,-7.4567971198174146,0.1115556753176623,0.04320288018260232,-0.06835279513505998,1,0,0,1
2304,2304.0,23.04,-7.500000000000017,-7.611137914450402,-7.457290597358582,0.11113791445038501,0.04270940264143519,-0.06842851180894982,1,0,0,1
2305,2305.0,23.05,-7.500000000000017,-7.612004871158353,-7.456355242591316,0.11200487115833635,0.04364475740870066,-0.06836011374963569,1,0,0,1
2306,2306.0,23.06,-7.500000000000017,-7.611422548728565,-7.455589311383568,0.11142254872854807,0.044410688616449256,-0.06701186011209881,1,0,0,1
2307,2307.0,23.07,-7.500000000000017,-7.610853640381636,-7.454966351568474,0.11085364038161938,0.04503364843154323,-0.06581999195007615,1,0,0,1
2308,2308.0,23.08,-7.500000000000017,-7.611589087356775,-7.455693581264447,0.11158908735675777,0.04430641873556951,-0.06728266862118826,1,0,0,1
2309,2309.0,23.09,-7.500000000000017,-7.611364991696455,-7.456811226098492,0.11136499169643788,0.04318877390152487,-0.06817621779491301,1,0,0,1
2310,2310.0,23.1,-7.500000000000017,-7.611791346977013,-7.456150971277871,0.11179134697699578,0.043849028722146244,-0.06794231825484953,1,0,0,1
2311,2311.0,23.11,-7.500000000000017,-7.612826625260372,-7.456748922593594,0.1128266252603547,0.0432510774064232,-0.0695755478539315,1,0,0,1
2312,2312.0,23.12,-7.500000000000017,-7.61154612264389,-7.456265421906812,0.11154612264387342,0.04373457809320502,-0.0678115445506684,1,0,0,1
2313,2313.0,23.13,-7.500000000000017,-7.612586061541566,-7.457857786805713,0.11258606154154904,0.04214221319430411,-0.07044384834724493,1,0,0,1
2314,2314.0,23.14,-7.500000000000017,-7.613067328148563,-7.457755672579415,0.1130673281485457,0.04224432742060191,-0.07082300072794379,1,0,0,1
2315,2315.0,23.15,-7.500000000000017,-7.611791867527504,-7.457402441711318,0.11179186752748738,0.0425975582886986,-0.06919430923878878,1,0,0,1
2316,2316.0,23.16,-7.500000000000017,-7.612178261047827,-7.45757889385761,0.11217826104781015,0.042421106142406906,-0.06975715490540324,1,0,0,1
2317,2317.0,23.17,-7.500000000000017,-7.611259218926423,-7.459350558398879,0.11125921892640633,0.04064944160113804,-0.0706097773252683,1,0,0,1
2318,2318.0,23.18,-7.500000000000017,-7.6113974638432635,-7.460276833785917,0.11139746384324667,0.03972316621409977,-0.0716742976291469,1,0,0,1
2319,2319.0,23.19,-7.500000000000017,-7.6120896172113,-7.459630697437769,0.11208961721128308,0.040369302562248244,-0.07172031464903483,1,0,0,1
2320,2320.0,23.2,-7.500000000000017,-7.612001980580604,-7.459232499834018,0.11200198058058675,0.04076750016599906,-0.07123448041458769,1,0,0,1
2321,2321.0,23.21,-7.500000000000017,-7.612945940640642,-7.459182970719612,0.1129459406406248,0.040817029280405315,-0.07212891136021948,1,0,0,1
2322,2322.0,23.22,-7.500000000000017,-7.613982228534708,-7.4594215495938405,0.11398222853469075,0.04057845040617636,-0.0734037781285144,1,0,0,1
2323,2323.0,23.23,-7.500000000000017,-7.61426023396139,-7.459232297512423,0.11426023396137275,0.04076770248759409,-0.07349253147377866,1,0,0,1
2324,2324.0,23.24,-7.500000000000017,-7.613819427536858,-7.457639677767108,0.11381942753684093,0.0423603222329092,-0.07145910530393174,1,0,0,1
2325,2325.0,23.25,-7.500000000000017,-7.614819771848229,-7.457423041609279,0.1148197718482118,0.04257695839073783,-0.07224281345747396,1,0,0,1
2326,2326.0,23.26,-7.500000000000017,-7.615327277417729,-7.457692858813146,0.11532727741771254,0.04230714118687118,-0.07302013623084136,1,0,0,1
2327,2327.0,23.27,-7.500000000000017,-7.6157312718457115,-7.457174080454927,0.11573127184569465,0.04282591954508952,-0.07290535230060513,1,0,0,1
2328,2328.0,23.28,-7.500000000000017,-7.616883304548311,-7.45519186864031,0.11688330454829376,0.04480813135970685,-0.07207517318858692,1,0,0,1
2329,2329.0,23.29,-7.500000000000017,-7.617997844412625,-7.452906775382954,0.11799784441260819,0.047093224617063,-0.07090461979554519,1,0,0,1
2330,2330.0,23.3,-7.500000000000017,-7.619743090890342,-7.452142071764553,0.1197430908903252,0.04785792823546409,-0.07188516265486111,1,0,0,1
2331,2331.0,23.31,-7.500000000000017,-7.619115751192375,-7.45137878803704,0.11911575119235795,0.04862121196297675,-0.0704945392293812,1,0,0,1
2332,2332.0,23.32,-7.500000000000017,-7.620511573691834,-7.451406986317934,0.1205115736918172,0.048593013682082464,-0.07191856000973473,1,0,0,1
2333,2333.0,23.33,-7.500000000000017,-7.620941010189356,-7.450136220451972,0.12094101018933934,0.049863779548044995,-0.07107723064129434,1,0,0,1
2334,2334.0,23.34,-7.500000000000017,-7.6222566365663145,-7.451936014637573,0.1222566365662976,0.04806398536244405,-0.07419265120385354,1,0,0,1
2335,2335.0,23.35,-7.500000000000017,-7.623162425303937,-7.4526333218304766,0.12316242530391985,0.04736667816954032,-0.07579574713437953,1,0,0,1
2336,2336.0,23.36,-7.500000000000017,-7.6221245315831805,-7.45255652775678,0.12212453158316361,0.04744347224323686,-0.07468105933992675,1,0,0,1
2337,2337.0,23.37,-7.500000000000017,-7.622951738187119,-7.451616601554877,0.12295173818710214,0.04838339844514028,-0.07456833974196186,1,0,0,1
2338,2338.0,23.38,-7.500000000000017,-7.623079266745153,-7.451419979420051,0.12307926674513592,0.04858002057996558,-0.07449924616517034,1,0,0,1
2339,2339.0,23.39,-7.500000000000017,-7.6230530783029735,-7.450491275018662,0.12305307830295664,0.04950872498135528,-0.07354435332160136,1,0,0,1
2340,2340.0,23.4,-7.500000000000017,-7.62386278035752,-7.450231712829303,0.12386278035750298,0.04976828717071413,-0.07409449318678885,1,0,0,1
2341,2341.0,23.41,-7.500000000000017,-7.6222477272433995,-7.450498339254814,0.12224772724338262,0.04950166074520279,-0.07274606649817983,1,0,0,1
2342,2342.0,23.42,-7.500000000000017,-7.621487567714139,-7.449705194946532,0.12148756771412206,0.05029480505348527,-0.07119276266063679,1,0,0,1
2343,2343.0,23.43,-7.500000000000017,-7.621605097202324,-7.449150789999101,0.12160509720230728,0.05084921000091569,-0.07075588720139159,1,0,0,1
2344,2344.0,23.44,-7.500000000000017,-7.620511048659208,-7.447984577073674,0.12051104865919093,0.05201542292634276,-0.06849562573284818,1,0,0,1
2345,2345.0,23.45,-7.500000000000017,-7.620597973614559,-7.448121134405323,0.12059797361454194,0.05187886559469401,-0.06871910801984793,1,0,0,1
2346,2346.0,23.46,-7.500000000000017,-7.620537696628609,-7.449969665103765,0.12053769662859182,0.05003033489625164,-0.07050736173234018,1,0,0,1
2347,2347.0,23.47,-7.500000000000017,-7.619650542638593,-7.449502014348203,0.11965054263857589,0.050497985651813515,-0.06915255698676237,1,0,0,1
2348,2348.0,23.48,-7.500000000000017,-7.619165133143716,-7.449992297537361,0.11916513314369936,0.050007702462655956,-0.06915743068104341,1,0,0,1
2349,2349.0,23.49,-7.500000000000017,-7.619260993289767,-7.449369397428882,0.1192609932897497,0.050630602571135164,-0.06863039071861454,1,0,0,1
2350,2350.0,23.5,-7.500000000000017,-7.619869523078623,-7.450632347127446,0.11986952307860577,0.04936765287257128,-0.07050187020603449,1,0,0,1
2351,2351.0,23.51,-7.500000000000017,-7.619453944408941,-7.449562605299039,0.11945394440892443,0.05043739470097819,-0.06901654970794624,1,0,0,1
2352,2352.0,23.52,-7.500000000000017,-7.619574170809982,-7.448268310803133,0.11957417080996535,0.05173168919688376,-0.0678424816130816,1,0,0,1
2353,2353.0,23.53,-7.500000000000017,-7.621143586603747,-7.4484926547015995,0.12114358660373004,0.051507345298417384,-0.06963624130531265,1,0,0,1
2354,2354.0,23.54,-7.500000000000017,-7.6220877313354745,-7.448613039607004,0.12208773133545758,0.05138696039301305,-0.07070077094244454,1,0,0,1
2355,2355.0,23.55,-7.500000000000017,-7.624095324155051,-7.44984352387709,0.12409532415503399,0.050156476122927174,-0.07393884803210682,1,0,0,1
2356,2356.0,23.56,-7.500000000000017,-7.625796427809737,-7.450283803912,0.12579642780972033,0.04971619608801703,-0.0760802317217033,1,0,0,1
2357,2357.0,23.57,-7.500000000000017,-7.625542349804001,-7.450076159700408,0.12554234980398427,0.04992384029960917,-0.0756185095043751,1,0,0,1
2358,2358.0,23.58,-7.500000000000017,-7.627356210555137,-7.450224671918205,0.1273562105551198,0.04977532808181184,-0.07758088247330797,1,0,0,1
2359,2359.0,23.59,-7.500000000000017,-7.629967867095179,-7.450613468544529,0.1299678670951625,0.04938653145548777,-0.08058133563967473,1,0,0,1
2360,2360.0,23.6,-7.500000000000017,-7.631089028831433,-7.449210270164567,0.1310890288314157,0.050789729835449826,-0.08029929899596588,1,0,0,1
2361,2361.0,23.61,-7.500000000000017,-7.631972588561746,-7.447222974145183,0.13197258856172933,0.05277702585483368,-0.07919556270689565,1,0,0,1
2362,2362.0,23.62,-7.500000000000017,-7.633384361864798,-7.447162107473306,0.1333843618647812,0.05283789252671056,-0.08054646933807064,1,0,0,1
2363,2363.0,23.63,-7.500000000000017,-7.635428022170224,-7.4467906249979166,0.1354280221702071,0.05320937500210032,-0.08221864716810678,1,0,0,1
2364,2364.0,23.64,-7.500000000000017,-7.636425074982072,-7.446339409642362,0.13642507498205525,0.053660590357655025,-0.08276448462440023,1,0,0,1
2365,2365.0,23.65,-7.500000000000017,-7.638065134507705,-7.445843757131345,0.13806513450768776,0.05415624286867171,-0.08390889163901605,1,0,0,1
2366,2366.0,23.66,-7.500000000000017,-7.639089596972227,-7.444610903939869,0.13908959697220968,0.05538909606014819,-0.08370050091206149,1,0,0,1
2367,2367.0,23.67,-7.500000000000017,-7.640204754357044,-7.444324514927349,0.14020475435702728,0.055675485072668174,-0.08452926928435911,1,0,0,1
2368,2368.0,23.68,-7.500000000000017,-7.640419727205389,-7.444070129663254,0.140419727205372,0.055929870336762555,-0.08448985686860944,1,0,0,1
2369,2369.0,23.69,-7.500000000000017,-7.640722809731334,-7.444532807486409,0.1407228097313169,0.05546719251360788,-0.08525561721770902,1,0,0,1
2370,2370.0,23.7,-7.500000000000017,-7.641805856024312,-7.443489058045598,0.14180585602429474,0.05651094195441875,-0.085294914069876,1,0,0,1
2371,2371.0,23.71,-7.500000000000017,-7.641508665943468,-7.4450873857806155,0.14150866594345146,0.05491261421940141,-0.08659605172405005,1,0,0,1
2372,2372.0,23.72,-7.500000000000017,-7.642579058476432,-7.4457451751164605,0.14257905847641528,0.054254824883556374,-0.0883242335928589,1,0,0,1
2373,2373.0,23.73,-7.500000000000017,-7.644086040024238,-7.446502367353621,0.14408604002422098,0.05349763264639584,-0.09058840737782514,1,0,0,1
2374,2374.0,23.74,-7.500000000000017,-7.645341761957963,-7.4467725423413835,0.1453417619579458,0.05322745765863335,-0.09211430429931244,1,0,0,1
2375,2375.0,23.75,-7.500000000000017,-7.64702043811706,-7.445777682184416,0.14702043811704346,0.05422231781560072,-0.09279812030144274,1,0,0,1
2376,2376.0,23.76,-7.500000000000017,-7.648454874861096,-7.445907411034512,0.14845487486107878,0.05409258896550462,-0.09436228589557416,1,0,0,1
2377,2377.0,23.77,-7.500000000000017,-7.649567215482203,-7.445900209294104,0.1495672154821861,0.05409979070591309,-0.09546742477627301,1,0,0,1
2378,2378.0,23.78,-7.500000000000017,-7.65084681719337,-7.447364301213368,0.15084681719335347,0.05263569878664853,-0.09821111840670493,1,0,0,1
2379,2379.0,23.79,-7.500000000000017,-7.652601922355791,-7.446861569342463,0.15260192235577374,0.05313843065755375,-0.09946349169822,1,0,0,1
2380,2380.0,23.8,-7.500000000000017,-7.654521731384643,-7.447989480136631,0.15452173138462655,0.05201051986338623,-0.10251121152124032,1,1,0,0
2381,2381.0,23.81,-7.500000000000017,-7.654590900218868,-7.447370671383001,0.15459090021885125,0.05262932861701586,-0.10196157160183539,1,1,0,0
2382,2382.0,23.82,-7.500000000000017,-7.656078792558628,-7.447965532568599,0.15607879255861157,0.05203446743141793,-0.10404432512719364,1,1,0,0
2383,2383.0,23.83,-7.500000000000017,-7.657004441225408,-7.446242063265335,0.15700444122539103,0.05375793673468188,-0.10324650449070916,1,1,0,0
2384,2384.0,23.84,-7.500000000000017,-7.657014398788132,-7.445544393647577,0.15701439878811474,0.05445560635244018,-0.10255879243567456,1,1,0,0
2385,2385.0,23.85,-7.500000000000017,-7.657567530917726,-7.446417189899494,0.15756753091770914,0.053582810100523126,-0.10398472081718602,1,1,0,0
2386,2386.0,23.86,-7.500000000000017,-7.656471616671508,-7.446560869485115,0.15647161667149145,0.05343913051490201,-0.10303248615658944,1,1,0,0
2387,2387.0,23.87,-7.500000000000017,-7.655946838772408,-7.446967423203556,0.15594683877239124,0.05303257679646123,-0.10291426197593001,1,1,0,0
2388,2388.0,23.88,-7.500000000000017,-7.65477651592532,-7.446286952742613,0.1547765159253034,0.053713047257403446,-0.10106346866789995,1,1,0,0
2389,2389.0,23.89,-7.500000000000017,-7.65369828398957,-7.445134112585834,0.1536982839895531,0.054865887414182524,-0.09883239657537057,1,0,0,1
2390,2390.0,23.9,-7.500000000000017,-7.654893758722613,-7.44551811936996,0.15489375872259625,0.05448188063005688,-0.10041187809253938,1,1,0,0
2391,2391.0,23.91,-7.500000000000017,-7.654769596168957,-7.445690369702989,0.15476959616893993,0.054309630297027844,-0.10045996587191208,1,1,0,0
2392,2392.0,23.92,-7.500000000000017,-7.653132916534592,-7.4461329261967375,0.15313291653457473,0.053867073803279375,-0.09926584273129535,1,0,0,1
2393,2393.0,23.93,-7.500000000000017,-7.652892018962962,-7.445519018996091,0.15289201896294546,0.054480981003925955,-0.09841103795901951,1,0,0,1
2394,2394.0,23.94,-7.500000000000017,-7.653324560313963,-7.4458657676335225,0.15332456031394592,0.054134232366494395,-0.09919032794745153,1,0,0,1
2395,2395.0,23.95,-7.500000000000017,-7.653289354254631,-7.447183511398931,0.1532893542546141,0.05281648860108579,-0.10047286565352831,1,1,0,0
2396,2396.0,23.96,-7.500000000000017,-7.6530065603327175,-7.449206432552441,0.15300656033270066,0.05079356744757568,-0.10221299288512498,1,1,0,0
2397,2397.0,23.97,-7.500000000000017,-7.654108263057349,-7.447680558019796,0.15410826305733227,0.05231944198022109,-0.10178882107711118,1,1,0,0
2398,2398.0,23.98,-7.500000000000017,-7.654506720910849,-7.446473777156474,0.15450672091083195,0.05352622284354247,-0.10098049806728948,1,1,0,0
2399,2399.0,23.99,-7.500000000000017,-7.655593080661214,-7.446535757037908,0.15559308066119737,0.053464242962109054,-0.10212883769908832,1,1,0,0
2400,2400.0,24.0,-7.500000000000017,-7.655705851441612,-7.446075112321111,0.15570585144159477,0.0539248876789058,-0.10178096376268897,1,1,0,0
2401,2401.0,24.01,-7.500000000000017,-7.656540554348835,-7.445988236714275,0.15654055434881808,0.0540117632857422,-0.10252879106307589,1,1,0,0
2402,2402.0,24.02,-7.500000000000017,-7.6561099189114,-7.445188175644705,0.15610991891138326,0.054811824355311956,-0.1012980945560713,1,1,0,0
2403,2403.0,24.03,-7.500000000000017,-7.65543651956514,-7.445806685221031,0.15543651956512328,0.0541933147789857,-0.10124320478613758,1,1,0,0
2404,2404.0,24.04,-7.500000000000017,-7.655776982837569,-7.446424739947764,0.15577698283755215,0.05357526005225299,-0.10220172278529915,1,1,0,0
2405,2405.0,24.05,-7.500000000000017,-7.656028301823541,-7.444662310128241,0.15602830182352445,0.05533768987177545,-0.100690611951749,1,1,0,0
2406,2406.0,24.06,-7.500000000000017,-7.656280740009057,-7.443682644030257,0.15628074000904046,0.056317355969760285,-0.09996338403928018,1,0,0,1
2407,2407.0,24.07,-7.500000000000017,-7.654683803306418,-7.442588944974781,0.1546838033064013,0.057411055025236024,-0.09727274828116528,1,0,0,1
2408,2408.0,24.08,-7.500000000000017,-7.653757669536441,-7.442378808601038,0.15375766953642422,0.05762119139897859,-0.09613647813744564,1,0,0,1
2409,2409.0,24.09,-7.500000000000017,-7.654655712760784,-7.442636779624321,0.15465571276076684,0.05736322037569597,-0.09729249238507087,1,0,0,1
2410,2410.0,24.1,-7.500000000000017,-7.6542979692013455,-7.442662722008227,0.15429796920132866,0.05733727799179,-0.09696069120953865,1,0,0,1
2411,2411.0,24.11,-7.500000000000017,-7.653353077643139,-7.44225503127544,0.15335307764312223,0.05774496872457657,-0.09560810891854565,1,0,0,1
2412,2412.0,24.12,-7.500000000000017,-7.653504754331076,-7.441481306312167,0.1535047543310588,0.05851869368784968,-0.09498606064320914,1,0,0,1
2413,2413.0,24.13,-7.500000000000017,-7.652165228468817,-7.442113354394464,0.15216522846880043,0.0578866456055529,-0.09427858286324753,1,0,0,1
2414,2414.0,24.14,-7.500000000000017,-7.652494387976368,-7.4411742974433315,0.1524943879763514,0.0588257025566854,-0.093668685419666,1,0,0,1
2415,2415.0,24.15,-7.500000000000017,-7.6526954942473475,-7.439511073135893,0.15269549424733064,0.06048892686412355,-0.0922065673832071,1,0,0,1
2416,2416.0,24.16,-7.500000000000017,-7.651555802715548,-7.439912853729841,0.15155580271553148,0.06008714627017575,-0.09146865644535573,1,0,0,1
2417,2417.0,24.17,-7.500000000000017,-7.653419849011789,-7.4397069447946125,0.1534198490117724,0.0602930552054044,-0.09312679380636801,1,0,0,1
2418,2418.0,24.18,-7.500000000000017,-7.653127199659115,-7.43950883119083,0.1531271996590977,0.060491168809186924,-0.09263603084991079,1,0,0,1
2419,2419.0,24.19,-7.500000000000017,-7.652733743643401,-7.440072134868963,0.15273374364338377,0.05992786513105397,-0.0928058785123298,1,0,0,1
2420,2420.0,24.2,-7.500000000000017,-7.653301026538687,-7.43798099890712,0.15330102653866984,0.06201900109289671,-0.09128202544577313,1,0,0,1
2421,2421.0,24.21,-7.500000000000017,-7.651691449879332,-7.436769195721799,0.1516914498793147,0.06323080427821814,-0.08846064560109657,1,0,0,1
2422,2422.0,24.22,-7.500000000000017,-7.65144136315747,-7.437750695333316,0.1514413631574527,0.0622493046667012,-0.08919205849075151,1,0,0,1
2423,2423.0,24.23,-7.500000000000017,-7.65102332867265,-7.438042839731409,0.15102332867263346,0.06195716026860776,-0.0890661684040257,1,0,0,1
2424,2424.0,24.24,-7.500000000000017,-7.650037249153824,-7.437922289111026,0.15003724915380712,0.06207771088899072,-0.0879595382648164,1,0,0,1
2425,2425.0,24.25,-7.500000000000017,-7.649007874111867,-7.437321325837363,0.14900787411184968,0.06267867416265371,-0.08632919994919597,1,0,0,1
2426,2426.0,24.26,-7.500000000000017,-7.648073699699652,-7.435781589723085,0.14807369969963524,0.06421841027693187,-0.08385528942270337,1,0,0,1
2427,2427.0,24.27,-7.500000000000017,-7.6470443755485515,-7.43647495326857,0.14704437554853467,0.06352504673144654,-0.08351932881708812,1,0,0,1
2428,2428.0,24.28,-7.500000000000017,-7.647373257019108,-7.437874248997333,0.14737325701909132,0.062125751002684027,-0.08524750601640729,1,0,0,1
2429,2429.0,24.29,-7.500000000000017,-7.647305568639758,-7.4387547031600905,0.14730556863974087,0.06124529683992641,-0.08606027179981446,1,0,0,1
2430,2430.0,24.3,-7.500000000000017,-7.646293146159483,-7.438052448840796,0.14629314615946587,0.06194755115922046,-0.08434559500024541,1,0,0,1
2431,2431.0,24.31,-7.500000000000017,-7.6471226389897025,-7.438823410266995,0.14712263898968558,0.06117658973302209,-0.08594604925666349,1,0,0,1
2432,2432.0,24.32,-7.500000000000017,-7.646126252585352,-7.440452608019768,0.14612625258533551,0.0595473919802485,-0.08657886060508702,1,0,0,1
2433,2433.0,24.33,-7.500000000000017,-7.646504855918017,-7.440988789159476,0.14650485591799978,0.05901121084054051,-0.08749364507745927,1,0,0,1
2434,2434.0,24.34,-7.500000000000017,-7.647610807005236,-7.439800426628549,0.14761080700521934,0.06019957337146753,-0.0874112336337518,1,0,0,1
2435,2435.0,24.35,-7.500000000000017,-7.646631997958836,-7.438998828890185,0.14663199795881887,0.061001171109832164,-0.08563082684898671,1,0,0,1
2436,2436.0,24.36,-7.500000000000017,-7.64755353620399,-7.43961534253205,0.14755353620397305,0.06038465746796717,-0.08716887873600587,1,0,0,1
2437,2437.0,24.37,-7.500000000000017,-7.647613606631035,-7.436483236556598,0.14761360663101808,0.06351676344341861,-0.08409684318759947,1,0,0,1
2438,2438.0,24.38,-7.500000000000017,-7.646606973401176,-7.436515133856398,0.14660697340115902,0.06348486614361892,-0.0831221072575401,1,0,0,1
2439,2439.0,24.39,-7.500000000000017,-7.648049459828321,-7.435016207041124,0.14804945982830375,0.064983792958893,-0.08306566686941075,1,0,0,1
2440,2440.0,24.4,-7.500000000000017,-7.647562430428953,-7.436995418787705,0.1475624304289358,0.06300458121231145,-0.08455784921662435,1,0,0,1
2441,2441.0,24.41,-7.500000000000017,-7.648075650374917,-7.437245247789942,0.14807565037490011,0.06275475221007465,-0.08532089816482546,1,0,0,1
2442,2442.0,24.42,-7.500000000000017,-7.649043597891508,-7.437558540565889,0.1490435978914908,0.06244145943412782,-0.08660213845736298,1,0,0,1
2443,2443.0,24.43,-7.500000000000017,-7.6480149619020805,-7.437574216945958,0.14801496190206365,0.0624257830540591,-0.08558917884800454,1,0,0,1
2444,2444.0,24.44,-7.500000000000017,-7.646757261503895,-7.436328662312575,0.14675726150387813,0.06367133768744182,-0.08308592381643631,1,0,0,1
2445,2445.0,24.45,-7.500000000000017,-7.646674797262185,-7.436528303379785,0.14667479726216825,0.06347169662023155,-0.0832031006419367,1,0,0,1
2446,2446.0,24.46,-7.500000000000017,-7.646576402924723,-7.435981417486931,0.14657640292470653,0.06401858251308568,-0.08255782041162085,1,0,0,1
2447,2447.0,24.47,-7.500000000000017,-7.646815724161976,-7.436179842227423,0.14681572416195898,0.06382015777259387,-0.08299556638936512,1,0,0,1
2448,2448.0,24.48,-7.500000000000017,-7.64676480890573,-7.436225598220573,0.1467648089057132,0.06377440177944393,-0.08299040712626926,1,0,0,1
2449,2449.0,24.49,-7.500000000000017,-7.6471772072910085,-7.434251630380544,0.1471772072909916,0.06574836961947295,-0.08142883767151865,1,0,0,1
2450,2450.0,24.5,-7.500000000000017,-7.646976292416865,-7.434238298075323,0.1469762924168485,0.06576170192469366,-0.08121459049215485,1,0,0,1
2451,2451.0,24.51,-7.500000000000017,-7.647610404679773,-7.433072749085025,0.14761040467975572,0.06692725091499163,-0.08068315376476409,1,0,0,1
2452,2452.0,24.52,-7.500000000000017,-7.647608986648936,-7.432523356766637,0.14760898664891897,0.06747664323337954,-0.08013234341553943,1,0,0,1
2453,2453.0,24.53,-7.500000000000017,-7.647954466790125,-7.432595056532546,0.14795446679010826,0.06740494346747106,-0.0805495233226372,1,0,0,1
2454,2454.0,24.54,-7.500000000000017,-7.648088936754135,-7.430938047921194,0.14808893675411827,0.06906195207882249,-0.07902698467529579,1,0,0,1
2455,2455.0,24.55,-7.500000000000017,-7.6477490528145715,-7.431277428516071,0.14774905281455464,0.06872257148394567,-0.07902648133060897,1,0,0,1
2456,2456.0,24.56,-7.500000000000017,-7.648354849769211,-7.429775092884784,0.148354849769194,0.07022490711523321,-0.07812994265396078,1,0,0,1
2457,2457.0,24.57,-7.500000000000017,-7.649878933925344,-7.429378339967012,0.14987893392532747,0.07062166003300518,-0.07925727389232229,1,0,0,1
2458,2458.0,24.58,-7.500000000000017,-7.650884361194322,-7.4284078692883915,0.15088436119430515,0.0715921307116254,-0.07929223048267975,1,0,0,1
2459,2459.0,24.59,-7.500000000000017,-7.650694846112384,-7.428584820573284,0.1506948461123674,0.07141517942673303,-0.07927966668563435,1,0,0,1
2460,2460.0,24.6,-7.500000000000017,-7.651846360827734,-7.428643737055478,0.15184636082771696,0.07135626294453878,-0.08049009788317818,1,0,0,1
2461,2461.0,24.61,-7.500000000000017,-7.651016191575001,-7.428517617121748,0.1510161915749837,0.07148238287826914,-0.07953380869671456,1,0,0,1
2462,2462.0,24.62,-7.500000000000017,-7.652260619377788,-7.427412934194389,0.15226061937777136,0.07258706580562801,-0.07967355357214334,1,0,0,1
2463,2463.0,24.63,-7.500000000000017,-7.652149376864791,-7.427992846762084,0.1521493768647737,0.07200715323793272,-0.08014222362684098,1,0,0,1
2464,2464.0,24.64,-7.500000000000017,-7.651153550358066,-7.428068995080489,0.15115355035804878,0.07193100491952809,-0.0792225454385207,1,0,0,1
2465,2465.0,24.65,-7.500000000000017,-7.651016162471209,-7.4289149712823495,0.15101616247119232,0.07108502871766742,-0.0799311337535249,1,0,0,1
2466,2466.0,24.66,-7.500000000000017,-7.650804383865322,-7.427311519861535,0.15080438386530481,0.07268848013848217,-0.07811590372682264,1,0,0,1
2467,2467.0,24.67,-7.500000000000017,-7.650383624882534,-7.426305131346822,0.150383624882517,0.0736948686531953,-0.0766887562293217,1,0,0,1
2468,2468.0,24.68,-7.500000000000017,-7.650799338859636,-7.4264592114873995,0.15079933885961871,0.07354078851261736,-0.07725855034700135,1,0,0,1
2469,2469.0,24.69,-7.500000000000017,-7.651083546534453,-7.427783335528785,0.15108354653443623,0.07221666447123187,-0.07886688206320436,1,0,0,1
2470,2470.0,24.7,-7.500000000000017,-7.650317120076769,-7.425631890949597,0.15031712007675235,0.07436810905042002,-0.07594901102633234,1,0,0,1
2471,2471.0,24.71,-7.500000000000017,-7.6515580447062765,-7.424322129948694,0.15155804470625966,0.0756778700513232,-0.07588017465493646,1,0,0,1
2472,2472.0,24.72,-7.500000000000017,-7.6505551844815365,-7.424082773566038,0.1505551844815196,0.07591722643397869,-0.07463795804754092,1,0,0,1
2473,2473.0,24.73,-7.500000000000017,-7.651184426071079,-7.42496580169167,0.15118442607106175,0.07503419830834712,-0.07615022776271463,1,0,0,1
2474,2474.0,24.74,-7.500000000000017,-7.651822342766584,-7.424350328318796,0.15182234276656725,0.07564967168122116,-0.07617267108534609,1,0,0,1
2475,2475.0,24.75,-7.500000000000017,-7.6516210227417245,-7.423816684641,0.15162102274170763,0.07618331535901657,-0.07543770738269107,1,0,0,1
2476,2476.0,24.76,-7.500000000000017,-7.652380440436915,-7.4224936217662085,0.15238044043689847,0.07750637823380835,-0.07487406220309012,1,0,0,1
2477,2477.0,24.77,-7.500000000000017,-7.652272135376547,-7.422629611732359,0.1522721353765304,0.07737038826765819,-0.07490174710887221,1,0,0,1
2478,2478.0,24.78,-7.500000000000017,-7.652691293176809,-7.4229140182780196,0.1526912931767921,0.07708598172199732,-0.07560531145479477,1,0,0,1
2479,2479.0,24.79,-7.500000000000017,-7.6533075364374845,-7.423322063458256,0.15330753643746764,0.0766779365417607,-0.07662959989570695,1,0,0,1
2480,2480.0,24.8,-7.500000000000017,-7.654133979110437,-7.424013630053396,0.15413397911042015,0.07598636994662122,-0.07814760916379893,1,0,0,1
2481,2481.0,24.81,-7.500000000000017,-7.6536214020836795,-7.4235081282975,0.1536214020836626,0.07649187170251714,-0.07712953038114545,1,0,0,1
2482,2482.0,24.82,-7.500000000000017,-7.655436662765571,-7.423437824593737,0.15543666276555435,0.07656217540627974,-0.0788744873592746,1,0,0,1
2483,2483.0,24.83,-7.500000000000017,-7.656159584471064,-7.423027612910078,0.15615958447104727,0.07697238708993925,-0.07918719738110802,1,0,0,1
2484,2484.0,24.84,-7.500000000000017,-7.655791941522682,-7.4233789039101,0.15579194152266496,0.07662109608991674,-0.07917084543274822,1,0,0,1
2485,2485.0,24.85,-7.500000000000017,-7.65735287986007,-7.423826721525433,0.15735287986005275,0.07617327847458366,-0.08117960138546909,1,0,0,1
2486,2486.0,24.86,-7.500000000000017,-7.657351432220321,-7.423814425170133,0.15735143222030423,0.07618557482988386,-0.08116585739042037,1,0,0,1
2487,2487.0,24.87,-7.500000000000017,-7.656423383920523,-7.424541018807207,0.15642338392050625,0.07545898119280992,-0.08096440272769634,1,0,0,1
2488,2488.0,24.88,-7.500000000000017,-7.65643357765794,-7.423170969299375,0.1564335776579231,0.07682903070064206,-0.07960454695728103,1,0,0,1
2489,2489.0,24.89,-7.500000000000017,-7.655287735999974,-7.42233020013893,0.15528773599995738,0.07766979986108691,-0.07761793613887047,1,0,0,1
2490,2490.0,24.9,-7.500000000000017,-7.653672128546608,-7.422377201475443,0.1536721285465914,0.07762279852457343,-0.07604933002201797,1,0,0,1
2491,2491.0,24.91,-7.500000000000017,-7.653438624015967,-7.422361380024981,0.15343862401595043,0.07763861997503607,-0.07580000404091436,1,0,0,1
2492,2492.0,24.92,-7.500000000000017,-7.65248986364522,-7.423762058147466,0.15248986364520345,0.0762379418525505,-0.07625192179265294,1,0,0,1
2493,2493.0,24.93,-7.500000000000017,-7.650994557462894,-7.422747765941925,0.1509945574628775,0.07725223405809167,-0.07374232340478581,1,0,0,1
2494,2494.0,24.94,-7.500000000000017,-7.650582949150262,-7.422458556017252,0.1505829491502455,0.0775414439827653,-0.0730415051674802,1,0,0,1
2495,2495.0,24.95,-7.500000000000017,-7.649920444434331,-7.422497956663245,0.14992044443431407,0.07750204333677146,-0.0724184010975426,1,0,0,1
2496,2496.0,24.96,-7.500000000000017,-7.6488185484801425,-7.421649903409793,0.14881854848012566,0.07835009659022418,-0.07046845188990147,1,0,0,1
2497,2497.0,24.97,-7.500000000000017,-7.6472012106029625,-7.420107893381526,0.14720121060294566,0.079892106618491,-0.06730910398445467,1,0,0,1
2498,2498.0,24.98,-7.500000000000017,-7.645922389579909,-7.4199762439518056,0.14592238957989245,0.08002375604821133,-0.06589863353168113,1,0,0,1
2499,2499.0,24.99,-7.500000000000017,-7.644909693809883,-7.4189334751362255,0.14490969380986574,0.0810665248637914,-0.06384316894607434,1,0,0,1
2500,2500.0,25.0,-7.500000000000017,-7.644620285901877,-7.419449371300098,0.14462028590186016,0.08055062869991847,-0.06406965720194169,1,0,0,1
2501,2501.0,25.01,-7.500000000000017,-7.6436223278018165,-7.420774017856535,0.14362232780179962,0.0792259821434822,-0.06439634565831742,1,0,0,1
2502,2502.0,25.02,-7.500000000000017,-7.643614578552851,-7.421827554246415,0.14361457855283444,0.0781724457536015,-0.06544213279923294,1,0,0,1
2503,2503.0,25.03,-7.500000000000017,-7.64258803158015,-7.420767529474192,0.1425880315801331,0.07923247052582472,-0.0633555610543084,1,0,0,1
2504,2504.0,25.04,-7.500000000000017,-7.642126252137803,-7.419479314000561,0.1421262521377864,0.08052068599945628,-0.061605566138330126,1,0,0,1
2505,2505.0,25.05,-7.500000000000017,-7.641660943820377,-7.420344217243702,0.14166094382036043,0.07965578275631469,-0.062005161064045744,1,0,0,1
2506,2506.0,25.06,-7.500000000000017,-7.640440183585616,-7.41881962945698,0.14044018358559907,0.08118037054303695,-0.059259813042562115,1,0,0,1
2507,2507.0,25.07,-7.500000000000017,-7.639413693777373,-7.417279843808497,0.1394136937773558,0.08272015619152029,-0.05669353758583551,1,0,0,1
2508,2508.0,25.08,-7.500000000000017,-7.637812732659403,-7.416035085115249,0.13781273265938587,0.08396491488476787,-0.053847817774618,1,0,0,1
2509,2509.0,25.09,-7.500000000000017,-7.638190107157163,-7.415810473352424,0.13819010715714608,0.0841895266475925,-0.054000580509553586,1,0,0,1
2510,2510.0,25.1,-7.500000000000017,-7.636991663162593,-7.415852994275347,0.1369916631625765,0.08414700572467027,-0.05284465743790623,1,0,0,1
2511,2511.0,25.11,-7.500000000000017,-7.635908112375978,-7.415337136883413,0.13590811237596157,0.08466286311660376,-0.051245249259357806,1,0,0,1
2512,2512.0,25.12,-7.500000000000017,-7.635083534028911,-7.414757248467148,0.13508353402889384,0.08524275153286887,-0.04984078249602497,1,0,0,1
2513,2513.0,25.13,-7.500000000000017,-7.633286777522643,-7.413786086033777,0.13328677752262585,0.08621391396623945,-0.0470728635563864,1,0,0,1
2514,2514.0,25.14,-7.500000000000017,-7.63130016621762,-7.413657552919613,0.13130016621760277,0.08634244708040395,-0.044957719137198815,1,0,0,1
2515,2515.0,25.15,-7.500000000000017,-7.629626858429612,-7.415433151803868,0.12962685842959498,0.08456684819614857,-0.04506001023344641,1,0,0,1
2516,2516.0,25.16,-7.500000000000017,-7.627865443852857,-7.416250020533004,0.1278654438528397,0.08374997946701246,-0.04411546438582725,1,0,0,1
2517,2517.0,25.17,-7.500000000000017,-7.625850653856709,-7.4160885038769475,0.12585065385669214,0.08391149612306936,-0.04193915773362278,1,0,0,1
2518,2518.0,25.18,-7.500000000000017,-7.625550402852951,-7.415894814626216,0.12555040285293373,0.08410518537380085,-0.04144521747913288,1,0,0,1
2519,2519.0,25.19,-7.500000000000017,-7.624172432692105,-7.416050374422048,0.12417243269208811,0.08394962557796859,-0.04022280711411952,1,0,0,1
2520,2520.0,25.2,-7.500000000000017,-7.622212683982576,-7.415786107698293,0.1222126839825588,0.08421389230172416,-0.03799879168083464,1,0,0,1
2521,2521.0,25.21,-7.500000000000017,-7.6211908027623645,-7.414929653575156,0.12119080276234762,0.08507034642486122,-0.036120456337486395,1,0,0,1
2522,2522.0,25.22,-7.500000000000017,-7.620853590155386,-7.4151472504063936,0.12085359015536934,0.08485274959362332,-0.03600084056174602,1,0,0,1
2523,2523.0,25.23,-7.500000000000017,-7.621223852046522,-7.416037554213726,0.12122385204650499,0.08396244578629108,-0.0372614062602139,1,0,0,1
2524,2524.0,25.24,-7.500000000000017,-7.620024308512138,-7.417073306448002,0.12002430851212154,0.08292669355201454,-0.037097614960106995,1,0,0,1
2525,2525.0,25.25,-7.500000000000017,-7.6198685167586415,-7.4171800109781,0.11986851675862464,0.08281998902191656,-0.03704852773670808,1,0,0,1
2526,2526.0,25.26,-7.500000000000017,-7.618696802511164,-7.418085647523063,0.11869680251114723,0.08191435247695367,-0.03678245003419356,1,0,0,1
2527,2527.0,25.27,-7.500000000000017,-7.617268030637576,-7.418994967821045,0.1172680306375593,0.0810050321789717,-0.0362629984585876,1,0,0,1
2528,2528.0,25.28,-7.500000000000017,-7.616864461305029,-7.418552251481812,0.11686446130501249,0.08144774851820458,-0.03541671278680791,1,0,0,1
2529,2529.0,25.29,-7.500000000000017,-7.614696188359982,-7.419695714642485,0.11469618835996531,0.0803042853575322,-0.03439190300243311,1,0,0,1
2530,2530.0,25.3,-7.500000000000017,-7.613767970256292,-7.418624449520295,0.1137679702562755,0.08137555047972178,-0.032392419776553716,1,0,0,1
2531,2531.0,25.31,-7.500000000000017,-7.612538926236805,-7.418673023445817,0.1125389262367884,0.08132697655419996,-0.031211949682588447,1,0,0,1
2532,2532.0,25.32,-7.500000000000017,-7.611003888177288,-7.418600926346399,0.11100388817727147,0.08139907365361765,-0.029604814523653822,1,0,0,1
2533,2533.0,25.33,-7.500000000000017,-7.6097946871840145,-7.418038474021212,0.10979468718399765,0.08196152597880513,-0.027833161205192525,1,0,0,1
2534,2534.0,25.34,-7.500000000000017,-7.609261242567972,-7.41645626576369,0.10926124256795511,0.08354373423632655,-0.025717508331628558,1,0,0,1
2535,2535.0,25.35,-7.500000000000017,-7.607582992369132,-7.415351331785533,0.10758299236911473,0.08464866821448425,-0.02293432415463048,1,0,0,1
2536,2536.0,25.36,-7.500000000000017,-7.607079002756287,-7.415573057744551,0.10707900275627047,0.08442694225546621,-0.02265206050080426,1,0,0,1
2537,2537.0,25.37,-7.500000000000017,-7.605722900451352,-7.415265902170044,0.10572290045133492,0.08473409782997265,-0.020988802621362268,1,0,0,1
2538,2538.0,25.38,-7.500000000000017,-7.603733170387621,-7.4138778957444185,0.10373317038760455,0.08612210425559841,-0.017611066132006137,1,0,0,1
2539,2539.0,25.39,-7.500000000000017,-7.602889136045725,-7.414231372639161,0.10288913604570826,0.08576862736085555,-0.01712050868485271,1,0,0,1
2540,2540.0,25.4,-7.500000000000017,-7.600887153091675,-7.4131958666427815,0.10088715309165774,0.08680413335723536,-0.014083019734422386,1,0,0,1
2541,2541.0,25.41,-7.500000000000017,-7.600785198325834,-7.412389163998456,0.10078519832581723,0.08761083600156105,-0.013174362324256172,1,0,0,1
2542,2542.0,25.42,-7.500000000000017,-7.598709771021524,-7.413103553953003,0.09870977102150746,0.08689644604701385,-0.01181332497449361,1,0,0,1
2543,2543.0,25.43,-7.500000000000017,-7.597220717855006,-7.411026837238916,0.09722071785498887,0.08897316276110079,-0.008247555093888082,1,0,0,1
2544,2544.0,25.44,-7.500000000000017,-7.596449194905704,-7.409511570358482,0.09644919490568693,0.09048842964153447,-0.005960765264152457,1,0,0,1
2545,2545.0,25.45,-7.500000000000017,-7.5962921318078465,-7.408724207829876,0.09629213180782958,0.09127579217014059,-0.0050163396376889935,1,0,0,1
2546,2546.0,25.46,-7.500000000000017,-7.595613714955871,-7.409269587359964,0.0956137149558538,0.09073041264005255,-0.004883302315801252,1,0,0,1
2547,2547.0,25.47,-7.500000000000017,-7.593043572825282,-7.4103524591999,0.09304357282526521,0.08964754080011694,-0.0033960320251482656,1,0,0,1
2548,2548.0,25.48,-7.500000000000017,-7.5914621372619076,-7.409914742700834,0.09146213726189067,0.09008525729918304,-0.0013768799627076334,1,0,0,1
2549,2549.0,25.49,-7.500000000000017,-7.591197806984184,-7.409452401852551,0.0911978069841668,0.09054759814746571,-0.0006502088367010828,1,0,0,1
2550,2550.0,25.5,-7.500000000000017,-7.589579463373388,-7.408612325502645,0.0895794633733713,0.09138767449737184,0.001808211124000536,1,0,0,1
2551,2551.0,25.51,-7.500000000000017,-7.589420811562743,-7.408738891140759,0.08942081156272597,0.09126110885925787,0.0018402972965319009,1,0,0,1
2552,2552.0,25.52,-7.500000000000017,-7.5892681864082085,-7.410445626170667,0.08926818640819167,0.08955437382935028,0.0002861874211586013,1,0,0,1
2553,2553.0,25.53,-7.500000000000017,-7.586951128433915,-7.410251644348489,0.08695112843389818,0.08974835565152794,0.002797227217629761,1,0,0,1
2554,2554.0,25.54,-7.500000000000017,-7.5870624203381665,-7.410553141479188,0.0870624203381496,0.08944685852082923,0.002384438182679638,1,0,0,1
2555,2555.0,25.55,-7.500000000000017,-7.585805351236969,-7.410268981329214,0.0858053512369521,0.08973101867080313,0.003925667433851032,1,0,0,1
2556,2556.0,25.56,-7.500000000000017,-7.583931179174499,-7.410692095229447,0.08393117917448212,0.08930790477057027,0.00537672559608815,1,0,0,1
2557,2557.0,25.57,-7.500000000000017,-7.581735469421384,-7.408874874871581,0.08173546942136678,0.09112512512843551,0.009389655707068734,1,0,0,1
2558,2558.0,25.58,-7.500000000000017,-7.579038478048883,-7.408245578301812,0.07903847804886599,0.09175442169820514,0.012715943649339145,1,0,0,1
2559,2559.0,25.59,-7.500000000000017,-7.577457145936364,-7.408730008424972,0.07745714593634734,0.09126999157504478,0.013812845638697446,1,0,0,1
2560,2560.0,25.6,-7.500000000000017,-7.574576650368346,-7.409032412849064,0.07457665036832939,0.09096758715095277,0.016390936782623378,1,0,0,1
2561,2561.0,25.61,-7.500000000000017,-7.573342831884047,-7.409486834579918,0.07334283188403035,0.09051316542009857,0.017170333536068227,1,0,0,1
2562,2562.0,25.62,-7.500000000000017,-7.5734472109243285,-7.408474264043624,0.07344721092431161,0.09152573595639257,0.01807852503208096,1,0,0,1
2563,2563.0,25.63,-7.500000000000017,-7.57286355151672,-7.408721009569609,0.07286355151670332,0.09127899043040788,0.018415438913704563,1,0,0,1
2564,2564.0,25.64,-7.500000000000017,-7.570170840494585,-7.408812534333329,0.07017084049456823,0.091187465666688,0.021016625172119774,1,0,0,1
2565,2565.0,25.65,-7.500000000000017,-7.568901146874732,-7.408404073457029,0.06890114687471538,0.09159592654298798,0.022694779668272602,1,0,0,1
2566,2566.0,25.66,-7.500000000000017,-7.566843699854981,-7.408323891948674,0.06684369985496375,0.09167610805134263,0.024832408196378886,1,0,0,1
2567,2567.0,25.67,-7.500000000000017,-7.566025624460629,-7.407871171770864,0.06602562446061189,0.09212882822915258,0.026103203768540695,1,0,0,1
2568,2568.0,25.68,-7.500000000000017,-7.565013554830109,-7.408035468271465,0.06501355483009252,0.09196453172855179,0.026950976898459267,1,0,0,1
2569,2569.0,25.69,-7.500000000000017,-7.563201097397975,-7.4077983631415725,0.06320109739795843,0.0922016368584444,0.029000539460485975,1,0,0,1
2570,2570.0,25.7,-7.500000000000017,-7.563240994929814,-7.407167127133902,0.06324099492979673,0.09283287286611497,0.029591877936318234,1,0,0,1
2571,2571.0,25.71,-7.500000000000017,-7.562276779444181,-7.4061574649748065,0.0622767794441641,0.09384253502521034,0.03156575558104624,1,0,0,1
2572,2572.0,25.72,-7.500000000000017,-7.563148379925615,-7.40433490573874,0.06314837992559852,0.09566509426127645,0.03251671433567793,1,0,0,1
2573,2573.0,25.73,-7.500000000000017,-7.563359135367306,-7.4045944129675245,0.0633591353672891,0.09540558703249236,0.03204645166520326,1,0,0,1
2574,2574.0,25.74,-7.500000000000017,-7.562121343968732,-7.403678386687972,0.06212134396871516,0.09632161331204525,0.03420026934333009,1,0,0,1
2575,2575.0,25.75,-7.500000000000017,-7.560407691878283,-7.402241368953561,0.060407691878266334,0.09775863104645577,0.037350939168189434,1,0,0,1
2576,2576.0,25.76,-7.500000000000017,-7.558855957970023,-7.40078184559074,0.05885595797000587,0.09921815440927695,0.04036219643927108,1,0,0,1
2577,2577.0,25.77,-7.500000000000017,-7.557090821971711,-7.401803816373252,0.057090821971693906,0.09819618362676508,0.04110536165507117,1,0,0,1
2578,2578.0,25.78,-7.500000000000017,-7.556098501276164,-7.402774257664867,0.05609850127614724,0.09722574233514969,0.04112724105900245,1,0,0,1
2579,2579.0,25.79,-7.500000000000017,-7.5546875636869455,-7.403939718049476,0.05468756368692862,0.09606028195054073,0.04137271826361211,1,0,0,1
2580,2580.0,25.8,-7.500000000000017,-7.5525250736619896,-7.402172544126518,0.05252507366197268,0.09782745587349861,0.04530238221152594,1,0,0,1
2581,2581.0,25.81,-7.500000000000017,-7.551345466065,-7.400315501788808,0.05134546606498347,0.09968449821120906,0.04833903214622559,1,0,0,1
2582,2582.0,25.82,-7.500000000000017,-7.550174055789396,-7.399872934468905,0.0501740557893795,0.10012706553111173,0.049953009741732224,1,0,0,1
2583,2583.0,25.83,-7.500000000000017,-7.548745330212459,-7.399528328849587,0.04874533021244254,0.1004716711504301,0.05172634093798756,1,0,0,1
2584,2584.0,25.84,-7.500000000000017,-7.547108130305258,-7.401086534145346,0.04710813030524097,0.09891346585467087,0.0518053355494299,1,0,0,1
2585,2585.0,25.85,-7.500000000000017,-7.545497579267231,-7.400819883776157,0.04549757926721387,0.09918011622385947,0.0536825369566456,1,0,0,1
2586,2586.0,25.86,-7.500000000000017,-7.543777039906609,-7.401670120953643,0.04377703990659221,0.09832987904637402,0.05455283913978182,1,0,0,1
2587,2587.0,25.87,-7.500000000000017,-7.542896427008932,-7.401184572697558,0.04289642700891516,0.09881542730245929,0.05591900029354413,1,0,0,1
2588,2588.0,25.88,-7.500000000000017,-7.5412253143467405,-7.402349026306341,0.04122531434672361,0.0976509736936757,0.056425659346952095,1,0,0,1
2589,2589.0,25.89,-7.500000000000017,-7.541195769492588,-7.404536981633129,0.04119576949257109,0.09546301836688809,0.054267248874317,1,0,0,1
2590,2590.0,25.9,-7.500000000000017,-7.541973553136533,-7.404524132874435,0.04197355313651574,0.09547586712558154,0.0535023139890658,1,0,0,1
2591,2591.0,25.91,-7.500000000000017,-7.540443586748501,-7.405482361762531,0.04044358674848425,0.09451763823748571,0.05407405148900146,1,0,0,1
2592,2592.0,25.92,-7.500000000000017,-7.540074284450402,-7.405491723377757,0.040074284450384745,0.09450827662225958,0.054433992171874834,1,0,0,1
2593,2593.0,25.93,-7.500000000000017,-7.539042882147516,-7.405785027750108,0.03904288214749929,0.09421497224990905,0.055172090102409754,1,0,0,1
2594,2594.0,25.94,-7.500000000000017,-7.5373709582332955,-7.405549245421741,0.03737095823327863,0.09445075457827556,0.057079796344996936,1,0,0,1
2595,2595.0,25.95,-7.500000000000017,-7.537149603328392,-7.404169818438467,0.037149603328375136,0.0958301815615501,0.05868057823317496,1,0,0,1
2596,2596.0,25.96,-7.500000000000017,-7.534980963322631,-7.404777646058033,0.03498096332261369,0.09522235394198386,0.06024139061937017,1,0,0,1
2597,2597.0,25.97,-7.500000000000017,-7.53388576643235,-7.405080366181528,0.03388576643233332,0.09491963381848922,0.061033867386155904,1,0,0,1
2598,2598.0,25.98,-7.500000000000017,-7.532791499658378,-7.406530651483974,0.03279149965836137,0.0934693485160425,0.06067784885768113,1,0,0,1
2599,2599.0,25.99,-7.500000000000017,-7.530911559599016,-7.406393993221341,0.030911559598998828,0.0936060067786757,0.06269444717967687,1,0,0,1
2600,2600.0,26.0,-7.500000000000017,-7.531983333121212,-7.406992565183628,0.031983333121194946,0.09300743481638918,0.06102410169519423,1,0,0,1
2601,2601.0,26.01,-7.500000000000017,-7.53094875515752,-7.407003820544173,0.03094875515750317,0.09299617945584426,0.06204742429834109,1,0,0,1
2602,2602.0,26.02,-7.500000000000017,-7.53056138638717,-7.406843925438373,0.030561386387153,0.09315607456164354,0.06259468817449054,1,0,0,1
2603,2603.0,26.03,-7.500000000000017,-7.530464402934845,-7.405924189285574,0.030464402934827994,0.09407581071444326,0.06361140777961527,1,0,0,1
2604,2604.0,26.04,-7.500000000000017,-7.528685667001754,-7.403978510509822,0.028685667001736803,0.09602148949019451,0.06733582248845771,1,0,0,1
2605,2605.0,26.05,-7.500000000000017,-7.5292470525074275,-7.403795881841372,0.029247052507410665,0.09620411815864482,0.06695706565123416,1,0,0,1
2606,2606.0,26.06,-7.500000000000017,-7.529583274923532,-7.403060077312781,0.029583274923514757,0.09693992268723584,0.06735664776372108,1,0,0,1
2607,2607.0,26.07,-7.500000000000017,-7.529680060446725,-7.400781516638195,0.029680060446708012,0.09921848336182215,0.06953842291511414,1,0,0,1
2608,2608.0,26.08,-7.500000000000017,-7.53061378204197,-7.3986812829165,0.030613782041952753,0.10131871708351703,0.07070493504156428,1,0,0,1
2609,2609.0,26.09,-7.500000000000017,-7.5293605034855595,-7.398510823121328,0.029360503485542644,0.10148917687868853,0.07212867339314588,1,0,0,1
2610,2610.0,26.1,-7.500000000000017,-7.528921337439713,-7.399121303559838,0.02892133743969616,0.1008786964401791,0.07195735900048295,1,0,0,1
2611,2611.0,26.11,-7.500000000000017,-7.528738616968469,-7.39862744510063,0.028738616968452035,0.10137255489938646,0.07263393793093442,1,0,0,1
2612,2612.0,26.12,-7.500000000000017,-7.527978828552051,-7.397688216185153,0.027978828552034152,0.10231178381486394,0.07433295526282979,1,0,0,1
2613,2613.0,26.13,-7.500000000000017,-7.526244771978747,-7.396649061225578,0.026244771978729986,0.10335093877443846,0.07710616679570848,1,0,0,1
2614,2614.0,26.14,-7.500000000000017,-7.525559866875694,-7.39628617213438,0.02555986687567735,0.10371382786563643,0.07815396098995908,1,0,0,1
2615,2615.0,26.15,-7.500000000000017,-7.524145211396289,-7.3961647079178965,0.024145211396271904,0.10383529208212039,0.07969008068584849,1,0,0,1
2616,2616.0,26.16,-7.500000000000017,-7.523994222005892,-7.39421319955573,0.023994222005875088,0.10578680044428701,0.08179257843841192,1,0,0,1
2617,2617.0,26.17,-7.500000000000017,-7.524301071471909,-7.394936989882201,0.024301071471891866,0.10506301011781627,0.0807619386459244,1,0,0,1
2618,2618.0,26.18,-7.500000000000017,-7.523245231996181,-7.396797800851242,0.023245231996163795,0.10320219914877526,0.07995696715261147,1,0,0,1
2619,2619.0,26.19,-7.500000000000017,-7.524138108112776,-7.396514692252601,0.024138108112759404,0.10348530774741604,0.07934719963465664,1,0,0,1
2620,2620.0,26.2,-7.500000000000017,-7.524244857008714,-7.396561096433478,0.024244857008697274,0.10343890356653862,0.07919404655784135,1,0,0,1
2621,2621.0,26.21,-7.500000000000017,-7.5247563763591065,-7.397436160264418,0.02475637635908967,0.10256383973559924,0.07780746337650957,1,0,0,1
2622,2622.0,26.22,-7.500000000000017,-7.527040519072605,-7.397609927257926,0.027040519072587976,0.10239007274209122,0.07534955366950324,1,0,0,1
2623,2623.0,26.23,-7.500000000000017,-7.526847496784625,-7.398100551708652,0.026847496784608182,0.10189944829136444,0.07505195150675625,1,0,0,1
2624,2624.0,26.24,-7.500000000000017,-7.527717039351087,-7.397293086716939,0.02771703935106995,0.10270691328307802,0.07498987393200807,1,0,0,1
2625,2625.0,26.25,-7.500000000000017,-7.527960725358477,-7.398911967416023,0.027960725358459726,0.10108803258399401,0.07312730722553429,1,0,0,1
2626,2626.0,26.26,-7.500000000000017,-7.526880830255906,-7.398440209759375,0.026880830255889165,0.10155979024064177,0.0746789599847526,1,0,0,1
2627,2627.0,26.27,-7.500000000000017,-7.527083133776401,-7.398683899635376,0.02708313377638394,0.10131610036464078,0.07423296658825684,1,0,0,1
2628,2628.0,26.28,-7.500000000000017,-7.525343847178167,-7.398915601479161,0.02534384717815019,0.1010843985208556,0.07574055134270541,1,0,0,1
2629,2629.0,26.29,-7.500000000000017,-7.525464717854837,-7.399157238419079,0.025464717854820407,0.10084276158093797,0.07537804372611756,1,0,0,1
2630,2630.0,26.3,-7.500000000000017,-7.525941210805751,-7.400224745646137,0.025941210805734194,0.09977525435387946,0.07383404354814527,1,0,0,1
2631,2631.0,26.31,-7.500000000000017,-7.524063709293784,-7.400564710872024,0.024063709293766777,0.09943528912799326,0.07537157983422649,1,0,0,1
2632,2632.0,26.32,-7.500000000000017,-7.524259419782913,-7.400018506567929,0.024259419782896252,0.09998149343208773,0.07572207364919148,1,0,0,1
2633,2633.0,26.33,-7.500000000000017,-7.524594151337909,-7.4007989138401635,0.024594151337892,0.09920108615985335,0.07460693482196135,1,0,0,1
2634,2634.0,26.34,-7.500000000000017,-7.523298834527964,-7.402259046118235,0.023298834527946788,0.0977409538817815,0.07444211935383471,1,0,0,1
2635,2635.0,26.35,-7.500000000000017,-7.52191351803783,-7.403626795531518,0.021913518037813162,0.09637320446849884,0.07445968643068568,1,0,0,1
2636,2636.0,26.36,-7.500000000000017,-7.521529501235364,-7.403580140866327,0.021529501235346693,0.09641985913368956,0.07489035789834286,1,0,0,1
2637,2637.0,26.37,-7.500000000000017,-7.520837266296988,-7.40493769759466,0.020837266296971357,0.09506230240535718,0.07422503610838582,1,0,0,1
2638,2638.0,26.38,-7.500000000000017,-7.520413248328026,-7.405396232469833,0.02041324832800928,0.09460376753018362,0.07419051920217434,1,0,0,1
2639,2639.0,26.39,-7.500000000000017,-7.52023871513095,-7.40315683133338,0.020238715130933116,0.09684316866663689,0.07660445353570378,1,0,0,1
2640,2640.0,26.4,-7.500000000000017,-7.520376261693826,-7.402232623473828,0.02037626169380946,0.09776737652618905,0.07739111483237959,1,0,0,1
2641,2641.0,26.41,-7.500000000000017,-7.519814950344475,-7.400490799377014,0.01981495034445846,0.09950920062300295,0.07969425027854449,1,0,0,1
2642,2642.0,26.42,-7.500000000000017,-7.520712172118368,-7.400103166920485,0.02071217211835119,0.09989683307953179,0.0791846609611806,1,0,0,1
2643,2643.0,26.43,-7.500000000000017,-7.5193766962269635,-7.399307585342103,0.0193766962269466,0.10069241465791379,0.08131571843096719,1,0,0,1
2644,2644.0,26.44,-7.500000000000017,-7.519549981683822,-7.398061775839904,0.01954998168380495,0.10193822416011322,0.08238824247630827,1,0,0,1
2645,2645.0,26.45,-7.500000000000017,-7.51876263507015,-7.3965600327868914,0.018762635070133094,0.10343996721312543,0.08467733214299233,1,0,0,1
2646,2646.0,26.46,-7.500000000000017,-7.518134288539405,-7.39781728811937,0.01813428853938781,0.10218271188064687,0.08404842334125906,1,0,0,1
2647,2647.0,26.47,-7.500000000000017,-7.517467080541333,-7.398208970254199,0.017467080541315738,0.10179102974581777,0.08432394920450204,1,0,0,1
2648,2648.0,26.48,-7.500000000000017,-7.516634666823153,-7.397082553294388,0.01663466682313608,0.10291744670562863,0.08628277988249256,1,0,0,1
2649,2649.0,26.49,-7.500000000000017,-7.516028419995118,-7.396581470056255,0.016028419995101295,0.10341852994376222,0.08739010994866092,1,0,0,1
2650,2650.0,26.5,-7.500000000000017,-7.516016870002085,-7.396095262129567,0.016016870002068195,0.10390473787045007,0.08788786786838187,1,0,0,1
2651,2651.0,26.51,-7.500000000000017,-7.5164068835798785,-7.395921478136974,0.016406883579861642,0.1040785218630429,0.08767163828318125,1,0,0,1
2652,2652.0,26.52,-7.500000000000017,-7.5152347719888075,-7.39613397370059,0.01523477198879064,0.10386602629942665,0.08863125431063601,1,0,0,1
2653,2653.0,26.53,-7.500000000000017,-7.514861733589515,-7.393582091355061,0.014861733589498272,0.10641790864495615,0.09155617505545788,1,0,0,1
2654,2654.0,26.54,-7.500000000000017,-7.514813953450837,-7.394526254123786,0.014813953450819817,0.10547374587623093,0.09065979242541111,1,0,0,1
2655,2655.0,26.55,-7.500000000000017,-7.513741478684164,-7.396673913580142,0.01374147868414699,0.10332608641987484,0.08958460773572785,1,0,0,1
2656,2656.0,26.56,-7.500000000000017,-7.512807897968011,-7.396960143133694,0.012807897967993753,0.10303985686632267,0.09023195889832891,1,0,0,1
2657,2657.0,26.57,-7.500000000000017,-7.510749910460384,-7.397005906244355,0.010749910460367218,0.10299409375566171,0.09224418329529449,1,0,0,1
2658,2658.0,26.58,-7.500000000000017,-7.510715324090259,-7.395951347622253,0.010715324090242007,0.10404865237776395,0.09333332828752194,1,0,0,1
2659,2659.0,26.59,-7.500000000000017,-7.510875329534149,-7.396601596593273,0.01087532953413195,0.10339840340674389,0.09252307387261194,1,0,0,1
2660,2660.0,26.6,-7.500000000000017,-7.510261887394864,-7.397058269972,0.010261887394847236,0.1029417300280171,0.09267984263316986,1,0,0,1
2661,2661.0,26.61,-7.500000000000017,-7.511131932234349,-7.396251571132976,0.011131932234332176,0.10374842886704094,0.09261649663270877,1,0,0,1
2662,2662.0,26.62,-7.500000000000017,-7.511344624851846,-7.3975422616032835,0.011344624851829188,0.10245773839673333,0.09111311354490415,1,0,0,1
2663,2663.0,26.63,-7.500000000000017,-7.511429551052407,-7.396844593048362,0.011429551052390075,0.1031554069516547,0.09172585589926463,1,0,0,1
2664,2664.0,26.64,-7.500000000000017,-7.509778274244317,-7.396571011628093,0.0097782742443,0.10342898837192394,0.09365071412762394,1,0,0,1
2665,2665.0,26.65,-7.500000000000017,-7.509622701234759,-7.396425001792808,0.009622701234742514,0.1035749982072085,0.09395229697246599,1,0,0,1
2666,2666.0,26.66,-7.500000000000017,-7.508568909273904,-7.3968724991655295,0.00856890927388676,0.1031275008344874,0.09455859156060065,1,0,0,1
2667,2667.0,26.67,-7.500000000000017,-7.507782603923762,-7.3982480866338864,0.0077826039237454125,0.10175191336613043,0.09396930944238502,1,0,0,1
2668,2668.0,26.68,-7.500000000000017,-7.507028741321279,-7.39817759708009,0.0070287413212621885,0.10182240291992706,0.09479366159866487,1,0,0,1
2669,2669.0,26.69,-7.500000000000017,-7.506399418876906,-7.398698037611733,0.006399418876888774,0.10130196238828404,0.09490254351139527,1,0,0,1
2670,2670.0,26.7,-7.500000000000017,-7.507261036032741,-7.399554232421618,0.0072610360327241,0.10044576757839874,0.09318473154567464,1,0,0,1
2671,2671.0,26.71,-7.500000000000017,-7.506091217585553,-7.401862886499808,0.00609121758553588,0.0981371135002087,0.09204589591467283,1,0,0,1
2672,2672.0,26.72,-7.500000000000017,-7.506084243636549,-7.402943328651251,0.0060842436365318164,0.09705667134876617,0.09097242771223435,1,0,0,1
2673,2673.0,26.73,-7.500000000000017,-7.506257090071257,-7.402936114596318,0.006257090071239979,0.09706388540369915,0.09080679533245917,1,0,0,1
2674,2674.0,26.74,-7.500000000000017,-7.504663328734294,-7.40285880599134,0.004663328734276995,0.09714119400867727,0.09247786527440027,1,0,0,1
2675,2675.0,26.75,-7.500000000000017,-7.504812827927184,-7.403701501579934,0.004812827927167085,0.09629849842008298,0.0914856704929159,1,0,0,1
2676,2676.0,26.76,-7.500000000000017,-7.504024412593385,-7.402154055115255,0.004024412593367721,0.09784594488476195,0.09382153229139423,1,0,0,1
2677,2677.0,26.77,-7.500000000000017,-7.504078050734379,-7.401690767924842,0.004078050734362293,0.09830923207517461,0.09423118134081232,1,0,0,1
2678,2678.0,26.78,-7.500000000000017,-7.503460434827598,-7.401083882673254,0.0034604348275815155,0.09891611732676253,0.09545568249918102,1,0,0,1
2679,2679.0,26.79,-7.500000000000017,-7.504130237845146,-7.401135805807355,0.0041302378451293364,0.09886419419266179,0.09473395634753246,1,0,0,1
2680,2680.0,26.8,-7.500000000000017,-7.503475933763671,-7.400524344046784,0.003475933763653849,0.09947565595323304,0.0959997221895792,1,0,0,1
2681,2681.0,26.81,-7.500000000000017,-7.503141501959509,-7.399403533201515,0.0031415019594920324,0.10059646679850154,0.0974549648390095,1,0,0,1
2682,2682.0,26.82,-7.500000000000017,-7.501861439006603,-7.397689702592373,0.0018614390065865294,0.10231029740764352,0.100448858401057,1,0,1,0
2683,2683.0,26.83,-7.500000000000017,-7.500881554609465,-7.399102101354888,0.0008815546094478321,0.10089789864512877,0.10001634403568094,1,0,1,0
2684,2684.0,26.84,-7.500000000000017,-7.5018874570984035,-7.399821393570364,0.001887457098386669,0.10017860642965282,0.09829114933126615,1,0,0,1
2685,2685.0,26.85,-7.500000000000017,-7.500337596878959,-7.399136566803932,0.0003375968789418593,0.1008634331960847,0.10052583631714285,1,0,1,0
2686,2686.0,26.86,-7.500000000000017,-7.500820359803568,-7.399487938482714,0.0008203598035514403,0.10051206151730252,0.09969170171375108,1,0,0,1
2687,2687.0,26.87,-7.500000000000017,-7.501610771908404,-7.398272574230855,0.0016107719083873207,0.1017274257691616,0.10011665386077429,1,0,1,0
2688,2688.0,26.88,-7.500000000000017,-7.501893938183442,-7.397953271465394,0.0018939381834250923,0.10204672853462249,0.1001527903511974,1,0,1,0
2689,2689.0,26.89,-7.500000000000017,-7.503273138735915,-7.396597149879914,0.0032731387358984065,0.1034028501201032,0.10012971138420479,1,0,1,0
2690,2690.0,26.9,-7.500000000000017,-7.503758371711087,-7.393692097765015,0.0037583717110702963,0.10630790223500153,0.10254953052393123,1,0,1,0
2691,2691.0,26.91,-7.500000000000017,-7.504188017435837,-7.393489846734446,0.0041880174358199795,0.106510153265571,0.10232213582975103,1,0,1,0
2692,2692.0,26.92,-7.500000000000017,-7.503093863616082,-7.39483706961856,0.003093863616065562,0.10516293038145719,0.10206906676539163,1,0,1,0
2693,2693.0,26.93,-7.500000000000017,-7.502813784351644,-7.395048986603551,0.0028137843516269356,0.10495101339646595,0.10213722904483902,1,0,1,0
2694,2694.0,26.94,-7.500000000000017,-7.502727898619065,-7.39396762078318,0.002727898619047764,0.1060323792168365,0.10330448059778874,1,0,1,0
2695,2695.0,26.95,-7.500000000000017,-7.502849358576066,-7.393381080825788,0.002849358576049177,0.10661891917422928,0.1037695605981801,1,0,1,0
2696,2696.0,26.96,-7.500000000000017,-7.502236125310951,-7.393697174476811,0.0022361253109339785,0.10630282552320569,0.10406670021227171,1,0,1,0
2697,2697.0,26.97,-7.500000000000017,-7.502856987758745,-7.391401876237969,0.0028569877587285575,0.10859812376204747,0.10574113600331891,1,0,1,0
2698,2698.0,26.98,-7.500000000000017,-7.502591930661886,-7.391381520548544,0.002591930661869135,0.10861847945147307,0.10602654878960394,1,0,1,0
2699,2699.0,26.99,-7.500000000000017,-7.503495206439621,-7.390603091598563,0.003495206439604104,0.10939690840145389,0.10590170196184978,1,0,1,0
2700,2700.0,27.0,-7.500000000000017,-7.503676190252697,-7.389578113598707,0.003676190252679845,0.11042188640131023,0.10674569614863039,1,0,1,0
2701,2701.0,27.01,-7.500000000000017,-7.504345175079809,-7.389725548275577,0.004345175079792263,0.11027445172443961,0.10592927664464735,1,0,1,0
2702,2702.0,27.02,-7.500000000000017,-7.505461163777629,-7.390509828035134,0.005461163777612299,0.10949017196488331,0.10402900818727101,1,0,1,0
2703,2703.0,27.03,-7.500000000000017,-7.5039808509214465,-7.391273390608658,0.003980850921429635,0.10872660939135859,0.10474575846992895,1,0,1,0
2704,2704.0,27.04,-7.500000000000017,-7.504450387612398,-7.3931730407436165,0.004450387612380702,0.1068269592564004,0.1023765716440197,1,0,1,0
2705,2705.0,27.05,-7.500000000000017,-7.5044797914702315,-7.393573016018371,0.0044797914702146,0.1064269839816463,0.1019471925114317,1,0,1,0
2706,2706.0,27.06,-7.500000000000017,-7.503179416988793,-7.393889075316046,0.003179416988776218,0.10611092468397132,0.1029315076951951,1,0,1,0
2707,2707.0,27.07,-7.500000000000017,-7.503082204853486,-7.394788193619946,0.003082204853469328,0.10521180638007088,0.10212960152660155,1,0,1,0
2708,2708.0,27.08,-7.500000000000017,-7.502287924039241,-7.396338234951007,0.002287924039223732,0.1036617650490097,0.10137384100978597,1,0,1,0
2709,2709.0,27.09,-7.500000000000017,-7.501676662489604,-7.395995977530512,0.0016766624895874216,0.10400402246950513,0.10232735997991771,1,0,1,0
2710,2710.0,27.1,-7.500000000000017,-7.502721031983909,-7.395654290732496,0.002721031983892175,0.10434570926752063,0.10162467728362845,1,0,1,0
2711,2711.0,27.11,-7.500000000000017,-7.502528855236503,-7.3954817990849415,0.0025288552364859385,0.10451820091507535,0.10198934567858942,1,0,1,0
2712,2712.0,27.12,-7.500000000000017,-7.502182037800476,-7.395286833738196,0.0021820378004591134,0.10471316626182059,0.10253112846136148,1,0,1,0
2713,2713.0,27.13,-7.500000000000017,-7.502494945501746,-7.3937132210206755,0.002494945501728907,0.10628677897934136,0.10379183347761245,1,0,1,0
2714,2714.0,27.14,-7.500000000000017,-7.5017860376354575,-7.392750179257821,0.0017860376354406071,0.10724982074219547,0.10546378310675486,1,0,1,0
2715,2715.0,27.15,-7.500000000000017,-7.502030528415987,-7.391880463785073,0.0020305284159700676,0.10811953621494386,0.10608900779897379,1,0,1,0
2716,2716.0,27.16,-7.500000000000017,-7.501652167502111,-7.39166556896619,0.0016521675020939597,0.10833443103382656,0.1066822635317326,1,0,1,0
2717,2717.0,27.17,-7.500000000000017,-7.501681391600454,-7.390823137601667,0.00168139160043701,0.10917686239834978,0.10749547079791277,1,0,1,0
2718,2718.0,27.18,-7.500000000000017,-7.5013534290467705,-7.390331394430159,0.001353429046753618,0.10966860556985747,0.10831517652310385,1,0,1,0
2719,2719.0,27.19,-7.500000000000017,-7.501991969462184,-7.389292106386584,0.0019919694621668427,0.1107078936134327,0.10871592415126585,1,0,1,0
2720,2720.0,27.2,-7.500000000000017,-7.501788058271334,-7.390949383572534,0.0017880582713170057,0.10905061642748315,0.10726255815616614,1,0,1,0
2721,2721.0,27.21,-7.500000000000017,-7.502797162105174,-7.391858345933123,0.002797162105157014,0.1081416540668938,0.10534449196173679,1,0,1,0
2722,2722.0,27.22,-7.500000000000017,-7.503540578914877,-7.391036718356801,0.0035405789148601485,0.10896328164321556,0.10542270272835541,1,0,1,0
2723,2723.0,27.23,-7.500000000000017,-7.504259794208418,-7.391703578522338,0.004259794208401502,0.1082964214776787,0.1040366272692772,1,0,1,0
2724,2724.0,27.24,-7.500000000000017,-7.504641124567283,-7.390395398954276,0.004641124567266175,0.10960460104574121,0.10496347647847504,1,0,1,0
2725,2725.0,27.25,-7.500000000000017,-7.504583873027617,-7.390215363856862,0.004583873027599772,0.10978463614315448,0.10520076311555471,1,0,1,0
2726,2726.0,27.26,-7.500000000000017,-7.503279480090584,-7.38943755576097,0.0032794800905673327,0.11056244423904715,0.10728296414847982,1,0,1,0
2727,2727.0,27.27,-7.500000000000017,-7.503725069671697,-7.388859648716928,0.003725069671680181,0.11114035128308863,0.10741528161140845,1,0,1,0
2728,2728.0,27.28,-7.500000000000017,-7.502414642239116,-7.38950396182336,0.0024146422390991518,0.11049603817665687,0.10808139593755772,1,0,1,0
2729,2729.0,27.29,-7.500000000000017,-7.501729779306157,-7.38855638804047,0.0017297793061397115,0.11144361195954655,0.10971383265340684,1,0,1,0
2730,2730.0,27.3,-7.500000000000017,-7.5014979991707245,-7.388344526801236,0.0014979991707075868,0.11165547319878044,0.11015747402807285,1,0,1,0
2731,2731.0,27.31,-7.500000000000017,-7.501942723859441,-7.3872690319419965,0.001942723859424511,0.11273096805802041,0.1107882441985959,1,0,1,0
2732,2732.0,27.32,-7.500000000000017,-7.500648369660702,-7.385819055402609,0.0006483696606851552,0.11418094459740757,0.11353257493672242,1,0,1,0
2733,2733.0,27.33,-7.500000000000017,-7.500366344212531,-7.385921325236908,0.00036634421251413585,0.11407867476310862,0.11371233055059449,1,0,1,0
2734,2734.0,27.34,-7.500000000000017,-7.501633321065335,-7.3853346644634,0.0016333210653183272,0.11466533553661673,0.1130320144712984,1,0,1,0
2735,2735.0,27.35,-7.500000000000017,-7.5023921105606055,-7.385592827971452,0.002392110560588634,0.11440717202856465,0.11201506146797602,1,0,1,0
2736,2736.0,27.36,-7.500000000000017,-7.501410475651867,-7.384741167130554,0.0014104756518502626,0.11525883286946303,0.11384835721761277,1,0,1,0
2737,2737.0,27.37,-7.500000000000017,-7.502377035433622,-7.385614970164885,0.0023770354336054567,0.1143850298351321,0.11200799440152664,1,0,1,0
2738,2738.0,27.38,-7.500000000000017,-7.502679218773928,-7.386487538441936,0.002679218773911529,0.1135124615580807,0.11083324278416917,1,0,1,0
2739,2739.0,27.39,-7.500000000000017,-7.505046434389365,-7.385559267246659,0.005046434389347709,0.11444073275335764,0.10939429836400993,1,0,1,0
2740,2740.0,27.4,-7.500000000000017,-7.505315992873738,-7.385887728510999,0.00531599287372142,0.11411227148901748,0.10879627861529606,1,0,1,0
2741,2741.0,27.41,-7.500000000000017,-7.506583868168368,-7.387426837142526,0.006583868168351437,0.1125731628574913,0.10598929468913987,1,0,1,0
2742,2742.0,27.42,-7.500000000000017,-7.506695650631407,-7.387470399782247,0.006695650631390215,0.11252960021777003,0.10583394958637982,1,0,1,0
2743,2743.0,27.43,-7.500000000000017,-7.507279103718632,-7.387762664963398,0.007279103718615509,0.11223733503661926,0.10495823131800375,1,0,1,0
2744,2744.0,27.44,-7.500000000000017,-7.508526534326875,-7.389187122332261,0.008526534326858126,0.1108128776677555,0.10228634334089737,1,0,1,0
2745,2745.0,27.45,-7.500000000000017,-7.50898441492865,-7.388235204780602,0.008984414928633555,0.11176479521941474,0.10278038029078118,1,0,1,0
2746,2746.0,27.46,-7.500000000000017,-7.509278059718087,-7.386527907549437,0.00927805971806972,0.11347209245057943,0.10419403273250971,1,0,1,0
2747,2747.0,27.47,-7.500000000000017,-7.509877908015424,-7.385568913600365,0.009877908015407222,0.1144310863996516,0.10455317838424438,1,0,1,0
2748,2748.0,27.48,-7.500000000000017,-7.511786492586097,-7.3859446316225394,0.011786492586080222,0.11405536837747743,0.1022688757913972,1,0,1,0
2749,2749.0,27.49,-7.500000000000017,-7.511705303444083,-7.383969738668009,0.011705303444066395,0.11603026133200789,0.1043249578879415,1,0,1,0
2750,2750.0,27.5,-7.500000000000017,-7.511391312108939,-7.381879322236306,0.011391312108922413,0.11812067776371116,0.10672936565478874,1,0,1,0
2751,2751.0,27.51,-7.500000000000017,-7.512811851963334,-7.380747886492052,0.012811851963316911,0.11925211350796516,0.10644026154464825,1,0,1,0
2752,2752.0,27.52,-7.500000000000017,-7.512510858153656,-7.380478479771707,0.012510858153639504,0.11952152022830997,0.10701066207467047,1,0,1,0
2753,2753.0,27.53,-7.500000000000017,-7.514200025729019,-7.380362769857793,0.014200025729001808,0.1196372301422235,0.10543720441322169,1,0,1,0
2754,2754.0,27.54,-7.500000000000017,-7.516233030745377,-7.380615350706304,0.016233030745359756,0.11938464929371317,0.10315161854835342,1,0,1,0
2755,2755.0,27.55,-7.500000000000017,-7.516903930820226,-7.380655556201354,0.016903930820209467,0.1193444437986626,0.10244051297845314,1,0,1,0
2756,2756.0,27.56,-7.500000000000017,-7.519635267469544,-7.379562555096823,0.019635267469527484,0.12043744490319419,0.1008021774336667,1,0,1,0
2757,2757.0,27.57,-7.500000000000017,-7.519714641766366,-7.380208159325315,0.01971464176634896,0.11979184067470161,0.10007719890835265,1,0,1,0
2758,2758.0,27.58,-7.500000000000017,-7.51930992726554,-7.382160287438224,0.01930992726552283,0.11783971256179271,0.09852978529626988,1,0,0,1
2759,2759.0,27.59,-7.500000000000017,-7.51967581316516,-7.382043929933205,0.019675813165143552,0.1179560700668123,0.09828025690166875,1,0,0,1
2760,2760.0,27.6,-7.500000000000017,-7.519238833698948,-7.381624314272111,0.01923883369893087,0.11837568572790591,0.09913685202897504,1,0,0,1
2761,2761.0,27.61,-7.500000000000017,-7.51776385334263,-7.3819089003733485,0.01776385334261299,0.11809109962666842,0.10032724628405543,1,0,1,0
2762,2762.0,27.62,-7.500000000000017,-7.518548167398923,-7.381028832700303,0.0185481673989063,0.1189711672997138,0.1004229999008075,1,0,1,0
2763,2763.0,27.63,-7.500000000000017,-7.517091721013065,-7.380974817025099,0.017091721013048122,0.1190251829749176,0.10193346196186948,1,0,1,0
2764,2764.0,27.64,-7.500000000000017,-7.517943545123445,-7.381755671017402,0.017943545123427995,0.11824432898261517,0.10030078385918717,1,0,1,0
2765,2765.0,27.65,-7.500000000000017,-7.51793458041694,-7.381240024828654,0.017934580416922863,0.11875997517136305,0.10082539475444019,1,0,1,0
2766,2766.0,27.66,-7.500000000000017,-7.5189145472357755,-7.381862428944243,0.018914547235758583,0.11813757105577416,0.09922302382001558,1,0,0,1
2767,2767.0,27.67,-7.500000000000017,-7.520913429381832,-7.381438958135366,0.02091342938181473,0.118561041864651,0.09764761248283627,1,0,0,1
2768,2768.0,27.68,-7.500000000000017,-7.519589252861751,-7.381354929084153,0.019589252861734074,0.11864507091586418,0.09905581805413011,1,0,0,1
2769,2769.0,27.69,-7.500000000000017,-7.520694364465419,-7.379980261221364,0.020694364465402515,0.12001973877865257,0.09932537431325006,1,0,0,1
2770,2770.0,27.7,-7.500000000000017,-7.521346524782276,-7.379537221452898,0.021346524782258847,0.12046277854711906,0.09911625376486022,1,0,0,1
2771,2771.0,27.71,-7.500000000000017,-7.5209237054148375,-7.379360541823398,0.02092370541482058,0.12063945817661903,0.09971575276179845,1,0,0,1
2772,2772.0,27.72,-7.500000000000017,-7.5197319454412845,-7.379316574605285,0.019731945441267662,0.12068342539473154,0.10095147995346387,1,0,1,0
2773,2773.0,27.73,-7.500000000000017,-7.51803857619498,-7.381074141795655,0.018038576194963518,0.11892585820436175,0.10088728200939823,1,0,1,0
2774,2774.0,27.74,-7.500000000000017,-7.518257533052985,-7.381059273203342,0.018257533052968178,0.11894072679667467,0.10068319374370649,1,0,1,0
2775,2775.0,27.75,-7.500000000000017,-7.51841979775065,-7.3811378226563145,0.018419797750633293,0.11886217734370241,0.10044237959306912,1,0,1,0
2776,2776.0,27.76,-7.500000000000017,-7.519001676886084,-7.381742611696545,0.019001676886067465,0.11825738830347188,0.09925571141740441,1,0,0,1
2777,2777.0,27.77,-7.500000000000017,-7.519093888249251,-7.383208819132865,0.01909388824923397,0.11679118086715157,0.0976972926179176,1,0,0,1
2778,2778.0,27.78,-7.500000000000017,-7.519668178647785,-7.384937169989733,0.01966817864776793,0.11506283001028361,0.09539465136251568,1,0,0,1
2779,2779.0,27.79,-7.500000000000017,-7.5213460224494355,-7.385140197570914,0.021346022449418633,0.11485980242910276,0.09351377997968413,1,0,0,1
2780,2780.0,27.8,-7.500000000000017,-7.521204248521327,-7.385383545473619,0.0212042485213102,0.11461645452639768,0.09341220600508748,1,0,0,1
2781,2781.0,27.81,-7.500000000000017,-7.521665460648539,-7.3838081332843375,0.021665460648522483,0.11619186671567938,0.0945264060671569,1,0,0,1
2782,2782.0,27.82,-7.500000000000017,-7.521348906900663,-7.383835039871131,0.021348906900645837,0.11616496012888611,0.09481605322824027,1,0,0,1
2783,2783.0,27.83,-7.500000000000017,-7.520825761140023,-7.385329765402843,0.02082576114000645,0.11467023459717396,0.09384447345716751,1,0,0,1
2784,2784.0,27.84,-7.500000000000017,-7.522856135175323,-7.385552704565155,0.02285613517530649,0.11444729543486165,0.09159116025955516,1,0,0,1
2785,2785.0,27.85,-7.500000000000017,-7.522635683232655,-7.383855363267567,0.02263568323263776,0.11614463673245012,0.09350895349981236,1,0,0,1
2786,2786.0,27.86,-7.500000000000017,-7.523442216574996,-7.384598702453865,0.02344221657497947,0.11540129754615158,0.09195908097117211,1,0,0,1
2787,2787.0,27.87,-7.500000000000017,-7.522971954321063,-7.386524088886172,0.022971954321046262,0.11347591111384503,0.09050395679279877,1,0,0,1
2788,2788.0,27.88,-7.500000000000017,-7.522437736278974,-7.386703555667895,0.022437736278956955,0.11329644433212227,0.09085870805316532,1,0,0,1
2789,2789.0,27.89,-7.500000000000017,-7.5234125415067306,-7.386955411248553,0.02341254150671368,0.11304458875146395,0.08963204724475027,1,0,0,1
2790,2790.0,27.9,-7.500000000000017,-7.523917199455765,-7.384770661079985,0.023917199455747884,0.11522933892003184,0.09131213946428396,1,0,0,1
2791,2791.0,27.91,-7.500000000000017,-7.5228005387433665,-7.385285661318464,0.02280053874334964,0.11471433868155323,0.09191379993820359,1,0,0,1
2792,2792.0,27.92,-7.500000000000017,-7.522636659452755,-7.385230656127213,0.022636659452738073,0.11476934387280391,0.09213268442006584,1,0,0,1
2793,2793.0,27.93,-7.500000000000017,-7.523758341485108,-7.385324128182021,0.023758341485090817,0.11467587181799566,0.09091753033290484,1,0,0,1
2794,2794.0,27.94,-7.500000000000017,-7.5256563848674745,-7.384800879510542,0.025656384867457582,0.1151991204894749,0.08954273562201731,1,0,0,1
2795,2795.0,27.95,-7.500000000000017,-7.525279834177714,-7.383232272720235,0.02527983417769697,0.11676772727978157,0.0914878931020846,1,0,0,1
2796,2796.0,27.96,-7.500000000000017,-7.526520304410666,-7.3832447058324835,0.02652030441064923,0.11675529416753339,0.09023498975688415,1,0,0,1
2797,2797.0,27.97,-7.500000000000017,-7.527351874177482,-7.381563497166698,0.027351874177464985,0.11843650283331897,0.09108462865585398,1,0,0,1
2798,2798.0,27.98,-7.500000000000017,-7.5288047159338465,-7.3813794997428115,0.028804715933829605,0.11862050025720539,0.08981578432337578,1,0,0,1
2799,2799.0,27.99,-7.500000000000017,-7.5273880335293235,-7.379863710793205,0.027388033529306632,0.12013628920681185,0.09274825567750522,1,0,0,1
2800,2800.0,28.0,-7.500000000000017,-7.527337948552347,-7.381809778674218,0.027337948552330182,0.11819022132579882,0.09085227277346863,1,0,0,1
2801,2801.0,28.01,-7.499887875000004,-7.52896706181138,-7.38298860289598,0.029079186811375557,0.11689927210402384,0.08782008529264829,1,0,0,1
2802,2802.0,28.02,-7.499775749999994,-7.529735842996113,-7.383037436447415,0.029960092996119236,0.11673831355257924,0.08677822055646,1,0,0,1
2803,2803.0,28.03,-7.4996636249999815,-7.530550715541495,-7.3838813089647175,0.03088709054151373,0.11578231603526401,0.08489522549375028,1,0,0,1
2804,2804.0,28.04,-7.4995515000000275,-7.53174123647554,-7.38377330201194,0.032189736475512376,0.11577819798808786,0.08358846151257548,1,0,0,1
2805,2805.0,28.05,-7.499439375000016,-7.532031703111803,-7.3847401587069,0.032592328111787694,0.11469921629311575,0.08210688818132805,1,0,0,1
2806,2806.0,28.06,-7.499104499999993,-7.534526442133753,-7.384112430785164,0.03542194213375982,0.1149920692148294,0.07957012708106959,1,0,0,1
2807,2807.0,28.07,-7.498769624999972,-7.535338034863882,-7.383157883495191,0.036568409863909856,0.1156117415047806,0.07904333164087074,1,0,0,1
2808,2808.0,28.08,-7.4984347500000075,-7.536789748661611,-7.383836095087272,0.03835499866160319,0.11459865491273558,0.07624365625113239,1,0,0,1
2809,2809.0,28.09,-7.498099874999986,-7.537782756050342,-7.384506485529914,0.03968288105035622,0.11359338947007203,0.0739105084197158,1,0,0,1
2810,2810.0,28.1,-7.49776500000002,-7.539639614908461,-7.386046435726491,0.041874614908441465,0.111718564273529,0.06984394936508753,1,0,0,1
2811,2811.0,28.11,-7.497209624999979,-7.540343331710203,-7.386026152220064,0.04313370671022465,0.11118347277991436,0.06804976606968971,1,0,0,1
2812,2812.0,28.12,-7.4966542499999935,-7.542073002336277,-7.386278548733785,0.045418752336283674,0.1103757012662081,0.06495694892992443,1,0,0,1
2813,2813.0,28.13,-7.496098875000008,-7.542750578372688,-7.3868202409477455,0.046651703372679876,0.1092786340522629,0.06262693067958303,1,0,0,1
2814,2814.0,28.14,-7.495543500000024,-7.543718007121774,-7.387005868040071,0.04817450712175031,0.10853763195995292,0.06036312483820261,1,0,0,1
2815,2815.0,28.15,-7.494988124999981,-7.5458094117762995,-7.3880722451990355,0.05082128677631825,0.10691587980094575,0.05609459302462749,1,0,0,1
2816,2816.0,28.16,-7.494214500000024,-7.547002657547847,-7.387174214267159,0.05278815754782329,0.10704028573286539,0.0542521281850421,1,0,0,1
2817,2817.0,28.17,-7.493440875000008,-7.549146907635172,-7.387468670025128,0.055706032635163716,0.10597220497488014,0.05026617233971642,1,0,0,1
2818,2818.0,28.18,-7.492667249999995,-7.549119336661761,-7.388507369252524,0.05645208666176593,0.10415988074747062,0.04770779408570469,1,0,0,1
2819,2819.0,28.19,-7.49189362499998,-7.54985650707716,-7.388074140787961,0.057962882077180033,0.10381948421201859,0.04585660213483855,1,0,0,1
2820,2820.0,28.2,-7.491120000000022,-7.552658696338876,-7.386189862625463,0.06153869633885467,0.10493013737455836,0.04339144103570369,1,0,0,1
2821,2821.0,28.21,-7.4901303750000245,-7.555423316200366,-7.3857835200150985,0.06529294120034113,0.10434685498492602,0.03905391378458489,1,0,0,1
2822,2822.0,28.22,-7.489140750000028,-7.556119735005018,-7.382690166497859,0.06697898500499022,0.10645058350216896,0.03947159849717874,1,0,0,1
2823,2823.0,28.23,-7.488151124999973,-7.558833078517017,-7.381810538403994,0.07068195351704354,0.10634058659597923,0.035658633078935686,1,0,0,1
2824,2824.0,28.24,-7.487161499999975,-7.559400721968744,-7.383013311334546,0.07223922196876842,0.10414818866542941,0.03190896669666099,1,0,0,1
2825,2825.0,28.25,-7.486171874999979,-7.561413752864022,-7.382786720819003,0.0752418778640429,0.10338515418097582,0.02814327631693292,1,0,0,1
2826,2826.0,28.26,-7.484968499999988,-7.561898396625842,-7.381935043369776,0.07692989662585337,0.10303345663021268,0.026103560004359316,1,0,0,1
2827,2827.0,28.27,-7.483765125,-7.560732870842798,-7.380674940012151,0.07696774584279797,0.10309018498784894,0.02612243914505097,1,0,0,1
2828,2828.0,28.28,-7.482561750000011,-7.5591986565743206,-7.381103421439908,0.07663690657430955,0.10145832856010273,0.02482142198579318,1,0,0,1
2829,2829.0,28.29,-7.481358375000022,-7.558389791323545,-7.380225787273947,0.07703141632352306,0.10113258772607558,0.024101171402552524,1,0,0,1
2830,2830.0,28.3,-7.480154999999974,-7.558383511860924,-7.379426587497168,0.07822851186095026,0.10072841250280629,0.02249990064185603,1,0,0,1
2831,2831.0,28.31,-7.478740124999984,-7.560573450944127,-7.378359061954941,0.08183332594414328,0.10038106304504257,0.018547737100899298,1,0,0,1
2832,2832.0,28.32,-7.477325249999992,-7.560694283053861,-7.377944208344499,0.08336903305386922,0.09938104165549255,0.01601200860162333,1,0,0,1
2833,2833.0,28.33,-7.4759103750000016,-7.562485990754587,-7.377759228952942,0.08657561575458583,0.09815114604705943,0.011575530292473601,1,0,0,1
2834,2834.0,28.34,-7.4744955000000095,-7.562983609651829,-7.375147172668381,0.08848810965181908,0.09934832733162846,0.01086021767980938,1,0,0,1
2835,2835.0,28.35,-7.473080625000019,-7.564318509315453,-7.374152927157675,0.09123788431543378,0.09892769784234456,0.007689813526910783,1,0,0,1
2836,2836.0,28.36,-7.471456500000016,-7.563698004896322,-7.371866831681282,0.09224150489630567,0.0995896683187345,0.007348163422428833,1,0,0,1
2837,2837.0,28.37,-7.469832375000014,-7.562879556599265,-7.370449979387266,0.09304718159925063,0.0993823956127482,0.00633521401349757,1,0,0,1
2838,2838.0,28.38,-7.468208250000011,-7.563671480302612,-7.369464602694512,0.09546323030260151,0.09874364730549878,0.0032804170028972734,1,0,0,1
2839,2839.0,28.39,-7.466584125000009,-7.5640813938122164,-7.365971167312829,0.09749726881220777,0.10061295768717926,0.0031156888749714895,1,0,0,1
2840,2840.0,28.4,-7.464960000000006,-7.562713003685556,-7.364640369231811,0.09775300368555051,0.10031963076819483,0.002566627082644324,1,0,0,1
2841,2841.0,28.41,-7.463128874999982,-7.563324480360619,-7.36317174489937,0.10019560536063743,0.09995713010061191,-0.0002384752600255169,1,0,0,1
2842,2842.0,28.42,-7.461297750000016,-7.562043933916476,-7.3629828296887165,0.10074618391645984,0.0983149203112994,-0.0024312636051604386,1,0,0,1
2843,2843.0,28.43,-7.45946662499999,-7.560365057076561,-7.360432871850954,0.1008984320765709,0.09903375314903595,-0.0018646789275349462,1,0,0,1
2844,2844.0,28.44,-7.457635500000024,-7.5588357674147675,-7.357925084456513,0.1012002674147432,0.09971041554351157,-0.0014898518712316289,1,0,0,1
2845,2845.0,28.45,-7.4558043750000005,-7.557515768301382,-7.356973949797077,0.10171139330138157,0.09883042520292307,-0.002880968098458503,1,0,0,1
2846,2846.0,28.46,-7.4537685000000025,-7.55702762222887,-7.355877586387758,0.10325912222886746,0.09789091361224411,-0.005368208616623349,1,0,0,1
2847,2847.0,28.47,-7.451732625000005,-7.55577939042922,-7.355528490359714,0.10404676542921454,0.0962041346402911,-0.007842630788923444,1,0,0,1
2848,2848.0,28.48,-7.449696750000007,-7.554272741100678,-7.35417391707224,0.1045759911006705,0.09552283292776753,-0.009053158172902975,1,0,0,1
2849,2849.0,28.49,-7.447660875000009,-7.552280010732168,-7.35326868955961,0.10461913573215842,0.09439218544039907,-0.010226950291759351,1,0,0,1
2850,2850.0,28.5,-7.445625000000012,-7.550768616644097,-7.353106831871569,0.10514361664408511,0.09251816812844282,-0.01262544851564229,1,0,0,1
2851,2851.0,28.51,-7.443386624999974,-7.55281206753511,-7.353444518649481,0.10942544253513642,0.0899421063504926,-0.019483336184643818,1,0,0,1
2852,2852.0,28.52,-7.441148249999992,-7.554349494111291,-7.350992596156169,0.1132012441112984,0.09015565384382374,-0.023045590267474658,1,0,0,1
2853,2853.0,28.53,-7.43890987500001,-7.554792472585303,-7.347965602327661,0.11588259758529329,0.09094427267234906,-0.024938324912944232,1,0,0,1
2854,2854.0,28.54,-7.436671499999972,-7.556527462651013,-7.3469649803979005,0.11985596265104093,0.08970651960207121,-0.030149443048969715,1,0,0,1
2855,2855.0,28.55,-7.434433124999992,-7.555423045502961,-7.347030563510351,0.12098992050296875,0.08740256148964054,-0.03358735901332821,1,0,0,1
2856,2856.0,28.56,-7.431994500000017,-7.555253360987353,-7.344718218479586,0.1232588609873364,0.0872762815204311,-0.03598257946690531,1,0,0,1
2857,2857.0,28.57,-7.429555874999984,-7.554848330915352,-7.342051854412186,0.12529245591536764,0.08750402058779816,-0.03778843532756948,1,0,0,1
2858,2858.0,28.58,-7.427117250000011,-7.554366362062575,-7.339350172974536,0.1272491120625645,0.08776707702547526,-0.03948203503708925,1,0,0,1
2859,2859.0,28.59,-7.424678624999979,-7.552681853468716,-7.338048029196334,0.1280032284687369,0.08663059580364507,-0.041372632665091835,1,0,0,1
2860,2860.0,28.6,-7.422240000000005,-7.552528987680673,-7.336105796054864,0.1302889876806681,0.08613420394514115,-0.04415478373552695,1,0,0,1
2861,2861.0,28.61,-7.419603375000026,-7.551115512633498,-7.336459903768691,0.13151213763347158,0.08314347123133548,-0.04836866640213611,1,0,0,1
2862,2862.0,28.62,-7.416966749999992,-7.550479813309985,-7.334916201307553,0.13351306330999257,0.08205054869243966,-0.05146251461755291,1,0,0,1
2863,2863.0,28.63,-7.414330125000015,-7.5504696429795555,-7.3325482774721635,0.13613951797954016,0.08178184752785178,-0.05435767045168838,1,0,0,1
2864,2864.0,28.64,-7.411693499999981,-7.548037644889825,-7.329723201130111,0.13634414488984437,0.0819702988698694,-0.05437384601997497,1,0,0,1
2865,2865.0,28.65,-7.409056875000004,-7.546856274485562,-7.328389104564068,0.13779939948555864,0.08066777043593554,-0.0571316290496231,1,0,0,1
2866,2866.0,28.66,-7.406224500000013,-7.546742526115923,-7.325652378959807,0.14051802611591047,0.0805721210402055,-0.059945905075704964,1,0,0,1
2867,2867.0,28.67,-7.403392125000023,-7.545030382113016,-7.323819599312617,0.1416382571129926,0.07957252568740625,-0.06206573142558636,1,0,0,1
2868,2868.0,28.68,-7.400559749999975,-7.54373668039552,-7.320266082969317,0.14317693039554502,0.08029366703065843,-0.06288326336488659,1,0,0,1
2869,2869.0,28.69,-7.3977273749999855,-7.541507938858097,-7.3186338026181215,0.14378056385811178,0.07909357238186399,-0.06468699147624779,1,0,0,1
2870,2870.0,28.7,-7.394894999999996,-7.540726659258422,-7.3166447284588845,0.1458316592584259,0.07825027154111197,-0.06758138771731392,1,0,0,1
2871,2871.0,28.71,-7.391869124999983,-7.5394491468573355,-7.31272409397947,0.14758002185735286,0.07914503102051285,-0.06843499083684002,1,0,0,1
2872,2872.0,28.72,-7.388843250000028,-7.537451498769953,-7.309372285806019,0.14860824876992496,0.07947096419400967,-0.06913728457591528,1,0,0,1
2873,2873.0,28.73,-7.385817375000016,-7.537471064060032,-7.305318553822775,0.15165368906001575,0.08049882117724128,-0.07115486788277448,1,0,0,1
2874,2874.0,28.74,-7.382791500000003,-7.537298257175397,-7.302056518774892,0.15450675717539397,0.08073498122511147,-0.0737717759502825,1,0,0,1
2875,2875.0,28.75,-7.379765624999991,-7.535417253128597,-7.3001356968439195,0.15565162812860578,0.07962992815607173,-0.07602169997253405,1,0,0,1
2876,2876.0,28.76,-7.376548500000005,-7.534705262529987,-7.29564150859506,0.15815676252998223,0.0809069914049445,-0.07724977112503773,1,0,0,1
2877,2877.0,28.77,-7.373331375000017,-7.532865682987885,-7.293556292943148,0.15953430798786794,0.07977508205686945,-0.07975922593099849,1,0,0,1
2878,2878.0,28.78,-7.370114249999973,-7.531948637418822,-7.289420830709846,0.1618343874188488,0.08069341929012719,-0.08114096812872162,1,0,0,1
2879,2879.0,28.79,-7.366897124999985,-7.530015686823369,-7.28680692637295,0.16311856182338413,0.08009019862703504,-0.0830283631963491,1,0,0,1
2880,2880.0,28.8,-7.363679999999997,-7.528137488133436,-7.282364533900733,0.16445748813343908,0.0813154660992641,-0.08314202203417498,1,0,0,1
2881,2881.0,28.81,-7.360273875000026,-7.526691956561203,-7.278977183499114,0.16641808156117754,0.08129669150091168,-0.08512139006026587,1,0,0,1
2882,2882.0,28.82,-7.3568677499999975,-7.5275216796672835,-7.2767457227512065,0.170653929667286,0.08012202724879103,-0.09053190241849496,1,0,0,1
2883,2883.0,28.83,-7.353461625000024,-7.527366455611027,-7.274231649619053,0.17390483061100248,0.07922997538097132,-0.09467485523003116,1,0,0,1
2884,2884.0,28.84,-7.350055499999996,-7.52710530329058,-7.272757752359634,0.17704980329058362,0.07729774764036268,-0.09975205565022094,1,0,0,1
2885,2885.0,28.85,-7.346649375000023,-7.525774314205429,-7.2701613485330645,0.17912493920540573,0.07648802646695874,-0.102636912738447,1,1,0,0
2886,2886.0,28.86,-7.3430565,-7.525564108168842,-7.2679374699689685,0.1825076081688417,0.07511903003103182,-0.10738857813780989,1,1,0,0
2887,2887.0,28.87,-7.3394636249999765,-7.525196207610386,-7.265627330499358,0.18573258261040948,0.07383629450061857,-0.11189628810979091,1,1,0,0
2888,2888.0,28.88,-7.335870750000011,-7.524682612262472,-7.263897175428359,0.18881186226246083,0.07197357457165232,-0.1168382876908085,1,1,0,0
2889,2889.0,28.89,-7.3322778749999875,-7.523587584919973,-7.260625996288849,0.19130970991998542,0.07165187871113865,-0.11965783120884677,1,1,0,0
2890,2890.0,28.9,-7.328685000000021,-7.521517205830542,-7.256700205640711,0.19283220583052074,0.07198479435931038,-0.12084741147121036,1,1,0,0
2891,2891.0,28.91,-7.324907624999994,-7.521393209616159,-7.2542007837809015,0.19648558461616528,0.0707068412190921,-0.12577874339707318,1,1,0,0
2892,2892.0,28.92,-7.3211302500000235,-7.520303298876379,-7.249574995478108,0.19917304887635545,0.07155525452191558,-0.12761779435443987,1,1,0,0
2893,2893.0,28.93,-7.3173528749999965,-7.517451022529202,-7.24553689961038,0.2000981475292054,0.07181597538961615,-0.12828217213958926,1,1,0,0
2894,2894.0,28.94,-7.3135755000000255,-7.514455086029012,-7.240807512003448,0.2008795860289867,0.07276798799657769,-0.128111598032409,1,1,0,0
2895,2895.0,28.95,-7.309798124999999,-7.51314312309664,-7.23712376892835,0.2033449980966413,0.07267435607164874,-0.13067064202499257,1,1,0,0
2896,2896.0,28.96,-7.305838500000014,-7.512055004842776,-7.234759619434502,0.20621650484276177,0.07107888056551204,-0.13513762427724973,1,1,0,0
2897,2897.0,28.97,-7.301878874999973,-7.508012429902696,-7.2311230860301325,0.20613355490272234,0.0707557889698407,-0.13537776593288164,1,1,0,0
2898,2898.0,28.98,-7.297919249999989,-7.505977130491172,-7.226718064564863,0.20805788049118323,0.07120118543512621,-0.13685669505605702,1,1,0,0
2899,2899.0,28.99,-7.2939596250000065,-7.502399747500159,-7.222678454246899,0.20844012250015265,0.07128117075310758,-0.13715895174704507,1,1,0,0
2900,2900.0,29.0,-7.290000000000022,-7.500919813250878,-7.220552079321618,0.21091981325085563,0.069447920678404,-0.14147189257245163,1,1,0,0
2901,2901.0,29.01,-7.285860375000015,-7.498158981775959,-7.217876102603779,0.2122986067759447,0.06798427239623539,-0.1443143343797093,1,1,0,0
2902,2902.0,29.02,-7.281720750000008,-7.4967467733789,-7.215001627205532,0.21502602337889254,0.0667191227944759,-0.14830690058441665,1,1,0,0
2903,2903.0,29.03,-7.277581125,-7.49650902918042,-7.21057666615834,0.21892790418042019,0.06700445884166051,-0.15192344533875968,1,1,0,0
2904,2904.0,29.04,-7.273441499999991,-7.493440129234763,-7.206931283818628,0.2199986292347722,0.06651021618136266,-0.15348841305340954,1,1,0,0
2905,2905.0,29.05,-7.269301874999984,-7.491948934475764,-7.202525481951266,0.22264705947578012,0.06677639304871796,-0.15587066642706215,1,1,0,0
2906,2906.0,29.06,-7.264984500000001,-7.490997891804588,-7.19958815824295,0.22601339180458702,0.06539634175705089,-0.16061705004753613,1,1,0,0
2907,2907.0,29.07,-7.260667125000017,-7.488014370142614,-7.195956343255917,0.22734724514259685,0.06471078174410039,-0.16263646339849647,1,1,0,0
2908,2908.0,29.08,-7.256349749999976,-7.486489631230998,-7.191211269896987,0.2301398812310218,0.0651384801029895,-0.1650014011280323,1,1,0,0
2909,2909.0,29.09,-7.252032374999993,-7.483741596678537,-7.18628672182402,0.23170922167854435,0.06574565317597258,-0.16596356850257177,1,1,0,0
2910,2910.0,29.1,-7.24771500000001,-7.482435852747588,-7.180325045632775,0.2347208527475777,0.06738995436723538,-0.16733089838034232,1,1,0,0
2911,2911.0,29.11,-7.243222124999984,-7.481047440930773,-7.176384686522514,0.23782531593078904,0.06683743847746992,-0.17098787745331911,1,1,0,0
2912,2912.0,29.12,-7.238729250000015,-7.478381624165894,-7.171696615277246,0.23965237416587915,0.06703263472276877,-0.17261973944311038,1,1,0,0
2913,2913.0,29.13,-7.234236374999988,-7.477942597596481,-7.164568870996111,0.24370622259649366,0.06966750400387678,-0.17403871859261688,1,1,0,0
2914,2914.0,29.14,-7.22974350000002,-7.477872958093527,-7.161215324100354,0.24812945809350673,0.06852817589966609,-0.17960128219384064,1,1,0,0
2915,2915.0,29.15,-7.225250624999993,-7.475532489086758,-7.1582244355552636,0.250281864086765,0.06702618944472949,-0.18325567464203552,1,1,0,0
2916,2916.0,29.16,-7.220584499999971,-7.473870696390746,-7.154951102507891,0.2532861963907749,0.06563339749208019,-0.18765279889869468,1,1,0,0
2917,2917.0,29.17,-7.215918375000006,-7.471915547317354,-7.1488500455690165,0.25599717231734775,0.06706832943098995,-0.1889288428863578,1,1,0,0
2918,2918.0,29.18,-7.211252249999985,-7.468247205268435,-7.143018056659606,0.25699495526844984,0.06823419334037872,-0.18876076192807112,1,1,0,0
2919,2919.0,29.19,-7.206586125000021,-7.466906707948329,-7.138940817645954,0.2603205829483084,0.06764530735406638,-0.19267527559424202,1,1,0,0
2920,2920.0,29.2,-7.2019199999999985,-7.4653987080920325,-7.135137341261074,0.263478708092034,0.06678265873892464,-0.19669604935310936,1,1,0,0
2921,2921.0,29.21,-7.197082874999972,-7.462955998939515,-7.1319903978790595,0.2658731239395431,0.06509247712091248,-0.20078064681863061,1,1,0,0
2922,2922.0,29.22,-7.192245750000002,-7.461168191280111,-7.127305915170735,0.26892244128010834,0.06493983482926691,-0.20398260645084143,1,1,0,0
2923,2923.0,29.23,-7.187408624999976,-7.4592315793184785,-7.12316032934449,0.2718229543185027,0.06424829565548595,-0.20757465866301672,1,1,0,0
2924,2924.0,29.24,-7.182571500000006,-7.457685618283667,-7.119897423864797,0.2751141182836605,0.0626740761352087,-0.2124400421484518,1,1,0,0
2925,2925.0,29.25,-7.17773437499998,-7.454106897625623,-7.117453519180322,0.2763725226256435,0.060280855819657475,-0.21609166680598602,1,1,0,0
2926,2926.0,29.26,-7.1727284999999945,-7.452248108120495,-7.112953841411199,0.27951960812050025,0.05977465858879594,-0.21974494953170431,1,1,0,0
2927,2927.0,29.27,-7.1677226250000095,-7.44997146927716,-7.107583988179385,0.28224884427715047,0.060138636820624036,-0.22211020745652643,1,1,0,0
2928,2928.0,29.28,-7.162716750000025,-7.44790322171483,-7.102741827037272,0.2851864717148045,0.059974922962752863,-0.22521154875205163,1,1,0,0
2929,2929.0,29.29,-7.157710874999984,-7.443337065946802,-7.097349750956644,0.28562619094681807,0.060361124043340375,-0.2252650669034777,1,1,0,0
2930,2930.0,29.3,-7.152705,-7.439409263078107,-7.092179251310752,0.28670426307810715,0.06052574868924765,-0.2261785143888595,1,1,0,0
2931,2931.0,29.31,-7.14753262499999,-7.436501045515262,-7.086841169689789,0.28896842051527116,0.06069145531020137,-0.2282769652050698,1,1,0,0
2932,2932.0,29.32,-7.142360249999981,-7.432343407606879,-7.082093240853193,0.2899831576068985,0.06026700914678784,-0.22971614846011068,1,1,0,0
2933,2933.0,29.33,-7.137187874999973,-7.429701017399111,-7.077767511313925,0.2925131423991383,0.05942036368604775,-0.23309277871309053,1,1,0,0
2934,2934.0,29.34,-7.13201550000002,-7.425704072724615,-7.072636135958721,0.29368857272459525,0.059379364041299176,-0.23430920868329608,1,1,0,0
2935,2935.0,29.35,-7.126843125000012,-7.423689714499609,-7.068742407469478,0.2968465894995971,0.05810071753053414,-0.23874587196906294,1,1,0,0
2936,2936.0,29.36,-7.1215065000000255,-7.421728740775202,-7.063826772586205,0.30022224077517645,0.0576797274138201,-0.24254251336135635,1,1,0,0
2937,2937.0,29.37,-7.116169874999982,-7.418536648337896,-7.0604915166261915,0.30236677333791384,0.05567835837379054,-0.2466884149641233,1,1,0,0
2938,2938.0,29.38,-7.110833249999996,-7.4157711894594724,-7.057171563165847,0.3049379394594762,0.05366168683414951,-0.2512762526253267,1,1,0,0
2939,2939.0,29.39,-7.1054966250000104,-7.414587720840907,-7.052649096594808,0.30909109584089656,0.05284752840520213,-0.25624356743569443,1,1,0,0
2940,2940.0,29.4,-7.100160000000024,-7.411357100268911,-7.048394976051927,0.31119710026888736,0.051765023948096456,-0.2594320763207909,1,1,0,0
2941,2941.0,29.41,-7.094661374999994,-7.408421415279878,-7.043307510280151,0.3137600402798837,0.051353864719843045,-0.26240617556004064,1,1,0,0
2942,2942.0,29.42,-7.08916275000002,-7.405721412622604,-7.037939891903048,0.31655866262258403,0.051222858096972246,-0.2653358045256118,1,1,0,0
2943,2943.0,29.43,-7.0836641249999905,-7.401492340854017,-7.032735568351936,0.31782821585402665,0.050928556648054624,-0.26689965920597203,1,1,0,0
2944,2944.0,29.44,-7.078165500000018,-7.399728482310374,-7.028110248932935,0.32156298231035674,0.050055251067083084,-0.27150773124327365,1,1,0,0
2945,2945.0,29.45,-7.072666874999988,-7.396231902702529,-7.022346396490993,0.32356502770254103,0.05032047850899524,-0.2732445491935458,1,1,0,0
2946,2946.0,29.46,-7.067008500000019,-7.3932154314407965,-7.016555492467153,0.32620693144077784,0.05045300753286597,-0.27575392390791187,1,1,0,0
2947,2947.0,29.47,-7.061350124999992,-7.390662259187018,-7.009846699156366,0.32931213418702665,0.05150342584362555,-0.2778087083434011,1,1,0,0
2948,2948.0,29.48,-7.0556917500000225,-7.385827513348514,-7.00435926619433,0.3301357633484914,0.051332483805692775,-0.2788032795427986,1,1,0,0
2949,2949.0,29.49,-7.050033374999995,-7.383594623303242,-6.998365699994057,0.33356124830324774,0.0516676750059375,-0.28189357329731024,1,1,0,0
2950,2950.0,29.5,-7.044375000000026,-7.382117992693828,-6.991495815334014,0.33774299269380137,0.05287918466601216,-0.2848638080277892,1,1,0,0
2951,2951.0,29.51,-7.038559124999993,-7.378360809678757,-6.986337077736617,0.3398016846787639,0.05222204726337587,-0.28757963741538806,1,1,0,0
2952,2952.0,29.52,-7.032743250000017,-7.376963971437941,-6.981357630156816,0.3442207214379236,0.05138561984320145,-0.29283510159472215,1,1,0,0
2953,2953.0,29.53,-7.026927374999984,-7.372559235641634,-6.975848967617862,0.3456318606416504,0.05107840738212133,-0.2945534532595291,1,1,0,0
2954,2954.0,29.54,-7.021111500000009,-7.368992275913099,-6.968962397234156,0.3478807759130902,0.05214910276585272,-0.2957316731472375,1,1,0,0
2955,2955.0,29.55,-7.015295624999975,-7.364369883273727,-6.964059674112188,0.3490742582737516,0.05123595088778732,-0.2978383073859643,1,1,0,0
2956,2956.0,29.56,-7.009324499999984,-7.359185434168057,-6.959781676213873,0.3498609341680732,0.04954282378611108,-0.3003181103819621,1,1,0,0
2957,2957.0,29.57,-7.0033533749999926,-7.355511596876857,-6.955009626286913,0.35215822187686463,0.048343748713079115,-0.3038144731637855,1,1,0,0
2958,2958.0,29.58,-6.997382250000001,-7.354125130938333,-6.9500325862710115,0.35674288093833173,0.04734966372898963,-0.3093932172093421,1,1,0,0
2959,2959.0,29.59,-6.991411125000009,-7.35312831426067,-6.943720954169955,0.361717189260661,0.04769017083005345,-0.31402701843060754,1,1,0,0
2960,2960.0,29.6,-6.985440000000018,-7.349188830165252,-6.93825976167226,0.3637488301652336,0.04718023832775842,-0.3165685918374752,1,1,0,0
2961,2961.0,29.61,-6.979315875,-7.345361912049962,-6.932780819789361,0.3660460370499621,0.046535055210639165,-0.3195109818393229,1,1,0,0
2962,2962.0,29.62,-6.973191749999983,-7.340097138776898,-6.928546902902415,0.3669053887769147,0.044644847097568,-0.3222605416793467,1,1,0,0
2963,2963.0,29.63,-6.9670676250000225,-7.337150043523939,-6.922215947406153,0.3700824185239169,0.04485167759386943,-0.32523074093004745,1,1,0,0
2964,2964.0,29.64,-6.960943500000006,-7.335512770511907,-6.9153329353185065,0.37456927051190103,0.04561056468149971,-0.3289587058304013,1,1,0,0
2965,2965.0,29.65,-6.954819374999989,-7.330296332126086,-6.909756485982268,0.3754769571260974,0.04506288901772049,-0.3304140681083769,1,1,0,0
2966,2966.0,29.66,-6.9485444999999935,-7.327834411567263,-6.9040312983706,0.37928991156726966,0.04451320162939343,-0.3347767099378762,1,1,0,0
2967,2967.0,29.67,-6.942269624999997,-7.323353800376646,-6.89777368316131,0.38108417537664874,0.044495941838687436,-0.3365882335379613,1,1,0,0
2968,2968.0,29.68,-6.935994750000002,-7.318901363945227,-6.8906457970962105,0.3829066139452255,0.04534895290379115,-0.33755766104143436,1,1,0,0
2969,2969.0,29.69,-6.929719875000006,-7.315651261357868,-6.884694852388253,0.3859313863578615,0.04502502261175323,-0.3409063637461083,1,1,0,0
2970,2970.0,29.7,-6.923445000000011,-7.311733060228776,-6.879874899039171,0.3882880602287653,0.043570100960839575,-0.3447179592679257,1,1,0,0
2971,2971.0,29.71,-6.917021625000028,-7.308023380201009,-6.874238630196568,0.391001755200981,0.04278299480345993,-0.3482187603975211,1,1,0,0
2972,2972.0,29.72,-6.910598249999987,-7.303605427162757,-6.86897774943799,0.39300717716276967,0.041620500561997176,-0.3513866766007725,1,1,0,0
2973,2973.0,29.73,-6.904174875000003,-7.298686105703961,-6.861922454819722,0.39451123070395777,0.04225242018028119,-0.3522588105236766,1,1,0,0
2974,2974.0,29.74,-6.8977515000000205,-7.2932510597062725,-6.856623089681178,0.39549955970625206,0.04112841031884251,-0.35437114938740955,1,1,0,0
2975,2975.0,29.75,-6.89132812499998,-7.287563707340661,-6.850210634837136,0.39623558234068135,0.041117490162843495,-0.35511809217783785,1,1,0,0
2976,2976.0,29.76,-6.8847584999999984,-7.286686128162207,-6.843839693194638,0.4019276281622082,0.04091880680536075,-0.3610088213568474,1,1,0,0
2977,2977.0,29.77,-6.878188875000018,-7.28485961765758,-6.837997431675989,0.4066707426575622,0.04019144332402913,-0.36647929933353307,1,1,0,0
2978,2978.0,29.78,-6.87161924999998,-7.2822889012563765,-6.830975029625605,0.41066965125639676,0.040644220374375095,-0.37002543088202167,1,1,0,0
2979,2979.0,29.79,-6.865049624999999,-7.281351316262468,-6.825396941888419,0.4163016912624684,0.03965268311157999,-0.3766490081508884,1,1,0,0
2980,2980.0,29.8,-6.858480000000017,-7.277627789803163,-6.8188160900534,0.41914778980314615,0.03966390994661673,-0.3794838798565294,1,1,0,0
2981,2981.0,29.81,-6.851766374999972,-7.273901571400951,-6.8129344919754615,0.42213519640097896,0.03883188302451046,-0.3833033133764685,1,1,0,0
2982,2982.0,29.82,-6.845052749999984,-7.26966336174839,-6.806156615267109,0.4246106117484061,0.0388961347328749,-0.3857144770155312,1,1,0,0
2983,2983.0,29.83,-6.838339124999996,-7.264672924923964,-6.798589234085014,0.42633379992396847,0.03974989091498138,-0.3865839090089871,1,1,0,0
2984,2984.0,29.84,-6.8316255000000075,-7.261845555362455,-6.79025893939942,0.43022005536244734,0.0413665606005873,-0.38885349476186004,1,1,0,0
2985,2985.0,29.85,-6.824911875000019,-7.2593688007537995,-6.783420249148534,0.43445692575378025,0.041491625851485026,-0.39296529990229523,1,1,0,0
2986,2986.0,29.86,-6.818056500000013,-7.256353699170824,-6.7769323222763065,0.4382971991708109,0.0411241777237068,-0.3971730214471041,1,1,0,0
2987,2987.0,29.87,-6.811201125000008,-7.252963391609807,-6.76903157609203,0.4417622666097989,0.04216954890797808,-0.3995927177018208,1,1,0,0
2988,2988.0,29.88,-6.804345750000002,-7.250307521282244,-6.762553555721959,0.4459617712822421,0.04179219427804348,-0.40416957700419864,1,1,0,0
2989,2989.0,29.89,-6.797490374999997,-7.247566046181238,-6.757492301127786,0.45007567118124125,0.039998073872211215,-0.41007759730903004,1,1,0,0
2990,2990.0,29.9,-6.790634999999993,-7.242670844689807,-6.751064132610597,0.4520358446898145,0.03957086738939619,-0.4124649773004183,1,1,0,0
2991,2991.0,29.91,-6.783640125000018,-7.239246822038396,-6.742961038818385,0.4556066970383785,0.04067908618163241,-0.4149276108567461,1,1,0,0
2992,2992.0,29.92,-6.776645249999985,-7.235465631642165,-6.736969398267957,0.4588203816421794,0.03967585173202881,-0.4191445299101506,1,1,0,0
2993,2993.0,29.93,-6.76965037500001,-7.230599041488477,-6.730582476716069,0.4609486664884672,0.03906789828394075,-0.42188076820452647,1,1,0,0
2994,2994.0,29.94,-6.762655499999978,-7.2268977447901515,-6.724318897017564,0.4642422447901735,0.03833660298241437,-0.42590564180775914,1,1,0,0
2995,2995.0,29.95,-6.755660625000003,-7.222247195565283,-6.716952412923397,0.46658657056528074,0.0387082120766058,-0.42787835848867495,1,1,0,0
2996,2996.0,29.96,-6.748528499999992,-7.218591238981099,-6.709339480474453,0.47006273898110695,0.03918901952553888,-0.43087371945556807,1,1,0,0
2997,2997.0,29.97,-6.74139637499998,-7.215688919812603,-6.703634372439609,0.47429254481262273,0.03776200256037132,-0.4365305422522514,1,1,0,0
2998,2998.0,29.98,-6.734264250000026,-7.212479280722386,-6.6975162192855855,0.47821503072236027,0.036748030714440105,-0.44146700000792016,1,1,0,0
2999,2999.0,29.99,-6.727132125000015,-7.20782362052067,-6.691047584233832,0.48069149552065493,0.03608454076618273,-0.4446069547544722,1,1,0,0
3000,3000.0,30.0,-6.720000000000003,-7.202966539639848,-6.683085841385701,0.48296653963984504,0.03691415861430247,-0.44605238102554257,1,1,0,0
3001,3001.0,30.01,-6.712732875000003,-7.1963800426385145,-6.674980858494,0.48364716763851145,0.03775201650600302,-0.44589515113250844,1,1,0,0
3002,3002.0,30.02,-6.705465750000003,-7.1893577787561584,-6.6682568446806805,0.48389202875615567,0.037208905319322305,-0.44668312343683336,1,1,0,0
3003,3003.0,30.03,-6.698198625000002,-7.18467285715013,-6.661028072150807,0.48647423215012875,0.03717055284919457,-0.4493036793009342,1,1,0,0
3004,3004.0,30.04,-6.690931500000001,-7.181034491585442,-6.653548300610061,0.4901029915854407,0.03738319938994028,-0.4527197921955004,1,1,0,0
3005,3005.0,30.05,-6.683664375000001,-7.176845676413894,-6.645266415995462,0.4931813014138928,0.038397959004538684,-0.45478334240935414,1,1,0,0
3006,3006.0,30.06,-6.676264500000002,-7.171293253529199,-6.6388691052981015,0.49502875352919684,0.037395394701900564,-0.4576333588272963,1,1,0,0
3007,3007.0,30.07,-6.668864625000003,-7.167186170000743,-6.632875846037165,0.49832154500074033,0.03598877896283792,-0.4623327660379024,1,1,0,0
3008,3008.0,30.08,-6.661464750000004,-7.160177509368704,-6.625569560289173,0.49871275936869974,0.035895189710831055,-0.4628175696578687,1,1,0,0
3009,3009.0,30.09,-6.654064875000005,-7.155146506281024,-6.618368427772235,0.5010816312810196,0.0356964472277701,-0.46538518405324947,1,1,0,0
3010,3010.0,30.1,-6.646665000000006,-7.150601483991714,-6.610889764746341,0.5039364839917084,0.03577523525366466,-0.46816124873804377,1,1,0,0
3011,3011.0,30.11,-6.639134624999998,-7.1459759990758585,-6.605386327504328,0.5068413740758606,0.03374829749566999,-0.4730930765801906,1,1,0,0
3012,3012.0,30.12,-6.631604249999991,-7.14225669008205,-6.598647470007807,0.5106524400820591,0.03295677999218416,-0.47769566008987496,1,1,0,0
3013,3013.0,30.13,-6.624073874999983,-7.136720132623818,-6.590732153132086,0.5126462576238353,0.03334172186789708,-0.47930453575593823,1,1,0,0
3014,3014.0,30.14,-6.616543499999976,-7.132972597448248,-6.583613086719028,0.5164290974482721,0.03293041328094759,-0.48349868416732456,1,1,0,0
3015,3015.0,30.15,-6.609013125000025,-7.1285338740611,-6.576721194786457,0.5195207490610754,0.032291930213567355,-0.487228818847508,1,1,0,0
3016,3016.0,30.16,-6.601354499999999,-7.126173606056256,-6.570725626188989,0.524819106056257,0.030628873811010315,-0.4941902322452467,1,1,0,0
3017,3017.0,30.17,-6.593695874999974,-7.123160931397826,-6.562925516390827,0.5294650563978518,0.03077035860914723,-0.49869469778870457,1,1,0,0
3018,3018.0,30.18,-6.586037250000006,-7.11848875920408,-6.5550165125173585,0.5324515092040745,0.03102073748264722,-0.5014307717214272,1,1,0,0
3019,3019.0,30.19,-6.57837862499998,-7.112885736279137,-6.547886286506604,0.5345071112791571,0.030492338493375293,-0.5040147727857818,1,1,0,0
3020,3020.0,30.2,-6.57072000000001,-7.107897269435272,-6.540385930912185,0.5371772694352615,0.0303340690878251,-0.5068432003474364,1,1,0,0
3021,3021.0,30.21,-6.562935375000015,-7.102511476846934,-6.535191562319874,0.5395761018469196,0.027743812680140145,-0.5118322891667795,1,1,0,0
3022,3022.0,30.22,-6.555150750000018,-7.096578256183116,-6.526996674960794,0.5414275061830978,0.028154075039223514,-0.5132734311438742,1,1,0,0
3023,3023.0,30.23,-6.547366125000021,-7.09137887895161,-6.5182038338777355,0.5440127539515887,0.029162291122285744,-0.5148504628293029,1,1,0,0
3024,3024.0,30.24,-6.5395815000000255,-7.086088309822806,-6.508920323910441,0.5465068098227803,0.030661176089584075,-0.5158456337331963,1,1,0,0
3025,3025.0,30.25,-6.531796874999972,-7.082827510099489,-6.502012164658414,0.5510306350995169,0.029784710341558274,-0.5212459247579586,1,1,0,0
3026,3026.0,30.26,-6.5238884999999955,-7.078687221039105,-6.496478647683112,0.5547987210391092,0.02740985231688331,-0.5273888687222259,1,1,0,0
3027,3027.0,30.27,-6.515980125000018,-7.073286773065504,-6.489332893930662,0.5573066480654854,0.02664723106935618,-0.5306594169961292,1,1,0,0
3028,3028.0,30.28,-6.508071749999984,-7.069438661461504,-6.479503161210319,0.5613669114615201,0.02856858878966495,-0.5327983226718551,1,1,0,0
3029,3029.0,30.29,-6.500163375000008,-7.0639600950236385,-6.471464360653766,0.5637967200236309,0.028699014346242002,-0.5350977056773889,1,1,0,0
3030,3030.0,30.3,-6.4922549999999735,-7.059467165753566,-6.46488748214687,0.5672121657535927,0.02736751785310343,-0.5398446479004892,1,1,0,0
3031,3031.0,30.31,-6.484225125000007,-7.053141031229559,-6.45803752992597,0.5689159062295515,0.02618759507403734,-0.5427283111555141,1,1,0,0
3032,3032.0,30.32,-6.476195249999982,-7.047999868857446,-6.450208920803544,0.5718046188574641,0.025986329196438618,-0.5458182896610255,1,1,0,0
3033,3033.0,30.33,-6.468165375000016,-7.043454521857484,-6.440742372191114,0.5752891468574681,0.027423002808902197,-0.5478661440485659,1,1,0,0
3034,3034.0,30.34,-6.460135499999993,-7.0382684819470445,-6.433620157227321,0.5781329819470518,0.026515342772671424,-0.5516176391743803,1,1,0,0
3035,3035.0,30.35,-6.4521056250000255,-7.03313258764002,-6.425440811496257,0.5810269626399949,0.026664813503768592,-0.5543621491362263,1,1,0,0
3036,3036.0,30.36,-6.443956500000001,-7.0294249333192065,-6.418180973869275,0.5854684333192051,0.02577552613072598,-0.5596929071884791,1,1,0,0
3037,3037.0,30.37,-6.435807374999977,-7.023451134231105,-6.409596250171281,0.5876437592311277,0.026211124828696697,-0.561432634402431,1,1,0,0
3038,3038.0,30.38,-6.427658250000011,-7.019347331749644,-6.403193324886363,0.5916890817496334,0.02446492511364795,-0.5672241566359855,1,1,0,0
3039,3039.0,30.39,-6.419509124999987,-7.013761933538413,-6.396157109242141,0.5942528085384264,0.023352015757845734,-0.5709007927805807,1,1,0,0
3040,3040.0,30.4,-6.411360000000021,-7.00793676299338,-6.38748326207044,0.5965767629933598,0.023876737929581004,-0.5727000250637788,1,1,0,0
3041,3041.0,30.41,-6.403093874999986,-7.0032561820873624,-6.3795515254966775,0.6001623070873761,0.023542349503308913,-0.5766199575840671,1,1,0,0
3042,3042.0,30.42,-6.394827750000011,-6.996110184552657,-6.370141182613103,0.6012824345526466,0.02468656738690811,-0.5765958671657385,1,1,0,0
3043,3043.0,30.43,-6.386561624999977,-6.991041332841045,-6.362469753205442,0.604479707841068,0.024091871794534647,-0.5803878360465333,1,1,0,0
3044,3044.0,30.44,-6.378295500000002,-6.987254628739198,-6.355582917793461,0.6089591287391958,0.022712582206541043,-0.5862465465326547,1,1,0,0
3045,3045.0,30.45,-6.370029375000025,-6.981209369881568,-6.347789906104201,0.6111799948815424,0.022239468895824288,-0.5889405259857181,1,1,0,0
3046,3046.0,30.46,-6.361648499999972,-6.974748547282269,-6.3401932607374025,0.6131000472822974,0.021455239262569314,-0.5916448080197281,1,1,0,0
3047,3047.0,30.47,-6.353267624999977,-6.968401989114896,-6.331700381363003,0.615134364114919,0.02156724363697382,-0.5935671204779451,1,1,0,0
3048,3048.0,30.48,-6.344886749999981,-6.962095655727472,-6.323922935054124,0.617208905727491,0.02096381494585664,-0.5962450907816343,1,1,0,0
3049,3049.0,30.49,-6.336505874999986,-6.956542004314695,-6.31377805823265,0.620036129314709,0.02272781676733615,-0.5973083125473728,1,1,0,0
3050,3050.0,30.5,-6.32812499999999,-6.9533032865762845,-6.304737384770739,0.6251782865762943,0.023387615229251146,-0.6017906713470431,1,1,0,0
3051,3051.0,30.51,-6.3196316250000235,-6.948032819317462,-6.297645299821578,0.6284011943174388,0.02198632517844512,-0.6064148691389937,1,1,0,0
3052,3052.0,30.52,-6.311138249999999,-6.942078056434114,-6.289803812623526,0.6309398064341147,0.021334437376473225,-0.6096053690576415,1,1,0,0
3053,3053.0,30.53,-6.302644874999975,-6.937168812058698,-6.282643492209587,0.6345239370587237,0.020001382790387545,-0.6145225542683361,1,1,0,0
3054,3054.0,30.54,-6.294151500000007,-6.929846901233737,-6.273681858714859,0.6356954012337299,0.020469641285147944,-0.615225759948582,1,1,0,0
3055,3055.0,30.55,-6.285658124999983,-6.923787100280871,-6.265162285257811,0.6381289752808872,0.020495839742172173,-0.617633135538715,1,1,0,0
3056,3056.0,30.56,-6.277054499999977,-6.916376399917131,-6.257459569744484,0.6393218999171539,0.01959493025549275,-0.6197269696616612,1,1,0,0
3057,3057.0,30.57,-6.268450874999972,-6.9088501767003425,-6.247617311274702,0.6403993017003708,0.020833563725269677,-0.6195657379751012,1,1,0,0
3058,3058.0,30.58,-6.259847250000023,-6.903200237962118,-6.237411847686243,0.6433529879620945,0.022435402313780273,-0.6209175856483142,1,1,0,0
3059,3059.0,30.59,-6.251243625000017,-6.896083174791999,-6.227439029451913,0.6448395497919819,0.023804595548103435,-0.6210349542438784,1,1,0,0
3060,3060.0,30.6,-6.242640000000011,-6.889347789948728,-6.220049778673033,0.6467077899487164,0.022590221326978188,-0.6241175686217382,1,1,0,0
3061,3061.0,30.61,-6.233928375000014,-6.884062345712428,-6.212447240561936,0.6501339707124139,0.021481134438078087,-0.6286528362743358,1,1,0,0
3062,3062.0,30.62,-6.225216750000016,-6.8754816294951935,-6.203521995349664,0.6502648794951771,0.02169475465035209,-0.628570124844825,1,1,0,0
3063,3063.0,30.63,-6.216505125000019,-6.868923002925268,-6.194371228538101,0.6524178779252487,0.022133896461918212,-0.6302839814633305,1,1,0,0
3064,3064.0,30.64,-6.207793500000022,-6.8615469273819905,-6.185453187842448,0.6537534273819681,0.02234031215757426,-0.6314131152243938,1,1,0,0
3065,3065.0,30.65,-6.199081875000026,-6.854000231528616,-6.174682623482216,0.6549183565285901,0.024399251517809972,-0.6305191050107801,1,1,0,0
3066,3066.0,30.66,-6.190264500000027,-6.848761471006352,-6.166857601254178,0.6584969710063246,0.023406898745848892,-0.6350900722604758,1,1,0,0
3067,3067.0,30.67,-6.181447124999972,-6.842975579457315,-6.15937791011551,0.6615284544573434,0.022069214884461452,-0.639459239572882,1,1,0,0
3068,3068.0,30.68,-6.172629749999974,-6.834892853510231,-6.150669854545231,0.6622631035102575,0.021959895454743084,-0.6403032080555144,1,1,0,0
3069,3069.0,30.69,-6.163812374999976,-6.828209794702347,-6.142093326284964,0.6643974197023708,0.021719048715011624,-0.6426783709873591,1,1,0,0
3070,3070.0,30.7,-6.154994999999978,-6.821792250424382,-6.133038653732011,0.6667972504244037,0.021956346267967497,-0.6448409041564362,1,1,0,0
3071,3071.0,30.71,-6.146074125000027,-6.8159220764366415,-6.12609323849672,0.6698479514366147,0.01998088650330665,-0.649867064933308,1,1,0,0
3072,3072.0,30.72,-6.137153250000018,-6.80816686835064,-6.117365676640127,0.6710136183506226,0.01978757335989023,-0.6512260449907323,1,1,0,0
3073,3073.0,30.73,-6.128232375000009,-6.800131662374132,-6.108810258254722,0.6718992873741225,0.01942211674528771,-0.6524771706288348,1,1,0,0
3074,3074.0,30.74,-6.119311500000001,-6.794662415277235,-6.099403531140087,0.6753509152772335,0.01990796885991397,-0.6554429464173195,1,1,0,0
3075,3075.0,30.75,-6.110390624999993,-6.789357215788073,-6.092333551204782,0.6789665907880797,0.0180570737952106,-0.6609095169928692,1,1,0,0
3076,3076.0,30.76,-6.101368500000021,-6.780940818983392,-6.085596322900058,0.6795723189833716,0.015772177099963258,-0.6638001418834083,1,1,0,0
3077,3077.0,30.77,-6.092346374999992,-6.775306151075166,-6.075400269859082,0.6829597760751742,0.016946105140910106,-0.6660136709342641,1,1,0,0
3078,3078.0,30.78,-6.08332425000002,-6.766581310624575,-6.066173315306697,0.6832570606245554,0.01715093469332274,-0.6661061259312326,1,1,0,0
3079,3079.0,30.79,-6.074302124999991,-6.757230892305309,-6.055992502023934,0.6829287673053175,0.018309622976056872,-0.6646191443292606,1,1,0,0
3080,3080.0,30.8,-6.065280000000019,-6.749687289551297,-6.0474569422779565,0.6844072895512783,0.017823057722062607,-0.6665842318292157,1,1,0,0
3081,3081.0,30.81,-6.056158875000016,-6.740052205768806,-6.039472383901205,0.6838933307687896,0.016686491098811373,-0.6672068396699782,1,1,0,0
3082,3082.0,30.82,-6.047037750000015,-6.7314791968671885,-6.029840267360793,0.6844414468671731,0.017197482639222272,-0.6672439642279508,1,1,0,0
3083,3083.0,30.83,-6.037916625000013,-6.723569578724809,-6.02050161893576,0.6856529537247962,0.017415006064252836,-0.6682379476605433,1,1,0,0
3084,3084.0,30.84,-6.028795500000012,-6.716957801276047,-6.010610938718331,0.6881623012760354,0.018184561281680445,-0.669977739994355,1,1,0,0
3085,3085.0,30.85,-6.019674375000009,-6.711420750809291,-6.003638036851308,0.6917463758092817,0.016036338148700757,-0.6757100376605809,1,1,0,0
3086,3086.0,30.86,-6.010456500000025,-6.7030294767830485,-5.995514688803369,0.6925729767830235,0.01494181119665594,-0.6776311655863676,1,1,0,0
3087,3087.0,30.87,-6.001238624999983,-6.6977409801352366,-5.986204755489622,0.6965023551352534,0.015033869510361342,-0.681468485624892,1,1,0,0
3088,3088.0,30.88,-5.992020749999999,-6.690705559626144,-5.977597025509372,0.6986848096261449,0.014423724490627343,-0.6842610851355175,1,1,0,0
3089,3089.0,30.89,-5.982802875000015,-6.684840218863418,-5.969121768912659,0.7020373438634033,0.013681106087355843,-0.6883562377760475,1,1,0,0
3090,3090.0,30.9,-5.973584999999973,-6.6806944719023615,-5.961863086186736,0.7071094719023883,0.011721913813237173,-0.6953875580891511,1,1,0,0
3091,3091.0,30.91,-5.964272624999996,-6.672627860127126,-5.95307822921085,0.7083552351271303,0.01119439578914605,-0.6971608393379842,1,1,0,0
3092,3092.0,30.92,-5.95496025000002,-6.663907772357435,-5.943711109370958,0.7089475223574153,0.011249140629061571,-0.6976983817283537,1,1,0,0
3093,3093.0,30.93,-5.9456478749999855,-6.654948575163191,-5.934218218902487,0.7093007001632055,0.011429656097498686,-0.6978710440657068,1,1,0,0
3094,3094.0,30.94,-5.936335500000009,-6.646035995237755,-5.923292500701115,0.7097004952377457,0.013042999298893854,-0.6966574959388518,1,1,0,0
3095,3095.0,30.95,-5.927023124999975,-6.638637804390759,-5.912908886184146,0.7116146793907836,0.014114238815828628,-0.697500440574955,1,1,0,0
3096,3096.0,30.96,-5.917618499999996,-6.63269384574608,-5.903838535305187,0.7150753457460839,0.01377996469480891,-0.701295381051275,1,1,0,0
3097,3097.0,30.97,-5.908213875000018,-6.624825852672562,-5.894949471549926,0.7166119776725441,0.013264403450092388,-0.7033475742224518,1,1,0,0
3098,3098.0,30.98,-5.898809249999982,-6.617705215847448,-5.8836869845158954,0.7188959658474667,0.015122265484086128,-0.7037737003633806,1,1,0,0
3099,3099.0,30.99,-5.889404625000003,-6.608931926423116,-5.872169480605198,0.7195273014231134,0.01723514439480489,-0.7022921570283085,1,1,0,0
3100,3100.0,31.0,-5.880000000000025,-6.600236713118945,-5.861483948501734,0.7202367131189202,0.018516051498290942,-0.7017206616206293,1,1,0,0
3101,3101.0,31.01,-5.8705053749999765,-6.591836311930833,-5.8517109144981445,0.7213309369308565,0.018794460501831978,-0.7025364764290245,1,1,0,0
3102,3102.0,31.02,-5.861010749999986,-6.586227768281137,-5.8426556456652055,0.7252170182811515,0.018355104334780492,-0.706861913946371,1,1,0,0
3103,3103.0,31.03,-5.851516124999995,-6.578949797574187,-5.833497357980154,0.7274336725741914,0.018018767019841064,-0.7094149055543504,1,1,0,0
3104,3104.0,31.04,-5.842021500000005,-6.571334461608544,-5.824250752514704,0.7293129616085388,0.01777074748530083,-0.7115422141232379,1,1,0,0
3105,3105.0,31.05,-5.832526875000014,-6.563502532065061,-5.815407863964842,0.7309756570650467,0.017119011035171994,-0.7138566460298748,1,1,0,0
3106,3106.0,31.06,-5.822944500000003,-6.55744643267721,-5.806072601088062,0.7345019326772073,0.01687189891194052,-0.7176300337652668,1,1,0,0
3107,3107.0,31.07,-5.8133621249999905,-6.553270434607865,-5.795333046581781,0.7399083096078742,0.01802907841820911,-0.7218792311896651,1,1,0,0
3108,3108.0,31.08,-5.803779749999979,-6.545853297615342,-5.785987216071143,0.7420735476153633,0.017792533928836285,-0.724281013686527,1,1,0,0
3109,3109.0,31.09,-5.794197375000024,-6.5389210758173775,-5.776026612633461,0.7447237008173531,0.01817076236656323,-0.7265529384507898,1,1,0,0
3110,3110.0,31.1,-5.784615000000013,-6.531330952787604,-5.767269734551611,0.7467159527875911,0.017345265448401648,-0.7293706873391894,1,1,0,0
3111,3111.0,31.11,-5.774947125000026,-6.522027363561476,-5.758255828634936,0.7470802385614492,0.01669129636509048,-0.7303889421963587,1,1,0,0
3112,3112.0,31.12,-5.765279249999983,-6.514618766829126,-5.750317621675034,0.749339516829143,0.014961628324948961,-0.734377888504194,1,1,0,0
3113,3113.0,31.13,-5.755611374999997,-6.506568159079016,-5.741678148174679,0.750956784079019,0.013933226825318279,-0.7370235572537007,1,1,0,0
3114,3114.0,31.14,-5.745943500000012,-6.500685005565678,-5.731251731298662,0.7547415055656668,0.014691768701349694,-0.7400497368643171,1,1,0,0
3115,3115.0,31.15,-5.736275625000026,-6.493356200237409,-5.722937540282166,0.7570805752373833,0.013338084717860355,-0.7437424905195229,1,1,0,0
3116,3116.0,31.16,-5.726524499999999,-6.484228177512416,-5.714207359146549,0.7577036775124171,0.012317140853450148,-0.7453865366589669,1,1,0,0
3117,3117.0,31.17,-5.716773375000001,-6.476241743378013,-5.704961924562959,0.7594683683780126,0.011811450437042126,-0.7476569179409704,1,1,0,0
3118,3118.0,31.18,-5.707022250000002,-6.468027221569697,-5.694806697268597,0.7610049715696947,0.012215552731404955,-0.7487894188382898,1,1,0,0
3119,3119.0,31.19,-5.6972711249999985,-6.460442548634791,-5.683538474052114,0.7631714236347928,0.013732650947884117,-0.7494387726869087,1,1,0,0
3120,3120.0,31.2,-5.68752,-6.4537146982731,-5.674101382637879,0.7661946982731003,0.013418617362121132,-0.7527760809109791,1,1,0,0
3121,3121.0,31.21,-5.6776878749999975,-6.445365728223094,-5.663499998600124,0.7676778532230966,0.01418787639987329,-0.7534899768232233,1,1,0,0
3122,3122.0,31.22,-5.667855749999994,-6.439144634851174,-5.653843377319084,0.7712888848511801,0.014012372680910268,-0.7572765121702698,1,1,0,0
3123,3123.0,31.23,-5.658023624999997,-6.431993605274298,-5.643700456162453,0.773969980274301,0.014323168837544031,-0.7596468114367569,1,1,0,0
3124,3124.0,31.24,-5.6481915,-6.422615157120061,-5.633728350459313,0.7744236571200611,0.014463149540687503,-0.7599605075793736,1,1,0,0
3125,3125.0,31.25,-5.638359374999997,-6.415033370973477,-5.624162866813735,0.7766739959734803,0.014196508186262058,-0.7624774877872182,1,1,0,0
3126,3126.0,31.26,-5.628448499999997,-6.4069933376161226,-5.615931270485339,0.7785448376161259,0.012517229514657835,-0.7660276081014681,1,1,0,0
3127,3127.0,31.27,-5.6185376249999965,-6.397277155317497,-5.607728772647133,0.7787395303175009,0.010808852352863774,-0.7679306779646371,1,1,0,0
3128,3128.0,31.28,-5.608626750000002,-6.390374660606867,-5.5967522223532855,0.7817479106068657,0.01187452764671626,-0.7698733829601494,1,1,0,0
3129,3129.0,31.29,-5.598715875000001,-6.384499329660409,-5.586677705559248,0.7857834546604083,0.012038169440752533,-0.7737452852196558,1,1,0,0
3130,3130.0,31.3,-5.588805000000001,-6.375701988776588,-5.578335677499858,0.7868969887765873,0.010469322500142653,-0.7764276662764447,1,1,0,0
3131,3131.0,31.31,-5.578817624999999,-6.36735772813427,-5.569505027382301,0.7885401031342711,0.009312597617697982,-0.7792275055165732,1,1,0,0
3132,3132.0,31.32,-5.568830249999997,-6.3588038767326855,-5.558361459452934,0.7899736267326887,0.010468790547062845,-0.7795048361856258,1,1,0,0
3133,3133.0,31.33,-5.558842874999995,-6.350660535535051,-5.547206189656171,0.791817660535056,0.01163668534382456,-0.7801809751912314,1,1,0,0
3134,3134.0,31.34,-5.548855499999999,-6.34274858231968,-5.537000728967962,0.7938930823196806,0.011854771032036915,-0.7820383112876437,1,1,0,0
3135,3135.0,31.35,-5.538868124999998,-6.336236529762024,-5.526033736323928,0.7973684047620262,0.012834388676069786,-0.7845340160859564,1,1,0,0
3136,3136.0,31.36,-5.528806500000002,-6.330016133881193,-5.516080988092674,0.8012096338811912,0.012725511907327736,-0.7884841219738634,1,1,0,0
3137,3137.0,31.37,-5.518744875,-6.320711474287054,-5.504941145927746,0.8019665992870539,0.013803729072254356,-0.7881628702147996,1,1,0,0
3138,3138.0,31.38,-5.508683249999999,-6.310436563587249,-5.494236152645097,0.8017533135872501,0.014447097354901572,-0.7873062162323485,1,1,0,0
3139,3139.0,31.39,-5.4986216249999975,-6.302270066217933,-5.484172731725743,0.8036484412179359,0.01444889327425436,-0.7891995479436815,1,1,0,0
3140,3140.0,31.4,-5.488559999999996,-6.2941001311303815,-5.473960858872438,0.8055401311303854,0.014599141127558113,-0.7909409900028272,1,1,0,0
3141,3141.0,31.41,-5.478426375000002,-6.2862239549066725,-5.464484336423943,0.8077975799066701,0.013942038576059801,-0.7938555413306103,1,1,0,0
3142,3142.0,31.42,-5.468292749999997,-6.280874181213755,-5.453396422049725,0.8125814312137578,0.014896327950272514,-0.7976851032634853,1,1,0,0
3143,3143.0,31.43,-5.458159125000003,-6.272215677511527,-5.441687647774253,0.8140565525115235,0.016471477225750597,-0.7975850752857729,1,1,0,0
3144,3144.0,31.44,-5.448025499999998,-6.263524550047545,-5.429865738981553,0.8154990500475465,0.01815976101844541,-0.7973392890291011,1,1,0,0
3145,3145.0,31.45,-5.437891874999998,-6.255011053285646,-5.420358885928811,0.8171191782856475,0.017532989071186833,-0.7995861892144607,1,1,0,0
3146,3146.0,31.46,-5.427688499999998,-6.2481394075521575,-5.4100092091342304,0.8204509075521598,0.01767929086576725,-0.8027716166863925,1,1,0,0
3147,3147.0,31.47,-5.417485124999996,-6.241076256447508,-5.400399730432023,0.823591131447512,0.017085394567973644,-0.8065057368795383,1,1,0,0
3148,3148.0,31.48,-5.40728175,-6.230948494794971,-5.3888622680829155,0.8236667447949708,0.018419481917084646,-0.8052472628778862,1,1,0,0
3149,3149.0,31.49,-5.3970783749999995,-6.223875310783705,-5.37997504699037,0.8267969357837055,0.01710332800962977,-0.8096936077740757,1,1,0,0
3150,3150.0,31.5,-5.386874999999998,-6.214220400993908,-5.371159068201532,0.8273454009939103,0.015715931798466087,-0.8116294691954442,1,1,0,0
3151,3151.0,31.51,-5.3766041249999965,-6.203515721762955,-5.360208592442393,0.8269115967629581,0.01639553255760351,-0.8105160642053546,1,1,0,0
3152,3152.0,31.52,-5.36633325,-6.192487409342873,-5.3503803982538525,0.826154159342873,0.0159528517461478,-0.8102013075967252,1,1,0,0
3153,3153.0,31.53,-5.356062375,-6.181131967724764,-5.339730653073246,0.8250695927247644,0.016331721926754028,-0.8087378707980104,1,1,0,0
3154,3154.0,31.54,-5.345791499999997,-6.172088567044254,-5.329588182545697,0.8262970670442567,0.016203317454300148,-0.8100937495899565,1,1,0,0
3155,3155.0,31.55,-5.335520624999996,-6.16373651011497,-5.319273559615698,0.8282158851149743,0.016247065384297876,-0.8119688197306765,1,1,0,0
3156,3156.0,31.56,-5.325184499999996,-6.1529540768609605,-5.308327946563128,0.8277695768609643,0.016856553436868538,-0.8109130234240958,1,1,0,0
3157,3157.0,31.57,-5.314848375000001,-6.143461465547726,-5.298135152755036,0.8286130905477247,0.016713222244964854,-0.8118998683027598,1,1,0,0
3158,3158.0,31.58,-5.304512249999996,-6.131286281378023,-5.29068248261292,0.8267740313780276,0.013829767387075975,-0.8129442639909517,1,1,0,0
3159,3159.0,31.59,-5.294176125000002,-6.119349587465575,-5.280974660544953,0.8251734624655729,0.013201464455049106,-0.8119719980105238,1,1,0,0
3160,3160.0,31.6,-5.2838400000000005,-6.110128254510254,-5.269107667956371,0.8262882545102537,0.014732332043629448,-0.8115559224666242,1,1,0,0
3161,3161.0,31.61,-5.273440874999999,-6.100726188043168,-5.258891128860087,0.827285313043169,0.014549746139911335,-0.8127355669032577,1,1,0,0
3162,3162.0,31.62,-5.263041749999997,-6.092499337264215,-5.248952395496493,0.8294575872642183,0.014089354503503237,-0.815368232760715,1,1,0,0
3163,3163.0,31.63,-5.252642624999999,-6.082591209772889,-5.238696022175612,0.8299485847728896,0.013946602824387533,-0.816001981948502,1,1,0,0
3164,3164.0,31.64,-5.242243499999996,-6.070724225305326,-5.229328334299574,0.8284807253053295,0.012915165700421838,-0.8155655596049076,1,1,0,0
3165,3165.0,31.65,-5.231844374999994,-6.060478032345937,-5.21826215590701,0.828633657345943,0.013582219092984182,-0.8150514382529588,1,1,0,0
3166,3166.0,31.66,-5.2213844999999965,-6.050092455741587,-5.20871766771955,0.8287079557415904,0.012666832280446627,-0.8160411234611438,1,1,0,0
3167,3167.0,31.67,-5.210924624999999,-6.039545263115573,-5.199922577314946,0.8286206381155745,0.011002047685052752,-0.8176185904305218,1,1,0,0
3168,3168.0,31.68,-5.200464750000001,-6.0322023688293775,-5.1884348295724845,0.8317376188293766,0.012029920427516494,-0.8197076984018601,1,1,0,0
3169,3169.0,31.69,-5.190004874999998,-6.0250049194679205,-5.176195934780844,0.8350000444679226,0.013808940219154131,-0.8211911042487685,1,1,0,0
3170,3170.0,31.7,-5.179545,-6.014522346339557,-5.1654256303315425,0.8349773463395573,0.014119369668457615,-0.8208579766710997,1,1,0,0
3171,3171.0,31.71,-5.169026624999998,-6.004346565205766,-5.156789511438213,0.8353199402057676,0.012237113561784696,-0.8230828266439829,1,1,0,0
3172,3172.0,31.72,-5.158508249999995,-5.993304192628856,-5.146393192830846,0.8347959426288609,0.012115057169149068,-0.8226808854597119,1,1,0,0
3173,3173.0,31.73,-5.147989874999999,-5.981434709115858,-5.1351028612026255,0.8334448341158591,0.012887013797373115,-0.820557820318486,1,1,0,0
3174,3174.0,31.74,-5.137471499999997,-5.9723784477045285,-5.123111420410325,0.8349069477045319,0.01436007958967167,-0.8205468681148602,1,1,0,0
3175,3175.0,31.75,-5.126953124999999,-5.9614833322781005,-5.112837530152071,0.8345302072781013,0.014115594847927682,-0.8204146124301737,1,1,0,0
3176,3176.0,31.76,-5.1163785,-5.950753356745575,-5.104086958080494,0.8343748567455753,0.012291541919505988,-0.8220833148260693,1,1,0,0
3177,3177.0,31.77,-5.105803875000001,-5.941319153620413,-5.093524804920283,0.8355152786204121,0.012279070079718402,-0.8232362085406937,1,1,0,0
3178,3178.0,31.78,-5.095229250000001,-5.928699397226008,-5.0828872291102485,0.8334701472260067,0.012342020889752447,-0.8211281263362542,1,1,0,0
3179,3179.0,31.79,-5.0846546250000015,-5.919943521535768,-5.0708806265434285,0.8352888965357668,0.013773998456573011,-0.8215148980791938,1,1,0,0
3180,3180.0,31.8,-5.074079999999995,-5.912965381596107,-5.061086675606259,0.8388853815961124,0.012993324393735683,-0.8258920572023767,1,1,0,0
3181,3181.0,31.81,-5.063451374999994,-5.902907412701218,-5.049451126073193,0.8394560377012237,0.014000248926801184,-0.8254557887744225,1,1,0,0
3182,3182.0,31.82,-5.05282275,-5.89307520093648,-5.03847291079629,0.8402524509364806,0.014349839203710246,-0.8259026117327704,1,1,0,0
3183,3183.0,31.83,-5.042194124999998,-5.881728138065351,-5.028360608686071,0.8395340130653528,0.013833516313927596,-0.8257004967514252,1,1,0,0
3184,3184.0,31.84,-5.031565500000004,-5.86949009303282,-5.0180201911058235,0.8379245930328167,0.013545308894180152,-0.8243792841386366,1,1,0,0
3185,3185.0,31.85,-5.020936874999996,-5.859977432913173,-5.006466620929842,0.8390405579131768,0.014470254070153565,-0.8245703038430232,1,1,0,0
3186,3186.0,31.86,-5.0102565000000014,-5.852848161781046,-4.996528081174126,0.8425916617810447,0.013728418825875721,-0.828863242955169,1,1,0,0
3187,3187.0,31.87,-4.999576125000001,-5.842954462630947,-4.986756571666225,0.8433783376309458,0.012819553333775602,-0.8305587842971702,1,1,0,0
3188,3188.0,31.88,-4.98889575,-5.831921545743605,-4.973799145337383,0.8430257957436051,0.01509660466261753,-0.8279291910809876,1,1,0,0
3189,3189.0,31.89,-4.9782153749999996,-5.8202225348054295,-4.962902322288364,0.84200715980543,0.015313052711635855,-0.8266941070937941,1,1,0,0
3190,3190.0,31.9,-4.967534999999999,-5.810721542305847,-4.952695023486935,0.8431865423058484,0.014839976513063569,-0.8283465657927849,1,1,0,0
3191,3191.0,31.91,-4.956805125000001,-5.799369464807999,-4.942977540493379,0.842564339807998,0.013827584506621804,-0.8287367553013762,1,1,0,0
3192,3192.0,31.92,-4.946075249999996,-5.787378388824837,-4.9319392244998,0.8413031388248404,0.014136025500196325,-0.8271671133246441,1,1,0,0
3193,3193.0,31.93,-4.935345374999998,-5.776440340599331,-4.919393528050399,0.8410949655993329,0.015951846949598725,-0.8251431186497342,1,1,0,0
3194,3194.0,31.94,-4.9246155,-5.764047583665654,-4.908182763970486,0.8394320836656544,0.016432736029513784,-0.8229993476361406,1,1,0,0
3195,3195.0,31.95,-4.913885625000001,-5.751345024561425,-4.899404723554677,0.8374593995614239,0.014480901445323546,-0.8229784981161004,1,1,0,0
3196,3196.0,31.96,-4.9031085,-5.7393175011624935,-4.889753590344389,0.8362090011624934,0.013354909655610925,-0.8228540915068825,1,1,0,0
3197,3197.0,31.97,-4.892331375,-5.728395710615015,-4.877440422666581,0.8360643356150144,0.014890952333419527,-0.8211733832815948,1,1,0,0
3198,3198.0,31.98,-4.88155425,-5.718994762831946,-4.8664433770964575,0.8374405128319466,0.015110872903542294,-0.8223296399284044,1,1,0,0
3199,3199.0,31.99,-4.870777124999999,-5.708024305165383,-4.856158406685948,0.8372471801653836,0.014618718314051371,-0.8226284618513322,1,1,0,0
3200,3200.0,32.0,-4.859999999999999,-5.699091774206141,-4.8457230778945695,0.8390917742061417,0.014276922105429968,-0.8248148521007117,1,1,0,0
3201,3201.0,32.01,-4.849177875000004,-5.686059901720963,-4.835057836375435,0.8368820267209589,0.014120038624569453,-0.8227619880963895,1,1,0,0
3202,3202.0,32.02,-4.838355749999998,-5.671947973888604,-4.82288131064535,0.8335922238886058,0.015474439354647984,-0.8181177845339578,1,1,0,0
3203,3203.0,32.03,-4.827533624999998,-5.659191325974906,-4.811894051614977,0.8316577009749073,0.01563957338502142,-0.8160181275898859,1,1,0,0
3204,3204.0,32.04,-4.816711500000003,-5.645922799093116,-4.80228627406952,0.8292112990931129,0.014425225930483343,-0.8147860731626295,1,1,0,0
3205,3205.0,32.05,-4.805889375000002,-5.631670340384214,-4.790803327694009,0.8257809653842116,0.015086047305993056,-0.8106949180782186,1,1,0,0
3206,3206.0,32.06,-4.795024499999998,-5.620744610311964,-4.78000670503271,0.8257201103119662,0.015017794967287834,-0.8107023153446784,1,1,0,0
3207,3207.0,32.07,-4.784159624999999,-5.610510216200659,-4.768903565814,0.8263505912006597,0.015256059185999149,-0.8110945320146605,1,1,0,0
3208,3208.0,32.08,-4.77329475,-5.59823084817427,-4.75822896126299,0.8249360981742706,0.015065788737009811,-0.8098703094372608,1,1,0,0
3209,3209.0,32.09,-4.762429874999995,-5.585610768366634,-4.747190646017184,0.8231808933666391,0.015239228982810715,-0.8079416643838284,1,1,0,0
3210,3210.0,32.1,-4.751564999999997,-5.573865587013066,-4.736054146421999,0.8223005870130695,0.01551085357799753,-0.806789733435072,1,1,0,0
3211,3211.0,32.11,-4.740659625000001,-5.560373358557099,-4.72531216752414,0.8197137335570979,0.01534745747586097,-0.8043662760812369,1,1,0,0
3212,3212.0,32.12,-4.729754250000005,-5.548077502482769,-4.714492005860333,0.8183232524827639,0.01526224413967281,-0.8030610083430911,1,1,0,0
3213,3213.0,32.13,-4.718848874999998,-5.537663481266788,-4.704680708838425,0.8188146062667903,0.014168166161573126,-0.8046464401052171,1,1,0,0
3214,3214.0,32.14,-4.707943499999997,-5.525397532397831,-4.693599634261511,0.8174540323978334,0.01434386573848645,-0.803110166659347,1,1,0,0
3215,3215.0,32.15,-4.6970381250000015,-5.51573697697131,-4.683085520927695,0.8186988519713081,0.013952604072306585,-0.8047462478990015,1,1,0,0
3216,3216.0,32.16,-4.686094499999994,-5.506384348089018,-4.672550901691239,0.8202898480890237,0.013543598308754845,-0.8067462497802689,1,1,0,0
3217,3217.0,32.17,-4.675150874999997,-5.493960171006808,-4.663669378312187,0.818809296006811,0.011481496687809845,-0.8073277993190011,1,1,0,0
3218,3218.0,32.18,-4.6642072500000005,-5.482799470788386,-4.65131005131219,0.8185922207883856,0.012897198687810807,-0.8056950221005748,1,1,0,0
3219,3219.0,32.19,-4.653263625000005,-5.474347923804231,-4.639569287906457,0.8210842988042266,0.013694337093547837,-0.8073899617106788,1,1,0,0
3220,3220.0,32.2,-4.642319999999996,-5.463501212593187,-4.629382136230397,0.8211812125931912,0.012937863769598934,-0.8082433488235923,1,1,0,0
3221,3221.0,32.21,-4.6313403750000015,-5.44967235085008,-4.6195877891360615,0.8183319758500787,0.011752585863940013,-0.8065793899861387,1,1,0,0
3222,3222.0,32.22,-4.620360750000001,-5.43654379940971,-4.609987986962984,0.8161830494097098,0.010372763037016952,-0.8058102863726928,1,1,0,0
3223,3223.0,32.23,-4.609381124999993,-5.4235529007037195,-4.598397612444179,0.8141717757037261,0.010983512555814201,-0.8031882631479119,1,1,0,0
3224,3224.0,32.24,-4.598401499999999,-5.411303899848941,-4.587640155811497,0.8129023998489426,0.010761344188501276,-0.8021410556604414,1,1,0,0
3225,3225.0,32.25,-4.587421875000003,-5.401881355069829,-4.574587385547756,0.8144594800698259,0.01283448945224741,-0.8016249906175785,1,1,0,0
3226,3226.0,32.26,-4.576408500000005,-5.39306163920647,-4.56525617862713,0.8166531392064655,0.01115232137287503,-0.8055008178335905,1,1,0,0
3227,3227.0,32.27,-4.565395124999995,-5.38096159484032,-4.554806207020873,0.8155664698403253,0.010588917979122314,-0.804977551861203,1,1,0,0
3228,3228.0,32.28,-4.5543817499999975,-5.3684107008862885,-4.543422255334957,0.814028950886291,0.010959494665040204,-0.8030694562212508,1,1,0,0
3229,3229.0,32.29,-4.543368374999998,-5.357076530593482,-4.531647263596346,0.813708155593484,0.011721111403652174,-0.8019870441898318,1,1,0,0
3230,3230.0,32.3,-4.532355,-5.3447914184230765,-4.519526269842596,0.8124364184230766,0.012828730157403712,-0.7996076882656729,1,1,0,0
3231,3231.0,32.31,-4.521310124999996,-5.333295859351547,-4.510189825276855,0.8119857343515511,0.011120299723140548,-0.8008654346284105,1,1,0,0
3232,3232.0,32.32,-4.510265250000002,-5.3216716534125945,-4.499827118282343,0.811406403412593,0.010438131717658727,-0.8009682716949342,1,1,0,0
3233,3233.0,32.33,-4.499220375000002,-5.311419836035733,-4.489151211219976,0.812199461035731,0.010069163780025647,-0.8021302972557054,1,1,0,0
3234,3234.0,32.34,-4.488175499999997,-5.298683307452905,-4.476143775290051,0.8105078074529084,0.012031724709945735,-0.7984760827429627,1,1,0,0
3235,3235.0,32.35,-4.4771306249999965,-5.289198456274376,-4.465452575688762,0.8120678312743799,0.011678049311234062,-0.8003897819631458,1,1,0,0
3236,3236.0,32.36,-4.466056499999998,-5.278569846615212,-4.455886863276286,0.8125133466152139,0.010169636723712294,-0.8023437098915016,1,1,0,0
3237,3237.0,32.37,-4.454982375000005,-5.26713163861514,-4.445087857969217,0.8121492636151357,0.00989451703078803,-0.8022547465843477,1,1,0,0
3238,3238.0,32.38,-4.4439082499999945,-5.258150680323243,-4.433011500923648,0.8142424303232483,0.010896749076346524,-0.8033456812469018,1,1,0,0
3239,3239.0,32.39,-4.432834125000001,-5.247951115282355,-4.420545004033804,0.8151169902823536,0.012289120966197054,-0.8028278693161566,1,1,0,0
3240,3240.0,32.4,-4.421760000000002,-5.233859181068495,-4.410618360533673,0.8120991810684934,0.011141639466329067,-0.8009575416021644,1,1,0,0
3241,3241.0,32.41,-4.410658874999994,-5.222929100298306,-4.400670219738277,0.8122702252983123,0.009988655261716772,-0.8022815700365955,1,1,0,0
3242,3242.0,32.42,-4.399557749999997,-5.213577305012301,-4.389823906206622,0.8140195550123037,0.009733843793374497,-0.8042857112189292,1,1,0,0
3243,3243.0,32.43,-4.388456625,-5.202442210215658,-4.377814132304558,0.8139855852156579,0.010642492695441597,-0.8033430925202163,1,1,0,0
3244,3244.0,32.44,-4.377355500000003,-5.191339206554499,-4.365825300000808,0.8139837065544961,0.01153019999919458,-0.8024535065553016,1,1,0,0
3245,3245.0,32.45,-4.366254374999995,-5.182184008207831,-4.35560353045078,0.8159296332078361,0.010650844549215499,-0.8052787886586206,1,1,0,0
3246,3246.0,32.46,-4.355128499999997,-5.173014067530528,-4.345818131405691,0.8178855675305314,0.009310368594305451,-0.808575198936226,1,1,0,0
3247,3247.0,32.47,-4.3440026250000034,-5.161589392787366,-4.334275554644665,0.817586767787363,0.009727070355338263,-0.8078596974320247,1,1,0,0
3248,3248.0,32.48,-4.332876749999993,-5.149876194495102,-4.32238080996723,0.8169994444951083,0.010495940032763329,-0.806503504462345,1,1,0,0
3249,3249.0,32.49,-4.321750874999995,-5.141052009931346,-4.311107048765917,0.8193011349313508,0.010643826234077558,-0.8086573086972733,1,1,0,0
3250,3250.0,32.5,-4.3106249999999955,-5.12831404457711,-4.3010665542101965,0.8176890445771141,0.00955844578979903,-0.8081305987873151,1,1,0,0
3251,3251.0,32.51,-4.299476625000003,-5.117222791142939,-4.290422255083054,0.8177461661429355,0.009054369916949412,-0.8086917962259861,1,1,0,0
3252,3252.0,32.52,-4.288328249999998,-5.106871493948649,-4.27995782810918,0.8185432439486506,0.008370421890818491,-0.8101728220578321,1,1,0,0
3253,3253.0,32.53,-4.277179875000001,-5.096337796839779,-4.2677920752456915,0.8191579218397784,0.009387799754309256,-0.8097701220854692,1,1,0,0
3254,3254.0,32.54,-4.266031500000001,-5.08463931314792,-4.257976635739991,0.8186078131479189,0.008054864260010675,-0.8105529488879082,1,1,0,0
3255,3255.0,32.55,-4.254883125000003,-5.074100242787154,-4.245928983880961,0.8192171177871517,0.008954141119041914,-0.8102629766681098,1,1,0,0
3256,3256.0,32.56,-4.243714499999994,-5.0650874333784115,-4.234667626877277,0.8213729333784174,0.009046873122716903,-0.8123260602557005,1,1,0,0
3257,3257.0,32.57,-4.232545874999997,-5.056648716213801,-4.224372396723729,0.8241028412138043,0.008173478276267687,-0.8159293629375366,1,1,0,0
3258,3258.0,32.58,-4.221377250000001,-5.044983396247413,-4.212552512883579,0.8236061462474122,0.008824737116421844,-0.8147814091309904,1,1,0,0
3259,3259.0,32.59,-4.210208624999997,-5.036070897181071,-4.202773483265146,0.825862272181074,0.0074351417348514914,-0.8184271304462225,1,1,0,0
3260,3260.0,32.6,-4.19904,-5.0241048201665155,-4.191979143763001,0.8250648201665154,0.007060856236998703,-0.8180039639295167,1,1,0,0
3261,3261.0,32.61,-4.187853375000001,-5.009822262864525,-4.182662213057882,0.8219688878645233,0.005191161942119216,-0.816777725922404,1,1,0,0
3262,3262.0,32.62,-4.176666750000002,-4.994975822218668,-4.172701214007827,0.8183090722186668,0.003965535992175084,-0.8143435362264917,1,1,0,0
3263,3263.0,32.63,-4.165480124999997,-4.9804094661472345,-4.160304577360106,0.8149293411472378,0.0051755476398902545,-0.8097537935073476,1,1,0,0
3264,3264.0,32.64,-4.154293499999997,-4.968736649353279,-4.147108068151491,0.8144431493532824,0.007185431848506063,-0.8072577175047764,1,1,0,0
3265,3265.0,32.65,-4.1431068750000035,-4.956477111805438,-4.135560229601366,0.8133702368054347,0.007546645398637253,-0.8058235914067975,1,1,0,0
3266,3266.0,32.66,-4.131904499999998,-4.945416719622724,-4.12342884032307,0.8135122196227256,0.008475659676927982,-0.8050365599457976,1,1,0,0
3267,3267.0,32.67,-4.1207021249999976,-4.934070401746048,-4.110862349832632,0.8133682767460506,0.009839775167365339,-0.8035285015786853,1,1,0,0
3268,3268.0,32.68,-4.109499749999998,-4.923575973951429,-4.100004550826029,0.8140762239514316,0.009495199173968238,-0.8045810247774634,1,1,0,0
3269,3269.0,32.69,-4.098297375000004,-4.911514838882429,-4.088864118713554,0.8132174638824248,0.009433256286450309,-0.8037842075959745,1,1,0,0
3270,3270.0,32.7,-4.087094999999998,-4.90287116289205,-4.078357366908789,0.8157761628920523,0.008737633091208785,-0.8070385298008436,1,1,0,0
3271,3271.0,32.71,-4.075879124999998,-4.891856945370764,-4.066890472902434,0.8159778203707653,0.008988652097563943,-0.8069891682732013,1,1,0,0
3272,3272.0,32.72,-4.06466325,-4.880536488318455,-4.0566548358820915,0.8158732383184555,0.008008414117908202,-0.8078648242005473,1,1,0,0
3273,3273.0,32.73,-4.053447374999995,-4.866860037901896,-4.045627142628038,0.813412662901901,0.007820232371956948,-0.805592430529944,1,1,0,0
3274,3274.0,32.74,-4.042231499999996,-4.8531701976913,-4.034249701824001,0.810938697691304,0.007981798175995536,-0.8029568995153085,1,1,0,0
3275,3275.0,32.75,-4.031015624999997,-4.843252742781609,-4.022540233908261,0.8122371177816126,0.008475391091735673,-0.8037617266898769,1,1,0,0
3276,3276.0,32.76,-4.0197885000000015,-4.830978611620688,-4.012147208714864,0.8111901116206868,0.007641291285137797,-0.803548820335549,1,1,0,0
3277,3277.0,32.77,-4.008561374999999,-4.818299181148711,-4.001764381391913,0.8097378061487115,0.006796993608086055,-0.8029408125406254,1,1,0,0
3278,3278.0,32.78,-3.9973342499999975,-4.8083071146201215,-3.9896379269067186,0.810972864620124,0.007696323093278945,-0.803276541526845,1,1,0,0
3279,3279.0,32.79,-3.9861071250000015,-4.799287590302591,-3.977674102510198,0.8131804653025898,0.008433022489803488,-0.8047474428127863,1,1,0,0
3280,3280.0,32.8,-3.974880000000006,-4.788798426959491,-3.9656719838315455,0.8139184269594848,0.009208016168460453,-0.8047104107910243,1,1,0,0
3281,3281.0,32.81,-3.963643874999997,-4.778632421045113,-3.955702451821383,0.8149885460451163,0.007941423178614126,-0.8070471228665022,1,1,0,0
3282,3282.0,32.82,-3.9524077499999994,-4.767482059399474,-3.9452946108578324,0.8150743093994746,0.0071131391421670465,-0.8079611702573075,1,1,0,0
3283,3283.0,32.83,-3.941171625000002,-4.757376402484875,-3.931839180311387,0.8162047774848724,0.009332444688615382,-0.806872332796257,1,1,0,0
3284,3284.0,32.84,-3.9299354999999934,-4.745427268126787,-3.9191275199626476,0.8154917681267935,0.010807980037345732,-0.8046837880894477,1,1,0,0
3285,3285.0,32.85,-3.9186993749999965,-4.736206978046012,-3.90731610583974,0.8175076030460158,0.01138326916025667,-0.8061243338857591,1,1,0,0
3286,3286.0,32.86,-3.907456499999999,-4.724560262023495,-3.8983254274099717,0.8171037620234958,0.009131072590027323,-0.8079726894334684,1,1,0,0
3287,3287.0,32.87,-3.896213625000003,-4.711617516406851,-3.8876172306530763,0.8154038914068482,0.008596394346926495,-0.8068074970599217,1,1,0,0
3288,3288.0,32.88,-3.884970749999995,-4.7021152433249265,-3.87591670748492,0.8171444933249314,0.009054042515074912,-0.8080904508098565,1,1,0,0
3289,3289.0,32.89,-3.8737278749999975,-4.69099357462279,-3.8650739024201473,0.8172656996227925,0.008653972579850233,-0.8086117270429423,1,1,0,0
3290,3290.0,32.9,-3.862485000000001,-4.6800187407753,-3.8531989445643173,0.8175337407752994,0.009286055435683505,-0.8082476853396159,1,1,0,0
3291,3291.0,32.91,-3.8512376249999956,-4.668613136828158,-3.843022107846705,0.8173755118281627,0.008215517153290719,-0.809159994674872,1,1,0,0
3292,3292.0,32.92,-3.839990249999995,-4.657698839651414,-3.831825250107948,0.8177085896514189,0.00816499989204722,-0.8095435897593717,1,1,0,0
3293,3293.0,32.93,-3.828742875000001,-4.644127298573332,-3.8201275623053337,0.8153844235733314,0.00861531269466731,-0.8067691108786641,1,1,0,0
3294,3294.0,32.94,-3.8174955000000006,-4.6324069714143015,-3.8087586771541933,0.8149114714143009,0.008736822845807346,-0.8061746485684935,1,1,0,0
3295,3295.0,32.95,-3.8062481249999944,-4.621424984262554,-3.7976110317770084,0.8151768592625599,0.008637093222986003,-0.8065397660395739,1,1,0,0
3296,3296.0,32.96,-3.794998499999999,-4.610705363929542,-3.7882183376364855,0.8157068639295431,0.006780162363513309,-0.8089267015660297,1,1,0,0
3297,3297.0,32.97,-3.783748875000003,-4.598255160293145,-3.7768285424145613,0.8145062852931422,0.006920332585441447,-0.8075859527077007,1,1,0,0
3298,3298.0,32.98,-3.7724992499999948,-4.585990461232043,-3.7655495739422022,0.8134912112320478,0.006949676057792509,-0.8065415351742553,1,1,0,0
3299,3299.0,32.99,-3.7612496249999983,-4.57439430223938,-3.7555188106579993,0.8131446772393818,0.005730814341998958,-0.8074138628973828,1,1,0,0
3300,3300.0,33.0,-3.750000000000002,-4.563984179170321,-3.7433052359720933,0.8139841791703186,0.006694764027908917,-0.8072894151424097,1,1,0,0
3301,3301.0,33.01,-3.7387503750000004,-4.553326353547256,-3.7322928249527867,0.8145759785472553,0.0064575500472137115,-0.8081184285000416,1,1,0,0
3302,3302.0,33.02,-3.7275007499999986,-4.5392958796096945,-3.7205943664670142,0.8117951296096959,0.006906383532984339,-0.8048887460767116,1,1,0,0
3303,3303.0,33.03,-3.7162511249999968,-4.523257880385012,-3.709334551786349,0.8070067553850153,0.006916573213647581,-0.8000901821713677,1,1,0,0
3304,3304.0,33.04,-3.7050015000000003,-4.509583328696454,-3.698950084236774,0.8045818286964539,0.00605141576322632,-0.7985304129332276,1,1,0,0
3305,3305.0,33.05,-3.6937518750000042,-4.498445671780815,-3.688913638191734,0.804693796780811,0.004838236808270224,-0.7998555599725408,1,1,0,0
3306,3306.0,33.06,-3.6825044999999985,-4.485143497910572,-3.678861283634666,0.8026389979105737,0.003643216365332602,-0.7989957815452411,1,1,0,0
3307,3307.0,33.07,-3.6712571249999986,-4.470582626088943,-3.6680177249488737,0.7993255010889442,0.0032394000511248855,-0.7960861010378193,1,1,0,0
3308,3308.0,33.08,-3.660009750000004,-4.457732171935005,-3.6556831530160525,0.797722421935001,0.004326596983951436,-0.7933958249510495,1,1,0,0
3309,3309.0,33.09,-3.6487623749999987,-4.444507898762252,-3.645055132747033,0.7957455237622533,0.0037072422529655924,-0.7920382815092877,1,1,0,0
3310,3310.0,33.1,-3.637514999999998,-4.434603819180346,-3.634073836276112,0.797088819180348,0.0034411637238860315,-0.793647655456462,1,1,0,0
3311,3311.0,33.11,-3.626272125000001,-4.4231537719311325,-3.6235555305017986,0.7968816469311313,0.002716594498202607,-0.7941650524329287,1,1,0,0
3312,3312.0,33.12,-3.6150292500000045,-4.4106252737283524,-3.6118730488612365,0.7955960237283479,0.0031562011387680222,-0.7924398225895799,1,1,0,0
3313,3313.0,33.13,-3.603786374999996,-4.398976555173106,-3.5983815138127047,0.79519018017311,0.005404861187291221,-0.7897853189858188,1,1,0,0
3314,3314.0,33.14,-3.5925434999999992,-4.386290978152649,-3.5869931617550863,0.7937474781526501,0.005550338244912911,-0.7881971399077372,1,1,0,0
3315,3315.0,33.15,-3.581300625000003,-4.372943499172755,-3.57532535933654,0.7916428741727519,0.00597526566346307,-0.7856676085092889,1,1,0,0
3316,3316.0,33.16,-3.570064499999994,-4.360942104790551,-3.5638210080231723,0.7908776047905568,0.0062434919768219466,-0.7846341128137349,1,1,0,0
3317,3317.0,33.17,-3.558828374999997,-4.346342219492214,-3.5519636864330977,0.7875138444922167,0.0068646885668992574,-0.7806491559253175,1,1,0,0
3318,3318.0,33.18,-3.5475922499999997,-4.3320205106382215,-3.540184168448398,0.7844282606382218,0.007408081551601775,-0.77702017908662,1,1,0,0
3319,3319.0,33.19,-3.5363561250000024,-4.321364109801527,-3.528971769290853,0.7850079848015246,0.007384355709149304,-0.7776236290923753,1,1,0,0
3320,3320.0,33.2,-3.5251199999999994,-4.309337595858937,-3.5157182704495438,0.7842175958589372,0.009401729550455595,-0.7748158663084816,1,1,0,0
3321,3321.0,33.21,-3.5138928749999976,-4.298104920724552,-3.5062182461177946,0.7842120457245545,0.0076746288822029385,-0.7765374168423516,1,1,0,0
3322,3322.0,33.22,-3.5026657500000016,-4.287511102446384,-3.494330191605254,0.7848453524463825,0.008335558394747533,-0.776509794051635,1,1,0,0
3323,3323.0,33.23,-3.491438624999994,-4.2731855009289275,-3.483490451148763,0.7817468759289334,0.007948173851231033,-0.7737987020777024,1,1,0,0
3324,3324.0,33.24,-3.480211499999998,-4.262256242824021,-3.471864853173066,0.7820447428240231,0.00834664682693198,-0.7736980959970912,1,1,0,0
3325,3325.0,33.25,-3.468984375000002,-4.251233499784175,-3.460678150664247,0.782249124784173,0.008306224335755008,-0.773942900448418,1,1,0,0
3326,3326.0,33.26,-3.457768500000003,-4.236512405269916,-3.4502887425802253,0.7787439052699128,0.007479757419777577,-0.7712641478501352,1,1,0,0
3327,3327.0,33.27,-3.446552624999998,-4.224950159934664,-3.43835092933674,0.7783975349346663,0.008201695663258235,-0.7701958392714081,1,1,0,0
3328,3328.0,33.28,-3.4353367499999994,-4.209828959662461,-3.4285751602078296,0.774492209662462,0.0067615897921697865,-0.7677306198702922,1,1,0,0
3329,3329.0,33.29,-3.4241208750000003,-4.196749958902086,-3.416796384211926,0.772629083902086,0.007324490788074289,-0.7653045931140117,1,1,0,0
3330,3330.0,33.3,-3.4129050000000016,-4.186770350628857,-3.405281547399413,0.7738653506288551,0.00762345260058872,-0.7662418980282664,1,1,0,0
3331,3331.0,33.31,-3.401702624999996,-4.173140841348079,-3.394979869108033,0.7714382163480833,0.006722755891963139,-0.7647154604561202,1,1,0,0
3332,3332.0,33.32,-3.3905002500000014,-4.1634401599910955,-3.383267590012154,0.7729399099910941,0.007232659987847612,-0.7657072500032465,1,1,0,0
3333,3333.0,33.33,-3.3792978750000016,-4.1520800214698195,-3.37273985035629,0.7727821464698179,0.00655802464371158,-0.7662241218261063,1,1,0,0
3334,3334.0,33.34,-3.368095499999996,-4.138704751214202,-3.3600321189808966,0.7706092512142058,0.008063381019099314,-0.7625458701951064,1,1,0,0
3335,3335.0,33.35,-3.3568931249999956,-4.126187662866019,-3.349310325148978,0.7692945378660232,0.007582799851017619,-0.7617117380150056,1,1,0,0
3336,3336.0,33.36,-3.345706500000002,-4.112119705650953,-3.3409511979851496,0.7664132056509505,0.004755302014852525,-0.761657903636098,1,1,0,0
3337,3337.0,33.37,-3.334519875000003,-4.098382279609252,-3.329019901373318,0.7638624046092493,0.005499973626684973,-0.7583624309825643,1,1,0,0
3338,3338.0,33.38,-3.323333249999998,-4.083559948074437,-3.3163150406515247,0.760226698074439,0.007018209348473192,-0.7532084887259658,1,1,0,0
3339,3339.0,33.39,-3.3121466249999982,-4.070855648882864,-3.3039227852994495,0.7587090238828655,0.00822383970054874,-0.7504851841823168,1,1,0,0
3340,3340.0,33.4,-3.3009600000000043,-4.057105426645216,-3.2924885598063933,0.7561454266452117,0.008471440193611013,-0.7476739864516007,1,1,0,0
3341,3341.0,33.41,-3.289791374999996,-4.042881366410178,-3.2805394645213526,0.7530899914101821,0.009251910478643488,-0.7438380809315386,1,1,0,0
3342,3342.0,33.42,-3.278622749999999,-4.028875286265847,-3.268947359455267,0.7502525362658479,0.009675390544731766,-0.7405771457211161,1,1,0,0
3343,3343.0,33.43,-3.267454125000002,-4.0137617766106,-3.256131640097495,0.7463076516105982,0.011322484902507313,-0.7349851667080909,1,1,0,0
3344,3344.0,33.44,-3.256285500000005,-4.002220745349098,-3.244304073798894,0.7459352453490933,0.011981426201110867,-0.7339538191479824,1,1,0,0
3345,3345.0,33.45,-3.245116874999997,-3.9881864794214805,-3.232041483333889,0.7430696044214837,0.013075391666107716,-0.729994212755376,1,1,0,0
3346,3346.0,33.46,-3.233968499999998,-3.9743251280928495,-3.221441353120928,0.7403566280928517,0.01252714687906975,-0.727829481213782,1,1,0,0
3347,3347.0,33.47,-3.2228201249999993,-3.962968842110143,-3.210319497994287,0.7401487171101437,0.012500627005712417,-0.7276480901044313,1,1,0,0
3348,3348.0,33.48,-3.211671749999995,-3.9481684341826746,-3.19872966685994,0.7364966841826797,0.012942083140055072,-0.7235546010426246,1,1,0,0
3349,3349.0,33.49,-3.200523374999996,-3.9340558864317074,-3.1860812918390864,0.7335325114317115,0.014442083160909558,-0.7190904282708019,1,1,0,0
3350,3350.0,33.5,-3.1893749999999974,-3.921817650350444,-3.173772435653658,0.7324426503504466,0.015602564346339332,-0.7168400860041073,1,1,0,0
3351,3351.0,33.51,-3.1782491250000047,-3.9059153561639777,-3.163570116405915,0.727666231163973,0.014679008594089549,-0.7129872225698834,1,1,0,0
3352,3352.0,33.52,-3.167123249999994,-3.8916861041511774,-3.1518462437821575,0.7245628541511833,0.015277006217836675,-0.7092858479333466,1,1,0,0
3353,3353.0,33.53,-3.155997374999996,-3.879453320702396,-3.1396054580329085,0.7234559457023999,0.01639191696708764,-0.7070640287353123,1,1,0,0
3354,3354.0,33.54,-3.144871500000003,-3.864394846683079,-3.12660035536653,0.7195233466830762,0.018271144633473124,-0.701252202049603,1,1,0,0
3355,3355.0,33.55,-3.133745625000004,-3.8519805867175325,-3.1160497244648995,0.7182349617175285,0.017695900535104503,-0.700539061182424,1,1,0,0
3356,3356.0,33.56,-3.122644499999996,-3.837187209595882,-3.1057130345196557,0.7145427095958863,0.01693146548034008,-0.6976112441155462,1,1,0,0
3357,3357.0,33.57,-3.1115433749999992,-3.8214116291891895,-3.0925342014968624,0.7098682541891903,0.0190091735031368,-0.6908590806860535,1,1,0,0
3358,3358.0,33.58,-3.100442250000002,-3.8074308524044382,-3.0818193739986635,0.7069886024044361,0.018622876001338717,-0.6883657264030973,1,1,0,0
3359,3359.0,33.59,-3.089341124999994,-3.7930156087542373,-3.0689877714892972,0.7036744837542432,0.02035335351069678,-0.6833211302435465,1,1,0,0
3360,3360.0,33.6,-3.0782399999999974,-3.7769851121630014,-3.0577526787267235,0.698745112163004,0.020487321273273906,-0.67825779088973,1,1,0,0
3361,3361.0,33.61,-3.067165875000004,-3.7635913040651032,-3.0470582798417043,0.6964254290650991,0.02010759515829985,-0.6763178339067992,1,1,0,0
3362,3362.0,33.62,-3.0560917500000047,-3.7470785375663995,-3.033522493994555,0.6909867875663949,0.022569256005449567,-0.6684175315609453,1,1,0,0
3363,3363.0,33.63,-3.0450176249999945,-3.731877702194555,-3.021322506451741,0.6868600771945603,0.023695118548253458,-0.6631649586463069,1,1,0,0
3364,3364.0,33.64,-3.0339435000000012,-3.720079644816338,-3.0114825856831664,0.6861361448163366,0.022460914316834835,-0.6636752304995017,1,1,0,0
3365,3365.0,33.65,-3.022869375000002,-3.7067912076116905,-3.00143571771286,0.6839218326116883,0.021433657287142083,-0.6624881753245462,1,1,0,0
3366,3366.0,33.66,-3.0118244999999972,-3.6910100572387297,-2.9904143930521982,0.6791855572387324,0.02141010694779899,-0.6577754502909334,1,1,0,0
3367,3367.0,33.67,-3.000779624999997,-3.6762686516359584,-2.9787847806913748,0.6754890266359612,0.02199484430862242,-0.6534941823273388,1,1,0,0
3368,3368.0,33.68,-2.9897347500000038,-3.660148000196593,-2.967868681956881,0.6704132501965891,0.021866068043122855,-0.6485471821534663,1,1,0,0
3369,3369.0,33.69,-2.978689875000004,-3.643184106701753,-2.955652334011755,0.6644942317017488,0.023037540988249283,-0.6414566907134995,1,1,0,0
3370,3370.0,33.7,-2.9676449999999988,-3.629797622838956,-2.946031205882124,0.6621526228389572,0.021613794117874896,-0.6405388287210823,1,1,0,0
3371,3371.0,33.71,-2.956631625000001,-3.6151503823236384,-2.934546549575931,0.6585187573236375,0.02208507542406979,-0.6364336818995677,1,1,0,0
3372,3372.0,33.72,-2.9456182500000025,-3.601848734040759,-2.92313975966747,0.6562304840407562,0.022478490332532353,-0.6337519937082239,1,1,0,0
3373,3373.0,33.73,-2.9346048749999984,-3.5871090646158037,-2.9123904359812705,0.6525041896158053,0.022214439018727994,-0.6302897505970773,1,1,0,0
3374,3374.0,33.74,-2.9235915,-3.5733014927081466,-2.9005775753984486,0.6497099927081464,0.023013924601551494,-0.626696068106595,1,1,0,0
3375,3375.0,33.75,-2.912578125000002,-3.5586566002951225,-2.8889675406959556,0.6460784752951207,0.023610584304046167,-0.6224678909910746,1,1,0,0
3376,3376.0,33.76,-2.901598500000001,-3.5447141331407996,-2.877782847773234,0.6431156331407988,0.023815652226766737,-0.619299980914032,1,1,0,0
3377,3377.0,33.77,-2.890618874999994,-3.529491484796551,-2.867086210136056,0.6388726097965569,0.023532664863938013,-0.6153399449326189,1,1,0,0
3378,3378.0,33.78,-2.8796392499999985,-3.5108822631668346,-2.8540233797243224,0.6312430131668361,0.025615870275676134,-0.6056271428911599,1,1,0,0
3379,3379.0,33.79,-2.868659625000004,-3.494422469978539,-2.8423199946743787,0.6257628449785351,0.02633963032562514,-0.5994232146529099,1,1,0,0
3380,3380.0,33.8,-2.8576800000000024,-3.476806505397851,-2.830366558508125,0.6191265053978485,0.027313441491877644,-0.5918130639059709,1,1,0,0
3381,3381.0,33.81,-2.846736374999995,-3.461962724898397,-2.8201043651143833,0.6152263498984021,0.02663200988561165,-0.5885943400127904,1,1,0,0
3382,3382.0,33.82,-2.835792749999998,-3.4477986193929673,-2.8095184621978713,0.6120058693929691,0.026274287802126928,-0.5857315815908422,1,1,0,0
3383,3383.0,33.83,-2.8248491250000023,-3.432236507761736,-2.7979933667004317,0.6073873827617335,0.026855758299570542,-0.580531624462163,1,1,0,0
3384,3384.0,33.84,-2.8139054999999944,-3.4191535191675446,-2.7868436304071484,0.6052480191675502,0.027061869592845955,-0.5781861495747043,1,1,0,0
3385,3385.0,33.85,-2.802961874999998,-3.4028320492668143,-2.7757550054484392,0.5998701742668162,0.02720686955155882,-0.5726633047152574,1,1,0,0
3386,3386.0,33.86,-2.7920565000000024,-3.3844637357726253,-2.764158182420462,0.5924072357726229,0.02789831757954042,-0.5645089181930825,1,1,0,0
3387,3387.0,33.87,-2.781151125000001,-3.369370167938408,-2.751477233448318,0.5882190429384071,0.029673891551682985,-0.5585451513867241,1,1,0,0
3388,3388.0,33.88,-2.77024575,-3.35225744340874,-2.739889838652132,0.5820116934087403,0.03035591134786797,-0.5516557820608723,1,1,0,0
3389,3389.0,33.89,-2.7593403749999985,-3.3362265019132207,-2.7265683747851153,0.5768861269132222,0.032772000214883246,-0.5441141266983389,1,1,0,0
3390,3390.0,33.9,-2.748435000000003,-3.3223807822504363,-2.714435721273273,0.5739457822504335,0.03399927872672981,-0.5399465035237037,1,1,0,0
3391,3391.0,33.91,-2.737570124999998,-3.306994065460442,-2.702804162085915,0.5694239404604438,0.03476596291408329,-0.5346579775463605,1,1,0,0
3392,3392.0,33.92,-2.7267052499999993,-3.2929528273467126,-2.6927665663820486,0.5662475773467133,0.033938683617950716,-0.5323088937287626,1,1,0,0
3393,3393.0,33.93,-2.7158403750000004,-3.275807022860524,-2.6821478575559388,0.5599666478605236,0.033692517444061654,-0.526274130416462,1,1,0,0
3394,3394.0,33.94,-2.7049755000000015,-3.25967088495478,-2.6706569513579343,0.5546953849547784,0.03431854864206718,-0.5203768363127113,1,1,0,0
3395,3395.0,33.95,-2.694110624999997,-3.2452263490026247,-2.661182990744843,0.5511157240026279,0.03292763425515366,-0.5181880897474742,1,1,0,0
3396,3396.0,33.96,-2.683288499999996,-3.2282303163138617,-2.6498793751034695,0.5449418163138655,0.0334091248965267,-0.5115326914173388,1,1,0,0
3397,3397.0,33.97,-2.6724663750000013,-3.2141633112124772,-2.638934069368783,0.5416969362124759,0.03353230563121823,-0.5081646305812577,1,1,0,0
3398,3398.0,33.98,-2.6616442499999953,-3.1999129587709536,-2.62737205429609,0.5382687087709583,0.03427219570390516,-0.5039965130670532,1,1,0,0
3399,3399.0,33.99,-2.6508221249999946,-3.186039782026123,-2.615045767592434,0.5352176570261284,0.03577635740756069,-0.49944129961856776,1,1,0,0
3400,3400.0,34.0,-2.64,-3.171169053248047,-2.604308078859706,0.5311690532480471,0.03569192114029418,-0.4954771321077529,1,1,0,0
3401,3401.0,34.01,-2.629222875,-3.1542983155807423,-2.596065401214516,0.5250754405807423,0.03315747378548384,-0.49191796679525845,1,1,0,0
3402,3402.0,34.02,-2.6184457499999936,-3.1381981416676017,-2.585279620881636,0.5197523916676081,0.03316612911835737,-0.48658626254925075,1,1,0,0
3403,3403.0,34.03,-2.6076686249999987,-3.123142158011215,-2.572374511285362,0.5154735330112161,0.035294113714636755,-0.48017941929657937,1,1,0,0
3404,3404.0,34.04,-2.5968914999999986,-3.107487427896081,-2.5611462056512893,0.5105959278960825,0.03574529434870932,-0.4748506335473732,1,1,0,0
3405,3405.0,34.05,-2.586114375000004,-3.092479615173124,-2.5504543619791415,0.5063652401731198,0.035660013020862635,-0.47070522715225716,1,1,0,0
3406,3406.0,34.06,-2.5753844999999997,-3.0792957097356157,-2.5402037043674746,0.503911209735616,0.035180795632525186,-0.4687304141030908,1,1,0,0
3407,3407.0,34.07,-2.5646546250000015,-3.064475772151017,-2.5302554002299034,0.49982114715101567,0.03439922477009816,-0.4654219223809175,1,1,0,0
3408,3408.0,34.08,-2.553924750000003,-3.050016482536978,-2.5176407344233613,0.49609173253697536,0.036284015576641515,-0.45980771696033385,1,1,0,0
3409,3409.0,34.09,-2.543194874999999,-3.033986772455249,-2.506487984865192,0.4907918974552503,0.03670689013480688,-0.45408500732044343,1,1,0,0
3410,3410.0,34.1,-2.532465,-3.0172870188520275,-2.49590468453859,0.48482201885202736,0.03656031546141003,-0.4482617033906173,1,1,0,0
3411,3411.0,34.11,-2.5217846249999996,-3.0039693912540715,-2.485181143719725,0.4821847662540719,0.036603481280274686,-0.44558128497379723,1,1,0,0
3412,3412.0,34.12,-2.5111042500000047,-2.988362797780734,-2.4729310864251373,0.4772585477807292,0.03817316357486744,-0.43908538420586174,1,1,0,0
3413,3413.0,34.13,-2.5004238749999983,-2.974401489320415,-2.4602377313376977,0.47397761432041685,0.040186143662300555,-0.4337914706581163,1,1,0,0
3414,3414.0,34.14,-2.4897434999999977,-2.959243471694818,-2.4493786405689884,0.4694999716948205,0.040364859431009315,-0.4291351122638112,1,1,0,0
3415,3415.0,34.15,-2.479063125000003,-2.9427282676898647,-2.4385152674766477,0.4636651426898619,0.0405478575233551,-0.4231172851665068,1,1,0,0
3416,3416.0,34.16,-2.468434499999996,-2.9290533971205046,-2.4281628409609612,0.46061889712050874,0.040271659039034624,-0.4203472380814741,1,1,0,0
3417,3417.0,34.17,-2.457805874999995,-2.9141433632476037,-2.415939152066134,0.45633748824760856,0.041866722933860956,-0.4144707653137476,1,1,0,0
3418,3418.0,34.18,-2.4471772499999997,-2.9012596767059233,-2.406304911917883,0.4540824267059236,0.040872338082116766,-0.4132100886238068,1,1,0,0
3419,3419.0,34.19,-2.436548625000005,-2.8865073491064583,-2.3958372329103925,0.44995872410645354,0.040711392089612275,-0.40924733201684127,1,1,0,0
3420,3420.0,34.2,-2.425919999999998,-2.8733646455919617,-2.385004944007553,0.44744464559196384,0.04091505599244494,-0.4065295895995189,1,1,0,0
3421,3421.0,34.21,-2.415345374999998,-2.8583749725206684,-2.3753605002593168,0.4430295975206704,0.03998487474068124,-0.40304472277998915,1,1,0,0
3422,3422.0,34.22,-2.404770749999998,-2.8415150384298338,-2.3636465442295775,0.4367442884298356,0.04112420577042064,-0.39562008265941495,1,1,0,0
3423,3423.0,34.23,-2.394196124999993,-2.826350996125565,-2.3526234141008717,0.4321548711255718,0.04157271089912129,-0.39058216022645054,1,1,0,0
3424,3424.0,34.24,-2.383621499999999,-2.812720708532455,-2.3410776658242964,0.4290992085324561,0.04254383417570251,-0.3865553743567536,1,1,0,0
3425,3425.0,34.25,-2.3730468749999996,-2.79875327689688,-2.3292605373535777,0.4257064018968806,0.043786337646421813,-0.38192006425045877,1,1,0,0
3426,3426.0,34.26,-2.362528500000003,-2.7848616973352267,-2.318226851704589,0.4223331973352238,0.04430164829541372,-0.37803154903981007,1,1,0,0
3427,3427.0,34.27,-2.3520101249999943,-2.76950491961678,-2.306980831531489,0.41749479461678574,0.04502929346850548,-0.37246550114828025,1,1,0,0
3428,3428.0,34.28,-2.341491749999998,-2.7547963128810617,-2.2949014995892383,0.41330456288106365,0.046590250410759815,-0.36671431247030384,1,1,0,0
3429,3429.0,34.29,-2.330973375000001,-2.739912352306496,-2.2833488956703154,0.40893897730649487,0.04762447932968561,-0.36131449797680926,1,1,0,0
3430,3430.0,34.3,-2.3204549999999933,-2.726615953420112,-2.27433485447796,0.4061609534201187,0.04612014552203325,-0.36004080789808546,1,1,0,0
3431,3431.0,34.31,-2.3099951249999955,-2.7111310622677474,-2.264526919083535,0.4011359372677519,0.04546820591646039,-0.3556677313512915,1,1,0,0
3432,3432.0,34.32,-2.299535249999998,-2.696200724592295,-2.2541185471450698,0.39666547459229706,0.04541670285492838,-0.3512487717373687,1,1,0,0
3433,3433.0,34.33,-2.2890753750000004,-2.6792675913696726,-2.242833584489391,0.3901922163696723,0.04624179051060917,-0.3439504258590631,1,1,0,0
3434,3434.0,34.34,-2.2786154999999972,-2.6635607878129655,-2.2315398460623657,0.3849452878129682,0.04707565393763158,-0.33786963387533664,1,1,0,0
3435,3435.0,34.35,-2.2681556249999995,-2.648707129077866,-2.2188606306481433,0.38055150407786664,0.049294994351856136,-0.3312565097260105,1,1,0,0
3436,3436.0,34.36,-2.257756500000003,-2.6369350190921184,-2.2077099823719273,0.37917851909211553,0.05004651762807555,-0.32913200146404,1,1,0,0
3437,3437.0,34.37,-2.247357375,-2.624905884040374,-2.1971300263649733,0.37754850904037385,0.05022734863502665,-0.3273211604053472,1,1,0,0
3438,3438.0,34.38,-2.2369582499999976,-2.60945480693626,-2.186409644045408,0.3724965569362624,0.050548605954589654,-0.3219479509816727,1,1,0,0
3439,3439.0,34.39,-2.226559125000001,-2.5953752798182097,-2.1764472119728913,0.36881615481820873,0.05011191302710971,-0.318704241791099,1,1,0,0
3440,3440.0,34.4,-2.2161600000000035,-2.580512868063041,-2.1658097730105603,0.3643528680630377,0.050350226989443136,-0.31400264107359455,1,1,0,0
3441,3441.0,34.41,-2.205823874999998,-2.5645596339631638,-2.156132393590803,0.3587357589631659,0.04969148140919488,-0.309044277553971,1,1,0,0
3442,3442.0,34.42,-2.1954877499999976,-2.551483618555445,-2.146262213122324,0.3559958685554472,0.049225536877673726,-0.30677033167777346,1,1,0,0
3443,3443.0,34.43,-2.1851516249999983,-2.5356854230703965,-2.1349061177187303,0.3505337980703982,0.050245507281267976,-0.3002882907891302,1,1,0,0
3444,3444.0,34.44,-2.1748155000000033,-2.522071124455927,-2.1234931621026205,0.3472556244559235,0.05132233789738283,-0.2959332865585407,1,1,0,0
3445,3445.0,34.45,-2.1644793749999978,-2.5056818350530334,-2.1116042290153305,0.34120246005303567,0.05287514598466725,-0.2883273140683684,1,1,0,0
3446,3446.0,34.46,-2.154208500000002,-2.488622547976278,-2.1018883717513996,0.33441404797627605,0.05232012824860233,-0.2820939197276737,1,1,0,0
3447,3447.0,34.47,-2.1439376250000004,-2.475899963980515,-2.091417294089264,0.33196233898051464,0.05252033091073649,-0.27944200806977815,1,1,0,0
3448,3448.0,34.48,-2.133666749999999,-2.461940202455697,-2.079602333264361,0.32827345245569806,0.05406441673563789,-0.27420903572006017,1,1,0,0
3449,3449.0,34.49,-2.1233958749999973,-2.4469902055783317,-2.0676238067213832,0.3235943305783344,0.05577206827861403,-0.2678222622997204,1,1,0,0
3450,3450.0,34.5,-2.1131250000000015,-2.4316228508819084,-2.0552744759966957,0.31849785088190696,0.057850524003305814,-0.26064732687860115,1,1,0,0
3451,3451.0,34.51,-2.102921625,-2.4176608511573723,-2.0457489385535377,0.31473922615737226,0.05717268644646234,-0.2575665397109099,1,1,0,0
3452,3452.0,34.52,-2.092718249999999,-2.4019579389490864,-2.0341052229129626,0.3092396889490874,0.05861302708703642,-0.25062666186205096,1,1,0,0
3453,3453.0,34.53,-2.082514874999997,-2.38726600793014,-2.0220867921034227,0.3047511329301429,0.06042808289657442,-0.24432305003356847,1,1,0,0
3454,3454.0,34.54,-2.0723115000000014,-2.372109616538846,-2.010153369921688,0.2997981165388448,0.06215813007831361,-0.2376399864605312,1,1,0,0
3455,3455.0,34.55,-2.0621081249999946,-2.3590927884090247,-2.001060575664131,0.29698466340903007,0.06104754933586376,-0.2359371140731663,1,1,0,0
3456,3456.0,34.56,-2.051974499999995,-2.34763963235066,-1.991951128202838,0.2956651323506647,0.06002337179715722,-0.2356417605535075,1,1,0,0
3457,3457.0,34.57,-2.0418408750000014,-2.332147211076609,-1.9813332397980317,0.2903063360766076,0.06050763520196978,-0.22979870087463783,1,1,0,0
3458,3458.0,34.58,-2.0317072500000024,-2.3188678211657905,-1.9710316538143753,0.2871605711657881,0.06067559618562712,-0.22648497498016096,1,1,0,0
3459,3459.0,34.59,-2.021573624999997,-2.3029462499495987,-1.9596698920308662,0.2813726249496016,0.06190373296913099,-0.2194688919804706,1,1,0,0
3460,3460.0,34.6,-2.0114399999999977,-2.284925024707061,-1.9495767843567517,0.2734850247070635,0.06186321564324593,-0.21162180906381756,1,1,0,0
3461,3461.0,34.61,-2.001378375000002,-2.2690154256207964,-1.9390168039065587,0.26763705062079435,0.06236157109344331,-0.20527547952735103,1,1,0,0
3462,3462.0,34.62,-1.9913167500000004,-2.2539063342402463,-1.928011923084386,0.2625895842402459,0.06330482691561445,-0.19928475732463147,1,1,0,0
3463,3463.0,34.63,-1.9812551249999988,-2.238876401723802,-1.917594909339721,0.2576212767238033,0.06366021566027769,-0.19396106106352562,1,1,0,0
3464,3464.0,34.64,-1.9711934999999974,-2.2244595404762366,-1.9068315143112222,0.25326604047623924,0.06436198568877516,-0.18890405478746408,1,1,0,0
3465,3465.0,34.65,-1.9611318750000017,-2.2089925836708466,-1.896978739861891,0.24786070867084486,0.06415313513811083,-0.18370757353273404,1,1,0,0
3466,3466.0,34.66,-1.9511444999999943,-2.196780800483728,-1.8873862293772248,0.24563630048373386,0.06375827062276951,-0.18187802986096435,1,1,0,0
3467,3467.0,34.67,-1.9411571249999982,-2.186045475687791,-1.8792058701843646,0.2448883506877928,0.06195125481563357,-0.18293709587215923,1,1,0,0
3468,3468.0,34.68,-1.9311697500000022,-2.1718236621208336,-1.8687757920990125,0.24065391212083131,0.06239395790098978,-0.17825995421984153,1,1,0,0
3469,3469.0,34.69,-1.9211823750000003,-2.160442459304172,-1.8595080795344305,0.23926008430417145,0.061674295465569795,-0.17758578883860165,1,1,0,0
3470,3470.0,34.7,-1.9111949999999984,-2.145880112231052,-1.8496011849972638,0.2346851122310536,0.06159381500273464,-0.17309129722831895,1,1,0,0
3471,3471.0,34.71,-1.9012841249999979,-2.1306203064358322,-1.8401965467531136,0.22933618143583434,0.061087578246884267,-0.16824860318895007,1,1,0,0
3472,3472.0,34.72,-1.8913732500000036,-2.118486671680223,-1.829702800880871,0.2271134216802193,0.061670449119132664,-0.16544297256108664,1,1,0,0
3473,3473.0,34.73,-1.8814623749999972,-2.1042472667464365,-1.8181548489750972,0.22278489174643923,0.06330752602490008,-0.15947736572153914,1,1,0,0
3474,3474.0,34.74,-1.8715514999999967,-2.091460439158204,-1.8083720486001138,0.21990893915820742,0.0631794513998829,-0.15672948775832451,1,1,0,0
3475,3475.0,34.75,-1.8616406249999964,-2.0781489769087043,-1.7984410554363113,0.21650835190870787,0.06319956956368511,-0.15330878234502276,1,1,0,0
3476,3476.0,34.76,-1.851808499999999,-2.0637545117350973,-1.7899526801691683,0.2119460117350982,0.06185581983083077,-0.15009019190426742,1,1,0,0
3477,3477.0,34.77,-1.841976374999996,-2.0520457757977555,-1.779482182683563,0.2100694007977595,0.06249419231643305,-0.14757520848132644,1,1,0,0
3478,3478.0,34.78,-1.832144249999999,-2.0410211390369875,-1.7689451755751417,0.20887688903698853,0.06319907442485717,-0.14567781461213136,1,1,0,0
3479,3479.0,34.79,-1.8223121250000018,-2.0274901074408205,-1.760188304700179,0.20517798244081864,0.062123820299822885,-0.14305416214099576,1,1,0,0
3480,3480.0,34.8,-1.8124799999999985,-2.0144917824018416,-1.7493416672652888,0.20201178240184303,0.0631383327347097,-0.13887344966713333,1,1,0,0
3481,3481.0,34.81,-1.8027288750000006,-2.0005655102420548,-1.7390011530406533,0.1978366352420542,0.06372772195934728,-0.1341089132827069,1,1,0,0
3482,3482.0,34.82,-1.7929777500000024,0.0,-1.7291162070972639,1.7929777500000024,0.06386154290273849,-1.7291162070972639,1,1,0,0
3483,3483.0,34.83,-1.7832266250000042,0.0,-1.7198978218179675,1.7832266250000042,0.06332880318203671,-1.7198978218179675,1,1,0,0
3484,3484.0,34.84,-1.7734754999999947,0.0,-1.7085617210621635,1.7734754999999947,0.06491377893783112,-1.7085617210621635,1,1,0,0
3485,3485.0,34.85,-1.7637243749999962,0.0,-1.698065914290296,1.7637243749999962,0.06565846070970016,-1.698065914290296,1,1,0,0
3486,3486.0,34.86,-1.754056499999999,0.0,-1.687842575161538,1.754056499999999,0.066213924838461,-1.687842575161538,1,1,0,0
3487,3487.0,34.87,-1.7443886250000018,0.0,-1.6782157850915893,1.7443886250000018,0.0661728399084125,-1.6782157850915893,1,1,0,0
3488,3488.0,34.88,-1.7347207499999988,0.0,-1.6685734648624921,1.7347207499999988,0.06614728513750667,-1.6685734648624921,1,1,0,0
3489,3489.0,34.89,-1.7250528750000014,0.0,-1.6566866599378434,1.7250528750000014,0.06836621506215801,-1.6566866599378434,1,1,0,0
3490,3490.0,34.9,-1.715385000000004,0.0,-1.6454452025486825,1.715385000000004,0.0699397974513214,-1.6454452025486825,1,1,0,0
3491,3491.0,34.91,-1.7058026249999978,0.0,-1.6350908979420473,1.7058026249999978,0.07071172705795048,-1.6350908979420473,1,1,0,0
3492,3492.0,34.92,-1.6962202499999972,0.0,-1.6251648544877053,1.6962202499999972,0.0710553955122919,-1.6251648544877053,1,1,0,0
3493,3493.0,34.93,-1.6866378750000026,0.0,-1.614912510685839,1.6866378750000026,0.07172536431416354,-1.614912510685839,1,1,0,0
3494,3494.0,34.94,-1.677055500000002,0.0,-1.603166347569118,1.677055500000002,0.07388915243088401,-1.603166347569118,1,1,0,0
3495,3495.0,34.95,-1.667473124999996,0.0,-1.5938721151622044,1.667473124999996,0.0736010098377915,-1.5938721151622044,1,1,0,0
3496,3496.0,34.96,-1.6579784999999998,0.0,-1.5842688200879897,1.6579784999999998,0.07370967991201005,-1.5842688200879897,1,1,0,0
3497,3497.0,34.97,-1.6484838750000035,0.0,-1.5747659926740858,1.6484838750000035,0.0737178823259177,-1.5747659926740858,1,1,0,0
3498,3498.0,34.98,-1.6389892499999958,0.0,-1.563594027921573,1.6389892499999958,0.07539522207842286,-1.563594027921573,1,1,0,0
3499,3499.0,34.99,-1.6294946249999998,0.0,-1.5517544736289615,1.6294946249999998,0.07774015137103829,-1.5517544736289615,1,1,0,0
3500,3500.0,35.0,-1.6199999999999979,0.0,-1.5421869711502347,1.6199999999999979,0.07781302884976316,-1.5421869711502347,1,1,0,0
3501,3501.0,35.01,-1.610595375000002,0.0,-1.5323419632270388,1.610595375000002,0.07825341177296319,-1.5323419632270388,1,1,0,0
3502,3502.0,35.02,-1.6011907499999944,0.0,-1.5225875285570152,1.6011907499999944,0.07860322144297927,-1.5225875285570152,1,1,0,0
3503,3503.0,35.03,-1.5917861249999987,0.0,-1.511490052501905,1.5917861249999987,0.08029607249809367,-1.511490052501905,1,1,0,0
3504,3504.0,35.04,-1.5823815000000028,0.0,-1.5021001583749582,1.5823815000000028,0.08028134162504452,-1.5021001583749582,1,1,0,0
3505,3505.0,35.05,-1.5729768749999955,0.0,-1.492587543842131,1.5729768749999955,0.08038933115786451,-1.492587543842131,1,1,0,0
3506,3506.0,35.06,-1.5636644999999958,0.0,-1.4845007736544473,1.5636644999999958,0.07916372634554847,-1.4845007736544473,1,1,0,0
3507,3507.0,35.07,-1.5543521250000019,0.0,-1.4748534889686207,1.5543521250000019,0.07949863603138119,-1.4748534889686207,1,1,0,0
3508,3508.0,35.08,-1.5450397500000024,0.0,-1.4647801333212722,1.5450397500000024,0.08025961667873016,-1.4647801333212722,1,1,0,0
3509,3509.0,35.09,-1.535727374999997,0.0,-1.4544303925031548,1.535727374999997,0.08129698249684214,-1.4544303925031548,1,1,0,0
3510,3510.0,35.1,-1.5264149999999974,0.0,-1.4438491748729583,1.5264149999999974,0.08256582512703914,-1.4438491748729583,1,1,0,0
3511,3511.0,35.11,-1.5171971250000016,0.0,-1.4356770154086897,1.5171971250000016,0.08152010959131184,-1.4356770154086897,1,1,0,0
3512,3512.0,35.12,-1.50797925,0.0,-1.4277181380315374,1.50797925,0.08026111196846264,-1.4277181380315374,1,1,0,0
3513,3513.0,35.13,-1.4987613749999984,0.0,-1.4182863822500422,1.4987613749999984,0.08047499274995618,-1.4182863822500422,1,1,0,0
3514,3514.0,35.14,-1.4895434999999968,0.0,-1.407986468826894,1.4895434999999968,0.08155703117310287,-1.407986468826894,1,1,0,0
3515,3515.0,35.15,-1.480325625000001,0.0,-1.3992639614419837,1.480325625000001,0.08106166355801725,-1.3992639614419837,1,1,0,0
3516,3516.0,35.16,-1.4712044999999934,0.0,-1.3916732146839257,1.4712044999999934,0.07953128531606768,-1.3916732146839257,1,1,0,0
3517,3517.0,35.17,-1.4620833749999973,0.0,-1.3813547901988885,1.4620833749999973,0.08072858480110878,-1.3813547901988885,1,1,0,0
3518,3518.0,35.18,-1.4529622500000012,0.0,-1.3702600252230401,1.4529622500000012,0.0827022247769611,-1.3702600252230401,1,1,0,0
3519,3519.0,35.19,-1.4438411250000052,0.0,-1.3597684230016047,1.4438411250000052,0.08407270199840045,-1.3597684230016047,1,1,0,0
3520,3520.0,35.2,-1.4347199999999976,0.0,-1.3512383799660297,1.4347199999999976,0.08348162003396786,-1.3512383799660297,1,1,0,0
3521,3521.0,35.21,-1.4256978749999971,0.0,-1.341264365557832,1.4256978749999971,0.0844335094421651,-1.341264365557832,1,1,0,0
3522,3522.0,35.22,-1.4166757500000025,0.0,-1.3307131748672403,1.4166757500000025,0.08596257513276218,-1.3307131748672403,1,1,0,0
3523,3523.0,35.23,-1.4076536249999962,0.0,-1.3204121133829407,1.4076536249999962,0.08724151161705551,-1.3204121133829407,1,1,0,0
3524,3524.0,35.24,-1.3986314999999958,0.0,-1.310863168423469,1.3986314999999958,0.08776833157652675,-1.310863168423469,1,1,0,0
3525,3525.0,35.25,-1.3896093750000011,0.0,-1.3023102448570056,1.3896093750000011,0.0872991301429955,-1.3023102448570056,1,1,0,0
3526,3526.0,35.26,-1.3806885000000042,0.0,-1.2931239099380503,1.3806885000000042,0.08756459006195394,-1.2931239099380503,1,1,0,0
3527,3527.0,35.27,-1.3717676249999955,0.0,-1.2846950258345722,1.3717676249999955,0.08707259916542331,-1.2846950258345722,1,1,0,0
3528,3528.0,35.28,-1.3628467499999983,0.0,-1.2742787309429602,1.3628467499999983,0.08856801905703815,-1.2742787309429602,1,1,0,0
3529,3529.0,35.29,-1.3539258750000012,0.0,-1.2647282086137532,1.3539258750000012,0.08919766638624793,-1.2647282086137532,1,1,0,0
3530,3530.0,35.3,-1.3450049999999982,0.0,-1.2555047555653123,1.3450049999999982,0.08950024443468596,-1.2555047555653123,1,1,0,0
3531,3531.0,35.31,-1.3361876250000002,0.0,-1.2448673187498545,1.3361876250000002,0.09132030625014576,-1.2448673187498545,1,1,0,0
3532,3532.0,35.32,-1.3273702499999964,0.0,-1.2355462531876686,1.3273702499999964,0.09182399681232778,-1.2355462531876686,1,1,0,0
3533,3533.0,35.33,-1.3185528749999984,0.0,-1.227114956099205,1.3185528749999984,0.09143791890079345,-1.227114956099205,1,1,0,0
3534,3534.0,35.34,-1.3097354999999948,0.0,-1.217793502903775,1.3097354999999948,0.09194199709621986,-1.217793502903775,1,1,0,0
3535,3535.0,35.35,-1.3009181249999968,0.0,-1.2084639556107966,1.3009181249999968,0.09245416938920026,-1.2084639556107966,1,1,0,0
3536,3536.0,35.36,-1.2922064999999998,0.0,-1.1995444076823576,1.2922064999999998,0.09266209231764222,-1.1995444076823576,1,1,0,0
3537,3537.0,35.37,-1.2834948750000026,0.0,-1.190953085754162,1.2834948750000026,0.09254178924584067,-1.190953085754162,1,1,0,0
3538,3538.0,35.38,-1.2747832499999998,0.0,-1.1812103030089924,1.2747832499999998,0.09357294699100738,-1.1812103030089924,1,1,0,0
3539,3539.0,35.39,-1.266071624999997,0.0,-1.1723188747260609,1.266071624999997,0.09375275027393615,-1.1723188747260609,1,1,0,0
3540,3540.0,35.4,-1.25736,0.0,-1.1629510633946532,1.25736,0.09440893660534688,-1.1629510633946532,1,1,0,0
3541,3541.0,35.41,-1.2487563749999941,0.0,-1.1552303148840428,1.2487563749999941,0.09352606011595133,-1.1552303148840428,1,1,0,0
3542,3542.0,35.42,-1.2401527499999996,0.0,-1.14656287356885,1.2401527499999996,0.09358987643114958,-1.14656287356885,1,1,0,0
3543,3543.0,35.43,-1.2315491249999992,0.0,-1.1355170190797437,1.2315491249999992,0.09603210592025557,-1.1355170190797437,1,1,0,0
3544,3544.0,35.44,-1.2229454999999991,0.0,-1.1255678359039227,1.2229454999999991,0.0973776640960764,-1.1255678359039227,1,1,0,0
3545,3545.0,35.45,-1.214341874999999,0.0,-1.1157774807515328,1.214341874999999,0.09856439424846619,-1.1157774807515328,1,1,0,0
3546,3546.0,35.46,-1.2058484999999974,0.0,-1.1071876976848254,1.2058484999999974,0.09866080231517205,-1.1071876976848254,1,1,0,0
3547,3547.0,35.47,-1.1973551250000016,0.0,-1.0986736420732435,1.1973551250000016,0.09868148292675816,-1.0986736420732435,1,1,0,0
3548,3548.0,35.48,-1.1888617499999945,0.0,-1.0904044631119338,1.1888617499999945,0.09845728688806066,-1.0904044631119338,1,1,0,0
3549,3549.0,35.49,-1.1803683749999987,0.0,-1.0825843848036525,1.1803683749999987,0.0977839901963462,-1.0825843848036525,1,1,0,0
3550,3550.0,35.5,-1.1718750000000029,0.0,-1.0747204509240609,1.1718750000000029,0.09715454907594201,-1.0747204509240609,1,1,0,0
3551,3551.0,35.51,-1.163494125000002,0.0,-1.0659713176597092,1.163494125000002,0.09752280734029273,-1.0659713176597092,1,1,0,0
3552,3552.0,35.52,-1.155113249999995,0.0,-1.0576739878211285,1.155113249999995,0.09743926217886645,-1.0576739878211285,1,1,0,0
3553,3553.0,35.53,-1.1467323749999994,0.0,-1.0494300689203888,1.1467323749999994,0.09730230607961055,-1.0494300689203888,1,1,0,0
3554,3554.0,35.54,-1.1383514999999982,0.0,-1.038701562726143,1.1383514999999982,0.0996499372738553,-1.038701562726143,1,1,0,0
3555,3555.0,35.55,-1.129970624999997,0.0,-1.028964942219312,1.129970624999997,0.10100568278068511,-1.028964942219312,1,1,0,0
3556,3556.0,35.56,-1.121704499999998,0.0,-1.0199394474524763,1.121704499999998,0.10176505254752177,-1.0199394474524763,1,1,0,0
3557,3557.0,35.57,-1.113438374999999,0.0,-1.0120331111367455,1.113438374999999,0.10140526386325344,-1.0120331111367455,1,1,0,0
3558,3558.0,35.58,-1.1051722499999999,0.0,-1.0013751928874153,1.1051722499999999,0.10379705711258458,-1.0013751928874153,1,1,0,0
3559,3559.0,35.59,-1.0969061249999952,0.0,-0.991027227266566,1.0969061249999952,0.10587889773342918,-0.991027227266566,1,1,0,0
3560,3560.0,35.6,-1.0886400000000018,0.0,-0.9815518460011727,1.0886400000000018,0.1070881539988291,-0.9815518460011727,1,1,0,0
3561,3561.0,35.61,-1.0804908750000008,0.0,-0.9735020744585218,1.0804908750000008,0.10698880054147908,-0.9735020744585218,1,1,0,0
3562,3562.0,35.62,-1.0723417499999996,0.0,-0.9667046437206517,1.0723417499999996,0.10563710627934797,-0.9667046437206517,1,1,0,0
3563,3563.0,35.63,-1.064192624999999,0.0,-0.957499622640393,1.064192624999999,0.10669300235960588,-0.957499622640393,1,1,0,0
3564,3564.0,35.64,-1.056043499999998,0.0,-0.9491848773821745,1.056043499999998,0.10685862261782342,-0.9491848773821745,1,1,0,0
3565,3565.0,35.65,-1.0478943750000025,0.0,-0.9403982325426771,1.0478943750000025,0.10749614245732542,-0.9403982325426771,1,1,0,0
3566,3566.0,35.66,-1.0398644999999958,0.0,-0.9335112552841596,1.0398644999999958,0.10635324471583618,-0.9335112552841596,1,1,0,0
3567,3567.0,35.67,-1.0318346250000001,0.0,-0.9247114611355769,1.0318346250000001,0.10712316386442322,-0.9247114611355769,1,1,0,0
3568,3568.0,35.68,-1.0238047499999992,0.0,-0.9137160819988143,1.0238047499999992,0.11008866800118489,-0.9137160819988143,1,1,0,0
3569,3569.0,35.69,-1.0157748750000037,0.0,-0.9048672483041446,1.0157748750000037,0.11090762669585918,-0.9048672483041446,1,1,0,0
3570,3570.0,35.7,-1.0077449999999968,0.0,-0.8976031321875992,1.0077449999999968,0.11014186781239754,-0.8976031321875992,1,1,0,0
3571,3571.0,35.71,-0.9998366250000029,0.0,-0.8902518157817698,0.9998366250000029,0.1095848092182331,-0.8902518157817698,1,1,0,0
3572,3572.0,35.72,-0.9919282500000034,0.0,-0.8804733658818679,0.9919282500000034,0.11145488411813553,-0.8804733658818679,1,1,0,0
3573,3573.0,35.73,-0.9840198749999979,0.0,-0.8713902378798274,0.9840198749999979,0.11262963712017049,-0.8713902378798274,1,1,0,0
3574,3574.0,35.74,-0.9761114999999984,0.0,-0.863065638736727,0.9761114999999984,0.11304586126327132,-0.863065638736727,1,1,0,0
3575,3575.0,35.75,-0.9682031249999986,0.0,-0.8528784878033926,0.9682031249999986,0.11532463719660602,-0.8528784878033926,1,1,0,0
3576,3576.0,35.76,-0.9604185000000024,0.0,-0.8454908202293824,0.9604185000000024,0.11492767977062002,-0.8454908202293824,1,1,0,0
3577,3577.0,35.77,-0.9526338749999944,0.0,-0.8363946475061216,0.9526338749999944,0.11623922749387283,-0.8363946475061216,1,1,0,0
3578,3578.0,35.78,-0.9448492499999982,0.0,-0.8283389615354291,0.9448492499999982,0.11651028846456912,-0.8283389615354291,1,1,0,0
3579,3579.0,35.79,-0.9370646250000018,0.0,-0.820279210100371,0.9370646250000018,0.11678541489963079,-0.820279210100371,1,1,0,0
3580,3580.0,35.8,-0.929279999999994,0.0,-0.8107872906937318,0.929279999999994,0.11849270930626221,-0.8107872906937318,1,1,0,0
3581,3581.0,35.81,-0.921621374999997,0.0,-0.8022210043363835,0.921621374999997,0.11940037066361342,-0.8022210043363835,1,1,0,0
3582,3582.0,35.82,-0.9139627499999998,0.0,-0.7925144278702629,0.9139627499999998,0.12144832212973689,-0.7925144278702629,1,1,0,0
3583,3583.0,35.83,-0.9063041250000026,0.0,-0.7843605709601936,0.9063041250000026,0.12194355403980894,-0.7843605709601936,1,1,0,0
3584,3584.0,35.84,-0.8986454999999941,0.0,-0.7756789865415482,0.8986454999999941,0.12296651345844589,-0.7756789865415482,1,1,0,0
3585,3585.0,35.85,-0.8909868749999971,0.0,-0.7667438790255764,0.8909868749999971,0.12424299597442068,-0.7667438790255764,1,1,0,0
3586,3586.0,35.86,-0.8834565000000009,0.0,-0.7579298620627759,0.8834565000000009,0.12552663793722496,-0.7579298620627759,1,1,0,0
3587,3587.0,35.87,-0.8759261249999991,0.0,-0.7492625541878207,0.8759261249999991,0.12666357081217838,-0.7492625541878207,1,1,0,0
3588,3588.0,35.88,-0.8683957499999972,0.0,-0.7412129170073826,0.8683957499999972,0.12718283299261468,-0.7412129170073826,1,1,0,0
3589,3589.0,35.89,-0.8608653750000012,0.0,-0.7334827963756085,0.8608653750000012,0.12738257862439262,-0.7334827963756085,1,1,0,0
3590,3590.0,35.9,-0.8533349999999993,0.0,-0.7262463550572681,0.8533349999999993,0.1270886449427312,-0.7262463550572681,1,1,0,0
3591,3591.0,35.91,-0.8459351250000002,0.0,-0.7170041836997503,0.8459351250000002,0.12893094130024996,-0.7170041836997503,1,1,0,0
3592,3592.0,35.92,-0.8385352500000011,0.0,-0.7082987560490772,0.8385352500000011,0.13023649395092385,-0.7082987560490772,1,1,0,0
3593,3593.0,35.93,-0.831135375000002,0.0,-0.6996451887164368,0.831135375000002,0.13149018628356524,-0.6996451887164368,1,1,0,0
3594,3594.0,35.94,-0.8237355000000028,0.0,-0.6919100749141993,0.8237355000000028,0.13182542508580353,-0.6919100749141993,1,1,0,0
3595,3595.0,35.95,-0.816335624999998,0.0,-0.6836884288259422,0.816335624999998,0.13264719617405585,-0.6836884288259422,1,1,0,0
3596,3596.0,35.96,-0.8090684999999975,0.0,-0.6759851277809004,0.8090684999999975,0.13308337221909716,-0.6759851277809004,1,1,0,0
3597,3597.0,35.97,-0.8018013750000029,0.0,-0.6683861681780832,0.8018013750000029,0.13341520682191976,-0.6683861681780832,1,1,0,0
3598,3598.0,35.98,-0.7945342499999968,0.0,-0.6605014874977042,0.7945342499999968,0.13403276250229257,-0.6605014874977042,1,1,0,0
3599,3599.0,35.99,-0.7872671249999964,0.0,-0.6547728170659589,0.7872671249999964,0.1324943079340375,-0.6547728170659589,1,1,0,0
3600,3600.0,36.0,-0.7800000000000017,0.0,-0.6474525608973472,0.7800000000000017,0.13254743910265454,-0.6474525608973472,1,1,0,0
3601,3601.0,36.01,-0.7728678750000018,0.0,-0.6417388647963822,0.7728678750000018,0.13112901020361956,-0.6417388647963822,1,1,0,0
3602,3602.0,36.02,-0.7657357499999959,0.0,-0.6340397830547593,0.7657357499999959,0.13169596694523666,-0.6340397830547593,1,1,0,0
3603,3603.0,36.03,-0.7586036250000018,0.0,-0.6261503872994507,0.7586036250000018,0.13245323770055106,-0.6261503872994507,1,1,0,0
3604,3604.0,36.04,-0.7514715000000018,0.0,-0.6175545110993543,0.7514715000000018,0.13391698890064752,-0.6175545110993543,1,1,0,0
3605,3605.0,36.05,-0.7443393749999961,0.0,-0.6094429457535819,0.7443393749999961,0.1348964292464142,-0.6094429457535819,1,1,0,0
3606,3606.0,36.06,-0.7373444999999984,0.0,-0.6024048055179826,0.7373444999999984,0.13493969448201582,-0.6024048055179826,1,1,0,0
3607,3607.0,36.07,-0.7303496250000006,0.0,-0.5928228143507112,0.7303496250000006,0.1375268106492894,-0.5928228143507112,1,1,0,0
3608,3608.0,36.08,-0.7233547500000027,0.0,-0.5854685238416149,0.7233547500000027,0.13788622615838786,-0.5854685238416149,1,1,0,0
3609,3609.0,36.09,-0.7163598749999992,0.0,-0.5766107667718158,0.7163598749999992,0.13974910822818343,-0.5766107667718158,1,1,0,0
3610,3610.0,36.1,-0.7093650000000015,0.0,-0.5686425133087465,0.7093650000000015,0.14072248669125498,-0.5686425133087465,1,1,0,0
3611,3611.0,36.11,-0.7025096250000017,0.0,-0.5621509673450586,0.7025096250000017,0.14035865765494304,-0.5621509673450586,1,1,0,0
3612,3612.0,36.12,-0.6956542500000021,0.0,-0.5551937466861057,0.6956542500000021,0.14046050331389648,-0.5551937466861057,1,1,0,0
3613,3613.0,36.13,-0.6887988749999967,0.0,-0.5487160772394432,0.6887988749999967,0.14008279776055355,-0.5487160772394432,1,1,0,0
3614,3614.0,36.14,-0.6819434999999971,0.0,-0.5405664759556641,0.6819434999999971,0.14137702404433306,-0.5405664759556641,1,1,0,0
3615,3615.0,36.15,-0.6750881250000033,0.0,-0.5334426062171879,0.6750881250000033,0.1416455187828154,-0.5334426062171879,1,1,0,0
3616,3616.0,36.16,-0.6683744999999978,0.0,-0.5271027514173291,0.6683744999999978,0.14127174858266867,-0.5271027514173291,1,1,0,0
3617,3617.0,36.17,-0.6616608749999979,0.0,-0.5183490956674629,0.6616608749999979,0.14331177933253503,-0.5183490956674629,1,1,0,0
3618,3618.0,36.18,-0.6549472499999982,0.0,-0.5097282112512719,0.6549472499999982,0.14521903874872633,-0.5097282112512719,1,1,0,0
3619,3619.0,36.19,-0.6482336250000041,0.0,-0.500337173574363,0.6482336250000041,0.14789645142564112,-0.500337173574363,1,1,0,0
3620,3620.0,36.2,-0.6415199999999986,0.0,-0.4929379207996539,0.6415199999999986,0.14858207920034477,-0.4929379207996539,1,1,0,0
3621,3621.0,36.21,-0.6349503750000005,0.0,-0.4858876976296764,0.6349503750000005,0.14906267737032414,-0.4858876976296764,1,1,0,0
3622,3622.0,36.22,-0.6283807500000024,0.0,-0.4785785532199593,0.6283807500000024,0.14980219678004308,-0.4785785532199593,1,1,0,0
3623,3623.0,36.23,-0.6218111249999986,0.0,-0.47021355701702655,0.6218111249999986,0.15159756798297203,-0.47021355701702655,1,1,0,0
3624,3624.0,36.24,-0.6152415000000004,0.0,-0.4634361824601951,0.6152415000000004,0.15180531753980536,-0.4634361824601951,1,1,0,0
3625,3625.0,36.25,-0.6086718750000023,0.0,-0.4578399970983447,0.6086718750000023,0.15083187790165759,-0.4578399970983447,1,1,0,0
3626,3626.0,36.26,-0.6022485000000017,0.0,-0.45108492963768754,0.6022485000000017,0.1511635703623142,-0.45108492963768754,1,1,0,0
3627,3627.0,36.27,-0.5958251249999955,0.0,-0.4434606502698178,0.5958251249999955,0.15236447473017772,-0.4434606502698178,1,1,0,0
3628,3628.0,36.28,-0.5894017500000007,0.0,-0.4342456196534729,0.5894017500000007,0.1551561303465278,-0.4342456196534729,1,1,0,0
3629,3629.0,36.29,-0.5829783750000002,0.0,-0.4263237645773884,0.5829783750000002,0.15665461042261175,-0.4263237645773884,1,1,0,0
3630,3630.0,36.3,-0.5765549999999996,0.0,-0.4197916365269459,0.5765549999999996,0.1567633634730537,-0.4197916365269459,1,1,0,0
3631,3631.0,36.31,-0.5702801249999985,0.0,-0.41411359678449844,0.5702801249999985,0.15616652821550003,-0.41411359678449844,1,1,0,0
3632,3632.0,36.32,-0.5640052499999972,0.0,-0.4075346374817483,0.5640052499999972,0.15647061251824895,-0.4075346374817483,1,1,0,0
3633,3633.0,36.33,-0.557730374999996,0.0,-0.4001323264498571,0.557730374999996,0.15759804855013892,-0.4001323264498571,1,1,0,0
3634,3634.0,36.34,-0.5514554999999949,0.0,-0.39226142766103383,0.5514554999999949,0.15919407233896105,-0.39226142766103383,1,1,0,0
3635,3635.0,36.35,-0.5451806249999936,0.0,-0.3858447235205555,0.5451806249999936,0.15933590147943816,-0.3858447235205555,1,1,0,0
3636,3636.0,36.36,-0.5390564999999993,0.0,-0.3817972615319891,0.5390564999999993,0.15725923846801015,-0.3817972615319891,1,1,0,0
3637,3637.0,36.37,-0.5329323749999991,0.0,-0.375525270940024,0.5329323749999991,0.1574071040599751,-0.375525270940024,1,1,0,0
3638,3638.0,36.38,-0.5268082499999932,0.0,-0.3702163300608333,0.5268082499999932,0.15659191993915988,-0.3702163300608333,1,1,0,0
3639,3639.0,36.39,-0.5206841249999988,0.0,-0.3635677924489067,0.5206841249999988,0.15711633255109214,-0.3635677924489067,1,1,0,0
3640,3640.0,36.4,-0.5145599999999988,0.0,-0.3587029731683567,0.5145599999999988,0.1558570268316421,-0.3587029731683567,1,1,0,0
3641,3641.0,36.41,-0.5085888749999957,0.0,-0.35240782853157515,0.5085888749999957,0.15618104646842057,-0.35240782853157515,1,1,0,0
3642,3642.0,36.42,-0.5026177499999983,0.0,-0.3452269568500864,0.5026177499999983,0.1573907931499119,-0.3452269568500864,1,1,0,0
3643,3643.0,36.43,-0.49664662499999523,0.0,-0.33867970367473704,0.49664662499999523,0.1579669213252582,-0.33867970367473704,1,1,0,0
3644,3644.0,36.44,-0.49067549999999793,0.0,-0.3319232286437735,0.49067549999999793,0.15875227135622444,-0.3319232286437735,1,1,0,0
3645,3645.0,36.45,-0.48470437499999486,0.0,-0.32712021508955086,0.48470437499999486,0.157584159910444,-0.32712021508955086,1,1,0,0
3646,3646.0,36.46,-0.47888849999999633,0.0,-0.3208246942338816,0.47888849999999633,0.15806380576611473,-0.3208246942338816,1,1,0,0
3647,3647.0,36.47,-0.47307262499999775,0.0,-0.31508726429474676,0.47307262499999775,0.157985360705251,-0.31508726429474676,1,1,0,0
3648,3648.0,36.48,-0.4672567499999935,0.0,-0.3090699665442109,0.4672567499999935,0.15818678345578263,-0.3090699665442109,1,1,0,0
3649,3649.0,36.49,-0.4614408749999949,0.0,-0.3031191491620853,0.4614408749999949,0.1583217258379096,-0.3031191491620853,1,1,0,0
3650,3650.0,36.5,-0.4556249999999963,0.0,-0.2967873785214498,0.4556249999999963,0.15883762147854646,-0.2967873785214498,1,1,0,0
3651,3651.0,36.51,-0.4499666249999983,0.0,-0.2901860617643309,0.4499666249999983,0.15978056323566736,-0.2901860617643309,1,1,0,0
3652,3652.0,36.52,-0.4443082499999945,0.0,-0.28457917702987295,0.4443082499999945,0.15972907297012157,-0.28457917702987295,1,1,0,0
3653,3653.0,36.53,-0.4386498749999965,0.0,-0.2788101858411418,0.4386498749999965,0.15983968915885471,-0.2788101858411418,1,1,0,0
3654,3654.0,36.54,-0.4329914999999984,0.0,-0.2725312288160202,0.4329914999999984,0.1604602711839782,-0.2725312288160202,1,1,0,0
3655,3655.0,36.55,-0.42733312499999465,0.0,-0.2655480495970888,0.42733312499999465,0.16178507540290588,-0.2655480495970888,1,1,0,0
3656,3656.0,36.56,-0.42183449999999884,0.0,-0.2587248593230346,0.42183449999999884,0.16310964067696426,-0.2587248593230346,1,1,0,0
3657,3657.0,36.57,-0.41633587499999736,0.0,-0.25325741440318567,0.41633587499999736,0.1630784605968117,-0.25325741440318567,1,1,0,0
3658,3658.0,36.58,-0.4108372499999958,0.0,-0.2468358719382649,0.4108372499999958,0.16400137806173093,-0.2468358719382649,1,1,0,0
3659,3659.0,36.59,-0.40533862499999423,0.0,-0.24097731107073456,0.40533862499999423,0.16436131392925968,-0.24097731107073456,1,1,0,0
3660,3660.0,36.6,-0.3998399999999985,0.0,-0.23418961051036,0.3998399999999985,0.16565038948963848,-0.23418961051036,1,1,0,0
3661,3661.0,36.61,-0.39450337499999516,0.0,-0.22898654785693037,0.39450337499999516,0.1655168271430648,-0.22898654785693037,1,1,0,0
3662,3662.0,36.62,-0.3891667499999976,0.0,-0.22402961658560475,0.3891667499999976,0.16513713341439287,-0.22402961658560475,1,1,0,0
3663,3663.0,36.63,-0.38383012499999425,0.0,-0.2175070430365441,0.38383012499999425,0.16632308196345014,-0.2175070430365441,1,1,0,0
3664,3664.0,36.64,-0.3784934999999967,0.0,-0.21146140785842915,0.3784934999999967,0.16703209214156756,-0.21146140785842915,1,1,0,0
3665,3665.0,36.65,-0.3731568749999991,0.0,-0.2060866848877455,0.3731568749999991,0.1670701901122536,-0.2060866848877455,1,1,0,0
3666,3666.0,36.66,-0.36798449999999583,0.0,-0.20162334101042348,0.36798449999999583,0.16636115898957235,-0.20162334101042348,1,1,0,0
3667,3667.0,36.67,-0.36281212499999815,0.0,-0.19514148773180395,0.36281212499999815,0.1676706372681942,-0.19514148773180395,1,1,0,0
3668,3668.0,36.68,-0.35763974999999487,0.0,-0.18932712480060673,0.35763974999999487,0.16831262519938814,-0.18932712480060673,1,1,0,0
3669,3669.0,36.69,-0.3524673749999972,0.0,-0.18317041787623617,0.3524673749999972,0.16929695712376103,-0.18317041787623617,1,1,0,0
3670,3670.0,36.7,-0.34729499999999386,0.0,-0.1778660359102367,0.34729499999999386,0.16942896408975716,-0.1778660359102367,1,1,0,0
3671,3671.0,36.71,-0.342289124999998,0.0,-0.17192621540681363,0.342289124999998,0.17036290959318434,-0.17192621540681363,1,1,0,0
3672,3672.0,36.72,-0.3372832499999963,0.0,-0.16732077608062046,0.3372832499999963,0.16996247391937586,-0.16732077608062046,1,1,0,0
3673,3673.0,36.73,-0.33227737499999466,0.0,-0.16345158366594936,0.33227737499999466,0.1688257913340453,-0.16345158366594936,1,1,0,0
3674,3674.0,36.74,-0.327271499999993,0.0,-0.15781012890096502,0.327271499999993,0.16946137109902798,-0.15781012890096502,1,1,0,0
3675,3675.0,36.75,-0.3222656249999971,0.0,-0.15413878177766543,0.3222656249999971,0.16812684322233168,-0.15413878177766543,1,1,0,0
3676,3676.0,36.76,-0.31742849999999884,0.0,-0.14959631563305642,0.31742849999999884,0.16783218436694242,-0.14959631563305642,1,1,0,0
3677,3677.0,36.77,-0.3125913749999949,0.0,-0.14571659726164737,0.3125913749999949,0.16687477773834752,-0.14571659726164737,1,1,0,0
3678,3678.0,36.78,-0.3077542499999966,0.0,-0.14028661598687026,0.3077542499999966,0.16746763401312637,-0.14028661598687026,1,1,0,0
3679,3679.0,36.79,-0.3029171249999984,0.0,-0.1338641703139684,0.3029171249999984,0.16905295468603,-0.1338641703139684,1,1,0,0
3680,3680.0,36.8,-0.2980799999999944,0.0,-0.12934530758174875,0.2980799999999944,0.16873469241824565,-0.12934530758174875,1,1,0,0
3681,3681.0,36.81,-0.2934138749999956,0.0,-0.12445116750602407,0.2934138749999956,0.16896270749397152,-0.12445116750602409,1,1,0,0
3682,3682.0,36.82,-0.28874774999999675,0.0,-0.12032146095701392,0.28874774999999675,0.16842628904298285,-0.1203214609570139,1,1,0,0
3683,3683.0,36.83,-0.2840816249999979,0.0,-0.1148198257036381,0.2840816249999979,0.1692617992963598,-0.1148198257036381,1,1,0,0
3684,3684.0,36.84,-0.2794154999999991,0.0,-0.11052496844700035,0.2794154999999991,0.16889053155299874,-0.11052496844700035,1,1,0,0
3685,3685.0,36.85,-0.27474937500000024,0.0,-0.10677023970934135,0.27474937500000024,0.1679791352906589,-0.10677023970934135,1,1,0,0
3686,3686.0,36.86,-0.27025649999999685,0.0,-0.1025788495233458,0.27025649999999685,0.16767765047665106,-0.10257884952334578,1,1,0,0
3687,3687.0,36.87,-0.26576362499999917,0.0,-0.09691356593036668,0.26576362499999917,0.1688500590696325,-0.09691356593036668,1,0,0,1
3688,3688.0,36.88,-0.2612707499999957,0.0,-0.0907946018809893,0.2612707499999957,0.1704761481190064,-0.09079460188098931,1,0,0,1
3689,3689.0,36.89,-0.256777874999998,0.0,-0.0861514816620449,0.256777874999998,0.1706263933379531,-0.0861514816620449,1,0,0,1
3690,3690.0,36.9,-0.2522850000000003,0.0,-0.08139705588915526,0.2522850000000003,0.17088794411084507,-0.08139705588915525,1,0,0,1
3691,3691.0,36.91,-0.24796762499999403,0.0,-0.07652018738339687,0.24796762499999403,0.17144743761659714,-0.07652018738339689,1,0,0,1
3692,3692.0,36.92,-0.24365024999999924,0.0,-0.07130137270412534,0.24365024999999924,0.1723488772958739,-0.07130137270412534,1,0,0,1
3693,3693.0,36.93,-0.23933287499999864,0.0,-0.06504773130121058,0.23933287499999864,0.17428514369878806,-0.06504773130121058,1,0,0,1
3694,3694.0,36.94,-0.23501549999999807,0.0,-0.060625820183384964,0.23501549999999807,0.1743896798166131,-0.06062582018338497,1,0,0,1
3695,3695.0,36.95,-0.23069812499999753,0.0,-0.05445324933399373,0.23069812499999753,0.1762448756660038,-0.05445324933399373,1,0,0,1
3696,3696.0,36.96,-0.22655849999999583,0.0,-0.0490846761522555,0.22655849999999583,0.17747382384774033,-0.04908467615225551,1,0,0,1
3697,3697.0,36.97,-0.22241887499999985,0.0,-0.0440989704433889,0.22241887499999985,0.17831990455661095,-0.044098970443388896,1,0,0,1
3698,3698.0,36.98,-0.21827924999999815,0.0,-0.03966469890168031,0.21827924999999815,0.17861455109831784,-0.03966469890168031,1,0,0,1
3699,3699.0,36.99,-0.21413962499999645,0.0,-0.03597071846215408,0.21413962499999645,0.17816890653784237,-0.03597071846215408,1,0,0,1
3700,3700.0,37.0,-0.20999999999999475,0.0,-0.032170192369876366,0.20999999999999475,0.17782980763011838,-0.032170192369876366,1,0,0,1
3701,3701.0,37.01,-0.20604037499999936,0.0,-0.028064555650173184,0.20604037499999936,0.17797581934982618,-0.028064555650173184,1,0,0,1
3702,3702.0,37.02,-0.2020807499999982,0.0,-0.02510494440995157,0.2020807499999982,0.17697580559004664,-0.025104944409951563,1,0,0,1
3703,3703.0,37.03,-0.1981211249999971,0.0,-0.021448977881522165,0.1981211249999971,0.17667214711847493,-0.02144897788152217,1,0,0,1
3704,3704.0,37.04,-0.194161499999996,0.0,-0.016113938777519196,0.194161499999996,0.17804756122247678,-0.01611393877751921,1,0,0,1
3705,3705.0,37.05,-0.19020187499999486,0.0,-0.010342011766378533,0.19020187499999486,0.17985986323361633,-0.010342011766378528,1,0,0,1
3706,3706.0,37.06,-0.18642449999999605,0.0,-0.006292929455969311,0.18642449999999605,0.18013157054402673,-0.0062929294559693205,1,0,0,1
3707,3707.0,37.07,-0.18264712499999727,0.0,-0.0020380663324028486,0.18264712499999727,0.1806090586675944,-0.0020380663324028603,1,0,0,1
3708,3708.0,37.08,-0.17886974999999844,0.0,0.0030225172722871943,0.17886974999999844,0.18189226727228563,0.003022517272287195,1,0,0,1
3709,3709.0,37.09,-0.1750923749999939,0.0,0.007368390918392619,0.1750923749999939,0.1824607659183865,0.007368390918392614,1,0,0,1
3710,3710.0,37.1,-0.17131499999999508,0.0,0.01354616013702543,0.17131499999999508,0.1848611601370205,0.01354616013702542,1,0,0,1
3711,3711.0,37.11,-0.1677221250000003,0.0,0.0182988499991999,0.1677221250000003,0.1860209749992002,0.018298849999199895,1,0,0,1
3712,3712.0,37.12,-0.16412924999999984,0.0,0.021444442070080883,0.16412924999999984,0.18557369207008073,0.021444442070080894,1,0,0,1
3713,3713.0,37.13,-0.1605363749999936,0.0,0.025268478237493775,0.1605363749999936,0.18580485323748738,0.025268478237493786,1,0,0,1
3714,3714.0,37.14,-0.15694349999999882,0.0,0.027888235512343398,0.15694349999999882,0.18483173551234222,0.0278882355123434,1,0,0,1
3715,3715.0,37.15,-0.15335062499999833,0.0,0.031788537025500024,0.15335062499999833,0.18513916202549835,0.031788537025500024,1,0,0,1
3716,3716.0,37.16,-0.14994449999999787,0.0,0.03651667299861257,0.14994449999999787,0.18646117299861042,0.036516672998612554,1,0,0,1
3717,3717.0,37.17,-0.1465383749999974,0.0,0.03956622511935894,0.1465383749999974,0.18610460011935634,0.03956622511935895,1,0,0,1
3718,3718.0,37.18,-0.14313224999999694,0.0,0.04359086063300404,0.14313224999999694,0.18672311063300098,0.04359086063300405,1,0,0,1
3719,3719.0,37.19,-0.13972612499999645,0.0,0.04659608494996119,0.13972612499999645,0.18632220994995763,0.046596084949961175,1,0,0,1
3720,3720.0,37.2,-0.136319999999996,0.0,0.050782900918249184,0.136319999999996,0.1871029009182452,0.05078290091824919,1,0,0,1
3721,3721.0,37.21,-0.1331028749999973,0.0,0.05351649102506618,0.1331028749999973,0.18661936602506346,0.05351649102506617,1,0,0,1
3722,3722.0,37.22,-0.12988574999999858,0.0,0.056606934151901205,0.12988574999999858,0.1864926841518998,0.05660693415190121,1,0,0,1
3723,3723.0,37.23,-0.12666862499999415,0.0,0.06081569305726898,0.12666862499999415,0.18748431805726312,0.06081569305726897,1,0,0,1
3724,3724.0,37.24,-0.12345149999999543,0.0,0.06573127757448068,0.12345149999999543,0.1891827775744761,0.06573127757448068,1,0,0,1
3725,3725.0,37.25,-0.12023437499999672,0.0,0.0695855707667957,0.12023437499999672,0.1898199457667924,0.06958557076679568,1,0,0,1
3726,3726.0,37.26,-0.11720849999999579,0.0,0.0719857894139095,0.11720849999999579,0.1891942894139053,0.0719857894139095,1,0,0,1
3727,3727.0,37.27,-0.11418262499999482,0.0,0.07535320064108299,0.11418262499999482,0.1895358256410778,0.07535320064108297,1,0,0,1
3728,3728.0,37.28,-0.1111567499999996,0.0,0.07967630383684293,0.1111567499999996,0.19083305383684251,0.07967630383684292,1,0,0,1
3729,3729.0,37.29,-0.10813087499999866,0.0,0.0846028722010211,0.10813087499999866,0.19273374720101977,0.08460287220102111,1,0,0,1
3730,3730.0,37.3,-0.1051049999999977,0.0,0.0883555212760744,0.1051049999999977,0.1934605212760721,0.0883555212760744,1,0,0,1
3731,3731.0,37.31,-0.10227262499999623,0.0,0.09153239416513775,0.10227262499999623,0.19380501916513398,0.09153239416513775,1,0,0,1
3732,3732.0,37.32,-0.09944025000000051,0.0,0.09596749156516983,0.09944025000000051,0.19540774156517032,0.09596749156516982,1,0,0,1
3733,3733.0,37.33,-0.09660787499999904,0.0,0.10025725648269174,0.09660787499999904,0.19686513148269077,0.10025725648269174,1,0,1,0
3734,3734.0,37.34,-0.09377549999999757,0.0,0.10477468347342185,0.09377549999999757,0.1985501834734194,0.10477468347342184,1,0,1,0
3735,3735.0,37.35,-0.0909431249999961,0.0,0.10772194965005424,0.0909431249999961,0.19866507465005034,0.10772194965005424,1,0,1,0
3736,3736.0,37.36,-0.08830649999999583,0.0,0.10977734965706774,0.08830649999999583,0.19808384965706358,0.10977734965706774,1,0,1,0
3737,3737.0,37.37,-0.08566987500000131,0.0,0.11226441972816176,0.08566987500000131,0.19793429472816307,0.11226441972816176,1,0,1,0
3738,3738.0,37.38,-0.08303324999999533,0.0,0.11462802067997427,0.08303324999999533,0.19766127067996958,0.11462802067997425,1,0,1,0
3739,3739.0,37.39,-0.08039662499999507,0.0,0.11618675902812911,0.08039662499999507,0.1965833840281242,0.11618675902812912,1,0,1,0
3740,3740.0,37.4,-0.07776000000000054,0.0,0.11859099594532693,0.07776000000000054,0.19635099594532746,0.11859099594532692,1,0,1,0
3741,3741.0,37.41,-0.07532137499999748,0.0,0.12145189539665073,0.07532137499999748,0.19677327039664821,0.12145189539665073,1,0,1,0
3742,3742.0,37.42,-0.07288275000000016,0.0,0.12490227462073629,0.07288275000000016,0.19778502462073644,0.12490227462073628,1,0,1,0
3743,3743.0,37.43,-0.07044412499999711,0.0,0.12727924525486137,0.07044412499999711,0.19772337025485848,0.12727924525486137,1,0,1,0
3744,3744.0,37.44,-0.06800549999999979,0.0,0.13021048628105408,0.06800549999999979,0.19821598628105386,0.13021048628105408,1,0,1,0
3745,3745.0,37.45,-0.06556687499999674,0.0,0.13201436736023295,0.06556687499999674,0.19758124236022967,0.13201436736023292,1,0,1,0
3746,3746.0,37.46,-0.06332849999999834,0.0,0.136124765033046,0.06332849999999834,0.19945326503304434,0.136124765033046,1,0,1,0
3747,3747.0,37.47,-0.06109012499999995,0.0,0.1386074875938056,0.06109012499999995,0.19969761259380553,0.1386074875938056,1,0,1,0
3748,3748.0,37.48,-0.05885174999999583,0.0,0.1425792024587682,0.05885174999999583,0.20143095245876402,0.1425792024587682,1,0,1,0
3749,3749.0,37.49,-0.05661337499999744,0.0,0.14561370547980462,0.05661337499999744,0.20222708047980206,0.14561370547980462,1,0,1,0
3750,3750.0,37.5,-0.05437499999999905,0.0,0.148011136516985,0.05437499999999905,0.20238613651698406,0.148011136516985,1,0,1,0
3751,3751.0,37.51,-0.05233912499999558,0.0,0.14974072504563116,0.05233912499999558,0.20207985004562673,0.14974072504563116,1,0,1,0
3752,3752.0,37.52,-0.05030324999999785,0.0,0.15271484273447905,0.05030324999999785,0.2030180927344769,0.15271484273447905,1,0,1,0
3753,3753.0,37.53,-0.04826737499999439,0.0,0.15551449636045053,0.04826737499999439,0.20378187136044493,0.15551449636045053,1,0,1,0
3754,3754.0,37.54,-0.04623149999999665,0.0,0.15777745398004975,0.04623149999999665,0.2040089539800464,0.15777745398004975,1,0,1,0
3755,3755.0,37.55,-0.04419562499999892,0.0,0.1614028258165785,0.04419562499999892,0.2055984508165774,0.1614028258165785,1,0,1,0
3756,3756.0,37.56,-0.042364499999997834,0.0,0.16273330941363423,0.042364499999997834,0.20509780941363207,0.16273330941363423,1,0,1,0
3757,3757.0,37.57,-0.040533374999996756,0.0,0.16529150180364782,0.040533374999996756,0.20582487680364459,0.16529150180364782,1,0,1,0
3758,3758.0,37.58,-0.03870224999999568,0.0,0.16631931519971058,0.03870224999999568,0.20502156519970627,0.1663193151997106,1,0,1,0
3759,3759.0,37.59,-0.036871124999994606,0.0,0.16610183966382744,0.036871124999994606,0.20297296466382203,0.1661018396638274,1,0,1,0
3760,3760.0,37.6,-0.03503999999999925,0.0,0.16850392253518792,0.03503999999999925,0.20354392253518716,0.16850392253518792,1,0,1,0
3761,3761.0,37.61,-0.03341587499999655,0.0,0.1715320579868117,0.03341587499999655,0.20494793298680825,0.1715320579868117,1,0,1,0
3762,3762.0,37.62,-0.031791749999999584,0.0,0.17422418256394864,0.031791749999999584,0.20601593256394823,0.17422418256394864,1,0,1,0
3763,3763.0,37.63,-0.030167624999996884,0.0,0.17585633981947218,0.030167624999996884,0.20602396481946908,0.17585633981947218,1,0,1,0
3764,3764.0,37.64,-0.02854349999999992,0.0,0.18017667358590267,0.02854349999999992,0.20872017358590259,0.18017667358590267,1,0,1,0
3765,3765.0,37.65,-0.02691937499999722,0.0,0.18349196377163024,0.02691937499999722,0.21041133877162746,0.18349196377163024,1,0,1,0
3766,3766.0,37.66,-0.02550449999999463,0.0,0.1864939935540641,0.02550449999999463,0.21199849355405873,0.1864939935540641,1,0,1,0
3767,3767.0,37.67,-0.024089624999997766,0.0,0.18831769450234817,0.024089624999997766,0.21240731950234593,0.18831769450234817,1,0,1,0
3768,3768.0,37.68,-0.022674749999995174,0.0,0.1899526976014822,0.022674749999995174,0.21262744760147737,0.1899526976014822,1,0,1,0
3769,3769.0,37.69,-0.02125987499999831,0.0,0.19294275945029774,0.02125987499999831,0.21420263445029605,0.19294275945029774,1,0,1,0
3770,3770.0,37.7,-0.01984499999999572,0.0,0.1949999989428618,0.01984499999999572,0.21484499894285752,0.1949999989428618,1,0,1,0
3771,3771.0,37.71,-0.018641624999994964,0.0,0.19804265331743434,0.018641624999994964,0.2166842783174293,0.19804265331743434,1,0,1,0
3772,3772.0,37.72,-0.017438249999999933,0.0,0.19966184269372012,0.017438249999999933,0.21710009269372005,0.19966184269372012,1,0,1,0
3773,3773.0,37.73,-0.016234874999999174,0.0,0.20219492334929165,0.016234874999999174,0.21842979834929083,0.20219492334929165,1,0,1,0
3774,3774.0,37.74,-0.015031499999998414,0.0,0.20461765683515873,0.015031499999998414,0.21964915683515715,0.20461765683515873,1,0,1,0
3775,3775.0,37.75,-0.013828124999997658,0.0,0.20583501446731448,0.013828124999997658,0.21966313946731214,0.20583501446731448,1,0,1,0
3776,3776.0,37.76,-0.012838499999994729,0.0,0.20734895527742853,0.012838499999994729,0.22018745527742326,0.20734895527742853,1,0,1,0
3777,3777.0,37.77,-0.01184887499999753,0.0,0.2086366919597948,0.01184887499999753,0.22048556695979235,0.2086366919597948,1,0,1,0
3778,3778.0,37.78,-0.0108592499999946,0.0,0.21139965803670535,0.0108592499999946,0.22225890803669995,0.21139965803670535,1,0,1,0
3779,3779.0,37.79,-0.009869624999997403,0.0,0.2135498786996672,0.009869624999997403,0.22341950369966462,0.2135498786996672,1,0,1,0
3780,3780.0,37.8,-0.008879999999994472,0.0,0.21459993353065446,0.008879999999994472,0.22347993353064893,0.21459993353065446,1,0,1,0
3781,3781.0,37.81,-0.00810637499999683,0.0,0.21580498201247345,0.00810637499999683,0.22391135701247028,0.21580498201247345,1,0,1,0
3782,3782.0,37.82,-0.007332749999999187,0.0,0.21594738000725638,0.007332749999999187,0.22328013000725558,0.21594738000725638,1,0,1,0
3783,3783.0,37.83,-0.006559124999995814,0.0,0.2178885327968396,0.006559124999995814,0.2244476577968354,0.2178885327968396,1,0,1,0
3784,3784.0,37.84,-0.00578549999999817,0.0,0.21907067718233156,0.00578549999999817,0.22485617718232973,0.21907067718233156,1,0,1,0
3785,3785.0,37.85,-0.005011874999998935,0.0,0.22029041995671494,0.005011874999998935,0.2253022949567139,0.22029041995671494,1,0,1,0
3786,3786.0,37.86,-0.004456499999999233,0.0,0.22215081783182633,0.004456499999999233,0.22660731783182556,0.22215081783182633,1,0,1,0
3787,3787.0,37.87,-0.0039011249999995313,0.0,0.2244368451286879,0.0039011249999995313,0.22833797012868742,0.2244368451286879,1,0,1,0
3788,3788.0,37.88,-0.003345749999999434,0.0,0.22807182470905685,0.003345749999999434,0.23141757470905627,0.22807182470905685,1,0,1,0
3789,3789.0,37.89,-0.0027903749999997267,0.0,0.23002976777120124,0.0027903749999997267,0.23282014277120097,0.23002976777120124,1,0,1,0
3790,3790.0,37.9,-0.0022350000000000247,0.0,0.2305009640711431,0.0022350000000000247,0.2327359640711431,0.2305009640711431,1,0,1,0
3791,3791.0,37.91,-0.0019001249999998535,0.0,0.2304650145468122,0.0019001249999998535,0.23236513954681207,0.2304650145468122,1,0,1,0
3792,3792.0,37.92,-0.0015652499999999174,0.0,0.23150521807652757,0.0015652499999999174,0.23307046807652748,0.23150521807652757,1,0,1,0
3793,3793.0,37.93,-0.0012303749999999752,0.0,0.23390169321507273,0.0012303749999999752,0.2351320682150727,0.23390169321507273,1,0,1,0
3794,3794.0,37.94,-0.0008955000000000388,0.0,0.23588166264426857,0.0008955000000000388,0.23677716264426862,0.23588166264426857,1,0,1,0
3795,3795.0,37.95,-0.0005606249999998666,0.0,0.23540057431504324,0.0005606249999998666,0.2359611993150431,0.23540057431504324,1,0,1,0
3796,3796.0,37.96,-0.00044849999999990904,0.0,0.2347902972416928,0.00044849999999990904,0.23523879724169272,0.2347902972416928,1,0,1,0
3797,3797.0,37.97,-0.0003363749999999515,0.0,0.23561229998817784,0.0003363749999999515,0.2359486749881778,0.23561229998817784,1,0,1,0
3798,3798.0,37.98,-0.00022424999999991495,0.0,0.23680220836369317,0.00022424999999991495,0.2370264583636931,0.23680220836369317,1,0,1,0
3799,3799.0,37.99,-0.00011212499999995747,0.0,0.23795747356760016,0.00011212499999995747,0.23806959856760013,0.23795747356760016,1,0,1,0
3800,3800.0,38.0,0.0,0.0,0.23816519124474086,0.0,0.23816519124474086,0.23816519124474086,1,0,1,0
