sample_index,debug_step,t_s,theta_true_deg,theta_mtcn_deg,theta_rkf_deg,abs_error_mtcn_deg,abs_error_rkf_deg,delta_abs_error_deg,evaluation_sample,rkf_better_beyond_tolerance,mtcn_better_beyond_tolerance,near_tie
0,,0.0,0.0,,,,,,0,0,0,0
1,1.0,0.01,0.0,0.0,0.15488797143398722,0.0,0.15488797143398722,0.15488797143398722,0,0,0,0
2,2.0,0.02,0.0,0.0,0.15865619882825963,0.0,0.15865619882825963,0.15865619882825963,0,0,0,0
3,3.0,0.03,0.0,0.0,0.16131621465360893,0.0,0.16131621465360893,0.16131621465360893,0,0,0,0
4,4.0,0.04,0.0,0.0,0.16279041066285474,0.0,0.16279041066285474,0.16279041066285474,0,0,0,0
5,5.0,0.05,0.0,0.0,0.16432435469954054,0.0,0.16432435469954054,0.16432435469954054,0,0,0,0
6,6.0,0.06,0.0,0.0,0.1662035587287644,0.0,0.1662035587287644,0.1662035587287644,0,0,0,0
7,7.0,0.07,0.0,0.0,0.16715445703700257,0.0,0.16715445703700257,0.16715445703700257,0,0,0,0
8,8.0,0.08,0.0,0.0,0.16656691252919795,0.0,0.16656691252919795,0.16656691252919795,0,0,0,0
9,9.0,0.09,0.0,0.0,0.1685105610971365,0.0,0.1685105610971365,0.1685105610971365,0,0,0,0
10,10.0,0.1,0.0,0.0,0.16943119737269535,0.0,0.16943119737269535,0.16943119737269535,0,0,0,0
11,11.0,0.11,0.0,0.0,0.17062367178979565,0.0,0.17062367178979565,0.17062367178979565,0,0,0,0
12,12.0,0.12,0.0,0.0,0.17106549532937068,0.0,0.17106549532937068,0.17106549532937068,0,0,0,0
13,13.0,0.13,0.0,0.0,0.17059987902154142,0.0,0.17059987902154142,0.17059987902154142,0,0,0,0
14,14.0,0.14,0.0,0.0,0.1706845387388476,0.0,0.1706845387388476,0.1706845387388476,0,0,0,0
15,15.0,0.15,0.0,0.0,0.17086811897410914,0.0,0.17086811897410914,0.17086811897410914,0,0,0,0
16,16.0,0.16,0.0,0.0,0.17009906661858581,0.0,0.17009906661858581,0.17009906661858581,0,0,0,0
17,17.0,0.17,0.0,0.0,0.1686174052659814,0.0,0.1686174052659814,0.1686174052659814,0,0,0,0
18,18.0,0.18,0.0,0.0,0.16696281253536613,0.0,0.16696281253536613,0.16696281253536613,0,0,0,0
19,19.0,0.19,0.0,0.0,0.16697117249062002,0.0,0.16697117249062002,0.16697117249062002,0,0,0,0
20,20.0,0.2,0.0,0.0,0.16693623902167695,0.0,0.16693623902167695,0.16693623902167695,0,0,0,0
21,21.0,0.21,0.0,0.0,0.16687920692172428,0.0,0.16687920692172428,0.16687920692172428,0,0,0,0
22,22.0,0.22,0.0,0.0,0.1665642488576617,0.0,0.1665642488576617,0.1665642488576617,0,0,0,0
23,23.0,0.23,0.0,0.0,0.16774910535294874,0.0,0.16774910535294874,0.16774910535294874,0,0,0,0
24,24.0,0.24,0.0,0.0,0.16906722609459174,0.0,0.16906722609459174,0.16906722609459174,0,0,0,0
25,25.0,0.25,0.0,0.0,0.16918853898322755,0.0,0.16918853898322755,0.16918853898322755,0,0,0,0
26,26.0,0.26,0.0,0.0,0.16930900018138242,0.0,0.16930900018138242,0.16930900018138242,0,0,0,0
27,27.0,0.27,0.0,0.0,0.16912960457585285,0.0,0.16912960457585285,0.16912960457585285,0,0,0,0
28,28.0,0.28,0.0,0.0,0.1704144001048556,0.0,0.1704144001048556,0.1704144001048556,0,0,0,0
29,29.0,0.29,0.0,0.0,0.17049955412361747,0.0,0.17049955412361747,0.17049955412361747,0,0,0,0
30,30.0,0.3,0.0,0.0,0.17036876174310867,0.0,0.17036876174310867,0.17036876174310867,0,0,0,0
31,31.0,0.31,0.0,0.0,0.17089307699989723,0.0,0.17089307699989723,0.17089307699989723,0,0,0,0
32,32.0,0.32,0.0,0.0,0.1721563416510859,0.0,0.1721563416510859,0.1721563416510859,0,0,0,0
33,33.0,0.33,0.0,0.0,0.17294322613946006,0.0,0.17294322613946006,0.17294322613946006,0,0,0,0
34,34.0,0.34,0.0,0.0,0.17243220443495308,0.0,0.17243220443495308,0.17243220443495308,0,0,0,0
35,35.0,0.35,0.0,0.0,0.17259378495690206,0.0,0.17259378495690206,0.17259378495690206,0,0,0,0
36,36.0,0.36,0.0,0.0,0.17323332166364352,0.0,0.17323332166364352,0.17323332166364352,0,0,0,0
37,37.0,0.37,0.0,0.0,0.1726588348600136,0.0,0.1726588348600136,0.1726588348600136,0,0,0,0
38,38.0,0.38,0.0,0.0,0.17361577354049557,0.0,0.17361577354049557,0.17361577354049557,0,0,0,0
39,39.0,0.39,0.0,0.0,0.1749724265456316,0.0,0.1749724265456316,0.1749724265456316,0,0,0,0
40,40.0,0.4,0.0,0.0,0.1740895811507989,0.0,0.1740895811507989,0.1740895811507989,0,0,0,0
41,41.0,0.41,0.0,0.0,0.172965909657607,0.0,0.172965909657607,0.172965909657607,0,0,0,0
42,42.0,0.42,0.0,0.0,0.17263078206747373,0.0,0.17263078206747373,0.17263078206747373,0,0,0,0
43,43.0,0.43,0.0,0.0,0.17378503469514728,0.0,0.17378503469514728,0.17378503469514728,0,0,0,0
44,44.0,0.44,0.0,0.0,0.17410858606671498,0.0,0.17410858606671498,0.17410858606671498,0,0,0,0
45,45.0,0.45,0.0,0.0,0.17326615583213895,0.0,0.17326615583213895,0.17326615583213895,0,0,0,0
46,46.0,0.46,0.0,0.0,0.17399097098013722,0.0,0.17399097098013722,0.17399097098013722,0,0,0,0
47,47.0,0.47,0.0,0.0,0.1748122314407822,0.0,0.1748122314407822,0.1748122314407822,0,0,0,0
48,48.0,0.48,0.0,0.0,0.17550180585439773,0.0,0.17550180585439773,0.17550180585439773,0,0,0,0
49,49.0,0.49,0.0,0.0,0.17541970966830775,0.0,0.17541970966830775,0.17541970966830775,0,0,0,0
50,50.0,0.5,0.0,0.0,0.17410727092374273,0.0,0.17410727092374273,0.17410727092374273,1,0,1,0
51,51.0,0.51,0.0,0.0,0.17392688152593128,0.0,0.17392688152593128,0.17392688152593128,1,0,1,0
52,52.0,0.52,0.0,0.0,0.17385939554012347,0.0,0.17385939554012347,0.17385939554012347,1,0,1,0
53,53.0,0.53,0.0,0.0,0.17290945942518957,0.0,0.17290945942518957,0.17290945942518957,1,0,1,0
54,54.0,0.54,0.0,0.0,0.17125534250872174,0.0,0.17125534250872174,0.17125534250872174,1,0,1,0
55,55.0,0.55,0.0,0.0,0.1720517724894842,0.0,0.1720517724894842,0.1720517724894842,1,0,1,0
56,56.0,0.56,0.0,0.0,0.17246029516256453,0.0,0.17246029516256453,0.17246029516256453,1,0,1,0
57,57.0,0.57,0.0,0.0,0.17256912114541156,0.0,0.17256912114541156,0.17256912114541156,1,0,1,0
58,58.0,0.58,0.0,0.0,0.17241206089841418,0.0,0.17241206089841418,0.17241206089841418,1,0,1,0
59,59.0,0.59,0.0,0.0,0.17221032778048376,0.0,0.17221032778048376,0.17221032778048376,1,0,1,0
60,60.0,0.6,0.0,0.0,0.17242402363880607,0.0,0.17242402363880607,0.17242402363880607,1,0,1,0
61,61.0,0.61,0.0,0.0,0.17397586085452635,0.0,0.17397586085452635,0.17397586085452635,1,0,1,0
62,62.0,0.62,0.0,0.0,0.17365905098394852,0.0,0.17365905098394852,0.17365905098394852,1,0,1,0
63,63.0,0.63,0.0,0.0,0.1740065517443735,0.0,0.1740065517443735,0.1740065517443735,1,0,1,0
64,64.0,0.64,0.0,0.0,0.173679396188883,0.0,0.173679396188883,0.173679396188883,1,0,1,0
65,65.0,0.65,0.0,0.0,0.17487103183667466,0.0,0.17487103183667466,0.17487103183667466,1,0,1,0
66,66.0,0.66,0.0,0.0,0.17377598886108933,0.0,0.17377598886108933,0.17377598886108933,1,0,1,0
67,67.0,0.67,0.0,0.0,0.17300326372193356,0.0,0.17300326372193356,0.17300326372193356,1,0,1,0
68,68.0,0.68,0.0,0.0,0.1753650006275689,0.0,0.1753650006275689,0.1753650006275689,1,0,1,0
69,69.0,0.69,0.0,0.0,0.1766907103338012,0.0,0.1766907103338012,0.1766907103338012,1,0,1,0
70,70.0,0.7,0.0,0.0,0.17894161762999816,0.0,0.17894161762999816,0.17894161762999816,1,0,1,0
71,71.0,0.71,0.0,0.0,0.17900035650023874,0.0,0.17900035650023874,0.17900035650023874,1,0,1,0
72,72.0,0.72,0.0,0.0,0.17934194993260616,0.0,0.17934194993260616,0.17934194993260616,1,0,1,0
73,73.0,0.73,0.0,0.0,0.18016789596844027,0.0,0.18016789596844027,0.18016789596844027,1,0,1,0
74,74.0,0.74,0.0,0.0,0.17986895967800462,0.0,0.17986895967800462,0.17986895967800462,1,0,1,0
75,75.0,0.75,0.0,0.0,0.17749190570306014,0.0,0.17749190570306014,0.17749190570306014,1,0,1,0
76,76.0,0.76,0.0,0.0,0.17693142593457392,0.0,0.17693142593457392,0.17693142593457392,1,0,1,0
77,77.0,0.77,0.0,0.0,0.1780547342546286,0.0,0.1780547342546286,0.1780547342546286,1,0,1,0
78,78.0,0.78,0.0,0.0,0.17875673963776187,0.0,0.17875673963776187,0.17875673963776187,1,0,1,0
79,79.0,0.79,0.0,0.0,0.1791842280977458,0.0,0.1791842280977458,0.1791842280977458,1,0,1,0
80,80.0,0.8,0.0,0.0,0.17983859605872793,0.0,0.17983859605872793,0.17983859605872793,1,0,1,0
81,81.0,0.81,0.0,0.0,0.18003246420773383,0.0,0.18003246420773383,0.18003246420773383,1,0,1,0
82,82.0,0.82,0.0,0.0,0.1789619256845612,0.0,0.1789619256845612,0.1789619256845612,1,0,1,0
83,83.0,0.83,0.0,0.0,0.17875122915309596,0.0,0.17875122915309596,0.17875122915309596,1,0,1,0
84,84.0,0.84,0.0,0.0,0.17932132652453064,0.0,0.17932132652453064,0.17932132652453064,1,0,1,0
85,85.0,0.85,0.0,0.0,0.18005332611766195,0.0,0.18005332611766195,0.18005332611766195,1,0,1,0
86,86.0,0.86,0.0,0.0,0.1796602410094017,0.0,0.1796602410094017,0.1796602410094017,1,0,1,0
87,87.0,0.87,0.0,0.0,0.17909078139664705,0.0,0.17909078139664705,0.17909078139664705,1,0,1,0
88,88.0,0.88,0.0,0.0,0.17933282184203425,0.0,0.17933282184203425,0.17933282184203425,1,0,1,0
89,89.0,0.89,0.0,0.0,0.17896053749860877,0.0,0.17896053749860877,0.17896053749860877,1,0,1,0
90,90.0,0.9,0.0,0.0,0.1788035407529822,0.0,0.1788035407529822,0.1788035407529822,1,0,1,0
91,91.0,0.91,0.0,0.0,0.176863199811386,0.0,0.176863199811386,0.176863199811386,1,0,1,0
92,92.0,0.92,0.0,0.0,0.17780764226626752,0.0,0.17780764226626752,0.17780764226626752,1,0,1,0
93,93.0,0.93,0.0,0.0,0.17780026586519287,0.0,0.17780026586519287,0.17780026586519287,1,0,1,0
94,94.0,0.94,0.0,0.0,0.17723128453939702,0.0,0.17723128453939702,0.17723128453939702,1,0,1,0
95,95.0,0.95,0.0,0.0,0.17741668276975975,0.0,0.17741668276975975,0.17741668276975975,1,0,1,0
96,96.0,0.96,0.0,0.0,0.17553978270946632,0.0,0.17553978270946632,0.17553978270946632,1,0,1,0
97,97.0,0.97,0.0,0.0,0.17540172972927667,0.0,0.17540172972927667,0.17540172972927667,1,0,1,0
98,98.0,0.98,0.0,0.0,0.17462708772486682,0.0,0.17462708772486682,0.17462708772486682,1,0,1,0
99,99.0,0.99,0.0,0.0,0.17394198204099448,0.0,0.17394198204099448,0.17394198204099448,1,0,1,0
100,100.0,1.0,0.0,0.0,0.17541986721241565,0.0,0.17541986721241565,0.17541986721241565,1,0,1,0
101,101.0,1.01,0.0,0.0,0.1756396691159027,0.0,0.1756396691159027,0.1756396691159027,1,0,1,0
102,102.0,1.02,0.0,0.0,0.17670975580478154,0.0,0.17670975580478154,0.17670975580478154,1,0,1,0
103,103.0,1.03,0.0,0.0,0.17659558897251632,0.0,0.17659558897251632,0.17659558897251632,1,0,1,0
104,104.0,1.04,0.0,0.0,0.17599403524373977,0.0,0.17599403524373977,0.17599403524373977,1,0,1,0
105,105.0,1.05,0.0,0.0,0.17814469838093344,0.0,0.17814469838093344,0.17814469838093344,1,0,1,0
106,106.0,1.06,0.0,0.0,0.17829766447402728,0.0,0.17829766447402728,0.17829766447402728,1,0,1,0
107,107.0,1.07,0.0,0.0,0.17934988738856994,0.0,0.17934988738856994,0.17934988738856994,1,0,1,0
108,108.0,1.08,0.0,0.0,0.17929168784989613,0.0,0.17929168784989613,0.17929168784989613,1,0,1,0
109,109.0,1.09,0.0,0.0,0.17941441496221902,0.0,0.17941441496221902,0.17941441496221902,1,0,1,0
110,110.0,1.1,0.0,0.0,0.18064450004746402,0.0,0.18064450004746402,0.18064450004746402,1,0,1,0
111,111.0,1.11,0.0,0.0,0.17999675642794455,0.0,0.17999675642794455,0.17999675642794455,1,0,1,0
112,112.0,1.12,0.0,0.0,0.17809507244339126,0.0,0.17809507244339126,0.17809507244339126,1,0,1,0
113,113.0,1.13,0.0,0.0,0.17723053279103293,0.0,0.17723053279103293,0.17723053279103293,1,0,1,0
114,114.0,1.14,0.0,0.0,0.17825746712341864,0.0,0.17825746712341864,0.17825746712341864,1,0,1,0
115,115.0,1.15,0.0,0.0,0.17767842253947827,0.0,0.17767842253947827,0.17767842253947827,1,0,1,0
116,116.0,1.16,0.0,0.0,0.17718882434609234,0.0,0.17718882434609234,0.17718882434609234,1,0,1,0
117,117.0,1.17,0.0,0.0,0.17685780237768733,0.0,0.17685780237768733,0.17685780237768733,1,0,1,0
118,118.0,1.18,0.0,0.0,0.1772863018982537,0.0,0.1772863018982537,0.1772863018982537,1,0,1,0
119,119.0,1.19,0.0,0.0,0.17924251219982784,0.0,0.17924251219982784,0.17924251219982784,1,0,1,0
120,120.0,1.2,0.0,0.0,0.17990474410345247,0.0,0.17990474410345247,0.17990474410345247,1,0,1,0
121,121.0,1.21,0.0,0.0,0.18076595392971448,0.0,0.18076595392971448,0.18076595392971448,1,0,1,0
122,122.0,1.22,0.0,0.0,0.18113421903673974,0.0,0.18113421903673974,0.18113421903673974,1,0,1,0
123,123.0,1.23,0.0,0.0,0.18065831919624206,0.0,0.18065831919624206,0.18065831919624206,1,0,1,0
124,124.0,1.24,0.0,0.0,0.18017321206984024,0.0,0.18017321206984024,0.18017321206984024,1,0,1,0
125,125.0,1.25,0.0,0.0,0.18018526531878223,0.0,0.18018526531878223,0.18018526531878223,1,0,1,0
126,126.0,1.26,0.0,0.0,0.17954317894006633,0.0,0.17954317894006633,0.17954317894006633,1,0,1,0
127,127.0,1.27,0.0,0.0,0.1788437989050413,0.0,0.1788437989050413,0.1788437989050413,1,0,1,0
128,128.0,1.28,0.0,0.0,0.17803980377043468,0.0,0.17803980377043468,0.17803980377043468,1,0,1,0
129,129.0,1.29,0.0,0.0,0.1789766773560986,0.0,0.1789766773560986,0.1789766773560986,1,0,1,0
130,130.0,1.3,0.0,0.0,0.17978982916827863,0.0,0.17978982916827863,0.17978982916827863,1,0,1,0
131,131.0,1.31,0.0,0.0,0.1799182299601601,0.0,0.1799182299601601,0.1799182299601601,1,0,1,0
132,132.0,1.32,0.0,0.0,0.18084508321646206,0.0,0.18084508321646206,0.18084508321646206,1,0,1,0
133,133.0,1.33,0.0,0.0,0.18084323116819306,0.0,0.18084323116819306,0.18084323116819306,1,0,1,0
134,134.0,1.34,0.0,0.0,0.18106168492400693,0.0,0.18106168492400693,0.18106168492400693,1,0,1,0
135,135.0,1.35,0.0,0.0,0.18031271764965665,0.0,0.18031271764965665,0.18031271764965665,1,0,1,0
136,136.0,1.36,0.0,0.0,0.18007517296243145,0.0,0.18007517296243145,0.18007517296243145,1,0,1,0
137,137.0,1.37,0.0,0.0,0.1806362883768674,0.0,0.1806362883768674,0.1806362883768674,1,0,1,0
138,138.0,1.38,0.0,0.0,0.18098138087516927,0.0,0.18098138087516927,0.18098138087516927,1,0,1,0
139,139.0,1.39,0.0,0.0,0.1817149684477072,0.0,0.1817149684477072,0.1817149684477072,1,0,1,0
140,140.0,1.4,0.0,0.0,0.18170059474384512,0.0,0.18170059474384512,0.18170059474384512,1,0,1,0
141,141.0,1.41,0.0,0.0,0.181039689049735,0.0,0.181039689049735,0.181039689049735,1,0,1,0
142,142.0,1.42,0.0,0.0,0.18256539585279077,0.0,0.18256539585279077,0.18256539585279077,1,0,1,0
143,143.0,1.43,0.0,0.0,0.18149433364924153,0.0,0.18149433364924153,0.18149433364924153,1,0,1,0
144,144.0,1.44,0.0,0.0,0.18185980005285055,0.0,0.18185980005285055,0.18185980005285055,1,0,1,0
145,145.0,1.45,0.0,0.0,0.18183020333763422,0.0,0.18183020333763422,0.18183020333763422,1,0,1,0
146,146.0,1.46,0.0,0.0,0.1820608622882248,0.0,0.1820608622882248,0.1820608622882248,1,0,1,0
147,147.0,1.47,0.0,0.0,0.1828126280611589,0.0,0.1828126280611589,0.1828126280611589,1,0,1,0
148,148.0,1.48,0.0,0.0,0.18197694842481324,0.0,0.18197694842481324,0.18197694842481324,1,0,1,0
149,149.0,1.49,0.0,0.0,0.1809700150482702,0.0,0.1809700150482702,0.1809700150482702,1,0,1,0
150,150.0,1.5,0.0,0.0,0.18014706439446734,0.0,0.18014706439446734,0.18014706439446734,1,0,1,0
151,151.0,1.51,0.0,0.0,0.18127839006751373,0.0,0.18127839006751373,0.18127839006751373,1,0,1,0
152,152.0,1.52,0.0,0.0,0.18111472306378154,0.0,0.18111472306378154,0.18111472306378154,1,0,1,0
153,153.0,1.53,0.0,0.0,0.18066560148309166,0.0,0.18066560148309166,0.18066560148309166,1,0,1,0
154,154.0,1.54,0.0,0.0,0.18047357555143032,0.0,0.18047357555143032,0.18047357555143032,1,0,1,0
155,155.0,1.55,0.0,0.0,0.18083430789455732,0.0,0.18083430789455732,0.18083430789455732,1,0,1,0
156,156.0,1.56,0.0,0.0,0.1831127876770316,0.0,0.1831127876770316,0.1831127876770316,1,0,1,0
157,157.0,1.57,0.0,0.0,0.182667207852078,0.0,0.182667207852078,0.182667207852078,1,0,1,0
158,158.0,1.58,0.0,0.0,0.1828865701821842,0.0,0.1828865701821842,0.1828865701821842,1,0,1,0
159,159.0,1.59,0.0,0.0,0.18274491456894817,0.0,0.18274491456894817,0.18274491456894817,1,0,1,0
160,160.0,1.6,0.0,0.0,0.18208490951309772,0.0,0.18208490951309772,0.18208490951309772,1,0,1,0
161,161.0,1.61,0.0,0.0,0.18169135938199488,0.0,0.18169135938199488,0.18169135938199488,1,0,1,0
162,162.0,1.62,0.0,0.0,0.18186259053970824,0.0,0.18186259053970824,0.18186259053970824,1,0,1,0
163,163.0,1.63,0.0,0.0,0.18183406737727162,0.0,0.18183406737727162,0.18183406737727162,1,0,1,0
164,164.0,1.64,0.0,0.0,0.18134051039400576,0.0,0.18134051039400576,0.18134051039400576,1,0,1,0
165,165.0,1.65,0.0,0.0,0.18068677108057465,0.0,0.18068677108057465,0.18068677108057465,1,0,1,0
166,166.0,1.66,0.0,0.0,0.18146858992639459,0.0,0.18146858992639459,0.18146858992639459,1,0,1,0
167,167.0,1.67,0.0,0.0,0.18151540677489847,0.0,0.18151540677489847,0.18151540677489847,1,0,1,0
168,168.0,1.68,0.0,0.0,0.18040548978954085,0.0,0.18040548978954085,0.18040548978954085,1,0,1,0
169,169.0,1.69,0.0,0.0,0.18203780433658384,0.0,0.18203780433658384,0.18203780433658384,1,0,1,0
170,170.0,1.7,0.0,0.0,0.18215037011060356,0.0,0.18215037011060356,0.18215037011060356,1,0,1,0
171,171.0,1.71,0.0,0.0,0.1823455587740725,0.0,0.1823455587740725,0.1823455587740725,1,0,1,0
172,172.0,1.72,0.0,0.0,0.18159239255858742,0.0,0.18159239255858742,0.18159239255858742,1,0,1,0
173,173.0,1.73,0.0,0.0,0.18008999787816035,0.0,0.18008999787816035,0.18008999787816035,1,0,1,0
174,174.0,1.74,0.0,0.0,0.18027550127448516,0.0,0.18027550127448516,0.18027550127448516,1,0,1,0
175,175.0,1.75,0.0,0.0,0.18053793024552123,0.0,0.18053793024552123,0.18053793024552123,1,0,1,0
176,176.0,1.76,0.0,0.0,0.1813889580673163,0.0,0.1813889580673163,0.1813889580673163,1,0,1,0
177,177.0,1.77,0.0,0.0,0.18083262317150198,0.0,0.18083262317150198,0.18083262317150198,1,0,1,0
178,178.0,1.78,0.0,0.0,0.18296801406495736,0.0,0.18296801406495736,0.18296801406495736,1,0,1,0
179,179.0,1.79,0.0,0.0,0.1839411281365741,0.0,0.1839411281365741,0.1839411281365741,1,0,1,0
180,180.0,1.8,0.0,0.0,0.1854064510793814,0.0,0.1854064510793814,0.1854064510793814,1,0,1,0
181,181.0,1.81,0.0,0.0,0.1852824057255935,0.0,0.1852824057255935,0.1852824057255935,1,0,1,0
182,182.0,1.82,0.0,0.0,0.18544151437523237,0.0,0.18544151437523237,0.18544151437523237,1,0,1,0
183,183.0,1.83,0.0,0.0,0.18502525708589293,0.0,0.18502525708589293,0.18502525708589293,1,0,1,0
184,184.0,1.84,0.0,0.0,0.18272801238507871,0.0,0.18272801238507871,0.18272801238507871,1,0,1,0
185,185.0,1.85,0.0,0.0,0.18445310369704151,0.0,0.18445310369704151,0.18445310369704151,1,0,1,0
186,186.0,1.86,0.0,0.0,0.18512470140210527,0.0,0.18512470140210527,0.18512470140210527,1,0,1,0
187,187.0,1.87,0.0,0.0,0.18596618286792715,0.0,0.18596618286792715,0.18596618286792715,1,0,1,0
188,188.0,1.88,0.0,0.0,0.18532310429954385,0.0,0.18532310429954385,0.18532310429954385,1,0,1,0
189,189.0,1.89,0.0,0.0,0.18631657358045386,0.0,0.18631657358045386,0.18631657358045386,1,0,1,0
190,190.0,1.9,0.0,0.0,0.18739453633673048,0.0,0.18739453633673048,0.18739453633673048,1,0,1,0
191,191.0,1.91,0.0,0.0,0.18807123958217856,0.0,0.18807123958217856,0.18807123958217856,1,0,1,0
192,192.0,1.92,0.0,0.0,0.18781583764616522,0.0,0.18781583764616522,0.18781583764616522,1,0,1,0
193,193.0,1.93,0.0,0.0,0.18738118796188752,0.0,0.18738118796188752,0.18738118796188752,1,0,1,0
194,194.0,1.94,0.0,0.0,0.1877551936841225,0.0,0.1877551936841225,0.1877551936841225,1,0,1,0
195,195.0,1.95,0.0,0.0,0.187058756578613,0.0,0.187058756578613,0.187058756578613,1,0,1,0
196,196.0,1.96,0.0,0.0,0.18726100807320445,0.0,0.18726100807320445,0.18726100807320445,1,0,1,0
197,197.0,1.97,0.0,0.0,0.1860863547894029,0.0,0.1860863547894029,0.1860863547894029,1,0,1,0
198,198.0,1.98,0.0,0.0,0.18632738408909483,0.0,0.18632738408909483,0.18632738408909483,1,0,1,0
199,199.0,1.99,0.0,0.0,0.1864252356261414,0.0,0.1864252356261414,0.1864252356261414,1,0,1,0
200,200.0,2.0,0.0,0.0,0.18717295195790448,0.0,0.18717295195790448,0.18717295195790448,1,0,1,0
201,201.0,2.01,0.0,0.0,0.18825170348408707,0.0,0.18825170348408707,0.18825170348408707,1,0,1,0
202,202.0,2.02,0.0,0.0,0.1886156024018381,0.0,0.1886156024018381,0.1886156024018381,1,0,1,0
203,203.0,2.03,0.0,0.0,0.18811087868554596,0.0,0.18811087868554596,0.18811087868554596,1,0,1,0
204,204.0,2.04,0.0,0.0,0.18790584321669038,0.0,0.18790584321669038,0.18790584321669038,1,0,1,0
205,205.0,2.05,0.0,0.0,0.18969083296514053,0.0,0.18969083296514053,0.18969083296514053,1,0,1,0
206,206.0,2.06,0.0,0.0,0.18899830793393,0.0,0.18899830793393,0.18899830793393,1,0,1,0
207,207.0,2.07,0.0,0.0,0.19017873240794017,0.0,0.19017873240794017,0.19017873240794017,1,0,1,0
208,208.0,2.08,0.0,0.0,0.19026593819264015,0.0,0.19026593819264015,0.19026593819264015,1,0,1,0
209,209.0,2.09,0.0,0.0,0.190427280086978,0.0,0.190427280086978,0.190427280086978,1,0,1,0
210,210.0,2.1,0.0,0.0,0.19150399104933236,0.0,0.19150399104933236,0.19150399104933236,1,0,1,0
211,211.0,2.11,0.0,0.0,0.19055314181511843,0.0,0.19055314181511843,0.19055314181511843,1,0,1,0
212,212.0,2.12,0.0,0.0,0.18988234598440495,0.0,0.18988234598440495,0.18988234598440495,1,0,1,0
213,213.0,2.13,0.0,0.0,0.18945319206048253,0.0,0.18945319206048253,0.18945319206048253,1,0,1,0
214,214.0,2.14,0.0,0.0,0.19000675820774443,0.0,0.19000675820774443,0.19000675820774443,1,0,1,0
215,215.0,2.15,0.0,0.0,0.18901078829975504,0.0,0.18901078829975504,0.18901078829975504,1,0,1,0
216,216.0,2.16,0.0,0.0,0.18820221487427244,0.0,0.18820221487427244,0.18820221487427244,1,0,1,0
217,217.0,2.17,0.0,0.0,0.1887310783620042,0.0,0.1887310783620042,0.1887310783620042,1,0,1,0
218,218.0,2.18,0.0,0.0,0.18914638433674894,0.0,0.18914638433674894,0.18914638433674894,1,0,1,0
219,219.0,2.19,0.0,0.0,0.18958169321672208,0.0,0.18958169321672208,0.18958169321672208,1,0,1,0
220,220.0,2.2,0.0,0.0,0.18915449870039341,0.0,0.18915449870039341,0.18915449870039341,1,0,1,0
221,221.0,2.21,0.0,0.0,0.18784024846493844,0.0,0.18784024846493844,0.18784024846493844,1,0,1,0
222,222.0,2.22,0.0,0.0,0.18922211079807363,0.0,0.18922211079807363,0.18922211079807363,1,0,1,0
223,223.0,2.23,0.0,0.0,0.19025743057735608,0.0,0.19025743057735608,0.19025743057735608,1,0,1,0
224,224.0,2.24,0.0,0.0,0.19099892778855634,0.0,0.19099892778855634,0.19099892778855634,1,0,1,0
225,225.0,2.25,0.0,0.0,0.19082938433199542,0.0,0.19082938433199542,0.19082938433199542,1,0,1,0
226,226.0,2.26,0.0,0.0,0.19127676499356847,0.0,0.19127676499356847,0.19127676499356847,1,0,1,0
227,227.0,2.27,0.0,0.0,0.19181745629911537,0.0,0.19181745629911537,0.19181745629911537,1,0,1,0
228,228.0,2.28,0.0,0.0,0.19292077744936229,0.0,0.19292077744936229,0.19292077744936229,1,0,1,0
229,229.0,2.29,0.0,0.0,0.19281870530348125,0.0,0.19281870530348125,0.19281870530348125,1,0,1,0
230,230.0,2.3,0.0,0.0,0.19138464206625538,0.0,0.19138464206625538,0.19138464206625538,1,0,1,0
231,231.0,2.31,0.0,0.0,0.19141060419868294,0.0,0.19141060419868294,0.19141060419868294,1,0,1,0
232,232.0,2.32,0.0,0.0,0.19075658571317045,0.0,0.19075658571317045,0.19075658571317045,1,0,1,0
233,233.0,2.33,0.0,0.0,0.19104626376053735,0.0,0.19104626376053735,0.19104626376053735,1,0,1,0
234,234.0,2.34,0.0,0.0,0.1905902288671437,0.0,0.1905902288671437,0.1905902288671437,1,0,1,0
235,235.0,2.35,0.0,0.0,0.19146048424509285,0.0,0.19146048424509285,0.19146048424509285,1,0,1,0
236,236.0,2.36,0.0,0.0,0.19222884503439241,0.0,0.19222884503439241,0.19222884503439241,1,0,1,0
237,237.0,2.37,0.0,0.0,0.19169517436948166,0.0,0.19169517436948166,0.19169517436948166,1,0,1,0
238,238.0,2.38,0.0,0.0,0.1920484045631632,0.0,0.1920484045631632,0.1920484045631632,1,0,1,0
239,239.0,2.39,0.0,0.0,0.19137896398602,0.0,0.19137896398602,0.19137896398602,1,0,1,0
240,240.0,2.4,0.0,0.0,0.1920745571639449,0.0,0.1920745571639449,0.1920745571639449,1,0,1,0
241,241.0,2.41,0.0,0.0,0.19200582331588562,0.0,0.19200582331588562,0.19200582331588562,1,0,1,0
242,242.0,2.42,0.0,0.0,0.1936858407957161,0.0,0.1936858407957161,0.1936858407957161,1,0,1,0
243,243.0,2.43,0.0,0.0,0.19332327086716714,0.0,0.19332327086716714,0.19332327086716714,1,0,1,0
244,244.0,2.44,0.0,0.0,0.194686346695978,0.0,0.194686346695978,0.194686346695978,1,0,1,0
245,245.0,2.45,0.0,0.0,0.19489922106122767,0.0,0.19489922106122767,0.19489922106122767,1,0,1,0
246,246.0,2.46,0.0,0.0,0.1966304213452414,0.0,0.1966304213452414,0.1966304213452414,1,0,1,0
247,247.0,2.47,0.0,0.0,0.1973094601638573,0.0,0.1973094601638573,0.1973094601638573,1,0,1,0
248,248.0,2.48,0.0,0.0,0.1970196757338868,0.0,0.1970196757338868,0.1970196757338868,1,0,1,0
249,249.0,2.49,0.0,0.0,0.19517540686361953,0.0,0.19517540686361953,0.19517540686361953,1,0,1,0
250,250.0,2.5,0.0,0.0,0.19400428997898334,0.0,0.19400428997898334,0.19400428997898334,1,0,1,0
251,251.0,2.51,0.0,0.0,0.19425152209233784,0.0,0.19425152209233784,0.19425152209233784,1,0,1,0
252,252.0,2.52,0.0,0.0,0.19317305319040476,0.0,0.19317305319040476,0.19317305319040476,1,0,1,0
253,253.0,2.53,0.0,0.0,0.19281487410576176,0.0,0.19281487410576176,0.19281487410576176,1,0,1,0
254,254.0,2.54,0.0,0.0,0.1933708667665054,0.0,0.1933708667665054,0.1933708667665054,1,0,1,0
255,255.0,2.55,0.0,0.0,0.19366728569181066,0.0,0.19366728569181066,0.19366728569181066,1,0,1,0
256,256.0,2.56,0.0,0.0,0.19527965418615315,0.0,0.19527965418615315,0.19527965418615315,1,0,1,0
257,257.0,2.57,0.0,0.0,0.1953115982272252,0.0,0.1953115982272252,0.1953115982272252,1,0,1,0
258,258.0,2.58,0.0,0.0,0.19593596411737163,0.0,0.19593596411737163,0.19593596411737163,1,0,1,0
259,259.0,2.59,0.0,0.0,0.1989484057686086,0.0,0.1989484057686086,0.1989484057686086,1,0,1,0
260,260.0,2.6,0.0,0.0,0.20091632687219138,0.0,0.20091632687219138,0.20091632687219138,1,0,1,0
261,261.0,2.61,0.0,0.0,0.20091561620990886,0.0,0.20091561620990886,0.20091561620990886,1,0,1,0
262,262.0,2.62,0.0,0.0,0.2000807581887389,0.0,0.2000807581887389,0.2000807581887389,1,0,1,0
263,263.0,2.63,0.0,0.0,0.19994839275455736,0.0,0.19994839275455736,0.19994839275455736,1,0,1,0
264,264.0,2.64,0.0,0.0,0.20041547959946554,0.0,0.20041547959946554,0.20041547959946554,1,0,1,0
265,265.0,2.65,0.0,0.0,0.20175594105993594,0.0,0.20175594105993594,0.20175594105993594,1,0,1,0
266,266.0,2.66,0.0,0.0,0.2004266176804596,0.0,0.2004266176804596,0.2004266176804596,1,0,1,0
267,267.0,2.67,0.0,0.0,0.19891356031502413,0.0,0.19891356031502413,0.19891356031502413,1,0,1,0
268,268.0,2.68,0.0,0.0,0.1985171296538985,0.0,0.1985171296538985,0.1985171296538985,1,0,1,0
269,269.0,2.69,0.0,0.0,0.19796527132835368,0.0,0.19796527132835368,0.19796527132835368,1,0,1,0
270,270.0,2.7,0.0,0.0,0.19793244974344953,0.0,0.19793244974344953,0.19793244974344953,1,0,1,0
271,271.0,2.71,0.0,0.0,0.19704942446917023,0.0,0.19704942446917023,0.19704942446917023,1,0,1,0
272,272.0,2.72,0.0,0.0,0.19725101328411615,0.0,0.19725101328411615,0.19725101328411615,1,0,1,0
273,273.0,2.73,0.0,0.0,0.1975523914305484,0.0,0.1975523914305484,0.1975523914305484,1,0,1,0
274,274.0,2.74,0.0,0.0,0.19748233745838223,0.0,0.19748233745838223,0.19748233745838223,1,0,1,0
275,275.0,2.75,0.0,0.0,0.19761329436893582,0.0,0.19761329436893582,0.19761329436893582,1,0,1,0
276,276.0,2.76,0.0,0.0,0.19643347610510561,0.0,0.19643347610510561,0.19643347610510561,1,0,1,0
277,277.0,2.77,0.0,0.0,0.19702237420530394,0.0,0.19702237420530394,0.19702237420530394,1,0,1,0
278,278.0,2.78,0.0,0.0,0.19688360740495195,0.0,0.19688360740495195,0.19688360740495195,1,0,1,0
279,279.0,2.79,0.0,0.0,0.19552153168653746,0.0,0.19552153168653746,0.19552153168653746,1,0,1,0
280,280.0,2.8,0.0,0.0,0.19538859419347424,0.0,0.19538859419347424,0.19538859419347424,1,0,1,0
281,281.0,2.81,0.0,0.0,0.19250991886137345,0.0,0.19250991886137345,0.19250991886137345,1,0,1,0
282,282.0,2.82,0.0,0.0,0.1917210007354516,0.0,0.1917210007354516,0.1917210007354516,1,0,1,0
283,283.0,2.83,0.0,0.0,0.19298818491245018,0.0,0.19298818491245018,0.19298818491245018,1,0,1,0
284,284.0,2.84,0.0,0.0,0.1938112812502549,0.0,0.1938112812502549,0.1938112812502549,1,0,1,0
285,285.0,2.85,0.0,0.0,0.19345840571964296,0.0,0.19345840571964296,0.19345840571964296,1,0,1,0
286,286.0,2.86,0.0,0.0,0.19359972398628417,0.0,0.19359972398628417,0.19359972398628417,1,0,1,0
287,287.0,2.87,0.0,0.0,0.19259303449962578,0.0,0.19259303449962578,0.19259303449962578,1,0,1,0
288,288.0,2.88,0.0,0.0,0.19315813399259138,0.0,0.19315813399259138,0.19315813399259138,1,0,1,0
289,289.0,2.89,0.0,0.0,0.19301174018153938,0.0,0.19301174018153938,0.19301174018153938,1,0,1,0
290,290.0,2.9,0.0,0.0,0.19259371144419582,0.0,0.19259371144419582,0.19259371144419582,1,0,1,0
291,291.0,2.91,0.0,0.0,0.19287052361847634,0.0,0.19287052361847634,0.19287052361847634,1,0,1,0
292,292.0,2.92,0.0,0.0,0.193102458045747,0.0,0.193102458045747,0.193102458045747,1,0,1,0
293,293.0,2.93,0.0,0.0,0.1945543652436149,0.0,0.1945543652436149,0.1945543652436149,1,0,1,0
294,294.0,2.94,0.0,0.0,0.194152584304237,0.0,0.194152584304237,0.194152584304237,1,0,1,0
295,295.0,2.95,0.0,0.0,0.1947861357775745,0.0,0.1947861357775745,0.1947861357775745,1,0,1,0
296,296.0,2.96,0.0,0.0,0.19536267106852903,0.0,0.19536267106852903,0.19536267106852903,1,0,1,0
297,297.0,2.97,0.0,0.0,0.19683053021876248,0.0,0.19683053021876248,0.19683053021876248,1,0,1,0
298,298.0,2.98,0.0,0.0,0.19492679658608353,0.0,0.19492679658608353,0.19492679658608353,1,0,1,0
299,299.0,2.99,0.0,0.0,0.1942844290305642,0.0,0.1942844290305642,0.1942844290305642,1,0,1,0
300,300.0,3.0,0.0,0.0,0.19487926282727833,0.0,0.19487926282727833,0.19487926282727833,1,0,1,0
301,301.0,3.01,0.0,0.0,0.19448671792465486,0.0,0.19448671792465486,0.19448671792465486,1,0,1,0
302,302.0,3.02,0.0,0.0,0.19550685183276734,0.0,0.19550685183276734,0.19550685183276734,1,0,1,0
303,303.0,3.03,0.0,0.0,0.19348432934330786,0.0,0.19348432934330786,0.19348432934330786,1,0,1,0
304,304.0,3.04,0.0,0.0,0.1915271895754063,0.0,0.1915271895754063,0.1915271895754063,1,0,1,0
305,305.0,3.05,0.0,0.0,0.19131158784181362,0.0,0.19131158784181362,0.19131158784181362,1,0,1,0
306,306.0,3.06,0.0,0.0,0.1901703468716104,0.0,0.1901703468716104,0.1901703468716104,1,0,1,0
307,307.0,3.07,0.0,0.0,0.1900685220311587,0.0,0.1900685220311587,0.1900685220311587,1,0,1,0
308,308.0,3.08,0.0,0.0,0.18831091408229478,0.0,0.18831091408229478,0.18831091408229478,1,0,1,0
309,309.0,3.09,0.0,0.0,0.18923130360061888,0.0,0.18923130360061888,0.18923130360061888,1,0,1,0
310,310.0,3.1,0.0,0.0,0.19011397918501055,0.0,0.19011397918501055,0.19011397918501055,1,0,1,0
311,311.0,3.11,0.0,0.0,0.189936246724814,0.0,0.189936246724814,0.189936246724814,1,0,1,0
312,312.0,3.12,0.0,0.0,0.1901505406603351,0.0,0.1901505406603351,0.1901505406603351,1,0,1,0
313,313.0,3.13,0.0,0.0,0.18891966568881596,0.0,0.18891966568881596,0.18891966568881596,1,0,1,0
314,314.0,3.14,0.0,0.0,0.18957993572433118,0.0,0.18957993572433118,0.18957993572433118,1,0,1,0
315,315.0,3.15,0.0,0.0,0.1892662603091541,0.0,0.1892662603091541,0.1892662603091541,1,0,1,0
316,316.0,3.16,0.0,0.0,0.1890634038234077,0.0,0.1890634038234077,0.1890634038234077,1,0,1,0
317,317.0,3.17,0.0,0.0,0.18892205295951875,0.0,0.18892205295951875,0.18892205295951875,1,0,1,0
318,318.0,3.18,0.0,0.0,0.19002849390758825,0.0,0.19002849390758825,0.19002849390758825,1,0,1,0
319,319.0,3.19,0.0,0.0,0.19112214259610297,0.0,0.19112214259610297,0.19112214259610297,1,0,1,0
320,320.0,3.2,0.0,0.0,0.1901329192413823,0.0,0.1901329192413823,0.1901329192413823,1,0,1,0
321,321.0,3.21,0.0,0.0,0.18888280376828925,0.0,0.18888280376828925,0.18888280376828925,1,0,1,0
322,322.0,3.22,0.0,0.0,0.18829101384676025,0.0,0.18829101384676025,0.18829101384676025,1,0,1,0
323,323.0,3.23,0.0,0.0,0.18798539458044675,0.0,0.18798539458044675,0.18798539458044675,1,0,1,0
324,324.0,3.24,0.0,0.0,0.1871663432801339,0.0,0.1871663432801339,0.1871663432801339,1,0,1,0
325,325.0,3.25,0.0,0.0,0.1877792783414397,0.0,0.1877792783414397,0.1877792783414397,1,0,1,0
326,326.0,3.26,0.0,0.0,0.18722614599763301,0.0,0.18722614599763301,0.18722614599763301,1,0,1,0
327,327.0,3.27,0.0,0.0,0.1865266177649601,0.0,0.1865266177649601,0.1865266177649601,1,0,1,0
328,328.0,3.28,0.0,0.0,0.1867424663132323,0.0,0.1867424663132323,0.1867424663132323,1,0,1,0
329,329.0,3.29,0.0,0.0,0.18754014349990591,0.0,0.18754014349990591,0.18754014349990591,1,0,1,0
330,330.0,3.3,0.0,0.0,0.18846827724730572,0.0,0.18846827724730572,0.18846827724730572,1,0,1,0
331,331.0,3.31,0.0,0.0,0.1882956332587427,0.0,0.1882956332587427,0.1882956332587427,1,0,1,0
332,332.0,3.32,0.0,0.0,0.18880583253386657,0.0,0.18880583253386657,0.18880583253386657,1,0,1,0
333,333.0,3.33,0.0,0.0,0.18923983574208328,0.0,0.18923983574208328,0.18923983574208328,1,0,1,0
334,334.0,3.34,0.0,0.0,0.1903138013265185,0.0,0.1903138013265185,0.1903138013265185,1,0,1,0
335,335.0,3.35,0.0,0.0,0.18769399532482844,0.0,0.18769399532482844,0.18769399532482844,1,0,1,0
336,336.0,3.36,0.0,0.0,0.18634741533920424,0.0,0.18634741533920424,0.18634741533920424,1,0,1,0
337,337.0,3.37,0.0,0.0,0.1878737310769632,0.0,0.1878737310769632,0.1878737310769632,1,0,1,0
338,338.0,3.38,0.0,0.0,0.18720492107109973,0.0,0.18720492107109973,0.18720492107109973,1,0,1,0
339,339.0,3.39,0.0,0.0,0.18833202573803418,0.0,0.18833202573803418,0.18833202573803418,1,0,1,0
340,340.0,3.4,0.0,0.0,0.1881251189940159,0.0,0.1881251189940159,0.1881251189940159,1,0,1,0
341,341.0,3.41,0.0,0.0,0.18999856915446198,0.0,0.18999856915446198,0.18999856915446198,1,0,1,0
342,342.0,3.42,0.0,0.0,0.1904135350657377,0.0,0.1904135350657377,0.1904135350657377,1,0,1,0
343,343.0,3.43,0.0,0.0,0.18959680977537705,0.0,0.18959680977537705,0.18959680977537705,1,0,1,0
344,344.0,3.44,0.0,0.0,0.18954804697142313,0.0,0.18954804697142313,0.18954804697142313,1,0,1,0
345,345.0,3.45,0.0,0.0,0.18800865298469546,0.0,0.18800865298469546,0.18800865298469546,1,0,1,0
346,346.0,3.46,0.0,0.0,0.18836688182752587,0.0,0.18836688182752587,0.18836688182752587,1,0,1,0
347,347.0,3.47,0.0,0.0,0.18896017080644878,0.0,0.18896017080644878,0.18896017080644878,1,0,1,0
348,348.0,3.48,0.0,0.0,0.18826820220458756,0.0,0.18826820220458756,0.18826820220458756,1,0,1,0
349,349.0,3.49,0.0,0.0,0.1881814606833892,0.0,0.1881814606833892,0.1881814606833892,1,0,1,0
350,350.0,3.5,0.0,0.0,0.18767766858482943,0.0,0.18767766858482943,0.18767766858482943,1,0,1,0
351,351.0,3.51,0.0,0.0,0.1883927526256337,0.0,0.1883927526256337,0.1883927526256337,1,0,1,0
352,352.0,3.52,0.0,0.0,0.1879718047104707,0.0,0.1879718047104707,0.1879718047104707,1,0,1,0
353,353.0,3.53,0.0,0.0,0.18778495265355516,0.0,0.18778495265355516,0.18778495265355516,1,0,1,0
354,354.0,3.54,0.0,0.0,0.1876629987112163,0.0,0.1876629987112163,0.1876629987112163,1,0,1,0
355,355.0,3.55,0.0,0.0,0.18870866782448797,0.0,0.18870866782448797,0.18870866782448797,1,0,1,0
356,356.0,3.56,0.0,0.0,0.18906037041192159,0.0,0.18906037041192159,0.18906037041192159,1,0,1,0
357,357.0,3.57,0.0,0.0,0.18815944430053988,0.0,0.18815944430053988,0.18815944430053988,1,0,1,0
358,358.0,3.58,0.0,0.0,0.18788490019553938,0.0,0.18788490019553938,0.18788490019553938,1,0,1,0
359,359.0,3.59,0.0,0.0,0.18817951946591627,0.0,0.18817951946591627,0.18817951946591627,1,0,1,0
360,360.0,3.6,0.0,0.0,0.1891704635973022,0.0,0.1891704635973022,0.1891704635973022,1,0,1,0
361,361.0,3.61,0.0,0.0,0.1889116794457767,0.0,0.1889116794457767,0.1889116794457767,1,0,1,0
362,362.0,3.62,0.0,0.0,0.18996897540921823,0.0,0.18996897540921823,0.18996897540921823,1,0,1,0
363,363.0,3.63,0.0,0.0,0.1892624703535154,0.0,0.1892624703535154,0.1892624703535154,1,0,1,0
364,364.0,3.64,0.0,0.0,0.18877661216420755,0.0,0.18877661216420755,0.18877661216420755,1,0,1,0
365,365.0,3.65,0.0,0.0,0.1890042484819029,0.0,0.1890042484819029,0.1890042484819029,1,0,1,0
366,366.0,3.66,0.0,0.0,0.189528943536669,0.0,0.189528943536669,0.189528943536669,1,0,1,0
367,367.0,3.67,0.0,0.0,0.19049558114352866,0.0,0.19049558114352866,0.19049558114352866,1,0,1,0
368,368.0,3.68,0.0,0.0,0.18988680543097708,0.0,0.18988680543097708,0.18988680543097708,1,0,1,0
369,369.0,3.69,0.0,0.0,0.19045555851527088,0.0,0.19045555851527088,0.19045555851527088,1,0,1,0
370,370.0,3.7,0.0,0.0,0.19181477491314497,0.0,0.19181477491314497,0.19181477491314497,1,0,1,0
371,371.0,3.71,0.0,0.0,0.1921645092878611,0.0,0.1921645092878611,0.1921645092878611,1,0,1,0
372,372.0,3.72,0.0,0.0,0.1904876855124297,0.0,0.1904876855124297,0.1904876855124297,1,0,1,0
373,373.0,3.73,0.0,0.0,0.18947282482978425,0.0,0.18947282482978425,0.18947282482978425,1,0,1,0
374,374.0,3.74,0.0,0.0,0.19005348913226586,0.0,0.19005348913226586,0.19005348913226586,1,0,1,0
375,375.0,3.75,0.0,0.0,0.18994278697990738,0.0,0.18994278697990738,0.18994278697990738,1,0,1,0
376,376.0,3.76,0.0,0.0,0.19146214294040018,0.0,0.19146214294040018,0.19146214294040018,1,0,1,0
377,377.0,3.77,0.0,0.0,0.19150755266988212,0.0,0.19150755266988212,0.19150755266988212,1,0,1,0
378,378.0,3.78,0.0,0.0,0.19235345441291024,0.0,0.19235345441291024,0.19235345441291024,1,0,1,0
379,379.0,3.79,0.0,0.0,0.19255528617477266,0.0,0.19255528617477266,0.19255528617477266,1,0,1,0
380,380.0,3.8,0.0,0.0,0.19188407392957513,0.0,0.19188407392957513,0.19188407392957513,1,0,1,0
381,381.0,3.81,0.0,0.0,0.19263144085420528,0.0,0.19263144085420528,0.19263144085420528,1,0,1,0
382,382.0,3.82,0.0,0.0,0.19126964683469053,0.0,0.19126964683469053,0.19126964683469053,1,0,1,0
383,383.0,3.83,0.0,0.0,0.1915162087665428,0.0,0.1915162087665428,0.1915162087665428,1,0,1,0
384,384.0,3.84,0.0,0.0,0.19229075944410423,0.0,0.19229075944410423,0.19229075944410423,1,0,1,0
385,385.0,3.85,0.0,0.0,0.19159483339704342,0.0,0.19159483339704342,0.19159483339704342,1,0,1,0
386,386.0,3.86,0.0,0.0,0.19308547100667334,0.0,0.19308547100667334,0.19308547100667334,1,0,1,0
387,387.0,3.87,0.0,0.0,0.1929963593224096,0.0,0.1929963593224096,0.1929963593224096,1,0,1,0
388,388.0,3.88,0.0,0.0,0.19378649326004585,0.0,0.19378649326004585,0.19378649326004585,1,0,1,0
389,389.0,3.89,0.0,0.0,0.19288106861029894,0.0,0.19288106861029894,0.19288106861029894,1,0,1,0
390,390.0,3.9,0.0,0.0,0.19069131641869788,0.0,0.19069131641869788,0.19069131641869788,1,0,1,0
391,391.0,3.91,0.0,0.0,0.190475535471172,0.0,0.190475535471172,0.190475535471172,1,0,1,0
392,392.0,3.92,0.0,0.0,0.19155223750650585,0.0,0.19155223750650585,0.19155223750650585,1,0,1,0
393,393.0,3.93,0.0,0.0,0.19194269158378172,0.0,0.19194269158378172,0.19194269158378172,1,0,1,0
394,394.0,3.94,0.0,0.0,0.1907016025212138,0.0,0.1907016025212138,0.1907016025212138,1,0,1,0
395,395.0,3.95,0.0,0.0,0.1901861719574379,0.0,0.1901861719574379,0.1901861719574379,1,0,1,0
396,396.0,3.96,0.0,0.0,0.19090179755589318,0.0,0.19090179755589318,0.19090179755589318,1,0,1,0
397,397.0,3.97,0.0,0.0,0.19187468439068367,0.0,0.19187468439068367,0.19187468439068367,1,0,1,0
398,398.0,3.98,0.0,0.0,0.19125912029249856,0.0,0.19125912029249856,0.19125912029249856,1,0,1,0
399,399.0,3.99,0.0,0.0,0.19118514277734347,0.0,0.19118514277734347,0.19118514277734347,1,0,1,0
400,400.0,4.0,0.0,0.0,0.19153258176336696,0.0,0.19153258176336696,0.19153258176336696,1,0,1,0
401,401.0,4.01,0.00022789351851851288,0.0,0.19086687199947436,0.00022789351851851288,0.19063897848095585,0.19041108496243733,1,0,1,0
402,402.0,4.02,0.0004557870370370459,0.0,0.1908761728433933,0.0004557870370370459,0.19042038580635626,0.1899645987693192,1,0,1,0
403,403.0,4.03,0.0006836805555555581,0.0,0.19127036309580778,0.0006836805555555581,0.1905866825402522,0.18990300198469665,1,0,1,0
404,404.0,4.04,0.00091157407407407,0.0,0.1907336293868703,0.00091157407407407,0.18982205531279622,0.18891048123872214,1,0,1,0
405,405.0,4.05,0.0011394675925925873,0.0,0.18984328094705336,0.0011394675925925873,0.18870381335446076,0.18756434576186817,1,0,1,0
406,406.0,4.06,0.001818055555555594,0.0,0.1915722076427596,0.001818055555555594,0.189754152087204,0.18793609653164842,1,0,1,0
407,407.0,4.07,0.002496643518518549,0.0,0.1932157948629544,0.002496643518518549,0.19071915134443584,0.1882225078259173,1,0,1,0
408,408.0,4.08,0.003175231481481498,0.0,0.19355708024121718,0.003175231481481498,0.19038184875973568,0.1872066172782542,1,0,1,0
409,409.0,4.09,0.0038538194444444475,0.0,0.19329882370286205,0.0038538194444444475,0.18944500425841762,0.1855911848139732,1,0,1,0
410,410.0,4.1,0.0045324074074074025,0.0,0.19314760999110628,0.0045324074074074025,0.18861520258369888,0.18408279517629147,1,0,1,0
411,411.0,4.11,0.005654050925925958,0.0,0.1960445375418206,0.005654050925925958,0.19039048661589464,0.18473643568996867,1,0,1,0
412,412.0,4.12,0.006775694444441948,0.0,0.1965853864505359,0.006775694444441948,0.18980969200609393,0.18303399756165198,1,0,1,0
413,413.0,4.13,0.007897337962960344,0.0,0.19803532627626125,0.007897337962960344,0.1901379883133009,0.18224065035034054,1,0,1,0
414,414.0,4.14,0.00901898148147874,0.0,0.19825036532327836,0.00901898148147874,0.18923138384179963,0.1802124023603209,1,0,1,0
415,415.0,4.15,0.010140624999997136,0.0,0.1993656772930833,0.010140624999997136,0.18922505229308617,0.17908442729308904,1,0,1,0
416,416.0,4.16,0.011697685185182658,0.0,0.2010262088593986,0.011697685185182658,0.18932852367421593,0.17763083848903327,1,0,1,0
417,417.0,4.17,0.01325474537036818,0.0,0.20076807429670493,0.01325474537036818,0.18751332892633674,0.17425858355596854,1,0,1,0
418,418.0,4.18,0.014811805555553703,0.0,0.2021956146817601,0.014811805555553703,0.1873838091262064,0.1725720035706527,1,0,1,0
419,419.0,4.19,0.016368865740739227,0.0,0.20242517596539308,0.016368865740739227,0.18605631022465385,0.16968744448391462,1,0,1,0
420,420.0,4.2,0.01792592592592475,0.0,0.2033383780100438,0.01792592592592475,0.18541245208411905,0.16748652615819432,1,0,1,0
421,421.0,4.21,0.019910763888888804,0.0,0.2030340524998439,0.019910763888888804,0.18312328861095512,0.16321252472206632,1,0,1,0
422,422.0,4.22,0.021895601851847125,0.0,0.20295772379798566,0.021895601851847125,0.18106212194613852,0.15916652009429139,1,0,1,0
423,423.0,4.23,0.02388043981481118,0.0,0.20528624333825354,0.02388043981481118,0.18140580352344238,0.15752536370863118,1,0,1,0
424,424.0,4.24,0.025865277777775232,0.0,0.20706029440025916,0.025865277777775232,0.18119501662248394,0.15532973884470871,1,0,1,0
425,425.0,4.25,0.027850115740739284,0.0,0.20896582200882344,0.027850115740739284,0.18111570626808415,0.15326559052734487,1,0,1,0
426,426.0,4.26,0.030255092592587546,0.0,0.20959395777353218,0.030255092592587546,0.17933886518094463,0.1490837725883571,1,0,1,0
427,427.0,4.27,0.03266006944444153,0.0,0.20884097738243504,0.03266006944444153,0.17618090793799351,0.143520838493552,1,0,1,0
428,428.0,4.28,0.035065046296295525,0.0,0.2098443562873144,0.035065046296295525,0.17477930999101887,0.13971426369472334,1,0,1,0
429,429.0,4.29,0.03747002314814378,0.0,0.21196827477645575,0.03747002314814378,0.17449825162831195,0.13702822848016816,1,0,1,0
430,430.0,4.3,0.039874999999997766,0.0,0.21426640217910872,0.039874999999997766,0.17439140217911095,0.13451640217911318,1,0,1,0
431,431.0,4.31,0.04269247685184738,0.0,0.2153734277863013,0.04269247685184738,0.17268095093445393,0.12998847408260655,1,0,1,0
432,432.0,4.32,0.0455099537037027,0.0,0.21734310259966494,0.0455099537037027,0.17183314889596224,0.12632319519225954,1,0,1,0
433,433.0,4.33,0.048327430555552296,0.0,0.22019468953812538,0.048327430555552296,0.17186725898257307,0.12353982842702077,1,0,1,0
434,434.0,4.34,0.05114490740740189,0.0,0.2225518289793621,0.05114490740740189,0.1714069215719602,0.1202620141645583,1,0,1,0
435,435.0,4.35,0.05396238425925723,0.0,0.22380813335872463,0.05396238425925723,0.1698457490994674,0.11588336484021017,1,0,1,0
436,436.0,4.36,0.057184722222219576,0.0,0.22491837922208008,0.057184722222219576,0.1677336569998605,0.11054893477764094,1,0,1,0
437,437.0,4.37,0.06040706018518192,0.0,0.22744787248495035,0.06040706018518192,0.16704081229976844,0.10663375211458653,1,0,1,0
438,438.0,4.38,0.06362939814814426,0.0,0.22882995066769646,0.06362939814814426,0.16520055251955218,0.10157115437140792,1,0,1,0
439,439.0,4.39,0.0668517361111066,0.0,0.23071059643740405,0.0668517361111066,0.16385886032629743,0.09700712421519082,1,0,0,1
440,440.0,4.4,0.07007407407406896,0.0,0.23234671484553077,0.07007407407406896,0.1622726407714618,0.09219856669739285,1,0,0,1
441,441.0,4.41,0.07369363425925544,0.0,0.23495533759567236,0.07369363425925544,0.16126170333641693,0.08756806907716148,1,0,0,1
442,442.0,4.42,0.07731319444444194,0.0,0.23639376780886068,0.07731319444444194,0.15908057336441872,0.08176737891997678,1,0,0,1
443,443.0,4.43,0.08093275462962843,0.0,0.24081616943778558,0.08093275462962843,0.15988341480815715,0.07895066017852873,1,0,0,1
444,444.0,4.44,0.08455231481481493,0.0,0.24300920352118066,0.08455231481481493,0.15845688870636573,0.0739045738915508,1,0,0,1
445,445.0,4.45,0.0881718749999957,0.0,0.2457386454560629,0.0881718749999957,0.1575667704560672,0.06939489545607151,1,0,0,1
446,446.0,4.46,0.09218101851851773,0.0,0.24795488317546746,0.09218101851851773,0.15577386465694973,0.063592846138432,1,0,0,1
447,447.0,4.47,0.09619016203703407,0.0,0.25054123587356264,0.09619016203703407,0.15435107383652857,0.05816091179949451,1,0,0,1
448,448.0,4.48,0.10019930555555037,0.0,0.2555469632351003,0.10019930555555037,0.15534765767954992,0.055148352123999544,1,0,0,1
449,449.0,4.49,0.10420844907407242,0.0,0.25896809302412843,0.10420844907407242,0.154759643950056,0.050551194875983585,1,0,0,1
450,450.0,4.5,0.10821759259258873,0.0,0.2636500614357806,0.10821759259258873,0.1554324688431919,0.047214876250603166,1,0,0,1
451,451.0,4.51,0.11260868055555202,0.0,0.26698448124128726,0.11260868055555202,0.15437580068573525,0.04176712013018323,1,0,0,1
452,452.0,4.52,0.11699976851851529,0.0,0.2713944413976962,0.11699976851851529,0.1543946728791809,0.037394904360665615,1,0,0,1
453,453.0,4.53,0.12139085648147857,0.0,0.2763367391155987,0.12139085648147857,0.15494588263412012,0.033555026152641554,1,0,0,1
454,454.0,4.54,0.12578194444444185,0.0,0.27932212924045685,0.12578194444444185,0.153540184796015,0.02775824035157315,1,0,0,1
455,455.0,4.55,0.13017303240740513,0.0,0.2839016605822406,0.13017303240740513,0.15372862817483546,0.023555595767430326,1,0,0,1
456,456.0,4.56,0.13493842592592104,0.0,0.28713305311933096,0.13493842592592104,0.15219462719340993,0.01725620126748889,1,0,0,1
457,457.0,4.57,0.13970381944444268,0.0,0.29088459476492484,0.13970381944444268,0.15118077532048216,0.011476955876039474,1,0,0,1
458,458.0,4.58,0.1444692129629586,0.0,0.29404139152251335,0.1444692129629586,0.14957217855955476,0.005102965596596176,1,0,0,1
459,459.0,4.59,0.1492346064814802,0.0,0.29768362253218456,0.1492346064814802,0.14844901605070435,-0.0007855904307758621,1,0,0,1
460,460.0,4.6,0.15399999999999614,0.0,0.3020419809093091,0.15399999999999614,0.14804198090931298,-0.005958019090683164,1,0,0,1
461,461.0,4.61,0.1591320601851818,0.0,0.3064807909230687,0.1591320601851818,0.14734873073788687,-0.011783329447294932,1,0,0,1
462,462.0,4.62,0.1642641203703675,0.0,0.3113392661948036,0.1642641203703675,0.14707514582443612,-0.01718897454593138,1,0,0,1
463,463.0,4.63,0.16939618055555317,0.0,0.31543709713047813,0.16939618055555317,0.14604091657492496,-0.023355263980628205,1,0,0,1
464,464.0,4.64,0.17452824074073883,0.0,0.32168354615466793,0.17452824074073883,0.1471553054139291,-0.027372935326809733,1,0,0,1
465,465.0,4.65,0.17966030092592453,0.0,0.3264811577420415,0.17966030092592453,0.14682085681611698,-0.03283944410980755,1,0,0,1
466,466.0,4.66,0.18515138888888563,0.0,0.3313963693647067,0.18515138888888563,0.14624498047582105,-0.038906408413064586,1,0,0,1
467,467.0,4.67,0.19064247685184676,0.0,0.3366488425336545,0.19064247685184676,0.14600636568180775,-0.04463611117003902,1,0,0,1
468,468.0,4.68,0.19613356481481362,0.0,0.34080946084585106,0.19613356481481362,0.14467589603103745,-0.05145766878377617,1,0,0,1
469,469.0,4.69,0.20162465277777475,0.0,0.34534665009347376,0.20162465277777475,0.143721997315699,-0.057902655462075736,1,0,0,1
470,470.0,4.7,0.20711574074073585,0.0,0.3505254276270605,0.20711574074073585,0.14340968688632466,-0.0637060538544112,1,0,0,1
471,471.0,4.71,0.21295821759258957,0.0,0.35632341375232424,0.21295821759258957,0.14336519615973467,-0.0695930214328549,1,0,0,1
472,472.0,4.72,0.21880069444444325,0.0,0.3605573088965649,0.21880069444444325,0.14175661445212165,-0.0770440799923216,1,0,0,1
473,473.0,4.73,0.22464317129629122,0.0,0.3653735199420137,0.22464317129629122,0.1407303486457225,-0.08391282265056871,1,0,0,1
474,474.0,4.74,0.23048564814814493,0.0,0.3708699058104957,0.23048564814814493,0.1403842576623508,-0.09010139048579413,1,0,0,1
475,475.0,4.75,0.2363281249999986,0.0,0.37512541485938333,0.2363281249999986,0.13879728985938472,-0.09753083514061389,1,0,0,1
476,476.0,4.76,0.24251435185185058,0.0,0.37922783022811585,0.24251435185185058,0.13671347837626527,-0.10580087347558531,1,1,0,0
477,477.0,4.77,0.24870057870370255,0.0,0.3839475364355763,0.24870057870370255,0.13524695773187373,-0.11345362097182882,1,1,0,0
478,478.0,4.78,0.25488680555555443,0.0,0.3901253667672684,0.25488680555555443,0.13523856121171396,-0.11964824434384047,1,1,0,0
479,479.0,4.79,0.2610730324074064,0.0,0.396033473208954,0.2610730324074064,0.13496044080154757,-0.12611259160585886,1,1,0,0
480,480.0,4.8,0.26725925925925836,0.0,0.4004108719018367,0.26725925925925836,0.13315161264257835,-0.13410764661668,1,1,0,0
481,481.0,4.81,0.27378159722222,0.0,0.40696917676489375,0.27378159722222,0.13318757954267374,-0.14059401767954627,1,1,0,0
482,482.0,4.82,0.28030393518518154,0.0,0.41226778097906863,0.28030393518518154,0.1319638457938871,-0.14834008939129445,1,1,0,0
483,483.0,4.83,0.2868262731481432,0.0,0.41774568158430136,0.2868262731481432,0.13091940843615818,-0.155906864711985,1,1,0,0
484,484.0,4.84,0.2933486111111105,0.0,0.42386190532726686,0.2933486111111105,0.13051329421615637,-0.16283531689495412,1,1,0,0
485,485.0,4.85,0.29987094907407214,0.0,0.4317436523355527,0.29987094907407214,0.13187270326148054,-0.1679982458125916,1,1,0,0
486,486.0,4.86,0.30672175925925477,0.0,0.43696940447345334,0.30672175925925477,0.13024764521419857,-0.1764741140450562,1,1,0,0
487,487.0,4.87,0.3135725694444432,0.0,0.44417823313857957,0.3135725694444432,0.13060566369413634,-0.18296690575030689,1,1,0,0
488,488.0,4.88,0.32042337962962586,0.0,0.4508030751769961,0.32042337962962586,0.13037969554737022,-0.19004368408225564,1,1,0,0
489,489.0,4.89,0.32727418981481426,0.0,0.4581690194189549,0.32727418981481426,0.13089482960414062,-0.19637936021067365,1,1,0,0
490,490.0,4.9,0.33412499999999695,0.0,0.4647068590236492,0.33412499999999695,0.13058185902365227,-0.20354314097634468,1,1,0,0
491,491.0,4.91,0.3412966435185178,0.0,0.4700670412195014,0.3412966435185178,0.12877039770098359,-0.2125262458175342,1,1,0,0
492,492.0,4.92,0.348468287037033,0.0,0.47831486290942676,0.348468287037033,0.1298465758723938,-0.2186217111646392,1,1,0,0
493,493.0,4.93,0.3556399305555538,0.0,0.4845954405003394,0.3556399305555538,0.1289555099447856,-0.2266844206107682,1,1,0,0
494,494.0,4.94,0.3628115740740689,0.0,0.4915581402598742,0.3628115740740689,0.12874656618580532,-0.23406500788826357,1,1,0,0
495,495.0,4.95,0.3699832175925898,0.0,0.4971763123522548,0.3699832175925898,0.127193094759665,-0.24279012283292478,1,1,0,0
496,496.0,4.96,0.3774680555555545,0.0,0.5025686111211868,0.3774680555555545,0.12510055556563227,-0.25236749998992225,1,1,0,0
497,497.0,4.97,0.38495289351851353,0.0,0.5112784486096834,0.38495289351851353,0.12632555509116988,-0.25862733842734364,1,1,0,0
498,498.0,4.98,0.39243773148147826,0.0,0.5187177875873998,0.39243773148147826,0.12628005610592158,-0.2661576753755567,1,1,0,0
499,499.0,4.99,0.399922569444443,0.0,0.5271699333947159,0.399922569444443,0.12724736395027286,-0.2726752054941701,1,1,0,0
500,500.0,5.0,0.407407407407402,0.0,0.5338601686864624,0.407407407407402,0.12645276127906036,-0.28095464612834165,1,1,0,0
501,501.0,5.01,0.415197800925922,0.0,0.5405184394305649,0.415197800925922,0.12532063850464287,-0.28987716242127914,1,1,0,0
502,502.0,5.02,0.422988194444442,0.0,0.548778108496804,0.422988194444442,0.12578991405236195,-0.29719828039208007,1,1,0,0
503,503.0,5.03,0.43077858796296203,0.0,0.5570714743248106,0.43077858796296203,0.1262928863618486,-0.30448570160111343,1,1,0,0
504,504.0,5.04,0.43856898148147627,0.0,0.56449750390547,0.43856898148147627,0.12592852242399377,-0.3126404590574825,1,1,0,0
505,505.0,5.05,0.4463593749999963,0.0,0.5705552622574994,0.4463593749999963,0.12419588725750313,-0.32216348774249315,1,1,0,0
506,506.0,5.06,0.45444768518518297,0.0,0.5773742210267923,0.45444768518518297,0.12292653584160929,-0.3315211493435737,1,1,0,0
507,507.0,5.07,0.46253599537036966,0.0,0.5855877151795944,0.46253599537036966,0.12305171980922475,-0.3394842755611449,1,1,0,0
508,508.0,5.08,0.4706243055555507,0.0,0.5940786281665201,0.4706243055555507,0.12345432261096945,-0.34716998294458123,1,1,0,0
509,509.0,5.09,0.47871261574073737,0.0,0.6014531770937398,0.47871261574073737,0.12274056135300243,-0.35597205438773494,1,1,0,0
510,510.0,5.1,0.48680092592592406,0.0,0.6081376113479695,0.48680092592592406,0.12133668542204545,-0.3654642405038786,1,1,0,0
511,511.0,5.11,0.4951795138888888,0.0,0.6152052035576657,0.4951795138888888,0.12002568966877691,-0.3751538242201119,1,1,0,0
512,512.0,5.12,0.5035581018518478,0.0,0.62166329721113,0.5035581018518478,0.11810519535928221,-0.3854529064925656,1,1,0,0
513,513.0,5.13,0.5119366898148127,0.0,0.6293674264097585,0.5119366898148127,0.11743073659494585,-0.3945059532198668,1,1,0,0
514,514.0,5.14,0.5203152777777774,0.0,0.6350052711090358,0.5203152777777774,0.1146899933312584,-0.405625284446519,1,1,0,0
515,515.0,5.15,0.5286938657407364,0.0,0.6433639231940393,0.5286938657407364,0.11467005745330294,-0.41402380828743346,1,1,0,0
516,516.0,5.16,0.5373550925925907,0.0,0.6511558412936417,0.5373550925925907,0.11380074870105095,-0.4235543438915398,1,1,0,0
517,517.0,5.17,0.5460163194444393,0.0,0.6588010233547072,0.5460163194444393,0.11278470391026796,-0.43323161553417133,1,1,0,0
518,518.0,5.18,0.5546775462962935,0.0,0.6673724761042762,0.5546775462962935,0.11269492980798268,-0.44198261648831083,1,1,0,0
519,519.0,5.19,0.5633387731481477,0.0,0.6755700739039185,0.5633387731481477,0.11223130075577081,-0.4511074723923769,1,1,0,0
520,520.0,5.2,0.5719999999999963,0.0,0.6836806293738877,0.5719999999999963,0.11168062937389145,-0.46031937062610484,1,1,0,0
521,521.0,5.21,0.5809362268518514,0.0,0.690440757936317,0.5809362268518514,0.10950453108446556,-0.47143169576738586,1,1,0,0
522,522.0,5.22,0.5898724537037009,0.0,0.6976642955316239,0.5898724537037009,0.10779184182792301,-0.4820806118757779,1,1,0,0
523,523.0,5.23,0.598808680555556,0.0,0.7051447171818721,0.598808680555556,0.10633603662631608,-0.49247264392923995,1,1,0,0
524,524.0,5.24,0.6077449074074054,0.0,0.7125121790326071,0.6077449074074054,0.10476727162520172,-0.5029776357822037,1,1,0,0
525,525.0,5.25,0.6166811342592606,0.0,0.7200395013386351,0.6166811342592606,0.10335836707937451,-0.5133227671798861,1,1,0,0
526,526.0,5.26,0.6258847222222224,0.0,0.7280940133742162,0.6258847222222224,0.10220929115199384,-0.5236754310702285,1,1,0,0
527,527.0,5.27,0.6350883101851841,0.0,0.737617921730285,0.6350883101851841,0.10252961154510087,-0.5325586986400832,1,1,0,0
528,528.0,5.28,0.6442918981481457,0.0,0.7452963895563737,0.6442918981481457,0.10100449140822798,-0.5432874067399177,1,1,0,0
529,529.0,5.29,0.6534954861111132,0.0,0.7547666430086625,0.6534954861111132,0.10127115689754929,-0.5522243292135639,1,1,0,0
530,530.0,5.3,0.6626990740740749,0.0,0.7630622779994161,0.6626990740740749,0.10036320392534115,-0.5623358701487338,1,1,0,0
531,531.0,5.31,0.6721623842592603,0.0,0.7716374489235946,0.6721623842592603,0.09947506466433431,-0.572687319594926,1,1,0,0
532,532.0,5.32,0.6816256944444458,0.0,0.7796761278144103,0.6816256944444458,0.09805043336996455,-0.5835752610744812,1,1,0,0
533,533.0,5.33,0.6910890046296313,0.0,0.7883937017564526,0.6910890046296313,0.09730469712682133,-0.59378430750281,1,1,0,0
534,534.0,5.34,0.7005523148148166,0.0,0.7979319823865729,0.7005523148148166,0.09737966757175631,-0.6031726472430603,1,1,0,0
535,535.0,5.35,0.7100156250000021,0.0,0.8073850784814889,0.7100156250000021,0.09736945348148673,-0.6126461715185154,1,1,0,0
536,536.0,5.36,0.7197310185185168,0.0,0.8159367670160705,0.7197310185185168,0.0962057484975537,-0.6235252700209631,1,1,0,0
537,537.0,5.37,0.7294464120370374,0.0,0.8240591417260121,0.7294464120370374,0.09461272968897472,-0.6348336823480627,1,1,0,0
538,538.0,5.38,0.739161805555558,0.0,0.8337387584977276,0.739161805555558,0.09457695294216961,-0.6445848526133884,1,1,0,0
539,539.0,5.39,0.7488771990740728,0.0,0.8441912202991639,0.7488771990740728,0.09531402122509114,-0.6535631778489817,1,1,0,0
540,540.0,5.4,0.7585925925925933,0.0,0.854310644585532,0.7585925925925933,0.0957180519929387,-0.6628745405996546,1,1,0,0
541,541.0,5.41,0.7685524305555546,0.0,0.8622878719490629,0.7685524305555546,0.09373544139350831,-0.6748169891620462,1,1,0,0
542,542.0,5.42,0.7785122685185158,0.0,0.8716531854137644,0.7785122685185158,0.0931409168952485,-0.6853713516232673,1,1,0,0
543,543.0,5.43,0.7884721064814829,0.0,0.8817267533149039,0.7884721064814829,0.093254646833421,-0.6952174596480619,1,1,0,0
544,544.0,5.44,0.7984319444444443,0.0,0.8905701289868428,0.7984319444444443,0.09213818454239853,-0.7062937599020458,1,1,0,0
545,545.0,5.45,0.8083917824074056,0.0,0.899884825073861,0.8083917824074056,0.09149304266645542,-0.7168987397409502,1,1,0,0
546,546.0,5.46,0.8185884259259248,0.0,0.9076456523728377,0.8185884259259248,0.08905722644691283,-0.729531199479012,1,1,0,0
547,547.0,5.47,0.8287850694444441,0.0,0.9176346484713668,0.8287850694444441,0.0888495790269227,-0.7399354904175214,1,1,0,0
548,548.0,5.48,0.8389817129629633,0.0,0.9280903348012256,0.8389817129629633,0.08910862183826229,-0.749873091124701,1,1,0,0
549,549.0,5.49,0.8491783564814825,0.0,0.9380542061709565,0.8491783564814825,0.08887584968947393,-0.7603025067920086,1,1,0,0
550,550.0,5.5,0.8593750000000018,0.0,0.9472335569866283,0.8593750000000018,0.08785855698662648,-0.7715164430133753,1,1,0,0
551,551.0,5.51,0.8698008101851846,0.0,0.9548466714320929,0.8698008101851846,0.08504586124690827,-0.7847549489382764,1,1,0,0
552,552.0,5.52,0.8802266203703731,0.0,0.9651281330504927,0.8802266203703731,0.08490151268011958,-0.7953251076902536,1,1,0,0
553,553.0,5.53,0.890652430555556,0.0,0.9761165447525342,0.890652430555556,0.08546411419697819,-0.8051883163585778,1,1,0,0
554,554.0,5.54,0.9010782407407387,0.0,0.9860014854190624,0.9010782407407387,0.08492324467832368,-0.816154996062415,1,1,0,0
555,555.0,5.55,0.9115040509259275,0.0,0.9964306874955707,0.9115040509259275,0.08492663656964328,-0.8265774143562842,1,1,0,0
556,556.0,5.56,0.9221513888888909,0.0,1.0051582148571987,0.9221513888888909,0.08300682596830777,-0.8391445629205831,1,1,0,0
557,557.0,5.57,0.9327987268518544,0.0,1.015602927896632,0.9327987268518544,0.0828042010447777,-0.8499945258070767,1,1,0,0
558,558.0,5.58,0.9434460648148123,0.0,1.0251964485515328,0.9434460648148123,0.0817503837367205,-0.8616956810780918,1,1,0,0
559,559.0,5.59,0.9540934027777758,0.0,1.034457134320359,0.9540934027777758,0.08036373154258325,-0.8737296712351925,1,1,0,0
560,560.0,5.6,0.9647407407407392,0.0,1.0446829309967491,0.9647407407407392,0.0799421902560099,-0.8847985504847293,1,1,0,0
561,561.0,5.61,0.9756019675925951,0.0,1.0549314193237918,0.9756019675925951,0.07932945173119665,-0.8962725158613984,1,1,0,0
562,562.0,5.62,0.986463194444445,0.0,1.0657363827354183,0.986463194444445,0.0792731882909733,-0.9071900061534717,1,1,0,0
563,563.0,5.63,0.997324421296295,0.0,1.077128576234433,0.997324421296295,0.07980415493813797,-0.917520266358157,1,1,0,0
564,564.0,5.64,1.0081856481481506,0.0,1.0869600418920748,1.0081856481481506,0.07877439374392425,-0.9294112544042263,1,1,0,0
565,565.0,5.65,1.0190468750000006,0.0,1.0960068094551794,1.0190468750000006,0.07695993445517879,-0.9420869405448218,1,1,0,0
566,566.0,5.66,1.030114351851854,0.0,1.1063166012259351,1.030114351851854,0.07620224937408104,-0.953912102477773,1,1,0,0
567,567.0,5.67,1.0411818287037018,0.0,1.1169518047367453,1.0411818287037018,0.07576997603304347,-0.9654118526706583,1,1,0,0
568,568.0,5.68,1.0522493055555553,0.0,1.1284043570755544,1.0522493055555553,0.07615505151999913,-0.9760942540355562,1,1,0,0
569,569.0,5.69,1.0633167824074088,0.0,1.1390645576224543,1.0633167824074088,0.0757477752150455,-0.9875690071923633,1,1,0,0
570,570.0,5.7,1.0743842592592623,0.0,1.1492739081269159,1.0743842592592623,0.07488964886765359,-0.9994946103916087,1,1,0,0
571,571.0,5.71,1.085650347222225,0.0,1.161379677879206,1.085650347222225,0.07572933065698106,-1.009921016565244,1,1,0,0
572,572.0,5.72,1.0969164351851877,0.0,1.1735407282703267,1.0969164351851877,0.07662429308513907,-1.0202921421000486,1,1,0,0
573,573.0,5.73,1.1081825231481504,0.0,1.1864864168673876,1.1081825231481504,0.0783038937192373,-1.029878629428913,1,1,0,0
574,574.0,5.74,1.119448611111113,0.0,1.1970664734065306,1.119448611111113,0.07761786229541756,-1.0418307488156955,1,1,0,0
575,575.0,5.75,1.1307146990740757,0.0,1.2080995991000616,1.1307146990740757,0.07738490002598586,-1.0533297990480899,1,1,0,0
576,576.0,5.76,1.142171759259259,0.0,1.2194498432877436,1.142171759259259,0.07727808402848457,-1.0648936752307745,1,1,0,0
577,577.0,5.77,1.153628819444448,0.0,1.230952929949002,1.153628819444448,0.07732411050455412,-1.0763047089398938,1,1,0,0
578,578.0,5.78,1.1650858796296315,0.0,1.2413881689600819,1.1650858796296315,0.07630228933045036,-1.0887835902991811,1,1,0,0
579,579.0,5.79,1.1765429398148148,0.0,1.2523525731512586,1.1765429398148148,0.07580963333644375,-1.100733306478371,1,1,0,0
580,580.0,5.8,1.187999999999998,0.0,1.2651120551421742,1.187999999999998,0.07711205514217623,-1.1108879448578217,1,1,0,0
581,581.0,5.81,1.1996403935185191,0.0,1.2745026176470782,1.1996403935185191,0.07486222412855903,-1.1247781693899601,1,1,0,0
582,582.0,5.82,1.2112807870370401,0.0,1.2871974842522373,1.2112807870370401,0.07591669721519723,-1.135364089821843,1,1,0,0
583,583.0,5.83,1.2229211805555555,0.0,1.2987335574424523,1.2229211805555555,0.07581237688689679,-1.1471088036686587,1,1,0,0
584,584.0,5.84,1.2345615740740765,0.0,1.3109341687510854,1.2345615740740765,0.07637259467700885,-1.1581889793970677,1,1,0,0
585,585.0,5.85,1.246201967592592,0.0,1.32224409513523,1.246201967592592,0.07604212754263795,-1.170159840049954,1,1,0,0
586,586.0,5.86,1.2580180555555562,0.0,1.3322984135735008,1.2580180555555562,0.07428035801794453,-1.1837376975376117,1,1,0,0
587,587.0,5.87,1.2698341435185208,0.0,1.343790506753175,1.2698341435185208,0.07395636323465427,-1.1958777802838665,1,1,0,0
588,588.0,5.88,1.2816502314814795,0.0,1.3552790543151139,1.2816502314814795,0.07362882283363437,-1.2080214086478451,1,1,0,0
589,589.0,5.89,1.293466319444444,0.0,1.367947379630624,1.293466319444444,0.07448106018618006,-1.218985259258264,1,1,0,0
590,590.0,5.9,1.3052824074074085,0.0,1.379330421340564,1.3052824074074085,0.07404801393315541,-1.2312343934742531,1,1,0,0
591,591.0,5.91,1.3172665509259278,0.0,1.3892531647410948,1.3172665509259278,0.07198661381516702,-1.2452799371107608,1,1,0,0
592,592.0,5.92,1.3292506944444415,0.0,1.4006464931808307,1.3292506944444415,0.07139579873638913,-1.2578548957080524,1,1,0,0
593,593.0,5.93,1.3412348379629606,0.0,1.4122437599881057,1.3412348379629606,0.07100892202514508,-1.2702259159378155,1,1,0,0
594,594.0,5.94,1.3532189814814801,0.0,1.4246713857724298,1.3532189814814801,0.07145240429094968,-1.2817665771905304,1,1,0,0
595,595.0,5.95,1.3652031249999994,0.0,1.435522882890884,1.3652031249999994,0.07031975789088452,-1.294883367109115,1,1,0,0
596,596.0,5.96,1.377347685185185,0.0,1.4448378292169042,1.377347685185185,0.06749014403171927,-1.3098575411534656,1,1,0,0
597,597.0,5.97,1.3894922453703704,0.0,1.4562725382027333,1.3894922453703704,0.06678029283236286,-1.3227119525380076,1,1,0,0
598,598.0,5.98,1.401636805555556,0.0,1.4688660889965988,1.401636805555556,0.06722928344104284,-1.334407522114513,1,1,0,0
599,599.0,5.99,1.4137813657407414,0.0,1.4815806485535494,1.4137813657407414,0.067799282812808,-1.3459820829279334,1,1,0,0
600,600.0,6.0,1.4259259259259272,0.0,1.4917768629233454,1.4259259259259272,0.06585093699741829,-1.3600749889285089,1,1,0,0
601,601.0,6.01,1.43822326388889,0.0,1.5045553676915522,1.43822326388889,0.06633210380266208,-1.371891160086228,1,1,0,0
602,602.0,6.02,1.4505206018518535,0.0,1.516891225941185,1.4505206018518535,0.06637062408933159,-1.384149977762522,1,1,0,0
603,603.0,6.03,1.4628179398148164,0.0,1.5301079599515224,1.4628179398148164,0.06729002013670593,-1.3955279196781105,1,1,0,0
604,604.0,6.04,1.4751152777777798,0.0,1.5428408592855858,1.4751152777777798,0.06772558150780594,-1.407389696269974,1,1,0,0
605,605.0,6.05,1.4874126157407428,0.0,1.5556059163854723,1.4874126157407428,0.0681933006447295,-1.4192193150960133,1,1,0,0
606,606.0,6.06,1.4998550925925953,0.0,1.566732435656544,1.4998550925925953,0.06687734306394866,-1.4329777495286466,1,1,0,0
607,607.0,6.07,1.5122975694444474,0.0,1.5792326324085555,1.5122975694444474,0.06693506296410812,-1.4453625064803393,1,1,0,0
608,608.0,6.08,1.524740046296294,0.0,1.5938721637957385,1.524740046296294,0.06913211749944459,-1.4556079287968493,1,1,0,0
609,609.0,6.09,1.537182523148146,0.0,1.607649164372595,1.537182523148146,0.07046664122444901,-1.466715881923697,1,1,0,0
610,610.0,6.1,1.5496249999999985,0.0,1.621259600460202,1.5496249999999985,0.07163460046020353,-1.477990399539795,1,1,0,0
611,611.0,6.11,1.562204976851851,0.0,1.6321589242679266,1.562204976851851,0.06995394741607575,-1.4922510294357751,1,1,0,0
612,612.0,6.12,1.5747849537037037,0.0,1.6447881175587415,1.5747849537037037,0.0700031638550378,-1.504781789848666,1,1,0,0
613,613.0,6.13,1.5873649305555564,0.0,1.6580159814706767,1.5873649305555564,0.07065105091512036,-1.516713879640436,1,1,0,0
614,614.0,6.14,1.599944907407409,0.0,1.6710687599235492,1.599944907407409,0.07112385251614017,-1.5288210548912688,1,1,0,0
615,615.0,6.15,1.6125248842592617,0.0,1.681772018074677,1.6125248842592617,0.06924713381541525,-1.5432777504438464,1,1,0,0
616,616.0,6.16,1.6252347222222205,0.0,1.6927298427105595,1.6252347222222205,0.06749512048833894,-1.5577396017338816,1,1,0,0
617,617.0,6.17,1.637944560185185,0.0,1.707451390595539,1.637944560185185,0.0695068304103541,-1.5684377297748309,1,1,0,0
618,618.0,6.18,1.6506543981481494,0.0,1.719635019301906,1.6506543981481494,0.0689806211537567,-1.5816737769943927,1,1,0,0
619,619.0,6.19,1.663364236111114,0.0,1.7304912782192186,1.663364236111114,0.0671270421081045,-1.5962371940030096,1,1,0,0
620,620.0,6.2,1.676074074074073,0.0,1.7425877731157922,1.676074074074073,0.06651369904171922,-1.6095603750323537,1,1,0,0
621,621.0,6.21,1.6889061342592606,0.0,1.7543770370684981,1.6889061342592606,0.06547090280923751,-1.623435231450023,1,1,0,0
622,622.0,6.22,1.7017381944444425,0.0,1.766771046181628,1.7017381944444425,0.06503285173718543,-1.636705342707257,1,1,0,0
623,623.0,6.23,1.7145702546296304,0.0,1.7798122649462602,1.7145702546296304,0.0652420103166298,-1.6493282443130006,1,1,0,0
624,624.0,6.24,1.7274023148148125,0.0,1.7927990254158508,1.7274023148148125,0.06539671060103824,-1.6620056042137743,1,1,0,0
625,625.0,6.25,1.7402343750000002,0.0,1.804292933575012,1.7402343750000002,0.06405855857501175,-1.6761758164249885,1,1,0,0
626,626.0,6.26,1.7531810185185168,0.0,1.8168285944849003,1.7531810185185168,0.06364757596638349,-1.6895334425521333,1,1,0,0
627,627.0,6.27,1.7661276620370394,0.0,1.8287384469745023,1.7661276620370394,0.06261078493746286,-1.7035168770995766,1,1,0,0
628,628.0,6.28,1.779074305555556,0.0,1.8406696266761864,1.779074305555556,0.061595321120630375,-1.7174789844349256,1,1,0,0
629,629.0,6.29,1.7920209490740726,0.0,1.8534984581029414,1.7920209490740726,0.06147750902886884,-1.7305434400452038,1,1,0,0
630,630.0,6.3,1.804967592592595,0.0,1.8645539977317718,1.804967592592595,0.05958640513917679,-1.7453811874534182,1,1,0,0
631,631.0,6.31,1.818021180555558,0.0,1.8770504153068728,1.818021180555558,0.05902923475131483,-1.7589919458042431,1,1,0,0
632,632.0,6.32,1.8310747685185207,0.0,1.8888052169055383,1.8310747685185207,0.057730448387017574,-1.7733443201315031,1,1,0,0
633,633.0,6.33,1.8441283564814834,0.0,1.901034775133506,1.8441283564814834,0.056906418652022506,-1.787221937829461,1,1,0,0
634,634.0,6.34,1.8571819444444462,0.0,1.9139607544064718,1.8571819444444462,0.05677880996202567,-1.8004031344824205,1,1,0,0
635,635.0,6.35,1.870235532407409,0.0,1.927455774269066,1.870235532407409,0.05722024186165697,-1.813015290545752,1,1,0,0
636,636.0,6.36,1.8833884259259295,0.0,1.939891072190498,1.8833884259259295,0.05650264626456858,-1.826885779661361,1,1,0,0
637,637.0,6.37,1.896541319444444,0.0,1.952112235644962,1.896541319444444,0.05557091620051802,-1.840970403243926,1,1,0,0
638,638.0,6.38,1.9096942129629642,0.0,1.9668598930818715,1.9096942129629642,0.057165680118907325,-1.8525285328440568,1,1,0,0
639,639.0,6.39,1.9228471064814845,0.0,1.9809912016424183,1.9228471064814845,0.05814409516093377,-1.8647030113205507,1,1,0,0
640,640.0,6.4,1.9359999999999986,0.0,1.9936295767738639,1.9359999999999986,0.057629576773865265,-1.8783704232261333,1,1,0,0
641,641.0,6.41,1.9492445601851878,0.0,2.00525603114296,1.9492445601851878,0.05601147095777215,-1.8932330892274156,1,1,0,0
642,642.0,6.42,1.9624891203703714,0.0,2.017257418585968,1.9624891203703714,0.05476829821559659,-1.9077208221547748,1,1,0,0
643,643.0,6.43,1.9757336805555545,0.0,2.030705048365089,1.9757336805555545,0.05497136780953449,-1.92076231274602,1,1,0,0
644,644.0,6.44,1.9889782407407381,0.0,2.044642462466866,1.9889782407407381,0.05566422172612806,-1.93331401901461,1,1,0,0
645,645.0,6.45,2.002222800925927,0.0,2.058880242973602,2.002222800925927,0.056657442047674866,-1.9455653588782522,1,1,0,0
646,646.0,6.46,2.0155513888888907,0.0,2.07217687925089,2.0155513888888907,0.056625490361999375,-1.9589258985268914,1,1,0,0
647,647.0,6.47,2.028879976851849,0.0,2.083392477235793,2.028879976851849,0.05451250038394395,-1.9743674764679051,1,1,0,0
648,648.0,6.48,2.0422085648148185,0.0,2.096456303017339,2.0422085648148185,0.0542477382025206,-1.987960826612298,1,1,0,0
649,649.0,6.49,2.055537152777776,0.0,2.11009536833349,2.055537152777776,0.05455821555571427,-2.0009789372220617,1,1,0,0
650,650.0,6.5,2.06886574074074,0.0,2.123995600666191,2.06886574074074,0.05512985992545083,-2.013735880815289,1,1,0,0
651,651.0,6.51,2.0822707175925954,0.0,2.137005973689306,2.0822707175925954,0.05473525609671048,-2.027535461495885,1,1,0,0
652,652.0,6.52,2.095675694444445,0.0,2.1501458582499264,2.095675694444445,0.05447016380548142,-2.0412055306389636,1,1,0,0
653,653.0,6.53,2.1090806712962946,0.0,2.1629059863153284,2.1090806712962946,0.05382531501903376,-2.055255356277261,1,1,0,0
654,654.0,6.54,2.1224856481481496,0.0,2.178576331864478,2.1224856481481496,0.05609068371632864,-2.066394964431821,1,1,0,0
655,655.0,6.55,2.1358906249999996,0.0,2.1910020160750987,2.1358906249999996,0.0551113910750991,-2.0807792339249005,1,1,0,0
656,656.0,6.56,2.1493643518518524,0.0,2.201400220819305,2.1493643518518524,0.052035868967452714,-2.0973284828843997,1,1,0,0
657,657.0,6.57,2.1628380787037047,0.0,2.2142877443069957,2.1628380787037047,0.051449665603291006,-2.1113884131004137,1,1,0,0
658,658.0,6.58,2.1763118055555575,0.0,2.2280933113934047,2.1763118055555575,0.05178150583784724,-2.1245302997177102,1,1,0,0
659,659.0,6.59,2.1897855324074045,0.0,2.241919549381146,2.1897855324074045,0.05213401697374165,-2.137651515433663,1,1,0,0
660,660.0,6.6,2.2032592592592573,0.0,2.2548932280495673,2.2032592592592573,0.051633968790310014,-2.1516252904689472,1,1,0,0
661,661.0,6.61,2.2167940972222246,0.0,2.269242349675669,2.2167940972222246,0.05244825245344442,-2.1643458447687802,1,1,0,0
662,662.0,6.62,2.230328935185186,0.0,2.2823844183331907,2.230328935185186,0.0520554831480049,-2.178273452037181,1,1,0,0
663,663.0,6.63,2.2438637731481474,0.0,2.29815047079199,2.2438637731481474,0.05428669764384253,-2.189577075504305,1,1,0,0
664,664.0,6.64,2.257398611111115,0.0,2.311949715711222,2.257398611111115,0.05455110460010726,-2.2028475065110076,1,1,0,0
665,665.0,6.65,2.270933449074076,0.0,2.3237311365194127,2.270933449074076,0.05279768744533664,-2.2181357616287394,1,1,0,0
666,666.0,6.66,2.284521759259258,0.0,2.335908321943226,2.284521759259258,0.05138656268396824,-2.2331351965752897,1,1,0,0
667,667.0,6.67,2.2981100694444447,0.0,2.3502886696477643,2.2981100694444447,0.05217860020331955,-2.245931469241125,1,1,0,0
668,668.0,6.68,2.3116983796296267,0.0,2.3655934933917755,2.3116983796296267,0.05389511376214884,-2.257803265867478,1,1,0,0
669,669.0,6.69,2.3252866898148143,0.0,2.37827789851948,2.3252866898148143,0.05299120870466556,-2.272295481110149,1,1,0,0
670,670.0,6.7,2.338875000000001,0.0,2.391141872615356,2.338875000000001,0.05226687261535501,-2.286608127384646,1,1,0,0
671,671.0,6.71,2.35250914351852,0.0,2.4037587908883338,2.35250914351852,0.05124964736981363,-2.3012594961487065,1,1,0,0
672,672.0,6.72,2.366143287037039,0.0,2.417481983150586,2.366143287037039,0.05133869611354669,-2.3148045909234924,1,1,0,0
673,673.0,6.73,2.379777430555558,0.0,2.432168389852284,2.379777430555558,0.05239095929672599,-2.327386471258832,1,1,0,0
674,674.0,6.74,2.393411574074077,0.0,2.4454812589477397,2.393411574074077,0.05206968487366259,-2.3413418892004145,1,1,0,0
675,675.0,6.75,2.4070457175925903,0.0,2.4587865107204325,2.4070457175925903,0.05174079312784219,-2.355304924464748,1,1,0,0
676,676.0,6.76,2.4207180555555583,0.0,2.471434111542631,2.4207180555555583,0.05071605598707274,-2.3700019995684856,1,1,0,0
677,677.0,6.77,2.43439039351852,0.0,2.484581027735527,2.43439039351852,0.05019063421700709,-2.384199759301513,1,1,0,0
678,678.0,6.78,2.448062731481482,0.0,2.497973091414619,2.448062731481482,0.049910359933137194,-2.3981523715483446,1,1,0,0
679,679.0,6.79,2.461735069444444,0.0,2.510479303339016,2.461735069444444,0.04874423389457183,-2.412990835549872,1,1,0,0
680,680.0,6.8,2.4754074074074057,0.0,2.523598720948092,2.4754074074074057,0.0481913135406864,-2.4272160938667193,1,1,0,0
681,681.0,6.81,2.489110300925928,0.0,2.5353273324765637,2.489110300925928,0.046217031550635834,-2.442893269375292,1,1,0,0
682,682.0,6.82,2.5028131944444443,0.0,2.547114675926152,2.5028131944444443,0.04430148148170776,-2.4585117129627365,1,1,0,0
683,683.0,6.83,2.5165160879629602,0.0,2.559309587841093,2.5165160879629602,0.042793499878132746,-2.4737225880848275,1,1,0,0
684,684.0,6.84,2.5302189814814824,0.0,2.5713602387724093,2.5302189814814824,0.04114125729092688,-2.4890777241905555,1,1,0,0
685,685.0,6.85,2.5439218749999988,0.0,2.583635417861472,2.5439218749999988,0.03971354286147344,-2.5042083321385253,1,1,0,0
686,686.0,6.86,2.5576476851851866,0.0,2.5974919480080247,2.5576476851851866,0.03984426282283815,-2.5178034223623484,1,1,0,0
687,687.0,6.87,2.5713734953703686,0.0,2.610632608404465,2.5713734953703686,0.03925911303409624,-2.5321143823362724,1,1,0,0
688,688.0,6.88,2.5850993055555564,0.0,2.6254869555537237,2.5850993055555564,0.04038764999816724,-2.544711655557389,1,1,0,0
689,689.0,6.89,2.5988251157407443,0.0,2.6398369430174764,2.5988251157407443,0.04101182727673214,-2.557813288464012,1,1,0,0
690,690.0,6.9,2.6125509259259263,0.0,2.6540896917787635,2.6125509259259263,0.04153876585283722,-2.571012160073089,1,1,0,0
691,691.0,6.91,2.626292013888891,0.0,2.6674234639293406,2.626292013888891,0.04113145004044938,-2.585160563848442,1,1,0,0
692,692.0,6.92,2.6400331018518504,0.0,2.6807068020713953,2.6400331018518504,0.04067370021954497,-2.5993594016323054,1,1,0,0
693,693.0,6.93,2.6537741898148157,0.0,2.693677478500764,2.6537741898148157,0.03990328868594828,-2.6138709011288674,1,1,0,0
694,694.0,6.94,2.6675152777777806,0.0,2.707590962677685,2.6675152777777806,0.04007568489990421,-2.6274395928778764,1,1,0,0
695,695.0,6.95,2.6812563657407398,0.0,2.722096306340585,2.6812563657407398,0.04083994059984519,-2.6404164251408946,1,1,0,0
696,696.0,6.96,2.6950050925925932,0.0,2.735915700027277,2.6950050925925932,0.040910607434683666,-2.6540944851579096,1,1,0,0
697,697.0,6.97,2.7087538194444414,0.0,2.749036313290937,2.7087538194444414,0.040282493846495626,-2.6684713255979458,1,1,0,0
698,698.0,6.98,2.722502546296295,0.0,2.7650104705933782,2.722502546296295,0.04250792429708339,-2.6799946219992115,1,1,0,0
699,699.0,6.99,2.7362512731481488,0.0,2.77855783822838,2.7362512731481488,0.04230656508023145,-2.6939447080679173,1,1,0,0
700,700.0,7.0,2.750000000000002,0.0,2.7930367466266635,2.750000000000002,0.04303674662666124,-2.706963253373341,1,1,0,0
701,701.0,7.01,2.76374872685185,0.0,2.8050966883657584,2.76374872685185,0.041347961513908515,-2.7224007653379414,1,1,0,0
702,702.0,7.02,2.7774974537037034,0.0,2.8187391961683366,2.7774974537037034,0.04124174246463319,-2.73625571123907,1,1,0,0
703,703.0,7.03,2.7912461805555573,0.0,2.833142418425498,2.7912461805555573,0.04189623786994057,-2.7493499426856167,1,1,0,0
704,704.0,7.04,2.8049949074074108,0.0,2.848672178661596,2.8049949074074108,0.04367727125418508,-2.7613176361532257,1,1,0,0
705,705.0,7.05,2.818743634259259,0.0,2.8624331312655964,2.818743634259259,0.04368949700633751,-2.7750541372529214,1,1,0,0
706,706.0,7.06,2.832484722222224,0.0,2.873807474524117,2.832484722222224,0.041322752301893306,-2.7911619699203305,1,1,0,0
707,707.0,7.07,2.8462258101851834,0.0,2.8882867418832374,2.8462258101851834,0.04206093169805403,-2.8041648784871294,1,1,0,0
708,708.0,7.08,2.8599668981481483,0.0,2.9027805022312263,2.8599668981481483,0.042813604083077994,-2.8171532940650703,1,1,0,0
709,709.0,7.09,2.873707986111113,0.0,2.917163465674746,2.873707986111113,0.043455479563632604,-2.8302525065474806,1,1,0,0
710,710.0,7.1,2.887449074074072,0.0,2.9305040665979436,2.887449074074072,0.04305499252387168,-2.8443940815502002,1,1,0,0
711,711.0,7.11,2.90117488425926,0.0,2.941249328479294,2.90117488425926,0.04007444422003381,-2.8611004400392264,1,1,0,0
712,712.0,7.12,2.914900694444442,0.0,2.9549535230146913,2.914900694444442,0.040052828570249055,-2.874847865874193,1,1,0,0
713,713.0,7.13,2.92862650462963,0.0,2.970061061958527,2.92862650462963,0.041434557328897004,-2.887191947300733,1,1,0,0
714,714.0,7.14,2.942352314814818,0.0,2.983917192479187,2.942352314814818,0.04156487766436934,-2.9007874371504485,1,1,0,0
715,715.0,7.15,2.956078125,0.0,2.9961473450313316,2.956078125,0.04006922003133173,-2.916008904968668,1,1,0,0
716,716.0,7.16,2.9697810185185163,0.0,3.0073153673217083,2.9697810185185163,0.037534348803192064,-2.932246669715324,1,1,0,0
717,717.0,7.17,2.9834839120370384,0.0,3.0209403382594826,2.9834839120370384,0.03745642622244416,-2.9460274858145943,1,1,0,0
718,718.0,7.18,2.997186805555555,0.0,3.034749600518383,2.997186805555555,0.03756279496282833,-2.9596240105927265,1,1,0,0
719,719.0,7.19,3.0108896990740766,0.0,3.0476789735957235,3.0108896990740766,0.03678927452164693,-2.9741004245524296,1,1,0,0
720,720.0,7.2,3.024592592592593,0.0,3.0589298499826474,3.024592592592593,0.03433725739005444,-2.9902553352025385,1,1,0,0
721,721.0,7.21,3.0382649305555547,0.0,3.072582920545563,3.0382649305555547,0.034317989990008346,-3.0039469405655463,1,1,0,0
722,722.0,7.22,3.051937268518517,0.0,3.086673855216943,3.051937268518517,0.03473658669842594,-3.017200681820091,1,1,0,0
723,723.0,7.23,3.0656096064814844,0.0,3.1004511864308344,3.0656096064814844,0.03484157994935,-3.0307680265321344,1,1,0,0
724,724.0,7.24,3.0792819444444466,0.0,3.1137704643890345,3.0792819444444466,0.0344885199445879,-3.0447934244998587,1,1,0,0
725,725.0,7.25,3.0929542824074083,0.0,3.128175460753641,3.0929542824074083,0.03522117834623284,-3.0577331040611755,1,1,0,0
726,726.0,7.26,3.1065884259259273,0.0,3.141272399417644,3.1065884259259273,0.03468397349171681,-3.0719044524342105,1,1,0,0
727,727.0,7.27,3.1202225694444463,2.0029586431993796,3.155686227259981,1.1172639262450668,0.03546365781553451,-1.0818002684295323,1,1,0,0
728,728.0,7.28,3.133856712962965,2.016535024257403,3.1710457426010765,1.117321688705562,0.03718902963811166,-1.0801326590674503,1,1,0,0
729,729.0,7.29,3.1474908564814785,2.0299150892517903,3.184830765201654,1.1175757672296882,0.03733990872017534,-1.0802358585095129,1,1,0,0
730,730.0,7.3,3.1611249999999975,2.0431445891372166,3.1991175671881886,1.1179804108627809,0.037992567188191106,-1.0799878436745898,1,1,0,0
731,731.0,7.31,3.1747133101851848,2.0560863308196526,3.212066613641587,1.1186269793655321,0.0373533034564022,-1.08127367590913,1,1,0,0
732,732.0,7.32,3.188301620370372,2.0689963511760827,3.2261606940408996,1.1193052691942893,0.03785907367052754,-1.0814461955237618,1,1,0,0
733,733.0,7.33,3.2018899305555535,2.082574576713064,3.2417629573204634,1.1193153538424894,0.03987302676490989,-1.0794423270775795,1,1,0,0
734,734.0,7.34,3.2154782407407407,2.095871386700768,3.256231616016526,1.1196068540399726,0.04075337527578515,-1.0788534787641875,1,1,0,0
735,735.0,7.35,3.229066550925928,2.1089579160107257,3.269853033771104,1.1201086349152023,0.04078648284517605,-1.0793221520700262,1,1,0,0
736,736.0,7.36,3.24260138888889,2.1214861292026,3.2817042146415014,1.1211152596862899,0.03910282575261137,-1.0820124339336785,1,1,0,0
737,737.0,7.37,3.2561362268518512,2.1343278514316406,3.296201866525681,1.1218083754202106,0.0400656396738297,-1.081742735746381,1,1,0,0
738,738.0,7.38,3.269671064814813,2.147961080158972,3.3104785705784767,1.121709984655841,0.040807505763663876,-1.080902478892177,1,1,0,0
739,739.0,7.39,3.2832059027777802,2.1611844644742453,3.3244575180657154,1.122021438303535,0.041251615287935195,-1.0807698230155998,1,1,0,0
740,740.0,7.4,3.2967407407407414,2.1737638235951344,3.338547798968593,1.122976917145607,0.0418070582278518,-1.0811698589177552,1,1,0,0
741,741.0,7.41,3.310214467592594,2.185908286010699,3.3517054333140153,1.124306181581895,0.04149096572142108,-1.082815215860474,1,1,0,0
742,742.0,7.42,3.3236881944444465,2.1980674842235635,3.3659035986541217,1.125620710220883,0.04221540420967518,-1.0834053060112079,1,1,0,0
743,743.0,7.43,3.337161921296294,2.21085207956963,3.3793658489197327,1.126309841726664,0.04220392762343872,-1.0841059141032252,1,1,0,0
744,744.0,7.44,3.3506356481481463,2.223186716344319,3.393738147354849,1.1274489318038272,0.04310249920670284,-1.0843464325971244,1,1,0,0
745,745.0,7.45,3.364109374999999,2.2350775093092143,3.4078382296035477,1.1290318656907847,0.043728854603548584,-1.0853030110872361,1,1,0,0
746,746.0,7.46,3.377514351851849,2.2465486907973107,3.420865094066239,1.1309656610545384,0.043350742214389726,-1.0876149188401487,1,1,0,0
747,747.0,7.47,3.390919328703704,2.2583179809037865,3.434328338626014,1.1326013477999175,0.043409009922310116,-1.0891923378776074,1,1,0,0
748,748.0,7.48,3.404324305555554,2.271028982684247,3.4468465179155867,1.133295322871307,0.04252221236003262,-1.0907731105112743,1,1,0,0
749,749.0,7.49,3.4177292824074095,2.2832495459504893,3.4608162386662413,1.1344797364569201,0.043086956258831854,-1.0913927801980883,1,1,0,0
750,750.0,7.5,3.4311342592592586,2.2950743207713304,3.4729005631620575,1.1360599384879282,0.041766303902798896,-1.0942936345851293,1,1,0,0
751,751.0,7.51,3.4444628472222227,2.3063226741292815,3.4857395731704126,1.1381401730929412,0.041276725948189874,-1.0968634471447514,1,1,0,0
752,752.0,7.52,3.457791435185186,2.317838530855428,3.4981359747809955,1.1399529043297578,0.040344539595809525,-1.0996083647339483,1,1,0,0
753,753.0,7.53,3.4711200231481496,2.3301929121472282,3.511374751592246,1.1409271110009214,0.04025472844409661,-1.1006723825568248,1,1,0,0
754,754.0,7.54,3.4844486111111133,2.341827243494455,3.5253780640536303,1.1426213676166581,0.04092945294251704,-1.101691914674141,1,1,0,0
755,755.0,7.55,3.497777199074071,2.3530027554891246,3.537963012211791,1.1447744435849465,0.04018581313771996,-1.1045886304472265,1,1,0,0
756,756.0,7.56,3.5110217592592603,2.364216093814467,3.5493390508245986,1.1468056654447931,0.03831729156533825,-1.1084883738794549,1,1,0,0
757,757.0,7.57,3.524266319444444,2.3759161284538206,3.5603801671147655,1.1483501909906235,0.03611384767032133,-1.1122363433203022,1,1,0,0
758,758.0,7.58,3.537510879629627,2.3888438164200814,3.5752824124917915,1.1486670632095457,0.03777153286216439,-1.1108955303473813,1,1,0,0
759,759.0,7.59,3.5507554398148162,2.401060701436307,3.589338124122997,1.1496947383785092,0.03858268430818068,-1.1111120540703285,1,1,0,0
760,760.0,7.6,3.564,2.412603923829978,3.6021715700679304,1.151396076170022,0.03817157006793037,-1.1132245061020916,1,1,0,0
761,761.0,7.61,3.57715289351852,2.4239240018114443,3.6149975328683306,1.1532288917070757,0.03784463934981064,-1.115384252357265,1,1,0,0
762,762.0,7.62,3.590305787037034,2.435881748872569,3.6276973402608057,1.154424038164465,0.037391553223771634,-1.1170324849406934,1,1,0,0
763,763.0,7.63,3.603458680555555,2.448787597577466,3.6426210947175686,1.1546710829780888,0.039162414162013715,-1.1155086688160751,1,1,0,0
764,764.0,7.64,3.616611574074075,2.4608668214924667,3.655865141467004,1.1557447525816085,0.03925356739292862,-1.1164911851886798,1,1,0,0
765,765.0,7.65,3.629764467592595,2.4727097349011435,3.6704562093805855,1.1570547326914515,0.0406917417879904,-1.1163629909034611,1,1,0,0
766,766.0,7.66,3.6428180555555585,2.484335018468829,3.682602784335395,1.1584830370867296,0.03978472877983652,-1.118698308306893,1,1,0,0
767,767.0,7.67,3.6558716435185206,2.496403765749258,3.6957410380450706,1.1594678777692624,0.03986939452655003,-1.1195984832427124,1,1,0,0
768,768.0,7.68,3.668925231481484,2.5091975797677852,3.7095642591054014,1.1597276517136987,0.04063902762391747,-1.1190886240897813,1,1,0,0
769,769.0,7.69,3.6819788194444465,2.5214782684257835,3.723587928478526,1.160500551018663,0.04160910903407933,-1.1188914419845837,1,1,0,0
770,770.0,7.7,3.6950324074074095,2.533720227157327,3.736239362761592,1.1613121802500825,0.04120695535418273,-1.1201052248958998,1,1,0,0
771,771.0,7.71,3.707979050925926,2.5456804916256828,3.7477119086336965,1.1622985593002433,0.039732857707770464,-1.1225657015924728,1,1,0,0
772,772.0,7.72,3.720925694444442,2.558240684753232,3.762308975374169,1.1626850096912102,0.04138328092972676,-1.1213017287614835,1,1,0,0
773,773.0,7.73,3.733872337962965,2.571946769206005,3.775975341387037,1.1619255687569598,0.04210300342407214,-1.1198225653328877,1,1,0,0
774,774.0,7.74,3.7468189814814816,2.5852221583379382,3.790066161695238,1.1615968231435434,0.0432471802137564,-1.118349642929787,1,1,0,0
775,775.0,7.75,3.7597656249999987,2.598847737232744,3.802380878000595,1.1609178877672548,0.04261525300059654,-1.1183026347666583,1,1,0,0
776,776.0,7.76,3.7725976851851866,2.6120159140453643,3.814564651888468,1.1605817711398223,0.04196696670328137,-1.118614804436541,1,1,0,0
777,777.0,7.77,3.785429745370368,2.625786572789023,3.828304420956269,1.1596431725813447,0.0428746755859013,-1.1167684969954434,1,1,0,0
778,778.0,7.78,3.7982618055555557,2.640301772602028,3.843118073108702,1.1579600329535276,0.04485626755314609,-1.1131037654003815,1,1,0,0
779,779.0,7.79,3.811093865740744,2.65421149604936,3.8571987320188694,1.1568823696913841,0.04610486627812538,-1.1107775034132588,1,1,0,0
780,780.0,7.8,3.8239259259259257,2.668491053567858,3.869452264397538,1.1554348723580676,0.04552633847161225,-1.1099085338864554,1,1,0,0
781,781.0,7.81,3.83663576388889,2.68229004045286,3.88176996345253,1.1543457234360304,0.04513419956363984,-1.1092115238723905,1,1,0,0
782,782.0,7.82,3.8493456018518546,2.6964788686988843,3.8961547739491293,1.1528667331529703,0.046809172097274754,-1.1060575610556955,1,1,0,0
783,783.0,7.83,3.8620554398148133,2.711086790801558,3.9101407067567857,1.1509686490132554,0.04808526694197246,-1.102883382071283,1,1,0,0
784,784.0,7.84,3.8747652777777777,2.725258342854127,3.9220191307476804,1.1495069349236506,0.0472538529699027,-1.102253081953748,1,1,0,0
785,785.0,7.85,3.887475115740742,2.7397551214487326,3.934090681642279,1.1477199942920095,0.046615565901536815,-1.1011044283904727,1,1,0,0
786,786.0,7.86,3.9000550925925954,2.753932990770395,3.946474978139029,1.1461221018222005,0.046419885546433726,-1.0997022162757668,1,1,0,0
787,787.0,7.87,3.9126350694444425,2.7685869801307947,3.95886034886897,1.1440480893136478,0.0462252794245277,-1.09782280988912,1,1,0,0
788,788.0,7.88,3.925215046296295,2.7835825949690003,3.9718282518757686,1.1416324513272946,0.04661320557947368,-1.095019245747821,1,1,0,0
789,789.0,7.89,3.9377950231481478,2.7982263057013883,3.98386322123658,1.1395687174467595,0.04606819808843232,-1.0935005193583271,1,1,0,0
790,790.0,7.9,3.9503750000000006,2.8131695464382225,3.9963887226929264,1.1372054535617782,0.04601372269292581,-1.0911917308688523,1,1,0,0
791,791.0,7.91,3.962817476851852,2.8277865333006433,4.008476784897381,1.1350309435512087,0.04565930804552876,-1.08937163550568,1,1,0,0
792,792.0,7.92,3.9752599537037043,2.8427804351335135,4.020585451709893,1.1324795185701908,0.04532549800618879,-1.087154020564002,1,1,0,0
793,793.0,7.93,3.9877024305555566,2.8578531480706286,4.031707015153168,1.129849282484928,0.04400458459761181,-1.0858446978873162,1,1,0,0
794,794.0,7.94,4.000144907407409,2.8724374136334636,4.043771496644394,1.1277074937739457,0.04362658923698426,-1.0840809045369615,1,1,0,0
795,795.0,7.95,4.012587384259262,2.8872679757634248,4.05715874256699,1.125319408495837,0.04457135830772874,-1.0807480501881082,1,1,0,0
796,796.0,7.96,4.024884722222225,2.901798832995767,4.06926950996981,1.1230858892264584,0.044384787747584475,-1.0787011014788739,1,1,0,0
797,797.0,7.97,4.037182060185182,2.9164189077464036,4.082243492831189,1.1207631524387782,0.04506143264600748,-1.0757017197927707,1,1,0,0
798,798.0,7.98,4.049479398148145,2.9309992114009904,4.095799652698696,1.118480186747155,0.046320254550551,-1.072159932196604,1,1,0,0
799,799.0,7.99,4.061776736111108,2.945147919216185,4.107822673356439,1.1166288168949232,0.04604593724533057,-1.0705828796495926,1,1,0,0
800,800.0,8.0,4.074074074074072,2.959381495823042,4.120919278121717,1.1146925782510295,0.046845204047645694,-1.0678473742033838,1,1,0,0
801,801.0,8.01,4.086218634259257,2.9733221214770427,4.132483325149737,1.1128965127822146,0.0462646908904798,-1.0666318218917348,1,1,0,0
802,802.0,8.02,4.098363194444443,2.987294371307643,4.144004775447325,1.1110688231367996,0.04564158100288207,-1.0654272421339175,1,1,0,0
803,803.0,8.03,4.110507754629628,3.0013521696454206,4.156707928879187,1.1091555849842076,0.04620017424955858,-1.062955410734649,1,1,0,0
804,804.0,8.04,4.122652314814814,3.0150500614549816,4.168390228774333,1.1076022533598322,0.04573791395951954,-1.0618643394003127,1,1,0,0
805,805.0,8.05,4.134796874999999,3.028950313085084,4.180968998332532,1.1058465619149151,0.046172123332532955,-1.0596744385823822,1,1,0,0
806,806.0,8.06,4.146781018518519,3.04276765347462,4.19271969548692,1.1040133650438988,0.04593867696840093,-1.0580746880754979,1,1,0,0
807,807.0,8.07,4.158765162037038,3.0568671703220294,4.20382102680467,1.1018979917150085,0.04505586476763224,-1.0568421269473762,1,1,0,0
808,808.0,8.08,4.170749305555557,3.0712306175205875,4.216337358345334,1.0995186880349692,0.0455880527897774,-1.0539306352451918,1,1,0,0
809,809.0,8.09,4.182733449074076,3.085554268293995,4.230840313248677,1.0971791807800813,0.04810686417460097,-1.0490723166054803,1,1,0,0
810,810.0,8.1,4.19471759259259,3.1003014081048703,4.244237282044045,1.0944161844877196,0.04951968945145513,-1.0448964950362645,1,1,0,0
811,811.0,8.11,4.206533680555554,3.115184920579945,4.256736359926681,1.0913487599756095,0.05020267937112699,-1.0411460806044825,1,1,0,0
812,812.0,8.12,4.218349768518519,3.130524902554032,4.2690313887666385,1.0878248659644871,0.05068162024811951,-1.0371432457163676,1,1,0,0
813,813.0,8.13,4.2301658564814835,3.1462038803003805,4.2809486216188715,1.083961976181103,0.050782765137388,-1.033179211043715,1,1,0,0
814,814.0,8.14,4.241981944444448,3.1617830952514563,4.294913847115372,1.0801988491929917,0.05293190267092385,-1.0272669465220678,1,1,0,0
815,815.0,8.15,4.253798032407407,3.177816545957582,4.307319901022214,1.0759814864498254,0.05352186861480668,-1.0224596178350187,1,1,0,0
816,816.0,8.16,4.265438425925928,3.1939869582064975,4.320721625831933,1.0714514677194305,0.05528319990600483,-1.0161682678134256,1,1,0,0
817,817.0,8.17,4.277078819444443,3.210624056102084,4.332505655699792,1.0664547633423593,0.05542683625534828,-1.011027927087011,1,1,0,0
818,818.0,8.18,4.288719212962964,3.2275893874356734,4.346221672741725,1.0611298255272907,0.05750245977876123,-1.0036273657485295,1,1,0,0
819,819.0,8.19,4.3003596064814795,3.2444053498473466,4.3603048354085825,1.055954256634133,0.05994522892710297,-0.9960090277070299,1,1,0,0
820,820.0,8.2,4.312000000000001,3.2613971333649103,4.372807472977698,1.0506028666350908,0.06080747297769662,-0.9897953936573942,1,1,0,0
821,821.0,8.21,4.323457060185183,3.278308373610276,4.382650306064246,1.0451486865749073,0.059193245879062495,-0.9859554406958448,1,1,0,0
822,822.0,8.22,4.334914120370374,3.2952748574423167,4.393902125899277,1.0396392629280569,0.05898800552890382,-0.980651257399153,1,1,0,0
823,823.0,8.23,4.346371180555556,3.3122232923817125,4.408186206492502,1.0341478881738433,0.0618150259369461,-0.9723328622368972,1,1,0,0
824,824.0,8.24,4.357828240740739,3.3287758323673793,4.419629183692517,1.0290524083733597,0.06180094295177785,-0.9672514654215818,1,1,0,0
825,825.0,8.25,4.369285300925928,3.3454775760727067,4.430242171333688,1.0238077248532216,0.0609568704077601,-0.9628508544454615,1,1,0,0
826,826.0,8.26,4.380551388888891,3.3618559526806826,4.441024320303647,1.0186954362082088,0.06047293141475585,-0.958222504793453,1,1,0,0
827,827.0,8.27,4.391817476851848,3.377904372997236,4.453386832829003,1.0139131038546125,0.06156935597715485,-0.9523437478774577,1,1,0,0
828,828.0,8.28,4.4030835648148114,3.3934216760567204,4.465941295152591,1.009661888758091,0.06285773033777975,-0.9468041584203113,1,1,0,0
829,829.0,8.29,4.414349652777779,3.408430502890957,4.477588736899449,1.005919149886822,0.0632390841216699,-0.9426800657651522,1,1,0,0
830,830.0,8.3,4.425615740740742,3.423677549148849,4.489353836398971,1.001938191591893,0.06373809565822874,-0.9382000959336643,1,1,0,0
831,831.0,8.31,4.436683217592596,3.438812188737916,4.499563971654532,0.9978710288546799,0.06288075406193627,-0.9349902747927437,1,1,0,0
832,832.0,8.32,4.447750694444443,3.4536459761504155,4.512917365848081,0.9941047182940279,0.06516667140363719,-0.9289380468903907,1,1,0,0
833,833.0,8.33,4.458818171296297,3.46805080070411,4.523795292912699,0.9907673705921871,0.06497712161640212,-0.925790248975785,1,1,0,0
834,834.0,8.34,4.469885648148151,3.4819223624249176,4.535159761866008,0.9879632857232332,0.06527411371785696,-0.9226891720053763,1,1,0,0
835,835.0,8.35,4.480953124999997,3.4960377356554004,4.5477181010768435,0.984915389344597,0.06676497607684606,-0.9181504132677509,1,1,0,0
836,836.0,8.36,4.491814351851854,3.5101324414452857,4.557679690619013,0.9816819104065684,0.06586533876715883,-0.9158165716394095,1,1,0,0
837,837.0,8.37,4.502675578703704,3.524345086012249,4.570455248072641,0.9783304926914544,0.06777966936893698,-0.9105508233225175,1,1,0,0
838,838.0,8.38,4.513536805555559,3.5381690472841356,4.582589159303889,0.9753677582714237,0.06905235374832941,-0.9063154045230943,1,1,0,0
839,839.0,8.39,4.524398032407409,3.5518448209953055,4.594173871038455,0.9725532114121034,0.0697758386310463,-0.9027773727810571,1,1,0,0
840,840.0,8.4,4.535259259259259,3.5659936257327858,4.607005999017144,0.9692656335264735,0.07174673975788437,-0.8975188937685892,1,1,0,0
841,841.0,8.41,4.545906597222223,3.580530909060443,4.617655436963646,0.9653756881617803,0.07174883974142254,-0.8936268484203578,1,1,0,0
842,842.0,8.42,4.556553935185187,3.595324790117422,4.629704498169159,0.9612291450677652,0.07315056298397149,-0.8880785820837938,1,1,0,0
843,843.0,8.43,4.56720127314815,3.6096911884049936,4.640698016828211,0.9575100847431566,0.0734967436800611,-0.8840133410630955,1,1,0,0
844,844.0,8.44,4.577848611111108,3.624061678184318,4.652449903526674,0.9537869329267901,0.0746012924155659,-0.8791856405112242,1,1,0,0
845,845.0,8.45,4.588495949074072,3.6392533954093933,4.661477579001101,0.9492425536646785,0.07298162992702917,-0.8762609237376493,1,1,0,0
846,846.0,8.46,4.59892175925926,3.6548241161887396,4.672015454620578,0.9440976430705201,0.07309369536131793,-0.8710039477092022,1,1,0,0
847,847.0,8.47,4.609347569444443,3.6711875374863863,4.683589933503715,0.938160031958057,0.07424236405927154,-0.8639176678987854,1,1,0,0
848,848.0,8.48,4.619773379629631,3.6883344201814965,4.6955303033396625,0.9314389594481347,0.07575692371003129,-0.8556820357381034,1,1,0,0
849,849.0,8.49,4.630199189814815,3.705604655537609,4.706786675357132,0.9245945342772055,0.07658748554231742,-0.8480070487348881,1,1,0,0
850,850.0,8.5,4.640625000000003,3.723266576918148,4.7194602927942855,0.9173584230818546,0.07883529279428281,-0.8385231302875717,1,1,0,0
851,851.0,8.51,4.650821643518516,3.741103070501791,4.730888660065005,0.9097185730167254,0.08006701654648829,-0.8296515564702371,1,1,0,0
852,852.0,8.52,4.661018287037035,3.759283087867261,4.742148111635036,0.9017351991697744,0.08112982459800033,-0.8206053745717741,1,1,0,0
853,853.0,8.53,4.671214930555555,3.7778837892397465,4.753438084287746,0.8933311413158087,0.08222315373219047,-0.8111079875836182,1,1,0,0
854,854.0,8.54,4.681411574074073,3.796693859174503,4.7643610246445105,0.8847177148995704,0.08294945057043712,-0.8017682643291333,1,1,0,0
855,855.0,8.55,4.691608217592593,3.816058064489971,4.775628243089425,0.8755501531026222,0.08402002549683196,-0.7915301276057902,1,1,0,0
856,856.0,8.56,4.701568055555555,3.836687983038215,4.78636515429699,0.86488007251734,0.08479709874143548,-0.7800829737759045,1,1,0,0
857,857.0,8.57,4.711527893518515,3.85818363583643,4.797313706411049,0.8533442576820853,0.08578581289253329,-0.767558444789552,1,1,0,0
858,858.0,8.58,4.721487731481483,3.879661477074361,4.807753771851188,0.8418262544071222,0.08626604036970509,-0.7555602140374171,1,1,0,0
859,859.0,8.59,4.731447569444444,3.9011643844255817,4.818202562547752,0.8302831850188621,0.08675499310330803,-0.7435281919155541,1,1,0,0
860,860.0,8.6,4.741407407407405,3.9227521810052286,4.828340767014228,0.8186552264021767,0.08693335960682269,-0.731721866795354,1,1,0,0
861,861.0,8.61,4.751122800925925,3.9455129069074255,4.836895981042669,0.8056098940184997,0.0857731801167434,-0.7198367139017563,1,1,0,0
862,862.0,8.62,4.760838194444447,3.968442350328666,4.846873090804533,0.7923958441157808,0.08603489636008632,-0.7063609477556945,1,1,0,0
863,863.0,8.63,4.7705535879629615,3.991077831669128,4.856825506239691,0.7794757562938335,0.08627191827672931,-0.6932038380171042,1,1,0,0
864,864.0,8.64,4.780268981481481,4.0134656560077175,4.8674275523297315,0.7668033254737638,0.08715857084825007,-0.6796447546255138,1,1,0,0
865,865.0,8.65,4.789984375000002,4.035849302330369,4.877846960814904,0.7541350726696328,0.0878625858149018,-0.666272486854731,1,1,0,0
866,866.0,8.66,4.7994476851851875,4.058732921044479,4.886657479322153,0.7407147641407086,0.08720979413696561,-0.653504970003743,1,1,0,0
867,867.0,8.67,4.808910995370373,4.081539165541405,4.897156352685201,0.727371829828968,0.08824535731482808,-0.6391264725141399,1,1,0,0
868,868.0,8.68,4.818374305555553,4.104447304220037,4.906712926713489,0.7139270013355157,0.088338621157936,-0.6255883801775797,1,1,0,0
869,869.0,8.69,4.827837615740738,4.126727860602981,4.918389709139179,0.7011097551377574,0.09055209339844073,-0.6105576617393167,1,1,0,0
870,870.0,8.7,4.83730092592593,4.148513846254434,4.928013687841539,0.6887870796714957,0.09071276191560962,-0.598074317755886,1,1,0,0
871,871.0,8.71,4.846504513888891,4.1707119488517685,4.936797363724082,0.6757925650371224,0.09029284983519137,-0.585499715201931,1,1,0,0
872,872.0,8.72,4.855708101851853,4.192803908499837,4.947625054187801,0.6629041933520163,0.09191695233594821,-0.5709872410160681,1,1,0,0
873,873.0,8.73,4.864911689814814,4.215093911587447,4.9585980684528845,0.6498177782273675,0.09368637863807017,-0.5561313995892974,1,1,0,0
874,874.0,8.74,4.8741152777777765,4.236811042857405,4.969414641144472,0.6373042349203715,0.09529936336669564,-0.5420048715536758,1,1,0,0
875,875.0,8.75,4.883318865740739,4.257863218358592,4.978291878347897,0.6254556473821467,0.0949730126071584,-0.5304826347749882,1,1,0,0
876,876.0,8.76,4.892255092592594,4.279642071044431,4.987288045540137,0.6126130215481629,0.09503295294754377,-0.5175800686006191,1,1,0,0
877,877.0,8.77,4.901191319444443,4.301364783139257,4.999279896066165,0.5998265363051862,0.09808857662172166,-0.5017379596834646,1,1,0,0
878,878.0,8.78,4.910127546296298,4.322927834748904,5.008596253103842,0.5871997115473944,0.0984687068075436,-0.48873100473985076,1,1,0,0
879,879.0,8.79,4.919063773148148,4.3436129132107455,5.0189545750563855,0.5754508599374022,0.09989080190823785,-0.47556005802916435,1,1,0,0
880,880.0,8.8,4.928000000000003,4.36386330177239,5.028477875910358,0.564136698227613,0.10047787591035551,-0.4636588223172575,1,1,0,0
881,881.0,8.81,4.93666122685185,4.3850613739738575,5.037303582961253,0.5515998528779926,0.10064235610940298,-0.45095749676858965,1,1,0,0
882,882.0,8.82,4.945322453703705,4.4060905179854934,5.047229919019182,0.5392319357182114,0.10190746531547745,-0.4373244704027339,1,1,0,0
883,883.0,8.83,4.953983680555553,4.426129881690144,5.056601618558561,0.5278537988654088,0.10261793800300811,-0.4252358608624007,1,1,0,0
884,884.0,8.84,4.962644907407408,4.445327396536351,5.065069637828864,0.5173175108710568,0.10242473042145583,-0.414892780449601,1,1,0,0
885,885.0,8.85,4.971306134259256,4.4643684921907125,5.073125398788656,0.5069376420685439,0.10181926452940004,-0.4051183775391438,1,1,0,0
886,886.0,8.86,4.979684722222221,4.484393843547463,5.0813751321316785,0.4952908786747585,0.1016904099094571,-0.3936004687653014,1,1,0,0
887,887.0,8.87,4.988063310185186,4.504191688849739,5.09182045665385,0.4838716213354477,0.10375714646866374,-0.38011447486678396,1,1,0,0
888,888.0,8.88,4.996441898148151,4.52267473279422,5.102118856650866,0.47376716535393104,0.10567695850271441,-0.36809020685121663,1,1,0,0
889,889.0,8.89,5.00482048611111,4.540606937223371,5.112035939984691,0.4642135488877388,0.10721545387358056,-0.35699809501415825,1,1,0,0
890,890.0,8.9,5.013199074074074,4.55842787664668,5.121086918358851,0.45477119742739447,0.10788784428477705,-0.3468833531426174,1,1,0,0
891,891.0,8.91,5.021287384259261,4.577180499507864,5.129289026830271,0.44410688475139715,0.10800164257101041,-0.33610524218038673,1,1,0,0
892,892.0,8.92,5.029375694444442,4.595684663318792,5.137972668366412,0.4336910311256501,0.1085969739219701,-0.32509405720368,1,1,0,0
893,893.0,8.93,5.037464004629629,4.612931331916717,5.14744833259708,0.4245326727129122,0.10998432796745128,-0.3145483447454609,1,1,0,0
894,894.0,8.94,5.045552314814816,4.629742300090759,5.155549250996375,0.4158100147240571,0.10999693618155959,-0.3058130785424975,1,1,0,0
895,895.0,8.95,5.0536406250000026,4.6464742888773785,5.162451086471668,0.4071663361226241,0.1088104614716654,-0.2983558746509587,1,1,0,0
896,896.0,8.96,5.061431018518516,4.66400901252571,5.169743838956155,0.39742200599280597,0.10831282043763846,-0.2891091855551675,1,1,0,0
897,897.0,8.97,5.069221412037036,4.6813115811594415,5.177840050000222,0.3879098308775948,0.10861863796318616,-0.2792911929144086,1,1,0,0
898,898.0,8.98,5.077011805555556,4.697437319476294,5.185808823802116,0.37957448607926203,0.10879701824655985,-0.2707774678327022,1,1,0,0
899,899.0,8.99,5.084802199074076,4.713138288776395,5.19418484838772,0.37166391029768153,0.10938264931364383,-0.2622812609840377,1,1,0,0
900,900.0,9.0,5.092592592592591,4.728816437966448,5.201747973070096,0.36377615462614266,0.10915538047750495,-0.2546207741486377,1,1,0,0
901,901.0,9.01,5.100077430555555,4.7451193331098755,5.21000697096785,0.35495809744567985,0.10992954041229464,-0.24502855703338522,1,1,0,0
902,902.0,9.02,5.10756226851852,4.761262555992575,5.218584691666574,0.34629971252594505,0.11102242314805366,-0.23527728937789139,1,1,0,0
903,903.0,9.03,5.115047106481479,4.776311899763624,5.226291100781009,0.33873520671785506,0.1112439942995298,-0.22749121241832526,1,1,0,0
904,904.0,9.04,5.122531944444444,4.790958169989245,5.236740303973325,0.3315737744551992,0.11420835952888098,-0.21736541492631822,1,1,0,0
905,905.0,9.05,5.1300167824074085,4.8056197187362395,5.243940983789731,0.32439706367116905,0.11392420138232229,-0.21047286228884676,1,1,0,0
906,906.0,9.06,5.137188425925924,4.820779536902632,5.253123756238332,0.31640888902329234,0.11593533031240799,-0.20047355871088435,1,1,0,0
907,907.0,9.07,5.144360069444445,4.835834623211169,5.260412745077568,0.3085254462332756,0.11605267563312349,-0.1924727706001521,1,1,0,0
908,908.0,9.08,5.15153171296296,4.849892664930715,5.2686904997514565,0.3016390480322455,0.11715878678849645,-0.18448026124374906,1,1,0,0
909,909.0,9.09,5.158703356481481,4.863539634704953,5.278178787375455,0.29516372177652794,0.11947543089397428,-0.17568829088255367,1,1,0,0
910,910.0,9.1,5.1658750000000015,4.877245079850978,5.287073879265533,0.2886299201490239,0.12119887926553119,-0.1674310408834927,1,1,0,0
911,911.0,9.11,5.1727258101851845,4.891366910805644,5.295012623533359,0.2813588993795406,0.12228681334817448,-0.15907208603136613,1,1,0,0
912,912.0,9.12,5.179576620370373,4.905416295323696,5.302313847118536,0.27416032504667687,0.12273722674816323,-0.15142309829851364,1,1,0,0
913,913.0,9.13,5.186427430555555,4.918548792176378,5.311102511833078,0.2678786383791767,0.12467508127752325,-0.14320355710165344,1,1,0,0
914,914.0,9.14,5.193278240740744,4.931277957878244,5.31914051270104,0.2620002828625001,0.12586227196029576,-0.13613801090220434,1,1,0,0
915,915.0,9.15,5.200129050925926,4.944088705838722,5.326768594888791,0.25604034508720375,0.12663954396286492,-0.12940080112433883,1,1,0,0
916,916.0,9.16,5.206651388888888,4.957266608059836,5.334295516467507,0.24938478082905213,0.12764412757861887,-0.12174065325043326,1,1,0,0
917,917.0,9.17,5.213173726851849,4.970383330792363,5.34193936325223,0.24279039605948594,0.12876563640038086,-0.11402475965910508,1,1,0,0
918,918.0,9.18,5.219696064814817,4.982667975860181,5.349587749176569,0.23702808895463612,0.1298916843617519,-0.1071364045928842,1,1,0,0
919,919.0,9.19,5.226218402777779,4.994585824786733,5.357832923307001,0.23163257799104642,0.1316145205292214,-0.10001805746182502,1,1,0,0
920,920.0,9.2,5.2327407407407405,5.006578378178343,5.364806203611043,0.2261623625623974,0.13206546287030285,-0.09409689969209456,1,0,0,1
921,921.0,9.21,5.238926967592592,5.018889457287249,5.370483600623502,0.22003751030534335,0.13155663303091014,-0.08848087727443321,1,0,0,1
922,922.0,9.22,5.2451131944444445,5.031132148977434,5.376553676237409,0.21398104546701013,0.1314404817929642,-0.08254056367404594,1,0,0,1
923,923.0,9.23,5.251299421296296,5.042635982055209,5.384002627380607,0.20866343924108666,0.13270320608431074,-0.07596023315677591,1,0,0,1
924,924.0,9.24,5.257485648148148,5.053831544959099,5.389842072314447,0.20365410318904864,0.1323564241662991,-0.07129767902274953,1,0,0,1
925,925.0,9.25,5.263671875,5.065076446779328,5.396689313158949,0.19859542822067233,0.13301743815894884,-0.06557799006172349,1,0,0,1
926,926.0,9.26,5.2695143518518535,5.0765834619758765,5.403870746534627,0.19293088987597695,0.13435639468277394,-0.05857449519320301,1,0,0,1
927,927.0,9.27,5.275356828703702,5.088028445587567,5.410949097996968,0.1873283831161343,0.13559226929326673,-0.05173611382286758,1,0,0,1
928,928.0,9.28,5.281199305555555,5.098785585821879,5.416477206819716,0.1824137197336757,0.1352779012641605,-0.0471358184695152,1,0,0,1
929,929.0,9.29,5.287041782407409,5.109288507449093,5.423053728707494,0.1777532749583166,0.1360119463000844,-0.04174132865823221,1,0,0,1
930,930.0,9.3,5.292884259259263,5.119821978648652,5.429501564363043,0.17306228061061102,0.13661730510377978,-0.036444975506831234,1,0,0,1
931,931.0,9.31,5.2983753472222235,5.130580941231749,5.434449815200224,0.1677944059904748,0.13607446797800016,-0.031719938012474636,1,0,0,1
932,932.0,9.32,5.303866435185185,5.1412796533686835,5.438833449468765,0.16258678181650144,0.13496701428358016,-0.02761976753292128,1,0,0,1
933,933.0,9.33,5.309357523148146,5.151310891125636,5.44573329304558,0.15804663202250957,0.13637576989743483,-0.02167086212507474,1,0,0,1
934,934.0,9.34,5.314848611111113,5.1611119323883115,5.453113202598355,0.15373667872280183,0.1382645914872418,-0.01547208723556004,1,0,0,1
935,935.0,9.35,5.320339699074074,5.170925885688067,5.457825158532832,0.14941381338600657,0.137485459458758,-0.011928353927248558,1,0,0,1
936,936.0,9.36,5.325471759259259,5.180943758821403,5.462937074681899,0.14452800043785619,0.13746531542263973,-0.007062685015216452,1,0,0,1
937,937.0,9.37,5.330603819444446,5.190950694271103,5.468140293319685,0.13965312517334283,0.13753647387523937,-0.0021166512981034558,1,0,0,1
938,938.0,9.38,5.335735879629631,5.200344487229558,5.474915032811605,0.1353913924000727,0.13917915318197416,0.0037877607819014614,1,0,0,1
939,939.0,9.39,5.3408679398148164,5.209511144069428,5.481692708778237,0.13135679574538806,0.14082476896342033,0.009467973218032277,1,0,0,1
940,940.0,9.4,5.346000000000003,5.21869269689174,5.486572648750805,0.127307303108263,0.1405726487508021,0.013265345642539117,1,0,0,1
941,941.0,9.41,5.350765393518518,5.228046874945803,5.491908621493014,0.12271851857271532,0.14114322797449574,0.018424709401780426,1,0,0,1
942,942.0,9.42,5.355530787037034,5.237459377470738,5.496025629762048,0.11807140956629603,0.14049484272501456,0.02242343315871853,1,0,0,1
943,943.0,9.43,5.360296180555556,5.246266937637552,5.502334692954112,0.11402924291800431,0.14203851239855592,0.028009269480551602,1,0,0,1
944,944.0,9.44,5.365061574074073,5.254841347738735,5.507729519473946,0.11022022633533801,0.14266794539987337,0.03244771906453536,1,0,0,1
945,945.0,9.45,5.369826967592593,5.263441303442662,5.513001135204832,0.106385664149931,0.1431741676122389,0.03678850346230789,1,0,0,1
946,946.0,9.46,5.374218055555557,5.272192187721309,5.518720575995735,0.10202586783424827,0.1445025204401773,0.04247665260592903,1,0,0,1
947,947.0,9.47,5.378609143518521,5.281070101020982,5.5252936634063134,0.0975390424975382,0.14668451988779285,0.049145477390254655,1,0,0,1
948,948.0,9.48,5.383000231481483,5.289362258422775,5.533196479749189,0.09363797305870758,0.15019624826770617,0.05655827520899859,1,0,0,1
949,949.0,9.49,5.387391319444447,5.297403410215713,5.5381969500335995,0.0899879092287339,0.15080563058915253,0.06081772136041863,1,0,0,1
950,950.0,9.5,5.391782407407405,5.305479019625607,5.543764071908208,0.0863033877817978,0.15198166450080297,0.06567827671900517,1,0,0,1
951,951.0,9.51,5.395791550925926,5.313694517805155,5.549165042632401,0.0820970331207711,0.15337349170647485,0.07127645858570375,1,0,0,1
952,952.0,9.52,5.399800694444442,5.32208243497322,5.553804498599925,0.07771825947122224,0.15400380415548298,0.07628554468426074,1,0,0,1
953,953.0,9.53,5.403809837962965,5.329907590793501,5.557371697054724,0.07390224716946392,0.15356185909175935,0.07965961192229543,1,0,0,1
954,954.0,9.54,5.407818981481481,5.337471357609203,5.561551695890384,0.07034762387227733,0.15373271440890335,0.08338509053662602,1,0,0,1
955,955.0,9.55,5.411828125000003,5.345082378924684,5.5678689123596845,0.06674574607531891,0.1560407873596814,0.0892950412843625,1,0,0,1
956,956.0,9.56,5.4154476851851845,5.352805201465044,5.5735295721775335,0.0626424837201407,0.15808188699234904,0.09543940327220835,1,0,0,1
957,957.0,9.57,5.41906724537037,5.360705952767282,5.578005892523808,0.05836129260308809,0.15893864715343753,0.10057735455034944,1,0,1,0
958,958.0,9.58,5.422686805555557,5.3680701509032,5.582109089676108,0.05461665465235743,0.15942228412055126,0.10480562946819383,1,0,1,0
959,959.0,9.59,5.426306365740743,5.375184772576773,5.585627783837358,0.05112159316396969,0.15932141809661537,0.10819982493264568,1,0,1,0
960,960.0,9.6,5.429925925925924,5.382337328034814,5.590389222943346,0.04758859789111014,0.16046329701742135,0.1128746991263112,1,0,1,0
961,961.0,9.61,5.433148263888887,5.389588533507827,5.593421933232095,0.04355973038105976,0.16027366934320852,0.11671393896214877,1,0,1,0
962,962.0,9.62,5.436370601851855,5.39701217030032,5.5977455421177185,0.039358431551534956,0.16137494026586374,0.12201650871432879,1,0,1,0
963,963.0,9.63,5.439592939814816,5.403924421802433,5.601429935238158,0.035668518012383466,0.16183699542334118,0.1261684774109577,1,0,1,0
964,964.0,9.64,5.442815277777779,5.4105955754154635,5.606221735064152,0.03221970236231542,0.16340645728637337,0.13118675492405796,1,0,1,0
965,965.0,9.65,5.4460376157407415,5.417301355710176,5.611197606647739,0.028736260030565397,0.1651599909069974,0.136423730876432,1,0,1,0
966,966.0,9.66,5.4488550925925905,5.424084077988459,5.615128890346307,0.024771014604131558,0.16627379775371676,0.1415027831495852,1,0,1,0
967,967.0,9.67,5.451672569444446,5.4310410002914775,5.619227173430806,0.020631569152968154,0.16755460398636046,0.1469230348333923,1,0,1,0
968,968.0,9.68,5.4544900462962955,5.437508395258308,5.6227578260740305,0.016981651037987433,0.168267779777735,0.15128612873974756,1,0,1,0
969,969.0,9.69,5.457307523148145,5.443725646394866,5.625710524904879,0.013581876753279154,0.16840300175673395,0.1548211250034548,1,0,1,0
970,970.0,9.7,5.4601250000000014,5.44994680606088,5.629595180842281,0.01017819393912145,0.16947018084227938,0.15929198690315793,1,0,1,0
971,971.0,9.71,5.4625299768518545,5.456226637557879,5.63403054897346,0.006303339293975085,0.1715005721216052,0.1651972328276301,1,0,1,0
972,972.0,9.72,5.464934953703703,5.462683657871378,5.63704695649598,0.0022512958323250842,0.1721120027922769,0.1698607069599518,1,0,1,0
973,973.0,9.73,5.467339930555557,5.468669989516224,5.6405482072010065,0.0013300589606668467,0.17320827664544947,0.17187821768478262,1,0,1,0
974,974.0,9.74,5.469744907407405,5.474409260702428,5.642587024189185,0.00466435329502346,0.17284211678177996,0.1681777634867565,1,0,1,0
975,975.0,9.75,5.4721498842592595,5.480167308304459,5.6459839725536245,0.008017424045199562,0.17383408829436497,0.1658166642491654,1,0,1,0
976,976.0,9.76,5.474134722222224,5.485964141133875,5.649349307012442,0.011829418911651679,0.17521458479021845,0.16338516587856677,1,0,1,0
977,977.0,9.77,5.476119560185188,5.491940812842385,5.6514991571186695,0.01582125265719725,0.1753795969334817,0.15955834427628446,1,0,1,0
978,978.0,9.78,5.478104398148146,5.497480110080767,5.6547916556639395,0.019375711932621442,0.17668725751579384,0.1573115455831724,1,0,1,0
979,979.0,9.79,5.48008923611111,5.502767929222842,5.6562942635029145,0.02267869311173243,0.17620502739180477,0.15352633428007234,1,0,1,0
980,980.0,9.8,5.482074074074074,5.508088178894095,5.659445006669889,0.02601410482002109,0.1773709325958155,0.1513568277757944,1,0,1,0
981,981.0,9.81,5.48363113425926,5.513426896179383,5.661033079880524,0.029795761920123454,0.17740194562126455,0.1476061837011411,1,0,1,0
982,982.0,9.82,5.485188194444445,5.51895345515754,5.6622550158508815,0.03376526071309449,0.17706682140643615,0.14330156069334166,1,0,1,0
983,983.0,9.83,5.48674525462963,5.52405585122951,5.664223152042861,0.03731059659987945,0.1774778974132305,0.14016730081335105,1,0,1,0
984,984.0,9.84,5.488302314814816,5.528920201805144,5.66847181055225,0.04061788699032842,0.18016949573743357,0.13955160874710515,1,0,1,0
985,985.0,9.85,5.489859375000002,5.533829803183181,5.67183920491661,0.04397042818317942,0.18197982991660844,0.13800940173342902,1,0,1,0
986,986.0,9.86,5.490981018518521,5.53875645326644,5.6719713054368395,0.04777543474791912,0.18099028691831887,0.13321485217039974,1,0,1,0
987,987.0,9.87,5.492102662037039,5.543870866336014,5.674641049043564,0.05176820429897511,0.18253838700652558,0.13077018270755048,1,0,1,0
988,988.0,9.88,5.4932243055555565,5.548566672483716,5.6775764393194414,0.055342366928159414,0.18435213376388493,0.12900976683572551,1,0,1,0
989,989.0,9.89,5.4943459490740745,5.553039504356149,5.679248020867689,0.05869355528207443,0.18490207179361473,0.1262085165115403,1,0,1,0
990,990.0,9.9,5.495467592592593,5.557548252651005,5.6791923280166525,0.0620806600584114,0.1837247354240592,0.12164407536564781,1,0,1,0
991,991.0,9.91,5.496146180555556,5.562062702928948,5.6801288402443335,0.06591652237339218,0.1839826596887777,0.11806613731538551,1,0,1,0
992,992.0,9.92,5.496824768518519,5.5667642496308405,5.68343879088144,0.06993948111232129,0.1866140223629209,0.11667454125059962,1,0,1,0
993,993.0,9.93,5.497503356481482,5.571051735845101,5.685109460954636,0.07354837936361935,0.1876061044731543,0.11405772510953494,1,0,1,0
994,994.0,9.94,5.498181944444444,5.57513231120881,5.686533876318269,0.07695036676436562,0.18835193187382515,0.11140156510945953,1,0,1,0
995,995.0,9.95,5.498860532407407,5.5792417370135885,5.687728547711548,0.08038120460618181,0.18886801530414132,0.10848681069795951,1,0,1,0
996,996.0,9.96,5.499088425925925,5.583346776906906,5.689350708963011,0.08425835098098045,0.19026228303708592,0.10600393205610548,1,0,1,0
997,997.0,9.97,5.499316319444444,5.587632262888231,5.691794506415959,0.08831594344378768,0.1924781869715151,0.1041622435277274,1,0,1,0
998,998.0,9.98,5.499544212962962,5.591506809329559,5.693280705245742,0.09196259636659665,0.19373649228278023,0.10177389591618358,1,0,1,0
999,999.0,9.99,5.49977210648148,5.595183620624831,5.694739240241131,0.09541151414335136,0.19496713375965147,0.0995556196163001,1,0,0,1
1000,1000.0,10.0,5.499999999999999,5.598893356155792,5.695172034448956,0.0988933561557932,0.19517203444895692,0.09627867829316372,1,0,0,1
1001,1001.0,10.01,5.499999999999999,5.602589524830023,5.697792415824668,0.10258952483002393,0.19779241582466867,0.09520289099464474,1,0,0,1
1002,1002.0,10.02,5.499999999999999,5.606450218059189,5.700044599193146,0.10645021805918997,0.20004459919314677,0.0935943811339568,1,0,0,1
1003,1003.0,10.03,5.499999999999999,5.60991367474037,5.701046014522191,0.10991367474037084,0.20104601452219217,0.09113233978182134,1,0,0,1
1004,1004.0,10.04,5.499999999999999,5.613194461176583,5.701994845125865,0.11319446117658405,0.20199484512586618,0.08880038394928214,1,0,0,1
1005,1005.0,10.05,5.499999999999999,5.616502879891941,5.702364845834787,0.11650287989194208,0.2023648458347882,0.08586196594284612,1,0,0,1
1006,1006.0,10.06,5.499999999999999,5.6198002944651195,5.704739189137368,0.11980029446512042,0.20473918913736888,0.08493889467224847,1,0,0,1
1007,1007.0,10.07,5.499999999999999,5.623254867701551,5.706226549227651,0.1232548677015517,0.20622654922765182,0.08297168152610013,1,0,0,1
1008,1008.0,10.08,5.499999999999999,5.62633078571091,5.708195675833702,0.12633078571091083,0.2081956758337027,0.08186489012279186,1,0,0,1
1009,1009.0,10.09,5.499999999999999,5.629239991128998,5.708892227077996,0.12923999112899853,0.20889222707799693,0.0796522359489984,1,0,0,1
1010,1010.0,10.1,5.499999999999999,5.6321728139400875,5.709625427174921,0.1321728139400884,0.20962542717492205,0.07745261323483366,1,0,0,1
1011,1011.0,10.11,5.499999999999999,5.635099959728363,5.709732012705164,0.13509995972836375,0.20973201270516473,0.07463205297680098,1,0,0,1
1012,1012.0,10.12,5.499999999999999,5.638186858135769,5.710021114243353,0.1381868581357697,0.21002111424335368,0.07183425610758398,1,0,0,1
1013,1013.0,10.13,5.499999999999999,5.640914769692158,5.709580325461322,0.14091476969215933,0.20958032546132266,0.06866555576916333,1,0,0,1
1014,1014.0,10.14,5.499999999999999,5.643490196650186,5.709286455405083,0.1434901966501867,0.20928645540508395,0.06579625875489725,1,0,0,1
1015,1015.0,10.15,5.499999999999999,5.646094238190941,5.710434788726157,0.14609423819094225,0.2104347887261575,0.06434055053521526,1,0,0,1
1016,1016.0,10.16,5.499999999999999,5.648685003898881,5.710592857104627,0.14868500389888162,0.21059285710462827,0.061907853205746655,1,0,0,1
1017,1017.0,10.17,5.499999999999999,5.651443150889294,5.7115453035123815,0.15144315088929527,0.21154530351238243,0.06010215262308716,1,0,0,1
1018,1018.0,10.18,5.499999999999999,5.65386784318138,5.710585901996772,0.1538678431813807,0.2105859019967733,0.0567180588153926,1,0,0,1
1019,1019.0,10.19,5.499999999999999,5.656158108237851,5.70942919991814,0.15615810823785203,0.2094291999181408,0.05327109168028876,1,0,0,1
1020,1020.0,10.2,5.499999999999999,5.658479645640287,5.709191948487857,0.15847964564028771,0.20919194848785772,0.05071230284757,1,0,0,1
1021,1021.0,10.21,5.499999999999999,5.660767413579859,5.709855855394915,0.16076741357986002,0.2098558553949159,0.049088441815055894,1,0,0,1
1022,1022.0,10.22,5.499999999999999,5.663229761831989,5.710770296050726,0.16322976183198978,0.21077029605072717,0.047540534218737385,1,0,0,1
1023,1023.0,10.23,5.499999999999999,5.66538582357521,5.7093846606171335,0.16538582357521125,0.20938466061713434,0.04399883704192309,1,0,0,1
1024,1024.0,10.24,5.499999999999999,5.667415806861906,5.7093219737571355,0.16741580686190716,0.20932197375713635,0.04190616689522919,1,0,0,1
1025,1025.0,10.25,5.499999999999999,5.669479165542679,5.7096688199446834,0.16947916554267994,0.20966881994468434,0.04018965440200439,1,0,0,1
1026,1026.0,10.26,5.499999999999999,5.671496496145153,5.7094382855598615,0.17149649614515372,0.20943828555986244,0.037941789414708715,1,0,0,1
1027,1027.0,10.27,5.499999999999999,5.673692214761506,5.7072796039663425,0.1736922147615072,0.20727960396634337,0.03358738920483617,1,0,0,1
1028,1028.0,10.28,5.499999999999999,5.675600575731956,5.706232654064138,0.17560057573195653,0.20623265406413882,0.03063207833218229,1,0,0,1
1029,1029.0,10.29,5.499999999999999,5.677387653827488,5.707487716971493,0.17738765382748856,0.20748771697149415,0.030100063144005595,1,0,0,1
1030,1030.0,10.3,5.499999999999999,5.679210985573062,5.707412632048439,0.1792109855730626,0.20741263204843996,0.028201646475377373,1,0,0,1
1031,1031.0,10.31,5.499999999999999,5.68099400777492,5.707055618538004,0.18099400777492125,0.20705561853800525,0.026061610763083998,1,0,0,1
1032,1032.0,10.32,5.499999999999999,5.682952813665662,5.7069784553378256,0.18295281366566307,0.20697845533782644,0.024025641672163367,1,0,0,1
1033,1033.0,10.33,5.499999999999999,5.684634520659593,5.707594572019489,0.18463452065959363,0.20759457201948983,0.022960051359896205,1,0,0,1
1034,1034.0,10.34,5.499999999999999,5.686207103428232,5.70879382839233,0.18620710342823266,0.20879382839233074,0.02258672496409808,1,0,0,1
1035,1035.0,10.35,5.499999999999999,5.68781503738277,5.708794823619012,0.18781503738277117,0.20879482361901314,0.02097978623624197,1,0,0,1
1036,1036.0,10.36,5.499999999999999,5.689392102577647,5.709427184838644,0.1893921025776475,0.20942718483864464,0.02003508226099715,1,0,0,1
1037,1037.0,10.37,5.499999999999999,5.691137122395477,5.708982863134527,0.1911371223954781,0.20898286313452807,0.017845740739049987,1,0,0,1
1038,1038.0,10.38,5.499999999999999,5.692626261005811,5.710479679835252,0.19262626100581226,0.21047967983525329,0.017853418829441026,1,0,0,1
1039,1039.0,10.39,5.499999999999999,5.694012556126916,5.712322627391122,0.1940125561269168,0.2123226273911225,0.018310071264205696,1,0,0,1
1040,1040.0,10.4,5.499999999999999,5.69543358808183,5.7128954713096824,0.19543358808183076,0.21289547130968334,0.01746188322785258,1,0,0,1
1041,1041.0,10.41,5.499999999999999,5.696834572522706,5.714514766967169,0.19683457252270653,0.2145147669671701,0.01768019444446356,1,0,0,1
1042,1042.0,10.42,5.499999999999999,5.698398464358107,5.714600191049227,0.1983984643581076,0.2146001910492279,0.0162017266911203,1,0,0,1
1043,1043.0,10.43,5.499999999999999,5.699720208345119,5.716511494992858,0.19972020834511994,0.21651149499285882,0.01679128664773888,1,0,0,1
1044,1044.0,10.44,5.499999999999999,5.700941974889593,5.715255996572936,0.2009419748895942,0.21525599657293704,0.014314021683342837,1,0,0,1
1045,1045.0,10.45,5.499999999999999,5.702200177759144,5.714872934519278,0.20220017775914467,0.21487293451927858,0.012672756760133908,1,0,0,1
1046,1046.0,10.46,5.499999999999999,5.7034411758208305,5.7150672127021265,0.20344117582083143,0.21506721270212736,0.011626036881295931,1,0,0,1
1047,1047.0,10.47,5.499999999999999,5.704837986344991,5.715218666663439,0.20483798634499184,0.21521866666344014,0.010380680318448299,1,0,0,1
1048,1048.0,10.48,5.499999999999999,5.706005626309497,5.715298085624505,0.2060056263094978,0.21529808562450548,0.009292459315007662,1,0,0,1
1049,1049.0,10.49,5.499999999999999,5.707079513048351,5.715054330668181,0.2070795130483516,0.21505433066818203,0.007974817619830432,1,0,0,1
1050,1050.0,10.5,5.499999999999999,5.708194565116965,5.714317510651408,0.20819456511696632,0.21431751065140858,0.006122945534442259,1,0,0,1
1051,1051.0,10.51,5.499999999999999,5.7092965619470375,5.711581528576137,0.20929656194703838,0.2115815285761382,0.002284966629099827,1,0,0,1
1052,1052.0,10.52,5.499999999999999,5.710545181001397,5.711306101417406,0.21054518100139763,0.21130610141740647,0.0007609204160088368,1,0,0,1
1053,1053.0,10.53,5.499999999999999,5.711578154160695,5.711686972347208,0.21157815416069603,0.21168697234720923,0.0001088181865132043,1,0,0,1
1054,1054.0,10.54,5.499999999999999,5.712523728684067,5.71176395036819,0.21252372868406777,0.21176395036819073,-0.0007597783158770355,1,0,0,1
1055,1055.0,10.55,5.499999999999999,5.713513313209907,5.711666657171496,0.21351331320990763,0.2116666571714969,-0.0018466560384107211,1,0,0,1
1056,1056.0,10.56,5.499999999999999,5.714500086581499,5.713462801869368,0.21450008658150033,0.21346280186936895,-0.001037284712131381,1,0,0,1
1057,1057.0,10.57,5.499999999999999,5.715618223255328,5.713449226110918,0.21561822325532898,0.2134492261109191,-0.002168997144409879,1,0,0,1
1058,1058.0,10.58,5.499999999999999,5.716526961183462,5.714179917297245,0.2165269611834626,0.21417991729724584,-0.0023470438862167597,1,0,0,1
1059,1059.0,10.59,5.499999999999999,5.717349774283918,5.714881066571877,0.21734977428391922,0.2148810665718779,-0.002468707712041329,1,0,0,1
1060,1060.0,10.6,5.499999999999999,5.718232400099449,5.71329880040884,0.21823240009945,0.21329880040884053,-0.004933599690609469,1,0,0,1
1061,1061.0,10.61,5.499999999999999,5.719110239447892,5.713878867114021,0.2191102394478932,0.2138788671140217,-0.005231372333871498,1,0,0,1
1062,1062.0,10.62,5.499999999999999,5.720111099662068,5.714458570833937,0.220111099662069,0.21445857083393793,-0.005652528828131054,1,0,0,1
1063,1063.0,10.63,5.499999999999999,5.7209296302298265,5.714164482624309,0.22092963022982737,0.21416448262430965,-0.006765147605517718,1,0,0,1
1064,1064.0,10.64,5.499999999999999,5.721661524232034,5.71405337186145,0.22166152423203478,0.2140533718614508,-0.007608152370583987,1,0,0,1
1065,1065.0,10.65,5.499999999999999,5.722457003826553,5.713746397403669,0.22245700382655365,0.21374639740366952,-0.008710606422884126,1,0,0,1
1066,1066.0,10.66,5.499999999999999,5.723252917967379,5.713407458373378,0.2232529179673799,0.2134074583733785,-0.009845459594001404,1,0,0,1
1067,1067.0,10.67,5.499999999999999,5.724169207834178,5.7131104355048965,0.22416920783417904,0.2131104355048974,-0.011058772329281652,1,0,0,1
1068,1068.0,10.68,5.499999999999999,5.724917683714811,5.712809154327595,0.22491768371481147,0.21280915432759606,-0.012108529387215405,1,0,0,1
1069,1069.0,10.69,5.499999999999999,5.725582705484877,5.7125334196381665,0.2255827054848778,0.2125334196381674,-0.01304928584671039,1,0,0,1
1070,1070.0,10.7,5.499999999999999,5.726312134273391,5.713140266112876,0.22631213427339159,0.21314026611287673,-0.013171868160514855,1,0,0,1
1071,1071.0,10.71,5.499999999999999,5.727041883680917,5.71295854607163,0.2270418836809176,0.212958546071631,-0.014083337609286595,1,0,0,1
1072,1072.0,10.72,5.499999999999999,5.727889048059855,5.712275186324328,0.22788904805985588,0.2122751863243293,-0.01561386173552659,1,0,0,1
1073,1073.0,10.73,5.499999999999999,5.728581727364491,5.712809461789095,0.22858172736449145,0.21280946178909588,-0.015772265575395572,1,0,0,1
1074,1074.0,10.74,5.499999999999999,5.729194280978331,5.711841525458366,0.22919428097833183,0.2118415254583672,-0.017352755519964624,1,0,0,1
1075,1075.0,10.75,5.499999999999999,5.729870248875994,5.712956463527132,0.2298702488759945,0.21295646352713327,-0.016913785348861232,1,0,0,1
1076,1076.0,10.76,5.499999999999999,5.730545163565387,5.712189395459969,0.23054516356538812,0.21218939545997006,-0.018355768105418058,1,0,0,1
1077,1077.0,10.77,5.499999999999999,5.731335351253941,5.7123174882191465,0.231335351253942,0.21231748821914742,-0.01901786303479458,1,0,0,1
1078,1078.0,10.78,5.499999999999999,5.731979598080272,5.713731923816154,0.23197959808027324,0.21373192381615524,-0.018247674264117997,1,0,0,1
1079,1079.0,10.79,5.499999999999999,5.732546782542958,5.713289590141418,0.23254678254295857,0.2132895901414189,-0.01925719240153967,1,0,0,1
1080,1080.0,10.8,5.499999999999999,5.733171987080183,5.714989757361843,0.23317198708018427,0.21498975736184356,-0.018182229718340714,1,0,0,1
1081,1081.0,10.81,5.499999999999999,5.7337955037974195,5.715229954655214,0.23379550379742042,0.21522995465521522,-0.018565549142205207,1,0,0,1
1082,1082.0,10.82,5.499999999999999,5.7345298098508675,5.714857328616088,0.23452980985086835,0.2148573286160893,-0.01967248123477905,1,0,0,1
1083,1083.0,10.83,5.499999999999999,5.735125926549887,5.71462887948507,0.2351259265498875,0.2146288794850708,-0.020497047064816698,1,0,0,1
1084,1084.0,10.84,5.499999999999999,5.73564719445602,5.714781507861295,0.23564719445602123,0.21478150786129557,-0.020865686594725652,1,0,0,1
1085,1085.0,10.85,5.499999999999999,5.736225044260948,5.716211279387377,0.2362250442609488,0.2162112793873776,-0.020013764873571205,1,0,0,1
1086,1086.0,10.86,5.499999999999999,5.736802348242674,5.716646660677659,0.23680234824267465,0.21664666067766003,-0.020155687565014624,1,0,0,1
1087,1087.0,10.87,5.499999999999999,5.73748638276535,5.715519790932421,0.2374863827653506,0.21551979093242224,-0.021966591832928373,1,0,0,1
1088,1088.0,10.88,5.499999999999999,5.738049561785055,5.713504589981472,0.23804956178505599,0.21350458998147293,-0.02454497180358306,1,0,0,1
1089,1089.0,10.89,5.499999999999999,5.738545564378211,5.7135554247669535,0.23854556437821195,0.21355542476695444,-0.02499013961125751,1,0,0,1
1090,1090.0,10.9,5.499999999999999,5.739096292394945,5.713733013735049,0.23909629239494556,0.21373301373504994,-0.025363278659895627,1,0,0,1
1091,1091.0,10.91,5.499999999999999,5.739650613103428,5.714066266206207,0.2396506131034286,0.21406626620620806,-0.025584346897220556,1,0,0,1
1092,1092.0,10.92,5.499999999999999,5.74030510736117,5.714003104572363,0.24030510736117083,0.21400310457236404,-0.02630200278880679,1,0,0,1
1093,1093.0,10.93,5.499999999999999,5.740836779672707,5.716165541893452,0.24083677967270756,0.21616554189345294,-0.024671237779254618,1,0,0,1
1094,1094.0,10.94,5.499999999999999,5.74130360010465,5.71800226098832,0.24130360010465068,0.21800226098832098,-0.0233013391163297,1,0,0,1
1095,1095.0,10.95,5.499999999999999,5.741816158758885,5.719009928827074,0.24181615875888607,0.2190099288270746,-0.022806229931811473,1,0,0,1
1096,1096.0,10.96,5.499999999999999,5.7423347118708365,5.719247346027379,0.24233471187083744,0.21924734602738027,-0.023087365843457164,1,0,0,1
1097,1097.0,10.97,5.499999999999999,5.742949717553388,5.71714441595837,0.24294971755338857,0.21714441595837108,-0.025805301595017482,1,0,0,1
1098,1098.0,10.98,5.499999999999999,5.7434297901471645,5.717274745272303,0.24342979014716537,0.21727474527230406,-0.02615504487486131,1,0,0,1
1099,1099.0,10.99,5.499999999999999,5.743843177650569,5.717853895344317,0.24384317765056984,0.21785389534431765,-0.025989282306252193,1,0,0,1
1100,1100.0,11.0,5.499999999999999,5.744300460448578,5.71741580871808,0.24430046044857878,0.21741580871808086,-0.02688465173049792,1,0,0,1
1101,1101.0,11.01,5.499999999999999,5.744768109658472,5.717768184693934,0.24476810965847307,0.21776818469393522,-0.026999924964537847,1,0,0,1
1102,1102.0,11.02,5.499999999999999,5.745325563633583,5.717620206670003,0.2453255636335836,0.21762020667000392,-0.027705356963579675,1,0,0,1
1103,1103.0,11.03,5.499999999999999,5.745753906942929,5.717403406201932,0.2457539069429302,0.21740340620193255,-0.028350500740997653,1,0,0,1
1104,1104.0,11.04,5.499999999999999,5.746114892856264,5.716574397364324,0.24611489285626487,0.21657439736432504,-0.029540495491939822,1,0,0,1
1105,1105.0,11.05,5.499999999999999,5.74651168735278,5.715589343736846,0.24651168735278084,0.21558934373684657,-0.030922343615934267,1,0,0,1
1106,1106.0,11.06,5.499999999999999,5.746923608687381,5.713889160013288,0.24692360868738206,0.21388916001328884,-0.03303444867409322,1,0,0,1
1107,1107.0,11.07,5.499999999999999,5.747419476038892,5.714760697561594,0.24741947603889258,0.21476069756159522,-0.03265877847729737,1,0,0,1
1108,1108.0,11.08,5.499999999999999,5.747788026602326,5.714522241882292,0.24778802660232646,0.21452224188229252,-0.03326578472003394,1,0,0,1
1109,1109.0,11.09,5.499999999999999,5.748091685619095,5.71353897203687,0.24809168561909622,0.21353897203687122,-0.034552713582225,1,0,0,1
1110,1110.0,11.1,5.499999999999999,5.748429601149776,5.713953900202282,0.24842960114977686,0.21395390020228255,-0.0344757009474943,1,0,0,1
1111,1111.0,11.11,5.499999999999999,5.74878682875012,5.712777226504649,0.24878682875012093,0.2127772265046497,-0.03600960224547123,1,0,0,1
1112,1112.0,11.12,5.499999999999999,5.749214715478224,5.713714417064237,0.2492147154782245,0.21371441706423777,-0.03550029841398672,1,0,0,1
1113,1113.0,11.13,5.499999999999999,5.749514917020655,5.713058555826838,0.2495149170206563,0.21305855582683897,-0.036456361193817344,1,0,0,1
1114,1114.0,11.14,5.499999999999999,5.749753381991047,5.712940820698337,0.2497533819910478,0.2129408206983383,-0.03681256129270949,1,0,0,1
1115,1115.0,11.15,5.499999999999999,5.750025837975702,5.714406566764179,0.250025837975703,0.2144065667641799,-0.035619271211523085,1,0,0,1
1116,1116.0,11.16,5.499999999999999,5.750345454772569,5.712825944402509,0.2503454547725701,0.21282594440250957,-0.037519510370060516,1,0,0,1
1117,1117.0,11.17,5.499999999999999,5.750727924243436,5.713588445165898,0.2507279242434368,0.21358844516589848,-0.03713947907753834,1,0,0,1
1118,1118.0,11.18,5.499999999999999,5.75096789681997,5.713353448225629,0.25096789681997045,0.21335344822562963,-0.03761444859434082,1,0,0,1
1119,1119.0,11.19,5.499999999999999,5.751144454041621,5.713267752533289,0.2511444540416221,0.21326775253329,-0.03787670150833211,1,0,0,1
1120,1120.0,11.2,5.499999999999999,5.7513593953761415,5.713401095000651,0.2513593953761424,0.21340109500065196,-0.03795830037549042,1,0,0,1
1121,1121.0,11.21,5.499999999999999,5.751644091271447,5.712740037431552,0.25164409127144793,0.21274003743155312,-0.038904053839894814,1,0,0,1
1122,1122.0,11.22,5.499999999999999,5.751991761071863,5.713553211361697,0.2519917610718636,0.21355321136169803,-0.03843854971016558,1,0,0,1
1123,1123.0,11.23,5.499999999999999,5.752193429645571,5.713442380712283,0.2521934296455717,0.2134423807122836,-0.03875104893328807,1,0,0,1
1124,1124.0,11.24,5.499999999999999,5.752330012892959,5.713936544135531,0.2523300128929602,0.21393654413553165,-0.03839346875742855,1,0,0,1
1125,1125.0,11.25,5.499999999999999,5.7525058703904195,5.715168337609183,0.2525058703904204,0.21516833760918352,-0.03733753278123686,1,0,0,1
1126,1126.0,11.26,5.499999999999999,5.7527591740610555,5.7148393914038325,0.2527591740610564,0.21483939140383335,-0.03791978265722307,1,0,0,1
1127,1127.0,11.27,5.499999999999999,5.753078461017924,5.714332189470129,0.25307846101792464,0.21433218947013,-0.03874627154779464,1,0,0,1
1128,1128.0,11.28,5.499999999999999,5.753251739697378,5.714545790066185,0.2532517396973786,0.21454579006618602,-0.03870594963119256,1,0,0,1
1129,1129.0,11.29,5.499999999999999,5.753361289510791,5.7140697135697875,0.2533612895107922,0.21406971356978843,-0.03929157594100374,1,0,0,1
1130,1130.0,11.3,5.499999999999999,5.753511274802048,5.716129213179596,0.25351127480204916,0.2161292131795971,-0.037382061622452056,1,0,0,1
1131,1131.0,11.31,5.499999999999999,5.755061389016262,5.717452516038235,0.2550613890162632,0.2174525160382359,-0.037608872978027286,1,0,0,1
1132,1132.0,11.32,5.499999999999999,5.756106025076431,5.718118658438319,0.25610602507643154,0.21811865843831946,-0.037987366638112086,1,0,0,1
1133,1133.0,11.33,5.499999999999999,5.756654217882921,5.71801155514431,0.25665421788292164,0.2180115551443107,-0.038642662738610944,1,0,0,1
1134,1134.0,11.34,5.499999999999999,5.7569032709285874,5.716753605466315,0.25690327092858833,0.21675360546631595,-0.04014966546227239,1,0,0,1
1135,1135.0,11.35,5.499999999999999,5.75640675350959,5.716602286798156,0.25640675350959086,0.21660228679815674,-0.03980446671143412,1,0,0,1
1136,1136.0,11.36,5.499999999999999,5.757714591847939,5.715966433040241,0.25771459184793954,0.21596643304024177,-0.04174815880769778,1,0,0,1
1137,1137.0,11.37,5.499999999999999,5.759702768456699,5.715233041467312,0.25970276845669993,0.2152330414673127,-0.044469726989387226,1,0,0,1
1138,1138.0,11.38,5.499999999999999,5.760737866723938,5.71570897726228,0.2607378667239386,0.2157089772622811,-0.045028889461657506,1,0,0,1
1139,1139.0,11.39,5.499999999999999,5.761382380617873,5.716407044379736,0.26138238061787344,0.21640704437973657,-0.044975336238136876,1,0,0,1
1140,1140.0,11.4,5.499999999999999,5.762795610264588,5.716166086675308,0.26279561026458875,0.216166086675309,-0.04662952358927974,1,0,0,1
1141,1141.0,11.41,5.499999999999999,5.765136939390099,5.7147591462865,0.26513693939009997,0.21475914628650106,-0.05037779310359891,1,0,0,1
1142,1142.0,11.42,5.499999999999999,5.766914562261002,5.713160560362141,0.26691456226100296,0.21316056036214182,-0.05375400189886115,1,0,0,1
1143,1143.0,11.43,5.499999999999999,5.767240561241624,5.7116347712317594,0.2672405612416249,0.21163477123176033,-0.05560579000986454,1,0,0,1
1144,1144.0,11.44,5.499999999999999,5.768168888357638,5.712088263923872,0.2681688883576392,0.2120882639238726,-0.0560806244337666,1,0,0,1
1145,1145.0,11.45,5.499999999999999,5.769181716417834,5.71234070141962,0.26918171641783495,0.21234070141962125,-0.0568410149982137,1,0,0,1
1146,1146.0,11.46,5.499999999999999,5.768930001168464,5.711700873471952,0.26893000116846455,0.211700873471953,-0.05722912769651156,1,0,0,1
1147,1147.0,11.47,5.499999999999999,5.768847521115238,5.713343038130405,0.268847521115239,0.21334303813040556,-0.05550448298483346,1,0,0,1
1148,1148.0,11.48,5.499999999999999,5.768968682779295,5.713101297612089,0.2689686827792963,0.21310129761208962,-0.055867385167206685,1,0,0,1
1149,1149.0,11.49,5.499999999999999,5.768212580644645,5.714645618901312,0.26821258064464626,0.21464561890131328,-0.053566961743332975,1,0,0,1
1150,1150.0,11.5,5.499999999999999,5.766956583029929,5.712811735460138,0.26695658302992964,0.21281173546013932,-0.05414484756979032,1,0,0,1
1151,1151.0,11.51,5.499999999999999,5.768000200305821,5.712206206173212,0.2680002003058215,0.21220620617321284,-0.05579399413260866,1,0,0,1
1152,1152.0,11.52,5.499999999999999,5.768788598247141,5.713945993348268,0.2687885982471423,0.21394599334826925,-0.05484260489887305,1,0,0,1
1153,1153.0,11.53,5.499999999999999,5.770423032790331,5.714106542113025,0.2704230327903323,0.2141065421130257,-0.056316490677306597,1,0,0,1
1154,1154.0,11.54,5.499999999999999,5.773461212626395,5.71427731419208,0.2734612126263958,0.2142773141920813,-0.059183898434314486,1,0,0,1
1155,1155.0,11.55,5.499999999999999,5.775307014093321,5.713750537095977,0.2753070140933218,0.21375053709597758,-0.061556476997344234,1,0,0,1
1156,1156.0,11.56,5.499999999999999,5.776108280429975,5.714282808052451,0.2761082804299759,0.21428280805245148,-0.06182547237752445,1,0,0,1
1157,1157.0,11.57,5.499999999999999,5.77562226267365,5.714587160183037,0.2756222626736511,0.21458716018303825,-0.061035102490612836,1,0,0,1
1158,1158.0,11.58,5.499999999999999,5.774093725557143,5.714025244467622,0.27409372555714384,0.2140252444676225,-0.06006848108952134,1,0,0,1
1159,1159.0,11.59,5.499999999999999,5.774031443619809,5.712288249821783,0.27403144361981013,0.21228824982178374,-0.0617431937980264,1,0,0,1
1160,1160.0,11.6,5.499999999999999,5.773907509558398,5.711174293752951,0.2739075095583985,0.2111742937529515,-0.062733215805447,1,0,0,1
1161,1161.0,11.61,5.499999999999999,5.774919525748971,5.7121376243930335,0.27491952574897205,0.2121376243930344,-0.06278190135593764,1,0,0,1
1162,1162.0,11.62,5.499999999999999,5.776359135333426,5.712914456565365,0.2763591353334265,0.21291445656536556,-0.06344467876806092,1,0,0,1
1163,1163.0,11.63,5.499999999999999,5.778130431230499,5.713262867227396,0.2781304312305002,0.21326286722739685,-0.06486756400310334,1,0,0,1
1164,1164.0,11.64,5.499999999999999,5.780492671600498,5.71295480494574,0.2804926716004985,0.21295480494574104,-0.06753786665475747,1,0,0,1
1165,1165.0,11.65,5.499999999999999,5.78163012347368,5.712167505094701,0.2816301234736809,0.21216750509470206,-0.06946261837897882,1,0,0,1
1166,1166.0,11.66,5.499999999999999,5.783536129604843,5.7126858855511085,0.283536129604844,0.21268588555110934,-0.07085024405373463,1,0,0,1
1167,1167.0,11.67,5.499999999999999,5.785975800751381,5.71226714326028,0.2859758007513822,0.21226714326028073,-0.07370865749110145,1,0,0,1
1168,1168.0,11.68,5.499999999999999,5.788694462674842,5.713306261005936,0.2886944626748429,0.21330626100593708,-0.07538820166890581,1,0,0,1
1169,1169.0,11.69,5.499999999999999,5.79126834692715,5.712810112728686,0.29126834692715065,0.212810112728687,-0.07845823419846365,1,0,0,1
1170,1170.0,11.7,5.499999999999999,5.792639478518147,5.71208177025235,0.2926394785181481,0.2120817702523512,-0.08055770826579689,1,0,0,1
1171,1171.0,11.71,5.499999999999999,5.7939392107770935,5.711459534130565,0.2939392107770944,0.21145953413056606,-0.08247967664652833,1,0,0,1
1172,1172.0,11.72,5.499999999999999,5.7941125033295755,5.711703010379676,0.2941125033295764,0.21170301037967665,-0.08240949294989974,1,0,0,1
1173,1173.0,11.73,5.499999999999999,5.794443290336693,5.710980970623274,0.2944432903366936,0.21098097062327525,-0.08346231971341833,1,0,0,1
1174,1174.0,11.74,5.499999999999999,5.79549484294025,5.7100686560499865,0.29549484294025063,0.21006865604998737,-0.08542618689026327,1,0,0,1
1175,1175.0,11.75,5.499999999999999,5.797472047217756,5.708173604636146,0.2974720472177568,0.20817360463614687,-0.0892984425816099,1,0,0,1
1176,1176.0,11.76,5.499999999999999,5.799946551473652,5.7082956907996225,0.2999465514736528,0.2082956907996234,-0.09165086067402939,1,0,0,1
1177,1177.0,11.77,5.499999999999999,5.8010650066570335,5.708678641376842,0.3010650066570344,0.2086786413768431,-0.09238636528019128,1,0,0,1
1178,1178.0,11.78,5.499999999999999,5.801170183620572,5.708431774351021,0.3011701836205729,0.20843177435102156,-0.09273840926955135,1,0,0,1
1179,1179.0,11.79,5.499999999999999,5.801834480676886,5.709260982760589,0.3018344806768871,0.2092609827605898,-0.09257349791629732,1,0,0,1
1180,1180.0,11.8,5.499999999999999,5.803042877442763,5.707553945566727,0.30304287744276426,0.2075539455667279,-0.09548893187603635,1,0,0,1
1181,1181.0,11.81,5.499999999999999,5.804475035622112,5.7076349194842315,0.3044750356221133,0.2076349194842324,-0.0968401161378809,1,0,0,1
1182,1182.0,11.82,5.499999999999999,5.806076490372959,5.708347827469638,0.30607649037296003,0.2083478274696393,-0.09772866290332072,1,0,0,1
1183,1183.0,11.83,5.499999999999999,5.807250363248498,5.7078200269898,0.30725036324849864,0.2078200269898005,-0.09943033625869813,1,0,0,1
1184,1184.0,11.84,5.499999999999999,5.807723937301334,5.7084559837942885,0.3077239373013345,0.20845598379428942,-0.09926795350704509,1,0,0,1
1185,1185.0,11.85,5.499999999999999,5.8080486191962555,5.70733257865747,0.30804861919625637,0.20733257865747046,-0.10071604053878591,1,1,0,0
1186,1186.0,11.86,5.499999999999999,5.810139213716992,5.707731151970944,0.31013921371699293,0.20773115197094505,-0.10240806174604788,1,1,0,0
1187,1187.0,11.87,5.499999999999999,5.810298994951268,5.707247756696874,0.31029899495126845,0.20724775669687467,-0.10305123825439377,1,1,0,0
1188,1188.0,11.88,5.499999999999999,5.808025765113191,5.707259759068487,0.30802576511319213,0.2072597590684877,-0.10076600604470443,1,1,0,0
1189,1189.0,11.89,5.499999999999999,5.804576877048592,5.709309320972536,0.3045768770485928,0.20930932097253674,-0.09526755607605608,1,0,0,1
1190,1190.0,11.9,5.499999999999999,5.803773945917517,5.709257495478558,0.30377394591751816,0.20925749547855865,-0.09451645043895951,1,0,0,1
1191,1191.0,11.91,5.499999999999999,5.804778934177925,5.710510406965133,0.3047789341779259,0.2105104069651338,-0.09426852721279211,1,0,0,1
1192,1192.0,11.92,5.499999999999999,5.804542257027223,5.710450994927455,0.30454225702722404,0.21045099492745578,-0.09409126209976826,1,0,0,1
1193,1193.0,11.93,5.499999999999999,5.80431304937678,5.710744111319893,0.3043130493767805,0.2107441113198938,-0.09356893805688671,1,0,0,1
1194,1194.0,11.94,5.499999999999999,5.803756019200961,5.71143846099201,0.3037560192009616,0.21143846099201102,-0.0923175582089506,1,0,0,1
1195,1195.0,11.95,5.499999999999999,5.80412348633581,5.711026605779403,0.3041234863358113,0.2110266057794039,-0.09309688055640741,1,0,0,1
1196,1196.0,11.96,5.499999999999999,5.805436524213151,5.710976229272541,0.30543652421315226,0.2109762292725419,-0.09446029494061037,1,0,0,1
1197,1197.0,11.97,5.499999999999999,5.803289081925505,5.710814843698244,0.30328908192550585,0.21081484369824466,-0.0924742382272612,1,0,0,1
1198,1198.0,11.98,5.499999999999999,5.80029243054341,5.712470634484234,0.3002924305434105,0.21247063448423464,-0.08782179605917584,1,0,0,1
1199,1199.0,11.99,5.499999999999999,5.79898228202863,5.711793497221399,0.2989822820286312,0.21179349722140017,-0.08718878480723102,1,0,0,1
1200,1200.0,12.0,5.499999999999999,5.798338918020827,5.711981699435283,0.29833891802082757,0.21198169943528367,-0.0863572185855439,1,0,0,1
1201,1201.0,12.01,5.499999999999999,5.79776998526601,5.711669050866741,0.29776998526601073,0.2116690508667416,-0.08610093439926914,1,0,0,1
1202,1202.0,12.02,5.499999999999999,5.7942342544793695,5.710685674057506,0.29423425447937035,0.2106856740575065,-0.08354858042186386,1,0,0,1
1203,1203.0,12.03,5.499999999999999,5.790347562068726,5.711307382376128,0.29034756206872725,0.21130738237612867,-0.07904017969259858,1,0,0,1
1204,1204.0,12.04,5.499999999999999,5.787402771160921,5.710744064707999,0.28740277116092194,0.2107440647079999,-0.07665870645292205,1,0,0,1
1205,1205.0,12.05,5.499999999999999,5.783190708802888,5.710518616986711,0.28319070880288866,0.21051861698671193,-0.07267209181617673,1,0,0,1
1206,1206.0,12.06,5.499999999999999,5.7791306998118035,5.710628683495034,0.2791306998118044,0.2106286834950346,-0.06850201631676978,1,0,0,1
1207,1207.0,12.07,5.499999999999999,5.773284276030823,5.7112972611865365,0.2732842760308243,0.21129726118653736,-0.061987014844286925,1,0,0,1
1208,1208.0,12.08,5.499999999999999,5.767477614540035,5.711277734608688,0.26747761454003616,0.21127773460868848,-0.056199879931347674,1,0,0,1
1209,1209.0,12.09,5.499999999999999,5.761768673559579,5.711950231297304,0.26176867355957967,0.21195023129730473,-0.04981844226227494,1,0,0,1
1210,1210.0,12.1,5.499999999999999,5.755720404785514,5.711150360806532,0.2557204047855146,0.21115036080653304,-0.044570043978981566,1,0,0,1
1211,1211.0,12.11,5.499999999999999,5.751743780848071,5.709959793675852,0.2517437808480718,0.2099597936758526,-0.041783987172219206,1,0,0,1
1212,1212.0,12.12,5.499999999999999,5.7456289414822574,5.709575824035634,0.24562894148225833,0.20957582403563446,-0.03605311744662387,1,0,0,1
1213,1213.0,12.13,5.499999999999999,5.738953272854011,5.709924124210306,0.2389532728540118,0.20992412421030693,-0.029029148643704872,1,0,0,1
1214,1214.0,12.14,5.499999999999999,5.73278798225202,5.711082239310629,0.23278798225202113,0.2110822393106302,-0.021705742941390938,1,0,0,1
1215,1215.0,12.15,5.499999999999999,5.727233862039932,5.710339114804127,0.2272338620399328,0.21033911480412826,-0.01689474723580453,1,0,0,1
1216,1216.0,12.16,5.499999999999999,5.724635792009852,5.7117003099625,0.2246357920098525,0.21170030996250055,-0.012935482047351954,1,0,0,1
1217,1217.0,12.17,5.499999999999999,5.720072157216933,5.711526612355487,0.22007215721693374,0.2115266123554882,-0.008545544861445542,1,0,0,1
1218,1218.0,12.18,5.499999999999999,5.71417109293148,5.712384947223346,0.21417109293148062,0.212384947223347,-0.001786145708133624,1,0,0,1
1219,1219.0,12.19,5.499999999999999,5.708396159747393,5.711644636143907,0.20839615974739356,0.21164463614390794,0.003248476396514377,1,0,0,1
1220,1220.0,12.2,5.499999999999999,5.703273330877818,5.7112233560656245,0.20327333087781874,0.21122335606562537,0.00795002518780663,1,0,0,1
1221,1221.0,12.21,5.499999999999999,5.700541184414089,5.711957339905582,0.20054118441408963,0.21195733990558274,0.011416155491493107,1,0,0,1
1222,1222.0,12.22,5.499999999999999,5.6948994209593025,5.711522892996597,0.19489942095930335,0.211522892996598,0.01662347203729464,1,0,0,1
1223,1223.0,12.23,5.499999999999999,5.688720428200311,5.712200102052871,0.18872042820031165,0.2122001020528721,0.023479673852560445,1,0,0,1
1224,1224.0,12.24,5.499999999999999,5.682680580516863,5.712210334478449,0.1826805805168643,0.21221033447845006,0.029529753961585747,1,0,0,1
1225,1225.0,12.25,5.499999999999999,5.67733894881738,5.710729575446554,0.17733894881738088,0.21072957544655502,0.033390626629174136,1,0,0,1
1226,1226.0,12.26,5.499999999999999,5.675158716894491,5.710392004728665,0.17515871689449192,0.21039200472866604,0.03523328783417412,1,0,0,1
1227,1227.0,12.27,5.499999999999999,5.67006816729968,5.710474574147779,0.17006816729968133,0.2104745741477796,0.040406406848098264,1,0,0,1
1228,1228.0,12.28,5.499999999999999,5.663913951002849,5.711106296907499,0.16391395100284978,0.2111062969074995,0.04719234590464971,1,0,0,1
1229,1229.0,12.29,5.499999999999999,5.657728496307723,5.711069854924442,0.15772849630772345,0.21106985492444252,0.05334135861671907,1,0,0,1
1230,1230.0,12.3,5.499999999999999,5.652400928284271,5.7114825454198925,0.15240092828427176,0.21148254541989342,0.059081617135621656,1,0,0,1
1231,1231.0,12.31,5.499999999999999,5.649599677140428,5.712379017284466,0.14959967714042932,0.21237901728446662,0.0627793401440373,1,0,0,1
1232,1232.0,12.32,5.499999999999999,5.6433215711667,5.711565472999181,0.14332157116670086,0.21156547299918227,0.06824390183248141,1,0,0,1
1233,1233.0,12.33,5.499999999999999,5.636650450081165,5.710577423024141,0.1366504500811656,0.21057742302414173,0.07392697294297612,1,0,0,1
1234,1234.0,12.34,5.499999999999999,5.6295021573345245,5.709646161442303,0.12950215733452541,0.2096461614423042,0.08014400410777878,1,0,0,1
1235,1235.0,12.35,5.499999999999999,5.622848022863404,5.709613579826866,0.1228480228634048,0.20961357982686657,0.08676555696346178,1,0,0,1
1236,1236.0,12.36,5.499999999999999,5.619708827462022,5.708469842394499,0.1197088274620226,0.20846984239449995,0.08876101493247734,1,0,0,1
1237,1237.0,12.37,5.499999999999999,5.613418170312183,5.70840500884656,0.11341817031218415,0.20840500884656077,0.09498683853437662,1,0,0,1
1238,1238.0,12.38,5.499999999999999,5.605955958409862,5.7081504948590345,0.10595595840986327,0.20815049485903536,0.10219453644917209,1,0,1,0
1239,1239.0,12.39,5.499999999999999,5.598227004752164,5.708795941644157,0.0982270047521645,0.2087959416441576,0.1105689368919931,1,0,1,0
1240,1240.0,12.4,5.499999999999999,5.591122233893078,5.709361421529864,0.09112223389307861,0.2093614215298647,0.11823918763678609,1,0,1,0
1241,1241.0,12.41,5.499999999999999,5.586804899298468,5.708856885614206,0.08680489929846846,0.2088568856142068,0.12205198631573833,1,0,1,0
1242,1242.0,12.42,5.499999999999999,5.578461767681226,5.708882915606392,0.07846176768122692,0.2088829156063925,0.13042114792516557,1,0,1,0
1243,1243.0,12.43,5.499999999999999,5.569497503757601,5.709002478943459,0.069497503757602,0.2090024789434599,0.13950497518585792,1,0,1,0
1244,1244.0,12.44,5.499999999999999,5.5604829657608645,5.709691588959678,0.060482965760865426,0.20969158895967865,0.14920862319881323,1,0,1,0
1245,1245.0,12.45,5.499999999999999,5.552310578070839,5.7100012117143715,0.0523105780708395,0.21000121171437236,0.15769063364353286,1,0,1,0
1246,1246.0,12.46,5.499999999999999,5.548745444297638,5.710174462332686,0.04874544429763894,0.2101744623326871,0.16142901803504817,1,0,1,0
1247,1247.0,12.47,5.499999999999999,5.541570438126538,5.710994358773513,0.04157043812653871,0.21099435877351347,0.16942392064697476,1,0,1,0
1248,1248.0,12.48,5.499999999999999,5.532446318333792,5.711391811291257,0.0324463183337933,0.21139181129125806,0.17894549295746476,1,0,1,0
1249,1249.0,12.49,5.499999999999999,5.522964572413262,5.711006360145234,0.02296457241326255,0.21100636014523477,0.18804178773197222,1,0,1,0
1250,1250.0,12.5,5.499999999999999,5.5146890899681384,5.711413196773073,0.014689089968139335,0.21141319677307369,0.19672410680493435,1,0,1,0
1251,1251.0,12.51,5.499999999999999,5.509824676415745,5.7119700015161605,0.009824676415745692,0.2119700015161614,0.20214532510041572,1,0,1,0
1252,1252.0,12.52,5.499999999999999,5.500944870243591,5.710601093709734,0.0009448702435914669,0.21060109370973468,0.2096562234661432,1,0,1,0
1253,1253.0,12.53,5.499999999999999,5.491478154073876,5.711889113271877,0.008521845926122928,0.21188911327187832,0.2033672673457554,1,0,1,0
1254,1254.0,12.54,5.499999999999999,5.481568648490693,5.711381255058697,0.01843135150930575,0.21138125505869798,0.19294990354939223,1,0,1,0
1255,1255.0,12.55,5.499999999999999,5.472246076840847,5.711317997663415,0.02775392315915237,0.21131799766341608,0.1835640745042637,1,0,1,0
1256,1256.0,12.56,5.499999999999999,5.466818537736196,5.711316296087946,0.03318146226380314,0.2113162960879471,0.17813483382414397,1,0,1,0
1257,1257.0,12.57,5.499999999999999,5.45741844816466,5.709549370797039,0.042581551835339404,0.20954937079704017,0.16696781896170076,1,0,1,0
1258,1258.0,12.58,5.499999999999999,5.447274654240528,5.709718221357008,0.05272534575947141,0.2097182213570088,0.15699287559753738,1,0,1,0
1259,1259.0,12.59,5.499999999999999,5.436564880765299,5.709927769740673,0.06343511923470047,0.20992776974067429,0.14649265050597382,1,0,1,0
1260,1260.0,12.6,5.499999999999999,5.427325650961401,5.710840350019082,0.07267434903859815,0.2108403500190832,0.13816600098048504,1,0,1,0
1261,1261.0,12.61,5.499999999999999,5.420706215636325,5.7093004506354745,0.07929378436367429,0.20930045063547542,0.13000666627180113,1,0,1,0
1262,1262.0,12.62,5.499999999999999,5.409679632427335,5.707117046768315,0.09032036757266404,0.20711704676831566,0.11679667919565162,1,0,1,0
1263,1263.0,12.63,5.499999999999999,5.398610005617017,5.706833663708904,0.10138999438298235,0.2068336637089052,0.10544366932592286,1,0,1,0
1264,1264.0,12.64,5.499999999999999,5.387457026505386,5.705756277192153,0.11254297349461329,0.20575627719215372,0.09321330369754044,1,0,0,1
1265,1265.0,12.65,5.499999999999999,5.3767600907773705,5.705875300945386,0.12323990922262862,0.20587530094538664,0.08263539172275802,1,0,0,1
1266,1266.0,12.66,5.499999999999999,5.370492959797263,5.705458083854503,0.1295070402027365,0.20545808385450393,0.07595104365176741,1,0,0,1
1267,1267.0,12.67,5.499999999999999,5.361284262061713,5.705940922385506,0.13871573793828595,0.20594092238550665,0.0672251844472207,1,0,0,1
1268,1268.0,12.68,5.499999999999999,5.351559551169739,5.706734235495625,0.14844044883025997,0.20673423549562564,0.058293786665365666,1,0,0,1
1269,1269.0,12.69,5.499999999999999,5.340606253619339,5.7063358870968415,0.15939374638066006,0.20633588709684236,0.0469421407161823,1,0,0,1
1270,1270.0,12.7,5.499999999999999,5.330638066975673,5.706172440872816,0.16936193302432567,0.20617244087281694,0.03681050784849127,1,0,0,1
1271,1271.0,12.71,5.499999999999999,5.324523757954715,5.705446474892872,0.175476242045284,0.20544647489287282,0.029970232847588818,1,0,0,1
1272,1272.0,12.72,5.499999999999999,5.313354365630685,5.706165507063413,0.18664563436931392,0.20616550706341386,0.019519872694099938,1,0,0,1
1273,1273.0,12.73,5.499999999999999,5.301285739827949,5.705416795163531,0.19871426017204996,0.20541679516353195,0.00670253499148199,1,0,0,1
1274,1274.0,12.74,5.499999999999999,5.290597256392538,5.705207998099599,0.2094027436074608,0.2052079980996,-0.004194745507860809,1,0,0,1
1275,1275.0,12.75,5.499999999999999,5.280609145698484,5.704564527698707,0.2193908543015155,0.20456452769870825,-0.01482632660280725,1,0,0,1
1276,1276.0,12.76,5.499999999999999,5.274661127171625,5.705526220155154,0.22533887282837384,0.20552622015515531,-0.019812652673218523,1,0,0,1
1277,1277.0,12.77,5.499999999999999,5.2669442477199055,5.706743393686517,0.23305575228009356,0.2067433936865175,-0.026312358593576057,1,0,0,1
1278,1278.0,12.78,5.499999999999999,5.254888368158209,5.706138647819774,0.24511163184179008,0.20613864781977487,-0.03897298402201521,1,0,0,1
1279,1279.0,12.79,5.499999999999999,5.24211152350872,5.706410166248333,0.2578884764912788,0.2064101662483342,-0.05147831024294458,1,0,0,1
1280,1280.0,12.8,5.499999999999999,5.231831543824252,5.706680813480968,0.26816845617574714,0.20668081348096923,-0.06148764269477791,1,0,0,1
1281,1281.0,12.81,5.499999999999999,5.225731271916746,5.706784424674847,0.2742687280832534,0.20678442467484803,-0.06748430340840539,1,0,0,1
1282,1282.0,12.82,5.499999999999999,5.214815195273608,5.705666968922924,0.2851848047263914,0.2056669689229249,-0.0795178358034665,1,0,0,1
1283,1283.0,12.83,5.499999999999999,5.202702917857061,5.705242009284379,0.29729708214293815,0.20524200928437963,-0.09205507285855852,1,0,0,1
1284,1284.0,12.84,5.499999999999999,5.19007385276306,5.706721551589608,0.309926147236939,0.2067215515896086,-0.10320459564733042,1,1,0,0
1285,1285.0,12.85,5.499999999999999,5.178627003990703,5.707256412072187,0.3213729960092957,0.20725641207218803,-0.11411658393710766,1,1,0,0
1286,1286.0,12.86,5.499999999999999,5.172463040985238,5.70866186000812,0.3275369590147612,0.20866186000812093,-0.11887509900664028,1,1,0,0
1287,1287.0,12.87,5.499999999999999,5.163566855486325,5.707859460346498,0.33643314451367434,0.20785946034649871,-0.12857368416717563,1,1,0,0
1288,1288.0,12.88,5.499999999999999,5.150909434657856,5.708066446563246,0.3490905653421432,0.20806644656324647,-0.14102411877889676,1,1,0,0
1289,1289.0,12.89,5.499999999999999,5.137762202933394,5.7065341713254,0.3622377970666051,0.20653417132540053,-0.15570362574120455,1,1,0,0
1290,1290.0,12.9,5.499999999999999,5.126481512262902,5.7079605546598025,0.3735184877370967,0.20796055465980334,-0.16555793307729338,1,1,0,0
1291,1291.0,12.91,5.499999999999999,5.119768338239885,5.70744286888625,0.38023166176011447,0.2074428688862513,-0.17278879287386317,1,1,0,0
1292,1292.0,12.92,5.499999999999999,5.110206891156247,5.70771092866765,0.38979310884375185,0.20771092866765084,-0.182082180176101,1,1,0,0
1293,1293.0,12.93,5.499999999999999,5.097345802879355,5.707681681140606,0.4026541971206443,0.20768168114060703,-0.1949725159800373,1,1,0,0
1294,1294.0,12.94,5.499999999999999,5.084355665752476,5.706956178298346,0.41564433424752334,0.20695617829834667,-0.20868815594917667,1,1,0,0
1295,1295.0,12.95,5.499999999999999,5.072407709904528,5.7073519748328,0.42759229009547095,0.2073519748328012,-0.22024031526266974,1,1,0,0
1296,1296.0,12.96,5.499999999999999,5.0672869630008375,5.708656491232933,0.43271303699916164,0.20865649123293384,-0.2240565457662278,1,1,0,0
1297,1297.0,12.97,5.499999999999999,5.0596483902567115,5.708768016369281,0.4403516097432876,0.208768016369282,-0.23158359337400558,1,1,0,0
1298,1298.0,12.98,5.499999999999999,5.050544310530441,5.707332263995208,0.4494556894695583,0.20733226399520888,-0.2421234254743494,1,1,0,0
1299,1299.0,12.99,5.499999999999999,5.037049695455721,5.7099418029039875,0.462950304544278,0.20994180290398834,-0.25300850164028965,1,1,0,0
1300,1300.0,13.0,5.499999999999999,5.025673522665033,5.710538935831038,0.4743264773349658,0.210538935831039,-0.2637875415039268,1,1,0,0
1301,1301.0,13.01,5.499999999999999,5.0204972772002785,5.709820277509179,0.4795027227997206,0.20982027750917975,-0.26968244529054086,1,1,0,0
1302,1302.0,13.02,5.499999999999999,5.014199277388289,5.70945226204344,0.48580072261171026,0.20945226204344092,-0.27634846056826934,1,1,0,0
1303,1303.0,13.03,5.499999999999999,5.006398488951006,5.7094840044986395,0.4936015110489933,0.20948400449864035,-0.28411750655035295,1,1,0,0
1304,1304.0,13.04,5.499999999999999,4.995531216426967,5.709618507405487,0.5044687835730324,0.20961850740548815,-0.2948502761675442,1,1,0,0
1305,1305.0,13.05,5.499999999999999,4.983984739899398,5.710388935675898,0.516015260100601,0.21038893567589856,-0.3056263244247024,1,1,0,0
1306,1306.0,13.06,5.499999999999999,4.979359174223343,5.709640318103107,0.5206408257766562,0.20964031810310768,-0.3110005076735485,1,1,0,0
1307,1307.0,13.07,5.499999999999999,4.971279702768512,5.707910539763311,0.5287202972314873,0.2079105397633123,-0.32080975746817497,1,1,0,0
1308,1308.0,13.08,5.499999999999999,4.96249553061261,5.706279161780718,0.5375044693873887,0.20627916178071892,-0.3312253076066698,1,1,0,0
1309,1309.0,13.09,5.499999999999999,4.953854796364647,5.705715638657171,0.5461452036353522,0.20571563865717213,-0.3404295649781801,1,1,0,0
1310,1310.0,13.1,5.499999999999999,4.942357752421029,5.704866058955195,0.5576422475789702,0.20486605895519627,-0.3527761886237739,1,1,0,0
1311,1311.0,13.11,5.499999999999999,4.935521228842853,5.704684273094564,0.5644787711571464,0.20468427309456505,-0.35979449806258135,1,1,0,0
1312,1312.0,13.12,5.499999999999999,4.926319543484024,5.704090381899561,0.5736804565159748,0.20409038189956163,-0.36959007461641313,1,1,0,0
1313,1313.0,13.13,5.499999999999999,4.918629234779123,5.7050194698142205,0.5813707652208757,0.20501946981422137,-0.37635129540665435,1,1,0,0
1314,1314.0,13.14,5.499999999999999,4.908042552209433,5.706220140310658,0.5919574477905662,0.20622014031065916,-0.3857373074799071,1,1,0,0
1315,1315.0,13.15,5.499999999999999,4.896564911959091,5.705838053739286,0.6034350880409081,0.20583805373928676,-0.3975970343016213,1,1,0,0
1316,1316.0,13.16,5.499999999999999,4.892203445387788,5.706068127993294,0.6077965546122108,0.2060681279932952,-0.4017284266189156,1,1,0,0
1317,1317.0,13.17,5.499999999999999,4.886966033431972,5.706275264150931,0.6130339665680271,0.206275264150932,-0.4067587024170951,1,1,0,0
1318,1318.0,13.18,5.499999999999999,4.880255350410911,5.7075255271518275,0.6197446495890881,0.20752552715182837,-0.4122191224372598,1,1,0,0
1319,1319.0,13.19,5.499999999999999,4.873445740526112,5.70713465998328,0.6265542594738873,0.2071346599832813,-0.41941959949060603,1,1,0,0
1320,1320.0,13.2,5.499999999999999,4.867109861988773,5.707197291154811,0.6328901380112262,0.2071972911548121,-0.42569284685641406,1,1,0,0
1321,1321.0,13.21,5.499999999999999,4.86231186467171,5.708139352931871,0.6376881353282888,0.20813935293187225,-0.4295487823964166,1,1,0,0
1322,1322.0,13.22,5.499999999999999,4.855157073493604,5.706802684457975,0.6448429265063949,0.20680268445797623,-0.4380402420484186,1,1,0,0
1323,1323.0,13.23,5.499999999999999,4.848783614556782,5.707274430639987,0.6512163854432167,0.20727443063998763,-0.44394195480322907,1,1,0,0
1324,1324.0,13.24,5.499999999999999,4.842667693556528,5.70660324961005,0.6573323064434708,0.20660324961005117,-0.4507290568334197,1,1,0,0
1325,1325.0,13.25,5.499999999999999,4.834259001950099,5.706614242469443,0.6657409980499001,0.2066142424694437,-0.45912675558045635,1,1,0,0
1326,1326.0,13.26,5.499999999999999,4.831830247092952,5.707737773830593,0.6681697529070467,0.2077377738305941,-0.4604319790764526,1,1,0,0
1327,1327.0,13.27,5.499999999999999,4.827118879623941,5.707681195864633,0.6728811203760579,0.20768119586463385,-0.465199924511424,1,1,0,0
1328,1328.0,13.28,5.499999999999999,4.821345522019538,5.70931320133291,0.6786544779804613,0.2093132013329111,-0.4693412766475502,1,1,0,0
1329,1329.0,13.29,5.499999999999999,4.815073771686715,5.7110787940951235,0.6849262283132838,0.21107879409512442,-0.47384743421815934,1,1,0,0
1330,1330.0,13.3,5.499999999999999,4.809843857015332,5.7109534878531125,0.6901561429846668,0.2109534878531134,-0.47920265513155336,1,1,0,0
1331,1331.0,13.31,5.499999999999999,4.8075154134639755,5.7097769439064425,0.6924845865360236,0.2097769439064434,-0.4827076426295802,1,1,0,0
1332,1332.0,13.32,5.499999999999999,4.801922393901635,5.70956800013315,0.698077606098364,0.20956800013315124,-0.48850960596521276,1,1,0,0
1333,1333.0,13.33,5.499999999999999,4.796472737794821,5.711076053278166,0.7035272622051778,0.21107605327816703,-0.4924512089270108,1,1,0,0
1334,1334.0,13.34,5.499999999999999,4.790905027436013,5.711477679569411,0.7090949725639861,0.21147767956941177,-0.49761729299457436,1,1,0,0
1335,1335.0,13.35,5.499999999999999,4.786676730823969,5.710198024747476,0.7133232691760298,0.21019802474747706,-0.5031252444285528,1,1,0,0
1336,1336.0,13.36,5.499999999999999,4.784947387802524,5.710663580498244,0.715052612197475,0.2106635804982453,-0.5043890316992297,1,1,0,0
1337,1337.0,13.37,5.499999999999999,4.779829280264028,5.711426047528685,0.7201707197359708,0.2114260475286862,-0.5087446722072846,1,1,0,0
1338,1338.0,13.38,5.499999999999999,4.773776887923196,5.710978268691393,0.726223112076803,0.21097826869139347,-0.5152448433854095,1,1,0,0
1339,1339.0,13.39,5.499999999999999,4.767349344396558,5.710849105647009,0.7326506556034413,0.21084910564700987,-0.5218015499564315,1,1,0,0
1340,1340.0,13.4,5.499999999999999,4.7617233949825595,5.709713707133544,0.7382766050174396,0.2097137071335453,-0.5285628978838943,1,1,0,0
1341,1341.0,13.41,5.499999999999999,4.7583437931417265,5.709474922032244,0.7416562068582726,0.2094749220322445,-0.5321812848260281,1,1,0,0
1342,1342.0,13.42,5.499999999999999,4.751989394075391,5.708419997525458,0.7480106059246081,0.2084199975254588,-0.5395906083991493,1,1,0,0
1343,1343.0,13.43,5.499999999999999,4.74570958235545,5.707272646850322,0.7542904176445493,0.2072726468503232,-0.5470177707942261,1,1,0,0
1344,1344.0,13.44,5.499999999999999,4.739510668691987,5.705846810056968,0.7604893313080119,0.20584681005696925,-0.5546425212510426,1,1,0,0
1345,1345.0,13.45,5.499999999999999,4.73402175334525,5.704361926435114,0.7659782466547487,0.20436192643511486,-0.5616163202196338,1,1,0,0
1346,1346.0,13.46,5.499999999999999,4.731306638558419,5.704067915447363,0.7686933614415805,0.20406791544736347,-0.564625445994217,1,1,0,0
1347,1347.0,13.47,5.499999999999999,4.72617377820734,5.703669433727215,0.7738262217926595,0.20366943372721558,-0.5701567880654439,1,1,0,0
1348,1348.0,13.48,5.499999999999999,4.719975682891748,5.702955283901681,0.7800243171082508,0.20295528390168194,-0.5770690332065689,1,1,0,0
1349,1349.0,13.49,5.499999999999999,4.713462494067891,5.702659949993823,0.7865375059321078,0.20265994999382375,-0.583877555938284,1,1,0,0
1350,1350.0,13.5,5.499999999999999,4.707534159657856,5.702961089393234,0.7924658403421434,0.2029610893932352,-0.5895047509489082,1,1,0,0
1351,1351.0,13.51,5.499999999999999,4.703816842418952,5.704163277833784,0.796183157581047,0.20416327783378474,-0.5920198797472622,1,1,0,0
1352,1352.0,13.52,5.499999999999999,4.697613872946987,5.7044635708649585,0.8023861270530119,0.20446357086495937,-0.5979225561880526,1,1,0,0
1353,1353.0,13.53,5.499999999999999,4.6915258422284865,5.704857125818699,0.8084741577715127,0.20485712581869997,-0.6036170319528127,1,1,0,0
1354,1354.0,13.54,5.499999999999999,4.685014938293302,5.704937416546525,0.8149850617066967,0.2049374165465263,-0.6100476451601704,1,1,0,0
1355,1355.0,13.55,5.499999999999999,4.679544895439457,5.7060416468181305,0.8204551045605424,0.20604164681813142,-0.614413457742411,1,1,0,0
1356,1356.0,13.56,5.499999999999999,4.676632067164013,5.705098499192398,0.8233679328359864,0.20509849919239898,-0.6182694336435874,1,1,0,0
1357,1357.0,13.57,5.499999999999999,4.6716481137473655,5.70454701393433,0.8283518862526336,0.20454701393433083,-0.6238048723183027,1,1,0,0
1358,1358.0,13.58,5.499999999999999,4.66544685973327,5.704450620825048,0.8345531402667294,0.20445062082504872,-0.6301025194416807,1,1,0,0
1359,1359.0,13.59,5.499999999999999,4.659068498548284,5.7029260321976025,0.8409315014517151,0.2029260321976034,-0.6380054692541117,1,1,0,0
1360,1360.0,13.6,5.499999999999999,4.653808161861472,5.703218763790386,0.8461918381385267,0.20321876379038706,-0.6429730743481397,1,1,0,0
1361,1361.0,13.61,5.499999999999999,4.65075822525702,5.702742767698921,0.8492417747429792,0.20274276769892197,-0.6464990070440573,1,1,0,0
1362,1362.0,13.62,5.499999999999999,4.645353492837242,5.703062082038684,0.8546465071627569,0.20306208203868525,-0.6515844251240717,1,1,0,0
1363,1363.0,13.63,5.499999999999999,4.639690133221568,5.705600326230551,0.8603098667784312,0.20560032623055147,-0.6547095405478798,1,1,0,0
1364,1364.0,13.64,5.499999999999999,4.633748961907942,5.7058131881667595,0.8662510380920567,0.20581318816676042,-0.6604378499252963,1,1,0,0
1365,1365.0,13.65,5.499999999999999,4.629137273682535,5.707817462310633,0.8708627263174638,0.2078174623106337,-0.6630452640068301,1,1,0,0
1366,1366.0,13.66,5.499999999999999,4.62672021157854,5.708400502182232,0.8732797884214589,0.20840050218223283,-0.6648792862392261,1,1,0,0
1367,1367.0,13.67,5.499999999999999,4.62222393616769,5.709619606425027,0.8777760638323091,0.20961960642502753,-0.6681564574072816,1,1,0,0
1368,1368.0,13.68,5.499999999999999,4.616507683085281,5.709928215273744,0.883492316914718,0.20992821527374517,-0.6735641016409728,1,1,0,0
1369,1369.0,13.69,5.499999999999999,4.610605273730584,5.709774975842173,0.8893947262694155,0.20977497584217364,-0.6796197504272419,1,1,0,0
1370,1370.0,13.7,5.499999999999999,4.6061072619499015,5.71093623612782,0.8938927380500976,0.21093623612782064,-0.682956501922277,1,1,0,0
1371,1371.0,13.71,5.499999999999999,4.603674773435256,5.711010332683758,0.896325226564743,0.21101033268375868,-0.6853148938809843,1,1,0,0
1372,1372.0,13.72,5.499999999999999,4.598868067164509,5.7088880783628335,0.9011319328354901,0.2088880783628344,-0.6922438544726557,1,1,0,0
1373,1373.0,13.73,5.499999999999999,4.594118837869309,5.7094267016698605,0.9058811621306901,0.20942670166986144,-0.6964544604608287,1,1,0,0
1374,1374.0,13.74,5.499999999999999,4.588839680437775,5.710592585302823,0.9111603195622244,0.2105925853028241,-0.7005677342594003,1,1,0,0
1375,1375.0,13.75,5.499999999999999,4.584869876386246,5.710295894870786,0.9151301236137535,0.2102958948707867,-0.7048342287429668,1,1,0,0
1376,1376.0,13.76,5.499999999999999,4.582937264796739,5.709896448344721,0.9170627352032605,0.20989644834472188,-0.7071662868585387,1,1,0,0
1377,1377.0,13.77,5.499999999999999,4.5787057605629835,5.708917189770376,0.9212942394370156,0.20891718977037677,-0.7123770496666388,1,1,0,0
1378,1378.0,13.78,5.499999999999999,4.573926456888322,5.709246328885585,0.9260735431116771,0.2092463288855857,-0.7168272142260914,1,1,0,0
1379,1379.0,13.79,5.499999999999999,4.5685008839655,5.709180676804066,0.931499116034499,0.20918067680406693,-0.722318439230432,1,1,0,0
1380,1380.0,13.8,5.499999999999999,4.564516420759281,5.707231681598701,0.9354835792407181,0.2072316815987021,-0.728251897642016,1,1,0,0
1381,1381.0,13.81,5.499999999999999,4.562642978571909,5.705521746960632,0.93735702142809,0.20552174696063297,-0.731835274467457,1,1,0,0
1382,1382.0,13.82,5.499999999999999,4.558436085093198,5.706032336869379,0.9415639149068014,0.20603233686937994,-0.7355315780374214,1,1,0,0
1383,1383.0,13.83,5.499999999999999,4.55376077037775,5.705962597678255,0.9462392296222495,0.20596259767825575,-0.7402766319439937,1,1,0,0
1384,1384.0,13.84,5.499999999999999,4.548760210834989,5.7054365598964605,0.95123978916501,0.20543655989646137,-0.7458032292685486,1,1,0,0
1385,1385.0,13.85,5.499999999999999,4.544977408158007,5.7050325978015755,0.9550225918419919,0.20503259780157634,-0.7499899940404156,1,1,0,0
1386,1386.0,13.86,5.499999999999999,4.5432065144219855,5.701566265489401,0.9567934855780136,0.2015662654894017,-0.7552272200886119,1,1,0,0
1387,1387.0,13.87,5.499999999999999,4.539374341086406,5.702330924146985,0.9606256589135933,0.2023309241469855,-0.7582947347666078,1,1,0,0
1388,1388.0,13.88,5.499999999999999,4.534874310534357,5.7025247904691945,0.9651256894656424,0.20252479046919536,-0.762600898996447,1,1,0,0
1389,1389.0,13.89,5.499999999999999,4.529742398075751,5.702405998493684,0.9702576019242484,0.2024059984936848,-0.7678516034305636,1,1,0,0
1390,1390.0,13.9,5.499999999999999,4.525998937993698,5.702562603927294,0.9740010620063009,0.2025626039272952,-0.7714384580790057,1,1,0,0
1391,1391.0,13.91,5.499999999999999,4.524046684139002,5.702812346741907,0.9759533158609974,0.20281234674190785,-0.7731409691190896,1,1,0,0
1392,1392.0,13.92,5.499999999999999,4.5196476146470665,5.703735895506422,0.9803523853529326,0.2037358955064228,-0.7766164898465098,1,1,0,0
1393,1393.0,13.93,5.499999999999999,4.515424450092489,5.7013452949729615,0.9845755499075102,0.20134529497296239,-0.7832302549345478,1,1,0,0
1394,1394.0,13.94,5.499999999999999,4.510798964498847,5.7003692278415405,0.9892010355011518,0.20036922784154143,-0.7888318076596104,1,1,0,0
1395,1395.0,13.95,5.499999999999999,4.507459473957347,5.701117345417246,0.9925405260426521,0.2011173454172468,-0.7914231806254053,1,1,0,0
1396,1396.0,13.96,5.499999999999999,4.505771483145577,5.70030910915119,0.994228516854422,0.20030910915119104,-0.793919407703231,1,1,0,0
1397,1397.0,13.97,5.499999999999999,4.5021499041739315,5.700921646666721,0.9978500958260677,0.20092164666672208,-0.7969284491593456,1,1,0,0
1398,1398.0,13.98,5.499999999999999,4.497685481210937,5.7009374493237726,1.0023145187890625,0.20093744932377344,-0.8013770694652891,1,1,0,0
1399,1399.0,13.99,5.499999999999999,4.492777785787622,5.700982413898714,1.0072222142123772,0.20098241389871507,-0.8062398003136622,1,1,0,0
1400,1400.0,14.0,5.499999999999999,4.48900287557276,5.702260545430871,1.0109971244272389,0.2022605454308719,-0.808736578996367,1,1,0,0
1401,1401.0,14.01,5.499999999999999,4.486884560030792,5.70260021321308,1.0131154399692068,0.2026002132130813,-0.8105152267561255,1,1,0,0
1402,1402.0,14.02,5.499999999999999,4.482517600818838,5.700059176083558,1.0174823991811612,0.20005917608355883,-0.8174232230976024,1,1,0,0
1403,1403.0,14.03,5.499999999999999,4.478748651964275,5.699723385807345,1.0212513480357241,0.19972338580734572,-0.8215279622283784,1,1,0,0
1404,1404.0,14.04,5.499999999999999,4.474007680687426,5.701183244151339,1.0259923193125733,0.20118324415133948,-0.8248090751612338,1,1,0,0
1405,1405.0,14.05,5.499999999999999,4.4707692260033935,5.702028345650178,1.0292307739966056,0.20202834565017902,-0.8272024283464265,1,1,0,0
1406,1406.0,14.06,5.499999999999999,4.469090907895808,5.701143962865402,1.0309090921041912,0.2011439628654026,-0.8297651292387886,1,1,0,0
1407,1407.0,14.07,5.499999999999999,4.465668365060532,5.70137830130864,1.0343316349394671,0.2013783013086412,-0.8329533336308259,1,1,0,0
1408,1408.0,14.08,5.499999999999999,4.461833056375285,5.700937985396045,1.0381669436247138,0.20093798539604624,-0.8372289582286676,1,1,0,0
1409,1409.0,14.09,5.499999999999999,4.457757277782752,5.701844668919233,1.0422427222172468,0.20184466891923414,-0.8403980532980126,1,1,0,0
1410,1410.0,14.1,5.499999999999999,4.454790959860249,5.702672241695968,1.04520904013975,0.20267224169596876,-0.8425367984437813,1,1,0,0
1411,1411.0,14.11,5.499999999999999,4.45325801389929,5.702810031616921,1.0467419861007095,0.2028100316169219,-0.8439319544837875,1,1,0,0
1412,1412.0,14.12,5.499999999999999,4.4496736287343746,5.702944513570462,1.0503263712656246,0.20294451357046306,-0.8473818576951615,1,1,0,0
1413,1413.0,14.13,5.499999999999999,4.446526548774405,5.702570140066648,1.053473451225594,0.20257014006664864,-0.8509033111589455,1,1,0,0
1414,1414.0,14.14,5.499999999999999,4.442676099303085,5.702248628024464,1.0573239006969137,0.2022486280244653,-0.8550752726724484,1,1,0,0
1415,1415.0,14.15,5.499999999999999,4.439969594105879,5.702025256379501,1.0600304058941203,0.20202525637950153,-0.8580051495146188,1,1,0,0
1416,1416.0,14.16,5.499999999999999,4.438463909150248,5.701500454863912,1.061536090849751,0.201500454863913,-0.8600356359858381,1,1,0,0
1417,1417.0,14.17,5.499999999999999,4.435154188487943,5.700009244754669,1.0648458115120558,0.20000924475466952,-0.8648365667573863,1,1,0,0
1418,1418.0,14.18,5.499999999999999,4.431321051663562,5.698705541020082,1.0686789483364372,0.1987055410200833,-0.8699734073163539,1,1,0,0
1419,1419.0,14.19,5.499999999999999,4.42687953613576,5.698801297528488,1.0731204638642389,0.19880129752848852,-0.8743191663357504,1,1,0,0
1420,1420.0,14.2,5.499999999999999,4.423736423504695,5.699835637267295,1.076263576495304,0.19983563726729603,-0.8764279392280079,1,1,0,0
1421,1421.0,14.21,5.499999999999999,4.421763447191712,5.699795791630157,1.0782365528082867,0.19979579163015782,-0.8784407611781289,1,1,0,0
1422,1422.0,14.22,5.499999999999999,4.418165419856352,5.699307556487409,1.0818345801436475,0.19930755648741005,-0.8825270236562375,1,1,0,0
1423,1423.0,14.23,5.499999999999999,4.414765778223061,5.697695085147492,1.085234221776938,0.197695085147493,-0.887539136629445,1,1,0,0
1424,1424.0,14.24,5.499999999999999,4.411186304330109,5.697756169897609,1.0888136956698897,0.1977561698976098,-0.8910575257722799,1,1,0,0
1425,1425.0,14.25,5.499999999999999,4.407387356427292,5.697928591141163,1.092612643572707,0.19792859114116368,-0.8946840524315434,1,1,0,0
1426,1426.0,14.26,5.499999999999999,4.405600686803198,5.697108411328475,1.094399313196801,0.19710841132847623,-0.8972909018683248,1,1,0,0
1427,1427.0,14.27,5.499999999999999,4.402145734486659,5.697573560401867,1.09785426551334,0.19757356040186824,-0.9002807051114718,1,1,0,0
1428,1428.0,14.28,5.499999999999999,4.398656154328091,5.69783574264812,1.1013438456719085,0.1978357426481212,-0.9035081030237873,1,1,0,0
1429,1429.0,14.29,5.499999999999999,4.39471238704627,5.6983451715894935,1.1052876129537292,0.19834517158949438,-0.9069424413642349,1,1,0,0
1430,1430.0,14.3,5.499999999999999,4.391270906334871,5.6985905495276965,1.1087290936651284,0.1985905495276974,-0.910138544137431,1,1,0,0
1431,1431.0,14.31,5.499999999999999,4.3895956741311535,5.698003018186875,1.1104043258688456,0.19800301818687593,-0.9124013076819697,1,1,0,0
1432,1432.0,14.32,5.499999999999999,4.386317527357252,5.699997854211259,1.113682472642747,0.1999978542112597,-0.9136846184314873,1,1,0,0
1433,1433.0,14.33,5.499999999999999,4.383052024614404,5.699417730730493,1.116947975385595,0.1994177307304943,-0.9175302446551008,1,1,0,0
1434,1434.0,14.34,5.499999999999999,4.379469380420247,5.699746170196258,1.1205306195797524,0.19974617019625907,-0.9207844493834934,1,1,0,0
1435,1435.0,14.35,5.499999999999999,4.3765212896062184,5.700018154141933,1.1234787103937807,0.2000181541419339,-0.9234605562518468,1,1,0,0
1436,1436.0,14.36,5.499999999999999,4.374317607124392,5.700517526019191,1.125682392875607,0.20051752601919226,-0.9251648668564147,1,1,0,0
1437,1437.0,14.37,5.499999999999999,4.370960011238376,5.702141948317706,1.1290399887616234,0.20214194831770715,-0.9268980404439162,1,1,0,0
1438,1438.0,14.38,5.499999999999999,4.367216982089225,5.701495985810734,1.132783017910774,0.2014959858107348,-0.9312870321000393,1,1,0,0
1439,1439.0,14.39,5.499999999999999,4.36283964319008,5.7004773318275905,1.1371603568099191,0.20047733182759142,-0.9366830249823277,1,1,0,0
1440,1440.0,14.4,5.499999999999999,4.359315638615791,5.6995242166729865,1.1406843613842081,0.19952421667298736,-0.9411601447112208,1,1,0,0
1441,1441.0,14.41,5.499999999999999,4.357334749020919,5.700459493684641,1.1426652509790802,0.200459493684642,-0.9422057572944382,1,1,0,0
1442,1442.0,14.42,5.499999999999999,4.354040649740075,5.699797080708197,1.1459593502599237,0.19979708070819768,-0.946162269551726,1,1,0,0
1443,1443.0,14.43,5.499999999999999,4.350765974684209,5.698915484225474,1.1492340253157902,0.19891548422547523,-0.950318541090315,1,1,0,0
1444,1444.0,14.44,5.499999999999999,4.34727880723054,5.699136978629753,1.1527211927694587,0.19913697862975432,-0.9535842141397044,1,1,0,0
1445,1445.0,14.45,5.499999999999999,4.345111626625679,5.700099230132064,1.1548883733743205,0.2000992301320652,-0.9547891432422553,1,1,0,0
1446,1446.0,14.46,5.499999999999999,4.344206622428491,5.701092778967403,1.1557933775715084,0.20109277896740352,-0.9547005986041048,1,1,0,0
1447,1447.0,14.47,5.499999999999999,4.341499908101241,5.700895002024178,1.158500091898758,0.2008950020241791,-0.9576050898745789,1,1,0,0
1448,1448.0,14.48,5.499999999999999,4.336338602665813,5.700055872648344,1.1636613973341863,0.20005587264834457,-0.9636055246858417,1,1,0,0
1449,1449.0,14.49,5.499999999999999,4.331460675320384,5.700261125471174,1.1685393246796147,0.20026112547117503,-0.9682781992084397,1,1,0,0
1450,1450.0,14.5,5.499999999999999,4.327707481093349,5.699553948139172,1.1722925189066498,0.19955394813917327,-0.9727385707674765,1,1,0,0
1451,1451.0,14.51,5.499999999999999,4.324556376474238,5.6986605078834005,1.1754436235257613,0.1986605078834014,-0.9767831156423599,1,1,0,0
1452,1452.0,14.52,5.499999999999999,4.321058840702907,5.698484571830601,1.178941159297092,0.19848457183060209,-0.9804565874664899,1,1,0,0
1453,1453.0,14.53,5.499999999999999,4.3177114055251815,5.698591593461802,1.1822885944748176,0.19859159346180277,-0.9836970010130148,1,1,0,0
1454,1454.0,14.54,5.499999999999999,4.31415130504104,5.697453264998264,1.1858486949589588,0.19745326499826454,-0.9883954299606943,1,1,0,0
1455,1455.0,14.55,5.499999999999999,4.311911271944568,5.696139683776371,1.1880887280554315,0.19613968377637203,-0.9919490442790595,1,1,0,0
1456,1456.0,14.56,5.499999999999999,4.310722280612955,5.69683381337972,1.1892777193870439,0.19683381337972072,-0.9924439060073231,1,1,0,0
1457,1457.0,14.57,5.499999999999999,4.307691606730296,5.6967619059438155,1.1923083932697027,0.19676190594381637,-0.9955464873258864,1,1,0,0
1458,1458.0,14.58,5.499999999999999,4.303895076937005,5.695494237118892,1.196104923062994,0.19549423711889258,-1.0006106859441015,1,1,0,0
1459,1459.0,14.59,5.499999999999999,4.300052753585696,5.696522289660663,1.199947246414303,0.1965222896606642,-1.0034249567536389,1,1,0,0
1460,1460.0,14.6,5.499999999999999,4.297495976506299,5.697136036245496,1.2025040234936997,0.1971360362454968,-1.0053679872482029,1,1,0,0
1461,1461.0,14.61,5.499999999999999,4.2961219011555025,5.698585179820176,1.2038780988444966,0.19858517982017698,-1.0052929190243196,1,1,0,0
1462,1462.0,14.62,5.499999999999999,4.29257711771408,5.6982850154558475,1.2074228822859192,0.19828501545584842,-1.0091378668300708,1,1,0,0
1463,1463.0,14.63,5.499999999999999,4.289371802957362,5.697932460786339,1.2106281970426371,0.19793246078633953,-1.0126957362562976,1,1,0,0
1464,1464.0,14.64,5.499999999999999,4.285884489272838,5.6980630363157125,1.2141155107271615,0.19806303631571343,-1.016052474411448,1,1,0,0
1465,1465.0,14.65,5.499999999999999,4.283639060636154,5.698025129666039,1.2163609393638453,0.19802512966604002,-1.0183358096978052,1,1,0,0
1466,1466.0,14.66,5.499999999999999,4.282612504171164,5.698544468056852,1.2173874958288353,0.19854446805685289,-1.0188430277719824,1,1,0,0
1467,1467.0,14.67,5.499999999999999,4.279575266027145,5.698317409367772,1.2204247339728544,0.19831740936777287,-1.0221073246050816,1,1,0,0
1468,1468.0,14.68,5.499999999999999,4.276619313409405,5.696176000164317,1.2233806865905938,0.1961760001643178,-1.027204686426276,1,1,0,0
1469,1469.0,14.69,5.499999999999999,4.273360511319186,5.69657648805263,1.2266394886808127,0.19657648805263062,-1.0300630006281821,1,1,0,0
1470,1470.0,14.7,5.499999999999999,4.271320455663698,5.696879441456444,1.228679544336301,0.19687944145644476,-1.0318001028798562,1,1,0,0
1471,1471.0,14.71,5.499999999999999,4.270523617195505,5.696524867652015,1.229476382804494,0.19652486765201616,-1.0329515151524777,1,1,0,0
1472,1472.0,14.72,5.499999999999999,4.267595066042667,5.697064106725145,1.2324049339573317,0.19706410672514618,-1.0353408272321856,1,1,0,0
1473,1473.0,14.73,5.499999999999999,4.265166871027396,5.696347406121353,1.2348331289726033,0.1963474061213537,-1.0384857228512496,1,1,0,0
1474,1474.0,14.74,5.499999999999999,4.262321458134645,5.695204963809077,1.2376785418653542,0.19520496380907826,-1.042473578056276,1,1,0,0
1475,1475.0,14.75,5.499999999999999,4.26064210033023,5.694670417133621,1.239357899669769,0.1946704171336222,-1.0446874825361467,1,1,0,0
1476,1476.0,14.76,5.499999999999999,4.260260450444526,5.694081364262878,1.2397395495554733,0.19408136426287914,-1.0456581852925941,1,1,0,0
1477,1477.0,14.77,5.499999999999999,4.257768547937621,5.694664212020765,1.242231452062378,0.19466421202076578,-1.0475672400416123,1,1,0,0
1478,1478.0,14.78,5.499999999999999,4.255738914072192,5.693893188397944,1.244261085927807,0.19389318839794445,-1.0503678975298625,1,1,0,0
1479,1479.0,14.79,5.499999999999999,4.25319747734719,5.695842174401394,1.2468025226528088,0.1958421744013945,-1.0509603482514143,1,1,0,0
1480,1480.0,14.8,5.499999999999999,4.251793865041585,5.69671824125599,1.248206134958414,0.1967182412559909,-1.051487893702423,1,1,0,0
1481,1481.0,14.81,5.499999999999999,4.251764332838885,5.696396139250109,1.2482356671611141,0.19639613925011012,-1.051839527911004,1,1,0,0
1482,1482.0,14.82,5.499999999999999,4.2495499275069655,5.696032244084241,1.2504500724930336,0.19603224408424147,-1.0544178284087922,1,1,0,0
1483,1483.0,14.83,5.499999999999999,4.247920058795965,5.694070734416859,1.252079941204034,0.19407073441685974,-1.0580092067871743,1,1,0,0
1484,1484.0,14.84,5.499999999999999,4.245735995072818,5.694452251337881,1.2542640049271814,0.19445225133788213,-1.0598117535892992,1,1,0,0
1485,1485.0,14.85,5.499999999999999,4.244660257049527,5.6937858170021185,1.255339742950472,0.1937858170021194,-1.0615539259483526,1,1,0,0
1486,1486.0,14.86,5.499999999999999,4.244975178049546,5.693477013633978,1.2550248219504532,0.19347701363397896,-1.0615478083164742,1,1,0,0
1487,1487.0,14.87,5.499999999999999,4.2431541265517225,5.692589096131502,1.2568458734482766,0.19258909613150266,-1.064256777316774,1,1,0,0
1488,1488.0,14.88,5.499999999999999,4.2418855201468215,5.691979144926655,1.2581144798531776,0.19197914492665547,-1.0661353349265221,1,1,0,0
1489,1489.0,14.89,5.499999999999999,4.240066088769062,5.691668735249362,1.2599339112309371,0.19166873524936268,-1.0682651759815744,1,1,0,0
1490,1490.0,14.9,5.499999999999999,4.239290686137098,5.693077501508404,1.2607093138629013,0.1930775015084052,-1.0676318123544961,1,1,0,0
1491,1491.0,14.91,5.499999999999999,4.239918424863747,5.694979622607651,1.260081575136252,0.19497962260765167,-1.0651019525286003,1,1,0,0
1492,1492.0,14.92,5.499999999999999,4.238342387853758,5.694607832459976,1.2616576121462408,0.19460783245997693,-1.067049779686264,1,1,0,0
1493,1493.0,14.93,5.499999999999999,4.237322748680785,5.694614890352552,1.2626772513192144,0.19461489035255308,-1.0680623609666613,1,1,0,0
1494,1494.0,14.94,5.499999999999999,4.235838609092377,5.69444441840124,1.2641613909076224,0.1944444184012406,-1.0697169725063818,1,1,0,0
1495,1495.0,14.95,5.499999999999999,4.2353214047636705,5.696247235199998,1.2646785952363286,0.19624723519999865,-1.06843136003633,1,1,0,0
1496,1496.0,14.96,5.499999999999999,4.23614948017402,5.695588700451837,1.2638505198259793,0.19558870045183774,-1.0682618193741416,1,1,0,0
1497,1497.0,14.97,5.499999999999999,4.234874548589932,5.696789413956521,1.265125451410067,0.19678941395652227,-1.0683360374535447,1,1,0,0
1498,1498.0,14.98,5.499999999999999,4.234091880579922,5.696871924240363,1.265908119420077,0.19687192424036404,-1.069036195179713,1,1,0,0
1499,1499.0,14.99,5.499999999999999,4.23285411585526,5.697014408460143,1.267145884144739,0.19701440846014417,-1.0701314756845948,1,1,0,0
1500,1500.0,15.0,5.499999999999999,4.23257156568535,5.69724925758664,1.267428434314649,0.19724925758664114,-1.0701791767280078,1,1,0,0
1501,1501.0,15.01,5.499999999999999,4.233578859359143,5.696482456609867,1.2664211406408565,0.19648245660986774,-1.0699386840309888,1,1,0,0
1502,1502.0,15.02,5.499999999999999,4.232508830494214,5.697480028231652,1.267491169505785,0.19748002823165312,-1.070011141274132,1,1,0,0
1503,1503.0,15.03,5.499999999999999,4.231894724836588,5.6970307303884775,1.2681052751634114,0.1970307303884784,-1.071074544774933,1,1,0,0
1504,1504.0,15.04,5.499999999999999,4.230866698256044,5.697677340838862,1.2691333017439552,0.19767734083886257,-1.0714559609050927,1,1,0,0
1505,1505.0,15.05,5.499999999999999,4.230805091041871,5.696593472142981,1.269194908958128,0.19659347214298162,-1.0726014368151464,1,1,0,0
1506,1506.0,15.06,5.499999999999999,4.231966491406212,5.696224169422018,1.2680335085937875,0.1962241694220186,-1.071809339171769,1,1,0,0
1507,1507.0,15.07,5.499999999999999,4.231141826600528,5.697811522776059,1.2688581733994715,0.1978115227760595,-1.071046650623412,1,1,0,0
1508,1508.0,15.08,5.499999999999999,4.23072350037033,5.6974458717721115,1.2692764996296688,0.19744587177211237,-1.0718306278575565,1,1,0,0
1509,1509.0,15.09,5.499999999999999,4.2299370041737,5.69799794840752,1.270062995826299,0.1979979484075205,-1.0720650474187785,1,1,0,0
1510,1510.0,15.1,5.499999999999999,4.230058914871568,5.6973308549846085,1.2699410851284307,0.19733085498460934,-1.0726102301438214,1,1,0,0
1511,1511.0,15.11,5.499999999999999,4.231383908573397,5.696563204913088,1.268616091426602,0.19656320491308854,-1.0720528865135135,1,1,0,0
1512,1512.0,15.12,5.499999999999999,4.2307514216652224,5.696216500576311,1.2692485783347767,0.19621650057631168,-1.073032077758465,1,1,0,0
1513,1513.0,15.13,5.499999999999999,4.230503086445467,5.696669633467086,1.2694969135545318,0.19666963346708677,-1.072827280087445,1,1,0,0
1514,1514.0,15.14,5.499999999999999,4.229901436769838,5.697354295223402,1.2700985632301611,0.19735429522340286,-1.0727442680067583,1,1,0,0
1515,1515.0,15.15,5.499999999999999,4.230203842351201,5.697693652128927,1.2697961576487984,0.19769365212892787,-1.0721025055198705,1,1,0,0
1516,1516.0,15.16,5.499999999999999,4.231027939467511,5.699648360930439,1.2689720605324881,0.19964836093044003,-1.069323699602048,1,1,0,0
1517,1517.0,15.17,5.499999999999999,4.230798418191613,5.70044121250798,1.2692015818083862,0.20044121250798064,-1.0687603693004055,1,1,0,0
1518,1518.0,15.18,5.499999999999999,4.231017729344034,5.700408409132189,1.2689822706559655,0.20040840913218982,-1.0685738615237756,1,1,0,0
1519,1519.0,15.19,5.499999999999999,4.2305645595502455,5.700073654538045,1.2694354404497536,0.2000736545380457,-1.069361785911708,1,1,0,0
1520,1520.0,15.2,5.499999999999999,4.231024701293377,5.698979650972678,1.2689752987066223,0.1989796509726789,-1.0699956477339434,1,1,0,0
1521,1521.0,15.21,5.499999999999999,4.2318474778704545,5.699255541582104,1.2681525221295447,0.19925554158210446,-1.0688969805474402,1,1,0,0
1522,1522.0,15.22,5.499999999999999,4.231836098480441,5.698997281011609,1.268163901519558,0.19899728101160985,-1.0691666205079482,1,1,0,0
1523,1523.0,15.23,5.499999999999999,4.2322810563768,5.698996986254148,1.2677189436231995,0.19899698625414874,-1.0687219573690507,1,1,0,0
1524,1524.0,15.24,5.499999999999999,4.232211404518097,5.697761441709572,1.2677885954819024,0.19776144170957277,-1.0700271537723296,1,1,0,0
1525,1525.0,15.25,5.499999999999999,4.232791490410425,5.698145737472686,1.2672085095895742,0.1981457374726867,-1.0690627721168875,1,1,0,0
1526,1526.0,15.26,5.499999999999999,4.233700239564298,5.697827106637665,1.2662997604357011,0.197827106637666,-1.0684726537980351,1,1,0,0
1527,1527.0,15.27,5.499999999999999,4.23380428251203,5.6965510755325965,1.2661957174879692,0.19655107553259743,-1.0696446419553718,1,1,0,0
1528,1528.0,15.28,5.499999999999999,4.234267864346921,5.694656442772662,1.265732135653078,0.19465644277266314,-1.0710756928804148,1,1,0,0
1529,1529.0,15.29,5.499999999999999,4.234476719239913,5.692692393242086,1.2655232807600862,0.19269239324208698,-1.0728308875179993,1,1,0,0
1530,1530.0,15.3,5.499999999999999,4.235093564312223,5.693786580733276,1.2649064356877764,0.19378658073327681,-1.0711198549544996,1,1,0,0
1531,1531.0,15.31,5.499999999999999,4.235992278828717,5.693667627185902,1.2640077211712821,0.1936676271859028,-1.0703400939853793,1,1,0,0
1532,1532.0,15.32,5.499999999999999,4.236138470700788,5.695728177322955,1.263861529299211,0.19572817732295622,-1.0681333519762548,1,1,0,0
1533,1533.0,15.33,5.499999999999999,4.236605372170662,5.695193108480344,1.2633946278293369,0.19519310848034532,-1.0682015193489915,1,1,0,0
1534,1534.0,15.34,5.499999999999999,4.236825385216763,5.696385653734423,1.2631746147832361,0.19638565373442418,-1.066788961048812,1,1,0,0
1535,1535.0,15.35,5.499999999999999,4.237449558325003,5.696940842374746,1.2625504416749962,0.19694084237474652,-1.0656095993002497,1,1,0,0
1536,1536.0,15.36,5.499999999999999,4.238388413791614,5.696651739041541,1.2616115862083852,0.19665173904154187,-1.0649598471668433,1,1,0,0
1537,1537.0,15.37,5.499999999999999,4.238641698553968,5.697435178821071,1.2613583014460312,0.1974351788210722,-1.063923122624959,1,1,0,0
1538,1538.0,15.38,5.499999999999999,4.2392744811576835,5.697299778046651,1.2607255188423157,0.1972997780466521,-1.0634257407956635,1,1,0,0
1539,1539.0,15.39,5.499999999999999,4.239589159827656,5.69915545693015,1.2604108401723435,0.1991554569301508,-1.0612553832421927,1,1,0,0
1540,1540.0,15.4,5.499999999999999,4.240306914017577,5.699011573390449,1.2596930859824225,0.19901157339045028,-1.0606815125919722,1,1,0,0
1541,1541.0,15.41,5.499999999999999,4.241357373210508,5.69929651421471,1.2586426267894915,0.19929651421471117,-1.0593461125747803,1,1,0,0
1542,1542.0,15.42,5.499999999999999,4.241757466968257,5.698050985288128,1.2582425330317424,0.1980509852881287,-1.0601915477436137,1,1,0,0
1543,1543.0,15.43,5.499999999999999,4.242603846992011,5.697780797471226,1.2573961530079885,0.19778079747122668,-1.0596153555367618,1,1,0,0
1544,1544.0,15.44,5.499999999999999,4.243074447081261,5.699301786140274,1.2569255529187382,0.19930178614027483,-1.0576237667784634,1,1,0,0
1545,1545.0,15.45,5.499999999999999,4.243930699478837,5.7000408527852215,1.2560693005211618,0.20004085278522243,-1.0560284477359394,1,1,0,0
1546,1546.0,15.46,5.499999999999999,4.245088033685137,5.700266838567605,1.2549119663148618,0.20026683856760563,-1.0546451277472562,1,1,0,0
1547,1547.0,15.47,5.499999999999999,4.245596126695356,5.699459817350233,1.2544038733046428,0.19945981735023377,-1.054944055954409,1,1,0,0
1548,1548.0,15.48,5.499999999999999,4.2466642920662006,5.699950280715115,1.2533357079337986,0.19995028071511545,-1.0533854272186831,1,1,0,0
1549,1549.0,15.49,5.499999999999999,4.247325961737971,5.7024489279512265,1.252674038262028,0.20244892795122738,-1.0502251103108007,1,1,0,0
1550,1550.0,15.5,5.499999999999999,4.248334965965992,5.703988419059417,1.2516650340340068,0.2039884190594181,-1.0476766149745886,1,1,0,0
1551,1551.0,15.51,5.499999999999999,4.2496461147104,5.704662226850013,1.2503538852895995,0.20466222685001423,-1.0456916584395852,1,1,0,0
1552,1552.0,15.52,5.499999999999999,4.250303198204858,5.7043953637981115,1.2496968017951415,0.2043953637981124,-1.0453014379970291,1,1,0,0
1553,1553.0,15.53,5.499999999999999,4.251580476024032,5.704511157589013,1.2484195239759668,0.20451115758901395,-1.0439083663869528,1,1,0,0
1554,1554.0,15.54,5.499999999999999,4.252434487626214,5.705113265269715,1.247565512373785,0.2051132652697163,-1.0424522471040687,1,1,0,0
1555,1555.0,15.55,5.499999999999999,4.253598865813893,5.704916334910257,1.2464011341861063,0.20491633491025762,-1.0414847992758487,1,1,0,0
1556,1556.0,15.56,5.499999999999999,4.255069093208265,5.704185120688309,1.2449309067917342,0.20418512068830985,-1.0407457861034244,1,1,0,0
1557,1557.0,15.57,5.499999999999999,4.255896056301211,5.702893304868225,1.2441039436987884,0.2028933048682262,-1.0412106388305622,1,1,0,0
1558,1558.0,15.58,5.499999999999999,4.2573387114403625,5.703075767060707,1.2426612885596366,0.2030757670607075,-1.0395855214989291,1,1,0,0
1559,1559.0,15.59,5.499999999999999,4.2583562357870095,5.702633559521425,1.2416437642129896,0.20263355952142614,-1.0390102046915635,1,1,0,0
1560,1560.0,15.6,5.499999999999999,4.259632899813578,5.70232195597174,1.240367100186421,0.2023219559717413,-1.0380451442146796,1,1,0,0
1561,1561.0,15.61,5.499999999999999,4.261196767260928,5.700899737553128,1.2388032327390714,0.2008997375531285,-1.037903495185943,1,1,0,0
1562,1562.0,15.62,5.499999999999999,4.262174058833054,5.700977306828562,1.2378259411669452,0.20097730682856252,-1.0368486343383827,1,1,0,0
1563,1563.0,15.63,5.499999999999999,4.263768417430895,5.70076404801769,1.2362315825691041,0.20076404801769066,-1.0354675345514135,1,1,0,0
1564,1564.0,15.64,5.499999999999999,4.26493377059644,5.699594965855548,1.235066229403559,0.1995949658555487,-1.0354712635480103,1,1,0,0
1565,1565.0,15.65,5.499999999999999,4.266302956878679,5.701614093548299,1.2336970431213201,0.20161409354829996,-1.0320829495730202,1,1,0,0
1566,1566.0,15.66,5.499999999999999,4.267948347536968,5.701058823566075,1.2320516524630314,0.20105882356607552,-1.0309928288969559,1,1,0,0
1567,1567.0,15.67,5.499999999999999,4.268993199382409,5.702135565099434,1.2310068006175898,0.20213556509943498,-1.0288712355181548,1,1,0,0
1568,1568.0,15.68,5.499999999999999,4.270720097826566,5.7016427265972744,1.2292799021734329,0.20164272659727533,-1.0276371755761575,1,1,0,0
1569,1569.0,15.69,5.499999999999999,4.272035748227805,5.700702654983368,1.2279642517721943,0.2007026549833686,-1.0272615967888257,1,1,0,0
1570,1570.0,15.7,5.499999999999999,4.273506372793403,5.7006626461818595,1.2264936272065965,0.20066264618186036,-1.0258309810247361,1,1,0,0
1571,1571.0,15.71,5.499999999999999,4.2751872735631675,5.701964581276269,1.2248127264368316,0.20196458127627004,-1.0228481451605616,1,1,0,0
1572,1572.0,15.72,5.499999999999999,4.276254248020166,5.702606760728981,1.2237457519798332,0.20260676072898232,-1.0211389912508508,1,1,0,0
1573,1573.0,15.73,5.499999999999999,4.278085743291587,5.703438290833581,1.2219142567084118,0.20343829083358145,-1.0184759658748304,1,1,0,0
1574,1574.0,15.74,5.499999999999999,4.27953306309876,5.704164478248552,1.2204669369012393,0.20416447824855322,-1.016302458652686,1,1,0,0
1575,1575.0,15.75,5.499999999999999,4.281093075431211,5.703249356923155,1.2189069245687882,0.2032493569231555,-1.0156575676456328,1,1,0,0
1576,1576.0,15.76,5.499999999999999,4.282793417948619,5.705388657005677,1.2172065820513804,0.20538865700567754,-1.011817925045703,1,1,0,0
1577,1577.0,15.77,5.499999999999999,4.283867006299298,5.705363424487302,1.2161329937007013,0.20536342448730327,-1.010769569213398,1,1,0,0
1578,1578.0,15.78,5.499999999999999,4.285759736413947,5.706174504915997,1.2142402635860519,0.20617450491599776,-1.008065758670054,1,1,0,0
1579,1579.0,15.79,5.499999999999999,4.287267018044502,5.706762302692524,1.2127329819554973,0.2067623026925247,-1.0059706792629726,1,1,0,0
1580,1580.0,15.8,5.499999999999999,4.288873669709175,5.7064341453339535,1.2111263302908242,0.20643414533395443,-1.0046921849568697,1,1,0,0
1581,1581.0,15.81,5.499999999999999,4.290572038037703,5.707520476327967,1.2094279619622963,0.20752047632796788,-1.0019074856343284,1,1,0,0
1582,1582.0,15.82,5.499999999999999,4.2916596070892625,5.707752281775884,1.2083403929107366,0.20775228177588456,-1.000588111134852,1,1,0,0
1583,1583.0,15.83,5.499999999999999,4.2935816066447305,5.709196776228337,1.2064183933552686,0.209196776228338,-0.9972216171269306,1,1,0,0
1584,1584.0,15.84,5.499999999999999,4.295128064728228,5.709136642080851,1.204871935271771,0.2091366420808516,-0.9957352931909194,1,1,0,0
1585,1585.0,15.85,5.499999999999999,4.296742030943451,5.710003710410005,1.2032579690565477,0.21000371041000587,-0.9932542586465418,1,1,0,0
1586,1586.0,15.86,5.499999999999999,4.298437507996391,5.712103635633468,1.2015624920036085,0.21210363563346846,-0.9894588563701401,1,1,0,0
1587,1587.0,15.87,5.499999999999999,4.299540208285887,5.7131327425407505,1.2004597917141124,0.21313274254075143,-0.987327049173361,1,1,0,0
1588,1588.0,15.88,5.499999999999999,4.301480114593456,5.711617110224529,1.1985198854065429,0.21161711022452945,-0.9869027751820134,1,1,0,0
1589,1589.0,15.89,5.499999999999999,4.303052081494243,5.711626648946435,1.1969479185057565,0.211626648946436,-0.9853212695593205,1,1,0,0
1590,1590.0,15.9,5.499999999999999,4.304683173633751,5.712839412960974,1.1953168263662484,0.21283941296097453,-0.9824774134052738,1,1,0,0
1591,1591.0,15.91,5.499999999999999,4.306393640549393,5.713274654227698,1.1936063594506061,0.21327465422769887,-0.9803317052229072,1,1,0,0
1592,1592.0,15.92,5.499999999999999,4.307525402621256,5.713015573751459,1.1924745973787427,0.21301557375146007,-0.9794590236272827,1,1,0,0
1593,1593.0,15.93,5.499999999999999,4.3094982391537355,5.711041545938053,1.1905017608462636,0.2110415459380537,-0.9794602149082099,1,1,0,0
1594,1594.0,15.94,5.499999999999999,4.311142380392537,5.709486944066394,1.1888576196074618,0.2094869440663949,-0.9793706755410669,1,1,0,0
1595,1595.0,15.95,5.499999999999999,4.312833651744643,5.708932405742187,1.1871663482553565,0.2089324057421882,-0.9782339425131683,1,1,0,0
1596,1596.0,15.96,5.499999999999999,4.314608374335117,5.708309882138811,1.1853916256648818,0.20830988213881163,-0.9770817435260701,1,1,0,0
1597,1597.0,15.97,5.499999999999999,4.315655952219943,5.708111481404535,1.1843440477800558,0.2081114814045355,-0.9762325663755202,1,1,0,0
1598,1598.0,15.98,5.499999999999999,4.317574269136356,5.706055767138043,1.1824257308636428,0.20605576713804385,-0.9763699637255989,1,1,0,0
1599,1599.0,15.99,5.499999999999999,4.319159989763331,5.706622984833225,1.1808400102366683,0.20662298483322594,-0.9742170254034423,1,1,0,0
1600,1600.0,16.0,5.499999999999999,4.320729149715237,5.707360088634448,1.1792708502847624,0.20736008863444866,-0.9719107616503138,1,1,0,0
1601,1601.0,16.01,5.499999999999999,4.322435934922639,5.706420913360317,1.1775640650773598,0.20642091336031765,-0.9711431517170421,1,1,0,0
1602,1602.0,16.02,5.499999999999999,4.32349574953608,5.708003467887775,1.1765042504639194,0.20800346788777624,-0.9685007825761431,1,1,0,0
1603,1603.0,16.03,5.499999999999999,4.325432738637092,5.706992291752411,1.174567261362907,0.20699229175241207,-0.9675749696104949,1,1,0,0
1604,1604.0,16.04,5.499999999999999,4.327059498385331,5.707963005123721,1.1729405016146677,0.20796300512372223,-0.9649774964909454,1,1,0,0
1605,1605.0,16.05,5.499999999999999,4.328628425271558,5.707569327724431,1.1713715747284414,0.20756932772443193,-0.9638022470040095,1,1,0,0
1606,1606.0,16.06,5.499999999999999,4.330314783545411,5.706531734596286,1.169685216454588,0.20653173459628693,-0.963153481858301,1,1,0,0
1607,1607.0,16.07,5.499999999999999,4.331405547067345,5.706541250615846,1.1685944529326537,0.20654125061584683,-0.9620532023168069,1,1,0,0
1608,1608.0,16.08,5.499999999999999,4.3333501233636476,5.707363802563691,1.1666498766363516,0.2073638025636919,-0.9592860740726596,1,1,0,0
1609,1609.0,16.09,5.499999999999999,4.3349908078783415,5.7079458176501285,1.1650091921216577,0.20794581765012943,-0.9570633744715282,1,1,0,0
1610,1610.0,16.1,5.499999999999999,4.336514244881246,5.706335343398323,1.163485755118753,0.20633534339832416,-0.9571504117204288,1,1,0,0
1611,1611.0,16.11,5.499999999999999,4.338130719608216,5.706608404966171,1.161869280391783,0.20660840496617183,-0.9552608754256111,1,1,0,0
1612,1612.0,16.12,5.499999999999999,4.3391594585021,5.705784928620978,1.1608405414978993,0.20578492862097875,-0.9550556128769205,1,1,0,0
1613,1613.0,16.13,5.499999999999999,4.340957518186222,5.705818019195053,1.1590424818137768,0.20581801919505427,-0.9532244626187225,1,1,0,0
1614,1614.0,16.14,5.499999999999999,4.342451799299267,5.705380715687032,1.1575482007007318,0.2053807156870331,-0.9521674850136987,1,1,0,0
1615,1615.0,16.15,5.499999999999999,4.343849130074674,5.705950703510025,1.156150869925325,0.20595070351002587,-0.950200166415299,1,1,0,0
1616,1616.0,16.16,5.499999999999999,4.345354582951108,5.706162761560606,1.154645417048891,0.20616276156060653,-0.9484826554882844,1,1,0,0
1617,1617.0,16.17,5.499999999999999,4.346331156302803,5.705380427833333,1.1536688436971962,0.205380427833334,-0.9482884158638623,1,1,0,0
1618,1618.0,16.18,5.499999999999999,4.348013033945022,5.706235641995077,1.1519869660549773,0.20623564199507793,-0.9457513240598994,1,1,0,0
1619,1619.0,16.19,5.499999999999999,4.349449894141987,5.70742977568412,1.150550105858012,0.2074297756841208,-0.9431203301738913,1,1,0,0
1620,1620.0,16.2,5.499999999999999,4.35084098237281,5.708760269277582,1.1491590176271895,0.20876026927758318,-0.9403987483496064,1,1,0,0
1621,1621.0,16.21,5.499999999999999,4.35233483077782,5.70868333955908,1.1476651692221793,0.20868333955908103,-0.9389818296630983,1,1,0,0
1622,1622.0,16.22,5.499999999999999,4.353336183964993,5.709252735487759,1.146663816035006,0.2092527354877598,-0.9374110805472462,1,1,0,0
1623,1623.0,16.23,5.499999999999999,4.355049946384658,5.7099481285453395,1.1449500536153412,0.2099481285453404,-0.9350019250700008,1,1,0,0
1624,1624.0,16.24,5.499999999999999,4.356506123103094,5.71083579877323,1.1434938768969047,0.210835798773231,-0.9326580781236737,1,1,0,0
1625,1625.0,16.25,5.499999999999999,4.357910685706115,5.711190903852602,1.1420893142938837,0.21119090385260275,-0.930898410441281,1,1,0,0
1626,1626.0,16.26,5.499999999999999,4.359425932545569,5.711496672666434,1.1405740674544305,0.2114966726664349,-0.9290773947879956,1,1,0,0
1627,1627.0,16.27,5.499999999999999,4.360468374298264,5.713131598521088,1.1395316257017347,0.21313159852108932,-0.9264000271806454,1,1,0,0
1628,1628.0,16.28,5.499999999999999,4.362131991972702,5.711583036736553,1.1378680080272972,0.21158303673655432,-0.9262849712907428,1,1,0,0
1629,1629.0,16.29,5.499999999999999,4.363623862157365,5.711428141955559,1.1363761378426345,0.21142814195555992,-0.9249479958870745,1,1,0,0
1630,1630.0,16.3,5.499999999999999,4.365079450164072,5.710698337008599,1.1349205498359272,0.21069833700859952,-0.9242222128273276,1,1,0,0
1631,1631.0,16.31,5.499999999999999,4.3666894228234945,5.709735130949709,1.1333105771765046,0.20973513094970997,-0.9235754462267947,1,1,0,0
1632,1632.0,16.32,5.499999999999999,4.367877529022402,5.709665761205724,1.1321224709775972,0.20966576120572533,-0.9224567097718719,1,1,0,0
1633,1633.0,16.33,5.499999999999999,4.369791519251549,5.708874475851048,1.1302084807484505,0.208874475851049,-0.9213340048974015,1,1,0,0
1634,1634.0,16.34,5.499999999999999,4.371393915133989,5.707177751823449,1.1286060848660098,0.20717775182345033,-0.9214283330425594,1,1,0,0
1635,1635.0,16.35,5.499999999999999,4.372968622882559,5.7050950620256495,1.12703137711744,0.20509506202565042,-0.9219363150917896,1,1,0,0
1636,1636.0,16.36,5.499999999999999,4.374672170336268,5.705783566563098,1.125327829663731,0.20578356656309893,-0.9195442631006321,1,1,0,0
1637,1637.0,16.37,5.499999999999999,4.375963253817214,5.706451825050273,1.1240367461827852,0.20645182505027382,-0.9175849211325113,1,1,0,0
1638,1638.0,16.38,5.499999999999999,4.3774966931161945,5.7065041928108755,1.1225033068838046,0.2065041928108764,-0.9159991140729282,1,1,0,0
1639,1639.0,16.39,5.499999999999999,4.378595504552535,5.7067508635062465,1.1214044954474645,0.20675086350624738,-0.9146536319412171,1,1,0,0
1640,1640.0,16.4,5.499999999999999,4.379719268058875,5.705839291660125,1.1202807319411239,0.2058392916601255,-0.9144414402809984,1,1,0,0
1641,1641.0,16.41,5.499999999999999,4.381028349161269,5.70707023641344,1.1189716508387297,0.2070702364134407,-0.911901414425289,1,1,0,0
1642,1642.0,16.42,5.499999999999999,4.382118388072979,5.706565695907157,1.1178816119270198,0.206565695907158,-0.9113159160198618,1,1,0,0
1643,1643.0,16.43,5.499999999999999,4.3834456182323045,5.705693895585475,1.1165543817676946,0.20569389558547613,-0.9108604861822185,1,1,0,0
1644,1644.0,16.44,5.499999999999999,4.3845640443940335,5.705827563626903,1.1154359556059656,0.20582756362690358,-0.9096083919790621,1,1,0,0
1645,1645.0,16.45,5.499999999999999,4.38566962319799,5.706785234139805,1.114330376802009,0.2067852341398062,-0.9075451426622028,1,1,0,0
1646,1646.0,16.46,5.499999999999999,4.38697457379205,5.707485565373813,1.1130254262079493,0.20748556537381369,-0.9055398608341356,1,1,0,0
1647,1647.0,16.47,5.499999999999999,4.388090015546249,5.705840372766024,1.1119099844537503,0.20584037276602452,-0.9060696116877258,1,1,0,0
1648,1648.0,16.48,5.499999999999999,4.389420209349519,5.706560293538104,1.1105797906504797,0.20656029353810457,-0.9040194971123752,1,1,0,0
1649,1649.0,16.49,5.499999999999999,4.390655620040984,5.706097040215319,1.1093443799590155,0.20609704021531972,-0.9032473397436958,1,1,0,0
1650,1650.0,16.5,5.499999999999999,4.391920348210553,5.706668675365174,1.1080796517894465,0.20666867536517497,-0.9014109764242715,1,1,0,0
1651,1651.0,16.51,5.499999999999999,4.393373516921243,5.707454342418524,1.106626483078756,0.2074543424185249,-0.8991721406602311,1,1,0,0
1652,1652.0,16.52,5.499999999999999,4.39466472879673,5.70850424084493,1.105335271203269,0.20850424084493113,-0.8968310303583378,1,1,0,0
1653,1653.0,16.53,5.499999999999999,4.396238295774979,5.707983696547033,1.10376170422502,0.20798369654703386,-0.8957780076779862,1,1,0,0
1654,1654.0,16.54,5.499999999999999,4.397673067448769,5.707531283982493,1.1023269325512297,0.20753128398249387,-0.8947956485687358,1,1,0,0
1655,1655.0,16.55,5.499999999999999,4.399094688091027,5.708804561244574,1.1009053119089725,0.20880456124457503,-0.8921007506643974,1,1,0,0
1656,1656.0,16.56,5.499999999999999,4.400734210977411,5.710167166214183,1.0992657890225885,0.21016716621418396,-0.8890986228084046,1,1,0,0
1657,1657.0,16.57,5.499999999999999,4.402173955649963,5.711246372999767,1.097826044350036,0.211246372999768,-0.886579671350268,1,1,0,0
1658,1658.0,16.58,5.499999999999999,4.403846564863191,5.710649340253023,1.0961534351368085,0.21064934025302406,-0.8855040948837845,1,1,0,0
1659,1659.0,16.59,5.499999999999999,4.405371276298342,5.710728356062827,1.094628723701657,0.2107283560628277,-0.8839003676388293,1,1,0,0
1660,1660.0,16.6,5.499999999999999,4.406913466690765,5.711929060595462,1.0930865333092346,0.21192906059546246,-0.8811574727137721,1,1,0,0
1661,1661.0,16.61,5.499999999999999,4.408679846411575,5.712407803342594,1.0913201535884243,0.2124078033425949,-0.8789123502458294,1,1,0,0
1662,1662.0,16.62,5.499999999999999,4.410249475133176,5.71258708709941,1.0897505248668233,0.21258708709941132,-0.877163437767412,1,1,0,0
1663,1663.0,16.63,5.499999999999999,4.412066547837089,5.712453520703326,1.0879334521629103,0.21245352070332668,-0.8754799314595836,1,1,0,0
1664,1664.0,16.64,5.499999999999999,4.413717980634773,5.712416062718539,1.0862820193652265,0.21241606271853986,-0.8738659566466866,1,1,0,0
1665,1665.0,16.65,5.499999999999999,4.415370053081324,5.7110380020128915,1.0846299469186755,0.21103800201289236,-0.8735919449057832,1,1,0,0
1666,1666.0,16.66,5.499999999999999,4.417254227365375,5.710461054332234,1.082745772634624,0.21046105433223516,-0.8722847183023887,1,1,0,0
1667,1667.0,16.67,5.499999999999999,4.418926531439517,5.70993004260549,1.081073468560482,0.20993004260549064,-0.8711434259549913,1,1,0,0
1668,1668.0,16.68,5.499999999999999,4.42079759344969,5.710612621479596,1.0792024065503094,0.21061262147959692,-0.8685897850707125,1,1,0,0
1669,1669.0,16.69,5.499999999999999,4.42252717635389,5.710860729812201,1.0774728236461089,0.21086072981220205,-0.8666120938339068,1,1,0,0
1670,1670.0,16.7,5.499999999999999,4.424288367895577,5.710393834928128,1.0757116321044222,0.21039383492812913,-0.8653177971762931,1,1,0,0
1671,1671.0,16.71,5.499999999999999,4.426292421356723,5.710254246533753,1.0737075786432762,0.21025424653375424,-0.8634533321095219,1,1,0,0
1672,1672.0,16.72,5.499999999999999,4.4280605636927,5.70791383228235,1.0719394363072992,0.20791383228235105,-0.8640256040249481,1,1,0,0
1673,1673.0,16.73,5.499999999999999,4.430034824249769,5.70804195087063,1.0699651757502302,0.20804195087063082,-0.8619232248795994,1,1,0,0
1674,1674.0,16.74,5.499999999999999,4.431874067571327,5.708306144228074,1.0681259324286723,0.20830614422807514,-0.8598197882005971,1,1,0,0
1675,1675.0,16.75,5.499999999999999,4.4337518339394455,5.708833554997886,1.0662481660605536,0.20883355499788703,-0.8574146110626666,1,1,0,0
1676,1676.0,16.76,5.499999999999999,4.435865768623165,5.708914580835194,1.0641342313768343,0.2089145808351951,-0.8552196505416392,1,1,0,0
1677,1677.0,16.77,5.499999999999999,4.4377168101625015,5.7081358530863024,1.0622831898374976,0.20813585308630334,-0.8541473367511943,1,1,0,0
1678,1678.0,16.78,5.499999999999999,4.439725715258805,5.708978051972667,1.060274284741194,0.20897805197266806,-0.8512962327685258,1,1,0,0
1679,1679.0,16.79,5.499999999999999,4.441632553876411,5.7081396875663595,1.0583674461235884,0.20813968756636037,-0.850227758557228,1,1,0,0
1680,1680.0,16.8,5.499999999999999,4.443632428371382,5.706815635292681,1.0563675716286172,0.2068156352926822,-0.849551936335935,1,1,0,0
1681,1681.0,16.81,5.499999999999999,4.445843972789886,5.7069778465752385,1.0541560272101131,0.20697784657523943,-0.8471781806348737,1,1,0,0
1682,1682.0,16.82,5.499999999999999,4.447795561942751,5.705825591581574,1.052204438057248,0.20582559158157476,-0.8463788464756732,1,1,0,0
1683,1683.0,16.83,5.499999999999999,4.449900187568777,5.706172681772131,1.0500998124312222,0.20617268177213166,-0.8439271306590905,1,1,0,0
1684,1684.0,16.84,5.499999999999999,4.451919392144741,5.704291520402264,1.0480806078552583,0.20429152040226484,-0.8437890874529934,1,1,0,0
1685,1685.0,16.85,5.499999999999999,4.454045634184367,5.703849969460698,1.045954365815632,0.20384996946069922,-0.8421043963549328,1,1,0,0
1686,1686.0,16.86,5.499999999999999,4.456387952429413,5.703401447575435,1.0436120475705861,0.20340144757543577,-0.8402105999951504,1,1,0,0
1687,1687.0,16.87,5.499999999999999,4.458472844464199,5.703419128728957,1.0415271555358006,0.2034191287289575,-0.838108026806843,1,1,0,0
1688,1688.0,16.88,5.499999999999999,4.460667240603079,5.7033272304759155,1.0393327593969204,0.2033272304759164,-0.836005528921004,1,1,0,0
1689,1689.0,16.89,5.499999999999999,4.462801673416287,5.701371515610253,1.0371983265837121,0.20137151561025401,-0.8358268109734581,1,1,0,0
1690,1690.0,16.9,5.499999999999999,4.465050250299786,5.701646117895245,1.0349497497002131,0.20164611789524578,-0.8333036318049674,1,1,0,0
1691,1691.0,16.91,5.499999999999999,4.4675213263220686,5.701696208910021,1.0324786736779306,0.20169620891002182,-0.8307824647679087,1,1,0,0
1692,1692.0,16.92,5.499999999999999,4.469734306604697,5.7024111324110525,1.030265693395302,0.20241113241105335,-0.8278545609842487,1,1,0,0
1693,1693.0,16.93,5.499999999999999,4.4720186596425755,5.7027374719569,1.0279813403574236,0.20273747195690106,-0.8252438684005226,1,1,0,0
1694,1694.0,16.94,5.499999999999999,4.474287587038868,5.702972395643953,1.0257124129611315,0.20297239564395397,-0.8227400173171775,1,1,0,0
1695,1695.0,16.95,5.499999999999999,4.4766652045565705,5.701962782633309,1.0233347954434286,0.20196278263331013,-0.8213720128101185,1,1,0,0
1696,1696.0,16.96,5.499999999999999,4.4792591894243285,5.702889968747712,1.0207408105756706,0.20288996874771303,-0.8178508418279575,1,1,0,0
1697,1697.0,16.97,5.499999999999999,4.481611480383607,5.704246710146503,1.0183885196163924,0.20424671014650375,-0.8141418094698887,1,1,0,0
1698,1698.0,16.98,5.499999999999999,4.483981695926103,5.70381523917948,1.0160183040738957,0.2038152391794812,-0.8122030648944145,1,1,0,0
1699,1699.0,16.99,5.499999999999999,4.486395421870555,5.702532825434112,1.0136045781294438,0.20253282543411277,-0.811071752695331,1,1,0,0
1700,1700.0,17.0,5.499999999999999,4.488931165114784,5.70169355969045,1.011068834885215,0.201693559690451,-0.809375275194764,1,1,0,0
1701,1701.0,17.01,5.499999999999999,4.491663881055894,5.704684198856038,1.0083361189441051,0.2046841988560386,-0.8036519200880665,1,1,0,0
1702,1702.0,17.02,5.499999999999999,4.4941602187484415,5.704415623844009,1.0058397812515576,0.20441562384401024,-0.8014241574075474,1,1,0,0
1703,1703.0,17.03,5.499999999999999,4.4966668874592655,5.703625385239113,1.0033331125407337,0.2036253852391141,-0.7997077273016195,1,1,0,0
1704,1704.0,17.04,5.499999999999999,4.499228721309705,5.703299821400983,1.0007712786902943,0.20329982140098402,-0.7974714572893102,1,1,0,0
1705,1705.0,17.05,5.499999999999999,4.501917792199519,5.70366708737804,0.9980822078004801,0.20366708737804107,-0.794415120422439,1,1,0,0
1706,1706.0,17.06,5.499999999999999,4.5048874756342,5.704855842351022,0.9951125243657994,0.20485584235102294,-0.7902566820147765,1,1,0,0
1707,1707.0,17.07,5.499999999999999,4.507631782022422,5.704431989891885,0.9923682179775772,0.20443198989188627,-0.787936228085691,1,1,0,0
1708,1708.0,17.08,5.499999999999999,4.510396528702354,5.705344218668658,0.9896034712976451,0.20534421866865848,-0.7842592526289867,1,1,0,0
1709,1709.0,17.09,5.499999999999999,4.513182213035339,5.704904679826714,0.9868177869646599,0.2049046798267149,-0.781913107137945,1,1,0,0
1710,1710.0,17.1,5.499999999999999,4.516094165250775,5.705867170175593,0.9839058347492244,0.20586717017559408,-0.7780386645736304,1,1,0,0
1711,1711.0,17.11,5.499999999999999,4.51929628527079,5.704563164068385,0.9807037147292093,0.20456316406838582,-0.7761405506608234,1,1,0,0
1712,1712.0,17.12,5.499999999999999,4.522297533031174,5.703746082692701,0.9777024669688252,0.20374608269270222,-0.773956384276123,1,1,0,0
1713,1713.0,17.13,5.499999999999999,4.5253006185154465,5.70391373342778,0.9746993814845526,0.20391373342778074,-0.7707856480567719,1,1,0,0
1714,1714.0,17.14,5.499999999999999,4.528303430631326,5.702673110719379,0.9716965693686728,0.2026731107193802,-0.7690234586492926,1,1,0,0
1715,1715.0,17.15,5.499999999999999,4.531430739313848,5.703788789613046,0.9685692606861513,0.20378878961304725,-0.7647804710731041,1,1,0,0
1716,1716.0,17.16,5.499999999999999,4.533860214045882,5.703507103835965,0.966139785954117,0.2035071038359657,-0.7626326821181513,1,1,0,0
1717,1717.0,17.17,5.499999999999999,4.537942565021733,5.70214605680668,0.9620574349782665,0.20214605680668107,-0.7599113781715854,1,1,0,0
1718,1718.0,17.18,5.499999999999999,4.541813482043756,5.701961611700938,0.9581865179562428,0.20196161170093863,-0.7562249062553041,1,1,0,0
1719,1719.0,17.19,5.499999999999999,4.545181529378139,5.70089143947967,0.9548184706218601,0.2008914394796708,-0.7539270311421893,1,1,0,0
1720,1720.0,17.2,5.499999999999999,4.548883239855247,5.701561882023788,0.9511167601447523,0.201561882023789,-0.7495548781209633,1,1,0,0
1721,1721.0,17.21,5.499999999999999,4.550746783802718,5.700329024337492,0.9492532161972811,0.2003290243374929,-0.7489241918597882,1,1,0,0
1722,1722.0,17.22,5.499999999999999,4.554728740822599,5.700918278592655,0.9452712591774004,0.2009182785926562,-0.7443529805847442,1,1,0,0
1723,1723.0,17.23,5.499999999999999,4.558652739024012,5.701759335884878,0.941347260975987,0.20175933588487904,-0.7395879250911079,1,1,0,0
1724,1724.0,17.24,5.499999999999999,4.562047258100513,5.702191826672612,0.937952741899486,0.20219182667261304,-0.7357609152268729,1,1,0,0
1725,1725.0,17.25,5.499999999999999,4.565486189917195,5.702040300328986,0.9345138100828043,0.2020403003289868,-0.7324735097538175,1,1,0,0
1726,1726.0,17.26,5.499999999999999,4.567614388606718,5.7018710869802876,0.9323856113932809,0.20187108698028844,-0.7305145244129925,1,1,0,0
1727,1727.0,17.27,5.499999999999999,4.571536195065137,5.70243530967881,0.9284638049348617,0.20243530967881096,-0.7260284952560507,1,1,0,0
1728,1728.0,17.28,5.499999999999999,4.575549575722246,5.702095628763949,0.9244504242777527,0.20209562876395015,-0.7223547955138026,1,1,0,0
1729,1729.0,17.29,5.499999999999999,4.579223932368668,5.702218515242294,0.9207760676313308,0.20221851524229528,-0.7185575523890355,1,1,0,0
1730,1730.0,17.3,5.499999999999999,4.582405767212647,5.701660430161284,0.9175942327873523,0.20166043016128476,-0.7159338026260675,1,1,0,0
1731,1731.0,17.31,5.499999999999999,4.5845098150135035,5.701715755006443,0.9154901849864956,0.20171575500644412,-0.7137744299800515,1,1,0,0
1732,1732.0,17.32,5.499999999999999,4.5882541848126595,5.700470519607829,0.9117458151873397,0.2004705196078298,-0.7112752955795099,1,1,0,0
1733,1733.0,17.33,5.499999999999999,4.592202216245385,5.7016916654606735,0.9077977837546145,0.2016916654606744,-0.7061061182939401,1,1,0,0
1734,1734.0,17.34,5.499999999999999,4.595849024953545,5.703467761785345,0.9041509750464538,0.20346776178534576,-0.700683213261108,1,1,0,0
1735,1735.0,17.35,5.499999999999999,4.5988651317918885,5.704291956070961,0.9011348682081106,0.2042919560709615,-0.6968429121371491,1,1,0,0
1736,1736.0,17.36,5.499999999999999,4.600910038681606,5.704377867531046,0.8990899613183929,0.20437786753104703,-0.6947120937873459,1,1,0,0
1737,1737.0,17.37,5.499999999999999,4.604637371555044,5.704174727095106,0.8953626284449552,0.20417472709510687,-0.6911879013498483,1,1,0,0
1738,1738.0,17.38,5.499999999999999,4.608570733351923,5.706541014795177,0.8914292666480765,0.20654101479517806,-0.6848882518528985,1,1,0,0
1739,1739.0,17.39,5.499999999999999,4.612267571449369,5.705764548777421,0.8877324285506303,0.205764548777422,-0.6819678797732083,1,1,0,0
1740,1740.0,17.4,5.499999999999999,4.615310694402406,5.703914448152322,0.8846893055975933,0.2039144481523225,-0.6807748574452708,1,1,0,0
1741,1741.0,17.41,5.499999999999999,4.617246670666075,5.7038932815317605,0.8827533293339238,0.20389328153176134,-0.6788600478021625,1,1,0,0
1742,1742.0,17.42,5.499999999999999,4.621035182829992,5.7046556759577465,0.8789648171700071,0.20465567595774736,-0.6743091412122597,1,1,0,0
1743,1743.0,17.43,5.499999999999999,4.625028080884876,5.7057908714603345,0.8749719191151231,0.20579087146033537,-0.6691810476547877,1,1,0,0
1744,1744.0,17.44,5.499999999999999,4.628729228945156,5.705219915365632,0.8712707710548431,0.20521991536563267,-0.6660508556892104,1,1,0,0
1745,1745.0,17.45,5.499999999999999,4.631807038352546,5.705901892083927,0.8681929616474529,0.2059018920839275,-0.6622910695635253,1,1,0,0
1746,1746.0,17.46,5.499999999999999,4.633745984006859,5.705124016845625,0.8662540159931398,0.20512401684562587,-0.6611299991475139,1,1,0,0
1747,1747.0,17.47,5.499999999999999,4.6376343006245495,5.705136557532087,0.8623656993754496,0.2051365575320876,-0.657229141843362,1,1,0,0
1748,1748.0,17.48,5.499999999999999,4.641745375845624,5.704235772669417,0.8582546241543749,0.20423577266941795,-0.654018851484957,1,1,0,0
1749,1749.0,17.49,5.499999999999999,4.645542284902278,5.703735373423647,0.8544577150977215,0.20373537342364756,-0.650722341674074,1,1,0,0
1750,1750.0,17.5,5.499999999999999,4.648706486874185,5.704865949932437,0.8512935131258139,0.20486594993243745,-0.6464275631933765,1,1,0,0
1751,1751.0,17.51,5.499999999999999,4.650631749352048,5.705282806620972,0.8493682506479514,0.2052828066209731,-0.6440854440269783,1,1,0,0
1752,1752.0,17.52,5.499999999999999,4.654587464484015,5.706922505203357,0.845412535515984,0.20692250520335786,-0.6384900303126262,1,1,0,0
1753,1753.0,17.53,5.499999999999999,4.6588075681700305,5.706942576075377,0.8411924318299686,0.20694257607537825,-0.6342498557545904,1,1,0,0
1754,1754.0,17.54,5.499999999999999,4.662648021202288,5.705789834256811,0.8373519787977113,0.2057898342568123,-0.631562144540899,1,1,0,0
1755,1755.0,17.55,5.499999999999999,4.665847849038743,5.705640085073084,0.8341521509612564,0.2056400850730853,-0.6285120658881711,1,1,0,0
1756,1756.0,17.56,5.499999999999999,4.667821152144254,5.704790492770231,0.8321788478557455,0.20479049277023176,-0.6273883550855137,1,1,0,0
1757,1757.0,17.57,5.499999999999999,4.671873124947459,5.704990491090853,0.8281268750525399,0.20499049109085377,-0.6231363839616861,1,1,0,0
1758,1758.0,17.58,5.499999999999999,4.67627233694595,5.704282703189958,0.8237276630540489,0.20428270318995878,-0.6194449598640901,1,1,0,0
1759,1759.0,17.59,5.499999999999999,4.680236243697604,5.705551395889876,0.819763756302395,0.20555139588987714,-0.6142123604125178,1,1,0,0
1760,1760.0,17.6,5.499999999999999,4.683574133108025,5.706377969746729,0.8164258668919739,0.20637796974672984,-0.6100478971452441,1,1,0,0
1761,1761.0,17.61,5.499999999999999,4.685640641416111,5.706215055368806,0.8143593585838884,0.2062150553688067,-0.6081443032150817,1,1,0,0
1762,1762.0,17.62,5.499999999999999,4.689748152346525,5.705886518243313,0.8102518476534737,0.2058865182433136,-0.6043653294101601,1,1,0,0
1763,1763.0,17.63,5.499999999999999,4.6942693714998125,5.705908562793684,0.8057306285001866,0.20590856279368452,-0.5998220657065021,1,1,0,0
1764,1764.0,17.64,5.499999999999999,4.698250755877299,5.706519695291837,0.8017492441226999,0.20651969529183756,-0.5952295488308623,1,1,0,0
1765,1765.0,17.65,5.499999999999999,4.701651497649556,5.706023903960338,0.7983485023504429,0.20602390396033865,-0.5923245983901042,1,1,0,0
1766,1766.0,17.66,5.499999999999999,4.7037965122007375,5.704940545251842,0.7962034877992616,0.20494054525184247,-0.5912629425474192,1,1,0,0
1767,1767.0,17.67,5.499999999999999,4.7079120530572105,5.703938687148959,0.7920879469427886,0.2039386871489599,-0.5881492597938287,1,1,0,0
1768,1768.0,17.68,5.499999999999999,4.712496056424689,5.703883696359232,0.7875039435753104,0.20388369635923276,-0.5836202472160776,1,1,0,0
1769,1769.0,17.69,5.499999999999999,4.716504640906617,5.703802902312356,0.783495359093382,0.20380290231235687,-0.5796924567810251,1,1,0,0
1770,1770.0,17.7,5.499999999999999,4.719955418235094,5.702923259719186,0.7800445817649049,0.2029232597191868,-0.5771213220457181,1,1,0,0
1771,1771.0,17.71,5.499999999999999,4.722063463157126,5.705123203076436,0.7779365368428728,0.20512320307643694,-0.5728133337664358,1,1,0,0
1772,1772.0,17.72,5.499999999999999,4.726074153911041,5.7047529769089085,0.7739258460889582,0.20475297690890937,-0.5691728691800488,1,1,0,0
1773,1773.0,17.73,5.499999999999999,4.730672458389654,5.70450826703251,0.7693275416103456,0.20450826703251046,-0.5648192745778351,1,1,0,0
1774,1774.0,17.74,5.499999999999999,4.734650018228502,5.704057631019281,0.7653499817714975,0.20405763101928187,-0.5612923507522156,1,1,0,0
1775,1775.0,17.75,5.499999999999999,4.73807707861738,5.706147616666925,0.7619229213826193,0.20614761666692605,-0.5557753047156933,1,1,0,0
1776,1776.0,17.76,5.499999999999999,4.740094861249755,5.706120728334361,0.759905138750244,0.206120728334362,-0.553784410415882,1,1,0,0
1777,1777.0,17.77,5.499999999999999,4.744035813924868,5.704586022380113,0.7559641860751309,0.2045860223801137,-0.5513781636950172,1,1,0,0
1778,1778.0,17.78,5.499999999999999,4.748648812538843,5.70430068914905,0.7513511874611565,0.20430068914905064,-0.5470504983121058,1,1,0,0
1779,1779.0,17.79,5.499999999999999,4.752620253417147,5.703816479870277,0.747379746582852,0.2038164798702775,-0.5435632667125745,1,1,0,0
1780,1780.0,17.8,5.499999999999999,4.756027786935137,5.704906147014569,0.743972213064862,0.20490614701456966,-0.5390660660502924,1,1,0,0
1781,1781.0,17.81,5.499999999999999,4.757883238623122,5.704025509406012,0.7421167613768773,0.20402550940601305,-0.5380912519708643,1,1,0,0
1782,1782.0,17.82,5.499999999999999,4.761767828355621,5.704642187651278,0.7382321716443778,0.20464218765127917,-0.5335899839930986,1,1,0,0
1783,1783.0,17.83,5.499999999999999,4.766397049005278,5.703734338562769,0.7336029509947215,0.20373433856276968,-0.5298686124319518,1,1,0,0
1784,1784.0,17.84,5.499999999999999,4.770318695926784,5.704435717792449,0.7296813040732149,0.20443571779244962,-0.5252455862807652,1,1,0,0
1785,1785.0,17.85,5.499999999999999,4.7736684574469495,5.703648784955896,0.7263315425530497,0.203648784955897,-0.5226827575971527,1,1,0,0
1786,1786.0,17.86,5.499999999999999,4.775415355965264,5.702954174289998,0.724584644034735,0.2029541742899985,-0.5216304697447365,1,1,0,0
1787,1787.0,17.87,5.499999999999999,4.779293326082339,5.704616681909138,0.7207066739176602,0.20461668190913862,-0.5160899920085216,1,1,0,0
1788,1788.0,17.88,5.499999999999999,4.783932018088256,5.70489648101925,0.7160679819117428,0.20489648101925084,-0.511171500892492,1,1,0,0
1789,1789.0,17.89,5.499999999999999,4.787807858832024,5.7062658347627275,0.712192141167975,0.20626583476272842,-0.5059263064052466,1,1,0,0
1790,1790.0,17.9,5.499999999999999,4.791102137653508,5.706274324388426,0.7088978623464914,0.20627432438842686,-0.5026235379580646,1,1,0,0
1791,1791.0,17.91,5.499999999999999,4.792771905773975,5.70705381681621,0.7072280942260241,0.20705381681621127,-0.5001742774098128,1,1,0,0
1792,1792.0,17.92,5.499999999999999,4.796731184966422,5.709214009207251,0.7032688150335771,0.20921400920725208,-0.494054805826325,1,1,0,0
1793,1793.0,17.93,5.499999999999999,4.801465032743356,5.709334848694374,0.6985349672566432,0.20933484869437446,-0.48920011856226875,1,1,0,0
1794,1794.0,17.94,5.499999999999999,4.805299275288797,5.7101264858243885,0.6947007247112023,0.21012648582438942,-0.48457423888681284,1,1,0,0
1795,1795.0,17.95,5.499999999999999,4.808566985708738,5.708725453587305,0.6914330142912615,0.20872545358730576,-0.4827075607039557,1,1,0,0
1796,1796.0,17.96,5.499999999999999,4.8102596387179934,5.708620586241364,0.6897403612820057,0.2086205862413646,-0.4811197750406411,1,1,0,0
1797,1797.0,17.97,5.499999999999999,4.814416625225657,5.708359589219392,0.6855833747743425,0.20835958921939302,-0.4772237855549495,1,1,0,0
1798,1798.0,17.98,5.499999999999999,4.819300201853042,5.708465406440337,0.6806997981469571,0.20846540644033773,-0.4722343917066194,1,1,0,0
1799,1799.0,17.99,5.499999999999999,4.8232108899183395,5.707998907326804,0.6767891100816597,0.2079989073268047,-0.46879020275485495,1,1,0,0
1800,1800.0,18.0,5.499999999999999,4.826607455486216,5.707432275596344,0.6733925445137832,0.2074322755963447,-0.46596026891743847,1,1,0,0
1801,1801.0,18.01,5.499999999999999,4.828251105400351,5.707782779609527,0.6717488945996477,0.20778277960952796,-0.46396611499011975,1,1,0,0
1802,1802.0,18.02,5.499999999999999,4.8324683276605755,5.707470581505445,0.6675316723394236,0.20747058150544628,-0.4600610908339773,1,1,0,0
1803,1803.0,18.03,5.499999999999999,4.837440740015397,5.70641761322216,0.6625592599846017,0.20641761322216112,-0.4561416467624406,1,1,0,0
1804,1804.0,18.04,5.499999999999999,4.841449736545751,5.704688102614669,0.6585502634542477,0.20468810261466963,-0.4538621608395781,1,1,0,0
1805,1805.0,18.05,5.499999999999999,4.844950885930154,5.705423894772189,0.6550491140698451,0.20542389477219025,-0.44962521929765487,1,1,0,0
1806,1806.0,18.06,5.499999999999999,4.846658124866707,5.705971137880926,0.6533418751332922,0.20597113788092702,-0.4473707372523652,1,1,0,0
1807,1807.0,18.07,5.499999999999999,4.851049514159153,5.7055778972858375,0.6489504858408459,0.20557789728583842,-0.4433725885550075,1,1,0,0
1808,1808.0,18.08,5.499999999999999,4.856220990777416,5.706002821780079,0.643779009222583,0.20600282178008023,-0.4377761874425028,1,1,0,0
1809,1809.0,18.09,5.499999999999999,4.860344096738448,5.703667036523796,0.6396559032615512,0.2036670365237967,-0.4359888667377545,1,1,0,0
1810,1810.0,18.1,5.499999999999999,4.863975228774761,5.704198448633396,0.6360247712252383,0.20419844863339698,-0.4318263225918413,1,1,0,0
1811,1811.0,18.11,5.499999999999999,4.865828624007071,5.70446581051854,0.6341713759929277,0.20446581051854107,-0.42970556547438665,1,1,0,0
1812,1812.0,18.12,5.499999999999999,4.870451858488772,5.704497479386191,0.6295481415112274,0.204497479386192,-0.4250506621250354,1,1,0,0
1813,1813.0,18.13,5.499999999999999,4.875762571924354,5.7039487785507275,0.6242374280756451,0.20394877855072835,-0.42028864952491674,1,1,0,0
1814,1814.0,18.14,5.499999999999999,4.879982251248151,5.7018963750271014,0.6200177487518479,0.20189637502710234,-0.41812137372474556,1,1,0,0
1815,1815.0,18.15,5.499999999999999,4.8836683940223,5.701458644931627,0.6163316059776989,0.2014586449316278,-0.4148729610460711,1,1,0,0
1816,1816.0,18.16,5.499999999999999,4.885537638429144,5.701839860090898,0.6144623615708555,0.2018398600908986,-0.41262250147995694,1,1,0,0
1817,1817.0,18.17,5.499999999999999,4.8903035608003895,5.703442980521374,0.6096964391996096,0.2034429805213751,-0.4062534586782345,1,1,0,0
1818,1818.0,18.18,5.499999999999999,4.895593984278996,5.702250577250065,0.6044060157210032,0.2022505772500658,-0.4021554384709374,1,1,0,0
1819,1819.0,18.19,5.499999999999999,4.899811502979223,5.70360412407682,0.6001884970207758,0.20360412407682116,-0.39658437294395465,1,1,0,0
1820,1820.0,18.2,5.499999999999999,4.903530187742178,5.7039933080147875,0.5964698122578209,0.20399330801478843,-0.3924765042430325,1,1,0,0
1821,1821.0,18.21,5.499999999999999,4.905513024371717,5.704518930311521,0.594486975628282,0.20451893031152224,-0.38996804531675977,1,1,0,0
1822,1822.0,18.22,5.499999999999999,4.9103887920771605,5.703558044388362,0.5896112079228386,0.20355804438836245,-0.38605316353447616,1,1,0,0
1823,1823.0,18.23,5.499999999999999,4.915625118210929,5.703365848973143,0.5843748817890697,0.20336584897314403,-0.3810090328159257,1,1,0,0
1824,1824.0,18.24,5.499999999999999,4.919794884003214,5.7044741100932725,0.5802051159967849,0.20447411009327343,-0.3757310059035115,1,1,0,0
1825,1825.0,18.25,5.499999999999999,4.923530962411257,5.704952530108657,0.5764690375887422,0.20495253010865788,-0.37151650748008436,1,1,0,0
1826,1826.0,18.26,5.499999999999999,4.925403047522617,5.706792683600463,0.574596952477382,0.20679268360046432,-0.36780426887691764,1,1,0,0
1827,1827.0,18.27,5.499999999999999,4.930117628271102,5.707206703996968,0.5698823717288972,0.2072067039969685,-0.3626756677319287,1,1,0,0
1828,1828.0,18.28,5.499999999999999,4.93527457255611,5.707715285743262,0.5647254274438893,0.20771528574326314,-0.35701014170062617,1,1,0,0
1829,1829.0,18.29,5.499999999999999,4.939341821371787,5.7083591047466955,0.5606581786282119,0.2083591047466964,-0.3522990738815155,1,1,0,0
1830,1830.0,18.3,5.499999999999999,4.9429663376256805,5.707956275607977,0.5570336623743186,0.20795627560797758,-0.34907738676634104,1,1,0,0
1831,1831.0,18.31,5.499999999999999,4.944623076670228,5.706361259817233,0.5553769233297707,0.20636125981723374,-0.349015663512537,1,1,0,0
1832,1832.0,18.32,5.499999999999999,4.9493526437425945,5.705719166800703,0.5506473562574046,0.20571916680070412,-0.34492818945670045,1,1,0,0
1833,1833.0,18.33,5.499999999999999,4.954551934958989,5.705833709460921,0.5454480650410103,0.20583370946092217,-0.3396143555800881,1,1,0,0
1834,1834.0,18.34,5.499999999999999,4.958550496074088,5.705367953107081,0.5414495039259108,0.205367953107082,-0.33608155081882884,1,1,0,0
1835,1835.0,18.35,5.499999999999999,4.9621405155597875,5.705560802868388,0.5378594844402116,0.20556080286838885,-0.33229868157182274,1,1,0,0
1836,1836.0,18.36,5.499999999999999,4.963675725391409,5.705244509231958,0.5363242746085897,0.20524450923195925,-0.3310797653766304,1,1,0,0
1837,1837.0,18.37,5.499999999999999,4.968418159439949,5.7049178176018955,0.5315818405600501,0.20491781760189642,-0.32666402295815367,1,1,0,0
1838,1838.0,18.38,5.499999999999999,4.973600130655487,5.705030160228238,0.5263998693445124,0.2050301602282385,-0.32136970911627394,1,1,0,0
1839,1839.0,18.39,5.499999999999999,4.977446070305343,5.70460369295696,0.5225539296946557,0.2046036929569608,-0.31795023673769496,1,1,0,0
1840,1840.0,18.4,5.499999999999999,4.980904888709007,5.703449643821142,0.5190951112909925,0.20344964382114306,-0.31564546746984945,1,1,0,0
1841,1841.0,18.41,5.499999999999999,4.982173358743339,5.702320781810615,0.5178266412566597,0.20232078181061564,-0.31550585944604403,1,1,0,0
1842,1842.0,18.42,5.499999999999999,4.987236653741772,5.702326699423304,0.5127633462582271,0.20232669942330528,-0.3104366468349218,1,1,0,0
1843,1843.0,18.43,5.499999999999999,4.9920184378461885,5.7027266629885816,0.5079815621538106,0.20272666298858244,-0.3052548991652282,1,1,0,0
1844,1844.0,18.44,5.499999999999999,4.9958476649501256,5.702362678245277,0.5041523350498736,0.20236267824527765,-0.3017896568045959,1,1,0,0
1845,1845.0,18.45,5.499999999999999,4.999290516480399,5.7026442441015694,0.5007094835196,0.20264424410157034,-0.29806523941802965,1,1,0,0
1846,1846.0,18.46,5.499999999999999,5.000372807513613,5.702109768447429,0.4996271924863862,0.20210976844743023,-0.297517424038956,1,1,0,0
1847,1847.0,18.47,5.499999999999999,5.005471121555633,5.702785544797629,0.494528878444366,0.20278554479762967,-0.2917433336467363,1,1,0,0
1848,1848.0,18.48,5.499999999999999,5.0100545410842,5.702688606864905,0.4899454589157992,0.20268860686490608,-0.28725685205089313,1,1,0,0
1849,1849.0,18.49,5.499999999999999,5.013898746185005,5.70290691272663,0.48610125381499447,0.20290691272663075,-0.2831943410883637,1,1,0,0
1850,1850.0,18.5,5.499999999999999,5.0173931628518424,5.7037329462165305,0.48260683714815666,0.20373294621653137,-0.2788738909316253,1,1,0,0
1851,1851.0,18.51,5.499999999999999,5.018417986708829,5.70260040730341,0.48158201329117034,0.2026004073034109,-0.27898160598775945,1,1,0,0
1852,1852.0,18.52,5.499999999999999,5.0236050164123505,5.703628624914729,0.47639498358764865,0.20362862491472988,-0.27276635867291876,1,1,0,0
1853,1853.0,18.53,5.499999999999999,5.028164318253037,5.704446519558544,0.47183568174696244,0.20444651955854454,-0.2673891621884179,1,1,0,0
1854,1854.0,18.54,5.499999999999999,5.032041890750648,5.706009109410341,0.4679581092493512,0.206009109410342,-0.2619489998390092,1,1,0,0
1855,1855.0,18.55,5.499999999999999,5.035613517956883,5.704504817449405,0.46438648204311583,0.20450481744940596,-0.25988166459370987,1,1,0,0
1856,1856.0,18.56,5.499999999999999,5.036595709125977,5.706584641990753,0.46340429087402235,0.20658464199075421,-0.25681964888326814,1,1,0,0
1857,1857.0,18.57,5.499999999999999,5.041879173045872,5.706961803564295,0.4581208269541275,0.20696180356429572,-0.25115902338983176,1,1,0,0
1858,1858.0,18.58,5.499999999999999,5.046427982200476,5.707711773978435,0.45357201779952305,0.20771177397843577,-0.2458602438210873,1,1,0,0
1859,1859.0,18.59,5.499999999999999,5.050339961961869,5.707588130226614,0.4496600380381297,0.2075881302266147,-0.242071907811515,1,1,0,0
1860,1860.0,18.6,5.499999999999999,5.053930372368169,5.706722638975342,0.44606962763182967,0.20672263897534293,-0.23934698865648674,1,1,0,0
1861,1861.0,18.61,5.499999999999999,5.054852510374674,5.708591252588993,0.4451474896253247,0.20859125258899347,-0.23655623703633122,1,1,0,0
1862,1862.0,18.62,5.499999999999999,5.060187003652067,5.708666104333391,0.43981299634793203,0.20866610433339172,-0.2311468920145403,1,1,0,0
1863,1863.0,18.63,5.499999999999999,5.0647432647534,5.710525605787573,0.43525673524659947,0.2105256057875735,-0.22473112945902596,1,1,0,0
1864,1864.0,18.64,5.499999999999999,5.068650337998581,5.7110248250264615,0.4313496620014181,0.21102482502646236,-0.22032483697495575,1,1,0,0
1865,1865.0,18.65,5.499999999999999,5.072234113599038,5.711518310318927,0.42776588640096147,0.21151831031892776,-0.2162475760820337,1,1,0,0
1866,1866.0,18.66,5.499999999999999,5.07310321753872,5.712879676936415,0.42689678246127905,0.2128796769364163,-0.21401710552486275,1,1,0,0
1867,1867.0,18.67,5.499999999999999,5.078409604660598,5.712631059325271,0.42159039533940135,0.21263105932527182,-0.20895933601412953,1,1,0,0
1868,1868.0,18.68,5.499999999999999,5.082940098393036,5.71135840079782,0.4170599016069634,0.2113584007978213,-0.20570150080914207,1,1,0,0
1869,1869.0,18.69,5.499999999999999,5.086812127896436,5.7105841563170925,0.41318787210356334,0.21058415631709337,-0.20260371578646996,1,1,0,0
1870,1870.0,18.7,5.499999999999999,5.09036024133948,5.711666848211806,0.4096397586605187,0.2116668482118067,-0.19797291044871201,1,1,0,0
1871,1871.0,18.71,5.499999999999999,5.091147586781981,5.711409369358044,0.40885241321801846,0.21140936935804522,-0.19744304385997324,1,1,0,0
1872,1872.0,18.72,5.499999999999999,5.096400066641202,5.711314344672335,0.4035999333587972,0.21131434467233579,-0.1922855886864614,1,1,0,0
1873,1873.0,18.73,5.499999999999999,5.10084411717421,5.711244494776201,0.39915588282578884,0.211244494776202,-0.18791138804958685,1,1,0,0
1874,1874.0,18.74,5.499999999999999,5.104654015326694,5.711508009590123,0.3953459846733054,0.2115080095901236,-0.18383797508318178,1,1,0,0
1875,1875.0,18.75,5.499999999999999,5.108126785206288,5.7118859430940025,0.3918732147937112,0.21188594309400344,-0.17998727169970774,1,1,0,0
1876,1876.0,18.76,5.499999999999999,5.108805882310342,5.710984916242001,0.39119411768965673,0.2109849162420021,-0.18020920144765462,1,1,0,0
1877,1877.0,18.77,5.499999999999999,5.113922952485002,5.709794447401417,0.3860770475149975,0.20979444740141773,-0.17628260011357977,1,1,0,0
1878,1878.0,18.78,5.499999999999999,5.118272288079375,5.708447578094898,0.3817277119206244,0.20844757809489867,-0.1732801338257257,1,1,0,0
1879,1879.0,18.79,5.499999999999999,5.122016015888334,5.708328050355967,0.37798398411166545,0.20832805035596813,-0.16965593375569732,1,1,0,0
1880,1880.0,18.8,5.499999999999999,5.1253892219514885,5.708476366247226,0.3746107780485106,0.20847636624722732,-0.1661344118012833,1,1,0,0
1881,1881.0,18.81,5.499999999999999,5.1259612397223755,5.70799805205034,0.3740387602776236,0.20799805205034083,-0.16604070822728279,1,1,0,0
1882,1882.0,18.82,5.499999999999999,5.130896702152692,5.710255085617186,0.3691032978473068,0.2102550856171872,-0.15884821223011958,1,1,0,0
1883,1883.0,18.83,5.499999999999999,5.135134885932782,5.709423848303996,0.364865114067217,0.20942384830399696,-0.15544126576322004,1,1,0,0
1884,1884.0,18.84,5.499999999999999,5.138774875680717,5.709639506750469,0.3612251243192821,0.20963950675047016,-0.15158561756881195,1,1,0,0
1885,1885.0,18.85,5.499999999999999,5.142014626998939,5.709668483357396,0.3579853730010605,0.20966848335739652,-0.14831688964366396,1,1,0,0
1886,1886.0,18.86,5.499999999999999,5.14242451456694,5.708797885563344,0.35757548543305884,0.208797885563345,-0.14877759986971384,1,1,0,0
1887,1887.0,18.87,5.499999999999999,5.147140420831717,5.7087777989089314,0.3528595791682818,0.20877779890893233,-0.14408178025934948,1,1,0,0
1888,1888.0,18.88,5.499999999999999,5.151222342258439,5.708022312827206,0.34877765774156,0.2080223128272065,-0.1407553449143535,1,1,0,0
1889,1889.0,18.89,5.499999999999999,5.154711234308975,5.708459958445107,0.3452887656910244,0.20845995844510767,-0.13682880724591673,1,1,0,0
1890,1890.0,18.9,5.499999999999999,5.15777558226912,5.707922364307578,0.3422244177308791,0.2079223643075787,-0.13430205342330037,1,1,0,0
1891,1891.0,18.91,5.499999999999999,5.157995895070427,5.710328884500202,0.3420041049295719,0.21032888450020248,-0.1316752204293694,1,1,0,0
1892,1892.0,18.92,5.499999999999999,5.1624114024351115,5.709853716414499,0.33758859756488757,0.2098537164145,-0.12773488115038756,1,1,0,0
1893,1893.0,18.93,5.499999999999999,5.166310934337577,5.708641559787935,0.33368906566242185,0.20864155978793608,-0.12504750587448576,1,1,0,0
1894,1894.0,18.94,5.499999999999999,5.169606534105362,5.709433756433434,0.3303934658946375,0.20943375643343476,-0.12095970946120271,1,1,0,0
1895,1895.0,18.95,5.499999999999999,5.172472519402144,5.710046144667653,0.32752748059785475,0.21004614466765403,-0.11748133593020071,1,1,0,0
1896,1896.0,18.96,5.499999999999999,5.1724215224687535,5.709987426280992,0.3275784775312456,0.20998742628099265,-0.11759105125025293,1,1,0,0
1897,1897.0,18.97,5.499999999999999,5.176585350754388,5.709206259659546,0.3234146492456107,0.2092062596595472,-0.1142083895860635,1,1,0,0
1898,1898.0,18.98,5.499999999999999,5.180273545327639,5.711378724414473,0.3197264546723604,0.21137872441447403,-0.10834773025788635,1,1,0,0
1899,1899.0,18.99,5.499999999999999,5.183360865741263,5.713215000259709,0.316639134258736,0.21321500025970952,-0.1034241339990265,1,1,0,0
1900,1900.0,19.0,5.499999999999999,5.186033249746402,5.714200572575823,0.31396675025359677,0.21420057257582403,-0.09976617767777274,1,0,0,1
1901,1901.0,19.01,5.499999999999999,5.185872714061007,5.714252371521086,0.31412728593899253,0.2142523715210869,-0.09987491441790564,1,0,0,1
1902,1902.0,19.02,5.499999999999999,5.189933897115184,5.714643396247612,0.3100661028848153,0.21464339624761308,-0.0954227066372022,1,0,0,1
1903,1903.0,19.03,5.499999999999999,5.193397418113994,5.714353983066464,0.306602581886005,0.2143539830664647,-0.09224859881954028,1,0,0,1
1904,1904.0,19.04,5.499999999999999,5.196231164813295,5.713874592186415,0.3037688351867045,0.21387459218641602,-0.08989424300028848,1,0,0,1
1905,1905.0,19.05,5.499999999999999,5.198648240110611,5.712634744807729,0.3013517598893882,0.2126347448077297,-0.08871701508165852,1,0,0,1
1906,1906.0,19.06,5.499999999999999,5.198411069488937,5.7120839760025115,0.3015889305110617,0.2120839760025124,-0.08950495450854934,1,0,0,1
1907,1907.0,19.07,5.499999999999999,5.202308429698151,5.713700936116517,0.2976915703018479,0.21370093611651786,-0.08399063418533004,1,0,0,1
1908,1908.0,19.08,5.499999999999999,5.205480430329227,5.712944229619676,0.2945195696707721,0.2129442296196773,-0.08157534005109479,1,0,0,1
1909,1909.0,19.09,5.499999999999999,5.2080113221063415,5.712466190770377,0.29198867789365757,0.2124661907703782,-0.07952248712327936,1,0,0,1
1910,1910.0,19.1,5.499999999999999,5.210097222674036,5.712145941867329,0.28990277732596326,0.2121459418673295,-0.07775683545863377,1,0,0,1
1911,1911.0,19.11,5.499999999999999,5.209605851771011,5.712179633703658,0.29039414822898824,0.21217963370365922,-0.07821451452532902,1,0,0,1
1912,1912.0,19.12,5.499999999999999,5.2132066738163,5.713892107387031,0.286793326183699,0.21389210738703213,-0.07290121879666689,1,0,0,1
1913,1913.0,19.13,5.499999999999999,5.215976167177576,5.713571510591933,0.28402383282242294,0.21357151059193402,-0.07045232223048892,1,0,0,1
1914,1914.0,19.14,5.499999999999999,5.2180971553872055,5.716676169879686,0.2819028446127936,0.21667616987968685,-0.06522667473310673,1,0,0,1
1915,1915.0,19.15,5.499999999999999,5.219824987684817,5.71668742939591,0.2801750123151825,0.21668742939591112,-0.06348758291927137,1,0,0,1
1916,1916.0,19.16,5.499999999999999,5.218841420530035,5.717459214669589,0.28115857946996403,0.2174592146695895,-0.06369936480037452,1,0,0,1
1917,1917.0,19.17,5.499999999999999,5.222091813923206,5.717549443705652,0.27790818607679313,0.21754944370565266,-0.06035874237114047,1,0,0,1
1918,1918.0,19.18,5.499999999999999,5.224487412162169,5.717140414680496,0.27551258783782995,0.21714041468049672,-0.05837217315733323,1,0,0,1
1919,1919.0,19.19,5.499999999999999,5.226136732534031,5.716685347101789,0.273863267465968,0.21668534710179,-0.057177920364178014,1,0,0,1
1920,1920.0,19.2,5.499999999999999,5.227416126541253,5.715068634483379,0.27258387345874624,0.2150686344833801,-0.057515238975366145,1,0,0,1
1921,1921.0,19.21,5.499999999999999,5.225769458787706,5.715927698502243,0.27423054121229296,0.21592769850224425,-0.05830284271004871,1,0,0,1
1922,1922.0,19.22,5.499999999999999,5.228624538244214,5.715464146577021,0.27137546175578553,0.2154641465770215,-0.05591131517876402,1,0,0,1
1923,1923.0,19.23,5.499999999999999,5.230573348797915,5.714924536052448,0.2694266512020844,0.21492453605244854,-0.05450211514963588,1,0,0,1
1924,1924.0,19.24,5.499999999999999,5.231645593127999,5.714503407474966,0.2683544068720005,0.2145034074749672,-0.053850999397033306,1,0,0,1
1925,1925.0,19.25,5.499999999999999,5.232490543957021,5.713414965113876,0.26750945604297804,0.21341496511387703,-0.05409449092910101,1,0,0,1
1926,1926.0,19.26,5.499999999999999,5.230094854631874,5.713457837207697,0.26990514536812515,0.21345783720769784,-0.05644730816042731,1,0,0,1
1927,1927.0,19.27,5.499999999999999,5.23209620976455,5.712188513986346,0.2679037902354491,0.21218851398634708,-0.055715276249102,1,0,0,1
1928,1928.0,19.28,5.499999999999999,5.233350027448864,5.714439902449847,0.2666499725511349,0.21443990244984779,-0.05221007010128709,1,0,0,1
1929,1929.0,19.29,5.499999999999999,5.23374282653358,5.715476900351767,0.2662571734664194,0.21547690035176803,-0.050780273114651386,1,0,0,1
1930,1930.0,19.3,5.499999999999999,5.2339224831197235,5.7149021891366525,0.2660775168802756,0.21490218913665338,-0.05117532774362221,1,0,0,1
1931,1931.0,19.31,5.499999999999999,5.230526950816361,5.714315043132407,0.2694730491836381,0.2143150431324079,-0.055158006051230224,1,0,0,1
1932,1932.0,19.32,5.499999999999999,5.2315524261034305,5.713368764941509,0.2684475738965686,0.21336876494151014,-0.055078808955058456,1,0,0,1
1933,1933.0,19.33,5.499999999999999,5.232057468266485,5.71323376680829,0.2679425317335138,0.21323376680829131,-0.054708764925222475,1,0,0,1
1934,1934.0,19.34,5.499999999999999,5.231738851829447,5.713336448919472,0.26826114817055213,0.21333644891947312,-0.05492469925107901,1,0,0,1
1935,1935.0,19.35,5.499999999999999,5.231176240271376,5.7154642556874355,0.2688237597286234,0.21546425568743643,-0.053359504041186945,1,0,0,1
1936,1936.0,19.36,5.499999999999999,5.226526393124698,5.7170283977437215,0.2734736068753012,0.2170283977437224,-0.0564452091315788,1,0,0,1
1937,1937.0,19.37,5.499999999999999,5.226656114873526,5.7175044228665115,0.2733438851264731,0.2175044228665124,-0.055839462259960726,1,0,0,1
1938,1938.0,19.38,5.499999999999999,5.226882686521465,5.71756618672769,0.27311731347853385,0.2175661867276908,-0.05555112675084306,1,0,0,1
1939,1939.0,19.39,5.499999999999999,5.226668810757064,5.718377103404244,0.27333118924293487,0.21837710340424454,-0.054954085838690325,1,0,0,1
1940,1940.0,19.4,5.499999999999999,5.2258175105188025,5.719211897713418,0.2741824894811966,0.21921189771341876,-0.054970591767777854,1,0,0,1
1941,1941.0,19.41,5.499999999999999,5.219931441071784,5.717935692850958,0.2800685589282148,0.2179356928509586,-0.06213286607725621,1,0,0,1
1942,1942.0,19.42,5.499999999999999,5.218028795242256,5.71746806313507,0.28197120475774273,0.21746806313507072,-0.06450314162267201,1,0,0,1
1943,1943.0,19.43,5.499999999999999,5.2156236075913,5.716970926734538,0.2843763924086993,0.21697092673453877,-0.0674054656741605,1,0,0,1
1944,1944.0,19.44,5.499999999999999,5.211216448135719,5.718628935190348,0.28878355186428006,0.21862893519034898,-0.07015461667393108,1,0,0,1
1945,1945.0,19.45,5.499999999999999,5.205751407401667,5.718787910743759,0.2942485925983318,0.21878791074376025,-0.07546068185457155,1,0,0,1
1946,1946.0,19.46,5.499999999999999,5.202911694237927,5.718275319079116,0.2970883057620721,0.21827531907911712,-0.078812986682955,1,0,0,1
1947,1947.0,19.47,5.499999999999999,5.202960574730837,5.718300936319411,0.29703942526916194,0.2183009363194115,-0.07873848894975044,1,0,0,1
1948,1948.0,19.48,5.499999999999999,5.203936315962324,5.718529350268151,0.2960636840376747,0.21852935026815157,-0.07753433376952312,1,0,0,1
1949,1949.0,19.49,5.499999999999999,5.206310046623806,5.718659905775405,0.29368995337619275,0.2186599057754055,-0.07503004760078724,1,0,0,1
1950,1950.0,19.5,5.499999999999999,5.205763285312805,5.717470521230582,0.2942367146871945,0.21747052123058275,-0.07676619345661173,1,0,0,1
1951,1951.0,19.51,5.499999999999999,5.20334706006492,5.717530578876455,0.296652939935079,0.2175305788764561,-0.07912236105862291,1,0,0,1
1952,1952.0,19.52,5.499999999999999,5.202957295585855,5.71745255785804,0.29704270441414415,0.2174525578580413,-0.07959014655610286,1,0,0,1
1953,1953.0,19.53,5.499999999999999,5.200043955767766,5.71800436825758,0.2999560442322329,0.21800436825758052,-0.08195167597465236,1,0,0,1
1954,1954.0,19.54,5.499999999999999,5.196118406959883,5.717646446787171,0.3038815930401162,0.21764644678717193,-0.08623514625294426,1,0,0,1
1955,1955.0,19.55,5.499999999999999,5.197656551756312,5.716765041953905,0.3023434482436871,0.21676504195390578,-0.0855784062897813,1,0,0,1
1956,1956.0,19.56,5.499999999999999,5.1965971980895596,5.716474604723702,0.30340280191043956,0.21647460472370295,-0.08692819718673661,1,0,0,1
1957,1957.0,19.57,5.499999999999999,5.194758660018257,5.717620547544671,0.30524133998174197,0.21762054754467197,-0.08762079243707,1,0,0,1
1958,1958.0,19.58,5.499999999999999,5.194316866043527,5.718593609958075,0.30568313395647184,0.2185936099580763,-0.08708952399839553,1,0,0,1
1959,1959.0,19.59,5.499999999999999,5.195754199229976,5.71620838789466,0.3042458007700235,0.21620838789466124,-0.08803741287536226,1,0,0,1
1960,1960.0,19.6,5.499999999999999,5.194414633462543,5.714826777391338,0.30558536653745616,0.21482677739133926,-0.0907585891461169,1,0,0,1
1961,1961.0,19.61,5.499999999999999,5.190105890659226,5.71455854272237,0.30989410934077277,0.2145585427223713,-0.09533556661840148,1,0,0,1
1962,1962.0,19.62,5.499999999999999,5.191376275068818,5.71308832474632,0.30862372493118073,0.21308832474632045,-0.09553540018486029,1,0,0,1
1963,1963.0,19.63,5.499999999999999,5.192658585761143,5.713851154638122,0.30734141423885575,0.21385115463812276,-0.09349025960073298,1,0,0,1
1964,1964.0,19.64,5.499999999999999,5.193675209452148,5.713653769160777,0.3063247905478512,0.2136537691607776,-0.09267102138707362,1,0,0,1
1965,1965.0,19.65,5.499999999999999,5.19495744649045,5.71568181080749,0.3050425535095487,0.2156818108074905,-0.08936074270205818,1,0,0,1
1966,1966.0,19.66,5.499999999999999,5.195811781910571,5.716602556842682,0.3041882180894282,0.21660255684268304,-0.08758566124674516,1,0,0,1
1967,1967.0,19.67,5.499999999999999,5.195960882177155,5.716076824162334,0.3040391178228443,0.21607682416233498,-0.08796229366050934,1,0,0,1
1968,1968.0,19.68,5.499999999999999,5.196921242658104,5.715793484677246,0.30307875734189516,0.21579348467724646,-0.0872852726646487,1,0,0,1
1969,1969.0,19.69,5.499999999999999,5.198060115034521,5.714512587407705,0.30193988496547775,0.21451258740770562,-0.08742729755777212,1,0,0,1
1970,1970.0,19.7,5.499999999999999,5.201529529814169,5.714516183715561,0.29847047018582984,0.21451618371556158,-0.08395428647026826,1,0,0,1
1971,1971.0,19.71,5.499999999999999,5.201555672073062,5.713651361542343,0.2984443279269371,0.2136513615423441,-0.084792966384593,1,0,0,1
1972,1972.0,19.72,5.499999999999999,5.206610537812807,5.711222814855295,0.293389462187192,0.21122281485529548,-0.08216664733189649,1,0,0,1
1973,1973.0,19.73,5.499999999999999,5.211624584474782,5.708971105949946,0.28837541552521717,0.2089711059499466,-0.07940430957527056,1,0,0,1
1974,1974.0,19.74,5.499999999999999,5.212793818350458,5.707660430648271,0.28720618164954104,0.20766043064827233,-0.0795457510012687,1,0,0,1
1975,1975.0,19.75,5.499999999999999,5.21335405027066,5.706579927153721,0.28664594972933877,0.2065799271537223,-0.08006602257561646,1,0,0,1
1976,1976.0,19.76,5.499999999999999,5.208479126572305,5.707319879526177,0.29152087342769395,0.20731987952617814,-0.08420099390151581,1,0,0,1
1977,1977.0,19.77,5.499999999999999,5.208701379023793,5.708661136593447,0.29129862097620585,0.20866113659344787,-0.08263748438275798,1,0,0,1
1978,1978.0,19.78,5.499999999999999,5.211571422670353,5.707465681095044,0.288428577329646,0.20746568109504526,-0.08096289623460073,1,0,0,1
1979,1979.0,19.79,5.499999999999999,5.213709132391906,5.7070702447614465,0.2862908676080931,0.20707024476144742,-0.07922062284664566,1,0,0,1
1980,1980.0,19.8,5.499999999999999,5.211989869083976,5.706158712168085,0.2880101309160228,0.20615871216808568,-0.08185141874793711,1,0,0,1
1981,1981.0,19.81,5.499999999999999,5.206661889721724,5.706864911305171,0.29333811027827483,0.20686491130517215,-0.08647319897310268,1,0,0,1
1982,1982.0,19.82,5.499999999999999,5.206700456247757,5.706146324228179,0.29329954375224254,0.2061463242281798,-0.08715321952406274,1,0,0,1
1983,1983.0,19.83,5.499999999999999,5.207089533434558,5.7058815305007595,0.2929104665654414,0.2058815305007604,-0.08702893606468098,1,0,0,1
1984,1984.0,19.84,5.499999999999999,5.206404047951689,5.705495947778421,0.29359595204831024,0.20549594777842195,-0.08810000426988829,1,0,0,1
1985,1985.0,19.85,5.499999999999999,5.206284501175331,5.705755893050215,0.2937154988246684,0.2057558930502159,-0.0879596057744525,1,0,0,1
1986,1986.0,19.86,5.499999999999999,5.201471058963517,5.7060363963953575,0.29852894103648175,0.20603639639535842,-0.09249254464112333,1,0,0,1
1987,1987.0,19.87,5.499999999999999,5.200134550534032,5.704870608215962,0.29986544946596716,0.2048706082159626,-0.09499484125000457,1,0,0,1
1988,1988.0,19.88,5.499999999999999,5.2018049891810305,5.705279508221765,0.2981950108189686,0.205279508221766,-0.0929155025972026,1,0,0,1
1989,1989.0,19.89,5.499999999999999,5.2027275349003155,5.704483607253348,0.29727246509968364,0.2044836072533487,-0.09278885784633495,1,0,0,1
1990,1990.0,19.9,5.499999999999999,5.203005108315439,5.7054310428217665,0.2969948916845597,0.20543104282176738,-0.09156384886279234,1,0,0,1
1991,1991.0,19.91,5.499999999999999,5.198389054619992,5.705304099103206,0.3016109453800073,0.20530409910320646,-0.09630684627680086,1,0,0,1
1992,1992.0,19.92,5.499999999999999,5.198350195686342,5.705739818695536,0.30164980431365684,0.2057398186955366,-0.09590998561812025,1,0,0,1
1993,1993.0,19.93,5.499999999999999,5.20362994761771,5.706653319555885,0.2963700523822892,0.20665331955588595,-0.08971673282640324,1,0,0,1
1994,1994.0,19.94,5.499999999999999,5.20337044316674,5.7053327784321475,0.29662955683325887,0.20533277843214837,-0.0912967784011105,1,0,0,1
1995,1995.0,19.95,5.499999999999999,5.204525557645723,5.705811578751408,0.29547444235427633,0.2058115787514092,-0.08966286360286713,1,0,0,1
1996,1996.0,19.96,5.499999999999999,5.2058707895680705,5.703888033595219,0.29412921043192863,0.20388803359522,-0.09024117683670863,1,0,0,1
1997,1997.0,19.97,5.499999999999999,5.2123748900675775,5.703743170662278,0.28762510993242163,0.2037431706622792,-0.08388193927014242,1,0,0,1
1998,1998.0,19.98,5.499999999999999,5.214767820885375,5.703669651815904,0.2852321791146242,0.2036696518159049,-0.08156252729871927,1,0,0,1
1999,1999.0,19.99,5.499999999999999,5.218130823927936,5.703516656798852,0.2818691760720631,0.2035166567988531,-0.07835251927320996,1,0,0,1
2000,2000.0,20.0,5.499999999999999,5.217753486304031,5.704222146594651,0.2822465136959682,0.20422214659465165,-0.07802436710131655,1,0,0,1
2001,2001.0,20.01,5.499999999999999,5.215858413569629,5.70189836386575,0.28414158643037,0.20189836386575077,-0.08224322256461924,1,0,0,1
2002,2002.0,20.02,5.499999999999999,5.21556594676152,5.701268737992932,0.2844340532384795,0.2012687379929332,-0.08316531524554627,1,0,0,1
2003,2003.0,20.03,5.499999999999999,5.216238562487583,5.70088239536546,0.2837614375124158,0.20088239536546126,-0.08287904214695452,1,0,0,1
2004,2004.0,20.04,5.499999999999999,5.214910956900773,5.7001177459212276,0.28508904309922567,0.20011774592122844,-0.08497129717799723,1,0,0,1
2005,2005.0,20.05,5.499999999999999,5.213689866060535,5.699732553840667,0.28631013393946425,0.19973255384066757,-0.08657758009879668,1,0,0,1
2006,2006.0,20.06,5.499999999999999,5.207773012670408,5.69872907232532,0.29222698732959085,0.198729072325321,-0.09349791500426985,1,0,0,1
2007,2007.0,20.07,5.499999999999999,5.209204705734731,5.698991402524918,0.2907952942652683,0.19899140252491865,-0.09180389174034964,1,0,0,1
2008,2008.0,20.08,5.499999999999999,5.210518553247709,5.698072596751791,0.2894814467522897,0.19807259675179179,-0.09140885000049792,1,0,0,1
2009,2009.0,20.09,5.499999999999999,5.210133560003688,5.6972171662292155,0.28986643999631134,0.19721716622921637,-0.09264927376709498,1,0,0,1
2010,2010.0,20.1,5.499999999999999,5.207330402490038,5.695173215131253,0.2926695975099607,0.19517321513125374,-0.09749638237870695,1,0,0,1
2011,2011.0,20.11,5.499999999999999,5.206163275122883,5.695256864427036,0.2938367248771163,0.19525686442703716,-0.09857986045007916,1,0,0,1
2012,2012.0,20.12,5.499999999999999,5.20717170131802,5.695397458087453,0.2928282986819788,0.195397458087454,-0.09743084059452478,1,0,0,1
2013,2013.0,20.13,5.499999999999999,5.213585116742359,5.695113798143357,0.2864148832576401,0.19511379814335772,-0.09130108511428237,1,0,0,1
2014,2014.0,20.14,5.499999999999999,5.219146621808425,5.695735560498088,0.2808533781915745,0.19573556049808882,-0.0851178176934857,1,0,0,1
2015,2015.0,20.15,5.499999999999999,5.21970235483355,5.694627111410656,0.28029764516644917,0.19462711141065725,-0.08567053375579192,1,0,0,1
2016,2016.0,20.16,5.499999999999999,5.216509541957428,5.694418310125877,0.28349045804257145,0.19441831012587762,-0.08907214791669382,1,0,0,1
2017,2017.0,20.17,5.499999999999999,5.223326595713671,5.695042709262925,0.2766734042863277,0.19504270926292566,-0.08163069502340203,1,0,0,1
2018,2018.0,20.18,5.499999999999999,5.226015884825715,5.696001022234577,0.2739841151742839,0.1960010222345776,-0.07798309293970629,1,0,0,1
2019,2019.0,20.19,5.499999999999999,5.226087080208745,5.69624438423018,0.273912919791254,0.1962443842301811,-0.0776685355610729,1,0,0,1
2020,2020.0,20.2,5.499999999999999,5.222487148362058,5.695894107889042,0.27751285163794126,0.1958941078890426,-0.08161874374889866,1,0,0,1
2021,2021.0,20.21,5.499999999999999,5.214926863369681,5.695880725346938,0.2850731366303183,0.1958807253469388,-0.08919241128337951,1,0,0,1
2022,2022.0,20.22,5.499999999999999,5.216907681741377,5.6958782187768024,0.283092318258622,0.19587821877680334,-0.08721409948181869,1,0,0,1
2023,2023.0,20.23,5.499999999999999,5.2169268154066,5.697138936589373,0.28307318459339914,0.19713893658937387,-0.08593424800402527,1,0,0,1
2024,2024.0,20.24,5.499999999999999,5.217689051325953,5.6975515239106285,0.2823109486740458,0.19755152391062936,-0.08475942476341647,1,0,0,1
2025,2025.0,20.25,5.499999999999999,5.219177716846606,5.697911030068125,0.28082228315339286,0.19791103006812616,-0.0829112530852667,1,0,0,1
2026,2026.0,20.26,5.499999999999999,5.221914347982228,5.696994517542834,0.27808565201777125,0.19699451754283448,-0.08109113447493677,1,0,0,1
2027,2027.0,20.27,5.499999999999999,5.226168965645208,5.696952724272288,0.2738310343547914,0.19695272427228883,-0.07687831008250257,1,0,0,1
2028,2028.0,20.28,5.499999999999999,5.225792789171474,5.696412420713476,0.27420721082852495,0.19641242071347698,-0.07779479011504797,1,0,0,1
2029,2029.0,20.29,5.499999999999999,5.227395428787383,5.6964417096044935,0.27260457121261616,0.19644170960449436,-0.0761628616081218,1,0,0,1
2030,2030.0,20.3,5.499999999999999,5.222924388101665,5.6979677395782,0.27707561189833374,0.19796773957820069,-0.07910787232013305,1,0,0,1
2031,2031.0,20.31,5.499999999999999,5.217108138867877,5.696748994101666,0.2828918611321223,0.19674899410166713,-0.08614286703045515,1,0,0,1
2032,2032.0,20.32,5.499999999999999,5.216792130861456,5.698689491842605,0.28320786913854334,0.19868949184260565,-0.0845183772959377,1,0,0,1
2033,2033.0,20.33,5.499999999999999,5.213380233054457,5.698088272332412,0.2866197669455417,0.19808827233241288,-0.08853149461312881,1,0,0,1
2034,2034.0,20.34,5.499999999999999,5.210437284350406,5.69849173314136,0.289562715649593,0.1984917331413607,-0.09107098250823231,1,0,0,1
2035,2035.0,20.35,5.499999999999999,5.204379824174912,5.699065229439108,0.2956201758250874,0.19906522943910865,-0.09655494638597872,1,0,0,1
2036,2036.0,20.36,5.499999999999999,5.195607912566547,5.698457726351213,0.3043920874334525,0.19845772635121417,-0.1059343610822383,1,1,0,0
2037,2037.0,20.37,5.499999999999999,5.194047641940039,5.698488906650969,0.3059523580599599,0.19848890665096963,-0.10746345140899027,1,1,0,0
2038,2038.0,20.38,5.499999999999999,5.189786651148249,5.69645440637233,0.3102133488517502,0.19645440637233058,-0.11375894247941964,1,1,0,0
2039,2039.0,20.39,5.499999999999999,5.186142202622751,5.696245485487468,0.3138577973772483,0.19624548548746912,-0.11761231188977916,1,1,0,0
2040,2040.0,20.4,5.499999999999999,5.17925823766423,5.695925986215545,0.3207417623357687,0.19592598621554558,-0.1248157761202231,1,1,0,0
2041,2041.0,20.41,5.499999999999999,5.173026596697546,5.6959371798576255,0.3269734033024534,0.19593717985762638,-0.13103622344482702,1,1,0,0
2042,2042.0,20.42,5.499999999999999,5.171245992765532,5.695337312271379,0.32875400723446724,0.19533731227137974,-0.1334166949630875,1,1,0,0
2043,2043.0,20.43,5.499999999999999,5.168261005303048,5.694760873012981,0.3317389946969511,0.1947608730129815,-0.1369781216839696,1,1,0,0
2044,2044.0,20.44,5.499999999999999,5.167079194065161,5.69473222643516,0.3329208059348385,0.19473222643516053,-0.138188579499678,1,1,0,0
2045,2045.0,20.45,5.499999999999999,5.161176778024371,5.693986476025766,0.33882322197562775,0.19398647602576702,-0.14483674594986073,1,1,0,0
2046,2046.0,20.46,5.499999999999999,5.155399476358168,5.69223408160655,0.344600523641831,0.19223408160655087,-0.15236644203528016,1,1,0,0
2047,2047.0,20.47,5.499999999999999,5.154046919511606,5.6893611100247865,0.34595308048839346,0.1893611100247874,-0.15659197046360607,1,1,0,0
2048,2048.0,20.48,5.499999999999999,5.1504432014459045,5.689803840890157,0.3495567985540946,0.1898038408901579,-0.1597529576639367,1,1,0,0
2049,2049.0,20.49,5.499999999999999,5.148051991482397,5.6902477266941185,0.3519480085176019,0.19024772669411938,-0.1617002818234825,1,1,0,0
2050,2050.0,20.5,5.499999999999999,5.1424268729596525,5.690275762629255,0.3575731270403466,0.1902757626292555,-0.1672973644110911,1,1,0,0
2051,2051.0,20.51,5.499999999999999,5.135286458686094,5.691564333553692,0.3647135413139049,0.19156433355369273,-0.17314920776021214,1,1,0,0
2052,2052.0,20.52,5.499999999999999,5.132488732599976,5.691827874041806,0.3675112674000234,0.1918278740418069,-0.17568339335821648,1,1,0,0
2053,2053.0,20.53,5.499999999999999,5.127328171269168,5.693094576366032,0.37267182873083105,0.19309457636603256,-0.1795772523647985,1,1,0,0
2054,2054.0,20.54,5.499999999999999,5.122634979786844,5.692435180138457,0.3773650202131549,0.19243518013845762,-0.18492984007469726,1,1,0,0
2055,2055.0,20.55,5.499999999999999,5.116166365934518,5.69417561537535,0.3838336340654811,0.1941756153753511,-0.18965801869013,1,1,0,0
2056,2056.0,20.56,5.499999999999999,5.1058413528456015,5.694031522796679,0.39415864715439763,0.19403152279667957,-0.20012712435771807,1,1,0,0
2057,2057.0,20.57,5.499999999999999,5.103120196148685,5.693836815587467,0.3968798038513137,0.1938368155874679,-0.20304298826384581,1,1,0,0
2058,2058.0,20.58,5.499999999999999,5.0999634829959914,5.694022326837026,0.40003651700400766,0.19402232683702714,-0.20601419016698053,1,1,0,0
2059,2059.0,20.59,5.499999999999999,5.095732402167242,5.6935780751793565,0.40426759783275745,0.19357807517935743,-0.21068952265340002,1,1,0,0
2060,2060.0,20.6,5.499999999999999,5.0891516051884045,5.695165695007485,0.41084839481159463,0.1951656950074856,-0.21568269980410903,1,1,0,0
2061,2061.0,20.61,5.499999999999999,5.081216169472442,5.69511093205913,0.4187838305275573,0.19511093205913088,-0.22367289846842642,1,1,0,0
2062,2062.0,20.62,5.499999999999999,5.079528127198514,5.696810094553325,0.42047187280148535,0.1968100945533262,-0.22366177824815914,1,1,0,0
2063,2063.0,20.63,5.499999999999999,5.0732864185804,5.697058922884073,0.42671358141959903,0.19705892288407423,-0.2296546585355248,1,1,0,0
2064,2064.0,20.64,5.499999999999999,5.069592762432648,5.697876923343292,0.43040723756735133,0.19787692334329332,-0.232530314224058,1,1,0,0
2065,2065.0,20.65,5.499999999999999,5.062315192309644,5.697496907239791,0.43768480769035545,0.19749690723979185,-0.2401879004505636,1,1,0,0
2066,2066.0,20.66,5.499999999999999,5.055901875330792,5.697793686735595,0.44409812466920684,0.19779368673559627,-0.24630443793361056,1,1,0,0
2067,2067.0,20.67,5.499999999999999,5.053686679865059,5.698641460303975,0.44631332013493985,0.19864146030397567,-0.24767185983096418,1,1,0,0
2068,2068.0,20.68,5.499999999999999,5.048553894552595,5.697146815026827,0.4514461054474044,0.1971468150268283,-0.2542992904205761,1,1,0,0
2069,2069.0,20.69,5.499999999999999,5.046074524282891,5.69844105145565,0.4539254757171083,0.19844105145565116,-0.2554844242614571,1,1,0,0
2070,2070.0,20.7,5.499999999999999,5.039968268855967,5.69823210664347,0.4600317311440323,0.1982321066434709,-0.2617996245005614,1,1,0,0
2071,2071.0,20.71,5.499999999999999,5.030040841449899,5.698273198482982,0.4699591585501004,0.1982731984829833,-0.2716859600671171,1,1,0,0
2072,2072.0,20.72,5.499999999999999,5.0256798310534805,5.698644718508541,0.4743201689465186,0.19864471850854226,-0.27567545043797637,1,1,0,0
2073,2073.0,20.73,5.499999999999999,5.0182477534305585,5.698541954030427,0.4817522465694406,0.19854195403042763,-0.283210292539013,1,1,0,0
2074,2074.0,20.74,5.499999999999999,5.012128902901819,5.696389962907532,0.48787109709818033,0.1963899629075332,-0.29148113419064714,1,1,0,0
2075,2075.0,20.75,5.499999999999999,4.999081233892702,5.693646441204863,0.5009187661072971,0.19364644120486396,-0.30727232490243317,1,1,0,0
2076,2076.0,20.76,5.499999999999999,4.987933220928663,5.693545856105061,0.5120667790713362,0.1935458561050618,-0.31852092296627443,1,1,0,0
2077,2077.0,20.77,5.499999999999999,4.984544133214542,5.692582746737221,0.515455866785457,0.1925827467372221,-0.3228731200482349,1,1,0,0
2078,2078.0,20.78,5.499999999999999,4.979363595363143,5.69213220206442,0.5206364046368561,0.19213220206442116,-0.32850420257243496,1,1,0,0
2079,2079.0,20.79,5.499999999999999,4.973007089296627,5.691339772997555,0.5269929107033722,0.1913397729975559,-0.3356531377058163,1,1,0,0
2080,2080.0,20.8,5.499999999999999,4.963356220195061,5.690485714792969,0.5366437798049377,0.1904857147929695,-0.3461580650119682,1,1,0,0
2081,2081.0,20.81,5.499999999999999,4.952055923190824,5.690165420962735,0.5479440768091752,0.19016542096273614,-0.3577786558464391,1,1,0,0
2082,2082.0,20.82,5.499999999999999,4.946761158312065,5.68951534889978,0.5532388416879339,0.18951534889978117,-0.36372349278815275,1,1,0,0
2083,2083.0,20.83,5.499999999999999,4.942043299374584,5.688051505672079,0.5579567006254154,0.18805150567207995,-0.3699051949533354,1,1,0,0
2084,2084.0,20.84,5.499999999999999,4.938818081600786,5.686505303213536,0.561181918399213,0.1865053032135373,-0.37467661518567574,1,1,0,0
2085,2085.0,20.85,5.499999999999999,4.9292499068311955,5.687081461978034,0.5707500931688037,0.18708146197803455,-0.3836686311907691,1,1,0,0
2086,2086.0,20.86,5.499999999999999,4.921246848486515,5.687670816569653,0.5787531515134843,0.18767081656965345,-0.3910823349438308,1,1,0,0
2087,2087.0,20.87,5.499999999999999,4.919523150642803,5.687372138116453,0.5804768493571961,0.18737213811645415,-0.393104711240742,1,1,0,0
2088,2088.0,20.88,5.499999999999999,4.917992802693785,5.688176354122944,0.582007197306214,0.18817635412294464,-0.39383084318326933,1,1,0,0
2089,2089.0,20.89,5.499999999999999,4.914171641013804,5.687505514556087,0.5858283589861948,0.18750551455608822,-0.39832284443010657,1,1,0,0
2090,2090.0,20.9,5.499999999999999,4.911590960512109,5.688337323837431,0.5884090394878898,0.18833732383743218,-0.4000717156504576,1,1,0,0
2091,2091.0,20.91,5.499999999999999,4.908342262042006,5.688074666856145,0.591657737957993,0.1880746668561457,-0.4035830711018473,1,1,0,0
2092,2092.0,20.92,5.499999999999999,4.909727808507165,5.687172535924797,0.5902721914928337,0.1871725359247982,-0.4030996555680355,1,1,0,0
2093,2093.0,20.93,5.499999999999999,4.907234500185176,5.687163121330272,0.5927654998148233,0.1871631213302729,-0.4056023784845504,1,1,0,0
2094,2094.0,20.94,5.499999999999999,4.902958246410404,5.687044859971475,0.5970417535895951,0.18704485997147557,-0.40999689361811953,1,1,0,0
2095,2095.0,20.95,5.499999999999999,4.898722798897711,5.687081290607034,0.6012772011022882,0.1870812906070345,-0.4141959104952537,1,1,0,0
2096,2096.0,20.96,5.499999999999999,4.899316897046731,5.687282702961349,0.6006831029532682,0.1872827029613502,-0.413400399991918,1,1,0,0
2097,2097.0,20.97,5.499999999999999,4.898464982188844,5.686457626605822,0.6015350178111554,0.1864576266058231,-0.41507739120533227,1,1,0,0
2098,2098.0,20.98,5.499999999999999,4.8951650730797285,5.685775877125545,0.6048349269202706,0.185775877125546,-0.41905904979472464,1,1,0,0
2099,2099.0,20.99,5.499999999999999,4.888335872661159,5.687128851310468,0.6116641273388401,0.18712885131046875,-0.4245352760283714,1,1,0,0
2100,2100.0,21.0,5.499999999999999,4.887547047582982,5.6871682086885285,0.6124529524170175,0.18716820868852935,-0.4252847437284881,1,1,0,0
2101,2101.0,21.01,5.499999999999999,4.884149721694217,5.688183615911931,0.615850278305782,0.18818361591193167,-0.4276666623938503,1,1,0,0
2102,2102.0,21.02,5.499999999999999,4.880137766582447,5.688509240677264,0.6198622334175523,0.1885092406772646,-0.4313529927402877,1,1,0,0
2103,2103.0,21.03,5.499999999999999,4.873219127668184,5.687869940382093,0.6267808723318149,0.18786994038209404,-0.43891093194972086,1,1,0,0
2104,2104.0,21.04,5.499999999999999,4.866003392010783,5.688924019430873,0.6339966079892161,0.1889240194308739,-0.4450725885583422,1,1,0,0
2105,2105.0,21.05,5.499999999999999,4.860110456866793,5.688423335212831,0.6398895431332061,0.18842333521283194,-0.4514662079203742,1,1,0,0
2106,2106.0,21.06,5.499999999999999,4.851341646388465,5.690343662170762,0.648658353611534,0.19034366217076304,-0.45831469144077097,1,1,0,0
2107,2107.0,21.07,5.499999999999999,4.842309092843073,5.690631835328896,0.6576909071569261,0.1906318353288965,-0.46705907182802964,1,1,0,0
2108,2108.0,21.08,5.499999999999999,4.831467160624468,5.690700090617366,0.6685328393755308,0.1907000906173666,-0.47783274875816417,1,1,0,0
2109,2109.0,21.09,5.499999999999999,4.819475039334354,5.691668661178478,0.6805249606656449,0.19166866117847903,-0.4888562994871659,1,1,0,0
2110,2110.0,21.1,5.499999999999999,4.809683272284937,5.691332082725674,0.6903167277150617,0.19133208272567526,-0.49898464498938644,1,1,0,0
2111,2111.0,21.11,5.499999999999999,4.801956131215481,5.689961854123187,0.6980438687845183,0.18996185412318756,-0.5080820146613307,1,1,0,0
2112,2112.0,21.12,5.499999999999999,4.794108472378543,5.689670485413948,0.7058915276214561,0.1896704854139486,-0.5162210422075075,1,1,0,0
2113,2113.0,21.13,5.499999999999999,4.786099897378772,5.691015278804231,0.7139001026212268,0.1910152788042323,-0.5228848238169945,1,1,0,0
2114,2114.0,21.14,5.499999999999999,4.77815749558491,5.690507995932511,0.7218425044150889,0.19050799593251178,-0.5313345084825771,1,1,0,0
2115,2115.0,21.15,5.499999999999999,4.771719861634915,5.6902019342530545,0.7282801383650845,0.19020193425305543,-0.5380782041120291,1,1,0,0
2116,2116.0,21.16,5.499999999999999,4.7679196642407256,5.6902557474475115,0.7320803357592736,0.1902557474475124,-0.5418245883117612,1,1,0,0
2117,2117.0,21.17,5.499999999999999,4.7601969294054856,5.690598697993786,0.7398030705945136,0.19059869799378681,-0.5492043726007267,1,1,0,0
2118,2118.0,21.18,5.499999999999999,4.7531283893323195,5.691946465517594,0.7468716106676796,0.19194646551759487,-0.5549251451500847,1,1,0,0
2119,2119.0,21.19,5.499999999999999,4.749222451949548,5.691892887021975,0.7507775480504515,0.19189288702197604,-0.5588846610284754,1,1,0,0
2120,2120.0,21.2,5.499999999999999,4.744403029362005,5.692144001816356,0.7555969706379937,0.1921440018163567,-0.563452968821637,1,1,0,0
2121,2121.0,21.21,5.499999999999999,4.743187739187291,5.6913604703775365,0.7568122608127084,0.19136047037753734,-0.565451790435171,1,1,0,0
2122,2122.0,21.22,5.499999999999999,4.73729177087628,5.692059391652296,0.762708229123719,0.1920593916522968,-0.5706488374714223,1,1,0,0
2123,2123.0,21.23,5.499999999999999,4.730481542486198,5.693370348041462,0.7695184575138008,0.19337034804146302,-0.5761481094723377,1,1,0,0
2124,2124.0,21.24,5.499999999999999,4.727109009461049,5.693154299997685,0.7728909905389498,0.19315429999768607,-0.5797366905412638,1,1,0,0
2125,2125.0,21.25,5.499999999999999,4.72500538096255,5.694698889752987,0.7749946190374493,0.19469888975298755,-0.5802957292844617,1,1,0,0
2126,2126.0,21.26,5.499999999999999,4.725472214792637,5.694741499863351,0.7745277852073622,0.1947414998633521,-0.5797862853440101,1,1,0,0
2127,2127.0,21.27,5.499999999999999,4.7234339035454465,5.6966286140918605,0.7765660964545527,0.1966286140918614,-0.5799374823626913,1,1,0,0
2128,2128.0,21.28,5.499999999999999,4.716004243455814,5.69503749460471,0.7839957565441855,0.1950374946047111,-0.5889582619394744,1,1,0,0
2129,2129.0,21.29,5.499999999999999,4.7109636112045825,5.694572297200059,0.7890363887954166,0.19457229720006008,-0.5944640915953565,1,1,0,0
2130,2130.0,21.3,5.499999999999999,4.708663136402288,5.695227393403835,0.7913368635977109,0.19522739340383577,-0.5961094701938752,1,1,0,0
2131,2131.0,21.31,5.499999999999999,4.712920220976084,5.694451010585692,0.787079779023915,0.19445101058569314,-0.5926287684382219,1,1,0,0
2132,2132.0,21.32,5.499999999999999,4.714791787672321,5.6958141220258645,0.785208212327678,0.19581412202586534,-0.5893940903018127,1,1,0,0
2133,2133.0,21.33,5.499999999999999,4.710148700353439,5.695456287967095,0.7898512996465605,0.19545628796709558,-0.594395011679465,1,1,0,0
2134,2134.0,21.34,5.499999999999999,4.710111978313928,5.695700310035002,0.7898880216860711,0.19570031003500254,-0.5941877116510685,1,1,0,0
2135,2135.0,21.35,5.499999999999999,4.709967736192407,5.696372046470188,0.7900322638075918,0.1963720464701888,-0.593660217337403,1,1,0,0
2136,2136.0,21.36,5.499999999999999,4.713928477601932,5.6968944927676795,0.7860715223980668,0.19689449276768034,-0.5891770296303864,1,1,0,0
2137,2137.0,21.37,5.499999999999999,4.715365296109704,5.697578061879197,0.784634703890295,0.1975780618791978,-0.5870566420110972,1,1,0,0
2138,2138.0,21.38,5.499999999999999,4.711961014147633,5.698381316101927,0.7880389858523662,0.1983813161019281,-0.5896576697504381,1,1,0,0
2139,2139.0,21.39,5.499999999999999,4.7091219395792,5.69707483361935,0.7908780604207992,0.19707483361935108,-0.5938032268014481,1,1,0,0
2140,2140.0,21.4,5.499999999999999,4.7120203154786005,5.694097330230552,0.7879796845213987,0.1940973302305533,-0.5938823542908453,1,1,0,0
2141,2141.0,21.41,5.499999999999999,4.71800950944145,5.694251125456808,0.7819904905585489,0.1942511254568089,-0.58773936510174,1,1,0,0
2142,2142.0,21.42,5.499999999999999,4.718872275536122,5.693163832165585,0.781127724463877,0.19316383216558553,-0.5879638922982915,1,1,0,0
2143,2143.0,21.43,5.499999999999999,4.715357578002365,5.692883057980851,0.784642421997634,0.19288305798085226,-0.5917593640167818,1,1,0,0
2144,2144.0,21.44,5.499999999999999,4.713416155661325,5.693021065854681,0.7865838443386739,0.1930210658546816,-0.5935627784839923,1,1,0,0
2145,2145.0,21.45,5.499999999999999,4.713661424744406,5.693371806658715,0.7863385752555931,0.19337180665871578,-0.5929667685968774,1,1,0,0
2146,2146.0,21.46,5.499999999999999,4.720601207996592,5.693814045304752,0.7793987920034073,0.19381404530475255,-0.5855847466986548,1,1,0,0
2147,2147.0,21.47,5.499999999999999,4.722835504157219,5.69315115956944,0.7771644958427801,0.19315115956944062,-0.5840133362733395,1,1,0,0
2148,2148.0,21.48,5.499999999999999,4.721456934149542,5.692956445565706,0.7785430658504575,0.19295644556570668,-0.5855866202847508,1,1,0,0
2149,2149.0,21.49,5.499999999999999,4.724044657156716,5.692379700179075,0.7759553428432833,0.19237970017907546,-0.5835756426642078,1,1,0,0
2150,2150.0,21.5,5.499999999999999,4.726261872036521,5.692612930289127,0.7737381279634779,0.19261293028912796,-0.5811251976743499,1,1,0,0
2151,2151.0,21.51,5.499999999999999,4.729263995216673,5.691671080601125,0.770736004783326,0.19167108060112614,-0.5790649241821999,1,1,0,0
2152,2152.0,21.52,5.499999999999999,4.728875761249921,5.69017443443055,0.7711242387500779,0.19017443443055093,-0.5809498043195269,1,1,0,0
2153,2153.0,21.53,5.499999999999999,4.730378146423133,5.68970910762066,0.769621853576866,0.1897091076206605,-0.5799127459562055,1,1,0,0
2154,2154.0,21.54,5.499999999999999,4.7327016084761215,5.691075179517963,0.7672983915238776,0.1910751795179637,-0.5762232120059139,1,1,0,0
2155,2155.0,21.55,5.499999999999999,4.732330962922287,5.691122883855591,0.7676690370777122,0.19112288385559228,-0.5765461532221199,1,1,0,0
2156,2156.0,21.56,5.499999999999999,4.738975076599164,5.691030989000057,0.7610249234008348,0.19103098900005833,-0.5699939344007765,1,1,0,0
2157,2157.0,21.57,5.499999999999999,4.743482785451462,5.69155167139571,0.7565172145485368,0.19155167139571105,-0.5649655431528258,1,1,0,0
2158,2158.0,21.58,5.499999999999999,4.744465930872179,5.690605885982657,0.7555340691278198,0.1906058859826576,-0.5649281831451622,1,1,0,0
2159,2159.0,21.59,5.499999999999999,4.745824240149091,5.690664031464,0.7541757598509085,0.19066403146400113,-0.5635117283869073,1,1,0,0
2160,2160.0,21.6,5.499999999999999,4.748130074365358,5.690644322970075,0.7518699256346411,0.19064432297007627,-0.5612256026645648,1,1,0,0
2161,2161.0,21.61,5.499999999999999,4.752017530983957,5.689942673978087,0.7479824690160424,0.18994267397808784,-0.5580397950379545,1,1,0,0
2162,2162.0,21.62,5.499999999999999,4.7530717738043515,5.691116376820596,0.7469282261956476,0.191116376820597,-0.5558118493750506,1,1,0,0
2163,2163.0,21.63,5.499999999999999,4.758499215894861,5.691627982441077,0.7415007841051384,0.19162798244107826,-0.5498728016640602,1,1,0,0
2164,2164.0,21.64,5.499999999999999,4.762117057103597,5.692220773690996,0.7378829428964018,0.19222077369099733,-0.5456621692054044,1,1,0,0
2165,2165.0,21.65,5.499999999999999,4.766264748277196,5.691261800064864,0.7337352517228029,0.19126180006486493,-0.5424734516579379,1,1,0,0
2166,2166.0,21.66,5.499999999999999,4.772032831081885,5.6908893281001856,0.7279671689181137,0.19088932810018644,-0.5370778408179273,1,1,0,0
2167,2167.0,21.67,5.499999999999999,4.776783835760129,5.690578308045242,0.7232161642398705,0.190578308045243,-0.5326378561946274,1,1,0,0
2168,2168.0,21.68,5.499999999999999,4.781747286524941,5.690201879362529,0.7182527134750583,0.19020187936252952,-0.5280508341125287,1,1,0,0
2169,2169.0,21.69,5.499999999999999,4.789288416417975,5.691143356019945,0.7107115835820244,0.19114335601994625,-0.5195682275620781,1,1,0,0
2170,2170.0,21.7,5.499999999999999,4.79203783249707,5.690729084422851,0.7079621675029291,0.19072908442285197,-0.5172330830800771,1,1,0,0
2171,2171.0,21.71,5.499999999999999,4.796745094476604,5.691007139306504,0.7032549055233952,0.19100713930650493,-0.5122477662168903,1,1,0,0
2172,2172.0,21.72,5.499999999999999,4.799460200201008,5.691882806334306,0.7005397997989915,0.19188280633430654,-0.508656993464685,1,1,0,0
2173,2173.0,21.73,5.499999999999999,4.8028877903995815,5.691899866627994,0.6971122096004176,0.19189986662799452,-0.5052123429724231,1,1,0,0
2174,2174.0,21.74,5.499999999999999,4.809851721072904,5.691112283600958,0.6901482789270954,0.1911122836009591,-0.4990359953261363,1,1,0,0
2175,2175.0,21.75,5.499999999999999,4.814558834755599,5.69104910584253,0.6854411652444004,0.19104910584253076,-0.4943920594018696,1,1,0,0
2176,2176.0,21.76,5.499999999999999,4.8209821903405174,5.690790147589098,0.6790178096594817,0.19079014758909896,-0.4882276620703827,1,1,0,0
2177,2177.0,21.77,5.499999999999999,4.8272846546681,5.693755032494245,0.6727153453318993,0.19375503249424586,-0.4789603128376534,1,1,0,0
2178,2178.0,21.78,5.499999999999999,4.835127384726946,5.695226631381461,0.6648726152730529,0.19522663138146168,-0.4696459838915912,1,1,0,0
2179,2179.0,21.79,5.499999999999999,4.842410260720456,5.694616026682736,0.6575897392795431,0.1946160266827368,-0.4629737125968063,1,1,0,0
2180,2180.0,21.8,5.499999999999999,4.851071369223272,5.693917877332207,0.6489286307767275,0.19391787733220767,-0.4550107534445198,1,1,0,0
2181,2181.0,21.81,5.499999999999999,4.858106865106136,5.693160981408225,0.6418931348938628,0.19316098140822557,-0.4487321534856372,1,1,0,0
2182,2182.0,21.82,5.499999999999999,4.865729083334874,5.692923164585224,0.634270916665125,0.19292316458522496,-0.44134775207990007,1,1,0,0
2183,2183.0,21.83,5.499999999999999,4.875227588118333,5.694184739645891,0.6247724118816658,0.194184739645892,-0.43058767223577377,1,1,0,0
2184,2184.0,21.84,5.499999999999999,4.8829179154484645,5.693223026357266,0.6170820845515346,0.19322302635726718,-0.4238590581942674,1,1,0,0
2185,2185.0,21.85,5.499999999999999,4.891578158433065,5.691979546892048,0.6084218415669342,0.19197954689204888,-0.41644229467488536,1,1,0,0
2186,2186.0,21.86,5.499999999999999,4.898612389830837,5.6914758627785735,0.6013876101691622,0.19147586277857442,-0.4099117473905878,1,1,0,0
2187,2187.0,21.87,5.499999999999999,4.908789444955774,5.691174116998282,0.591210555044225,0.19117411699828324,-0.4000364380459418,1,1,0,0
2188,2188.0,21.88,5.499999999999999,4.913741623331053,5.690111616752955,0.5862583766689458,0.19011161675295618,-0.3961467599159896,1,1,0,0
2189,2189.0,21.89,5.499999999999999,4.922690251667841,5.688745517211625,0.5773097483321585,0.18874551721162547,-0.38856423112053307,1,1,0,0
2190,2190.0,21.9,5.499999999999999,4.932522115297698,5.688117269450043,0.567477884702301,0.1881172694500437,-0.3793606152522573,1,1,0,0
2191,2191.0,21.91,5.499999999999999,4.943875244566413,5.689556468365204,0.5561247554335864,0.1895564683652049,-0.3665682870683815,1,1,0,0
2192,2192.0,21.92,5.499999999999999,4.952715068384904,5.689885439000746,0.5472849316150947,0.18988543900074717,-0.35739949261434756,1,1,0,0
2193,2193.0,21.93,5.499999999999999,4.961643386501469,5.68869134538464,0.5383566134985305,0.18869134538464127,-0.3496652681138892,1,1,0,0
2194,2194.0,21.94,5.499999999999999,4.969552285752225,5.690807208990748,0.5304477142477744,0.19080720899074866,-0.3396405052570257,1,1,0,0
2195,2195.0,21.95,5.499999999999999,4.97743803778271,5.689960882760014,0.5225619622172895,0.18996088276001455,-0.3326010794572749,1,1,0,0
2196,2196.0,21.96,5.499999999999999,4.983828381867899,5.690500820362626,0.5161716181321001,0.19050082036262683,-0.3256707977694733,1,1,0,0
2197,2197.0,21.97,5.499999999999999,4.9902223938096055,5.690078227246068,0.5097776061903936,0.19007822724606882,-0.31969937894432476,1,1,0,0
2198,2198.0,21.98,5.499999999999999,4.993760240461751,5.689669988760661,0.5062397595382482,0.1896699887606621,-0.3165697707775861,1,1,0,0
2199,2199.0,21.99,5.499999999999999,5.00938756942864,5.690364148088608,0.4906124305713595,0.1903641480886087,-0.3002482824827508,1,1,0,0
2200,2200.0,22.0,5.499999999999999,5.026957251851748,5.689164156560198,0.4730427481482513,0.18916415656019847,-0.28387859158805284,1,1,0,0
2201,2201.0,22.01,5.499999999999999,5.044754193587277,5.690350333061173,0.45524580641272205,0.19035033306117377,-0.2648954733515483,1,1,0,0
2202,2202.0,22.02,5.499999999999999,5.059895402573125,5.689837247560991,0.440104597426874,0.18983724756099196,-0.25026734986588206,1,1,0,0
2203,2203.0,22.03,5.499999999999999,5.070292578264001,5.690179235308838,0.42970742173599774,0.19017923530883873,-0.239528186427159,1,1,0,0
2204,2204.0,22.04,5.499999999999999,5.078502457299225,5.691205952368254,0.42149754270077455,0.19120595236825455,-0.23029159033252,1,1,0,0
2205,2205.0,22.05,5.499999999999999,5.086244083070363,5.691319012344877,0.4137559169296363,0.19131901234487803,-0.2224369045847583,1,1,0,0
2206,2206.0,22.06,5.499999999999999,5.092143305552467,5.6926445427555805,0.40785669444753214,0.1926445427555814,-0.21521215169195074,1,1,0,0
2207,2207.0,22.07,5.499999999999999,5.098290657073042,5.693064906520871,0.40170934292695737,0.19306490652087227,-0.2086444364060851,1,1,0,0
2208,2208.0,22.08,5.499999999999999,5.105618331041673,5.693220733685831,0.39438166895832616,0.19322073368583226,-0.2011609352724939,1,1,0,0
2209,2209.0,22.09,5.499999999999999,5.109150218558361,5.693690675940064,0.39084978144163784,0.19369067594006495,-0.1971591055015729,1,1,0,0
2210,2210.0,22.1,5.499999999999999,5.110119275991375,5.693198781421462,0.3898807240086244,0.1931987814214633,-0.1966819425871611,1,1,0,0
2211,2211.0,22.11,5.499999999999999,5.109291139113717,5.692499754115076,0.3907088608862823,0.1924997541150768,-0.1982091067712055,1,1,0,0
2212,2212.0,22.12,5.499999999999999,5.1112507376776115,5.69194243441966,0.3887492623223876,0.1919424344196612,-0.1968068279027264,1,1,0,0
2213,2213.0,22.13,5.499999999999999,5.11658615117279,5.6927672134216145,0.3834138488272094,0.1927672134216154,-0.190646635405594,1,1,0,0
2214,2214.0,22.14,5.499999999999999,5.123043761632399,5.691372953708406,0.37695623836760017,0.1913729537084068,-0.18558328465919338,1,1,0,0
2215,2215.0,22.15,5.499999999999999,5.124351971034384,5.691335018951538,0.3756480289656148,0.1913350189515386,-0.18431301001407618,1,1,0,0
2216,2216.0,22.16,5.499999999999999,5.123767714936221,5.690172137185836,0.3762322850637778,0.19017213718583648,-0.18606014787794134,1,1,0,0
2217,2217.0,22.17,5.499999999999999,5.127217314085895,5.689576420776905,0.37278268591410413,0.1895764207769055,-0.18320626513719862,1,1,0,0
2218,2218.0,22.18,5.499999999999999,5.1303834076663275,5.689405289457866,0.3696165923336716,0.18940528945786728,-0.18021130287580434,1,1,0,0
2219,2219.0,22.19,5.499999999999999,5.129376080710911,5.689322515458958,0.37062391928908855,0.18932251545895884,-0.18130140383012971,1,1,0,0
2220,2220.0,22.2,5.499999999999999,5.1309822609882065,5.689319508670987,0.3690177390117926,0.18931950867098823,-0.17969823034080434,1,1,0,0
2221,2221.0,22.21,5.499999999999999,5.13081104229507,5.687556443114116,0.369188957704929,0.1875564431141168,-0.1816325145908122,1,1,0,0
2222,2222.0,22.22,5.499999999999999,5.133011139788807,5.68606672715984,0.36698886021119215,0.18606672715984107,-0.18092213305135108,1,1,0,0
2223,2223.0,22.23,5.499999999999999,5.1369416048543535,5.684135987167235,0.36305839514564564,0.18413598716723545,-0.1789224079784102,1,1,0,0
2224,2224.0,22.24,5.499999999999999,5.14143774623352,5.684438537949322,0.358562253766479,0.18443853794932252,-0.17412371581715647,1,1,0,0
2225,2225.0,22.25,5.499999999999999,5.148472399069602,5.682787376379849,0.3515276009303969,0.1827873763798502,-0.1687402245505467,1,1,0,0
2226,2226.0,22.26,5.499999999999999,5.156585010474597,5.681267513108343,0.34341498952540217,0.18126751310834432,-0.16214747641705785,1,1,0,0
2227,2227.0,22.27,5.499999999999999,5.165838757461548,5.680128215387551,0.3341612425384515,0.18012821538755208,-0.1540330271508994,1,1,0,0
2228,2228.0,22.28,5.499999999999999,5.177570000180332,5.681594692071813,0.3224299998196667,0.18159469207181367,-0.14083530774785302,1,1,0,0
2229,2229.0,22.29,5.499999999999999,5.188103936623546,5.681554314549355,0.31189606337645337,0.18155431454935567,-0.1303417488270977,1,1,0,0
2230,2230.0,22.3,5.499999999999999,5.197908775423758,5.68065140824092,0.30209122457624105,0.18065140824092119,-0.12143981633531986,1,1,0,0
2231,2231.0,22.31,5.499999999999999,5.209768093270514,5.682886445009028,0.29023190672948473,0.18288644500902862,-0.10734546172045611,1,1,0,0
2232,2232.0,22.32,5.499999999999999,5.22336873835699,5.684517333835475,0.27663126164300955,0.1845173338354762,-0.09211392780753336,1,0,0,1
2233,2233.0,22.33,5.499999999999999,5.23570912992151,5.684903784042655,0.26429087007848917,0.18490378404265595,-0.07938708603583322,1,0,0,1
2234,2234.0,22.34,5.499999999999999,5.249433627972624,5.684574702741603,0.2505663720273752,0.18457470274160404,-0.06599166928577116,1,0,0,1
2235,2235.0,22.35,5.499999999999999,5.262452796031216,5.6840279809016,0.23754720396878337,0.18402798090160122,-0.05351922306718215,1,0,0,1
2236,2236.0,22.36,5.499999999999999,5.27167239680066,5.685188259117758,0.22832760319933953,0.1851882591177585,-0.043139344081581044,1,0,0,1
2237,2237.0,22.37,5.499999999999999,5.282607513940674,5.684700954535617,0.21739248605932548,0.18470095453561797,-0.03269153152370752,1,0,0,1
2238,2238.0,22.38,5.499999999999999,5.295241668684945,5.684928819647032,0.2047583313150545,0.18492881964703312,-0.019829511668021382,1,0,0,1
2239,2239.0,22.39,5.499999999999999,5.307697205322453,5.684113083706765,0.19230279467754574,0.18411308370676593,-0.008189710970779807,1,0,0,1
2240,2240.0,22.4,5.499999999999999,5.319368184451149,5.684671367463275,0.18063181554884977,0.18467136746327562,0.004039551914425843,1,0,0,1
2241,2241.0,22.41,5.499999999999999,5.327490029971588,5.685610725321058,0.17250997002841117,0.18561072532105882,0.013100755292647648,1,0,0,1
2242,2242.0,22.42,5.499999999999999,5.337265142633554,5.685711399226426,0.16273485736644488,0.18571139922642654,0.02297654185998166,1,0,0,1
2243,2243.0,22.43,5.499999999999999,5.348754280185044,5.687495816716811,0.1512457198149555,0.1874958167168117,0.03625009690185621,1,0,0,1
2244,2244.0,22.44,5.499999999999999,5.358138937596591,5.687480626656581,0.14186106240340823,0.1874806266565816,0.04561956425317337,1,0,0,1
2245,2245.0,22.45,5.499999999999999,5.368807960479564,5.6893153876454035,0.13119203952043534,0.18931538764540434,0.058123348124969,1,0,0,1
2246,2246.0,22.46,5.499999999999999,5.376356074025594,5.690482173742905,0.1236439259744051,0.19048217374290566,0.06683824776850056,1,0,0,1
2247,2247.0,22.47,5.499999999999999,5.383121762308952,5.690453243551165,0.1168782376910471,0.19045324355116566,0.07357500586011856,1,0,0,1
2248,2248.0,22.48,5.499999999999999,5.393493709172637,5.689790757152281,0.10650629082736174,0.18979075715228166,0.08328446632491993,1,0,0,1
2249,2249.0,22.49,5.499999999999999,5.404919450759471,5.689123990168303,0.095080549240528,0.18912399016830417,0.09404344092777617,1,0,0,1
2250,2250.0,22.5,5.499999999999999,5.416983425724126,5.689910393826984,0.08301657427587283,0.1899103938269846,0.10689381955111177,1,0,1,0
2251,2251.0,22.51,5.499999999999999,5.426590359123198,5.689143258717588,0.07340964087680124,0.1891432587175892,0.11573361784078795,1,0,1,0
2252,2252.0,22.52,5.499999999999999,5.436224122525069,5.689143569489077,0.06377587747492974,0.18914356948907773,0.125367692014148,1,0,1,0
2253,2253.0,22.53,5.499999999999999,5.446771871431681,5.689426058665544,0.05322812856831849,0.18942605866554452,0.13619793009722603,1,0,1,0
2254,2254.0,22.54,5.499999999999999,5.4558574842613,5.689810952095997,0.04414251573869876,0.18981095209599808,0.1456684363572993,1,0,1,0
2255,2255.0,22.55,5.499999999999999,5.465006931501862,5.691146307350352,0.03499306849813699,0.19114630735035298,0.156153238852216,1,0,1,0
2256,2256.0,22.56,5.499999999999999,5.470781797675899,5.691400500390463,0.029218202324099884,0.19140050039046397,0.16218229806636408,1,0,1,0
2257,2257.0,22.57,5.499999999999999,5.476496350768775,5.6910995225241265,0.023503649231224166,0.19109952252412743,0.16759587329290326,1,0,1,0
2258,2258.0,22.58,5.499999999999999,5.483778107615672,5.689103807466673,0.01622189238432714,0.1891038074666742,0.17288191508234707,1,0,1,0
2259,2259.0,22.59,5.499999999999999,5.490572155687318,5.687473981189018,0.009427844312680733,0.1874739811890187,0.17804613687633797,1,0,1,0
2260,2260.0,22.6,5.499999999999999,5.494621812571555,5.687851005713238,0.005378187428443759,0.18785100571323898,0.18247281828479522,1,0,1,0
2261,2261.0,22.61,5.499999999999999,5.500038106468514,5.689033372758608,3.810646851487576e-05,0.1890333727586091,0.18899526629009422,1,0,1,0
2262,2262.0,22.62,5.499999999999999,5.5070210627233775,5.688184878454638,0.007021062723378435,0.1881848784546385,0.18116381573126006,1,0,1,0
2263,2263.0,22.63,5.499999999999999,5.514651966206833,5.687300388816585,0.014651966206834288,0.18730038881658562,0.17264842260975133,1,0,1,0
2264,2264.0,22.64,5.499999999999999,5.516194613862955,5.685369304127774,0.01619461386295562,0.18536930412777508,0.16917469026481946,1,0,1,0
2265,2265.0,22.65,5.499999999999999,5.518437139493955,5.685661146932087,0.018437139493955534,0.18566114693208746,0.16722400743813193,1,0,1,0
2266,2266.0,22.66,5.499999999999999,5.521069051884583,5.685936815528393,0.021069051884583523,0.18593681552839403,0.1648677636438105,1,0,1,0
2267,2267.0,22.67,5.499999999999999,5.523810972136627,5.685060430864363,0.023810972136628195,0.18506043086436375,0.16124945872773555,1,0,1,0
2268,2268.0,22.68,5.499999999999999,5.530174778368379,5.6853066871451245,0.030174778368380117,0.18530668714512544,0.15513190877674532,1,0,1,0
2269,2269.0,22.69,5.499999999999999,5.537532907583291,5.686501621215454,0.03753290758329175,0.18650162121545488,0.14896871363216313,1,0,1,0
2270,2270.0,22.7,5.499999999999999,5.541629294813769,5.6869143640793105,0.0416292948137702,0.1869143640793114,0.1452850692655412,1,0,1,0
2271,2271.0,22.71,5.499999999999999,5.5399916699873115,5.6866528345480205,0.039991669987312406,0.1866528345480214,0.146661164560709,1,0,1,0
2272,2272.0,22.72,5.499999999999999,5.5371366218290525,5.6859777430579515,0.03713662182905342,0.18597774305795234,0.14884112122889892,1,0,1,0
2273,2273.0,22.73,5.499999999999999,5.540953691719595,5.68676530586651,0.040953691719596286,0.18676530586651108,0.1458116141469148,1,0,1,0
2274,2274.0,22.74,5.499999999999999,5.548540301099092,5.685982960690785,0.04854030109909324,0.18598296069078568,0.13744265959169244,1,0,1,0
2275,2275.0,22.75,5.499999999999999,5.550082359059351,5.686436767268039,0.050082359059351766,0.18643676726803982,0.13635440820868805,1,0,1,0
2276,2276.0,22.76,5.499999999999999,5.553674433103596,5.6846724998660685,0.05367443310359654,0.18467249986606937,0.13099806676247283,1,0,1,0
2277,2277.0,22.77,5.499999999999999,5.55819689208343,5.6852387151851955,0.05819689208343082,0.1852387151851964,0.1270418231017656,1,0,1,0
2278,2278.0,22.78,5.499999999999999,5.5593461458247155,5.6860246512906505,0.05934614582471642,0.18602465129065138,0.12667850546593495,1,0,1,0
2279,2279.0,22.79,5.499999999999999,5.563526513938447,5.6858139712408375,0.06352651393844777,0.18581397124083843,0.12228745730239066,1,0,1,0
2280,2280.0,22.8,5.499999999999999,5.568228404384776,5.684184853784816,0.06822840438477673,0.1841848537848172,0.11595644940004046,1,0,1,0
2281,2281.0,22.81,5.499999999999999,5.570058126304134,5.683378417225266,0.07005812630413466,0.18337841722526704,0.11332029092113238,1,0,1,0
2282,2282.0,22.82,5.499999999999999,5.566312703571678,5.684639470844058,0.06631270357167907,0.18463947084405863,0.11832676727237956,1,0,1,0
2283,2283.0,22.83,5.499999999999999,5.567196218567171,5.685285031075935,0.0671962185671715,0.18528503107593597,0.11808881250876446,1,0,1,0
2284,2284.0,22.84,5.499999999999999,5.570419339533328,5.685587750931553,0.0704193395333288,0.18558775093155422,0.11516841139822542,1,0,1,0
2285,2285.0,22.85,5.499999999999999,5.568047292173576,5.6853748324734426,0.06804729217357686,0.18537483247344344,0.11732754029986658,1,0,1,0
2286,2286.0,22.86,5.499999999999999,5.564086835007691,5.684218403486784,0.06408683500769197,0.18421840348678487,0.1201315684790929,1,0,1,0
2287,2287.0,22.87,5.499999999999999,5.563163905275345,5.684492649371864,0.06316390527534566,0.18449264937186527,0.12132874409651961,1,0,1,0
2288,2288.0,22.88,5.499999999999999,5.562953146712426,5.683933096821184,0.06295314671242647,0.18393309682118453,0.12097995010875806,1,0,1,0
2289,2289.0,22.89,5.499999999999999,5.561752764114939,5.6839428247538715,0.06175276411493957,0.18394282475387236,0.12219006063893278,1,0,1,0
2290,2290.0,22.9,5.499999999999999,5.563771630697695,5.68402206392051,0.06377163069769587,0.18402206392051124,0.12025043322281537,1,0,1,0
2291,2291.0,22.91,5.499999999999999,5.564546283605418,5.684520878909772,0.06454628360541914,0.18452087890977253,0.11997459530435339,1,0,1,0
2292,2292.0,22.92,5.499999999999999,5.5615489004227765,5.68597966417347,0.061548900422777386,0.18597966417347056,0.12443076375069317,1,0,1,0
2293,2293.0,22.93,5.499999999999999,5.55911814055977,5.6856448825288295,0.059118140559770715,0.18564488252883038,0.12652674196905966,1,0,1,0
2294,2294.0,22.94,5.499999999999999,5.560132304415676,5.68618329814132,0.06013230441567696,0.18618329814132117,0.1260509937256442,1,0,1,0
2295,2295.0,22.95,5.499999999999999,5.55674084862727,5.686472569144418,0.056740848627271134,0.1864725691444189,0.12973172051714776,1,0,1,0
2296,2296.0,22.96,5.499999999999999,5.555973584913527,5.687617242118813,0.05597358491352811,0.18761724211881425,0.13164365720528615,1,0,1,0
2297,2297.0,22.97,5.499999999999999,5.556459459131518,5.6887637556174,0.05645945913151884,0.18876375561740133,0.1323042964858825,1,0,1,0
2298,2298.0,22.98,5.499999999999999,5.5531081416059305,5.6905765479566535,0.05310814160593136,0.19057654795665435,0.137468406350723,1,0,1,0
2299,2299.0,22.99,5.499999999999999,5.550734017587012,5.690490292749381,0.050734017587013014,0.19049029274938167,0.13975627516236866,1,0,1,0
2300,2300.0,23.0,5.499999999999999,5.552117137714485,5.690750592562302,0.052117137714486006,0.19075059256230276,0.13863345484781675,1,0,1,0
2301,2301.0,23.01,5.499999999999999,5.5506760157117645,5.68918161067014,0.05067601571176539,0.18918161067014072,0.13850559495837533,1,0,1,0
2302,2302.0,23.02,5.499999999999999,5.547293879090372,5.689358235732006,0.04729387909037275,0.18935823573200672,0.14206435664163397,1,0,1,0
2303,2303.0,23.03,5.499999999999999,5.546605629593792,5.689223721153681,0.04660562959379266,0.1892237211536818,0.14261809155988914,1,0,1,0
2304,2304.0,23.04,5.499999999999999,5.544880668273302,5.688139454901433,0.044880668273302504,0.18813945490143347,0.14325878662813096,1,0,1,0
2305,2305.0,23.05,5.499999999999999,5.543976552382099,5.688519286665618,0.043976552382099854,0.18851928666561868,0.14454273428351883,1,0,1,0
2306,2306.0,23.06,5.499999999999999,5.542627275176981,5.688850164520573,0.04262727517698206,0.18885016452057357,0.1462228893435915,1,0,1,0
2307,2307.0,23.07,5.499999999999999,5.539129266418649,5.689484138342146,0.03912926641864978,0.18948413834214684,0.15035487192349706,1,0,1,0
2308,2308.0,23.08,5.499999999999999,5.538688293759989,5.688195399837758,0.03868829375999017,0.1881953998377588,0.14950710607776863,1,0,1,0
2309,2309.0,23.09,5.499999999999999,5.538350545043157,5.686759546239678,0.0383505450431576,0.18675954623967872,0.14840900119652112,1,0,1,0
2310,2310.0,23.1,5.499999999999999,5.535302356801505,5.686471339913924,0.035302356801506285,0.18647133991392462,0.15116898311241833,1,0,1,0
2311,2311.0,23.11,5.499999999999999,5.534190947284044,5.685666319079663,0.034190947284044704,0.18566631907966347,0.15147537179561876,1,0,1,0
2312,2312.0,23.12,5.499999999999999,5.5350125298106425,5.686441272526764,0.0350125298106434,0.186441272526765,0.1514287427161216,1,0,1,0
2313,2313.0,23.13,5.499999999999999,5.535452329673913,5.684446922945536,0.03545232967391421,0.18444692294553722,0.148994593271623,1,0,1,0
2314,2314.0,23.14,5.499999999999999,5.533733111569461,5.684294081935637,0.033733111569461904,0.18429408193563823,0.15056097036617633,1,0,1,0
2315,2315.0,23.15,5.499999999999999,5.533403841634264,5.684428482509513,0.03340384163426524,0.1844284825095137,0.15102464087524847,1,0,1,0
2316,2316.0,23.16,5.499999999999999,5.528581358308845,5.683843630653329,0.028581358308845672,0.18384363065332998,0.1552622723444843,1,0,1,0
2317,2317.0,23.17,5.499999999999999,5.525323647446975,5.682092307275848,0.02532364744697624,0.18209230727584913,0.1567686598288729,1,0,1,0
2318,2318.0,23.18,5.499999999999999,5.526970719142809,5.681081060802884,0.026970719142809685,0.18108106080288522,0.15411034166007553,1,0,1,0
2319,2319.0,23.19,5.499999999999999,5.5239345899278165,5.6823424054983755,0.023934589927817385,0.18234240549837644,0.15840781557055905,1,0,1,0
2320,2320.0,23.2,5.499999999999999,5.520016281989572,5.682271885398682,0.02001628198957306,0.18227188539868333,0.16225560340911027,1,0,1,0
2321,2321.0,23.21,5.499999999999999,5.5180988862041085,5.682055478241059,0.018098886204109377,0.18205547824106016,0.1639565920369508,1,0,1,0
2322,2322.0,23.22,5.499999999999999,5.517295907095996,5.68192304843162,0.017295907095997265,0.18192304843162077,0.1646271413356235,1,0,1,0
2323,2323.0,23.23,5.499999999999999,5.513395754082854,5.681777494353494,0.013395754082854872,0.18177749435349533,0.16838174027064046,1,0,1,0
2324,2324.0,23.24,5.499999999999999,5.513447805611049,5.683114455510006,0.013447805611050079,0.18311445551000727,0.1696666498989572,1,0,1,0
2325,2325.0,23.25,5.499999999999999,5.509366230332316,5.682898021072361,0.00936623033231676,0.1828980210723623,0.17353179074004554,1,0,1,0
2326,2326.0,23.26,5.499999999999999,5.506846733893289,5.682436339115642,0.006846733893289603,0.18243633911564316,0.17558960522235356,1,0,1,0
2327,2327.0,23.27,5.499999999999999,5.507046727182028,5.682479525986826,0.007046727182029144,0.18247952598682726,0.17543279880479812,1,0,1,0
2328,2328.0,23.28,5.499999999999999,5.505189917892339,5.6840689965792555,0.0051899178923395795,0.18406899657925635,0.17887907868691677,1,0,1,0
2329,2329.0,23.29,5.499999999999999,5.502611251968487,5.685655747174403,0.002611251968487771,0.1856557471744038,0.18304449520591604,1,0,1,0
2330,2330.0,23.3,5.499999999999999,5.501741161051237,5.686023849344176,0.001741161051238116,0.18602384934417682,0.1842826882929387,1,0,1,0
2331,2331.0,23.31,5.499999999999999,5.498460209227525,5.686674628000022,0.0015397907724743476,0.18667462800002266,0.1851348372275483,1,0,1,0
2332,2332.0,23.32,5.499999999999999,5.495713509912784,5.68617844728024,0.004286490087214823,0.18617844728024124,0.18189195719302642,1,0,1,0
2333,2333.0,23.33,5.499999999999999,5.497078147353111,5.68738778898419,0.0029218526468879347,0.18738778898419106,0.18446593633730313,1,0,1,0
2334,2334.0,23.34,5.499999999999999,5.495801185453216,5.685444644861438,0.0041988145467835025,0.1854446448614393,0.1812458303146558,1,0,1,0
2335,2335.0,23.35,5.499999999999999,5.492923264887357,5.68490949513736,0.007076735112642396,0.18490949513736066,0.17783276002471826,1,0,1,0
2336,2336.0,23.36,5.499999999999999,5.492096585737321,5.6850054161817924,0.007903414262678155,0.18500541618179334,0.17710200191911518,1,0,1,0
2337,2337.0,23.37,5.499999999999999,5.493265995359316,5.685303180600963,0.006734004640683189,0.18530318060096374,0.17856917596028055,1,0,1,0
2338,2338.0,23.38,5.499999999999999,5.49199466731019,5.68519554570509,0.008005332689808853,0.1851955457050911,0.17719021301528226,1,0,1,0
2339,2339.0,23.39,5.499999999999999,5.493338078041002,5.68586527282968,0.006661921958997397,0.18586527282968124,0.17920335087068384,1,0,1,0
2340,2340.0,23.4,5.499999999999999,5.493797117047519,5.686161431596073,0.00620288295248006,0.1861614315960738,0.17995854864359373,1,0,1,0
2341,2341.0,23.41,5.499999999999999,5.494285455392359,5.685346912597439,0.005714544607640093,0.1853469125974403,0.1796323679898002,1,0,1,0
2342,2342.0,23.42,5.499999999999999,5.496089005149159,5.685703450834004,0.003910994850840233,0.18570345083400497,0.18179245598316474,1,0,1,0
2343,2343.0,23.43,5.499999999999999,5.496712379604939,5.686407663267541,0.0032876203950600313,0.1864076632675422,0.18312004287248218,1,0,1,0
2344,2344.0,23.44,5.499999999999999,5.49679722558698,5.686945201739912,0.0032027744130189717,0.18694520173991247,0.1837424273268935,1,0,1,0
2345,2345.0,23.45,5.499999999999999,5.495404743579901,5.686820739198301,0.004595256420097726,0.18682073919830167,0.18222548277820394,1,0,1,0
2346,2346.0,23.46,5.499999999999999,5.4965806736052505,5.68508247651408,0.003419326394748623,0.18508247651408105,0.18166315011933243,1,0,1,0
2347,2347.0,23.47,5.499999999999999,5.497755189883167,5.684666853186195,0.0022448101168324186,0.18466685318619547,0.18242204306936305,1,0,1,0
2348,2348.0,23.48,5.499999999999999,5.496451843622568,5.68394885188168,0.003548156377431333,0.18394885188168075,0.18040069550424942,1,0,1,0
2349,2349.0,23.49,5.499999999999999,5.499456434583768,5.684948747393707,0.0005435654162306847,0.18494874739370815,0.18440518197747746,1,0,1,0
2350,2350.0,23.5,5.499999999999999,5.500561649383237,5.683413534200049,0.0005616493832381053,0.18341353420005024,0.18285188481681214,1,0,1,0
2351,2351.0,23.51,5.499999999999999,5.500133748199047,5.6841425536622205,0.0001337481990475453,0.18414255366222143,0.18400880546317389,1,0,1,0
2352,2352.0,23.52,5.499999999999999,5.503165398091876,5.684836840418736,0.003165398091876881,0.18483684041873705,0.18167144232686017,1,0,1,0
2353,2353.0,23.53,5.499999999999999,5.504793695216325,5.6837516573075115,0.004793695216325666,0.18375165730751242,0.17895796209118675,1,0,1,0
2354,2354.0,23.54,5.499999999999999,5.508410013182708,5.683775972656401,0.008410013182708731,0.18377597265640233,0.1753659594736936,1,0,1,0
2355,2355.0,23.55,5.499999999999999,5.50983417953787,5.682933184773376,0.009834179537870469,0.18293318477337728,0.1730990052355068,1,0,1,0
2356,2356.0,23.56,5.499999999999999,5.509160208608129,5.683183464482039,0.009160208608129494,0.18318346448204004,0.17402325587391054,1,0,1,0
2357,2357.0,23.57,5.499999999999999,5.513216017054582,5.6830349697171325,0.01321601705458253,0.1830349697171334,0.16981895266255087,1,0,1,0
2358,2358.0,23.58,5.499999999999999,5.518211198236075,5.68282058116716,0.018211198236075532,0.18282058116716104,0.1646093829310855,1,0,1,0
2359,2359.0,23.59,5.499999999999999,5.519826173630814,5.682542461332615,0.019826173630814736,0.1825424613326163,0.16271628770180158,1,0,1,0
2360,2360.0,23.6,5.499999999999999,5.524580679263443,5.683492282948878,0.024580679263443983,0.18349228294887876,0.15891160368543478,1,0,1,0
2361,2361.0,23.61,5.499999999999999,5.526563055874359,5.684587619642826,0.026563055874359698,0.18458761964282733,0.15802456376846763,1,0,1,0
2362,2362.0,23.62,5.499999999999999,5.5274785899997125,5.684088066754989,0.02747858999971342,0.18408806675499,0.1566094767552766,1,0,1,0
2363,2363.0,23.63,5.499999999999999,5.534054331132405,5.6843947889015345,0.03405433113240619,0.18439478890153538,0.1503404577691292,1,0,1,0
2364,2364.0,23.64,5.499999999999999,5.540203902267958,5.684261698414915,0.040203902267959,0.18426169841491546,0.14405779614695646,1,0,1,0
2365,2365.0,23.65,5.499999999999999,5.545256627313276,5.684487507903273,0.045256627313277065,0.18448750790327395,0.13923088058999689,1,0,1,0
2366,2366.0,23.66,5.499999999999999,5.549796190098251,5.685460831576551,0.049796190098251536,0.18546083157655158,0.13566464147830004,1,0,1,0
2367,2367.0,23.67,5.499999999999999,5.556037638924369,5.686414494995472,0.05603763892437019,0.18641449499547313,0.13037685607110294,1,0,1,0
2368,2368.0,23.68,5.499999999999999,5.561125407500816,5.68617745692378,0.06112540750081674,0.1861774569237813,0.12505204942296455,1,0,1,0
2369,2369.0,23.69,5.499999999999999,5.565151545620474,5.685977599387546,0.0651515456204752,0.185977599387547,0.12082605376707178,1,0,1,0
2370,2370.0,23.7,5.499999999999999,5.570590756312745,5.687434065371512,0.07059075631274592,0.1874340653715132,0.11684330905876728,1,0,1,0
2371,2371.0,23.71,5.499999999999999,5.576854015895038,5.685456161785237,0.07685401589503904,0.18545616178523794,0.1086021458901989,1,0,1,0
2372,2372.0,23.72,5.499999999999999,5.582475142072091,5.684744910348753,0.0824751420720915,0.18474491034875395,0.10226976827666245,1,0,1,0
2373,2373.0,23.73,5.499999999999999,5.588587880478026,5.684328571629557,0.0885878804780269,0.18432857162955774,0.09574069115153083,1,0,0,1
2374,2374.0,23.74,5.499999999999999,5.596801819970887,5.683976334321108,0.09680181997088777,0.18397633432110894,0.08717451435022117,1,0,0,1
2375,2375.0,23.75,5.499999999999999,5.599589429030129,5.684857785226014,0.09958942903012957,0.18485778522601493,0.08526835619588535,1,0,0,1
2376,2376.0,23.76,5.499999999999999,5.602028600818728,5.683801270278417,0.10202860081872878,0.1838012702784182,0.08177266945968942,1,0,0,1
2377,2377.0,23.77,5.499999999999999,5.607550751163905,5.683704582140584,0.107550751163906,0.18370458214058516,0.07615383097667916,1,0,0,1
2378,2378.0,23.78,5.499999999999999,5.613063525627541,5.681643443751745,0.11306352562754185,0.1816434437517458,0.06857991812420394,1,0,0,1
2379,2379.0,23.79,5.499999999999999,5.617773492577265,5.681972408413103,0.11777349257726577,0.18197240841310425,0.06419891583583848,1,0,0,1
2380,2380.0,23.8,5.499999999999999,5.6214326942473525,5.6811063821709356,0.12143269424735337,0.18110638217093644,0.059673687923583074,1,0,0,1
2381,2381.0,23.81,5.499999999999999,5.627045773005739,5.681295155880637,0.12704577300574016,0.18129515588063772,0.054249382874897556,1,0,0,1
2382,2382.0,23.82,5.499999999999999,5.632920535195706,5.680905311347635,0.1329205351957068,0.18090531134763577,0.047984776151928976,1,0,0,1
2383,2383.0,23.83,5.499999999999999,5.633981984959052,5.682170811844836,0.13398198495905245,0.18217081184483686,0.04818882688578441,1,0,0,1
2384,2384.0,23.84,5.499999999999999,5.637749050432072,5.682909689912729,0.13774905043207308,0.18290968991273004,0.04516063948065696,1,0,0,1
2385,2385.0,23.85,5.499999999999999,5.639721614433658,5.681992583228164,0.13972161443365927,0.18199258322816458,0.042270968794505315,1,0,0,1
2386,2386.0,23.86,5.499999999999999,5.643273249145434,5.681941898927194,0.1432732491454347,0.18194189892719503,0.03866864978176032,1,0,0,1
2387,2387.0,23.87,5.499999999999999,5.645721989376749,5.6814418587535345,0.1457219893767503,0.18144185875353536,0.03571986937678506,1,0,0,1
2388,2388.0,23.88,5.499999999999999,5.6497791527468,5.682002272225768,0.14977915274680065,0.1820022722257688,0.032223119478968165,1,0,0,1
2389,2389.0,23.89,5.499999999999999,5.654853090676725,5.682480925106372,0.1548530906767258,0.18248092510637282,0.027627834429647002,1,0,0,1
2390,2390.0,23.9,5.499999999999999,5.655358624784201,5.681623177407409,0.15535862478420182,0.18162317740740974,0.026264552623207926,1,0,0,1
2391,2391.0,23.91,5.499999999999999,5.656918166769738,5.681232613113417,0.15691816676973858,0.18123261311341832,0.02431444634367974,1,0,0,1
2392,2392.0,23.92,5.499999999999999,5.659596368546983,5.680885491528262,0.15959636854698367,0.1808854915282625,0.02128912298127883,1,0,0,1
2393,2393.0,23.93,5.499999999999999,5.660478577615146,5.680441506504179,0.16047857761514717,0.18044150650418,0.019962928889032838,1,0,0,1
2394,2394.0,23.94,5.499999999999999,5.663544318138281,5.67970149410424,0.16354431813828185,0.17970149410424074,0.016157175965958892,1,0,0,1
2395,2395.0,23.95,5.499999999999999,5.663918446029762,5.678759451005655,0.16391844602976313,0.17875945100565627,0.014841004975893135,1,0,0,1
2396,2396.0,23.96,5.499999999999999,5.666659201281296,5.6772383149081165,0.16665920128129663,0.17723831490811737,0.010579113626820735,1,0,0,1
2397,2397.0,23.97,5.499999999999999,5.672807706842879,5.677909039145077,0.17280770684287994,0.17790903914507794,0.005101332302198003,1,0,0,1
2398,2398.0,23.98,5.499999999999999,5.672868336345392,5.678539704367769,0.17286833634539267,0.1785397043677701,0.005671368022377443,1,0,0,1
2399,2399.0,23.99,5.499999999999999,5.6733401814201185,5.6780810222610345,0.17334018142011942,0.1780810222610354,0.004740840840915972,1,0,0,1
2400,2400.0,24.0,5.499999999999999,5.672030678504908,5.678508791293329,0.1720306785049086,0.1785087912933303,0.006478112788421697,1,0,0,1
2401,2401.0,24.01,5.499556643518518,5.669507819537524,5.678214240921998,0.16995117601900667,0.17865759740347986,0.008706421384473195,1,0,0,1
2402,2402.0,24.02,5.499113287037037,5.6699052231145215,5.678965256773404,0.17079193607748433,0.17985196973636697,0.009060033658882638,1,0,0,1
2403,2403.0,24.03,5.498669930555556,5.6729473704828495,5.677893688269843,0.17427743992729372,0.17922375771428722,0.004946317786993504,1,0,0,1
2404,2404.0,24.04,5.498226574074075,5.671251757742687,5.677067059867648,0.17302518366861186,0.1788404857935726,0.005815302124960731,1,0,0,1
2405,2405.0,24.05,5.497783217592594,5.671321047194927,5.6790798008207295,0.1735378296023331,0.1812965832281357,0.0077587536258025835,1,0,0,1
2406,2406.0,24.06,5.4964630555555525,5.670897952807346,5.680079009311579,0.1744348972517935,0.18361595375602668,0.009181056504233176,1,0,0,1
2407,2407.0,24.07,5.495142893518517,5.669112760559225,5.6814178922114955,0.17396986704070727,0.18627499869297814,0.012305131652270873,1,0,0,1
2408,2408.0,24.08,5.493822731481483,5.670197017350119,5.68115915569815,0.17637428586863546,0.1873364242166673,0.010962138348031836,1,0,0,1
2409,2409.0,24.09,5.492502569444447,5.668778355226665,5.680647162665753,0.17627578578221748,0.18814459322130617,0.011868807439088691,1,0,0,1
2410,2410.0,24.1,5.491182407407407,5.667033128464494,5.680795425137178,0.17585072105708743,0.18961301772977102,0.013762296672683583,1,0,0,1
2411,2411.0,24.11,5.4890003009259285,5.670682157422693,5.681013371009113,0.18168185649676438,0.1920130700831848,0.010331213586420418,1,0,0,1
2412,2412.0,24.12,5.486818194444445,5.671274001958003,5.681318409724021,0.18445580751355806,0.19450021527957606,0.010044407766018004,1,0,0,1
2413,2413.0,24.13,5.484636087962961,5.671175840124129,5.680131593180494,0.1865397521611678,0.1954955052175329,0.00895575305636509,1,0,0,1
2414,2414.0,24.14,5.482453981481483,5.6699816663136415,5.680498429772717,0.18752768483215831,0.1980444482912338,0.010516763459075484,1,0,0,1
2415,2415.0,24.15,5.480271874999999,5.667191891480053,5.681164764799412,0.1869200164800544,0.20089288979941333,0.013972873319358925,1,0,0,1
2416,2416.0,24.16,5.4772426851851845,5.668242792093186,5.680020306613304,0.1910001069080014,0.20277762142811984,0.011777514520118437,1,0,0,1
2417,2417.0,24.17,5.474213495370369,5.668220447207116,5.6795846162250685,0.1940069518367462,0.2053711208546991,0.011364169017952896,1,0,0,1
2418,2418.0,24.18,5.471184305555554,5.667325729406188,5.678633733174152,0.1961414238506336,0.20744942761859786,0.011308003767964259,1,0,0,1
2419,2419.0,24.19,5.468155115740739,5.668547102165118,5.676841802546537,0.20039198642437928,0.20868668680579816,0.008294700381418885,1,0,0,1
2420,2420.0,24.2,5.465125925925924,5.671126840967138,5.676948085955842,0.20600091504121387,0.21182216002991794,0.005821244988704066,1,0,0,1
2421,2421.0,24.21,5.461264513888889,5.673126700225557,5.676798437926897,0.21186218633666876,0.21553392403800853,0.0036717377013397723,1,0,0,1
2422,2422.0,24.22,5.457403101851854,5.671383963485853,5.674044059834439,0.2139808616339991,0.21664095798258476,0.002660096348585661,1,0,0,1
2423,2423.0,24.23,5.453541689814814,5.667317453627607,5.671426574918575,0.2137757638127935,0.21788488510376158,0.004109121290968076,1,0,0,1
2424,2424.0,24.24,5.449680277777778,5.666642214863309,5.669130832458469,0.21696193708553047,0.21945055468069086,0.0024886175951603917,1,0,0,1
2425,2425.0,24.25,5.445818865740738,5.666527888511154,5.6669244967311325,0.22070902277041604,0.2211056309903947,0.0003966082199786669,1,0,0,1
2426,2426.0,24.26,5.441140092592595,5.664349190005944,5.665989988829282,0.22320909741334916,0.22484989623668739,0.0016407988233382298,1,0,0,1
2427,2427.0,24.27,5.4364613194444456,5.666162842982041,5.662570078377515,0.22970152353759588,0.22610875893306925,-0.0035927646045266215,1,0,0,1
2428,2428.0,24.28,5.431782546296296,5.666344155700361,5.658736023138571,0.23456160940406434,0.22695347684227496,-0.0076081325617893825,1,0,0,1
2429,2429.0,24.29,5.427103773148148,5.666352899661067,5.65498773016543,0.2392491265129193,0.2278839570172817,-0.011365169495637595,1,0,0,1
2430,2430.0,24.3,5.422424999999999,5.666009606816266,5.651724929587199,0.2435846068162677,0.22929992958720025,-0.014284677229067455,1,0,0,1
2431,2431.0,24.31,5.416943726851853,5.665602407329306,5.647715831277315,0.24865868047745288,0.23077210442546203,-0.017886576051990843,1,0,0,1
2432,2432.0,24.32,5.4114624537037015,5.664479027828172,5.643265251946932,0.2530165741244703,0.2318027982432307,-0.021213775881239627,1,0,0,1
2433,2433.0,24.33,5.405981180555556,5.657817019876289,5.638277588240858,0.2518358393207327,0.23229640768530224,-0.019539431635430482,1,0,0,1
2434,2434.0,24.34,5.40049990740741,5.653691078081116,5.635372196471577,0.25319117067370644,0.23487228906416746,-0.018318881609538984,1,0,0,1
2435,2435.0,24.35,5.395018634259258,5.648707041290889,5.632307974700797,0.253688407031631,0.2372893404415395,-0.016399066590091493,1,0,0,1
2436,2436.0,24.36,5.388749722222221,5.650352836569188,5.6277403145129785,0.2616031143469666,0.23899059229075714,-0.02261252205620945,1,0,0,1
2437,2437.0,24.37,5.382480810185184,5.652144305690283,5.626694778641633,0.2696634955050987,0.2442139684564486,-0.02544952704865011,1,0,0,1
2438,2438.0,24.38,5.376211898148147,5.652383041600841,5.622563242179306,0.2761711434526948,0.24635134403115977,-0.02981979942153501,1,0,0,1
2439,2439.0,24.39,5.36994298611111,5.651814544874367,5.619503420362862,0.28187155876325676,0.24956043425175167,-0.032311124511505085,1,0,0,1
2440,2440.0,24.4,5.363674074074074,5.64711661667306,5.612868663233204,0.28344254259898616,0.2491945891591305,-0.03424795343985565,1,0,0,1
2441,2441.0,24.41,5.356632384259257,5.646931131310759,5.6084909623654795,0.2902987470515024,0.2518585781062228,-0.038440168945279574,1,0,0,1
2442,2442.0,24.42,5.34959069444444,5.644991134318127,5.60390445338117,0.2954004398736876,0.25431375893673014,-0.04108668093695744,1,0,0,1
2443,2443.0,24.43,5.342549004629629,5.642834010610697,5.598523255372939,0.3002850059810678,0.2559742507433098,-0.04431075523775796,1,0,0,1
2444,2444.0,24.44,5.335507314814812,5.642174091239865,5.594268346044269,0.306666776425053,0.25876103122945704,-0.04790574519559598,1,0,0,1
2445,2445.0,24.45,5.3284656250000015,5.640443304080068,5.588791212327203,0.31197767908006657,0.2603255873272019,-0.05165209175286467,1,0,0,1
2446,2446.0,24.46,5.320666018518517,5.641271971129049,5.584370488103953,0.32060595261053226,0.26370446958543603,-0.05690148302509623,1,0,0,1
2447,2447.0,24.47,5.312866412037038,5.637074965890301,5.578551797837233,0.3242085538532633,0.26568538580019485,-0.05852316805306845,1,0,0,1
2448,2448.0,24.48,5.305066805555552,5.632079457253746,5.572130824744331,0.32701265169819393,0.267064019188779,-0.059948632509414956,1,0,0,1
2449,2449.0,24.49,5.297267199074073,5.629582698759433,5.567965372168393,0.33231549968535923,0.27069817309431965,-0.06161732659103958,1,0,0,1
2450,2450.0,24.5,5.289467592592595,5.6278888973013235,5.561994556767269,0.3384213047087288,0.27252696417467437,-0.06589434053405441,1,0,0,1
2451,2451.0,24.51,5.280924930555553,5.631242740588635,5.5574401029152085,0.35031781003308193,0.2765151723596553,-0.07380263767342665,1,0,0,1
2452,2452.0,24.52,5.272382268518517,5.630492046191212,5.551413638660295,0.3581097776726949,0.2790313701417775,-0.07907840753091744,1,0,0,1
2453,2453.0,24.53,5.263839606481482,5.629577723769379,5.544686710645019,0.36573811728789707,0.280847104163537,-0.08489101312436009,1,0,0,1
2454,2454.0,24.54,5.255296944444446,5.628527456319437,5.539517237132797,0.3732305118749917,0.28422029268835125,-0.08901021918664043,1,0,0,1
2455,2455.0,24.55,5.246754282407404,5.628259869264051,5.5321360603688605,0.3815055868566466,0.28538177796145625,-0.09612380889519034,1,0,0,1
2456,2456.0,24.56,5.237483425925923,5.628577665688283,5.527165108792236,0.39109423976236,0.2896816828663127,-0.10141255689604733,1,1,0,0
2457,2457.0,24.57,5.228212569444443,5.624806871612249,5.5194769304504145,0.3965943021678058,0.29126436100597175,-0.10532994116183403,1,1,0,0
2458,2458.0,24.58,5.218941712962961,5.619299078367991,5.512629054227826,0.4003573654050303,0.2936873412648655,-0.1066700241401648,1,1,0,0
2459,2459.0,24.59,5.20967085648148,5.617495784641868,5.504175373634981,0.4078249281603874,0.29450451715350034,-0.11332041100688706,1,1,0,0
2460,2460.0,24.6,5.200399999999999,5.618492803615813,5.496039843296848,0.4180928036158136,0.2956398432968488,-0.1224529603189648,1,1,0,0
2461,2461.0,24.61,5.1904158101851845,5.619743330595296,5.488344796726894,0.42932752041011124,0.2979289865417094,-0.13139853386840183,1,1,0,0
2462,2462.0,24.62,5.18043162037037,5.618259999846303,5.480848752608977,0.437828379475933,0.3004171322386071,-0.1374112472373259,1,1,0,0
2463,2463.0,24.63,5.170447430555555,5.615842293207921,5.471771288761828,0.44539486265236583,0.30132385820627317,-0.14407100444609267,1,1,0,0
2464,2464.0,24.64,5.16046324074074,5.613230774134816,5.462949412526679,0.45276753339407616,0.3024861717859384,-0.15028136160813776,1,1,0,0
2465,2465.0,24.65,5.150479050925926,5.6112616452484225,5.453257068491941,0.46078259432249613,0.3027780175660144,-0.15800457675648172,1,1,0,0
2466,2466.0,24.66,5.139796388888889,5.609026672808831,5.446289240376878,0.46923028391994226,0.306492851487989,-0.16273743243195327,1,1,0,0
2467,2467.0,24.67,5.129113726851852,5.6100118662462615,5.43772192618783,0.4808981393944096,0.3086081993359784,-0.17228994005843123,1,1,0,0
2468,2468.0,24.68,5.118431064814814,5.611386203428366,5.4279084043165335,0.492955138613552,0.3094773395017194,-0.1834777991118326,1,1,0,0
2469,2469.0,24.69,5.107748402777778,5.607967297803853,5.417449461906812,0.5002188950260749,0.3097010591290337,-0.1905178358970412,1,1,0,0
2470,2470.0,24.7,5.0970657407407405,5.605132909406411,5.409761073995433,0.5080671686656704,0.3126953332546929,-0.19537183541097747,1,1,0,0
2471,2471.0,24.71,5.085699467592592,5.607635496863699,5.4021922891740335,0.5219360292711066,0.3164928215814413,-0.20544320768966529,1,1,0,0
2472,2472.0,24.72,5.074333194444446,5.6058407742126395,5.393271649118823,0.5315075797681938,0.3189384546743774,-0.21256912509381642,1,1,0,0
2473,2473.0,24.73,5.062966921296297,5.604928195443385,5.382830570182206,0.5419612741470878,0.31986364888590835,-0.2220976252611795,1,1,0,0
2474,2474.0,24.74,5.051600648148144,5.60266301549435,5.373568276244379,0.5510623673462067,0.32196762809623536,-0.22909473924997137,1,1,0,0
2475,2475.0,24.75,5.040234375000002,5.599320982929089,5.3638745030046255,0.5590866079290873,0.32364012800462394,-0.23544647992446333,1,1,0,0
2476,2476.0,24.76,5.028199351851849,5.599924084830645,5.3553763491215625,0.5717247329787964,0.3271769972697136,-0.24454773570908284,1,1,0,0
2477,2477.0,24.77,5.016164328703702,5.600189301803179,5.34484247798723,0.5840249730994769,0.3286781492835278,-0.2553468238159491,1,1,0,0
2478,2478.0,24.78,5.004129305555555,5.597489565581218,5.3339751233044455,0.5933602600256629,0.32984581774889055,-0.26351444227677234,1,1,0,0
2479,2479.0,24.79,4.9920942824074075,5.595121096887309,5.3233249432952015,0.6030268144799011,0.33123066088779396,-0.2717961535921072,1,1,0,0
2480,2480.0,24.8,4.98005925925926,5.5924847117601235,5.311846279055627,0.6124254525008634,0.3317870197963666,-0.28063843270449684,1,1,0,0
2481,2481.0,24.81,4.96737034722222,5.590928416958082,5.302355628032977,0.6235580697358625,0.3349852808107574,-0.2885727889251051,1,1,0,0
2482,2482.0,24.82,4.954681435185186,5.589793510192148,5.29137617121749,0.6351120750069628,0.33669473603230404,-0.2984173389746587,1,1,0,0
2483,2483.0,24.83,4.941992523148144,5.58629316247979,5.280764387629174,0.6443006393316457,0.33877186448102936,-0.30552877485061636,1,1,0,0
2484,2484.0,24.84,4.929303611111109,5.583025477848926,5.268576023005043,0.6537218667378166,0.3392724118939334,-0.3144494548438832,1,1,0,0
2485,2485.0,24.85,4.916614699074074,5.578731222479656,5.25694828285976,0.6621165234055821,0.3403335837856858,-0.32178293961989635,1,1,0,0
2486,2486.0,24.86,4.903286759259258,5.577497449158176,5.246578097605042,0.674210689898918,0.34329133834578407,-0.3309193515531339,1,1,0,0
2487,2487.0,24.87,4.88995881944444,5.575786804214691,5.234174980673308,0.6858279847702509,0.3442161612288679,-0.341611823541383,1,1,0,0
2488,2488.0,24.88,4.876630879629629,5.572397822830157,5.223302549827125,0.6957669432005282,0.34667167019749545,-0.3490952730030328,1,1,0,0
2489,2489.0,24.89,4.863302939814812,5.567405369556506,5.211251534104569,0.7041024297416945,0.34794859428975755,-0.3561538354519369,1,1,0,0
2490,2490.0,24.9,4.849974999999995,5.562614572493015,5.199359322134339,0.7126395724930195,0.3493843221343438,-0.3632552503586757,1,1,0,0
2491,2491.0,24.91,4.836022893518519,5.559967017732713,5.188073616756559,0.723944124214194,0.35205072323803943,-0.37189340097615453,1,1,0,0
2492,2492.0,24.92,4.822070787037037,5.556704814886377,5.174865444819545,0.7346340278493395,0.35279465778250785,-0.38183937006683166,1,1,0,0
2493,2493.0,24.93,4.808118680555555,5.551769268638271,5.163199585057724,0.7436505880827156,0.35508090450216834,-0.3885696835805472,1,1,0,0
2494,2494.0,24.94,4.794166574074074,5.546599467843424,5.150348299781888,0.7524328937693499,0.35618172570781415,-0.3962511680615357,1,1,0,0
2495,2495.0,24.95,4.780214467592592,5.541966132575521,5.137723414039899,0.7617516649829286,0.35750894644730646,-0.4042427185356221,1,1,0,0
2496,2496.0,24.96,4.765653055555556,5.536712279841578,5.126605748774072,0.7710592242860219,0.36095269321851564,-0.4101065310675063,1,1,0,0
2497,2497.0,24.97,4.751091643518521,5.531733719078054,5.1147743688634595,0.7806420755595331,0.3636827253449386,-0.4169593502145945,1,1,0,0
2498,2498.0,24.98,4.7365302314814794,5.525595010529705,5.100901533525151,0.7890647790482257,0.3643713020436712,-0.4246934770045545,1,1,0,0
2499,2499.0,24.99,4.721968819444439,5.519530734217195,5.087874846252798,0.7975619147727562,0.36590602680835893,-0.43165588796439724,1,1,0,0
2500,2500.0,25.0,4.70740740740741,5.514527709804717,5.074598555590074,0.8071203023973075,0.3671911481826644,-0.43992915421464307,1,1,0,0
2501,2501.0,25.01,4.692251550925921,5.50941393981204,5.060833822269065,0.8171623888861195,0.36858227134314436,-0.4485801175429751,1,1,0,0
2502,2502.0,25.02,4.677095694444444,5.504025161303038,5.045849618732977,0.8269294668585943,0.3687539242885336,-0.45817554257006066,1,1,0,0
2503,2503.0,25.03,4.661939837962961,5.4974448788225105,5.032301417978684,0.8355050408595499,0.3703615800157234,-0.4651434608438265,1,1,0,0
2504,2504.0,25.04,4.646783981481484,5.492437875104705,5.019548754779292,0.8456538936232212,0.3727647732978081,-0.4728891203254131,1,1,0,0
2505,2505.0,25.05,4.631628125000001,5.486099013593677,5.004553453675157,0.854470888593676,0.37292532867515593,-0.4815455599185201,1,1,0,0
2506,2506.0,25.06,4.615892685185181,5.479392286420763,4.992554104275214,0.8634996012355822,0.37666141909003326,-0.48683818214554897,1,1,0,0
2507,2507.0,25.07,4.600157245370368,5.472740101409177,4.979540446373746,0.8725828560388091,0.3793832010033782,-0.49319965503543095,1,1,0,0
2508,2508.0,25.08,4.584421805555555,5.4669931783496,4.96551129617557,0.8825713727940458,0.38108949062001507,-0.5014818821740308,1,1,0,0
2509,2509.0,25.09,4.568686365740741,5.459889945028401,4.951287755626888,0.8912035792876596,0.38260138988614667,-0.5086021894015129,1,1,0,0
2510,2510.0,25.1,4.552950925925922,5.451813555954973,4.9370905115377255,0.8988626300290514,0.3841395856118037,-0.5147230444172477,1,1,0,0
2511,2511.0,25.11,4.53665076388889,5.443647317873343,4.924542577310315,0.9069965539844533,0.3878918134214251,-0.5191047405630282,1,1,0,0
2512,2512.0,25.12,4.5203506018518524,5.434699501654142,4.909939877085204,0.91434889980229,0.38958927523335163,-0.5247596245689383,1,1,0,0
2513,2513.0,25.13,4.504050439814814,5.426889884528001,4.895485498318714,0.9228394447131869,0.3914350585038999,-0.531404386209287,1,1,0,0
2514,2514.0,25.14,4.487750277777776,5.417826436774917,4.879820566314992,0.9300761589971414,0.3920702885372158,-0.5380058704599255,1,1,0,0
2515,2515.0,25.15,4.471450115740738,5.407250425733844,4.863448838126469,0.9358003099931063,0.39199872238573086,-0.5438015876073754,1,1,0,0
2516,2516.0,25.16,4.454600092592592,5.398446445888206,4.848673805369535,0.9438463532956138,0.3940737127769429,-0.5497726405186709,1,1,0,0
2517,2517.0,25.17,4.437750069444441,5.388338446410394,4.83347591145836,0.9505883769659533,0.3957258420139196,-0.5548625349520337,1,1,0,0
2518,2518.0,25.18,4.420900046296295,5.376504769425045,4.817714824215471,0.9556047231287499,0.3968147779191753,-0.5587899452095746,1,1,0,0
2519,2519.0,25.19,4.404050023148144,5.365500435445211,4.801225170535991,0.9614504122970677,0.39717514738784754,-0.5642752649092202,1,1,0,0
2520,2520.0,25.2,4.3872000000000035,5.353929169689415,4.786307178436078,0.9667291696894118,0.3991071784360747,-0.5676219912533371,1,1,0,0
2521,2521.0,25.21,4.369814976851852,5.34343717252364,4.772833620306517,0.9736221956717879,0.403018643454665,-0.5706035522171229,1,1,0,0
2522,2522.0,25.22,4.352429953703704,5.331717682077234,4.756597488864859,0.9792877283735297,0.40416753516115467,-0.5751201932123751,1,1,0,0
2523,2523.0,25.23,4.335044930555557,5.320291592183879,4.739297325456574,0.985246661628322,0.4042523949010173,-0.5809942667273047,1,1,0,0
2524,2524.0,25.24,4.317659907407403,5.309040981515449,4.72175827628364,0.9913810741080455,0.4040983688762365,-0.587282705231809,1,1,0,0
2525,2525.0,25.25,4.300274884259257,5.2975027733355375,4.705847838885333,0.9972278890762807,0.40557295462607623,-0.5916549344502045,1,1,0,0
2526,2526.0,25.26,4.282369722222219,5.288582685848669,4.689482705818639,1.0062129636264503,0.40711298359642,-0.5990999800300303,1,1,0,0
2527,2527.0,25.27,4.264464560185187,5.276115660098927,4.672199844237117,1.01165109991374,0.40773528405192927,-0.6039158158618108,1,1,0,0
2528,2528.0,25.28,4.246559398148144,5.2615550783967295,4.655141251065261,1.0149956802485853,0.40858185291711724,-0.6064138273314681,1,1,0,0
2529,2529.0,25.29,4.228654236111112,5.249040341652708,4.63698806930122,1.0203861055415961,0.40833383319010874,-0.6120522723514874,1,1,0,0
2530,2530.0,25.3,4.210749074074075,5.2367313545429335,4.621440075999142,1.0259822804688588,0.41069100192506713,-0.6152912785437916,1,1,0,0
2531,2531.0,25.31,4.192338634259253,5.224355983919528,4.605317423262974,1.0320173496602756,0.41297878900372176,-0.6190385606565538,1,1,0,0
2532,2532.0,25.32,4.173928194444442,5.211974785828213,4.588280633055131,1.0380465913837709,0.41435243861068916,-0.6236941527730817,1,1,0,0
2533,2533.0,25.33,4.155517754629625,5.19852015283122,4.570574372516893,1.0430023982015948,0.41505661788726744,-0.6279457803143274,1,1,0,0
2534,2534.0,25.34,4.1371073148148145,5.183994199609711,4.553839030008421,1.0468868847948967,0.4167317151936061,-0.6301551696012906,1,1,0,0
2535,2535.0,25.35,4.118696874999999,5.171390127287361,4.537162918328758,1.0526932522873622,0.4184660433287597,-0.6342272089586025,1,1,0,0
2536,2536.0,25.36,4.0997960185185205,5.158002133216707,4.5209391537181585,1.0582061146981863,0.421143135199638,-0.6370629794985483,1,1,0,0
2537,2537.0,25.37,4.080895162037037,5.144744930777333,4.503416770233945,1.0638497687402957,0.42252160819690765,-0.641328160543388,1,1,0,0
2538,2538.0,25.38,4.061994305555559,5.131553159674865,4.485949973551756,1.0695588541193057,0.4239556679961973,-0.6456031861231084,1,1,0,0
2539,2539.0,25.39,4.0430934490740755,5.117504836969883,4.466899215084873,1.0744113878958075,0.42380576601079767,-0.6506056218850098,1,1,0,0
2540,2540.0,25.4,4.024192592592586,5.104698311173883,4.450018678285536,1.0805057185812972,0.42582608569295033,-0.6546796328883469,1,1,0,0
2541,2541.0,25.41,4.004816180555553,5.0904394863194415,4.43415586808276,1.0856233057638889,0.4293396875272073,-0.6562836182366816,1,1,0,0
2542,2542.0,25.42,3.9854397685185132,5.075809557535705,4.415094055109423,1.090369789017192,0.42965428659090943,-0.6607155024262825,1,1,0,0
2543,2543.0,25.43,3.966063356481479,5.061584265296461,4.397614174358448,1.095520908814982,0.4315508178769685,-0.6639700909380135,1,1,0,0
2544,2544.0,25.44,3.9466869444444397,5.046066722391933,4.38035658766833,1.099379777947493,0.43366964322389023,-0.6657101347236027,1,1,0,0
2545,2545.0,25.45,3.927310532407406,5.029180077496064,4.363032385654699,1.101869545088658,0.43572185324729285,-0.6661476918413651,1,1,0,0
2546,2546.0,25.46,3.907473425925922,5.015744904312084,4.345582557261673,1.1082714783861616,0.4381091313357506,-0.670162347050411,1,1,0,0
2547,2547.0,25.47,3.8876363194444443,5.00296091871451,4.32613040241194,1.1153245992700653,0.4384940829674959,-0.6768305163025694,1,1,0,0
2548,2548.0,25.48,3.8677992129629604,4.986515621419279,4.307258628417995,1.118716408456319,0.43945941545503464,-0.6792569930012844,1,1,0,0
2549,2549.0,25.49,3.8479621064814764,4.968861363945286,4.2878362841578985,1.1208992574638095,0.4398741776764221,-0.6810250797873874,1,1,0,0
2550,2550.0,25.5,3.8281249999999987,4.9538585807664335,4.269935403242919,1.1257335807664348,0.44181040324292065,-0.6839231775235142,1,1,0,0
2551,2551.0,25.51,3.807842060185182,4.939138942511363,4.251862086461873,1.1312968823261809,0.4440200262766911,-0.6872768560494897,1,1,0,0
2552,2552.0,25.52,3.787559120370371,4.924047063904807,4.231063304282178,1.1364879435344357,0.443504183911807,-0.6929837596226287,1,1,0,0
2553,2553.0,25.53,3.767276180555554,4.908688909112769,4.210863367706718,1.1414127285572149,0.4435871871511643,-0.6978255414060506,1,1,0,0
2554,2554.0,25.54,3.7469932407407427,4.8919026679554785,4.190444442974157,1.1449094272147358,0.4434512022334145,-0.7014582249813213,1,1,0,0
2555,2555.0,25.55,3.726710300925926,4.876119038840655,4.171622824934389,1.149408737914729,0.44491252400846326,-0.7044962139062658,1,1,0,0
2556,2556.0,25.56,3.7059963888888827,4.858895118406869,4.153137919837248,1.152898729517986,0.4471415309483655,-0.7057571985696205,1,1,0,0
2557,2557.0,25.57,3.6852824768518504,4.843096445621083,4.135729437520102,1.1578139687692328,0.45044696066825196,-0.7073670081009809,1,1,0,0
2558,2558.0,25.58,3.6645685648148123,4.82517545738912,4.116066134480183,1.1606068925743078,0.45149756966537113,-0.7091093229089367,1,1,0,0
2559,2559.0,25.59,3.64385465277778,4.8089217741662065,4.095019943514613,1.1650671213884265,0.45116529073683287,-0.7139018306515936,1,1,0,0
2560,2560.0,25.6,3.6231407407407366,4.791026572352388,4.075144688540777,1.1678858316116516,0.4520039478000406,-0.715881883811611,1,1,0,0
2561,2561.0,25.61,3.6020107175925937,4.774529304374854,4.055805450522976,1.1725185867822598,0.45379473293038197,-0.7187238538518779,1,1,0,0
2562,2562.0,25.62,3.5808806944444402,4.7581981302254315,4.03678885002682,1.1773174357809912,0.45590815558237985,-0.7214092801986114,1,1,0,0
2563,2563.0,25.63,3.559750671296298,4.740487387987061,4.015045398291043,1.1807367166907632,0.4552947269947447,-0.7254419896960185,1,1,0,0
2564,2564.0,25.64,3.538620648148144,4.723759713011168,3.9937756518962972,1.1851390648630238,0.4551550037481533,-0.7299840611148705,1,1,0,0
2565,2565.0,25.65,3.517490624999996,4.706927220367988,3.97378988129311,1.189436595367992,0.45629925629311385,-0.7331373390748781,1,1,0,0
2566,2566.0,25.66,3.49595935185185,4.689931585470834,3.9550234252332217,1.1939722336189842,0.4590640733813718,-0.7349081602376124,1,1,0,0
2567,2567.0,25.67,3.474428078703698,4.672561184925838,3.935245341678771,1.1981331062221403,0.4608172629750733,-0.737315843247067,1,1,0,0
2568,2568.0,25.68,3.452896805555557,4.656082205039976,3.913438432880303,1.2031853994844188,0.460541627324746,-0.7426437721596728,1,1,0,0
2569,2569.0,25.69,3.431365532407405,4.6385392949931905,3.8921716796241146,1.2071737625857857,0.46080614721670976,-0.7463676153690759,1,1,0,0
2570,2570.0,25.7,3.409834259259258,4.6214160696482995,3.8720013596328564,1.2115818103890414,0.4621671003735983,-0.7494147100154431,1,1,0,0
2571,2571.0,25.71,3.3879165972222194,4.606384821935816,3.8535093652577026,1.2184682247135963,0.4655927680354832,-0.7528754566781131,1,1,0,0
2572,2572.0,25.72,3.3659989351851856,4.58844153571313,3.834080992459445,1.2224426005279447,0.46808205727425944,-0.7543605432536853,1,1,0,0
2573,2573.0,25.73,3.344081273148147,4.571943562802737,3.8121782849631782,1.22786228965459,0.4680970118150314,-0.7597652778395587,1,1,0,0
2574,2574.0,25.74,3.3221636111111077,4.553160880355948,3.790998290430393,1.2309972692448405,0.46883467931928546,-0.7621625899255551,1,1,0,0
2575,2575.0,25.75,3.3002459490740743,4.535536620145863,3.7713285125888363,1.2352906710717888,0.47108256351476196,-0.7642081075570268,1,1,0,0
2576,2576.0,25.76,3.277956759259254,4.519358343438351,3.753072136782918,1.2414015841790973,0.47511537752366406,-0.7662862066554332,1,1,0,0
2577,2577.0,25.77,3.255667569444445,4.5031769859965225,3.7304598549795256,1.2475094165520777,0.4747922855350808,-0.7727171310169969,1,1,0,0
2578,2578.0,25.78,3.2333783796296247,4.48578822045382,3.707777024033019,1.2524098408241953,0.4743986444033941,-0.7780111964208012,1,1,0,0
2579,2579.0,25.79,3.2110891898148157,4.4688207495290575,3.684851443883291,1.2577315597142418,0.4737622540684754,-0.7839693056457664,1,1,0,0
2580,2580.0,25.8,3.188799999999995,4.452942308213528,3.664870566429457,1.2641423082135326,0.476070566429462,-0.7880717417840706,1,1,0,0
2581,2581.0,25.81,3.166154143518511,4.437992729992275,3.6465338350994916,1.271838586473764,0.4803796915809806,-0.7914588948927834,1,1,0,0
2582,2582.0,25.82,3.1435082870370383,4.4225835186514475,3.6254608690272714,1.2790752316144092,0.48195258199023305,-0.7971226496241761,1,1,0,0
2583,2583.0,25.83,3.120862430555554,4.406686426808365,3.6031192339157165,1.285823996252811,0.4822568033601624,-0.8035671928926487,1,1,0,0
2584,2584.0,25.84,3.0982165740740752,4.3908531696059825,3.5786712458495957,1.2926365955319072,0.4804546717755205,-0.8121819237563868,1,1,0,0
2585,2585.0,25.85,3.075570717592591,4.375833559492758,3.556810731782669,1.300262841900167,0.4812400141900781,-0.8190228277100888,1,1,0,0
2586,2586.0,25.86,3.052583055555554,4.35910356613357,3.535328393951915,1.3065205105780162,0.4827453383963607,-0.8237751721816555,1,1,0,0
2587,2587.0,25.87,3.0295953935185174,4.3409428781093995,3.5133519876093913,1.3113474845908821,0.4837565940908739,-0.8275908905000082,1,1,0,0
2588,2588.0,25.88,3.0066077314814863,4.325546491042298,3.4888871672126616,1.3189387595608113,0.48227943573117527,-0.836659323829636,1,1,0,0
2589,2589.0,25.89,2.9836200694444432,4.311107441357378,3.4638298786119934,1.3274873719129348,0.4802098091675502,-0.8472775627453846,1,1,0,0
2590,2590.0,25.9,2.9606324074074006,4.294499339373166,3.441391558562043,1.3338669319657654,0.4807591511546425,-0.8531077808111229,1,1,0,0
2591,2591.0,25.91,2.937317800925923,4.276061079446686,3.4193055751313275,1.338743278520763,0.4819877742054044,-0.8567555043153585,1,1,0,0
2592,2592.0,25.92,2.9140031944444393,4.260307488508534,3.3968976872363577,1.3463042940640948,0.4828944927919183,-0.8634098012721765,1,1,0,0
2593,2593.0,25.93,2.8906885879629614,4.243830853702076,3.3730111929197335,1.3531422657391148,0.48232260495677215,-0.8708196607823426,1,1,0,0
2594,2594.0,25.94,2.8673739814814776,4.2296057741894675,3.3498656358258154,1.3622317927079899,0.48249165434433783,-0.8797401383636521,1,1,0,0
2595,2595.0,25.95,2.844059375,4.2144558489987185,3.328274018498719,1.3703964739987184,0.4842146434987189,-0.8861818304999995,1,1,0,0
2596,2596.0,25.96,2.820432685185181,4.199052357510032,3.306079653315131,1.3786196723248514,0.48564696812995,-0.8929727041949014,1,1,0,0
2597,2597.0,25.97,2.7968059953703737,4.180784225669586,3.2829197190347412,1.3839782302992125,0.48611372366436756,-0.897864506634845,1,1,0,0
2598,2598.0,25.98,2.7731793055555545,4.162561713609029,3.257837300448227,1.3893824080534745,0.4846579948926726,-0.9047244131608019,1,1,0,0
2599,2599.0,25.99,2.7495526157407357,4.14571246873163,3.2344457946330007,1.3961598529908943,0.484893178892265,-0.9112666740986293,1,1,0,0
2600,2600.0,26.0,2.725925925925928,4.129271218201467,3.210693266207909,1.4033452922755387,0.484767340281981,-0.9185779519935577,1,1,0,0
2601,2601.0,26.01,2.7020020138888854,4.11280802166576,3.1889269199986816,1.4108060077768747,0.4869249061097962,-0.9238811016670785,1,1,0,0
2602,2602.0,26.02,2.678078101851854,4.094013970985828,3.166224560668043,1.4159358691339743,0.488146458816189,-0.9277894103177853,1,1,0,0
2603,2603.0,26.03,2.654154189814811,4.075948448653711,3.1426850937802886,1.4217942588388999,0.4885309039654775,-0.9332633548734224,1,1,0,0
2604,2604.0,26.04,2.63023027777778,4.057376793214514,3.120329212724118,1.4271465154367342,0.4900989349463378,-0.9370475804903964,1,1,0,0
2605,2605.0,26.05,2.606306365740737,4.039340892708847,3.0970661373908905,1.4330345269681106,0.4907597716501537,-0.9422747553179569,1,1,0,0
2606,2606.0,26.06,2.582100092592588,4.019203109464283,3.0759322258884434,1.4371030168716952,0.4938321332958555,-0.9432708835758397,1,1,0,0
2607,2607.0,26.07,2.557893819444444,3.998313159738568,3.0544610845916025,1.4404193402941243,0.49656726514715865,-0.9438520751469657,1,1,0,0
2608,2608.0,26.08,2.5336875462962887,3.9793400911645262,3.031976060973957,1.4456525448682376,0.49828851467766855,-0.947364030190569,1,1,0,0
2609,2609.0,26.09,2.509481273148151,3.961741435615098,3.007539866910799,1.4522601624669473,0.49805859376264827,-0.9542015687042991,1,1,0,0
2610,2610.0,26.1,2.4852749999999957,3.943690136501249,2.983549207950574,1.4584151365012534,0.4982742079505784,-0.960140928550675,1,1,0,0
2611,2611.0,26.11,2.4608012268518515,3.9242251385087608,2.9622046815420173,1.4634239116569092,0.5014034546901658,-0.9620204569667434,1,1,0,0
2612,2612.0,26.12,2.436327453703701,3.904867957821332,2.939921816682117,1.4685405041176307,0.5035943629784159,-0.9649461411392148,1,1,0,0
2613,2613.0,26.13,2.4118536805555566,3.8853778637815113,2.9165113446976125,1.4735241832259547,0.5046576641420559,-0.9688665190838988,1,1,0,0
2614,2614.0,26.14,2.3873799074074062,3.8661287865939995,2.8920470871282222,1.4787488791865933,0.504667179720816,-0.9740816994657773,1,1,0,0
2615,2615.0,26.15,2.362906134259256,3.844954005840018,2.86838053491917,1.482047871580762,0.5054744006599141,-0.9765734709208478,1,1,0,0
2616,2616.0,26.16,2.3381797222222223,3.824132987542579,2.84814514978375,1.4859532653203567,0.5099654275615277,-0.9759878377588289,1,1,0,0
2617,2617.0,26.17,2.3134533101851824,3.8033861249202547,2.823539518440937,1.4899328147350723,0.5100862082557547,-0.9798466064793176,1,1,0,0
2618,2618.0,26.18,2.2887268981481483,3.783892662351463,2.797160843509567,1.4951657642033145,0.5084339453614186,-0.9867318188418959,1,1,0,0
2619,2619.0,26.19,2.264000486111109,3.7643772803909012,2.772785485081323,1.5003767942797923,0.508784998970214,-0.9915917953095783,1,1,0,0
2620,2620.0,26.2,2.239274074074075,3.7452730398442933,2.7486280523524202,1.5059989657702184,0.5093539782783454,-0.996644987491873,1,1,0,0
2621,2621.0,26.21,2.2143098842592575,3.7244987970025383,2.724883806779594,1.5101889127432808,0.5105739225203365,-0.9996149902229443,1,1,0,0
2622,2622.0,26.22,2.1893456944444454,3.703780793348631,2.700299364153516,1.5144350989041855,0.5109536697090706,-1.0034814291951148,1,1,0,0
2623,2623.0,26.23,2.164381504629628,3.6811988335289954,2.674457353772184,1.5168173288993674,0.5100758491425559,-1.0067414797568115,1,1,0,0
2624,2624.0,26.24,2.1394173148148106,3.6599517236436503,2.649434522564814,1.5205344088288397,0.5100172077500034,-1.0105172010788364,1,1,0,0
2625,2625.0,26.25,2.1144531249999985,3.6375501566184463,2.6235571130557127,1.5230970316184478,0.5091039880557142,-1.0139930435627336,1,1,0,0
2626,2626.0,26.26,2.0892660185185146,3.615924140983133,2.6011979280697233,1.5266581224646183,0.5119319095512087,-1.0147262129134096,1,1,0,0
2627,2627.0,26.27,2.0640789120370364,3.5946691909915307,2.577002456418299,1.5305902789544943,0.5129235443812625,-1.0176667345732318,1,1,0,0
2628,2628.0,26.28,2.0388918055555525,3.572195797185118,2.5515161802807844,1.5333039916295657,0.5126243747252319,-1.0206796169043337,1,1,0,0
2629,2629.0,26.29,2.013704699074074,3.5508115824199367,2.525789818614243,1.5371068833458628,0.5120851195401692,-1.0250217638056935,1,1,0,0
2630,2630.0,26.3,1.98851759259259,3.528295296925893,2.5001033962324013,1.5397777043333032,0.5115858036398113,-1.0281919006934919,1,1,0,0
2631,2631.0,26.31,1.9631224305555512,3.506760890067787,2.4768966272126716,1.5436384595122357,0.5137741966571203,-1.0298642628551153,1,1,0,0
2632,2632.0,26.32,1.9377272685185176,3.4843452268204165,2.4527691672104215,1.5466179583018989,0.5150418986919039,-1.031576059609995,1,1,0,0
2633,2633.0,26.33,1.9123321064814789,3.4605973822185003,2.426144406815544,1.5482652757370214,0.5138123003340653,-1.034452975402956,1,1,0,0
2634,2634.0,26.34,1.8869369444444457,3.438012870390959,2.398837789580514,1.5510759259465132,0.5119008451360685,-1.0391750808104447,1,1,0,0
2635,2635.0,26.35,1.8615417824074065,3.4174990646865457,2.3728218216939934,1.5559572822791392,0.5112800392865868,-1.0446772429925524,1,1,0,0
2636,2636.0,26.36,1.8359534259259298,3.393535386016187,2.3496181190248873,1.5575819600902572,0.5136646930989575,-1.0439172669912997,1,1,0,0
2637,2637.0,26.37,1.810365069444442,3.3690452031255727,2.3235444957008125,1.5586801336811307,0.5131794262563705,-1.0455007074247602,1,1,0,0
2638,2638.0,26.38,1.784776712962965,3.345493155862279,2.2973314744041238,1.5607164428993139,0.5125547614411587,-1.0481616814581551,1,1,0,0
2639,2639.0,26.39,1.7591883564814825,3.3228138118207005,2.2736839298775378,1.563625455339218,0.5144955733960552,-1.0491298819431627,1,1,0,0
2640,2640.0,26.4,1.7335999999999945,3.3002853832786125,2.2490999242937018,1.566685383278618,0.5154999242937073,-1.0511854589849108,1,1,0,0
2641,2641.0,26.41,1.7078333101851857,3.276815204860241,2.2272305163458292,1.568981894675055,0.5193972061606436,-1.0495846885144116,1,1,0,0
2642,2642.0,26.42,1.6820666203703656,3.250542636475924,2.2022450233791977,1.5684760161055582,0.5201784030088321,-1.048297613096726,1,1,0,0
2643,2643.0,26.43,1.6562999305555568,3.2259656911360315,2.1765931031725767,1.5696657605804747,0.5202931726170199,-1.0493725879634548,1,1,0,0
2644,2644.0,26.44,1.6305332407407367,3.2006505484344734,2.151371437111609,1.5701173076937367,0.5208381963708721,-1.0492791113228646,1,1,0,0
2645,2645.0,26.45,1.6047665509259281,3.1760592028964685,2.127124269949216,1.5712926519705404,0.522357719023288,-1.0489349329472524,1,1,0,0
2646,2646.0,26.46,1.5788363888888874,3.1506671105160025,2.1018829847850387,1.571830721627115,0.5230465958961512,-1.0487841257309638,1,1,0,0
2647,2647.0,26.47,1.5529062268518523,3.126016348749953,2.075827107243729,1.5731101218981005,0.5229208803918766,-1.050189241506224,1,1,0,0
2648,2648.0,26.48,1.5269760648148116,3.103997969799174,2.0503100945663326,1.5770219049843623,0.523334029751521,-1.0536878752328414,1,1,0,0
2649,2649.0,26.49,1.501045902777771,3.0794048706393777,2.0239834308342335,1.5783589678616068,0.5229375280564625,-1.0554214398051442,1,1,0,0
2650,2650.0,26.5,1.4751157407407418,3.0553356697060936,1.9986051277643073,1.5802199289653518,0.5234893870235655,-1.0567305419417863,1,1,0,0
2651,2651.0,26.51,1.4490369675925863,3.030162740449624,1.974579274130453,1.5811257728570378,0.5255423065378668,-1.055583466319171,1,1,0,0
2652,2652.0,26.52,1.4229581944444478,3.005045418374401,1.9482556440797667,1.582087223929953,0.5252974496353189,-1.0567897742946342,1,1,0,0
2653,2653.0,26.53,1.3968794212962925,2.979878499810125,1.9237049502494319,1.5829990785138326,0.5268255289531394,-1.0561735495606932,1,1,0,0
2654,2654.0,26.54,1.3708006481481485,2.9563181773141585,1.8964141135790773,1.58551752916601,0.5256134654309288,-1.0599040637350812,1,1,0,0
2655,2655.0,26.55,1.3447218749999985,2.9332063342342027,1.8692552125521757,1.5884844592342042,0.5245333375521772,-1.063951121682027,1,1,0,0
2656,2656.0,26.56,1.3185093518518458,2.9062934625991645,1.8448408745545402,1.5877841107473187,0.5263315227026943,-1.0614525880446244,1,1,0,0
2657,2657.0,26.57,1.292296828703704,2.8795960243905423,1.8187043563680343,1.5872991956868383,0.5264075276643303,-1.060891668022508,1,1,0,0
2658,2658.0,26.58,1.266084305555551,2.8552519354446773,1.7927393164164624,1.5891676298891262,0.5266550108609114,-1.0625126190282148,1,1,0,0
2659,2659.0,26.59,1.2398717824074095,2.8315123049241175,1.765395861521572,1.591640522516708,0.5255240791141624,-1.0661164434025456,1,1,0,0
2660,2660.0,26.6,1.2136592592592566,2.8058622810159495,1.73915421013417,1.592203021756693,0.5254949508749134,-1.0667080708817795,1,1,0,0
2661,2661.0,26.61,1.1873278472222228,2.7794300040734554,1.7152730262463318,1.5921021568512326,0.527945179024109,-1.0641569778271236,1,1,0,0
2662,2662.0,26.62,1.1609964351851838,2.750846282257744,1.68771642500936,1.5898498470725602,0.5267199898241761,-1.063129857248384,1,1,0,0
2663,2663.0,26.63,1.1346650231481503,2.7228239654716506,1.6612937511721773,1.5881589423235003,0.5266287280240269,-1.0615302142994734,1,1,0,0
2664,2664.0,26.64,1.1083336111111113,2.6956697978626303,1.6347291063384066,1.587336186751519,0.5263954952272953,-1.0609406915242237,1,1,0,0
2665,2665.0,26.65,1.0820021990740665,2.670480084346299,1.608940785304688,1.5884778852722323,0.5269385862306215,-1.0615392990416108,1,1,0,0
2666,2666.0,26.66,1.0555667592592584,2.643165162199137,1.5841577414752817,1.5875984029398786,0.5285909822160233,-1.0590074207238553,1,1,0,0
2667,2667.0,26.67,1.029131319444439,2.615714205437687,1.5568381524296815,1.586582885993248,0.5277068329852426,-1.0588760530080055,1,1,0,0
2668,2668.0,26.68,1.002695879629631,2.5867521002931935,1.529958939720043,1.5840562206635624,0.527263060090412,-1.0567931605731504,1,1,0,0
2669,2669.0,26.69,0.9762604398148115,2.5599265489159557,1.5027947044433834,1.5836661091011441,0.5265342646285719,-1.0571318444725724,1,1,0,0
2670,2670.0,26.7,0.9498250000000034,2.5347883291394715,1.4759284324963053,1.5849633291394682,0.526103432496302,-1.0588598966431664,1,1,0,0
2671,2671.0,26.71,0.9233003935185151,2.506045102707074,1.4493374895835291,1.5827447091885587,0.526037096065014,-1.0567076131235447,1,1,0,0
2672,2672.0,26.72,0.8967757870370381,2.4766006140614456,1.422502179303591,1.5798248270244075,0.5257263922665529,-1.0540984347578546,1,1,0,0
2673,2673.0,26.73,0.8702511805555556,2.447761966359285,1.3953253153159677,1.5775107858037294,0.5250741347604121,-1.0524366510433172,1,1,0,0
2674,2674.0,26.74,0.8437265740740673,2.4201451888565395,1.3679968718480502,1.5764186147824724,0.5242702977739829,-1.0521483170084895,1,1,0,0
2675,2675.0,26.75,0.8172019675925903,2.39244749483244,1.3406515834795578,1.5752455272398498,0.5234496158869675,-1.0517959113528823,1,1,0,0
2676,2676.0,26.76,0.7906030555555503,2.3623417734306993,1.3175661787893997,1.571738717875149,0.5269631232338494,-1.0447755946412995,1,1,0,0
2677,2677.0,26.77,0.7640041435185217,2.331558801520546,1.2917134661509841,1.5675546580020243,0.5277093226324624,-1.039845335369562,1,1,0,0
2678,2678.0,26.78,0.737405231481476,2.2993858362932422,1.2649164434896336,1.5619806048117661,0.5275112120081576,-1.0344693928036084,1,1,0,0
2679,2679.0,26.79,0.7108063194444475,2.268699566377889,1.2375064401065154,1.5578932469334412,0.526700120662068,-1.0311931262713734,1,1,0,0
2680,2680.0,26.8,0.6842074074074075,2.2374982727081902,1.2117344369354448,1.5532908653007826,0.5275270295280373,-1.0257638357727452,1,1,0,0
2681,2681.0,26.81,0.6575490509259216,2.2077250747600425,1.1879610825472124,1.550176023834121,0.5304120316212908,-1.01976399221283,1,1,0,0
2682,2682.0,26.82,0.6308906944444413,2.174541373943821,1.1629679801060737,1.5436506794993794,0.5320772856616324,-1.0115733938377471,1,1,0,0
2683,2683.0,26.83,0.6042323379629613,2.14035927695384,1.1338898468902072,1.5361269389908787,0.529657508927246,-1.0064694300636328,1,1,0,0
2684,2684.0,26.84,0.577573981481481,2.1086220774753834,1.105566444535211,1.5310480959939023,0.5279924630537299,-1.0030556329401725,1,1,0,0
2685,2685.0,26.85,0.5509156249999951,2.073622077475384,1.0797608977531208,1.522706452475389,0.5288452727531257,-0.9938611797222634,1,1,0,0
2686,2686.0,26.86,0.5242126851851863,2.038622077475385,1.0545997556472628,1.5144093922901987,0.5303870704620766,-0.9840223218281221,1,1,0,0
2687,2687.0,26.87,0.49750974537036585,2.003622077475386,1.0292176159783668,1.5061123321050203,0.531707870608001,-0.9744044614970193,1,1,0,0
2688,2688.0,26.88,0.470806805555557,0.0,1.0017697351904984,0.470806805555557,0.5309629296349414,0.06015612407938442,1,0,0,1
2689,2689.0,26.89,0.4441038657407366,0.0,0.9752129143287516,0.4441038657407366,0.531109048588015,0.08700518284727837,1,0,0,1
2690,2690.0,26.9,0.41740092592591627,0.0,0.9512480373934877,0.41740092592591627,0.5338471114675715,0.1164461855416552,1,0,1,0
2691,2691.0,26.91,0.3906682638888844,0.0,0.9262007585450771,0.3906682638888844,0.5355324946561927,0.14486423076730826,1,0,1,0
2692,2692.0,26.92,0.36393560185184687,0.0,0.8980755166398269,0.36393560185184687,0.53413991478798,0.17020431293613308,1,0,1,0
2693,2693.0,26.93,0.33720293981481503,0.0,0.8700080302767786,0.33720293981481503,0.5328050904619637,0.19560215064714864,1,0,1,0
2694,2694.0,26.94,0.3104702777777717,0.0,0.8431547371002643,0.3104702777777717,0.5326844593224926,0.22221418154472095,1,0,1,0
2695,2695.0,26.95,0.28373761574073986,0.0,0.8170285599265502,0.28373761574073986,0.5332909441858104,0.2495533284450705,1,0,1,0
2696,2696.0,26.96,0.25699009259258504,0.0,0.7916951642724311,0.25699009259258504,0.534705071679846,0.277714979087261,1,0,1,0
2697,2697.0,26.97,0.23024256944444751,0.0,0.7669493509499714,0.23024256944444751,0.5367067815055239,0.3064642120610763,1,0,1,0
2698,2698.0,26.98,0.2034950462962927,0.0,0.7387370258643605,0.2034950462962927,0.5352419795680678,0.3317469332717752,1,0,1,0
2699,2699.0,26.99,0.1767475231481379,0.0,0.7117047806485487,0.1767475231481379,0.5349572575004108,0.3582097343522729,1,0,1,0
2700,2700.0,27.0,0.15000000000000033,0.0,0.6862401580941825,0.15000000000000033,0.5362401580941821,0.3862401580941818,1,0,1,0
2701,2701.0,27.01,0.12325247685184554,0.0,0.6616340222103845,0.12325247685184554,0.538381545358539,0.41512906850669345,1,0,1,0
2702,2702.0,27.02,0.09650495370370223,0.0,0.6342614769187725,0.09650495370370223,0.5377565232150703,0.44125156951136807,1,0,1,0
2703,2703.0,27.03,0.06975743055555317,0.0,0.6059317832011595,0.06975743055555317,0.5361743526456063,0.46641692209005314,1,0,1,0
2704,2704.0,27.04,0.04300990740740985,0.0,0.576827021573452,0.04300990740740985,0.5338171141660422,0.4908072067586323,1,0,1,0
2705,2705.0,27.05,0.016262384259255067,0.0,0.5504959361179615,0.016262384259255067,0.5342335518587065,0.5179711675994514,1,0,1,0
2706,2706.0,27.06,-0.010470277777782512,0.0,0.5255339286834632,0.010470277777782512,0.5360042064612457,0.5255339286834632,1,0,1,0
2707,2707.0,27.07,-0.03720293981481435,0.0,0.4976718580329461,0.03720293981481435,0.5348747978477605,0.4976718580329461,1,0,1,0
2708,2708.0,27.08,-0.06393560185185193,0.0,0.4682719856891308,0.06393560185185193,0.5322075875409827,0.4682719856891308,1,0,1,0
2709,2709.0,27.09,-0.09066826388888377,0.0,0.4415475033103976,0.09066826388888377,0.5322157671992813,0.44154750331039755,1,0,1,0
2710,2710.0,27.1,-0.11740092592592709,0.0,0.4155558764531189,0.11740092592592709,0.532956802379046,0.41555587645311887,1,0,1,0
2711,2711.0,27.11,-0.14410386574073597,0.0,0.39085180904936573,0.14410386574073597,0.5349556747901016,0.3908518090493657,1,0,1,0
2712,2712.0,27.12,-0.1708068055555563,0.0,0.36415328580633616,0.1708068055555563,0.5349600913618925,0.3641532858063362,1,0,1,0
2713,2713.0,27.13,-0.1975097453703652,0.0,0.3378436781527258,0.1975097453703652,0.535353423523091,0.3378436781527258,1,0,1,0
2714,2714.0,27.14,-0.22421268518518556,0.0,0.31120783314862166,0.22421268518518556,0.5354205183338072,0.31120783314862166,1,0,1,0
2715,2715.0,27.15,-0.25091562500000586,0.0,0.28536851645750577,0.25091562500000586,0.5362841414575117,0.2853685164575058,1,0,1,0
2716,2716.0,27.16,-0.2775739814814803,0.0,0.2603922514044396,0.2775739814814803,0.5379662328859199,0.2603922514044396,1,0,1,0
2717,2717.0,27.17,-0.3042323379629663,0.0,0.23434126850965012,0.3042323379629663,0.5385736064726164,0.23434126850965015,1,0,1,0
2718,2718.0,27.18,-0.33089069444444075,0.0,0.20658867944971648,0.33089069444444075,0.5374793738941572,0.20658867944971648,1,0,1,0
2719,2719.0,27.19,-0.35754905092592665,0.0,0.17978223661067674,0.35754905092592665,0.5373312875366034,0.17978223661067677,1,0,1,0
2720,2720.0,27.2,-0.3842074074074011,0.0,0.15142708636770655,0.3842074074074011,0.5356344937751076,0.15142708636770652,1,0,1,0
2721,2721.0,27.21,-0.41080631944444684,0.0,0.125571996755442,0.41080631944444684,0.5363783161998888,0.125571996755442,1,0,1,0
2722,2722.0,27.22,-0.4374052314814754,0.0,0.09961692837806449,0.4374052314814754,0.5370221598595399,0.09961692837806452,1,0,0,1
2723,2723.0,27.23,-0.4640041435185154,0.0,0.0712064870227499,0.4640041435185154,0.5352106305412653,0.0712064870227499,1,0,0,1
2724,2724.0,27.24,-0.4906030555555554,0.0,0.045103899553455576,0.4906030555555554,0.535706955109011,0.04510389955345562,1,0,0,1
2725,2725.0,27.25,-0.5172019675925896,0.0,0.0184883151765022,0.5172019675925896,0.5356902827690918,0.01848831517650218,1,0,0,1
2726,2726.0,27.26,-0.5437265740740723,0.0,-0.005580256611767069,0.5437265740740723,0.5381463174623052,-0.005580256611767087,1,0,0,1
2727,2727.0,27.27,-0.5702511805555491,0.0,-0.032007801789763105,0.5702511805555491,0.538243378765786,-0.032007801789763146,1,0,0,1
2728,2728.0,27.28,-0.5967757870370376,0.0,-0.06042300903983968,0.5967757870370376,0.5363527779971979,-0.06042300903983966,1,0,0,1
2729,2729.0,27.29,-0.6233003935185144,0.0,-0.08706129834596027,0.6233003935185144,0.5362390951725542,-0.08706129834596021,1,0,0,1
2730,2730.0,27.3,-0.6498250000000028,0.0,-0.11354860914648435,0.6498250000000028,0.5362763908535184,-0.11354860914648435,1,1,0,0
2731,2731.0,27.31,-0.6762604398148222,0.0,-0.1374846427222659,0.6762604398148222,0.5387757970925563,-0.1374846427222659,1,1,0,0
2732,2732.0,27.32,-0.7026958796296303,0.0,-0.16287037122376927,0.7026958796296303,0.5398255084058611,-0.16287037122376924,1,1,0,0
2733,2733.0,27.33,-0.7291313194444498,0.0,-0.1906278717615746,0.7291313194444498,0.5385034476828752,-0.19062787176157459,1,1,0,0
2734,2734.0,27.34,-0.7555667592592578,0.0,-0.21780853304498737,0.7555667592592578,0.5377582262142704,-0.21780853304498737,1,1,0,0
2735,2735.0,27.35,-0.7820021990740773,0.0,-0.24516296770964804,0.7820021990740773,0.5368392313644292,-0.24516296770964807,1,1,0,0
2736,2736.0,27.36,-0.8083336111111107,0.0,-0.2694230938187059,0.8083336111111107,0.5389105172924048,-0.2694230938187059,1,1,0,0
2737,2737.0,27.37,-0.8346650231481498,0.0,-0.2967440740994426,0.8346650231481498,0.5379209490487072,-0.2967440740994426,1,1,0,0
2738,2738.0,27.38,-0.8609964351851832,0.0,-0.3246143304040095,0.8609964351851832,0.5363821047811737,-0.32461433040400955,1,1,0,0
2739,2739.0,27.39,-0.8873278472222224,0.0,-0.3509099805299028,0.8873278472222224,0.5364178666923196,-0.35090998052990274,1,1,0,0
2740,2740.0,27.4,-0.9136592592592614,0.0,-0.37745650990078655,0.9136592592592614,0.5362027493584749,-0.3774565099007865,1,1,0,0
2741,2741.0,27.41,-0.9398717824074088,0.0,-0.4033152725230248,0.9398717824074088,0.536556509884384,-0.4033152725230248,1,1,0,0
2742,2742.0,27.42,-0.9660843055555618,0.0,-0.42943698168599487,0.9660843055555618,0.5366473238695669,-0.42943698168599487,1,1,0,0
2743,2743.0,27.43,-0.9922968287037034,0.0,-0.45680875758403916,0.9922968287037034,0.5354880711196642,-0.45680875758403916,1,1,0,0
2744,2744.0,27.44,-1.0185093518518564,0.0,-0.4857729211535868,1.0185093518518564,0.5327364306982696,-0.48577292115358683,1,1,0,0
2745,2745.0,27.45,-1.044721874999998,0.0,-0.5112413159621695,1.044721874999998,0.5334805590378285,-0.5112413159621695,1,1,0,0
2746,2746.0,27.46,-1.0708006481481478,0.0,-0.53415235817551,1.0708006481481478,0.5366482899726378,-0.53415235817551,1,1,0,0
2747,2747.0,27.47,-1.0968794212962918,0.0,-0.5597260803674159,1.0968794212962918,0.5371533409288759,-0.5597260803674159,1,1,0,0
2748,2748.0,27.48,-1.1229581944444473,0.0,-0.5881447873775767,1.1229581944444473,0.5348134070668706,-0.5881447873775767,1,1,0,0
2749,2749.0,27.49,-1.149036967592597,0.0,-0.6135669018030468,1.149036967592597,0.5354700657895503,-0.6135669018030468,1,1,0,0
2750,2750.0,27.5,-1.175115740740741,0.0,-0.6379225839619843,1.175115740740741,0.5371931567787568,-0.6379225839619843,1,1,0,0
2751,2751.0,27.51,-1.2010459027777818,0.0,-0.6614432313750911,1.2010459027777818,0.5396026714026907,-0.6614432313750911,1,1,0,0
2752,2752.0,27.52,-1.2269760648148167,0.0,-0.6876478375827734,1.2269760648148167,0.5393282272320433,-0.6876478375827734,1,1,0,0
2753,2753.0,27.53,-1.2529062268518574,0.0,-0.7150882822599107,1.2529062268518574,0.5378179445919467,-0.7150882822599107,1,1,0,0
2754,2754.0,27.54,-1.2788363888888867,0.0,-0.7421665186148032,1.2788363888888867,0.5366698702740835,-0.7421665186148032,1,1,0,0
2755,2755.0,27.55,-1.3047665509259274,0.0,-0.7681260603726394,1.3047665509259274,0.536640490553288,-0.7681260603726394,1,1,0,0
2756,2756.0,27.56,-1.3305332407407475,0.0,-0.7913941076142851,1.3305332407407475,0.5391391331264624,-0.7913941076142851,1,1,0,0
2757,2757.0,27.57,-1.3562999305555563,0.0,-0.8180606987845516,1.3562999305555563,0.5382392317710047,-0.8180606987845516,1,1,0,0
2758,2758.0,27.58,-1.3820666203703762,0.0,-0.8468519873707658,1.3820666203703762,0.5352146329996104,-0.8468519873707658,1,1,0,0
2759,2759.0,27.59,-1.407833310185185,0.0,-0.8738501874967229,1.407833310185185,0.533983122688462,-0.8738501874967229,1,1,0,0
2760,2760.0,27.6,-1.4336000000000053,0.0,-0.8992767305188496,1.4336000000000053,0.5343232694811557,-0.8992767305188496,1,1,0,0
2761,2761.0,27.61,-1.459188356481482,0.0,-0.9236356973282412,1.459188356481482,0.5355526591532408,-0.9236356973282412,1,1,0,0
2762,2762.0,27.62,-1.4847767129629645,0.0,-0.9491154124667258,1.4847767129629645,0.5356613004962387,-0.9491154124667258,1,1,0,0
2763,2763.0,27.63,-1.5103650694444413,0.0,-0.976240948488432,1.5103650694444413,0.5341241209560093,-0.976240948488432,1,1,0,0
2764,2764.0,27.64,-1.5359534259259293,0.0,-1.0041651141220511,1.5359534259259293,0.5317883118038782,-1.0041651141220511,1,1,0,0
2765,2765.0,27.65,-1.5615417824074116,0.0,-1.0298759697695252,1.5615417824074116,0.5316658126378864,-1.0298759697695252,1,1,0,0
2766,2766.0,27.66,-1.586936944444445,0.0,-1.0545345487807247,1.586936944444445,0.5324023956637203,-1.0545345487807247,1,1,0,0
2767,2767.0,27.67,-1.612332106481484,0.0,-1.0804843585252113,1.612332106481484,0.5318477479562727,-1.0804843585252113,1,1,0,0
2768,2768.0,27.68,-1.6377272685185171,0.0,-1.1074565459980956,1.6377272685185171,0.5302707225204215,-1.1074565459980956,1,1,0,0
2769,2769.0,27.69,-1.663122430555556,0.0,-1.1328854743043373,1.663122430555556,0.5302369562512188,-1.1328854743043373,1,1,0,0
2770,2770.0,27.7,-1.6885175925925893,0.0,-1.157521050700154,1.6885175925925893,0.5309965418924352,-1.157521050700154,1,1,0,0
2771,2771.0,27.71,-1.7137046990740734,0.0,-1.1815364341971104,1.7137046990740734,0.532168264876963,-1.1815364341971104,1,1,0,0
2772,2772.0,27.72,-1.7388918055555516,0.0,-1.2078007398451538,1.7388918055555516,0.5310910657103978,-1.2078007398451538,1,1,0,0
2773,2773.0,27.73,-1.7640789120370357,0.0,-1.2365083560419645,1.7640789120370357,0.5275705559950712,-1.2365083560419645,1,1,0,0
2774,2774.0,27.74,-1.7892660185185196,0.0,-1.2630665145926474,1.7892660185185196,0.5261995039258722,-1.2630665145926474,1,1,0,0
2775,2775.0,27.75,-1.814453124999998,0.0,-1.2883917959378395,1.814453124999998,0.5260613290621585,-1.2883917959378395,1,1,0,0
2776,2776.0,27.76,-1.8394173148148152,0.0,-1.312934260525237,1.8394173148148152,0.5264830542895782,-1.312934260525237,1,1,0,0
2777,2777.0,27.77,-1.8643815046296273,0.0,-1.3398942378870171,1.8643815046296273,0.5244872667426101,-1.3398942378870171,1,1,0,0
2778,2778.0,27.78,-1.889345694444445,0.0,-1.3676767764063895,1.889345694444445,0.5216689180380554,-1.3676767764063895,1,1,0,0
2779,2779.0,27.79,-1.9143098842592565,0.0,-1.393066278331694,1.9143098842592565,0.5212436059275625,-1.393066278331694,1,1,0,0
2780,2780.0,27.8,-1.9392740740740742,0.0,-1.4181020443778256,1.9392740740740742,0.5211720296962485,-1.4181020443778256,1,1,0,0
2781,2781.0,27.81,-1.964000486111114,0.0,-1.4405991761915355,1.964000486111114,0.5234013099195785,-1.4405991761915355,1,1,0,0
2782,2782.0,27.82,-1.9887268981481476,0.0,-1.4662181415798756,1.9887268981481476,0.522508756568272,-1.4662181415798756,1,1,0,0
2783,2783.0,27.83,-2.0134533101851875,0.0,-1.4937174167378764,2.0134533101851875,0.5197358934473111,-1.4937174167378764,1,1,0,0
2784,2784.0,27.84,-2.038179722222221,0.0,-1.5202274284900603,2.038179722222221,0.5179522937321608,-1.5202274284900603,1,1,0,0
2785,2785.0,27.85,-2.062906134259261,0.0,-1.543944477118398,2.062906134259261,0.5189616571408628,-1.543944477118398,1,1,0,0
2786,2786.0,27.86,-2.0873799074074055,0.0,-1.5686529010686316,2.0873799074074055,0.5187270063387739,-1.5686529010686316,1,1,0,0
2787,2787.0,27.87,-2.111853680555556,0.0,-1.5955592757602148,2.111853680555556,0.516294404795341,-1.5955592757602148,1,1,0,0
2788,2788.0,27.88,-2.1363274537037005,0.0,-1.6216938400647947,2.1363274537037005,0.5146336136389058,-1.6216938400647947,1,1,0,0
2789,2789.0,27.89,-2.160801226851856,0.0,-1.6478272398920946,2.160801226851856,0.5129739869597616,-1.6478272398920946,1,1,0,0
2790,2790.0,27.9,-2.185275000000007,0.0,-1.6705408063198512,2.185275000000007,0.5147341936801557,-1.6705408063198512,1,1,0,0
2791,2791.0,27.91,-2.20948127314815,0.0,-1.6939689930528796,2.20948127314815,0.5155122800952705,-1.6939689930528796,1,1,0,0
2792,2792.0,27.92,-2.2336875462963,0.0,-1.7187396356041629,2.2336875462963,0.5149479106921371,-1.7187396356041629,1,1,0,0
2793,2793.0,27.93,-2.257893819444443,0.0,-1.7445367892769224,2.257893819444443,0.5133570301675208,-1.7445367892769224,1,1,0,0
2794,2794.0,27.94,-2.2821000925925983,0.0,-1.769771575083843,2.2821000925925983,0.5123285175087553,-1.769771575083843,1,1,0,0
2795,2795.0,27.95,-2.3063063657407366,0.0,-1.792806037983202,2.3063063657407366,0.5135003277575345,-1.792806037983202,1,1,0,0
2796,2796.0,27.96,-2.3302302777777792,0.0,-1.8161690326590356,2.3302302777777792,0.5140612451187436,-1.8161690326590356,1,1,0,0
2797,2797.0,27.97,-2.3541541898148104,0.0,-1.839214277876298,2.3541541898148104,0.5149399119385123,-1.839214277876298,1,1,0,0
2798,2798.0,27.98,-2.3780781018518535,0.0,-1.8646489559587887,2.3780781018518535,0.5134291458930649,-1.8646489559587887,1,1,0,0
2799,2799.0,27.99,-2.402002013888896,0.0,-1.8887197885598437,2.402002013888896,0.5132822253290521,-1.8887197885598437,1,1,0,0
2800,2800.0,28.0,-2.4259259259259274,0.0,-1.914947974436481,2.4259259259259274,0.5109779514894464,-1.914947974436481,1,1,0,0
2801,2801.0,28.01,-2.449552615740746,0.0,-1.9392364795611736,2.449552615740746,0.5103161361795725,-1.9392364795611736,1,1,0,0
2802,2802.0,28.02,-2.4731793055555538,0.0,-1.9640522375496328,2.4731793055555538,0.509127068005921,-1.9640522375496328,1,1,0,0
2803,2803.0,28.03,-2.4968059953703725,0.0,-1.9898321931989444,2.4968059953703725,0.5069738021714281,-1.9898321931989444,1,1,0,0
2804,2804.0,28.04,-2.52043268518518,0.0,-2.015488717957498,2.52043268518518,0.5049439672276823,-2.015488717957498,1,1,0,0
2805,2805.0,28.05,-2.5440593749999993,0.0,-2.040579954092107,2.5440593749999993,0.5034794209078925,-2.040579954092107,1,1,0,0
2806,2806.0,28.06,-2.5673739814814884,0.0,-2.062348300632232,2.5673739814814884,0.5050256808492564,-2.062348300632232,1,1,0,0
2807,2807.0,28.07,-2.5906885879629606,0.0,-2.0847215279657796,2.5906885879629606,0.5059670599971811,-2.0847215279657796,1,1,0,0
2808,2808.0,28.08,-2.61400319444445,0.0,-2.1104993558401137,2.61400319444445,0.5035038386043365,-2.1104993558401137,1,1,0,0
2809,2809.0,28.09,-2.6373178009259224,0.0,-2.1362857826555546,2.6373178009259224,0.5010320182703678,-2.1362857826555546,1,1,0,0
2810,2810.0,28.1,-2.6606324074074115,0.0,-2.1613766637465983,2.6606324074074115,0.49925574366081316,-2.1613766637465983,1,1,0,0
2811,2811.0,28.11,-2.683620069444443,0.0,-2.183613185825056,2.683620069444443,0.5000068836193869,-2.183613185825056,1,1,0,0
2812,2812.0,28.12,-2.7066077314814856,0.0,-2.2073819909021366,2.7066077314814856,0.499225740579349,-2.2073819909021366,1,1,0,0
2813,2813.0,28.13,-2.7295953935185167,0.0,-2.232803242197118,2.7295953935185167,0.49679215132139865,-2.232803242197118,1,1,0,0
2814,2814.0,28.14,-2.7525830555555593,0.0,-2.2576734856567695,2.7525830555555593,0.49490956989878976,-2.2576734856567695,1,1,0,0
2815,2815.0,28.15,-2.775570717592596,0.0,-2.282508757398809,2.775570717592596,0.4930619601937871,-2.282508757398809,1,1,0,0
2816,2816.0,28.16,-2.7982165740740745,0.0,-2.3035369809821487,2.7982165740740745,0.4946795930919259,-2.3035369809821487,1,1,0,0
2817,2817.0,28.17,-2.820862430555559,0.0,-2.327624894578269,2.820862430555559,0.49323753597729025,-2.327624894578269,1,1,0,0
2818,2818.0,28.18,-2.8435082870370376,0.0,-2.3537534608677246,2.8435082870370376,0.489754826169313,-2.3537534608677246,1,1,0,0
2819,2819.0,28.19,-2.866154143518522,0.0,-2.377866145490142,2.866154143518522,0.48828799802837963,-2.377866145490142,1,1,0,0
2820,2820.0,28.2,-2.8888000000000007,0.0,-2.3996557026477587,2.8888000000000007,0.48914429735224196,-2.3996557026477587,1,1,0,0
2821,2821.0,28.21,-2.911089189814815,0.0,-2.4216483531485737,2.911089189814815,0.4894408366662413,-2.4216483531485737,1,1,0,0
2822,2822.0,28.22,-2.933378379629624,0.0,-2.442634639747974,2.933378379629624,0.4907437398816499,-2.442634639747974,1,1,0,0
2823,2823.0,28.23,-2.9556675694444445,0.0,-2.466832759360947,2.9556675694444445,0.4888348100834974,-2.466832759360947,1,1,0,0
2824,2824.0,28.24,-2.9779567592592646,0.0,-2.4920422872816554,2.9779567592592646,0.4859144719776092,-2.4920422872816554,1,1,0,0
2825,2825.0,28.25,-3.0002459490740736,0.0,-2.515061539622801,3.0002459490740736,0.4851844094512727,-2.515061539622801,1,1,0,0
2826,2826.0,28.26,-3.0221636111111128,0.0,-2.5363623956112966,3.0221636111111128,0.48580121549981614,-2.5363623956112966,1,1,0,0
2827,2827.0,28.27,-3.044081273148146,0.0,-2.5591305392625032,3.044081273148146,0.4849507338856429,-2.5591305392625032,1,1,0,0
2828,2828.0,28.28,-3.0659989351851853,0.0,-2.583711815070937,3.0659989351851853,0.48228712011424824,-2.583711815070937,1,1,0,0
2829,2829.0,28.29,-3.0879165972222182,0.0,-2.606856735146998,3.0879165972222182,0.4810598620752202,-2.606856735146998,1,1,0,0
2830,2830.0,28.3,-3.109834259259258,0.0,-2.629456842310278,3.109834259259258,0.4803774169489796,-2.629456842310278,1,1,0,0
2831,2831.0,28.31,-3.13136553240741,0.0,-2.6505232942389085,3.13136553240741,0.48084223816850136,-2.6505232942389085,1,1,0,0
2832,2832.0,28.32,-3.152896805555556,0.0,-2.6734956799638057,3.152896805555556,0.4794011255917505,-2.6734956799638057,1,1,0,0
2833,2833.0,28.33,-3.1744280787037082,0.0,-2.69793165980241,3.1744280787037082,0.4764964189012981,-2.69793165980241,1,1,0,0
2834,2834.0,28.34,-3.195959351851849,0.0,-2.7193791891140036,3.195959351851849,0.47658016273784565,-2.7193791891140036,1,1,0,0
2835,2835.0,28.35,-3.2174906250000013,0.0,-2.741696805865583,3.2174906250000013,0.4757938191344184,-2.741696805865583,1,1,0,0
2836,2836.0,28.36,-3.2386206481481437,0.0,-2.7615110052005183,3.2386206481481437,0.47710964294762537,-2.7615110052005183,1,1,0,0
2837,2837.0,28.37,-3.2597506712962976,0.0,-2.7830156644122876,3.2597506712962976,0.47673500688400994,-2.7830156644122876,1,1,0,0
2838,2838.0,28.38,-3.2808806944444395,0.0,-2.8066948377114436,3.2808806944444395,0.47418585673299596,-2.8066948377114436,1,1,0,0
2839,2839.0,28.39,-3.302010717592593,0.0,-2.8275183373802433,3.302010717592593,0.47449238021234974,-2.8275183373802433,1,1,0,0
2840,2840.0,28.4,-3.323140740740741,0.0,-2.848932616824688,3.323140740740741,0.4742081239160534,-2.848932616824688,1,1,0,0
2841,2841.0,28.41,-3.3438546527777735,0.0,-2.8698643741170984,3.3438546527777735,0.4739902786606751,-2.8698643741170984,1,1,0,0
2842,2842.0,28.42,-3.3645685648148174,0.0,-2.8929867367735578,3.3645685648148174,0.4715818280412596,-2.8929867367735578,1,1,0,0
2843,2843.0,28.43,-3.3852824768518497,0.0,-2.914041214214912,3.3852824768518497,0.47124126263693755,-2.914041214214912,1,1,0,0
2844,2844.0,28.44,-3.405996388888888,0.0,-2.9348702020569823,3.405996388888888,0.47112618683190544,-2.9348702020569823,1,1,0,0
2845,2845.0,28.45,-3.42671030092592,0.0,-2.956726411926296,3.42671030092592,0.4699838889996242,-2.956726411926296,1,1,0,0
2846,2846.0,28.46,-3.4469932407407424,-2.0055220899030815,-2.9776964821769716,1.441471150837661,0.46929675856377084,-0.9721743922738901,1,1,0,0
2847,2847.0,28.47,-3.4672761805555536,-2.030738173918239,-3.0002818439068957,1.4365380066373148,0.46699433664865797,-0.9695436699886568,1,1,0,0
2848,2848.0,28.48,-3.48755912037037,-2.0553362329837777,-3.0226621979760586,1.4322228873865925,0.4648969223943116,-0.967325964992281,1,1,0,0
2849,2849.0,28.49,-3.5078420601851867,-2.0816690847945942,-3.045256379409928,1.4261729753905925,0.46258568077525863,-0.9635872946153339,1,1,0,0
2850,2850.0,28.5,-3.5281249999999975,-2.1073501865688087,-3.0680721102411384,1.4207748134311888,0.46005288975885916,-0.9607219236723297,1,1,0,0
2851,2851.0,28.51,-3.5479621064814877,-2.131648704641293,-3.089893586006064,1.4163134018401946,0.45806852047542357,-0.958244881364771,1,1,0,0
2852,2852.0,28.52,-3.5677992129629597,-2.1566827104094624,-3.110264225440941,1.4111165025534973,0.4575349875220187,-0.9535815150314786,1,1,0,0
2853,2853.0,28.53,-3.587636319444443,-2.1841689580091073,-3.130267881680671,1.403467361435336,0.4573684377637721,-0.9460989236715638,1,1,0,0
2854,2854.0,28.54,-3.6074734259259214,-2.2117872903226865,-3.15263532606675,1.3956861356032348,0.45483809985917123,-0.9408480357440636,1,1,0,0
2855,2855.0,28.55,-3.6273105324074053,-2.2368808269162352,-3.1756253233888945,1.39042970549117,0.45168520901851084,-0.9387444964726592,1,1,0,0
2856,2856.0,28.56,-3.6466869444444505,-2.262947484452259,-3.1945724195977405,1.3837394599921917,0.45211452484671,-0.9316249351454817,1,1,0,0
2857,2857.0,28.57,-3.666063356481479,-2.292461332664978,-3.2147624797781305,1.3736020238165008,0.4513008767033484,-0.9223011471131524,1,1,0,0
2858,2858.0,28.58,-3.6854397685185183,-2.3218608797630442,-3.2357137120704422,1.363578888755474,0.44972605644807606,-0.913852832307398,1,1,0,0
2859,2859.0,28.59,-3.7048161805555515,-2.346431419052636,-3.2581261921592,1.3583847615029154,0.44668998839635154,-0.9116947731065639,1,1,0,0
2860,2860.0,28.6,-3.7241925925925967,-2.3728393618210126,-3.2789484846893884,1.351353230771584,0.44524410790320834,-0.9061091228683757,1,1,0,0
2861,2861.0,28.61,-3.7430934490740753,-2.4015812918288084,-3.2997204386562364,1.3415121572452668,0.44337301041783883,-0.898139146827428,1,1,0,0
2862,2862.0,28.62,-3.7619943055555587,-2.4303650545809687,-3.320363308177647,1.33162925097459,0.4416309973779118,-0.8899982535966782,1,1,0,0
2863,2863.0,28.63,-3.7808951620370364,-2.4572763656975156,-3.3407184834777204,1.3236187963395207,0.44017667855931597,-0.8834421177802048,1,1,0,0
2864,2864.0,28.64,-3.79979601851852,-2.48600961109033,-3.361245223233931,1.3137864074281898,0.4385507952845886,-0.8752356121436011,1,1,0,0
2865,2865.0,28.65,-3.818696875000003,-2.5168408907428956,-3.381868200549077,1.3018559842571076,0.436828674450926,-0.8650273098061816,1,1,0,0
2866,2866.0,28.66,-3.8371073148148143,-2.5469514333432675,-3.399275810294043,1.2901558814715468,0.43783150452077146,-0.8523243769507753,1,1,0,0
2867,2867.0,28.67,-3.8555177546296306,-2.576127132514844,-3.419932926946722,1.2793906221147866,0.43558482768290885,-0.8438057944318778,1,1,0,0
2868,2868.0,28.68,-3.8739281944444413,-2.60534199126319,-3.4389801883248565,1.2685862031812514,0.43494800611958473,-0.8336381970616666,1,1,0,0
2869,2869.0,28.69,-3.8923386342592576,-2.6346912021423625,-3.459917380174328,1.2576474321168951,0.4324212540849297,-0.8252261780319654,1,1,0,0
2870,2870.0,28.7,-3.9107490740740736,-2.6624330087278154,-3.4796517190508025,1.2483160653462582,0.43109735502327107,-0.8172187103229871,1,1,0,0
2871,2871.0,28.71,-3.9286542361111114,-2.6896596272705406,-3.496221660614381,1.2389946088405708,0.4324325754967302,-0.8065620333438406,1,1,0,0
2872,2872.0,28.72,-3.9465593981481435,-2.7167263770074457,-3.5147101191976184,1.2298330211406978,0.43184927895052505,-0.7979837421901728,1,1,0,0
2873,2873.0,28.73,-3.9644645601851862,-2.74702003339254,-3.533603640823117,1.2174445267926464,0.43086091936206916,-0.7865836074305772,1,1,0,0
2874,2874.0,28.74,-3.982369722222224,-2.777076848282806,-3.552416013374818,1.2052928739394182,0.4299537088474059,-0.7753391650920123,1,1,0,0
2875,2875.0,28.75,-4.000274884259255,-2.8102194169250856,-3.572133586990568,1.1900554673341697,0.4281412972686871,-0.7619141700654826,1,1,0,0
2876,2876.0,28.76,-4.017659907407409,-2.8439802576678908,-3.587764401562854,1.173679649739518,0.4298955058445548,-0.7437841438949633,1,1,0,0
2877,2877.0,28.77,-4.035044930555556,-2.8741826226949976,-3.6073938333149624,1.1608623078605587,0.4276510972405938,-0.7332112106199649,1,1,0,0
2878,2878.0,28.78,-4.052429953703704,-2.903365701978496,-3.625649587286863,1.1490642517252074,0.4267803664168408,-0.7222838853083666,1,1,0,0
2879,2879.0,28.79,-4.06981497685185,-2.933867922582648,-3.6456303398622136,1.1359470542692023,0.4241846369896365,-0.7117624172795658,1,1,0,0
2880,2880.0,28.8,-4.087199999999998,-2.961897205577063,-3.661496670822121,1.1253027944229355,0.42570332917787734,-0.6995994652450581,1,1,0,0
2881,2881.0,28.81,-4.104050023148149,-2.9899448618887035,-3.676852275176134,1.1141051612594457,0.42719774797201504,-0.6869074132874307,1,1,0,0
2882,2882.0,28.82,-4.120900046296295,-3.0201212817113636,-3.6962132390521747,1.100778764584931,0.4246868072441199,-0.6760919573408111,1,1,0,0
2883,2883.0,28.83,-4.137750069444446,-3.0521579295978865,-3.7158143915324295,1.0855921398465598,0.4219356779120167,-0.6636564619345431,1,1,0,0
2884,2884.0,28.84,-4.154600092592592,-3.080643221041779,-3.7357980982593615,1.0739568715508128,0.4188019943332302,-0.6551548772175826,1,1,0,0
2885,2885.0,28.85,-4.171450115740742,-3.107883105008454,-3.7539919096905257,1.0635670107322883,0.4174582060502168,-0.6461088046820715,1,1,0,0
2886,2886.0,28.86,-4.187750277777775,-3.1356248074856197,-3.771161796812854,1.0521254702921556,0.4165884809649212,-0.6355369893272345,1,1,0,0
2887,2887.0,28.87,-4.2040504398148135,-3.164194393847203,-3.7901126391358,1.0398560459676105,0.41393780067901353,-0.625918245288597,1,1,0,0
2888,2888.0,28.88,-4.220350601851851,-3.193034827021696,-3.8101412533784513,1.027315774830155,0.4102093484733995,-0.6171064263567554,1,1,0,0
2889,2889.0,28.89,-4.236650763888889,-3.220115083199098,-3.828377666431341,1.016535680689791,0.40827309745754814,-0.6082625832322428,1,1,0,0
2890,2890.0,28.9,-4.252950925925927,-3.2470278948426934,-3.8449941079414924,1.0059230310832339,0.40795681798443484,-0.597966213098799,1,1,0,0
2891,2891.0,28.91,-4.2686863657407415,-3.272901066703968,-3.862013354244096,0.9957852990367733,0.4066730114966455,-0.5891122875401278,1,1,0,0
2892,2892.0,28.92,-4.284421805555555,-3.300266401173911,-3.8782974750560886,0.9841554043816436,0.40612433049946617,-0.5780310738821774,1,1,0,0
2893,2893.0,28.93,-4.300157245370367,-3.328892078705993,-3.8948124711585965,0.9712651666643741,0.4053447742117706,-0.5659203924526035,1,1,0,0
2894,2894.0,28.94,-4.315892685185187,-3.3544999441373724,-3.9112231336286105,0.9613927410478142,0.40466955155657613,-0.5567231894912381,1,1,0,0
2895,2895.0,28.95,-4.331628125,-3.380161755923602,-3.9280112353247514,0.9514663690763978,0.40361688967524856,-0.5478494794011493,1,1,0,0
2896,2896.0,28.96,-4.346783981481483,-3.408133619578832,-3.945176482975254,0.9386503619026509,0.401607498506229,-0.5370428633964219,1,1,0,0
2897,2897.0,28.97,-4.36193983796296,-3.435899417460158,-3.9624011659127043,0.9260404205028019,0.3995386720502556,-0.5265017484525463,1,1,0,0
2898,2898.0,28.98,-4.377095694444443,-3.463578797923843,-3.9785244962923594,0.9135168965206,0.39857119815208364,-0.5149456983685163,1,1,0,0
2899,2899.0,28.99,-4.3922515509259314,-3.4901064640265256,-3.9951811407692857,0.9021450868994059,0.3970704101566458,-0.5050746767427601,1,1,0,0
2900,2900.0,29.0,-4.407407407407409,-3.517111180938033,-4.01272015281934,0.8902962264693763,0.3946872545880691,-0.49560897188130726,1,1,0,0
2901,2901.0,29.01,-4.42196881944445,-3.544346683003998,-4.029150008733182,0.877622136440452,0.392818810711268,-0.48480332572918394,1,1,0,0
2902,2902.0,29.02,-4.43653023148148,-3.5712899977356543,-4.04571214148269,0.8652402337458254,0.3908180899987892,-0.4744221437470362,1,1,0,0
2903,2903.0,29.03,-4.451091643518521,-3.6011654489663822,-4.061712329606925,0.8499261945521388,0.3893793139115962,-0.4605468806405426,1,1,0,0
2904,2904.0,29.04,-4.465653055555555,-3.6282454046058263,-4.078848833471531,0.837407650949729,0.38680422208402465,-0.45060342886570437,1,1,0,0
2905,2905.0,29.05,-4.480214467592591,-3.658145183000676,-4.094034281182125,0.8220692845919144,0.38618018641046525,-0.43588909818144916,1,1,0,0
2906,2906.0,29.06,-4.494166574074078,-3.687124504381084,-4.109733814632928,0.8070420696929941,0.3844327594411503,-0.4226093102518438,1,1,0,0
2907,2907.0,29.07,-4.508118680555555,-3.714625141359565,-4.125115143914634,0.7934935391959899,0.38300353664092057,-0.4104900025550693,1,1,0,0
2908,2908.0,29.08,-4.522070787037037,-3.74275916302742,-4.140470709354746,0.7793116240096167,0.38160007768229054,-0.3977115463273262,1,1,0,0
2909,2909.0,29.09,-4.536022893518519,-3.768309292366423,-4.155625503695657,0.7677136011520957,0.3803973898228614,-0.38731621132923433,1,1,0,0
2910,2910.0,29.1,-4.549975000000001,-3.794630073156018,-4.169022386350435,0.7553449268439829,0.38095261364956556,-0.37439231319441735,1,1,0,0
2911,2911.0,29.11,-4.563302939814812,-3.824410750781788,-4.182445058873772,0.7388921890330238,0.3808578809410399,-0.3580343080919839,1,1,0,0
2912,2912.0,29.12,-4.576630879629629,-3.8498639325544635,-4.197470302933581,0.7267669470751659,0.37916057669604797,-0.3476063703791179,1,1,0,0
2913,2913.0,29.13,-4.58995881944444,-3.8738916272879997,-4.210388853122302,0.7160671921564399,0.3795699663221379,-0.33649722583430197,1,1,0,0
2914,2914.0,29.14,-4.603286759259257,-3.8987907513419873,-4.226553887040465,0.7044960079172697,0.3767328722187919,-0.3277631356984778,1,1,0,0
2915,2915.0,29.15,-4.6166146990740735,-3.9256104911882437,-4.242266163528368,0.6910042078858298,0.3743485355457059,-0.31665567234012393,1,1,0,0
2916,2916.0,29.16,-4.6293036111111086,-3.9520089302679433,-4.256886662876294,0.6772946808431652,0.3724169482348145,-0.3048777326083507,1,1,0,0
2917,2917.0,29.17,-4.64199252314815,-3.977738404192641,-4.2691368990578615,0.6642541189555087,0.3728556240902883,-0.2913984948652204,1,1,0,0
2918,2918.0,29.18,-4.654681435185184,-4.004356142091673,-4.281949434005018,0.6503252930935108,0.37273200118016625,-0.2775932919133446,1,1,0,0
2919,2919.0,29.19,-4.667370347222225,-4.032185878475676,-4.297547073984336,0.6351844687465489,0.36982327323788944,-0.26536119550865944,1,1,0,0
2920,2920.0,29.2,-4.68005925925926,-4.0625823847200815,-4.312432933957841,0.6174768745391788,0.36762632530141914,-0.24985054923775962,1,1,0,0
2921,2921.0,29.21,-4.692094282407408,-4.093469259021507,-4.326516858252234,0.5986250233859005,0.36557742415517325,-0.23304759923072726,1,1,0,0
2922,2922.0,29.22,-4.704129305555554,-4.122735150722993,-4.339558524409735,0.5813941548325614,0.36457078114581876,-0.21682337368674265,1,1,0,0
2923,2923.0,29.23,-4.716164328703702,-4.150689183977366,-4.354033748637017,0.565475144726336,0.36213058006668497,-0.203344564659651,1,1,0,0
2924,2924.0,29.24,-4.7281993518518535,-4.176837383014322,-4.369852582954886,0.5513619688375311,0.3583467688969675,-0.1930151999405636,1,1,0,0
2925,2925.0,29.25,-4.740234375000002,-4.201992598748415,-4.385645549153059,0.5382417762515868,0.3545888258469425,-0.18365295040464424,1,1,0,0
2926,2926.0,29.26,-4.751600648148149,-4.228427646915848,-4.398066266993254,0.5231730012323013,0.353534381154895,-0.16963862007740627,1,1,0,0
2927,2927.0,29.27,-4.762966921296297,-4.253242918596111,-4.410305934905982,0.5097240027001853,0.3526609863903145,-0.15706301630987074,1,1,0,0
2928,2928.0,29.28,-4.774333194444444,-4.280431160514097,-4.423675285498277,0.4939020339303468,0.3506579089461672,-0.1432441249841796,1,1,0,0
2929,2929.0,29.29,-4.785699467592592,-4.305786590314321,-4.436734753916614,0.47991287727827103,0.34896471367597837,-0.13094816360229267,1,1,0,0
2930,2930.0,29.3,-4.79706574074074,-4.335701059283968,-4.448355273216268,0.46136468145677156,0.3487104675244721,-0.11265421393229946,1,1,0,0
2931,2931.0,29.31,-4.807748402777783,-4.3608012242762415,-4.459345182883256,0.4469471785015413,0.3484032198945268,-0.09854395860701448,1,0,0,1
2932,2932.0,29.32,-4.818431064814814,-4.38687562524905,-4.471890477636358,0.4315554395657646,0.34654058717845615,-0.08501485238730844,1,0,0,1
2933,2933.0,29.33,-4.829113726851857,-4.411840790276503,-4.485873242920355,0.4172729365753547,0.34324048393150264,-0.07403245264385205,1,0,0,1
2934,2934.0,29.34,-4.839796388888888,-4.434683199581506,-4.499159650853117,0.40511318930738227,0.3406367380357711,-0.06447645127161117,1,0,0,1
2935,2935.0,29.35,-4.850479050925925,-4.45831472589015,-4.5117820272733695,0.3921643250357745,0.3386970236525553,-0.0534673013832192,1,0,0,1
2936,2936.0,29.36,-4.8604632407407395,-4.483531794884621,-4.5227038972666325,0.37693144585611815,0.3377593434741071,-0.039172102382011076,1,0,0,1
2937,2937.0,29.37,-4.870447430555554,-4.508343334826416,-4.535789083599397,0.36210409572913793,0.33465834695615726,-0.02744574877298067,1,0,0,1
2938,2938.0,29.38,-4.880431620370369,-4.532359349743048,-4.550243694325615,0.3480722706273207,0.3301879260447542,-0.01788434458256649,1,0,0,1
2939,2939.0,29.39,-4.890415810185184,-4.554859771763728,-4.561736052252001,0.33555603842145576,0.32867975793318305,-0.006876280488272712,1,0,0,1
2940,2940.0,29.4,-4.900399999999999,-4.578004405010608,-4.573933603173287,0.3223955949893913,0.32646639682671275,0.004070801837321447,1,0,0,1
2941,2941.0,29.41,-4.90967085648148,-4.6015124255483935,-4.584690419991773,0.30815843093308626,0.32498043648970665,0.01682200555662039,1,0,0,1
2942,2942.0,29.42,-4.918941712962961,-4.623192495940237,-4.595766130808378,0.29574921702272405,0.3231755821545832,0.027426365131859143,1,0,0,1
2943,2943.0,29.43,-4.928212569444441,-4.644558715565032,-4.607425872534334,0.2836538538794091,0.3207866969101074,0.037132843030698304,1,0,0,1
2944,2944.0,29.44,-4.937483425925923,-4.666110544875259,-4.618667707217303,0.2713728810506639,0.31881571870862047,0.04744283765795654,1,0,0,1
2945,2945.0,29.45,-4.946754282407404,-4.686714836231609,-4.628784745795166,0.2600394461757949,0.3179695366122379,0.05793009043644304,1,0,0,1
2946,2946.0,29.46,-4.955296944444445,-4.708846082436915,-4.638310055718284,0.24645086200752964,0.3169868887261611,0.07053602671863146,1,0,0,1
2947,2947.0,29.47,-4.96383960648148,-4.730155759371627,-4.6466182774534905,0.23368384710985346,0.3172213290279897,0.08353748191813626,1,0,0,1
2948,2948.0,29.48,-4.972382268518516,-4.749034208471032,-4.657595933003924,0.22334806004748398,0.3147863355145928,0.09143827546710881,1,0,0,1
2949,2949.0,29.49,-4.980924930555559,-4.767251347279237,-4.667240188708357,0.21367358327632147,0.31368474184720174,0.10001115857088028,1,0,1,0
2950,2950.0,29.5,-4.989467592592594,-4.78732075628294,-4.6761472496467364,0.20214683630965435,0.31332034294585753,0.11117350663620318,1,0,1,0
2951,2951.0,29.51,-4.997267199074073,-4.805863653551417,-4.685458672966354,0.1914035455226557,0.31180852610771836,0.12040498058506266,1,0,1,0
2952,2952.0,29.52,-5.005066805555558,-4.824150260336096,-4.695973260990539,0.18091654521946143,0.3090935445650187,0.12817699934555726,1,0,1,0
2953,2953.0,29.53,-5.012866412037036,-4.842309804518866,-4.707436543394996,0.17055660751817037,0.30542986864204025,0.13487326112386988,1,0,1,0
2954,2954.0,29.54,-5.020666018518516,-4.860335478623526,-4.715615946771291,0.16033053989499013,0.30505007174722465,0.14471953185223452,1,0,1,0
2955,2955.0,29.55,-5.028465625000001,-4.878375640916132,-4.724593085174688,0.15008998408386898,0.3038725398253126,0.15378255574144362,1,0,1,0
2956,2956.0,29.56,-5.035507314814817,-4.896974049653113,-4.734922841841414,0.13853326516170394,0.3005844729734024,0.16205120781169846,1,0,1,0
2957,2957.0,29.57,-5.042549004629628,-4.915240883827472,-4.745187771101368,0.12730812080215603,0.29736123352826027,0.17005311272610424,1,0,1,0
2958,2958.0,29.58,-5.049590694444445,-4.932575069263687,-4.755278260185165,0.11701562518075814,0.29431243425928066,0.17729680907852252,1,0,1,0
2959,2959.0,29.59,-5.056632384259261,-4.948775470222751,-4.7637715107605105,0.10785691403651043,0.2928608734987508,0.18500395946224035,1,0,1,0
2960,2960.0,29.6,-5.063674074074072,-4.966419449457094,-4.77252363912226,0.09725462461697809,0.29115043495181236,0.19389581033483427,1,0,1,0
2961,2961.0,29.61,-5.069942986111109,-4.9828978934085235,-4.781001907633014,0.08704509270258587,0.28894107847809547,0.2018959857755096,1,0,1,0
2962,2962.0,29.62,-5.076211898148147,-4.998406664836438,-4.79103156569157,0.07780523331170919,0.2851803324565765,0.2073750991448673,1,0,1,0
2963,2963.0,29.63,-5.082480810185183,-5.012670662695525,-4.799353243368962,0.06981014748965819,0.283127566816221,0.21331741932656278,1,0,1,0
2964,2964.0,29.64,-5.088749722222221,-5.027807409958646,-4.806536769860955,0.06094231226357483,0.28221295236126576,0.22127064009769093,1,0,1,0
2965,2965.0,29.65,-5.095018634259257,-5.042461851467515,-4.815766328484374,0.052556782791742584,0.27925230577488325,0.22669552298314066,1,0,1,0
2966,2966.0,29.66,-5.100499907407409,-5.057404749574001,-4.822508248781552,0.04309515783340778,0.27799165862585706,0.23489650079244928,1,0,1,0
2967,2967.0,29.67,-5.105981180555554,-5.070941849394606,-4.828687656210279,0.035039331160948706,0.277293524345275,0.24225419318432628,1,0,1,0
2968,2968.0,29.68,-5.111462453703706,-5.084520574605336,-4.8354084407850335,0.02694187909836998,0.2760540129186726,0.24911213382030262,1,0,1,0
2969,2969.0,29.69,-5.116943726851852,-5.097794754292387,-4.842948818259222,0.01914897255946446,0.27399490859262965,0.2548459360331652,1,0,1,0
2970,2970.0,29.7,-5.122424999999998,-5.1122858600572165,-4.8516484011512695,0.010139139942781483,0.2707765988487285,0.26063745890594703,1,0,1,0
2971,2971.0,29.71,-5.127103773148147,-5.126488968509604,-4.858843043148796,0.0006148046385430206,0.26826072999935135,0.26764592536080833,1,0,1,0
2972,2972.0,29.72,-5.131782546296296,-5.14007534437423,-4.866215268897867,0.008292798077934371,0.26556727739842856,0.2572744793204942,1,0,1,0
2973,2973.0,29.73,-5.136461319444446,-5.152750831254296,-4.872407810669295,0.016289511809850055,0.26405350877515055,0.2477639969653005,1,0,1,0
2974,2974.0,29.74,-5.141140092592594,-5.165176439917159,-4.880436078452453,0.024036347324565277,0.2607040141401411,0.23666766681557583,1,0,1,0
2975,2975.0,29.75,-5.145818865740742,-5.178278395654297,-4.886853946686817,0.032459529913554164,0.25896491905392516,0.226505389140371,1,0,1,0
2976,2976.0,29.76,-5.149680277777778,-5.1896017774023,-4.89147744176164,0.03992149962452274,0.2582028360161379,0.21828133639161518,1,0,1,0
2977,2977.0,29.77,-5.153541689814812,-5.20082168055826,-4.8982486666757685,0.0472799907434478,0.25529302313904356,0.20801303239559576,1,0,1,0
2978,2978.0,29.78,-5.157403101851854,-5.210923442002993,-4.904973300660226,0.053520340151139045,0.25242980119162794,0.1989094610404889,1,0,1,0
2979,2979.0,29.79,-5.161264513888888,-5.220986304514253,-4.911951428192056,0.05972179062536487,0.24931308569683175,0.18959129507146688,1,0,1,0
2980,2980.0,29.8,-5.165125925925922,-5.232162189442814,-4.9172155725007025,0.06703626351689174,0.24791035342521983,0.1808740899083281,1,0,1,0
2981,2981.0,29.81,-5.1681551157407375,-5.241399141040542,-4.921806490172325,0.07324402529980478,0.24634862556841242,0.17310460026860763,1,0,1,0
2982,2982.0,29.82,-5.171184305555553,-5.2511304697130505,-4.926852019286718,0.07994616415749789,0.2443322862688344,0.16438612211133652,1,0,1,0
2983,2983.0,29.83,-5.174213495370368,-5.2610380470241624,-4.93141345930121,0.08682455165379466,0.24280003606915823,0.15597548441536357,1,0,1,0
2984,2984.0,29.84,-5.177242685185183,-5.269591788459076,-4.9337984637923125,0.09234910327389301,0.24344422139287047,0.15109511811897747,1,0,1,0
2985,2985.0,29.85,-5.180271874999998,-5.278250936618869,-4.938151198770111,0.09797906161887049,0.2421206762298871,0.1441416146110166,1,0,1,0
2986,2986.0,29.86,-5.182453981481482,-5.2884630245162345,-4.942374120059741,0.10600904303475289,0.24007986142174076,0.13407081838698787,1,0,1,0
2987,2987.0,29.87,-5.184636087962965,-5.298056371121627,-4.94648480752717,0.11342028315866148,0.2381512804357948,0.12473099727713333,1,0,1,0
2988,2988.0,29.88,-5.186818194444443,-5.307159048362151,-4.950902038609959,0.12034085391770777,0.23591615583448444,0.11557530191677667,1,0,1,0
2989,2989.0,29.89,-5.189000300925928,-5.316320410187485,-4.956650666974547,0.12732010926155723,0.23234963395138042,0.10502952468982318,1,0,1,0
2990,2990.0,29.9,-5.191182407407405,-5.325145965374662,-4.960946183293828,0.1339635579672569,0.23023622411357714,0.09627266614632024,1,0,0,1
2991,2991.0,29.91,-5.192502569444446,-5.333278983070618,-4.96317573391906,0.14077641362617133,0.22932683552538613,0.0885504218992148,1,0,0,1
2992,2992.0,29.92,-5.1938227314814815,-5.341666082019217,-4.966995356051555,0.14784335053773567,0.22682737542992637,0.0789840248921907,1,0,0,1
2993,2993.0,29.93,-5.1951428935185175,-5.350007557432978,-4.971821650530339,0.1548646639144602,0.22332124298817835,0.06845657907371816,1,0,0,1
2994,2994.0,29.94,-5.196463055555558,-5.358095293379236,-4.976005178708055,0.16163223782367808,0.22045787684750273,0.05882563902382465,1,0,0,1
2995,2995.0,29.95,-5.197783217592594,-5.3672795520918335,-4.978471183573247,0.1694963344992395,0.21931203401934685,0.04981569952010734,1,0,0,1
2996,2996.0,29.96,-5.198226574074074,-5.375552138841911,-4.979861377224845,0.17732556476783756,0.21836519684922884,0.041039632081391275,1,0,0,1
2997,2997.0,29.97,-5.198669930555555,-5.383638398088493,-4.983472192353588,0.18496846753293816,0.21519773820196697,0.030229270669028807,1,0,0,1
2998,2998.0,29.98,-5.199113287037036,-5.389597571236239,-4.986924959601959,0.19048428419920338,0.21218832743507665,0.02170404323587327,1,0,0,1
2999,2999.0,29.99,-5.199556643518517,-5.3973568075661955,-4.989596590972993,0.19780016404767853,0.20996005254552408,0.01215988849784555,1,0,0,1
3000,3000.0,30.0,-5.1999999999999975,-5.405083788722839,-4.990993787371485,0.20508378872284183,0.2090062126285126,0.003922423905670769,1,0,0,1
3001,3001.0,30.01,-5.1999999999999975,-5.411708964354863,-4.991285285047359,0.21170896435486508,0.20871471495263894,-0.0029942494022261457,1,0,0,1
3002,3002.0,30.02,-5.1999999999999975,-5.416869164283168,-4.994468512145668,0.21686916428317016,0.20553148785432995,-0.011337676428840204,1,0,0,1
3003,3003.0,30.03,-5.1999999999999975,-5.423151498451234,-4.996079351927054,0.22315149845123639,0.20392064807294386,-0.01923085037829253,1,0,0,1
3004,3004.0,30.04,-5.1999999999999975,-5.429618652208362,-4.996370575405827,0.22961865220836408,0.20362942459417077,-0.02598922761419331,1,0,0,1
3005,3005.0,30.05,-5.1999999999999975,-5.436618373791645,-4.996869318664003,0.2366183737916474,0.20313068133599455,-0.03348769245565286,1,0,0,1
3006,3006.0,30.06,-5.1999999999999975,-5.441779450634016,-4.998182800501611,0.2417794506340183,0.20181719949838683,-0.039962251135631455,1,0,0,1
3007,3007.0,30.07,-5.1999999999999975,-5.44813242253891,-5.00077843989575,0.24813242253891232,0.19922156010424708,-0.04891086243466525,1,0,0,1
3008,3008.0,30.08,-5.1999999999999975,-5.455795784153434,-5.0022806556463,0.2557957841534364,0.19771934435369776,-0.058076439799738644,1,0,0,1
3009,3009.0,30.09,-5.1999999999999975,-5.462718266599456,-5.003071174756349,0.2627182665994585,0.1969288252436483,-0.06578944135581022,1,0,0,1
3010,3010.0,30.1,-5.1999999999999975,-5.4686582318304655,-5.00403215925998,0.268658231830468,0.1959678407400176,-0.07269039109045039,1,0,0,1
3011,3011.0,30.11,-5.1999999999999975,-5.472875727820474,-5.005892692255349,0.27287572782047675,0.19410730774464824,-0.07876842007582852,1,0,0,1
3012,3012.0,30.12,-5.1999999999999975,-5.4780402011935525,-5.00730099035758,0.278040201193555,0.1926990096424177,-0.08534119155113729,1,0,0,1
3013,3013.0,30.13,-5.1999999999999975,-5.483447242786064,-5.00637507560519,0.2834472427860666,0.1936249243948076,-0.08982231839125898,1,0,0,1
3014,3014.0,30.14,-5.1999999999999975,-5.489308502725993,-5.00679554914292,0.2893085027259952,0.1932044508570776,-0.09610405186891757,1,0,0,1
3015,3015.0,30.15,-5.1999999999999975,-5.493987310356679,-5.0077980426406885,0.29398731035668124,0.192201957359309,-0.10178535299737224,1,1,0,0
3016,3016.0,30.16,-5.1999999999999975,-5.4975381273940815,-5.009053228032612,0.29753812739408403,0.1909467719673854,-0.10659135542669862,1,1,0,0
3017,3017.0,30.17,-5.1999999999999975,-5.500380216800239,-5.009164065174366,0.3003802168002414,0.19083593482563188,-0.10954428197460953,1,1,0,0
3018,3018.0,30.18,-5.1999999999999975,-5.50326809723056,-5.008326906808556,0.30326809723056236,0.19167309319144188,-0.11159500403912048,1,1,0,0
3019,3019.0,30.19,-5.1999999999999975,-5.506978258364025,-5.009100880374898,0.3069782583640279,0.1908991196250991,-0.11607913873892883,1,1,0,0
3020,3020.0,30.2,-5.1999999999999975,-5.509082991718751,-5.009767800401565,0.3090829917187534,0.19023219959843285,-0.11885079212032057,1,1,0,0
3021,3021.0,30.21,-5.1999999999999975,-5.51208688057948,-5.010393825490402,0.3120868805794821,0.1896061745095956,-0.12248070606988648,1,1,0,0
3022,3022.0,30.22,-5.1999999999999975,-5.5145429671499775,-5.009591016576045,0.31454296714998,0.19040898342395263,-0.12413398372602735,1,1,0,0
3023,3023.0,30.23,-5.1999999999999975,-5.518682413273025,-5.009096758027123,0.31868241327302727,0.19090324197287423,-0.12777917130015304,1,1,0,0
3024,3024.0,30.24,-5.1999999999999975,-5.518795465312635,-5.008312500824315,0.3187954653126379,0.19168749917568295,-0.12710796613695496,1,1,0,0
3025,3025.0,30.25,-5.1999999999999975,-5.521175991034549,-5.00829139118431,0.3211759910345515,0.19170860881568785,-0.12946738221886367,1,1,0,0
3026,3026.0,30.26,-5.1999999999999975,-5.520630021960547,-5.010017737789688,0.32063002196054935,0.18998226221030912,-0.13064775975024023,1,1,0,0
3027,3027.0,30.27,-5.1999999999999975,-5.521236908330818,-5.01063171676477,0.3212369083308202,0.18936828323522725,-0.13186862509559294,1,1,0,0
3028,3028.0,30.28,-5.1999999999999975,-5.521720883569126,-5.009050928730566,0.3217208835691281,0.19094907126943195,-0.13077181229969614,1,1,0,0
3029,3029.0,30.29,-5.1999999999999975,-5.522706578450428,-5.009326010723147,0.3227065784504308,0.1906739892768501,-0.13203258917358074,1,1,0,0
3030,3030.0,30.3,-5.1999999999999975,-5.5228755971014385,-5.010003919543497,0.322875597101441,0.18999608045650085,-0.13287951664494013,1,1,0,0
3031,3031.0,30.31,-5.1999999999999975,-5.522611767204693,-5.010120561358356,0.32261176720469553,0.18987943864164158,-0.13273232856305395,1,1,0,0
3032,3032.0,30.32,-5.1999999999999975,-5.521760871978808,-5.009935331501708,0.3217608719788103,0.19006466849828918,-0.13169620348052113,1,1,0,0
3033,3033.0,30.33,-5.1999999999999975,-5.523147597086392,-5.008362647323543,0.3231475970863942,0.19163735267645432,-0.13151024440993986,1,1,0,0
3034,3034.0,30.34,-5.1999999999999975,-5.522678969321518,-5.008702064584025,0.3226789693215206,0.19129793541597273,-0.1313810339055479,1,1,0,0
3035,3035.0,30.35,-5.1999999999999975,-5.522287549958266,-5.008633480687529,0.32228754995826847,0.19136651931246895,-0.13092103064579952,1,1,0,0
3036,3036.0,30.36,-5.1999999999999975,-5.521094229426476,-5.008808534675103,0.32109422942647825,0.19119146532489495,-0.1299027641015833,1,1,0,0
3037,3037.0,30.37,-5.1999999999999975,-5.520456982722617,-5.008060185810424,0.3204569827226198,0.19193981418957318,-0.12851716853304662,1,1,0,0
3038,3038.0,30.38,-5.1999999999999975,-5.519562347730558,-5.009132910413126,0.31956234773056025,0.19086708958687115,-0.1286952581436891,1,1,0,0
3039,3039.0,30.39,-5.1999999999999975,-5.5192380021289456,-5.010720828287311,0.31923800212894804,0.1892791717126867,-0.12995883041626133,1,1,0,0
3040,3040.0,30.4,-5.1999999999999975,-5.5177413811483,-5.009252229079642,0.3177413811483021,0.1907477709203551,-0.12699361022794697,1,1,0,0
3041,3041.0,30.41,-5.1999999999999975,-5.517335853919994,-5.007778261027001,0.31733585391999686,0.19222173897299655,-0.1251141149470003,1,1,0,0
3042,3042.0,30.42,-5.1999999999999975,-5.515532299394978,-5.006714761082364,0.31553229939498006,0.1932852389176336,-0.12224706047734646,1,1,0,0
3043,3043.0,30.43,-5.1999999999999975,-5.514513347715724,-5.007130410257,0.31451334771572625,0.1928695897429975,-0.12164375797272875,1,1,0,0
3044,3044.0,30.44,-5.1999999999999975,-5.512915798268252,-5.00873644434471,0.31291579826825444,0.1912635556552873,-0.12165224261296714,1,1,0,0
3045,3045.0,30.45,-5.1999999999999975,-5.511676025772611,-5.008841468028396,0.31167602577261366,0.1911585319716016,-0.12051749380101207,1,1,0,0
3046,3046.0,30.46,-5.1999999999999975,-5.50985910529731,-5.00840381064354,0.30985910529731253,0.19159618935645728,-0.11826291594085525,1,1,0,0
3047,3047.0,30.47,-5.1999999999999975,-5.508749842148126,-5.008478690214687,0.30874984214812873,0.19152130978531012,-0.1172285323628186,1,1,0,0
3048,3048.0,30.48,-5.1999999999999975,-5.509698841284809,-5.008995286229199,0.3096988412848116,0.19100471377079842,-0.1186941275140132,1,1,0,0
3049,3049.0,30.49,-5.1999999999999975,-5.508974016229012,-5.007678356937288,0.30897401622901466,0.1923216430627095,-0.11665237316630517,1,1,0,0
3050,3050.0,30.5,-5.1999999999999975,-5.508118012055575,-5.006112464107252,0.3081180120555773,0.19388753589274543,-0.11423047616283188,1,1,0,0
3051,3051.0,30.51,-5.1999999999999975,-5.507637010400219,-5.007090952445329,0.30763701040022173,0.19290904755466887,-0.11472796284555287,1,1,0,0
3052,3052.0,30.52,-5.1999999999999975,-5.506636800984422,-5.007888609609413,0.3066368009844247,0.19211139039058445,-0.11452541059384025,1,1,0,0
3053,3053.0,30.53,-5.1999999999999975,-5.505917924193979,-5.009320457734983,0.3059179241939818,0.1906795422650145,-0.11523838192896729,1,1,0,0
3054,3054.0,30.54,-5.1999999999999975,-5.506294783235246,-5.009153987317938,0.3062947832352485,0.19084601268205947,-0.11544877055318903,1,1,0,0
3055,3055.0,30.55,-5.1999999999999975,-5.505222667109866,-5.008436950826566,0.30522266710986834,0.19156304917343192,-0.11365961793643642,1,1,0,0
3056,3056.0,30.56,-5.1999999999999975,-5.503890087728129,-5.008867585545317,0.3038900877281314,0.19113241445468088,-0.11275767327345054,1,1,0,0
3057,3057.0,30.57,-5.1999999999999975,-5.502149867539354,-5.008028527915155,0.3021498675393568,0.1919714720848429,-0.11017839545451391,1,1,0,0
3058,3058.0,30.58,-5.1999999999999975,-5.501926424947926,-5.005763650998199,0.3019264249479283,0.1942363490017982,-0.10769007594613011,1,1,0,0
3059,3059.0,30.59,-5.1999999999999975,-5.502154841005209,-5.004074352747287,0.30215484100521106,0.1959256472527109,-0.10622919375250017,1,1,0,0
3060,3060.0,30.6,-5.1999999999999975,-5.503310041106471,-5.005424293610832,0.3033100411064735,0.19457570638916533,-0.1087343347173082,1,1,0,0
3061,3061.0,30.61,-5.1999999999999975,-5.503358459949886,-5.0060966710633155,0.3033584599498882,0.19390332893668205,-0.10945513101320614,1,1,0,0
3062,3062.0,30.62,-5.1999999999999975,-5.502698571333092,-5.00498948183326,0.3026985713330941,0.19501051816673787,-0.10768805316635621,1,1,0,0
3063,3063.0,30.63,-5.1999999999999975,-5.503190517229477,-5.004639970354888,0.30319051722947954,0.19536002964510946,-0.10783048758437008,1,1,0,0
3064,3064.0,30.64,-5.1999999999999975,-5.5030987655759205,-5.004839743198053,0.30309876557592297,0.1951602568019446,-0.10793850877397837,1,1,0,0
3065,3065.0,30.65,-5.1999999999999975,-5.5026157092456165,-5.003122338652793,0.302615709245619,0.1968776613472043,-0.10573804789841468,1,1,0,0
3066,3066.0,30.66,-5.1999999999999975,-5.500309041697045,-5.003675536748131,0.3003090416970471,0.1963244632518668,-0.10398457844518028,1,1,0,0
3067,3067.0,30.67,-5.1999999999999975,-5.499161956624539,-5.0043618454288685,0.29916195662454115,0.19563815457112899,-0.10352380205341216,1,1,0,0
3068,3068.0,30.68,-5.1999999999999975,-5.499049247161642,-5.0044072696595,0.29904924716164416,0.19559273034049784,-0.10345651682114632,1,1,0,0
3069,3069.0,30.69,-5.1999999999999975,-5.498341499144797,-5.004269851936686,0.2983414991447999,0.19573014806331113,-0.10261135108148878,1,1,0,0
3070,3070.0,30.7,-5.1999999999999975,-5.4972291853759305,-5.004393380953377,0.297229185375933,0.1956066190466208,-0.10162256632931221,1,1,0,0
3071,3071.0,30.71,-5.1999999999999975,-5.495876818562136,-5.005342130101549,0.29587681856213877,0.1946578698984487,-0.10121894866369008,1,1,0,0
3072,3072.0,30.72,-5.1999999999999975,-5.494925766330421,-5.00481143930692,0.2949257663304232,0.19518856069307766,-0.09973720563734556,1,0,0,1
3073,3073.0,30.73,-5.1999999999999975,-5.494885496126807,-5.004859804972088,0.2948854961268097,0.1951401950279097,-0.09974530109890001,1,0,0,1
3074,3074.0,30.74,-5.1999999999999975,-5.495176480935214,-5.004115538445038,0.29517648093521665,0.1958844615549591,-0.09929201938025756,1,0,0,1
3075,3075.0,30.75,-5.1999999999999975,-5.495708372520679,-5.005309289649385,0.2957083725206813,0.19469071035061258,-0.10101766217006869,1,1,0,0
3076,3076.0,30.76,-5.1999999999999975,-5.495008406743131,-5.007491595474562,0.29500840674313356,0.1925084045254355,-0.10250000221769806,1,1,0,0
3077,3077.0,30.77,-5.1999999999999975,-5.494195986565258,-5.0056895935373715,0.2941959865652608,0.19431040646262598,-0.09988558010263482,1,0,0,1
3078,3078.0,30.78,-5.1999999999999975,-5.493631424144899,-5.00468878382381,0.29363142414490184,0.1953112161761874,-0.09832020796871443,1,0,0,1
3079,3079.0,30.79,-5.1999999999999975,-5.493304327996091,-5.004336788585658,0.2933043279960934,0.19566321141433995,-0.09764111658175345,1,0,0,1
3080,3080.0,30.8,-5.1999999999999975,-5.493364214890698,-5.004346074656764,0.2933642148907003,0.19565392534323323,-0.09771028954746708,1,0,0,1
3081,3081.0,30.81,-5.1999999999999975,-5.493349833289289,-5.0048658988218175,0.2933498332892919,0.19513410117817998,-0.0982157321111119,1,0,0,1
3082,3082.0,30.82,-5.1999999999999975,-5.491948216712867,-5.004290578573106,0.2919482167128695,0.19570942142689152,-0.09623879528597801,1,0,0,1
3083,3083.0,30.83,-5.1999999999999975,-5.492470831664366,-5.003959283189729,0.29247083166436827,0.1960407168102689,-0.09643011485409936,1,0,0,1
3084,3084.0,30.84,-5.1999999999999975,-5.492704261816971,-5.003862344371515,0.29270426181697307,0.1961376556284824,-0.09656660618849067,1,0,0,1
3085,3085.0,30.85,-5.1999999999999975,-5.4918917804232175,-5.006884718710886,0.29189178042321995,0.1931152812891117,-0.09877649913410824,1,0,0,1
3086,3086.0,30.86,-5.1999999999999975,-5.489657205050694,-5.006444683832354,0.2896572050506965,0.1935553161676431,-0.09610188888305338,1,0,0,1
3087,3087.0,30.87,-5.1999999999999975,-5.488634252702689,-5.00505992610949,0.2886342527026917,0.19494007389050783,-0.09369417881218389,1,0,0,1
3088,3088.0,30.88,-5.1999999999999975,-5.487138754654594,-5.0060244768245,0.28713875465459626,0.1939755231754976,-0.09316323147909866,1,0,0,1
3089,3089.0,30.89,-5.1999999999999975,-5.487346304593058,-5.0068496180590065,0.28734630459306043,0.193150381940991,-0.09419592265206944,1,0,0,1
3090,3090.0,30.9,-5.1999999999999975,-5.486795425447228,-5.008108251285275,0.2867954254472309,0.19189174871472225,-0.09490367673250866,1,0,0,1
3091,3091.0,30.91,-5.1999999999999975,-5.485399633409063,-5.007786136702003,0.2853996334090656,0.1922138632979946,-0.09318577011107099,1,0,0,1
3092,3092.0,30.92,-5.1999999999999975,-5.484113134043208,-5.007070822826399,0.2841131340432108,0.1929291771735988,-0.091183956869612,1,0,0,1
3093,3093.0,30.93,-5.1999999999999975,-5.4835509745568425,-5.007383872263749,0.28355097455684497,0.19261612773624837,-0.0909348468205966,1,0,0,1
3094,3094.0,30.94,-5.1999999999999975,-5.483072070143801,-5.006543537149419,0.2830720701438034,0.1934564628505786,-0.08961560729322482,1,0,0,1
3095,3095.0,30.95,-5.1999999999999975,-5.4820398082242106,-5.0046465159180284,0.28203980822421304,0.19535348408196906,-0.08668632414224398,1,0,0,1
3096,3096.0,30.96,-5.1999999999999975,-5.481088656400409,-5.004034684452286,0.2810886564004118,0.19596531554771168,-0.08512334085270012,1,0,0,1
3097,3097.0,30.97,-5.1999999999999975,-5.479686190358564,-5.004722134381009,0.2796861903585661,0.19527786561898886,-0.08440832473957727,1,0,0,1
3098,3098.0,30.98,-5.1999999999999975,-5.478297072579934,-5.003667709867102,0.2782970725799361,0.19633229013289544,-0.08196478244704064,1,0,0,1
3099,3099.0,30.99,-5.1999999999999975,-5.478203832625378,-5.001477952977019,0.2782038326253806,0.19852204702297893,-0.07968178560240169,1,0,0,1
3100,3100.0,31.0,-5.1999999999999975,-5.477011956996775,-4.9997319639400795,0.2770119569967777,0.20026803605991805,-0.07674392093685967,1,0,0,1
3101,3101.0,31.01,-5.1999999999999975,-5.475596902428689,-4.99903227491456,0.27559690242869106,0.20096772508543737,-0.0746291773432537,1,0,0,1
3102,3102.0,31.02,-5.1999999999999975,-5.475017620980127,-4.999694726041479,0.2750176209801296,0.20030527395851827,-0.07471234702161134,1,0,0,1
3103,3103.0,31.03,-5.1999999999999975,-5.474888842707322,-5.000772594667466,0.27488884270732417,0.19922740533253158,-0.07566143737479258,1,0,0,1
3104,3104.0,31.04,-5.1999999999999975,-5.474543091197965,-5.000766798560903,0.2745430911979678,0.1992332014390943,-0.07530988975887354,1,0,0,1
3105,3105.0,31.05,-5.1999999999999975,-5.473238771347474,-5.001205232138743,0.27323877134747665,0.19879476786125494,-0.07444400348622171,1,0,0,1
3106,3106.0,31.06,-5.1999999999999975,-5.471865783626623,-5.000051431943566,0.27186578362662583,0.19994856805643124,-0.07191721557019459,1,0,0,1
3107,3107.0,31.07,-5.1999999999999975,-5.47120020631508,-4.999303831912586,0.2712002063150827,0.2006961680874113,-0.07050403822767137,1,0,0,1
3108,3108.0,31.08,-5.1999999999999975,-5.469349510519098,-4.999018142556077,0.26934951051910083,0.20098185744392083,-0.06836765307518,1,0,0,1
3109,3109.0,31.09,-5.1999999999999975,-5.468759085580644,-4.998792839613517,0.26875908558064676,0.20120716038648023,-0.06755192519416653,1,0,0,1
3110,3110.0,31.1,-5.1999999999999975,-5.467360303550933,-4.999946790423881,0.26736030355093554,0.20005320957611694,-0.0673070939748186,1,0,0,1
3111,3111.0,31.11,-5.1999999999999975,-5.465884099462858,-4.999325884565073,0.26588409946286085,0.20067411543492408,-0.06520998402793676,1,0,0,1
3112,3112.0,31.12,-5.1999999999999975,-5.466317650266139,-5.000223829625944,0.2663176502661413,0.19977617037405349,-0.06654147989208781,1,0,0,1
3113,3113.0,31.13,-5.1999999999999975,-5.4670894522708835,-5.001371617593556,0.267089452270886,0.19862838240644187,-0.06846106986444411,1,0,0,1
3114,3114.0,31.14,-5.1999999999999975,-5.465829672645596,-5.00043530626955,0.26582967264559887,0.19956469373044783,-0.06626497891515104,1,0,0,1
3115,3115.0,31.15,-5.1999999999999975,-5.4649110869373025,-5.001032310155476,0.26491108693730503,0.19896768984452162,-0.0659433970927834,1,0,0,1
3116,3116.0,31.16,-5.1999999999999975,-5.462563970261507,-5.000956547879814,0.26256397026150946,0.1990434521201836,-0.06352051814132587,1,0,0,1
3117,3117.0,31.17,-5.1999999999999975,-5.462576163660824,-5.001128065637393,0.26257616366082637,0.19887193436260464,-0.06370422929822173,1,0,0,1
3118,3118.0,31.18,-5.1999999999999975,-5.462139925347995,-5.001131197907688,0.2621399253479977,0.19886880209230995,-0.06327112325568773,1,0,0,1
3119,3119.0,31.19,-5.1999999999999975,-5.461595945018241,-4.999713089488408,0.2615959450182439,0.20028691051158987,-0.06130903450665404,1,0,0,1
3120,3120.0,31.2,-5.1999999999999975,-5.461743800834005,-4.999464081488941,0.26174380083400717,0.2005359185110569,-0.06120788232295027,1,0,0,1
3121,3121.0,31.21,-5.1999999999999975,-5.460286268078742,-4.998348837117728,0.2602862680787448,0.20165116288226947,-0.0586351051964753,1,0,0,1
3122,3122.0,31.22,-5.1999999999999975,-5.4604121181855625,-4.999062437674102,0.260412118185565,0.20093756232589577,-0.05947455585966921,1,0,0,1
3123,3123.0,31.23,-5.1999999999999975,-5.460303913007649,-4.998291365627042,0.2603039130076512,0.20170863437295594,-0.05859527863469527,1,0,0,1
3124,3124.0,31.24,-5.1999999999999975,-5.459616621740669,-4.997193900979101,0.2596166217406717,0.2028060990208962,-0.05681052271977549,1,0,0,1
3125,3125.0,31.25,-5.1999999999999975,-5.461328379449792,-4.997682169884625,0.2613283794497949,0.20231783011537274,-0.05901054933442218,1,0,0,1
3126,3126.0,31.26,-5.1999999999999975,-5.461859562879291,-4.998313512443847,0.2618595628792937,0.2016864875561506,-0.06017307532314309,1,0,0,1
3127,3127.0,31.27,-5.1999999999999975,-5.460945991658573,-4.99957929064535,0.26094599165857524,0.2004207093546473,-0.06052528230392795,1,0,0,1
3128,3128.0,31.28,-5.1999999999999975,-5.461067498127091,-4.998430885879367,0.26106749812709307,0.2015691141206304,-0.05949838400646268,1,0,0,1
3129,3129.0,31.29,-5.1999999999999975,-5.460725506940656,-4.99835535249442,0.2607255069406582,0.2016446475055771,-0.05908085943508112,1,0,0,1
3130,3130.0,31.3,-5.1999999999999975,-5.461175750614296,-5.000429465697052,0.26117575061429843,0.19957053430294547,-0.06160521631135296,1,0,0,1
3131,3131.0,31.31,-5.1999999999999975,-5.462239104092799,-5.001144191596239,0.26223910409280116,0.19885580840375816,-0.063383295689043,1,0,0,1
3132,3132.0,31.32,-5.1999999999999975,-5.464185714646146,-4.99954031062413,0.2641857146461488,0.2004596893758679,-0.06372602527028093,1,0,0,1
3133,3133.0,31.33,-5.1999999999999975,-5.4659479787304255,-4.9986813058414405,0.26594797873042797,0.20131869415855697,-0.064629284571871,1,0,0,1
3134,3134.0,31.34,-5.1999999999999975,-5.4651985347128935,-4.998911368602023,0.265198534712896,0.20108863139797428,-0.06410990331492172,1,0,0,1
3135,3135.0,31.35,-5.1999999999999975,-5.466641699894341,-4.998045614225109,0.2666416998943433,0.20195438577488822,-0.06468731411945505,1,0,0,1
3136,3136.0,31.36,-5.1999999999999975,-5.4679628763274435,-4.99637427670114,0.267962876327446,0.20362572329885786,-0.06433715302858811,1,0,0,1
3137,3137.0,31.37,-5.1999999999999975,-5.466836009540881,-4.995131541858908,0.26683600954088327,0.20486845814108978,-0.061967551399793486,1,0,0,1
3138,3138.0,31.38,-5.1999999999999975,-5.467841975795811,-4.995209252260997,0.2678419757958137,0.20479074773900052,-0.06305122805681318,1,0,0,1
3139,3139.0,31.39,-5.1999999999999975,-5.4656858052090005,-4.995913637406651,0.265685805209003,0.20408636259334667,-0.06159944261565631,1,0,0,1
3140,3140.0,31.4,-5.1999999999999975,-5.466295818803235,-4.996282944149533,0.26629581880323716,0.20371705585046485,-0.06257876295277232,1,0,0,1
3141,3141.0,31.41,-5.1999999999999975,-5.4682006354617885,-4.995509429339718,0.26820063546179096,0.20449057066027976,-0.0637100648015112,1,0,0,1
3142,3142.0,31.42,-5.1999999999999975,-5.471269832590106,-4.9943829015513685,0.2712698325901082,0.20561709844862897,-0.06565273414147921,1,0,0,1
3143,3143.0,31.43,-5.1999999999999975,-5.473698896114226,-4.992690515467531,0.2736988961142286,0.20730948453246612,-0.06638941158176248,1,0,0,1
3144,3144.0,31.44,-5.1999999999999975,-5.476021042644956,-4.991598963240418,0.27602104264495875,0.20840103675957966,-0.06762000588537909,1,0,0,1
3145,3145.0,31.45,-5.1999999999999975,-5.478822958682285,-4.990924465546453,0.27882295868228724,0.20907553445354488,-0.06974742422874236,1,0,0,1
3146,3146.0,31.46,-5.1999999999999975,-5.482859739817901,-4.989620902893779,0.28285973981790313,0.21037909710621872,-0.07248064271168442,1,0,0,1
3147,3147.0,31.47,-5.1999999999999975,-5.484282426800487,-4.990437822273695,0.2842824268004893,0.20956217772630215,-0.07472024907418717,1,0,0,1
3148,3148.0,31.48,-5.1999999999999975,-5.485538728406137,-4.98893262166517,0.2855387284061397,0.21106737833482736,-0.07447135007131234,1,0,0,1
3149,3149.0,31.49,-5.1999999999999975,-5.486596087830539,-4.990952247148936,0.28659608783054136,0.20904775285106147,-0.07754833497947988,1,0,0,1
3150,3150.0,31.5,-5.1999999999999975,-5.487195096007481,-4.991495596395398,0.2871950960074834,0.2085044036045991,-0.07869069240288429,1,0,0,1
3151,3151.0,31.51,-5.1999999999999975,-5.487071932841537,-4.989524854977204,0.2870719328415392,0.21047514502279352,-0.07659678781874568,1,0,0,1
3152,3152.0,31.52,-5.1999999999999975,-5.489653283806217,-4.989705004741337,0.2896532838062198,0.21029499525866058,-0.07935828854755922,1,0,0,1
3153,3153.0,31.53,-5.1999999999999975,-5.493556883364808,-4.989725708178794,0.29355688336481034,0.21027429182120372,-0.08328259154360662,1,0,0,1
3154,3154.0,31.54,-5.1999999999999975,-5.498268630037616,-4.98927649764031,0.2982686300376187,0.21072350235968784,-0.08754512767793088,1,0,0,1
3155,3155.0,31.55,-5.1999999999999975,-5.499650501665497,-4.98921491598705,0.2996505016654991,0.21078508401294727,-0.08886541765255185,1,0,0,1
3156,3156.0,31.56,-5.1999999999999975,-5.499940271607472,-4.9878138185376,0.2999402716074746,0.2121861814623971,-0.08775409014507751,1,0,0,1
3157,3157.0,31.57,-5.1999999999999975,-5.501340927779101,-4.987572331175381,0.30134092777910393,0.21242766882461694,-0.08891325895448698,1,0,0,1
3158,3158.0,31.58,-5.1999999999999975,-5.505321493815499,-4.990898496990733,0.30532149381550155,0.2091015030092649,-0.09621999080623667,1,0,0,1
3159,3159.0,31.59,-5.1999999999999975,-5.508539576087565,-4.9916935902479995,0.30853957608756755,0.208306409751998,-0.10023316633556956,1,1,0,0
3160,3160.0,31.6,-5.1999999999999975,-5.513382988757512,-4.989957023617854,0.3133829887575148,0.21004297638214364,-0.10334001237537116,1,1,0,0
3161,3161.0,31.61,-5.1999999999999975,-5.515484384886517,-4.9889412870228735,0.31548438488651964,0.21105871297712397,-0.10442567190939567,1,1,0,0
3162,3162.0,31.62,-5.1999999999999975,-5.514777683591091,-4.98944982661043,0.31477768359109337,0.21055017338956716,-0.10422751020152621,1,1,0,0
3163,3163.0,31.63,-5.1999999999999975,-5.51368534481571,-4.989842418927271,0.3136853448157124,0.21015758107272653,-0.10352776374298589,1,1,0,0
3164,3164.0,31.64,-5.1999999999999975,-5.512524715835146,-4.99079160078259,0.3125247158351483,0.20920839921740786,-0.10331631661774043,1,1,0,0
3165,3165.0,31.65,-5.1999999999999975,-5.510824320432073,-4.989720558679862,0.31082432043207575,0.21027944132013587,-0.10054487911193988,1,1,0,0
3166,3166.0,31.66,-5.1999999999999975,-5.515125461415731,-4.989714246995675,0.3151254614157333,0.21028575300432273,-0.10483970841141055,1,1,0,0
3167,3167.0,31.67,-5.1999999999999975,-5.5160111002028165,-4.991914071129341,0.316011100202819,0.20808592887065647,-0.1079251713321625,1,1,0,0
3168,3168.0,31.68,-5.1999999999999975,-5.51333876613696,-4.991267102419127,0.31333876613696265,0.20873289758087044,-0.10460586855609222,1,1,0,0
3169,3169.0,31.69,-5.1999999999999975,-5.512475138497667,-4.989843992134594,0.3124751384976694,0.2101560078654039,-0.1023191306322655,1,1,0,0
3170,3170.0,31.7,-5.1999999999999975,-5.515258144496294,-4.989465366301918,0.31525814449629674,0.2105346336980798,-0.10472351079821696,1,1,0,0
3171,3171.0,31.71,-5.1999999999999975,-5.517335626291861,-4.990671135106334,0.3173356262918636,0.20932886489366354,-0.10800676139820009,1,1,0,0
3172,3172.0,31.72,-5.1999999999999975,-5.52167766575029,-4.991146896874936,0.32167766575029244,0.20885310312506178,-0.11282456262523066,1,1,0,0
3173,3173.0,31.73,-5.1999999999999975,-5.5226108155391,-4.990298949368098,0.3226108155391021,0.20970105063189948,-0.11290976490720261,1,1,0,0
3174,3174.0,31.74,-5.1999999999999975,-5.523199523544025,-4.988860122035192,0.3231995235440275,0.21113987796480593,-0.11205964557922155,1,1,0,0
3175,3175.0,31.75,-5.1999999999999975,-5.51947239099416,-4.989350682285627,0.3194723909941626,0.21064931771437045,-0.10882307327979213,1,1,0,0
3176,3176.0,31.76,-5.1999999999999975,-5.518667463469204,-4.990487383826469,0.3186674634692066,0.20951261617352834,-0.10915484729567826,1,1,0,0
3177,3177.0,31.77,-5.1999999999999975,-5.52378234869812,-4.990797071480958,0.3237823486981224,0.20920292851903977,-0.11457942017908262,1,1,0,0
3178,3178.0,31.78,-5.1999999999999975,-5.526332238598093,-4.990717008607542,0.3263322385980958,0.2092829913924552,-0.11704924720564058,1,1,0,0
3179,3179.0,31.79,-5.1999999999999975,-5.526487565769715,-4.989803952099363,0.3264875657697175,0.2101960479006344,-0.1162915178690831,1,1,0,0
3180,3180.0,31.8,-5.1999999999999975,-5.525555187239624,-4.990467203227949,0.32555518723962606,0.2095327967720486,-0.11602239046757745,1,1,0,0
3181,3181.0,31.81,-5.1999999999999975,-5.52337455218865,-4.989017370270719,0.3233745521886524,0.21098262972927895,-0.11239192245937346,1,1,0,0
3182,3182.0,31.82,-5.1999999999999975,-5.522845159815294,-4.988107782422801,0.32284515981529616,0.2118922175771969,-0.11095294223809926,1,1,0,0
3183,3183.0,31.83,-5.1999999999999975,-5.5207703149077485,-4.988910749763765,0.320770314907751,0.21108925023623293,-0.10968106467151806,1,1,0,0
3184,3184.0,31.84,-5.1999999999999975,-5.51592857427321,-4.990181395208855,0.3159285742732125,0.20981860479114278,-0.10610996948206974,1,1,0,0
3185,3185.0,31.85,-5.1999999999999975,-5.513374258170162,-4.988905025202403,0.31337425817016484,0.21109497479759476,-0.10227928337257008,1,1,0,0
3186,3186.0,31.86,-5.1999999999999975,-5.51210806053687,-4.98949140404086,0.3121080605368727,0.21050859595913796,-0.10159946457773472,1,1,0,0
3187,3187.0,31.87,-5.1999999999999975,-5.5081965295392665,-4.989393073806221,0.308196529539269,0.2106069261937762,-0.09758960334549283,1,0,0,1
3188,3188.0,31.88,-5.1999999999999975,-5.505936140628033,-4.9875480663707235,0.3059361406280354,0.21245193362927406,-0.09348420699876137,1,0,0,1
3189,3189.0,31.89,-5.1999999999999975,-5.507932626553218,-4.9876244442015585,0.30793262655322007,0.21237555579843903,-0.09555707075478104,1,0,0,1
3190,3190.0,31.9,-5.1999999999999975,-5.508254079493509,-4.987410251123168,0.30825407949351114,0.21258974887682935,-0.09566433061668178,1,0,0,1
3191,3191.0,31.91,-5.1999999999999975,-5.5078970713353765,-4.987569957117032,0.307897071335379,0.21243004288296508,-0.09546702845241395,1,0,0,1
3192,3192.0,31.92,-5.1999999999999975,-5.507614180456474,-4.987265345445399,0.3076141804564765,0.21273465455459828,-0.0948795259018782,1,0,0,1
3193,3193.0,31.93,-5.1999999999999975,-5.503265766592512,-4.985571937483359,0.3032657665925145,0.21442806251663882,-0.08883770407587566,1,0,0,1
3194,3194.0,31.94,-5.1999999999999975,-5.496368126993489,-4.985492143181778,0.29636812699349147,0.21450785681821927,-0.0818602701752722,1,0,0,1
3195,3195.0,31.95,-5.1999999999999975,-5.490081403824527,-4.987900995967071,0.2900814038245292,0.21209900403292625,-0.07798239979160293,1,0,0,1
3196,3196.0,31.96,-5.1999999999999975,-5.487350123351096,-4.988682857505931,0.2873501233510982,0.21131714249406652,-0.0760329808570317,1,0,0,1
3197,3197.0,31.97,-5.1999999999999975,-5.484747392783239,-4.987237789839083,0.2847473927832418,0.21276221016091412,-0.07198518262232767,1,0,0,1
3198,3198.0,31.98,-5.1999999999999975,-5.483145987278315,-4.987073659515568,0.2831459872783171,0.2129263404844295,-0.07021964679388759,1,0,0,1
3199,3199.0,31.99,-5.1999999999999975,-5.479378411493381,-4.988094053317428,0.2793784114933837,0.21190594668256946,-0.06747246481081426,1,0,0,1
3200,3200.0,32.0,-5.1999999999999975,-5.471445834573663,-4.988128332299713,0.2714458345736652,0.21187166770028476,-0.05957416687338046,1,0,0,1
3201,3201.0,32.01,-5.1999999999999975,-5.46594814282375,-4.987526933721112,0.2659481428237527,0.21247306627888563,-0.05347507654486705,1,0,0,1
3202,3202.0,32.02,-5.1999999999999975,-5.463551943166321,-4.98580210898461,0.26355194316632335,0.21419789101538722,-0.049354052150936134,1,0,0,1
3203,3203.0,32.03,-5.1999999999999975,-5.461859476029158,-4.9861076412412375,0.2618594760291604,0.21389235875876,-0.04796711727040037,1,0,0,1
3204,3204.0,32.04,-5.1999999999999975,-5.4543669482207235,-4.98811865821471,0.25436694822072603,0.21188134178528717,-0.04248560643543886,1,0,0,1
3205,3205.0,32.05,-5.1999999999999975,-5.442491911543119,-4.987465793159056,0.24249191154312122,0.2125342068409415,-0.029957704702179733,1,0,0,1
3206,3206.0,32.06,-5.1999999999999975,-5.434651695696313,-4.986929351557919,0.23465169569631517,0.2130706484420788,-0.021581047254236374,1,0,0,1
3207,3207.0,32.07,-5.1999999999999975,-5.429506678405937,-4.986853497860178,0.2295066784059392,0.21314650213981956,-0.01636017626611963,1,0,0,1
3208,3208.0,32.08,-5.1999999999999975,-5.425585248404812,-4.987774527908585,0.22558524840481464,0.2122254720914123,-0.01335977631340235,1,0,0,1
3209,3209.0,32.09,-5.1999999999999975,-5.413508546530507,-4.988051652028109,0.21350854653050977,0.21194834797188822,-0.0015601985586215505,1,0,0,1
3210,3210.0,32.1,-5.1999999999999975,-5.402033578435493,-4.986563646117716,0.2020335784354952,0.21343635388228144,0.01140277544678625,1,0,0,1
3211,3211.0,32.11,-5.1999999999999975,-5.395548209308461,-4.985740667527551,0.1955482093084635,0.21425933247244622,0.018711123163982712,1,0,0,1
3212,3212.0,32.12,-5.1999999999999975,-5.3940832942329875,-4.9861170910899535,0.19408329423298998,0.21388290891004402,0.019799614677054045,1,0,0,1
3213,3213.0,32.13,-5.1999999999999975,-5.38895492765778,-4.9883558252462645,0.18895492765778243,0.21164417475373298,0.02268924709595055,1,0,0,1
3214,3214.0,32.14,-5.1999999999999975,-5.3764745428482605,-4.988643766838292,0.17647454284826303,0.21135623316170538,0.03488169031344235,1,0,0,1
3215,3215.0,32.15,-5.1999999999999975,-5.367674456977782,-4.988747536312992,0.16767445697778438,0.21125246368700523,0.04357800670922085,1,0,0,1
3216,3216.0,32.16,-5.1999999999999975,-5.359513345829192,-4.988707177790256,0.1595133458291942,0.21129282220974144,0.05177947638054725,1,0,0,1
3217,3217.0,32.17,-5.1999999999999975,-5.353856555758168,-4.9907345700151255,0.15385655575817037,0.20926542998487196,0.0554088742267016,1,0,0,1
3218,3218.0,32.18,-5.1999999999999975,-5.345848449162275,-4.989509460683177,0.14584844916227713,0.2104905393168206,0.06464209015454347,1,0,0,1
3219,3219.0,32.19,-5.1999999999999975,-5.3291170249092055,-4.988582274531309,0.12911702490920796,0.21141772546868864,0.08230070055948069,1,0,0,1
3220,3220.0,32.2,-5.1999999999999975,-5.3131019587701145,-4.989236239996143,0.11310195877011697,0.21076376000385455,0.09766180123373758,1,0,0,1
3221,3221.0,32.21,-5.1999999999999975,-5.303401691057604,-4.990019726565579,0.10340169105760655,0.20998027343441894,0.10657858237681239,1,0,1,0
3222,3222.0,32.22,-5.1999999999999975,-5.296152804091421,-4.991282903990114,0.09615280409142368,0.20871709600988364,0.11256429191845996,1,0,1,0
3223,3223.0,32.23,-5.1999999999999975,-5.286618706815943,-4.991324484374483,0.08661870681594586,0.20867551562551423,0.12205680880956837,1,0,1,0
3224,3224.0,32.24,-5.1999999999999975,-5.275648397245722,-4.9918669884910445,0.07564839724572447,0.20813301150895303,0.13248461426322855,1,0,1,0
3225,3225.0,32.25,-5.1999999999999975,-5.264803887130944,-4.989946356792412,0.06480388713094687,0.21005364320758524,0.14524975607663837,1,0,1,0
3226,3226.0,32.26,-5.1999999999999975,-5.2532283087164044,-4.991242029198318,0.053228308716406936,0.20875797080167935,0.1555296620852724,1,0,1,0
3227,3227.0,32.27,-5.1999999999999975,-5.24144965982889,-4.991029172925758,0.041449659828892926,0.2089708270742392,0.16752116724534627,1,0,1,0
3228,3228.0,32.28,-5.1999999999999975,-5.223966948812833,-4.990740139996897,0.02396694881283512,0.20925986000310015,0.18529291119026503,1,0,1,0
3229,3229.0,32.29,-5.1999999999999975,-5.20699383011414,-4.990448000213537,0.006993830114142341,0.2095519997864601,0.20255816967231777,1,0,1,0
3230,3230.0,32.3,-5.1999999999999975,-5.1919882221937,-4.98971802382756,0.00801177780629736,0.21028197617243727,0.2022701983661399,1,0,1,0
3231,3231.0,32.31,-5.1999999999999975,-5.1786280874819575,-4.990882677715081,0.021371912518040048,0.20911732228491609,0.18774540976687604,1,0,1,0
3232,3232.0,32.32,-5.1999999999999975,-5.168684474904835,-4.99106509733312,0.03131552509516222,0.20893490266687742,0.1776193775717152,1,0,1,0
3233,3233.0,32.33,-5.1999999999999975,-5.159105441890557,-4.992193196691216,0.040894558109440204,0.20780680330878187,0.16691224519934167,1,0,1,0
3234,3234.0,32.34,-5.1999999999999975,-5.14341318686873,-4.990870594936611,0.056586813131267455,0.2091294050633863,0.15254259193211883,1,0,1,0
3235,3235.0,32.35,-5.1999999999999975,-5.131708189106251,-4.991085009207662,0.06829181089374625,0.20891499079233533,0.14062317989858908,1,0,1,0
3236,3236.0,32.36,-5.1999999999999975,-5.123288366921774,-4.9921654966795215,0.07671163307822315,0.20783450332047604,0.1311228702422529,1,0,1,0
3237,3237.0,32.37,-5.1999999999999975,-5.116619906880008,-4.9923752119868725,0.08338009311998995,0.207624788013125,0.12424469489313505,1,0,1,0
3238,3238.0,32.38,-5.1999999999999975,-5.108872347769119,-4.991730161616621,0.09112765223087838,0.20826983838337654,0.11714218615249816,1,0,1,0
3239,3239.0,32.39,-5.1999999999999975,-5.1010066646256185,-4.990180697675682,0.09899333537437904,0.20981930232431534,0.1108259669499363,1,0,1,0
3240,3240.0,32.4,-5.1999999999999975,-5.0932770439092145,-4.990419096937303,0.10672295609078297,0.20958090306269472,0.10285794697191175,1,0,1,0
3241,3241.0,32.41,-5.1999999999999975,-5.0847280890612225,-4.990728383946939,0.11527191093877498,0.20927161605305855,0.09399970511428357,1,0,0,1
3242,3242.0,32.42,-5.1999999999999975,-5.07735079091604,-4.990428016865834,0.12264920908395727,0.2095719831341638,0.08692277405020654,1,0,0,1
3243,3243.0,32.43,-5.1999999999999975,-5.0660022145783845,-4.989701684507992,0.133997785421613,0.21029831549200573,0.07630053007039272,1,0,0,1
3244,3244.0,32.44,-5.1999999999999975,-5.054897576634814,-4.98938971106854,0.14510242336518342,0.2106102889314574,0.06550786556627397,1,0,0,1
3245,3245.0,32.45,-5.1999999999999975,-5.043703623951849,-4.990494396093568,0.1562963760481484,0.2095056039064298,0.053209227858281416,1,0,0,1
3246,3246.0,32.46,-5.1999999999999975,-5.0358024462008935,-4.991080320258422,0.16419755379910406,0.20891967974157577,0.04472212594247171,1,0,0,1
3247,3247.0,32.47,-5.1999999999999975,-5.026039667823611,-4.989295836191778,0.17396033217638696,0.2107041638082192,0.03674383163183226,1,0,0,1
3248,3248.0,32.48,-5.1999999999999975,-5.016662997716197,-4.989457359961519,0.18333700228380057,0.21054264003847845,0.02720563775467788,1,0,0,1
3249,3249.0,32.49,-5.1999999999999975,-5.002556879295734,-4.989503964076506,0.1974431207042633,0.21049603592349175,0.013052915219228467,1,0,0,1
3250,3250.0,32.5,-5.1999999999999975,-4.990308822464993,-4.990809042760397,0.20969117753500477,0.2091909572396009,-0.0005002202954038637,1,0,0,1
3251,3251.0,32.51,-5.1999999999999975,-4.978687897885884,-4.990532355317195,0.22131210211411378,0.20946764468280232,-0.011844457431311461,1,0,0,1
3252,3252.0,32.52,-5.1999999999999975,-4.9669449731205475,-4.9906920222208075,0.23305502687945,0.20930797777918997,-0.023747049100260043,1,0,0,1
3253,3253.0,32.53,-5.1999999999999975,-4.954616666522424,-4.99067612662103,0.2453833334775739,0.20932387337896774,-0.036059460098606166,1,0,0,1
3254,3254.0,32.54,-5.1999999999999975,-4.943171637880502,-4.992472770234662,0.2568283621194958,0.20752722976533544,-0.04930113235416034,1,0,0,1
3255,3255.0,32.55,-5.1999999999999975,-4.927158499567335,-4.991703282958822,0.2728415004326621,0.20829671704117558,-0.0645447833914865,1,0,0,1
3256,3256.0,32.56,-5.1999999999999975,-4.914108636585537,-4.990187732628013,0.28589136341446064,0.20981226737198444,-0.0760790960424762,1,0,0,1
3257,3257.0,32.57,-5.1999999999999975,-4.904407244135481,-4.991052606403134,0.29559275586451683,0.20894739359686376,-0.08664536226765307,1,0,0,1
3258,3258.0,32.58,-5.1999999999999975,-4.893679339142343,-4.9912091945514145,0.3063206608576543,0.20879080544858297,-0.09752985540907133,1,0,0,1
3259,3259.0,32.59,-5.1999999999999975,-4.879564604431589,-4.992927825062112,0.32043539556840894,0.20707217493788566,-0.11336322063052329,1,1,0,0
3260,3260.0,32.6,-5.1999999999999975,-4.865871487225816,-4.993686292830647,0.3341285127741811,0.20631370716935038,-0.12781480560483072,1,1,0,0
3261,3261.0,32.61,-5.1999999999999975,-4.8529393810514545,-4.994271580185049,0.347060618948543,0.20572841981494872,-0.1413321991335943,1,1,0,0
3262,3262.0,32.62,-5.1999999999999975,-4.839764417481667,-4.995689173685893,0.36023558251833077,0.2043108263141047,-0.15592475620422608,1,1,0,0
3263,3263.0,32.63,-5.1999999999999975,-4.829041297602376,-4.995515427597323,0.37095870239762174,0.20448457240267448,-0.16647412999494726,1,1,0,0
3264,3264.0,32.64,-5.1999999999999975,-4.816969578227377,-4.993319025161268,0.38303042177262014,0.20668097483872927,-0.17634944693389087,1,1,0,0
3265,3265.0,32.65,-5.1999999999999975,-4.804923396334983,-4.992668809248807,0.3950766036650144,0.20733119075119077,-0.18774541291382363,1,1,0,0
3266,3266.0,32.66,-5.1999999999999975,-4.7924769141061105,-4.991134943479582,0.40752308589388697,0.20886505652041532,-0.19865802937347166,1,1,0,0
3267,3267.0,32.67,-5.1999999999999975,-4.780203147507869,-4.990376235679729,0.4197968524921283,0.20962376432026808,-0.2101730881718602,1,1,0,0
3268,3268.0,32.68,-5.1999999999999975,-4.767902580745169,-4.9903672140316,0.4320974192548288,0.20963278596839707,-0.22246463328643173,1,1,0,0
3269,3269.0,32.69,-5.1999999999999975,-4.755981345410567,-4.991142379508466,0.44401865458943046,0.20885762049153112,-0.23516103409789935,1,1,0,0
3270,3270.0,32.7,-5.1999999999999975,-4.741809094349608,-4.991930233444008,0.45819090565038945,0.2080697665559894,-0.25012113909440004,1,1,0,0
3271,3271.0,32.71,-5.1999999999999975,-4.729728176748263,-4.991418322958644,0.47027182325173467,0.20858167704135333,-0.26169014621038134,1,1,0,0
3272,3272.0,32.72,-5.1999999999999975,-4.718326987565734,-4.9928162886119045,0.4816730124342632,0.207183711388093,-0.2744893010461702,1,1,0,0
3273,3273.0,32.73,-5.1999999999999975,-4.705481223786561,-4.993178645186126,0.4945187762134369,0.20682135481387132,-0.28769742139956556,1,1,0,0
3274,3274.0,32.74,-5.1999999999999975,-4.694502315014548,-4.993273873589901,0.5054976849854498,0.20672612641009636,-0.2987715585753534,1,1,0,0
3275,3275.0,32.75,-5.1999999999999975,-4.682766061466948,-4.992892392078834,0.5172339385330496,0.20710760792116378,-0.31012633061188577,1,1,0,0
3276,3276.0,32.76,-5.1999999999999975,-4.671652273054345,-4.9923303346457635,0.5283477269456522,0.20766966535423403,-0.3206780615914182,1,1,0,0
3277,3277.0,32.77,-5.1999999999999975,-4.659748806096601,-4.992575023993427,0.5402511939033969,0.20742497600657028,-0.33282621789682665,1,1,0,0
3278,3278.0,32.78,-5.1999999999999975,-4.650115996455646,-4.9926250510607275,0.5498840035443511,0.20737494893927,-0.3425090546050811,1,1,0,0
3279,3279.0,32.79,-5.1999999999999975,-4.638106959239379,-4.992387843771519,0.5618930407606184,0.20761215622847828,-0.35428088453214013,1,1,0,0
3280,3280.0,32.8,-5.1999999999999975,-4.629834512858685,-4.991847462421529,0.5701654871413124,0.20815253757846808,-0.36201294956284436,1,1,0,0
3281,3281.0,32.81,-5.1999999999999975,-4.619054169007271,-4.992143498878175,0.5809458309927269,0.20785650112182275,-0.37308932987090415,1,1,0,0
3282,3282.0,32.82,-5.1999999999999975,-4.610423398611028,-4.993742535640368,0.5895766013889698,0.20625746435962977,-0.38331913702934006,1,1,0,0
3283,3283.0,32.83,-5.1999999999999975,-4.6016833443043925,-4.99193067509843,0.598316655695605,0.20806932490156793,-0.39024733079403706,1,1,0,0
3284,3284.0,32.84,-5.1999999999999975,-4.591716443954013,-4.9899466986374295,0.6082835560459845,0.21005330136256806,-0.39823025468341644,1,1,0,0
3285,3285.0,32.85,-5.1999999999999975,-4.580328903851903,-4.98967203052396,0.6196710961480942,0.2103279694760376,-0.40934312667205663,1,1,0,0
3286,3286.0,32.86,-5.1999999999999975,-4.5703431882309475,-4.990633349750937,0.62965681176905,0.2093666502490601,-0.4202901615199899,1,1,0,0
3287,3287.0,32.87,-5.1999999999999975,-4.5610994838561805,-4.991671023300952,0.638900516143817,0.20832897669904593,-0.4305715394447711,1,1,0,0
3288,3288.0,32.88,-5.1999999999999975,-4.5505275660090145,-4.991647188851714,0.649472433990983,0.2083528111482833,-0.4411196228426997,1,1,0,0
3289,3289.0,32.89,-5.1999999999999975,-4.539146727291579,-4.991786961344149,0.6608532727084189,0.20821303865584895,-0.4526402340525699,1,1,0,0
3290,3290.0,32.9,-5.1999999999999975,-4.528403341927119,-4.991918786806191,0.6715966580728789,0.20808121319380657,-0.46351544487907237,1,1,0,0
3291,3291.0,32.91,-5.1999999999999975,-4.51913791893812,-4.9931098082481995,0.6808620810618775,0.206890191751798,-0.4739718893100795,1,1,0,0
3292,3292.0,32.92,-5.1999999999999975,-4.508904476864436,-4.992713641046212,0.6910955231355613,0.20728635895378567,-0.48380916418177566,1,1,0,0
3293,3293.0,32.93,-5.1999999999999975,-4.496227083772738,-4.992151747025557,0.7037729162272592,0.20784825297444076,-0.4959246632528185,1,1,0,0
3294,3294.0,32.94,-5.1999999999999975,-4.486513969597978,-4.992360459653161,0.7134860304020192,0.20763954034683607,-0.5058464900551831,1,1,0,0
3295,3295.0,32.95,-5.1999999999999975,-4.47903357500804,-4.992668536916701,0.7209664249919578,0.20733146308329609,-0.5136349619086618,1,1,0,0
3296,3296.0,32.96,-5.1999999999999975,-4.468478757120372,-4.99322473126547,0.7315212428796256,0.20677526873452745,-0.5247459741450982,1,1,0,0
3297,3297.0,32.97,-5.1999999999999975,-4.4572457551047595,-4.99365032630286,0.742754244895238,0.20634967369713753,-0.5364045711981005,1,1,0,0
3298,3298.0,32.98,-5.1999999999999975,-4.448841687597978,-4.993740400018029,0.7511583124020191,0.2062595999819683,-0.5448987124200508,1,1,0,0
3299,3299.0,32.99,-5.1999999999999975,-4.441391972059261,-4.9957628012558795,0.7586080279407366,0.20423719874411805,-0.5543708291966185,1,1,0,0
3300,3300.0,33.0,-5.1999999999999975,-4.432631924195828,-4.995176695132682,0.7673680758041694,0.2048233048673156,-0.5625447709368538,1,1,0,0
3301,3301.0,33.01,-5.1999999999999975,-4.421077582235325,-4.994021406083068,0.7789224177646723,0.20597859391692985,-0.5729438238477425,1,1,0,0
3302,3302.0,33.02,-5.1999999999999975,-4.413747471606903,-4.9930950796551725,0.7862525283930948,0.206904920344825,-0.5793476080482698,1,1,0,0
3303,3303.0,33.03,-5.1999999999999975,-4.406153022834339,-4.993722041742509,0.7938469771656589,0.20627795825748851,-0.5875690189081704,1,1,0,0
3304,3304.0,33.04,-5.1999999999999975,-4.396698343256188,-4.995542426700144,0.8033016567438098,0.20445757329985348,-0.5988440834439563,1,1,0,0
3305,3305.0,33.05,-5.1999999999999975,-4.386086621054811,-4.996189324554036,0.8139133789451867,0.2038106754459612,-0.6101027034992255,1,1,0,0
3306,3306.0,33.06,-5.1999999999999975,-4.3766319053189555,-4.996955718271182,0.823368094681042,0.2030442817288156,-0.6203238129522264,1,1,0,0
3307,3307.0,33.07,-5.1999999999999975,-4.3702864963482035,-4.997607253103484,0.829713503651794,0.2023927468965132,-0.6273207567552808,1,1,0,0
3308,3308.0,33.08,-5.1999999999999975,-4.361977578503128,-4.997537770326833,0.8380224214968699,0.20246222967316463,-0.6355601918237053,1,1,0,0
3309,3309.0,33.09,-5.1999999999999975,-4.35374981023122,-4.998974449683553,0.8462501897687771,0.20102555031644442,-0.6452246394523327,1,1,0,0
3310,3310.0,33.1,-5.1999999999999975,-4.346361726780504,-4.99895005516717,0.8536382732194934,0.20104994483282734,-0.652588328386666,1,1,0,0
3311,3311.0,33.11,-5.1999999999999975,-4.338745284910914,-4.999063747635662,0.8612547150890837,0.2009362523643352,-0.6603184627247485,1,1,0,0
3312,3312.0,33.12,-5.1999999999999975,-4.331729952421145,-4.999087974053945,0.8682700475788527,0.20091202594605218,-0.6673580216328006,1,1,0,0
3313,3313.0,33.13,-5.1999999999999975,-4.324301416977305,-4.9965849328779965,0.8756985830226922,0.20341506712200097,-0.6722835159006912,1,1,0,0
3314,3314.0,33.14,-5.1999999999999975,-4.319412357583395,-4.996560895487554,0.8805876424166028,0.2034391045124435,-0.6771485379041593,1,1,0,0
3315,3315.0,33.15,-5.1999999999999975,-4.310546542048149,-4.996588505259203,0.8894534579518485,0.20341149474079412,-0.6860419632110544,1,1,0,0
3316,3316.0,33.16,-5.1999999999999975,-4.303929160599965,-4.995403783743709,0.8960708394000321,0.20459621625628888,-0.6914746231437432,1,1,0,0
3317,3317.0,33.17,-5.1999999999999975,-4.299338919934409,-4.995394584380716,0.9006610800655883,0.20460541561928114,-0.6960556644463072,1,1,0,0
3318,3318.0,33.18,-5.1999999999999975,-4.293870639560482,-4.995283919957348,0.9061293604395155,0.2047160800426493,-0.7014132803968662,1,1,0,0
3319,3319.0,33.19,-5.1999999999999975,-4.287410985767172,-4.996451620778652,0.9125890142328252,0.2035483792213455,-0.7090406350114797,1,1,0,0
3320,3320.0,33.2,-5.1999999999999975,-4.28137404639952,-4.994406751570099,0.9186259536004773,0.20559324842989835,-0.7130327051705789,1,1,0,0
3321,3321.0,33.21,-5.1999999999999975,-4.27556083400381,-4.995081765242885,0.9244391659961879,0.20491823475711257,-0.7195209312390753,1,1,0,0
3322,3322.0,33.22,-5.1999999999999975,-4.270442754332931,-4.994354262208184,0.9295572456670662,0.20564573779181394,-0.7239115078752523,1,1,0,0
3323,3323.0,33.23,-5.1999999999999975,-4.26511978706551,-4.994861936417085,0.9348802129344875,0.2051380635829121,-0.7297421493515754,1,1,0,0
3324,3324.0,33.24,-5.1999999999999975,-4.2607149606856645,-4.99484343289779,0.939285039314333,0.20515656710220753,-0.7341284722121255,1,1,0,0
3325,3325.0,33.25,-5.1999999999999975,-4.255768793446087,-4.994452388303534,0.9442312065539102,0.2055476116964634,-0.7386835948574468,1,1,0,0
3326,3326.0,33.26,-5.1999999999999975,-4.249817674046564,-4.994269574658444,0.9501823259534339,0.20573042534155395,-0.7444519006118799,1,1,0,0
3327,3327.0,33.27,-5.1999999999999975,-4.246949665447097,-4.993888941744086,0.9530503345529002,0.20611105825591114,-0.7469392762969891,1,1,0,0
3328,3328.0,33.28,-5.1999999999999975,-4.242173877994698,-4.996411247970146,0.9578261220052999,0.2035887520298516,-0.7542373699754483,1,1,0,0
3329,3329.0,33.29,-5.1999999999999975,-4.238943799245442,-4.995845490102231,0.9610562007545553,0.20415450989776662,-0.7569016908567887,1,1,0,0
3330,3330.0,33.3,-5.1999999999999975,-4.2330588781942975,-4.994872476128942,0.9669411218057,0.20512752387105593,-0.7618135979346441,1,1,0,0
3331,3331.0,33.31,-5.1999999999999975,-4.230811744405938,-4.995367267810662,0.9691882555940596,0.2046327321893351,-0.7645555234047245,1,1,0,0
3332,3332.0,33.32,-5.1999999999999975,-4.226932498407927,-4.995062309731399,0.9730675015920704,0.20493769026859887,-0.7681298113234716,1,1,0,0
3333,3333.0,33.33,-5.1999999999999975,-4.223166216217866,-4.9959617756497785,0.9768337837821317,0.204038224350219,-0.7727955594319127,1,1,0,0
3334,3334.0,33.34,-5.1999999999999975,-4.221611244559018,-4.994987063559469,0.9783887554409798,0.20501293644052865,-0.7733758190004512,1,1,0,0
3335,3335.0,33.35,-5.1999999999999975,-4.22093637011313,-4.995286442361407,0.9790636298868671,0.20471355763859034,-0.7743500722482768,1,1,0,0
3336,3336.0,33.36,-5.1999999999999975,-4.216375061862774,-4.9980977300295955,0.9836249381372237,0.20190226997040206,-0.7817226681668217,1,1,0,0
3337,3337.0,33.37,-5.1999999999999975,-4.2133969949434,-4.997522953634698,0.9866030050565975,0.20247704636529917,-0.7841259586912983,1,1,0,0
3338,3338.0,33.38,-5.1999999999999975,-4.2120450672372645,-4.99617846132093,0.987954932762733,0.20382153867906716,-0.7841333940836659,1,1,0,0
3339,3339.0,33.39,-5.1999999999999975,-4.207748115453599,-4.9955398483190425,0.9922518845463983,0.204460151680955,-0.7877917328654434,1,1,0,0
3340,3340.0,33.4,-5.1999999999999975,-4.203754952677254,-4.995803093943783,0.9962450473227431,0.20419690605621454,-0.7920481412665286,1,1,0,0
3341,3341.0,33.41,-5.1999999999999975,-4.199740075801322,-4.994883533681749,1.0002599241986756,0.20511646631824831,-0.7951434578804273,1,1,0,0
3342,3342.0,33.42,-5.1999999999999975,-4.198194877105966,-4.994263323406053,1.001805122894032,0.20573667659394435,-0.7960684463000876,1,1,0,0
3343,3343.0,33.43,-5.1999999999999975,-4.195510836515006,-4.992834091666036,1.0044891634849913,0.20716590833396165,-0.7973232551510296,1,1,0,0
3344,3344.0,33.44,-5.1999999999999975,-4.193488752463457,-4.992742345432924,1.0065112475365403,0.20725765456707368,-0.7992535929694666,1,1,0,0
3345,3345.0,33.45,-5.1999999999999975,-4.189061007144733,-4.992573902687245,1.0109389928552641,0.2074260973127524,-0.8035128955425117,1,1,0,0
3346,3346.0,33.46,-5.1999999999999975,-4.184587931624966,-4.9928369811860875,1.0154120683750314,0.20716301881390997,-0.8082490495611214,1,1,0,0
3347,3347.0,33.47,-5.1999999999999975,-4.181163722042098,-4.992628765121116,1.0188362779578997,0.20737123487888187,-0.8114650430790178,1,1,0,0
3348,3348.0,33.48,-5.1999999999999975,-4.177790647335,-4.992882305122564,1.0222093526649978,0.20711769487743314,-0.8150916577875646,1,1,0,0
3349,3349.0,33.49,-5.1999999999999975,-4.174343549994245,-4.9924350413912215,1.0256564500057523,0.207564958608776,-0.8180914913969763,1,1,0,0
3350,3350.0,33.5,-5.1999999999999975,-4.170421960620567,-4.99094772386544,1.0295780393794303,0.20905227613455768,-0.8205257632448726,1,1,0,0
3351,3351.0,33.51,-5.1999999999999975,-4.16735269189357,-4.990610255683779,1.0326473081064274,0.20938974431621826,-0.8232575637902091,1,1,0,0
3352,3352.0,33.52,-5.1999999999999975,-4.164949860816914,-4.989928335335363,1.0350501391830838,0.21007166466463456,-0.8249784745184492,1,1,0,0
3353,3353.0,33.53,-5.1999999999999975,-4.160945360445574,-4.989966237940843,1.0390546395544238,0.21003376205915458,-0.8290208774952692,1,1,0,0
3354,3354.0,33.54,-5.1999999999999975,-4.156510044616883,-4.988763220909913,1.043489955383115,0.21123677909008443,-0.8322531762930305,1,1,0,0
3355,3355.0,33.55,-5.1999999999999975,-4.153883281776952,-4.989278145863461,1.046116718223045,0.2107218541365361,-0.835394864086509,1,1,0,0
3356,3356.0,33.56,-5.1999999999999975,-4.149612898639689,-4.989884261325767,1.0503871013603083,0.21011573867423028,-0.840271362686078,1,1,0,0
3357,3357.0,33.57,-5.1999999999999975,-4.144222771380589,-4.988476707218287,1.0557772286194087,0.21152329278171056,-0.8442539358376981,1,1,0,0
3358,3358.0,33.58,-5.1999999999999975,-4.141847753954202,-4.989056307256398,1.058152246045796,0.2109436927435997,-0.8472085533021962,1,1,0,0
3359,3359.0,33.59,-5.1999999999999975,-4.13899492040374,-4.987564877439212,1.0610050795962573,0.21243512256078567,-0.8485699570354717,1,1,0,0
3360,3360.0,33.6,-5.1999999999999975,-4.136473156592413,-4.987365438106563,1.0635268434075842,0.21263456189343444,-0.8508922815141498,1,1,0,0
3361,3361.0,33.61,-5.1999999999999975,-4.132294649644635,-4.987427485004211,1.0677053503553626,0.21257251499578622,-0.8551328353595764,1,1,0,0
3362,3362.0,33.62,-5.1999999999999975,-4.1301285742792615,-4.984664712640796,1.069871425720736,0.21533528735920182,-0.8545361383615342,1,1,0,0
3363,3363.0,33.63,-5.1999999999999975,-4.128844063180591,-4.984579044644681,1.0711559368194061,0.21542095535531658,-0.8557349814640896,1,1,0,0
3364,3364.0,33.64,-5.1999999999999975,-4.125285856747116,-4.986847000253118,1.0747141432528817,0.21315299974687996,-0.8615611435060018,1,1,0,0
3365,3365.0,33.65,-5.1999999999999975,-4.119903772856007,-4.988228470701152,1.080096227143991,0.21177152929884535,-0.8683246978451455,1,1,0,0
3366,3366.0,33.66,-5.1999999999999975,-4.118238258648095,-4.987844133160196,1.0817617413519027,0.2121558668398018,-0.8696058745121009,1,1,0,0
3367,3367.0,33.67,-5.1999999999999975,-4.116845711514984,-4.987222786224773,1.0831542884850132,0.21277721377522418,-0.870377074709789,1,1,0,0
3368,3368.0,33.68,-5.1999999999999975,-4.113372725929133,-4.98807795197317,1.0866272740708647,0.21192204802682735,-0.8747052260440373,1,1,0,0
3369,3369.0,33.69,-5.1999999999999975,-4.110708781924741,-4.987562180951857,1.0892912180752568,0.21243781904814085,-0.8768533990271159,1,1,0,0
3370,3370.0,33.7,-5.1999999999999975,-4.1080024852222925,-4.988578576740142,1.091997514777705,0.21142142325985525,-0.8805760915178498,1,1,0,0
3371,3371.0,33.71,-5.1999999999999975,-4.104854369081472,-4.987045110081561,1.095145630918526,0.21295488991843659,-0.8821907410000893,1,1,0,0
3372,3372.0,33.72,-5.1999999999999975,-4.1022161154352785,-4.986939814154475,1.097783884564719,0.21306018584552255,-0.8847236987191964,1,1,0,0
3373,3373.0,33.73,-5.1999999999999975,-4.102173350446785,-4.988632374946551,1.0978266495532125,0.21136762505344642,-0.8864590244997661,1,1,0,0
3374,3374.0,33.74,-5.1999999999999975,-4.10036597549841,-4.988190874901457,1.0996340245015874,0.2118091250985401,-0.8878248994030473,1,1,0,0
3375,3375.0,33.75,-5.1999999999999975,-4.098848964152995,-4.987302475468107,1.1011510358470025,0.21269752453189028,-0.8884535113151122,1,1,0,0
3376,3376.0,33.76,-5.1999999999999975,-4.09891211792144,-4.986587659692864,1.1010878820785575,0.21341234030713352,-0.8876755417714239,1,1,0,0
3377,3377.0,33.77,-5.1999999999999975,-4.098231732059774,-4.987101131718527,1.1017682679402236,0.21289886828147075,-0.8888693996587529,1,1,0,0
3378,3378.0,33.78,-5.1999999999999975,-4.09605799738301,-4.9863323866836415,1.1039420026169875,0.21366761331635598,-0.8902743893006315,1,1,0,0
3379,3379.0,33.79,-5.1999999999999975,-4.096059430957229,-4.985696211014115,1.1039405690427682,0.2143037889858821,-0.8896367800568861,1,1,0,0
3380,3380.0,33.8,-5.1999999999999975,-4.096856755654114,-4.984533292915098,1.1031432443458833,0.21546670708489923,-0.887676537260984,1,1,0,0
3381,3381.0,33.81,-5.1999999999999975,-4.0956463659913345,-4.984818162031812,1.104353634008663,0.2151818379681858,-0.8891717960404772,1,1,0,0
3382,3382.0,33.82,-5.1999999999999975,-4.096652295430307,-4.985953575994499,1.103347704569691,0.2140464240054989,-0.889301280564192,1,1,0,0
3383,3383.0,33.83,-5.1999999999999975,-4.099391558450035,-4.985938564479611,1.1006084415499622,0.21406143552038692,-0.8865470060295753,1,1,0,0
3384,3384.0,33.84,-5.1999999999999975,-4.102356398978599,-4.98605661634557,1.0976436010213986,0.21394338365442778,-0.8837002173669708,1,1,0,0
3385,3385.0,33.85,-5.1999999999999975,-4.102166253104742,-4.986354366396402,1.0978337468952555,0.2136456336035959,-0.8841881132916596,1,1,0,0
3386,3386.0,33.86,-5.1999999999999975,-4.10090283698066,-4.985412292603292,1.0990971630193371,0.21458770739670552,-0.8845094556226316,1,1,0,0
3387,3387.0,33.87,-5.1999999999999975,-4.102505326981412,-4.983767937734565,1.097494673018586,0.21623206226543257,-0.8812626107531534,1,1,0,0
3388,3388.0,33.88,-5.1999999999999975,-4.103385236687432,-4.9830988709640485,1.0966147633125658,0.21690112903594905,-0.8797136342766168,1,1,0,0
3389,3389.0,33.89,-5.1999999999999975,-4.10113385959751,-4.981196567318214,1.098866140402487,0.21880343268178315,-0.8800627077207039,1,1,0,0
3390,3390.0,33.9,-5.1999999999999975,-4.09951657391176,-4.980480283471557,1.1004834260882372,0.21951971652844016,-0.8809637095597971,1,1,0,0
3391,3391.0,33.91,-5.1999999999999975,-4.096887450210633,-4.978982980826412,1.1031125497893646,0.22101701917358518,-0.8820955306157794,1,1,0,0
3392,3392.0,33.92,-5.1999999999999975,-4.09427484883032,-4.980163595322025,1.1057251511696773,0.21983640467797283,-0.8858887464917045,1,1,0,0
3393,3393.0,33.93,-5.1999999999999975,-4.0929393155504155,-4.981010603806527,1.107060684449582,0.21898939619347058,-0.8880712882561115,1,1,0,0
3394,3394.0,33.94,-5.1999999999999975,-4.093511712190773,-4.981500935285732,1.1064882878092241,0.2184990647142655,-0.8879892230949586,1,1,0,0
3395,3395.0,33.95,-5.1999999999999975,-4.094950360479027,-4.982507037484692,1.1050496395209706,0.2174929625153057,-0.8875566770056649,1,1,0,0
3396,3396.0,33.96,-5.1999999999999975,-4.097205104928301,-4.981467761358582,1.1027948950716961,0.2185322386414157,-0.8842626564302805,1,1,0,0
3397,3397.0,33.97,-5.1999999999999975,-4.096509733251282,-4.98116585824044,1.1034902667487154,0.21883414175955718,-0.8846561249891582,1,1,0,0
3398,3398.0,33.98,-5.1999999999999975,-4.099404616592569,-4.981424964143142,1.1005953834074287,0.21857503585685567,-0.882020347550573,1,1,0,0
3399,3399.0,33.99,-5.1999999999999975,-4.1045584282422,-4.9803448894621525,1.0954415717577977,0.21965511053784503,-0.8757864612199526,1,1,0,0
3400,3400.0,34.0,-5.1999999999999975,-4.1059150951437635,-4.980575369442214,1.094084904856234,0.21942463055778383,-0.8746602742984502,1,1,0,0
3401,3401.0,34.01,-5.1999999999999975,-4.106031104338646,-4.983166967390241,1.0939688956613516,0.21683303260975695,-0.8771358630515946,1,1,0,0
3402,3402.0,34.02,-5.1999999999999975,-4.108174044377957,-4.983220143656079,1.0918259556220402,0.21677985634391828,-0.8750460992781219,1,1,0,0
3403,3403.0,34.03,-5.1999999999999975,-4.1120423793593055,-4.98215306019484,1.087957620640692,0.2178469398051579,-0.8701106808355341,1,1,0,0
3404,3404.0,34.04,-5.1999999999999975,-4.112715690456628,-4.98225356104985,1.087284309543369,0.21774643895014734,-0.8695378705932217,1,1,0,0
3405,3405.0,34.05,-5.1999999999999975,-4.1113615747584875,-4.98266579039779,1.08863842524151,0.21733420960220773,-0.8713042156393023,1,1,0,0
3406,3406.0,34.06,-5.1999999999999975,-4.114191873543502,-4.9830362266618025,1.0858081264564952,0.21696377333819505,-0.8688443531183001,1,1,0,0
3407,3407.0,34.07,-5.1999999999999975,-4.1162399216181305,-4.983266678797565,1.083760078381867,0.21673332120243227,-0.8670267571794348,1,1,0,0
3408,3408.0,34.08,-5.1999999999999975,-4.116491717561159,-4.981596889526251,1.0835082824388387,0.21840311047374694,-0.8651051719650917,1,1,0,0
3409,3409.0,34.09,-5.1999999999999975,-4.117503029956194,-4.982278078223141,1.0824969700438034,0.21772192177685668,-0.8647750482669467,1,1,0,0
3410,3410.0,34.1,-5.1999999999999975,-4.119622595061359,-4.983262392739956,1.0803774049386385,0.21673760726004154,-0.863639797678597,1,1,0,0
3411,3411.0,34.11,-5.1999999999999975,-4.120630572096701,-4.98234943664047,1.0793694279032966,0.21765056335952782,-0.8617188645437688,1,1,0,0
3412,3412.0,34.12,-5.1999999999999975,-4.119976675592642,-4.981115705378023,1.0800233244073558,0.2188842946219749,-0.8611390297853809,1,1,0,0
3413,3413.0,34.13,-5.1999999999999975,-4.12013483872528,-4.979914714230091,1.0798651612747179,0.2200852857699065,-0.8597798755048114,1,1,0,0
3414,3414.0,34.14,-5.1999999999999975,-4.121346303731881,-4.980863995965005,1.0786536962681161,0.21913600403499256,-0.8595176922331236,1,1,0,0
3415,3415.0,34.15,-5.1999999999999975,-4.124676230308388,-4.981150135689748,1.0753237696916091,0.21884986431024966,-0.8564739053813595,1,1,0,0
3416,3416.0,34.16,-5.1999999999999975,-4.124705598920494,-4.980290268380869,1.0752944010795034,0.21970973161912877,-0.8555846694603746,1,1,0,0
3417,3417.0,34.17,-5.1999999999999975,-4.123642773503216,-4.978849204816514,1.0763572264967811,0.22115079518348324,-0.8552064313132979,1,1,0,0
3418,3418.0,34.18,-5.1999999999999975,-4.125684512973082,-4.98072074940219,1.0743154870269152,0.21927925059780762,-0.8550362364291075,1,1,0,0
3419,3419.0,34.19,-5.1999999999999975,-4.126182535238834,-4.981761860607925,1.0738174647611638,0.21823813939207248,-0.8555793253690913,1,1,0,0
3420,3420.0,34.2,-5.1999999999999975,-4.127029067387689,-4.981815465807663,1.072970932612309,0.21818453419233474,-0.8547863984199742,1,1,0,0
3421,3421.0,34.21,-5.1999999999999975,-4.1248994129558945,-4.981613642122345,1.075100587044103,0.2183863578776526,-0.8567142291664505,1,1,0,0
3422,3422.0,34.22,-5.1999999999999975,-4.12500742769083,-4.981263204324136,1.0749925723091671,0.2187367956758619,-0.8562557766333052,1,1,0,0
3423,3423.0,34.23,-5.1999999999999975,-4.128515099833439,-4.981907159660938,1.071484900166559,0.21809284033905918,-0.8533920598274998,1,1,0,0
3424,3424.0,34.24,-5.1999999999999975,-4.129017807298656,-4.981003327781293,1.0709821927013419,0.21899667221870445,-0.8519855204826374,1,1,0,0
3425,3425.0,34.25,-5.1999999999999975,-4.1280552241876585,-4.979073977601101,1.071944775812339,0.22092602239889647,-0.8510187534134426,1,1,0,0
3426,3426.0,34.26,-5.1999999999999975,-4.1279100452140405,-4.977724944318716,1.072089954785957,0.22227505568128159,-0.8498148991046754,1,1,0,0
3427,3427.0,34.27,-5.1999999999999975,-4.1290052903922705,-4.9777404559923095,1.070994709607727,0.222259544007688,-0.848735165600039,1,1,0,0
3428,3428.0,34.28,-5.1999999999999975,-4.129149629239071,-4.976714178321914,1.070850370760927,0.22328582167808353,-0.8475645490828434,1,1,0,0
3429,3429.0,34.29,-5.1999999999999975,-4.12905872425684,-4.976568663297038,1.0709412757431576,0.22343133670295945,-0.8475099390401981,1,1,0,0
3430,3430.0,34.3,-5.1999999999999975,-4.131248013877714,-4.978411970922149,1.0687519861222832,0.22158802907784825,-0.8471639570444349,1,1,0,0
3431,3431.0,34.31,-5.1999999999999975,-4.127827659476183,-4.979143308569032,1.0721723405238146,0.2208566914309653,-0.8513156490928493,1,1,0,0
3432,3432.0,34.32,-5.1999999999999975,-4.127257729211447,-4.9795100586484216,1.0727422707885506,0.22048994135157596,-0.8522523294369746,1,1,0,0
3433,3433.0,34.33,-5.1999999999999975,-4.1285679887055835,-4.978700455797112,1.071432011294414,0.22129954420288556,-0.8501324670915285,1,1,0,0
3434,3434.0,34.34,-5.1999999999999975,-4.128693136886204,-4.97867810125401,1.0713068631137936,0.2213218987459875,-0.8499849643678061,1,1,0,0
3435,3435.0,34.35,-5.1999999999999975,-4.128035551381189,-4.9769774345361295,1.0719644486188082,0.223022565463868,-0.8489418831549402,1,1,0,0
3436,3436.0,34.36,-5.1999999999999975,-4.126912114217175,-4.975993137296547,1.0730878857828223,0.22400686270345016,-0.8490810230793722,1,1,0,0
3437,3437.0,34.37,-5.1999999999999975,-4.128961433468241,-4.97606577132637,1.0710385665317563,0.22393422867362744,-0.8471043378581289,1,1,0,0
3438,3438.0,34.38,-5.1999999999999975,-4.131021540357019,-4.976799042947319,1.0689784596429783,0.22320095705267828,-0.8457775025903,1,1,0,0
3439,3439.0,34.39,-5.1999999999999975,-4.131662704564868,-4.978234920856434,1.0683372954351293,0.22176507914356325,-0.8465722162915661,1,1,0,0
3440,3440.0,34.4,-5.1999999999999975,-4.133096309060593,-4.977979748810723,1.0669036909394043,0.22202025118927438,-0.8448834397501299,1,1,0,0
3441,3441.0,34.41,-5.1999999999999975,-4.135380571235931,-4.977735837668867,1.0646194287640665,0.22226416233113078,-0.8423552664329357,1,1,0,0
3442,3442.0,34.42,-5.1999999999999975,-4.137363727022258,-4.9786425096304585,1.0626362729777394,0.221357490369539,-0.8412787826082004,1,1,0,0
3443,3443.0,34.43,-5.1999999999999975,-4.139064220052968,-4.978351612193004,1.0609357799470294,0.2216483878069937,-0.8392873921400357,1,1,0,0
3444,3444.0,34.44,-5.1999999999999975,-4.140838805831446,-4.976667356431003,1.059161194168552,0.22333264356899463,-0.8358285505995573,1,1,0,0
3445,3445.0,34.45,-5.1999999999999975,-4.1413188911885515,-4.9749970097946425,1.058681108811446,0.22500299020535497,-0.8336781186060911,1,1,0,0
3446,3446.0,34.46,-5.1999999999999975,-4.142080245116019,-4.975631825027192,1.0579197548839785,0.22436817497280526,-0.8335515799111732,1,1,0,0
3447,3447.0,34.47,-5.1999999999999975,-4.143191956034421,-4.976352434983103,1.0568080439655763,0.2236475650168943,-0.833160478948682,1,1,0,0
3448,3448.0,34.48,-5.1999999999999975,-4.144160009502178,-4.975334085333518,1.0558399904978195,0.22466591466647934,-0.8311740758313402,1,1,0,0
3449,3449.0,34.49,-5.1999999999999975,-4.145985186917648,-4.974128759479426,1.0540148130823495,0.22587124052057117,-0.8281435725617783,1,1,0,0
3450,3450.0,34.5,-5.1999999999999975,-4.148871377025867,-4.972545014710632,1.0511286229741303,0.22745498528936547,-0.8236736376847649,1,1,0,0
3451,3451.0,34.51,-5.1999999999999975,-4.14739405369533,-4.973071645021767,1.0526059463046673,0.22692835497823083,-0.8256775913264365,1,1,0,0
3452,3452.0,34.52,-5.1999999999999975,-4.147611948764679,-4.972368519306342,1.0523880512353188,0.22763148069365524,-0.8247565705416635,1,1,0,0
3453,3453.0,34.53,-5.1999999999999975,-4.150922522806802,-4.970592636715502,1.0490774771931957,0.22940736328449507,-0.8196701139087006,1,1,0,0
3454,3454.0,34.54,-5.1999999999999975,-4.150521217375503,-4.969471640161039,1.0494787826244947,0.23052835983895825,-0.8189504227855364,1,1,0,0
3455,3455.0,34.55,-5.1999999999999975,-4.150971510871083,-4.970124518020783,1.049028489128914,0.2298754819792146,-0.8191530071496995,1,1,0,0
3456,3456.0,34.56,-5.1999999999999975,-4.149969606573002,-4.9708071345890135,1.0500303934269954,0.22919286541098405,-0.8208375280160114,1,1,0,0
3457,3457.0,34.57,-5.1999999999999975,-4.151539695414066,-4.970590105793303,1.048460304585931,0.2294098942066949,-0.8190504103792362,1,1,0,0
3458,3458.0,34.58,-5.1999999999999975,-4.152612103100932,-4.970356777132562,1.0473878968990658,0.22964322286743588,-0.8177446740316299,1,1,0,0
3459,3459.0,34.59,-5.1999999999999975,-4.151970020948645,-4.970253611209349,1.0480299790513525,0.22974638879064813,-0.8182835902607044,1,1,0,0
3460,3460.0,34.6,-5.1999999999999975,-4.152229401263221,-4.971173027075637,1.0477705987367765,0.22882697292436038,-0.8189436258124161,1,1,0,0
3461,3461.0,34.61,-5.1999999999999975,-4.154221203853408,-4.970175308967813,1.0457787961465899,0.22982469103218417,-0.8159541051144057,1,1,0,0
3462,3462.0,34.62,-5.1999999999999975,-4.155618478689564,-4.969212130355664,1.0443815213104335,0.23078786964433373,-0.8135936516660998,1,1,0,0
3463,3463.0,34.63,-5.1999999999999975,-4.156627972648189,-4.969471658965927,1.0433720273518086,0.23052834103407083,-0.8128436863177377,1,1,0,0
3464,3464.0,34.64,-5.1999999999999975,-4.158238237084574,-4.969779686860242,1.0417617629154234,0.2302203131397551,-0.8115414497756683,1,1,0,0
3465,3465.0,34.65,-5.1999999999999975,-4.154545284990192,-4.970184896611361,1.0454547150098055,0.22981510338863664,-0.8156396116211688,1,1,0,0
3466,3466.0,34.66,-5.1999999999999975,-4.153259133097307,-4.970344284798302,1.0467408669026907,0.22965571520169537,-0.8170851517009954,1,1,0,0
3467,3467.0,34.67,-5.1999999999999975,-4.151827438464461,-4.972443806014372,1.0481725615355364,0.22755619398562565,-0.8206163675499107,1,1,0,0
3468,3468.0,34.68,-5.1999999999999975,-4.152018819912992,-4.972918350665207,1.0479811800870058,0.22708164933479047,-0.8208995307522153,1,1,0,0
3469,3469.0,34.69,-5.1999999999999975,-4.149254460147293,-4.974188915734735,1.0507455398527048,0.22581108426526253,-0.8249344555874423,1,1,0,0
3470,3470.0,34.7,-5.1999999999999975,-4.146331486132252,-4.973788480169112,1.0536685138677457,0.22621151983088517,-0.8274569940368606,1,1,0,0
3471,3471.0,34.71,-5.1999999999999975,-4.143978904344232,-4.974248429882,1.0560210956557654,0.22575157011799707,-0.8302695255377683,1,1,0,0
3472,3472.0,34.72,-5.1999999999999975,-4.1411166337343275,-4.974211543148849,1.05888336626567,0.22578845685114857,-0.8330949094145215,1,1,0,0
3473,3473.0,34.73,-5.1999999999999975,-4.139018283800993,-4.973638899786648,1.060981716199005,0.22636110021334943,-0.8346206159856555,1,1,0,0
3474,3474.0,34.74,-5.1999999999999975,-4.137989016438983,-4.974498947288301,1.0620109835610148,0.22550105271169674,-0.836509930849318,1,1,0,0
3475,3475.0,34.75,-5.1999999999999975,-4.136787467212048,-4.975090828589208,1.0632125327879498,0.2249091714107898,-0.83830336137716,1,1,0,0
3476,3476.0,34.76,-5.1999999999999975,-4.133024950655303,-4.9763430987558435,1.0669750493446948,0.22365690124415405,-0.8433181481005407,1,1,0,0
3477,3477.0,34.77,-5.1999999999999975,-4.131432022348283,-4.975913596383833,1.068567977651714,0.22408640361616428,-0.8444815740355498,1,1,0,0
3478,3478.0,34.78,-5.1999999999999975,-4.130021863573091,-4.975276085313456,1.069978136426906,0.22472391468654163,-0.8452542217403645,1,1,0,0
3479,3479.0,34.79,-5.1999999999999975,-4.126874913763006,-4.976922008218935,1.0731250862369919,0.22307799178106258,-0.8500470944559293,1,1,0,0
3480,3480.0,34.8,-5.1999999999999975,-4.125920397663681,-4.976025268008987,1.0740796023363162,0.22397473199101015,-0.850104870345306,1,1,0,0
3481,3481.0,34.81,-5.1999999999999975,-4.123949202306663,-4.974453224628471,1.076050797693335,0.22554677537152656,-0.8505040223218083,1,1,0,0
3482,3482.0,34.82,-5.1999999999999975,-4.124148294139315,-4.974347136610014,1.075851705860683,0.2256528633899837,-0.8501988424706992,1,1,0,0
3483,3483.0,34.83,-5.1999999999999975,-4.124299831043791,-4.975489659452756,1.0757001689562067,0.2245103405472415,-0.8511898284089652,1,1,0,0
3484,3484.0,34.84,-5.1999999999999975,-4.1254561771620635,-4.974927116469678,1.074543822837934,0.22507288353031996,-0.8494709393076141,1,1,0,0
3485,3485.0,34.85,-5.1999999999999975,-4.123776193746126,-4.973882799283939,1.0762238062538714,0.22611720071605834,-0.850106605537813,1,1,0,0
3486,3486.0,34.86,-5.1999999999999975,-4.1230502256845805,-4.973139486593416,1.076949774315417,0.22686051340658153,-0.8500892609088355,1,1,0,0
3487,3487.0,34.87,-5.1999999999999975,-4.1224315110114516,-4.973854423288073,1.077568488988546,0.22614557671192426,-0.8514229122766217,1,1,0,0
3488,3488.0,34.88,-5.1999999999999975,-4.124464553452364,-4.975049658040562,1.0755354465476339,0.22495034195943564,-0.8505851045881982,1,1,0,0
3489,3489.0,34.89,-5.1999999999999975,-4.1243009260052945,-4.973770261354311,1.075699073994703,0.22622973864568685,-0.8494693353490161,1,1,0,0
3490,3490.0,34.9,-5.1999999999999975,-4.122720148656684,-4.972296118686719,1.077279851343314,0.22770388131327834,-0.8495759700300356,1,1,0,0
3491,3491.0,34.91,-5.1999999999999975,-4.125150854824217,-4.9714856188164145,1.0748491451757802,0.22851438118358303,-0.8463347639921972,1,1,0,0
3492,3492.0,34.92,-5.1999999999999975,-4.127391885130517,-4.971519243564063,1.0726081148694808,0.22848075643593457,-0.8441273584335462,1,1,0,0
3493,3493.0,34.93,-5.1999999999999975,-4.126242763353477,-4.971988578824143,1.0737572366465207,0.2280114211758546,-0.8457458154706661,1,1,0,0
3494,3494.0,34.94,-5.1999999999999975,-4.123793438850524,-4.970523718445467,1.0762065611494736,0.22947628155453081,-0.8467302795949427,1,1,0,0
3495,3495.0,34.95,-5.1999999999999975,-4.124766254544355,-4.970200568891361,1.0752337454556429,0.22979943110863665,-0.8454343143470062,1,1,0,0
3496,3496.0,34.96,-5.1999999999999975,-4.126800037384981,-4.970719445320926,1.0731999626150168,0.2292805546790717,-0.8439194079359451,1,1,0,0
3497,3497.0,34.97,-5.1999999999999975,-4.128740728324332,-4.9717976143007325,1.0712592716756655,0.228202385699265,-0.8430568859764005,1,1,0,0
3498,3498.0,34.98,-5.1999999999999975,-4.1275317498423645,-4.9709035447751475,1.072468250157633,0.22909645522485,-0.843371794932783,1,1,0,0
3499,3499.0,34.99,-5.1999999999999975,-4.127171781527875,-4.969048736015734,1.0728282184721225,0.2309512639842639,-0.8418769544878586,1,1,0,0
3500,3500.0,35.0,-5.1999999999999975,-4.126118786425489,-4.969318621168494,1.0738812135745084,0.23068137883150364,-0.8431998347430048,1,1,0,0
3501,3501.0,35.01,-5.1999999999999975,-4.126204927580494,-4.969260785199295,1.0737950724195038,0.23073921480070236,-0.8430558576188014,1,1,0,0
3502,3502.0,35.02,-5.1999999999999975,-4.1264820415240875,-4.968974152429204,1.07351795847591,0.2310258475707938,-0.8424921109051162,1,1,0,0
3503,3503.0,35.03,-5.1999999999999975,-4.126454011935135,-4.96858329650198,1.0735459880648621,0.23141670349801746,-0.8421292845668447,1,1,0,0
3504,3504.0,35.04,-5.1999999999999975,-4.125449962917021,-4.969078886441799,1.0745500370829761,0.23092111355819878,-0.8436289235247774,1,1,0,0
3505,3505.0,35.05,-5.1999999999999975,-4.124580149510585,-4.969879819288619,1.0754198504894124,0.23012018071137863,-0.8452996697780337,1,1,0,0
3506,3506.0,35.06,-5.1999999999999975,-4.124104635954286,-4.971312605296573,1.0758953640457118,0.22868739470342447,-0.8472079693422874,1,1,0,0
3507,3507.0,35.07,-5.1999999999999975,-4.123750370788723,-4.970940357259202,1.0762496292112749,0.22905964274079516,-0.8471899864704797,1,1,0,0
3508,3508.0,35.08,-5.1999999999999975,-4.12490163741267,-4.971276973171071,1.0750983625873278,0.2287230268289262,-0.8463753357584016,1,1,0,0
3509,3509.0,35.09,-5.1999999999999975,-4.124539674392472,-4.971286581765209,1.0754603256075255,0.22871341823478808,-0.8467469073727374,1,1,0,0
3510,3510.0,35.1,-5.1999999999999975,-4.125268943062792,-4.970686903019893,1.074731056937206,0.22931309698010427,-0.8454179599571017,1,1,0,0
3511,3511.0,35.11,-5.1999999999999975,-4.125434799040922,-4.9718926708994635,1.0745652009590758,0.228107329100534,-0.8464578718585418,1,1,0,0
3512,3512.0,35.12,-5.1999999999999975,-4.126120981522538,-4.973547283322306,1.0738790184774594,0.2264527166776915,-0.8474263017997679,1,1,0,0
3513,3513.0,35.13,-5.1999999999999975,-4.127237708134954,-4.974115158214311,1.0727622918650432,0.22588484178568624,-0.846877450079357,1,1,0,0
3514,3514.0,35.14,-5.1999999999999975,-4.12813695686735,-4.974650609497479,1.0718630431326472,0.2253493905025188,-0.8465136526301285,1,1,0,0
3515,3515.0,35.15,-5.1999999999999975,-4.128477086765048,-4.975583866028307,1.0715229132349497,0.22441613397169036,-0.8471067792632594,1,1,0,0
3516,3516.0,35.16,-5.1999999999999975,-4.128888179459524,-4.97728699387594,1.071111820540474,0.22271300612405742,-0.8483988144164165,1,1,0,0
3517,3517.0,35.17,-5.1999999999999975,-4.129006744493757,-4.97669742455427,1.0709932555062407,0.22330257544572785,-0.8476906800605128,1,1,0,0
3518,3518.0,35.18,-5.1999999999999975,-4.12815564652687,-4.975086874485291,1.0718443534731277,0.2249131255147061,-0.8469312279584216,1,1,0,0
3519,3519.0,35.19,-5.1999999999999975,-4.127991736262441,-4.9746244455736415,1.0720082637375565,0.22537555442635604,-0.8466327093112005,1,1,0,0
3520,3520.0,35.2,-5.1999999999999975,-4.128841888300565,-4.975808775849673,1.0711581116994324,0.22419122415032433,-0.8469668875491081,1,1,0,0
3521,3521.0,35.21,-5.1999999999999975,-4.127959258303182,-4.975085919040347,1.0720407416968154,0.2249140809596506,-0.8471266607371648,1,1,0,0
3522,3522.0,35.22,-5.1999999999999975,-4.128085149763838,-4.974154348618324,1.0719148502361593,0.22584565138167356,-0.8460691988544857,1,1,0,0
3523,3523.0,35.23,-5.1999999999999975,-4.128579817652733,-4.973983861401364,1.0714201823472642,0.22601613859863345,-0.8454040437486308,1,1,0,0
3524,3524.0,35.24,-5.1999999999999975,-4.126617245394756,-4.974100690438359,1.073382754605242,0.22589930956163862,-0.8474834450436033,1,1,0,0
3525,3525.0,35.25,-5.1999999999999975,-4.1266090767752,-4.9752212091710595,1.0733909232247978,0.22477879082893804,-0.8486121323958598,1,1,0,0
3526,3526.0,35.26,-5.1999999999999975,-4.12943681557901,-4.9757783332871375,1.0705631844209877,0.22422166671286003,-0.8463415177081277,1,1,0,0
3527,3527.0,35.27,-5.1999999999999975,-4.131734249478114,-4.97636982715864,1.068265750521883,0.22363017284135722,-0.8446355776805259,1,1,0,0
3528,3528.0,35.28,-5.1999999999999975,-4.135660300208841,-4.975770175756233,1.064339699791157,0.22422982424376414,-0.8401098755473928,1,1,0,0
3529,3529.0,35.29,-5.1999999999999975,-4.134802961034837,-4.97562687106886,1.0651970389651604,0.2243731289311377,-0.8408239100340227,1,1,0,0
3530,3530.0,35.3,-5.1999999999999975,-4.13476014054258,-4.9757121421512585,1.0652398594574173,0.22428785784873906,-0.8409520016086782,1,1,0,0
3531,3531.0,35.31,-5.1999999999999975,-4.133316254207678,-4.973533147156851,1.0666837457923197,0.2264668528431466,-0.8402168929491731,1,1,0,0
3532,3532.0,35.32,-5.1999999999999975,-4.1341770246696825,-4.973282513045327,1.065822975330315,0.2267174869546702,-0.8391054883756448,1,1,0,0
3533,3533.0,35.33,-5.1999999999999975,-4.133966097272449,-4.974882429829784,1.0660339027275487,0.22511757017021328,-0.8409163325573354,1,1,0,0
3534,3534.0,35.34,-5.1999999999999975,-4.136963983192358,-4.97542003588483,1.0630360168076392,0.22457996411516756,-0.8384560526924716,1,1,0,0
3535,3535.0,35.35,-5.1999999999999975,-4.135692606059107,-4.975508633462148,1.064307393940891,0.2244913665378494,-0.8398160274030415,1,1,0,0
3536,3536.0,35.36,-5.1999999999999975,-4.134550620434376,-4.974981212114184,1.0654493795656217,0.22501878788581386,-0.8404305916798078,1,1,0,0
3537,3537.0,35.37,-5.1999999999999975,-4.133642033781836,-4.975519765541209,1.0663579662181615,0.22448023445878817,-0.8418777317593733,1,1,0,0
3538,3538.0,35.38,-5.1999999999999975,-4.133181022839562,-4.975879119928035,1.0668189771604357,0.22412088007196207,-0.8426980970884737,1,1,0,0
3539,3539.0,35.39,-5.1999999999999975,-4.133145314242631,-4.976424601713206,1.0668546857573666,0.2235753982867914,-0.8432792874705752,1,1,0,0
3540,3540.0,35.4,-5.1999999999999975,-4.1308830693052485,-4.976426176865286,1.069116930694749,0.22357382313471152,-0.8455431075600375,1,1,0,0
3541,3541.0,35.41,-5.1999999999999975,-4.131275253483167,-4.976942771326588,1.0687247465168301,0.22305722867340982,-0.8456675178434203,1,1,0,0
3542,3542.0,35.42,-5.1999999999999975,-4.130984780804404,-4.977846910563702,1.0690152191955935,0.2221530894362953,-0.8468621297592982,1,1,0,0
3543,3543.0,35.43,-5.1999999999999975,-4.132132922836964,-4.976462387342844,1.0678670771630339,0.22353761265715377,-0.8443294645058801,1,1,0,0
3544,3544.0,35.44,-5.1999999999999975,-4.130569829952647,-4.975475581457826,1.06943017004735,0.2245244185421713,-0.8449057515051788,1,1,0,0
3545,3545.0,35.45,-5.1999999999999975,-4.1284820602454335,-4.974785513335285,1.071517939754564,0.22521448666471233,-0.8463034530898517,1,1,0,0
3546,3546.0,35.46,-5.1999999999999975,-4.129090709956877,-4.9750017068619385,1.0709092900431205,0.22499829313805897,-0.8459109969050616,1,1,0,0
3547,3547.0,35.47,-5.1999999999999975,-4.1285438763641205,-4.9756342642558735,1.071456123635877,0.224365735744124,-0.8470903878917531,1,1,0,0
3548,3548.0,35.48,-5.1999999999999975,-4.126619203310425,-4.977031375768944,1.0733807966895723,0.22296862423105335,-0.850412172458519,1,1,0,0
3549,3549.0,35.49,-5.1999999999999975,-4.126858070150177,-4.978513000537947,1.0731419298498208,0.22148699946205053,-0.8516549303877703,1,1,0,0
3550,3550.0,35.5,-5.1999999999999975,-4.126343887214817,-4.9794683343400505,1.073656112785181,0.22053166565994697,-0.8531244471252339,1,1,0,0
3551,3551.0,35.51,-5.1999999999999975,-4.122748772496078,-4.97976584423682,1.0772512275039192,0.22023415576317795,-0.8570170717407413,1,1,0,0
3552,3552.0,35.52,-5.1999999999999975,-4.11883980927116,-4.980577980525563,1.0811601907288377,0.2194220194744343,-0.8617381712544034,1,1,0,0
3553,3553.0,35.53,-5.1999999999999975,-4.117786924179662,-4.980903966269542,1.0822130758203352,0.21909603373045528,-0.8631170420898799,1,1,0,0
3554,3554.0,35.54,-5.1999999999999975,-4.116860926745388,-4.979443186008835,1.0831390732546096,0.22055681399116267,-0.8625822592634469,1,1,0,0
3555,3555.0,35.55,-5.1999999999999975,-4.115334123111818,-4.977755632717927,1.0846658768881792,0.22224436728207042,-0.8624215096061087,1,1,0,0
3556,3556.0,35.56,-5.1999999999999975,-4.1120128883309155,-4.976988786941137,1.087987111669082,0.22301121305886085,-0.8649758986102212,1,1,0,0
3557,3557.0,35.57,-5.1999999999999975,-4.112684589430792,-4.978048942888014,1.0873154105692056,0.22195105711198337,-0.8653643534572222,1,1,0,0
3558,3558.0,35.58,-5.1999999999999975,-4.1121150070995816,-4.976580232698518,1.087884992900416,0.22341976730147994,-0.864465225598936,1,1,0,0
3559,3559.0,35.59,-5.1999999999999975,-4.112250893389592,-4.975179787523003,1.0877491066104055,0.22482021247699446,-0.862928894133411,1,1,0,0
3560,3560.0,35.6,-5.1999999999999975,-4.11184622640105,-4.974609648356927,1.0881537735989477,0.2253903516430702,-0.8627634219558775,1,1,0,0
3561,3561.0,35.61,-5.1999999999999975,-4.114316737859419,-4.974576557815412,1.085683262140578,0.2254234421845851,-0.860259819955993,1,1,0,0
3562,3562.0,35.62,-5.1999999999999975,-4.113835929052238,-4.976802912844321,1.0861640709477598,0.22319708715567632,-0.8629669837920835,1,1,0,0
3563,3563.0,35.63,-5.1999999999999975,-4.112819891122573,-4.977059677236901,1.0871801088774244,0.2229403227630966,-0.8642397861143278,1,1,0,0
3564,3564.0,35.64,-5.1999999999999975,-4.111045263063179,-4.9772949679612735,1.0889547369368184,0.22270503203872405,-0.8662497048980944,1,1,0,0
3565,3565.0,35.65,-5.1999999999999975,-4.1100267636523835,-4.977597425753726,1.089973236347614,0.22240257424627163,-0.8675706621013424,1,1,0,0
3566,3566.0,35.66,-5.1999999999999975,-4.112319141664451,-4.978585752045861,1.0876808583355464,0.22141424795413656,-0.8662666103814098,1,1,0,0
3567,3567.0,35.67,-5.1999999999999975,-4.11356495856911,-4.978578962146176,1.0864350414308879,0.22142103785382172,-0.8650140035770661,1,1,0,0
3568,3568.0,35.68,-5.1999999999999975,-4.1150585574202445,-4.975779180973308,1.084941442579753,0.2242208190266899,-0.8607206235530631,1,1,0,0
3569,3569.0,35.69,-5.1999999999999975,-4.114360755941412,-4.975547670160062,1.0856392440585854,0.22445232983993524,-0.8611869142186501,1,1,0,0
3570,3570.0,35.7,-5.1999999999999975,-4.114301558267282,-4.976889148781339,1.0856984417327151,0.22311085121865837,-0.8625875905140568,1,1,0,0
3571,3571.0,35.71,-5.1999999999999975,-4.115635852386211,-4.977436616892676,1.0843641476137869,0.22256338310732193,-0.8618007645064649,1,1,0,0
3572,3572.0,35.72,-5.1999999999999975,-4.116751254929327,-4.976391436689184,1.0832487450706703,0.22360856331081358,-0.8596401817598567,1,1,0,0
3573,3573.0,35.73,-5.1999999999999975,-4.116140673124122,-4.975535058757185,1.0838593268758752,0.2244649412428128,-0.8593943856330624,1,1,0,0
3574,3574.0,35.74,-5.1999999999999975,-4.114729930706555,-4.975907697575686,1.0852700692934425,0.2240923024243111,-0.8611777668691314,1,1,0,0
3575,3575.0,35.75,-5.1999999999999975,-4.113772276631193,-4.974358161181136,1.086227723368805,0.2256418388188619,-0.860585884549943,1,1,0,0
3576,3576.0,35.76,-5.1999999999999975,-4.11575130568671,-4.974425095310657,1.0842486943132874,0.22557490468934027,-0.8586737896239471,1,1,0,0
3577,3577.0,35.77,-5.1999999999999975,-4.115520617658677,-4.973243948511769,1.0844793823413204,0.22675605148822875,-0.8577233308530916,1,1,0,0
3578,3578.0,35.78,-5.1999999999999975,-4.1132294350149206,-4.9736159905130055,1.086770564985077,0.226384009486992,-0.860386555498085,1,1,0,0
3579,3579.0,35.79,-5.1999999999999975,-4.113830371901179,-4.974619306579936,1.0861696280988182,0.22538069342006128,-0.860788934678757,1,1,0,0
3580,3580.0,35.8,-5.1999999999999975,-4.114401458114151,-4.9730896093175945,1.0855985418858465,0.22691039068240304,-0.8586881512034434,1,1,0,0
3581,3581.0,35.81,-5.1999999999999975,-4.113596498158799,-4.971804742626775,1.0864035018411986,0.22819525737322266,-0.858208244467976,1,1,0,0
3582,3582.0,35.82,-5.1999999999999975,-4.11147537248171,-4.9702889565761055,1.0885246275182876,0.22971104342389204,-0.8588135840943956,1,1,0,0
3583,3583.0,35.83,-5.1999999999999975,-4.111316601801259,-4.970166353730937,1.0886833981987385,0.22983364626906067,-0.8588497519296778,1,1,0,0
3584,3584.0,35.84,-5.1999999999999975,-4.113164074247587,-4.970572337150094,1.0868359257524105,0.22942766284990324,-0.8574082629025073,1,1,0,0
3585,3585.0,35.85,-5.1999999999999975,-4.112650975749732,-4.969548124994091,1.0873490242502655,0.23045187500590636,-0.8568971492443591,1,1,0,0
3586,3586.0,35.86,-5.1999999999999975,-4.115549280703592,-4.968145969326933,1.084450719296406,0.23185403067306432,-0.8525966886233416,1,1,0,0
3587,3587.0,35.87,-5.1999999999999975,-4.116411522804811,-4.967877865691465,1.0835884771951863,0.23212213430853268,-0.8514663428866536,1,1,0,0
3588,3588.0,35.88,-5.1999999999999975,-4.118385421739963,-4.967788215200229,1.0816145782600346,0.23221178479976867,-0.8494027934602659,1,1,0,0
3589,3589.0,35.89,-5.1999999999999975,-4.116182812303791,-4.967994589989712,1.0838171876962068,0.2320054100102853,-0.8518117776859215,1,1,0,0
3590,3590.0,35.9,-5.1999999999999975,-4.1169923397497294,-4.968001554569178,1.083007660250268,0.23199844543081927,-0.8510092148194488,1,1,0,0
3591,3591.0,35.91,-5.1999999999999975,-4.120319158869821,-4.965998406582336,1.0796808411301768,0.2340015934176618,-0.845679247712515,1,1,0,0
3592,3592.0,35.92,-5.1999999999999975,-4.1210701675335635,-4.965023481864529,1.078929832466434,0.23497651813546838,-0.8439533143309657,1,1,0,0
3593,3593.0,35.93,-5.1999999999999975,-4.1191399514420715,-4.96431048802939,1.080860048557926,0.23568951197060795,-0.8451705365873181,1,1,0,0
3594,3594.0,35.94,-5.1999999999999975,-4.119157807353307,-4.9640501465228,1.0808421926466902,0.2359498534771971,-0.8448923391694931,1,1,0,0
3595,3595.0,35.95,-5.1999999999999975,-4.118399186040018,-4.963580072058023,1.0816008139599793,0.23641992794197453,-0.8451808860180048,1,1,0,0
3596,3596.0,35.96,-5.1999999999999975,-4.119295923063386,-4.963175703526456,1.0807040769366116,0.2368242964735412,-0.8438797804630704,1,1,0,0
3597,3597.0,35.97,-5.1999999999999975,-4.12118232635761,-4.963352779196538,1.0788176736423871,0.23664722080345957,-0.8421704528389276,1,1,0,0
3598,3598.0,35.98,-5.1999999999999975,-4.124842857827143,-4.963044161870492,1.0751571421728547,0.23695583812950538,-0.8382013040433494,1,1,0,0
3599,3599.0,35.99,-5.1999999999999975,-4.125559509654871,-4.965602295120278,1.0744404903451263,0.23439770487971945,-0.8400427854654069,1,1,0,0
3600,3600.0,36.0,-5.1999999999999975,-4.124784608092329,-4.965948963563895,1.0752153919076681,0.23405103643610214,-0.841164355471566,1,1,0,0
3601,3601.0,36.01,-5.1999999999999975,-4.126072881376664,-4.96678898731878,1.0739271186233337,0.2332110126812177,-0.840716105942116,1,1,0,0
3602,3602.0,36.02,-5.1999999999999975,-4.127648520640772,-4.966773707477191,1.0723514793592255,0.23322629252280613,-0.8391251868364193,1,1,0,0
3603,3603.0,36.03,-5.1999999999999975,-4.125588695325341,-4.96632806656648,1.0744113046746566,0.23367193343351733,-0.8407393712411393,1,1,0,0
3604,3604.0,36.04,-5.1999999999999975,-4.1259072386280815,-4.965766124101654,1.074092761371916,0.23423387589834377,-0.8398588854735722,1,1,0,0
3605,3605.0,36.05,-5.1999999999999975,-4.129197228176683,-4.964204208962223,1.0708027718233142,0.23579579103777437,-0.8350069807855398,1,1,0,0
3606,3606.0,36.06,-5.1999999999999975,-4.129203811717277,-4.963726357034613,1.0707961882827206,0.23627364296538467,-0.8345225453173359,1,1,0,0
3607,3607.0,36.07,-5.1999999999999975,-4.1291966739832215,-4.962003627148596,1.070803326016776,0.23799637285140118,-0.8328069531653748,1,1,0,0
3608,3608.0,36.08,-5.1999999999999975,-4.129220295791773,-4.962041032294213,1.070779704208224,0.23795896770578473,-0.8328207365024394,1,1,0,0
3609,3609.0,36.09,-5.1999999999999975,-4.129189450490047,-4.960983289318571,1.0708105495099502,0.23901671068142694,-0.8317938388285233,1,1,0,0
3610,3610.0,36.1,-5.1999999999999975,-4.127537127318236,-4.959711643811522,1.0724628726817613,0.24028835618847566,-0.8321745164932857,1,1,0,0
3611,3611.0,36.11,-5.1999999999999975,-4.129499704282495,-4.960110679287455,1.070500295717503,0.23988932071254254,-0.8306109750049604,1,1,0,0
3612,3612.0,36.12,-5.1999999999999975,-4.129238057443218,-4.960413992676242,1.0707619425567794,0.2395860073237559,-0.8311759352330235,1,1,0,0
3613,3613.0,36.13,-5.1999999999999975,-4.130124280608201,-4.960911534791419,1.0698757193917965,0.23908846520857807,-0.8307872541832184,1,1,0,0
3614,3614.0,36.14,-5.1999999999999975,-4.127481251191924,-4.959588605807217,1.0725187488080739,0.24041139419278057,-0.8321073546152933,1,1,0,0
3615,3615.0,36.15,-5.1999999999999975,-4.127666986007501,-4.959525513812802,1.0723330139924965,0.24047448618719525,-0.8318585278053012,1,1,0,0
3616,3616.0,36.16,-5.1999999999999975,-4.12658541652051,-4.960359202377907,1.0734145834794875,0.23964079762209067,-0.8337737858573968,1,1,0,0
3617,3617.0,36.17,-5.1999999999999975,-4.1271986375866305,-4.958588218751093,1.072801362413367,0.24141178124890494,-0.831389581164462,1,1,0,0
3618,3618.0,36.18,-5.1999999999999975,-4.12567803738612,-4.957144509684887,1.0743219626138778,0.24285549031511078,-0.831466472298767,1,1,0,0
3619,3619.0,36.19,-5.1999999999999975,-4.127022427077921,-4.955429044740041,1.0729775729220767,0.24457095525995687,-0.8284066176621199,1,1,0,0
3620,3620.0,36.2,-5.1999999999999975,-4.127542218932898,-4.954669861294718,1.0724577810670999,0.2453301387052793,-0.8271276423618206,1,1,0,0
3621,3621.0,36.21,-5.1999999999999975,-4.128616004761743,-4.954682469021252,1.0713839952382544,0.24531753097874542,-0.826066464259509,1,1,0,0
3622,3622.0,36.22,-5.1999999999999975,-4.12957533827267,-4.9538750354505545,1.0704246617273272,0.246124964549443,-0.8242996971778842,1,1,0,0
3623,3623.0,36.23,-5.1999999999999975,-4.130680690785301,-4.952363085560152,1.0693193092146966,0.2476369144398456,-0.821682394774851,1,1,0,0
3624,3624.0,36.24,-5.1999999999999975,-4.132286529074035,-4.953036819652385,1.0677134709259626,0.24696318034761244,-0.8207502905783501,1,1,0,0
3625,3625.0,36.25,-5.1999999999999975,-4.131933304654628,-4.954651031494707,1.0680666953453697,0.2453489685052901,-0.8227177268400796,1,1,0,0
3626,3626.0,36.26,-5.1999999999999975,-4.132744385716257,-4.953845494168891,1.0672556142837406,0.24615450583110654,-0.8211011084526341,1,1,0,0
3627,3627.0,36.27,-5.1999999999999975,-4.134300522115545,-4.952694498395729,1.0656994778844524,0.24730550160426823,-0.8183939762801842,1,1,0,0
3628,3628.0,36.28,-5.1999999999999975,-4.134444691600702,-4.950561248157384,1.0655553083992952,0.24943875184261355,-0.8161165565566817,1,1,0,0
3629,3629.0,36.29,-5.1999999999999975,-4.132467788211501,-4.949973480631223,1.0675322117884969,0.25002651936877474,-0.8175056924197222,1,1,0,0
3630,3630.0,36.3,-5.1999999999999975,-4.1334020185507026,-4.94983059764022,1.066597981449295,0.25016940235977714,-0.8164285790895178,1,1,0,0
3631,3631.0,36.31,-5.1999999999999975,-4.132699558294875,-4.94978239131858,1.0673004417051226,0.2502176086814174,-0.8170828330237052,1,1,0,0
3632,3632.0,36.32,-5.1999999999999975,-4.132294879719533,-4.949454172820972,1.0677051202804648,0.2505458271790255,-0.8171592931014393,1,1,0,0
3633,3633.0,36.33,-5.1999999999999975,-4.132836443657678,-4.949332189243446,1.0671635563423196,0.25066781075655165,-0.816495745585768,1,1,0,0
3634,3634.0,36.34,-5.1999999999999975,-4.133001594825832,-4.948355458763599,1.0669984051741652,0.25164454123639857,-0.8153538639377667,1,1,0,0
3635,3635.0,36.35,-5.1999999999999975,-4.133332090642945,-4.94866700857991,1.0666679093570526,0.2513329914200879,-0.8153349179369647,1,1,0,0
3636,3636.0,36.36,-5.1999999999999975,-4.134493635955529,-4.9507969513145325,1.0655063640444684,0.24920304868546506,-0.8163033153590034,1,1,0,0
3637,3637.0,36.37,-5.1999999999999975,-4.135411952615729,-4.950169891531325,1.0645880473842686,0.24983010846867248,-0.8147579389155961,1,1,0,0
3638,3638.0,36.38,-5.1999999999999975,-4.135953063890041,-4.951623169185374,1.064046936109957,0.2483768308146237,-0.8156701052953332,1,1,0,0
3639,3639.0,36.39,-5.1999999999999975,-4.138102731871244,-4.951903649604859,1.061897268128753,0.2480963503951381,-0.813800917733615,1,1,0,0
3640,3640.0,36.4,-5.1999999999999975,-4.138852408184705,-4.953236512231927,1.0611475918152928,0.2467634877680709,-0.814384104047222,1,1,0,0
3641,3641.0,36.41,-5.1999999999999975,-4.138586642646896,-4.953334656082736,1.0614133573531017,0.24666534391726191,-0.8147480134358398,1,1,0,0
3642,3642.0,36.42,-5.1999999999999975,-4.137876839994099,-4.95197871135766,1.062123160005899,0.2480212886423372,-0.8141018713635617,1,1,0,0
3643,3643.0,36.43,-5.1999999999999975,-4.1371748141452045,-4.952133069750527,1.062825185854793,0.24786693024947049,-0.8149582556053225,1,1,0,0
3644,3644.0,36.44,-5.1999999999999975,-4.138882282454416,-4.95232367998867,1.0611177175455815,0.2476763200113279,-0.8134413975342536,1,1,0,0
3645,3645.0,36.45,-5.1999999999999975,-4.135912381931574,-4.953348427215078,1.0640876180684238,0.2466515727849199,-0.8174360452835039,1,1,0,0
3646,3646.0,36.46,-5.1999999999999975,-4.134956837969416,-4.953064477899305,1.0650431620305811,0.24693552210069214,-0.818107639929889,1,1,0,0
3647,3647.0,36.47,-5.1999999999999975,-4.1355716646778236,-4.953274027304016,1.064428335322174,0.24672597269598118,-0.8177023626261928,1,1,0,0
3648,3648.0,36.48,-5.1999999999999975,-4.13494300784393,-4.954095662937719,1.0650569921560677,0.24590433706227888,-0.8191526550937889,1,1,0,0
3649,3649.0,36.49,-5.1999999999999975,-4.131190237005772,-4.954473672873589,1.068809762994226,0.24552632712640854,-0.8232834358678174,1,1,0,0
3650,3650.0,36.5,-5.1999999999999975,-4.130310676410654,-4.953831522303886,1.0696893235893432,0.24616847769611194,-0.8235208458932313,1,1,0,0
3651,3651.0,36.51,-5.1999999999999975,-4.130658489889238,-4.952298439222763,1.0693415101107595,0.2477015607772346,-0.8216399493335249,1,1,0,0
3652,3652.0,36.52,-5.1999999999999975,-4.128013389283002,-4.95290792891622,1.071986610716995,0.2470920710837774,-0.8248945396332177,1,1,0,0
3653,3653.0,36.53,-5.1999999999999975,-4.1262447459503635,-4.95383203402049,1.073755254049634,0.24616796597950774,-0.8275872880701263,1,1,0,0
3654,3654.0,36.54,-5.1999999999999975,-4.12360558564397,-4.953297823175422,1.0763944143560273,0.2467021768245754,-0.8296922375314519,1,1,0,0
3655,3655.0,36.55,-5.1999999999999975,-4.122315309783982,-4.952064455987924,1.0776846902160155,0.24793554401207363,-0.8297491462039419,1,1,0,0
3656,3656.0,36.56,-5.1999999999999975,-4.121230594036545,-4.950692538427811,1.0787694059634525,0.24930746157218664,-0.8294619443912659,1,1,0,0
3657,3657.0,36.57,-5.1999999999999975,-4.121061495324154,-4.951571149421363,1.0789385046758433,0.24842885057863473,-0.8305096540972086,1,1,0,0
3658,3658.0,36.58,-5.1999999999999975,-4.119729599879468,-4.9515192505122,1.0802704001205292,0.24848074948779786,-0.8317896506327314,1,1,0,0
3659,3659.0,36.59,-5.1999999999999975,-4.11941642191729,-4.951266882899426,1.0805835780827078,0.24873311710057155,-0.8318504609821362,1,1,0,0
3660,3660.0,36.6,-5.1999999999999975,-4.120492122056002,-4.94997351428913,1.0795078779439953,0.25002648571086716,-0.8294813922331281,1,1,0,0
3661,3661.0,36.61,-5.1999999999999975,-4.118154794954196,-4.950376472005599,1.0818452050458012,0.24962352799439813,-0.832221677051403,1,1,0,0
3662,3662.0,36.62,-5.1999999999999975,-4.11875890100804,-4.951100433473635,1.0812410989919572,0.24889956652636247,-0.8323415324655947,1,1,0,0
3663,3663.0,36.63,-5.1999999999999975,-4.1164586599307755,-4.950343300152292,1.083541340069222,0.2496566998477059,-0.8338846402215161,1,1,0,0
3664,3664.0,36.64,-5.1999999999999975,-4.115786846248869,-4.949676078233029,1.0842131537511284,0.2503239217669684,-0.83388923198416,1,1,0,0
3665,3665.0,36.65,-5.1999999999999975,-4.115545096960357,-4.950231859316577,1.0844549030396404,0.2497681406834209,-0.8346867623562195,1,1,0,0
3666,3666.0,36.66,-5.1999999999999975,-4.116153035703913,-4.951329207552488,1.0838469642960842,0.24867079244750911,-0.8351761718485751,1,1,0,0
3667,3667.0,36.67,-5.1999999999999975,-4.116249452194589,-4.950102330522012,1.0837505478054084,0.24989766947798575,-0.8338528783274226,1,1,0,0
3668,3668.0,36.68,-5.1999999999999975,-4.11535265645709,-4.949725125138679,1.0846473435429074,0.2502748748613186,-0.8343724686815888,1,1,0,0
3669,3669.0,36.69,-5.1999999999999975,-4.115014266980449,-4.94903265565693,1.0849857330195487,0.2509673443430671,-0.8340183886764816,1,1,0,0
3670,3670.0,36.7,-5.1999999999999975,-4.11562288724378,-4.94963331026842,1.0843771127562176,0.2503666897315773,-0.8340104230246403,1,1,0,0
3671,3671.0,36.71,-5.1999999999999975,-4.117519098441604,-4.9487480222796165,1.0824809015583936,0.251251977720381,-0.8312289238380126,1,1,0,0
3672,3672.0,36.72,-5.1999999999999975,-4.116697170408047,-4.949874628615391,1.0833028295919505,0.25012537138460633,-0.8331774582073441,1,1,0,0
3673,3673.0,36.73,-5.1999999999999975,-4.116289782533704,-4.951428273339647,1.0837102174662938,0.24857172666035066,-0.8351384908059432,1,1,0,0
3674,3674.0,36.74,-5.1999999999999975,-4.1184070904012,-4.951812917267051,1.0815929095987977,0.24818708273294643,-0.8334058268658513,1,1,0,0
3675,3675.0,36.75,-5.1999999999999975,-4.119124569160861,-4.953459566345267,1.0808754308391366,0.24654043365473033,-0.8343349971844063,1,1,0,0
3676,3676.0,36.76,-5.1999999999999975,-4.119893622408995,-4.953634505628987,1.0801063775910027,0.24636549437101074,-0.833740883219992,1,1,0,0
3677,3677.0,36.77,-5.1999999999999975,-4.121933413913855,-4.955025465048922,1.078066586086143,0.24497453495107546,-0.8330920511350675,1,1,0,0
3678,3678.0,36.78,-5.1999999999999975,-4.12428751398238,-4.9553320941982575,1.0757124860176175,0.24466790580174003,-0.8310445802158775,1,1,0,0
3679,3679.0,36.79,-5.1999999999999975,-4.125485293642402,-4.953752470758532,1.0745147063575953,0.2462475292414652,-0.8282671771161301,1,1,0,0
3680,3680.0,36.8,-5.1999999999999975,-4.1235124905624865,-4.954450367248061,1.076487509437511,0.24554963275193664,-0.8309378766855744,1,1,0,0
3681,3681.0,36.81,-5.1999999999999975,-4.123735777449081,-4.954505967626505,1.0762642225509165,0.2454940323734922,-0.8307701901774243,1,1,0,0
3682,3682.0,36.82,-5.1999999999999975,-4.126291476734471,-4.955319303595348,1.0737085232655268,0.2446806964046493,-0.8290278268608775,1,1,0,0
3683,3683.0,36.83,-5.1999999999999975,-4.124992238857663,-4.95557945651732,1.0750077611423343,0.2444205434826774,-0.8305872176596569,1,1,0,0
3684,3684.0,36.84,-5.1999999999999975,-4.123151137264209,-4.955895166295278,1.0768488627357886,0.24410483370471958,-0.832744029031069,1,1,0,0
3685,3685.0,36.85,-5.1999999999999975,-4.121711885670688,-4.9570835442528,1.0782881143293093,0.24291645574719745,-0.8353716585821118,1,1,0,0
3686,3686.0,36.86,-5.1999999999999975,-4.12264303341302,-4.957835083662285,1.0773569665869775,0.2421649163377122,-0.8351920502492653,1,1,0,0
3687,3687.0,36.87,-5.1999999999999975,-4.122412894050123,-4.956302328550106,1.077587105949875,0.2436976714498913,-0.8338894344999837,1,1,0,0
3688,3688.0,36.88,-5.1999999999999975,-4.1208256692338745,-4.95492174531471,1.079174330766123,0.24507825468528743,-0.8340960760808356,1,1,0,0
3689,3689.0,36.89,-5.1999999999999975,-4.119564491479531,-4.955172887976577,1.0804355085204662,0.24482711202342067,-0.8356083964970455,1,1,0,0
3690,3690.0,36.9,-5.1999999999999975,-4.119091145212828,-4.955461683610669,1.08090885478717,0.24453831638932844,-0.8363705383978415,1,1,0,0
3691,3691.0,36.91,-5.1999999999999975,-4.117806092010334,-4.954263017845771,1.0821939079896632,0.24573698215422635,-0.8364569258354368,1,1,0,0
3692,3692.0,36.92,-5.1999999999999975,-4.117583935910895,-4.953820781718984,1.0824160640891023,0.2461792182810134,-0.8362368458080889,1,1,0,0
3693,3693.0,36.93,-5.1999999999999975,-4.11700485298875,-4.952620499133274,1.082995147011247,0.24737950086672367,-0.8356156461445234,1,1,0,0
3694,3694.0,36.94,-5.1999999999999975,-4.1143682516702365,-4.953406562764731,1.085631748329761,0.2465934372352665,-0.8390383110944946,1,1,0,0
3695,3695.0,36.95,-5.1999999999999975,-4.111119995170735,-4.952274786434189,1.0888800048292628,0.24772521356580857,-0.8411547912634543,1,1,0,0
3696,3696.0,36.96,-5.1999999999999975,-4.110271960439615,-4.950754681633613,1.0897280395603826,0.24924531836638408,-0.8404827211939985,1,1,0,0
3697,3697.0,36.97,-5.1999999999999975,-4.110152973440444,-4.950052247148815,1.0898470265595535,0.24994775285118287,-0.8398992737083706,1,1,0,0
3698,3698.0,36.98,-5.1999999999999975,-4.1065496085649205,-4.95044779175969,1.093450391435077,0.24955220824030722,-0.8438981831947698,1,1,0,0
3699,3699.0,36.99,-5.1999999999999975,-4.10250857495721,-4.9511778149237395,1.0974914250427874,0.24882218507625797,-0.8486692399665294,1,1,0,0
3700,3700.0,37.0,-5.1999999999999975,-4.101784194290682,-4.951064189807314,1.0982158057093159,0.24893581019268307,-0.8492799955166328,1,1,0,0
3701,3701.0,37.01,-5.1999999999999975,-4.10188676076061,-4.9509595572944445,1.098113239239387,0.24904044270555303,-0.849072796533834,1,1,0,0
3702,3702.0,37.02,-5.1999999999999975,-4.097911838335904,-4.952649550015886,1.1020881616640938,0.24735044998411126,-0.8547377116799826,1,1,0,0
3703,3703.0,37.03,-5.1999999999999975,-4.09416845959696,-4.953601392257448,1.1058315404030372,0.24639860774254974,-0.8594329326604875,1,1,0,0
3704,3704.0,37.04,-5.1999999999999975,-4.093221382601178,-4.9528974217340425,1.1067786173988194,0.24710257826595505,-0.8596760391328644,1,1,0,0
3705,3705.0,37.05,-5.1999999999999975,-4.091404951511997,-4.9514716532899765,1.1085950484880005,0.248528346710021,-0.8600667017779795,1,1,0,0
3706,3706.0,37.06,-5.1999999999999975,-4.08914509607009,-4.951035813411873,1.1108549039299076,0.24896418658812447,-0.8618907173417831,1,1,0,0
3707,3707.0,37.07,-5.1999999999999975,-4.090089780925268,-4.951204578447113,1.1099102190747292,0.24879542155288448,-0.8611147975218447,1,1,0,0
3708,3708.0,37.08,-5.1999999999999975,-4.089978609926296,-4.950064805630152,1.110021390073702,0.24993519436984535,-0.8600861957038566,1,1,0,0
3709,3709.0,37.09,-5.1999999999999975,-4.088235084618018,-4.95016867847186,1.111764915381979,0.2498313215281378,-0.8619335938538413,1,1,0,0
3710,3710.0,37.1,-5.1999999999999975,-4.0887998090706645,-4.947947253950803,1.111200190929333,0.2520527460491948,-0.8591474448801382,1,1,0,0
3711,3711.0,37.11,-5.1999999999999975,-4.087063615056803,-4.947489739279076,1.1129363849431941,0.2525102607209213,-0.8604261242222728,1,1,0,0
3712,3712.0,37.12,-5.1999999999999975,-4.086538651897552,-4.948559092941382,1.1134613481024456,0.25144090705861544,-0.8620204410438301,1,1,0,0
3713,3713.0,37.13,-5.1999999999999975,-4.084283333955071,-4.94873348462438,1.1157166660449267,0.25126651537561795,-0.8644501506693087,1,1,0,0
3714,3714.0,37.14,-5.1999999999999975,-4.084931344564088,-4.949991524437962,1.11506865543591,0.2500084755620353,-0.8650601798738746,1,1,0,0
3715,3715.0,37.15,-5.1999999999999975,-4.086096989988265,-4.949744330544863,1.1139030100117324,0.2502556694551341,-0.8636473405565983,1,1,0,0
3716,3716.0,37.16,-5.1999999999999975,-4.090075894316319,-4.9492487888116,1.1099241056836782,0.2507512111883976,-0.8591728944952806,1,1,0,0
3717,3717.0,37.17,-5.1999999999999975,-4.090610624149039,-4.9504114263695795,1.1093893758509585,0.24958857363041798,-0.8598008022205406,1,1,0,0
3718,3718.0,37.18,-5.1999999999999975,-4.0894252255537795,-4.950589301182269,1.110574774446218,0.24941069881772826,-0.8611640756284897,1,1,0,0
3719,3719.0,37.19,-5.1999999999999975,-4.088399687055851,-4.951392842575841,1.1116003129441463,0.24860715742415618,-0.8629931555199901,1,1,0,0
3720,3720.0,37.2,-5.1999999999999975,-4.088419943694826,-4.950524121917984,1.1115800563051712,0.24947587808201366,-0.8621041782231575,1,1,0,0
3721,3721.0,37.21,-5.1999999999999975,-4.088085038043052,-4.950987625055627,1.1119149619569457,0.24901237494437023,-0.8629025870125755,1,1,0,0
3722,3722.0,37.22,-5.1999999999999975,-4.09025155877202,-4.951727790799692,1.1097484412279774,0.24827220920030513,-0.8614762320276723,1,1,0,0
3723,3723.0,37.23,-5.1999999999999975,-4.088071543147671,-4.951243578641301,1.1119284568523264,0.24875642135869658,-0.8631720354936299,1,1,0,0
3724,3724.0,37.24,-5.1999999999999975,-4.084950541953447,-4.9499564304269335,1.1150494580465509,0.25004356957306406,-0.8650058884734868,1,1,0,0
3725,3725.0,37.25,-5.1999999999999975,-4.080628185865482,-4.949519253941523,1.1193718141345155,0.25048074605847415,-0.8688910680760413,1,1,0,0
3726,3726.0,37.26,-5.1999999999999975,-4.079081837573574,-4.9505487583591945,1.120918162426424,0.249451241640803,-0.8714669207856209,1,1,0,0
3727,3727.0,37.27,-5.1999999999999975,-4.077874759439082,-4.950890007528857,1.1221252405609157,0.24910999247114063,-0.873015248089775,1,1,0,0
3728,3728.0,37.28,-5.1999999999999975,-4.074100213613432,-4.9494022627204926,1.1258997863865652,0.25059773727950496,-0.8753020491070602,1,1,0,0
3729,3729.0,37.29,-5.1999999999999975,-4.069511416003406,-4.947995499011602,1.1304885839965912,0.2520045009883951,-0.8784840830081961,1,1,0,0
3730,3730.0,37.3,-5.1999999999999975,-4.06820095011454,-4.947622779804676,1.1317990498854575,0.2523772201953216,-0.8794218296901359,1,1,0,0
3731,3731.0,37.31,-5.1999999999999975,-4.06759766797224,-4.948026346273722,1.1324023320277572,0.25197365372627534,-0.8804286783014819,1,1,0,0
3732,3732.0,37.32,-5.1999999999999975,-4.064891681982111,-4.947368108337105,1.1351083180178865,0.2526318916628929,-0.8824764263549936,1,1,0,0
3733,3733.0,37.33,-5.1999999999999975,-4.063155388467115,-4.946146316025458,1.136844611532882,0.25385368397453956,-0.8829909275583425,1,1,0,0
3734,3734.0,37.34,-5.1999999999999975,-4.061812675503638,-4.945009789382136,1.1381873244963598,0.2549902106178612,-0.8831971138784986,1,1,0,0
3735,3735.0,37.35,-5.1999999999999975,-4.060300135401938,-4.945147574560099,1.1396998645980592,0.25485242543989894,-0.8848474391581602,1,1,0,0
3736,3736.0,37.36,-5.1999999999999975,-4.057421807919471,-4.946405728504033,1.142578192080527,0.2535942714959649,-0.888983920584562,1,1,0,0
3737,3737.0,37.37,-5.1999999999999975,-4.056234332336103,-4.946243172680307,1.143765667663894,0.2537568273196902,-0.8900088403442039,1,1,0,0
3738,3738.0,37.38,-5.1999999999999975,-4.053148252965306,-4.946781271616652,1.1468517470346917,0.25321872838334514,-0.8936330186513466,1,1,0,0
3739,3739.0,37.39,-5.1999999999999975,-4.051239090489731,-4.948761706869365,1.1487609095102664,0.2512382931306325,-0.8975226163796339,1,1,0,0
3740,3740.0,37.4,-5.1999999999999975,-4.049482000136421,-4.949416401729216,1.1505179998635766,0.25058359827078114,-0.8999344015927955,1,1,0,0
3741,3741.0,37.41,-5.1999999999999975,-4.049061080090337,-4.9495384616598095,1.1509389199096605,0.25046153834018803,-0.9004773815694724,1,1,0,0
3742,3742.0,37.42,-5.1999999999999975,-4.049043003810773,-4.948850781924569,1.1509569961892243,0.25114921807542867,-0.8998077781137956,1,1,0,0
3743,3743.0,37.43,-5.1999999999999975,-4.0490525835239195,-4.949097422277338,1.150947416476078,0.2509025777226599,-0.9000448387534181,1,1,0,0
3744,3744.0,37.44,-5.1999999999999975,-4.044316662911448,-4.949312654865603,1.1556833370885498,0.25068734513439495,-0.9049959919541548,1,1,0,0
3745,3745.0,37.45,-5.1999999999999975,-4.044092413970949,-4.9495809213287485,1.1559075860290484,0.250419078671249,-0.9054885073577994,1,1,0,0
3746,3746.0,37.46,-5.1999999999999975,-4.044833980113837,-4.948388394114533,1.1551660198861606,0.25161160588546494,-0.9035544140006957,1,1,0,0
3747,3747.0,37.47,-5.1999999999999975,-4.043299108249122,-4.948720501194884,1.1567008917508756,0.2512794988051139,-0.9054213929457617,1,1,0,0
3748,3748.0,37.48,-5.1999999999999975,-4.040420926840531,-4.948079531801549,1.1595790731594668,0.25192046819844816,-0.9076586049610187,1,1,0,0
3749,3749.0,37.49,-5.1999999999999975,-4.039630432117966,-4.948016724824118,1.1603695678820314,0.2519832751758795,-0.9083862927061519,1,1,0,0
3750,3750.0,37.5,-5.1999999999999975,-4.0406601382823,-4.9479918272493535,1.1593398617176973,0.252008172750644,-0.9073316889670533,1,1,0,0
3751,3751.0,37.51,-5.1999999999999975,-4.040697509820985,-4.948649327211832,1.1593024901790123,0.25135067278816514,-0.9079518173908472,1,1,0,0
3752,3752.0,37.52,-5.1999999999999975,-4.040310107703827,-4.948093345134656,1.1596898922961705,0.2519066548653415,-0.907783237430829,1,1,0,0
3753,3753.0,37.53,-5.1999999999999975,-4.039123979759793,-4.9483901086897895,1.1608760202402042,0.25160989131020806,-0.9092661289299961,1,1,0,0
3754,3754.0,37.54,-5.1999999999999975,-4.0389162289563645,-4.948590472350051,1.161083771043633,0.2514095276499466,-0.9096742433936864,1,1,0,0
3755,3755.0,37.55,-5.1999999999999975,-4.035506877446195,-4.9471257037579015,1.1644931225538029,0.252874296242096,-0.9116188263117069,1,1,0,0
3756,3756.0,37.56,-5.1999999999999975,-4.036677368089238,-4.94883010130542,1.1633226319107592,0.2511698986945774,-0.9121527332161818,1,1,0,0
3757,3757.0,37.57,-5.1999999999999975,-4.036956754210175,-4.948226607122803,1.1630432457898223,0.2517733928771948,-0.9112698529126275,1,1,0,0
3758,3758.0,37.58,-5.1999999999999975,-4.037067293186697,-4.949331768767756,1.1629327068133009,0.25066823123224147,-0.9122644755810594,1,1,0,0
3759,3759.0,37.59,-5.1999999999999975,-4.033725612992255,-4.951939167180836,1.1662743870077428,0.2480608328191618,-0.918213554188581,1,1,0,0
3760,3760.0,37.6,-5.1999999999999975,-4.033442756229763,-4.951435620762103,1.1665572437702343,0.24856437923789443,-0.9179928645323399,1,1,0,0
3761,3761.0,37.61,-5.1999999999999975,-4.035060160046496,-4.950688624316366,1.1649398399535018,0.24931137568363138,-0.9156284642698704,1,1,0,0
3762,3762.0,37.62,-5.1999999999999975,-4.034171382446918,-4.94987899251347,1.1658286175530792,0.2501210074865279,-0.9157076100665513,1,1,0,0
3763,3763.0,37.63,-5.1999999999999975,-4.032867698371636,-4.9503448640894385,1.167132301628362,0.249655135910559,-0.9174771657178029,1,1,0,0
3764,3764.0,37.64,-5.1999999999999975,-4.031641403833883,-4.94851771673098,1.1683585961661143,0.25148228326901734,-0.9168763128970969,1,1,0,0
3765,3765.0,37.65,-5.1999999999999975,-4.032401877001775,-4.947136324465387,1.1675981229982222,0.2528636755346101,-0.9147344474636121,1,1,0,0
3766,3766.0,37.66,-5.1999999999999975,-4.031157504575217,-4.946089785486438,1.168842495424781,0.2539102145135592,-0.9149322809112217,1,1,0,0
3767,3767.0,37.67,-5.1999999999999975,-4.031639710245251,-4.9461070557409625,1.1683602897547463,0.25389294425903497,-0.9144673454957113,1,1,0,0
3768,3768.0,37.68,-5.1999999999999975,-4.030935933618459,-4.94671918499725,1.1690640663815381,0.25328081500274724,-0.9157832513787909,1,1,0,0
3769,3769.0,37.69,-5.1999999999999975,-4.029043010395902,-4.946049680421569,1.1709569896040959,0.2539503195784283,-0.9170066700256676,1,1,0,0
3770,3770.0,37.7,-5.1999999999999975,-4.029115987070276,-4.945602015771362,1.1708840129297213,0.25439798422863547,-0.9164860287010859,1,1,0,0
3771,3771.0,37.71,-5.1999999999999975,-4.028359867587415,-4.9443834422898485,1.1716401324125822,0.255616557710149,-0.9160235747024332,1,1,0,0
3772,3772.0,37.72,-5.1999999999999975,-4.028896488659841,-4.944424507516246,1.1711035113401564,0.2555754924837519,-0.9155280188564046,1,1,0,0
3773,3773.0,37.73,-5.1999999999999975,-4.026383732434762,-4.9439416207393085,1.1736162675652357,0.256058379260689,-0.9175578883045468,1,1,0,0
3774,3774.0,37.74,-5.1999999999999975,-4.025746981789014,-4.9424060105492895,1.1742530182109832,0.257593989450708,-0.9166590287602752,1,1,0,0
3775,3775.0,37.75,-5.1999999999999975,-4.027441509860254,-4.94261479424556,1.1725584901397434,0.2573852057544377,-0.9151732843853058,1,1,0,0
3776,3776.0,37.76,-5.1999999999999975,-4.025227675595696,-4.942955550024294,1.1747723244043016,0.2570444499757034,-0.9177278744285982,1,1,0,0
3777,3777.0,37.77,-5.1999999999999975,-4.024835849348592,-4.943297564990208,1.1751641506514057,0.25670243500978973,-0.9184617156416159,1,1,0,0
3778,3778.0,37.78,-5.1999999999999975,-4.025103341112715,-4.9422557797494,1.174896658887283,0.25774422025059796,-0.9171524386366849,1,1,0,0
3779,3779.0,37.79,-5.1999999999999975,-4.025539871651929,-4.94174907047683,1.174460128348069,0.2582509295231672,-0.9162091988249017,1,1,0,0
3780,3780.0,37.8,-5.1999999999999975,-4.025543778686588,-4.9424267975421445,1.1744562213134095,0.257573202457853,-0.9168830188555566,1,1,0,0
3781,3781.0,37.81,-5.1999999999999975,-4.025747149933494,-4.942511761910879,1.1742528500665035,0.2574882380891186,-0.9167646119773849,1,1,0,0
3782,3782.0,37.82,-5.1999999999999975,-4.025420349702674,-4.942811226913183,1.1745796502973231,0.2571887730868143,-0.9173908772105088,1,1,0,0
3783,3783.0,37.83,-5.1999999999999975,-4.023497482200135,-4.94203835306451,1.1765025177998627,0.2579616469354873,-0.9185408708643754,1,1,0,0
3784,3784.0,37.84,-5.1999999999999975,-4.021825849937995,-4.94180333986253,1.1781741500620022,0.2581966601374672,-0.919977489924535,1,1,0,0
3785,3785.0,37.85,-5.1999999999999975,-4.022045420872323,-4.942204181379809,1.1779545791276744,0.2577958186201883,-0.9201587605074861,1,1,0,0
3786,3786.0,37.86,-5.1999999999999975,-4.023310942272131,-4.941638460830633,1.1766890577278666,0.2583615391693641,-0.9183275185585025,1,1,0,0
3787,3787.0,37.87,-5.1999999999999975,-4.02275425545862,-4.940309925154165,1.177245744541377,0.2596900748458326,-0.9175556696955445,1,1,0,0
3788,3788.0,37.88,-5.1999999999999975,-4.022756970251949,-4.9376947526424475,1.1772430297480483,0.26230524735755,-0.9149377823904983,1,1,0,0
3789,3789.0,37.89,-5.1999999999999975,-4.023428047154139,-4.9366929395265835,1.1765719528458582,0.263307060473414,-0.9132648923724442,1,1,0,0
3790,3790.0,37.9,-5.1999999999999975,-4.023884496029192,-4.937441807318988,1.1761155039708058,0.2625581926810092,-0.9135573112897966,1,1,0,0
3791,3791.0,37.91,-5.1999999999999975,-4.021110551161089,-4.938077213285675,1.1788894488389081,0.26192278671432234,-0.9169666621245858,1,1,0,0
3792,3792.0,37.92,-5.1999999999999975,-4.022290722336348,-4.937565416930719,1.1777092776636495,0.2624345830692789,-0.9152746945943706,1,1,0,0
3793,3793.0,37.93,-5.1999999999999975,-4.021938334017555,-4.9365735258891785,1.178061665982442,0.263426474110819,-0.9146351918716231,1,1,0,0
3794,3794.0,37.94,-5.1999999999999975,-4.0196670410140545,-4.936017605905215,1.180332958985943,0.2639823940947821,-0.916350564891161,1,1,0,0
3795,3795.0,37.95,-5.1999999999999975,-4.018928596657239,-4.936979528747591,1.1810714033427585,0.2630204712524069,-0.9180509320903516,1,1,0,0
3796,3796.0,37.96,-5.1999999999999975,-4.017169683981873,-4.937537417030342,1.1828303160181246,0.26246258296965586,-0.9203677330484688,1,1,0,0
3797,3797.0,37.97,-5.1999999999999975,-4.015234237432043,-4.937577168935491,1.1847657625679542,0.2624228310645069,-0.9223429315034473,1,1,0,0
3798,3798.0,37.98,-5.1999999999999975,-4.014995443794605,-4.937380984603281,1.1850045562053921,0.2626190153967167,-0.9223855408086754,1,1,0,0
3799,3799.0,37.99,-5.1999999999999975,-4.015090439628435,-4.936694870260447,1.1849095603715627,0.26330512973955056,-0.9216044306320121,1,1,0,0
3800,3800.0,38.0,-5.1999999999999975,-4.016817085972783,-4.937017500328933,1.1831829140272143,0.2629824996710646,-0.9202004143561497,1,1,0,0
3801,3801.0,38.01,-5.1999999999999975,-4.015841321974039,-4.935312685445838,1.184158678025958,0.26468731455415995,-0.9194713634717981,1,1,0,0
3802,3802.0,38.02,-5.1999999999999975,-4.015996928788915,-4.934219324383843,1.184003071211083,0.2657806756161545,-0.9182223955949285,1,1,0,0
3803,3803.0,38.03,-5.1999999999999975,-4.0155210665014565,-4.933165920807488,1.184478933498541,0.2668340791925097,-0.9176448543060314,1,1,0,0
3804,3804.0,38.04,-5.1999999999999975,-4.0148475518561675,-4.933039213105065,1.18515244814383,0.2669607868949324,-0.9181916612488976,1,1,0,0
3805,3805.0,38.05,-5.1999999999999975,-4.011448361207743,-4.934650002728111,1.1885516387922541,0.2653499972718869,-0.9232016415203672,1,1,0,0
3806,3806.0,38.06,-5.1999999999999975,-4.012514224192034,-4.934743106462369,1.1874857758079633,0.2652568935376287,-0.9222288822703346,1,1,0,0
3807,3807.0,38.07,-5.1999999999999975,-4.012409772433616,-4.934828348134019,1.1875902275663819,0.2651716518659786,-0.9224185757004033,1,1,0,0
3808,3808.0,38.08,-5.1999999999999975,-4.012032866116851,-4.934967915767158,1.1879671338831468,0.2650320842328391,-0.9229350496503077,1,1,0,0
3809,3809.0,38.09,-5.1999999999999975,-4.009944858586664,-4.935484384012047,1.1900551414133336,0.2645156159879507,-0.9255395254253829,1,1,0,0
3810,3810.0,38.1,-5.1999999999999975,-4.010695982280651,-4.935186861973975,1.1893040177193468,0.2648131380260228,-0.924490879693324,1,1,0,0
3811,3811.0,38.11,-5.1999999999999975,-4.00777538991476,-4.934025417947375,1.1922246100852378,0.2659745820526229,-0.9262500280326149,1,1,0,0
3812,3812.0,38.12,-5.1999999999999975,-4.008428743718185,-4.9342571058317315,1.1915712562818124,0.265742894168266,-0.9258283621135464,1,1,0,0
3813,3813.0,38.13,-5.1999999999999975,-4.005382785707366,-4.933436571986639,1.1946172142926317,0.26656342801335864,-0.928053786279273,1,1,0,0
3814,3814.0,38.14,-5.1999999999999975,-4.005871344315677,-4.933925038900619,1.1941286556843203,0.26607496109937845,-0.9280536945849418,1,1,0,0
3815,3815.0,38.15,-5.1999999999999975,-4.005591004448543,-4.933808386598151,1.1944089955514547,0.2661916134018467,-0.928217382149608,1,1,0,0
3816,3816.0,38.16,-5.1999999999999975,-4.0064382889849535,-4.9325008981049265,1.193561711015044,0.267499101895071,-0.9260626091199731,1,1,0,0
3817,3817.0,38.17,-5.1999999999999975,-4.006959352133216,-4.933065940093086,1.1930406478667814,0.26693405990691144,-0.92610658795987,1,1,0,0
3818,3818.0,38.18,-5.1999999999999975,-4.006934914347657,-4.931857013272878,1.1930650856523402,0.26814298672711967,-0.9249220989252205,1,1,0,0
3819,3819.0,38.19,-5.1999999999999975,-4.005480918609438,-4.931976957223677,1.1945190813905597,0.2680230427763206,-0.9264960386142391,1,1,0,0
3820,3820.0,38.2,-5.1999999999999975,-4.005287437656607,-4.931172523145554,1.1947125623433905,0.26882747685444386,-0.9258850854889467,1,1,0,0
3821,3821.0,38.21,-5.1999999999999975,-4.004510681092646,-4.931420307445987,1.1954893189073514,0.2685796925540105,-0.926909626353341,1,1,0,0
3822,3822.0,38.22,-5.1999999999999975,-4.005858837474991,-4.931886329459787,1.194141162525007,0.2681136705402105,-0.9260274919847964,1,1,0,0
3823,3823.0,38.23,-5.1999999999999975,-4.005517264105291,-4.931545866422237,1.1944827358947068,0.2684541335777606,-0.9260286023169462,1,1,0,0
3824,3824.0,38.24,-5.1999999999999975,-4.005687185834605,-4.929761098283125,1.194312814165393,0.2702389017168727,-0.9240739124485202,1,1,0,0
3825,3825.0,38.25,-5.1999999999999975,-4.005348395506054,-4.9274706248804225,1.1946516044939433,0.272529375119575,-0.9221222293743683,1,1,0,0
3826,3826.0,38.26,-5.1999999999999975,-4.005287324391697,-4.927843927243049,1.1947126756083009,0.27215607275694875,-0.9225566028513521,1,1,0,0
3827,3827.0,38.27,-5.1999999999999975,-4.003987497417682,-4.927887408562412,1.1960125025823158,0.2721125914375859,-0.9238999111447299,1,1,0,0
3828,3828.0,38.28,-5.1999999999999975,-4.002707016656062,-4.926419401128312,1.1972929833439352,0.2735805988716855,-0.9237123844722497,1,1,0,0
3829,3829.0,38.29,-5.1999999999999975,-4.004245112314542,-4.924103577580354,1.1957548876854558,0.2758964224196436,-0.9198584652658122,1,1,0,0
3830,3830.0,38.3,-5.1999999999999975,-4.005456019155211,-4.923313780959346,1.1945439808447862,0.27668621904065116,-0.917857761804135,1,1,0,0
3831,3831.0,38.31,-5.1999999999999975,-4.004153449440997,-4.922827773391026,1.1958465505590006,0.2771722266089718,-0.9186743239500288,1,1,0,0
3832,3832.0,38.32,-5.1999999999999975,-4.00430291905199,-4.923786177821851,1.1956970809480074,0.2762138221781463,-0.9194832587698611,1,1,0,0
3833,3833.0,38.33,-5.1999999999999975,-4.004525714892348,-4.923055939063426,1.1954742851076494,0.27694406093657165,-0.9185302241710778,1,1,0,0
3834,3834.0,38.34,-5.1999999999999975,-4.004804558102101,-4.922808896801316,1.195195441897897,0.2771911031986818,-0.9180043386992152,1,1,0,0
3835,3835.0,38.35,-5.1999999999999975,-4.005440923133621,-4.922392575372009,1.1945590768663763,0.2776074246279885,-0.9169516522383878,1,1,0,0
3836,3836.0,38.36,-5.1999999999999975,-4.004202184884177,-4.92220653905744,1.1957978151158208,0.27779346094255786,-0.918004354173263,1,1,0,0
3837,3837.0,38.37,-5.1999999999999975,-4.006496827364885,-4.922816081167042,1.1935031726351122,0.27718391883295546,-0.9163192538021567,1,1,0,0
3838,3838.0,38.38,-5.1999999999999975,-4.005893799343572,-4.922669398391922,1.1941062006564254,0.27733060160807543,-0.9167755990483499,1,1,0,0
3839,3839.0,38.39,-5.1999999999999975,-4.0055868051888375,-4.921835669435247,1.19441319481116,0.2781643305647501,-0.9162488642464099,1,1,0,0
3840,3840.0,38.4,-5.1999999999999975,-4.005061605031829,-4.921252191248551,1.194938394968169,0.27874780875144634,-0.9161905862167226,1,1,0,0
3841,3841.0,38.41,-5.1999999999999975,-4.005738783982104,-4.920746700979456,1.1942612160178934,0.2792532990205414,-0.915007916997352,1,1,0,0
3842,3842.0,38.42,-5.1999999999999975,-4.003848936587378,-4.922280611940504,1.1961510634126196,0.27771938805949326,-0.9184316753531263,1,1,0,0
3843,3843.0,38.43,-5.1999999999999975,-4.003490869905108,-4.922017643604647,1.1965091300948894,0.2779823563953503,-0.9185267736995391,1,1,0,0
3844,3844.0,38.44,-5.1999999999999975,-4.005010372458652,-4.922629879047632,1.1949896275413456,0.2773701209523658,-0.9176195065889798,1,1,0,0
3845,3845.0,38.45,-5.1999999999999975,-4.004155055453523,-4.923012938660484,1.195844944546475,0.2769870613395131,-0.9188578832069618,1,1,0,0
3846,3846.0,38.46,-5.1999999999999975,-4.003666208604371,-4.925018764160487,1.1963337913956265,0.27498123583951095,-0.9213525555561155,1,1,0,0
3847,3847.0,38.47,-5.1999999999999975,-4.005267318999815,-4.924214302817118,1.1947326810001826,0.2757856971828794,-0.9189469838173032,1,1,0,0
3848,3848.0,38.48,-5.1999999999999975,-4.005371741235466,-4.923225716971119,1.1946282587645314,0.2767742830288782,-0.9178539757356532,1,1,0,0
3849,3849.0,38.49,-5.1999999999999975,-4.002240848644554,-4.923661091573568,1.1977591513554433,0.27633890842642916,-0.9214202429290141,1,1,0,0
3850,3850.0,38.5,-5.1999999999999975,-4.002303320735557,-4.923063829782947,1.1976966792644408,0.2769361702170503,-0.9207605090473905,1,1,0,0
3851,3851.0,38.51,-5.1999999999999975,-4.00281300024117,-4.92316438498894,1.1971869997588271,0.27683561501105736,-0.9203513847477698,1,1,0,0
3852,3852.0,38.52,-5.1999999999999975,-4.003133597178815,-4.923194513710228,1.1968664028211826,0.27680548628976975,-0.9200609165314129,1,1,0,0
3853,3853.0,38.53,-5.1999999999999975,-3.9998429379918115,-4.924065734860966,1.200157062008186,0.2759342651390311,-0.924222796869155,1,1,0,0
3854,3854.0,38.54,-5.1999999999999975,-4.000540992298578,-4.924613833497231,1.199459007701419,0.27538616650276637,-0.9240728411986527,1,1,0,0
3855,3855.0,38.55,-5.1999999999999975,-4.0014767231284445,-4.924071473402361,1.198523276871553,0.2759285265976361,-0.9225947502739169,1,1,0,0
3856,3856.0,38.56,-5.1999999999999975,-4.001626693186445,-4.9239531596301065,1.1983733068135525,0.276046840369891,-0.9223264664436615,1,1,0,0
3857,3857.0,38.57,-5.1999999999999975,-3.9983816831389665,-4.92340554660947,1.201618316861031,0.27659445339052713,-0.9250238634705039,1,1,0,0
3858,3858.0,38.58,-5.1999999999999975,-3.999167387635618,-4.923590814034508,1.2008326123643793,0.27640918596548936,-0.92442342639889,1,1,0,0
3859,3859.0,38.59,-5.1999999999999975,-3.9991676266404528,-4.9239307960599525,1.2008323733595447,0.27606920394004497,-0.9247631694194998,1,1,0,0
3860,3860.0,38.6,-5.1999999999999975,-3.999231725712409,-4.923143077936849,1.2007682742875887,0.27685692206314894,-0.9239113522244398,1,1,0,0
3861,3861.0,38.61,-5.1999999999999975,-3.9993035341576677,-4.9211406206510455,1.2006964658423298,0.278859379348952,-0.9218370864933778,1,1,0,0
3862,3862.0,38.62,-5.1999999999999975,-4.000834163403231,-4.919687586696746,1.1991658365967668,0.2803124133032515,-0.9188534232935153,1,1,0,0
3863,3863.0,38.63,-5.1999999999999975,-3.9995292098405506,-4.91996690514688,1.200470790159447,0.2800330948531178,-0.9204376953063291,1,1,0,0
3864,3864.0,38.64,-5.1999999999999975,-4.001183544627366,-4.91981591040649,1.198816455372632,0.28018408959350793,-0.918632365779124,1,1,0,0
3865,3865.0,38.65,-5.1999999999999975,-4.001653525334915,-4.918530923713889,1.1983464746650823,0.2814690762861085,-0.9168773983789738,1,1,0,0
3866,3866.0,38.66,-5.1999999999999975,-4.002381305071518,-4.91878569524419,1.1976186949284795,0.28121430475580755,-0.916404390172672,1,1,0,0
3867,3867.0,38.67,-5.1999999999999975,-4.005562763424304,-4.921376147654791,1.194437236575694,0.2786238523452065,-0.9158133842304874,1,1,0,0
3868,3868.0,38.68,-5.1999999999999975,-4.00585652937205,-4.922302549577128,1.1941434706279477,0.27769745042286953,-0.9164460202050781,1,1,0,0
3869,3869.0,38.69,-5.1999999999999975,-4.0078799834574,-4.923697581583621,1.1921200165425976,0.2763024184163765,-0.9158175981262211,1,1,0,0
3870,3870.0,38.7,-5.1999999999999975,-4.00853241443218,-4.922938308690505,1.1914675855678176,0.2770616913094921,-0.9144058942583255,1,1,0,0
3871,3871.0,38.71,-5.1999999999999975,-4.0084212640440064,-4.923349634518941,1.191578735955991,0.27665036548105615,-0.9149283704749349,1,1,0,0
3872,3872.0,38.72,-5.1999999999999975,-4.008439314042569,-4.9231507311238865,1.1915606859574286,0.27684926887611105,-0.9147114170813175,1,1,0,0
3873,3873.0,38.73,-5.1999999999999975,-4.010436875656371,-4.923068649802998,1.1895631243436267,0.27693135019699966,-0.912631774146627,1,1,0,0
3874,3874.0,38.74,-5.1999999999999975,-4.0094422447192475,-4.9238406936704,1.19055775528075,0.27615930632959795,-0.9143984489511521,1,1,0,0
3875,3875.0,38.75,-5.1999999999999975,-4.007976977449392,-4.923068614618949,1.1920230225506057,0.2769313853810482,-0.9150916371695574,1,1,0,0
3876,3876.0,38.76,-5.1999999999999975,-4.008051552216365,-4.922310310338059,1.1919484477836324,0.27768968966193874,-0.9142587581216937,1,1,0,0
3877,3877.0,38.77,-5.1999999999999975,-4.007949248569918,-4.921736020552447,1.192050751430079,0.27826397944755055,-0.9137867719825286,1,1,0,0
3878,3878.0,38.78,-5.1999999999999975,-4.006764203651438,-4.921696208536879,1.1932357963485591,0.27830379146311834,-0.9149320048854408,1,1,0,0
3879,3879.0,38.79,-5.1999999999999975,-4.004745655554485,-4.923714439834845,1.1952543444455124,0.27628556016515216,-0.9189687842803602,1,1,0,0
3880,3880.0,38.8,-5.1999999999999975,-4.003115568024978,-4.923646326818059,1.1968844319750191,0.27635367318193893,-0.9205307587930802,1,1,0,0
3881,3881.0,38.81,-5.1999999999999975,-4.002796498777652,-4.924122504256785,1.1972035012223454,0.2758774957432122,-0.9213260054791332,1,1,0,0
3882,3882.0,38.82,-5.1999999999999975,-4.001386409165197,-4.924450404076671,1.1986135908348006,0.2755495959233265,-0.9230639949114741,1,1,0,0
3883,3883.0,38.83,-5.1999999999999975,-3.9985226761854173,-4.926617495140479,1.2014773238145802,0.2733825048595184,-0.9280948189550617,1,1,0,0
3884,3884.0,38.84,-5.1999999999999975,-3.997229327805397,-4.926580506099022,1.2027706721946005,0.27341949390097575,-0.9293511782936248,1,1,0,0
3885,3885.0,38.85,-5.1999999999999975,-3.995771211053356,-4.925144271201098,1.2042287889466414,0.2748557287988991,-0.9293730601477423,1,1,0,0
3886,3886.0,38.86,-5.1999999999999975,-3.995174864483326,-4.92532899623372,1.2048251355166717,0.2746710037662776,-0.9301541317503941,1,1,0,0
3887,3887.0,38.87,-5.1999999999999975,-3.993914185160713,-4.925686773669517,1.2060858148392843,0.27431322633048083,-0.9317725885088035,1,1,0,0
3888,3888.0,38.88,-5.1999999999999975,-3.9918217264109,-4.925744708565941,1.2081782735890974,0.2742552914340566,-0.9339229821550408,1,1,0,0
3889,3889.0,38.89,-5.1999999999999975,-3.9910776058168658,-4.9249193935593745,1.2089223941831317,0.27508060644062304,-0.9338417877425087,1,1,0,0
3890,3890.0,38.9,-5.1999999999999975,-3.989397985240003,-4.925627667650075,1.2106020147599943,0.2743723323499223,-0.936229682410072,1,1,0,0
3891,3891.0,38.91,-5.1999999999999975,-3.9896098255471757,-4.926155633513724,1.2103901744528218,0.27384436648627375,-0.9365458079665481,1,1,0,0
3892,3892.0,38.92,-5.1999999999999975,-3.9879669907147086,-4.925053228729875,1.212033009285289,0.27494677127012235,-0.9370862380151666,1,1,0,0
3893,3893.0,38.93,-5.1999999999999975,-3.986272342953909,-4.924053253651531,1.2137276570460886,0.27594674634846683,-0.9377809106976218,1,1,0,0
3894,3894.0,38.94,-5.1999999999999975,-3.986649084766698,-4.9227887465033415,1.2133509152332995,0.277211253496656,-0.9361396617366435,1,1,0,0
3895,3895.0,38.95,-5.1999999999999975,-3.98575102501823,-4.922850810447509,1.2142489749817673,0.2771491895524889,-0.9370997854292784,1,1,0,0
3896,3896.0,38.96,-5.1999999999999975,-3.9856708906409257,-4.923371307694348,1.2143291093590718,0.2766286923056498,-0.937700417053422,1,1,0,0
3897,3897.0,38.97,-5.1999999999999975,-3.984089625523793,-4.921152098636209,1.2159103744762043,0.2788479013637888,-0.9370624731124155,1,1,0,0
3898,3898.0,38.98,-5.1999999999999975,-3.9839408160300978,-4.919697631472711,1.2160591839698998,0.28030236852728674,-0.935756815442613,1,1,0,0
3899,3899.0,38.99,-5.1999999999999975,-3.9843461826429203,-4.917956023995504,1.2156538173570772,0.28204397600449393,-0.9336098413525833,1,1,0,0
3900,3900.0,39.0,-5.1999999999999975,-3.985940916700348,-4.918111769265292,1.2140590832996496,0.2818882307347055,-0.9321708525649441,1,1,0,0
3901,3901.0,39.01,-5.1999999999999975,-3.984502857692036,-4.917648481204425,1.2154971423079615,0.2823515187955721,-0.9331456235123894,1,1,0,0
3902,3902.0,39.02,-5.1999999999999975,-3.9849382357458856,-4.91592095162812,1.215061764254112,0.28407904837187736,-0.9309827158822346,1,1,0,0
3903,3903.0,39.03,-5.1999999999999975,-3.9876755267556425,-4.916771867636606,1.212324473244355,0.2832281323633916,-0.9290963408809634,1,1,0,0
3904,3904.0,39.04,-5.1999999999999975,-3.9879012881186577,-4.919148723078369,1.2120987118813398,0.2808512769216289,-0.9312474349597109,1,1,0,0
3905,3905.0,39.05,-5.1999999999999975,-3.9857897910353604,-4.919743994198395,1.2142102089646372,0.28025600580160237,-0.9339542031630348,1,1,0,0
3906,3906.0,39.06,-5.1999999999999975,-3.9856780696358434,-4.918000374210371,1.2143219303641541,0.28199962578962623,-0.9323223045745279,1,1,0,0
3907,3907.0,39.07,-5.1999999999999975,-3.9845431103257614,-4.917030252525546,1.2154568896742362,0.2829697474744517,-0.9324871421997845,1,1,0,0
3908,3908.0,39.08,-5.1999999999999975,-3.9827935123313023,-4.917805368791503,1.2172064876686952,0.28219463120849486,-0.9350118564602004,1,1,0,0
3909,3909.0,39.09,-5.1999999999999975,-3.9820127202871807,-4.917801861565657,1.2179872797128168,0.2821981384343406,-0.9357891412784762,1,1,0,0
3910,3910.0,39.1,-5.1999999999999975,-3.981235839594749,-4.918182267346922,1.2187641604052484,0.2818177326530753,-0.9369464277521731,1,1,0,0
3911,3911.0,39.11,-5.1999999999999975,-3.982125936455903,-4.919035030431125,1.2178740635440946,0.2809649695688723,-0.9369090939752223,1,1,0,0
3912,3912.0,39.12,-5.1999999999999975,-3.982617030622377,-4.918942760303694,1.2173829693776206,0.28105723969630336,-0.9363257296813172,1,1,0,0
3913,3913.0,39.13,-5.1999999999999975,-3.98292337356501,-4.919778787850115,1.2170766264349875,0.2802212121498826,-0.9368554142851049,1,1,0,0
3914,3914.0,39.14,-5.1999999999999975,-3.9810194807737935,-4.919305148547063,1.218980519226204,0.2806948514529344,-0.9382856677732696,1,1,0,0
3915,3915.0,39.15,-5.1999999999999975,-3.9815452755799727,-4.9202451586796245,1.2184547244200248,0.279754841320373,-0.9386998830996518,1,1,0,0
3916,3916.0,39.16,-5.1999999999999975,-3.9818735223666435,-4.919369212646523,1.218126477633354,0.28063078735347435,-0.9374956902798797,1,1,0,0
3917,3917.0,39.17,-5.1999999999999975,-3.982022284841307,-4.919407706894244,1.2179777151586904,0.2805922931057534,-0.937385422052937,1,1,0,0
3918,3918.0,39.18,-5.1999999999999975,-3.981352161584224,-4.919424110542311,1.2186478384157735,0.28057588945768686,-0.9380719489580867,1,1,0,0
3919,3919.0,39.19,-5.1999999999999975,-3.9808219579385717,-4.920178249135384,1.2191780420614258,0.27982175086461325,-0.9393562911968125,1,1,0,0
3920,3920.0,39.2,-5.1999999999999975,-3.979406226104646,-4.922061363790309,1.2205937738953514,0.2779386362096883,-0.9426551376856631,1,1,0,0
3921,3921.0,39.21,-5.1999999999999975,-3.9794300724519487,-4.921879917715153,1.2205699275480488,0.2781200822848442,-0.9424498452632046,1,1,0,0
3922,3922.0,39.22,-5.1999999999999975,-3.97739811639571,-4.921234546747948,1.2226018836042876,0.27876545325204916,-0.9438364303522384,1,1,0,0
3923,3923.0,39.23,-5.1999999999999975,-3.976737953446706,-4.921302892329239,1.2232620465532915,0.2786971076707587,-0.9445649388825328,1,1,0,0
3924,3924.0,39.24,-5.1999999999999975,-3.975016611257599,-4.921503611843123,1.2249833887423986,0.2784963881568743,-0.9464870005855244,1,1,0,0
3925,3925.0,39.25,-5.1999999999999975,-3.9728925125754424,-4.922050734829534,1.227107487424555,0.2779492651704638,-0.9491582222540913,1,1,0,0
3926,3926.0,39.26,-5.1999999999999975,-3.972947695758375,-4.921899811068353,1.2270523042416226,0.2781001889316448,-0.9489521153099778,1,1,0,0
3927,3927.0,39.27,-5.1999999999999975,-3.971240328398667,-4.922522341220013,1.2287596716013307,0.27747765877998454,-0.9512820128213462,1,1,0,0
3928,3928.0,39.28,-5.1999999999999975,-3.970103207177652,-4.924359744000082,1.2298967928223457,0.2756402559999156,-0.9542565368224301,1,1,0,0
3929,3929.0,39.29,-5.1999999999999975,-3.968235018220231,-4.924402306606108,1.2317649817797665,0.2755976933938893,-0.9561672883858772,1,1,0,0
3930,3930.0,39.3,-5.1999999999999975,-3.9679776840697447,-4.9240503411495915,1.2320223159302528,0.275949658850406,-0.9560726570798468,1,1,0,0
3931,3931.0,39.31,-5.1999999999999975,-3.968431320502295,-4.922152745922613,1.2315686794977023,0.2778472540773844,-0.9537214254203179,1,1,0,0
3932,3932.0,39.32,-5.1999999999999975,-3.968205702029557,-4.922104792904955,1.2317942979704406,0.27789520709504245,-0.9538990908753981,1,1,0,0
3933,3933.0,39.33,-5.1999999999999975,-3.9663948396225877,-4.921847901175027,1.2336051603774099,0.27815209882497083,-0.955453061552439,1,1,0,0
3934,3934.0,39.34,-5.1999999999999975,-3.965056981860483,-4.918950296527107,1.2349430181395147,0.28104970347289093,-0.9538933146666237,1,1,0,0
3935,3935.0,39.35,-5.1999999999999975,-3.963771507063973,-4.917711287714425,1.2362284929360245,0.2822887122855722,-0.9539397806504524,1,1,0,0
3936,3936.0,39.36,-5.1999999999999975,-3.965096256228188,-4.918057038050691,1.2349037437718096,0.2819429619493068,-0.9529607818225028,1,1,0,0
3937,3937.0,39.37,-5.1999999999999975,-3.963872735078044,-4.917992478338504,1.2361272649219535,0.2820075216614937,-0.9541197432604598,1,1,0,0
3938,3938.0,39.38,-5.1999999999999975,-3.9632165623352553,-4.91770189478779,1.2367834376647422,0.2822981052122078,-0.9544853324525344,1,1,0,0
3939,3939.0,39.39,-5.1999999999999975,-3.962331152907009,-4.9167792615069175,1.2376688470929884,0.28322073849308005,-0.9544481085999084,1,1,0,0
3940,3940.0,39.4,-5.1999999999999975,-3.9625259476472694,-4.918311634088317,1.2374740523527281,0.28168836591168045,-0.9557856864410477,1,1,0,0
3941,3941.0,39.41,-5.1999999999999975,-3.9636410647327227,-4.9186596291877605,1.2363589352672748,0.28134037081223706,-0.9550185644550377,1,1,0,0
3942,3942.0,39.42,-5.1999999999999975,-3.9637664625131697,-4.91874366654308,1.2362335374868278,0.28125633345691714,-0.9549772040299107,1,1,0,0
3943,3943.0,39.43,-5.1999999999999975,-3.9635561103718184,-4.916111216226964,1.236443889628179,0.2838887837730333,-0.9525551058551458,1,1,0,0
3944,3944.0,39.44,-5.1999999999999975,-3.964173970424905,-4.916747266268314,1.2358260295750925,0.28325273373168347,-0.952573295843409,1,1,0,0
3945,3945.0,39.45,-5.1999999999999975,-3.96524382977677,-4.917407380840646,1.2347561702232275,0.2825926191593515,-0.952163551063876,1,1,0,0
3946,3946.0,39.46,-5.1999999999999975,-3.968417742815075,-4.91744746652767,1.2315822571849226,0.28255253347232756,-0.9490297237125951,1,1,0,0
3947,3947.0,39.47,-5.1999999999999975,-3.9699112775348713,-4.917496262936545,1.2300887224651262,0.2825037370634522,-0.947584985401674,1,1,0,0
3948,3948.0,39.48,-5.1999999999999975,-3.9705747698429428,-4.9165043002142035,1.2294252301570547,0.28349569978579403,-0.9459295303712607,1,1,0,0
3949,3949.0,39.49,-5.1999999999999975,-3.9714889100145556,-4.917180944829808,1.228511089985442,0.28281905517018924,-0.9456920348152527,1,1,0,0
3950,3950.0,39.5,-5.1999999999999975,-3.972307022531296,-4.918228986206098,1.2276929774687013,0.28177101379389935,-0.945921963674802,1,1,0,0
3951,3951.0,39.51,-5.1999999999999975,-3.9744684451200425,-4.917354933008333,1.225531554879955,0.28264506699166425,-0.9428864878882908,1,1,0,0
3952,3952.0,39.52,-5.1999999999999975,-3.976027458496929,-4.9186976166875365,1.2239725415030684,0.28130238331246105,-0.9426701581906074,1,1,0,0
3953,3953.0,39.53,-5.1999999999999975,-3.976608721299584,-4.918621692317462,1.2233912787004133,0.2813783076825356,-0.9420129710178777,1,1,0,0
3954,3954.0,39.54,-5.1999999999999975,-3.9780472329913934,-4.918868062799742,1.2219527670086041,0.2811319372002554,-0.9408208298083487,1,1,0,0
3955,3955.0,39.55,-5.1999999999999975,-3.978365541703016,-4.918999532434533,1.2216344582969816,0.28100046756546426,-0.9406339907315173,1,1,0,0
3956,3956.0,39.56,-5.1999999999999975,-3.979854709378565,-4.918492740883713,1.2201452906214327,0.2815072591162844,-0.9386380315051484,1,1,0,0
3957,3957.0,39.57,-5.1999999999999975,-3.98216615145517,-4.919606487864329,1.2178338485448275,0.2803935121356682,-0.9374403364091592,1,1,0,0
3958,3958.0,39.58,-5.1999999999999975,-3.983763127536282,-4.91844262920691,1.2162368724637154,0.2815573707930872,-0.9346795016706282,1,1,0,0
3959,3959.0,39.59,-5.1999999999999975,-3.985546377990959,-4.918056877647839,1.2144536220090387,0.2819431223521587,-0.93251049965688,1,1,0,0
3960,3960.0,39.6,-5.1999999999999975,-3.9870004802830286,-4.918171634589666,1.212999519716969,0.2818283654103313,-0.9311711543066377,1,1,0,0
3961,3961.0,39.61,-5.1999999999999975,-3.9892775061485657,-4.918205382494597,1.2107224938514318,0.28179461750540025,-0.9289278763460316,1,1,0,0
3962,3962.0,39.62,-5.1999999999999975,-3.991536574853834,-4.918639879721377,1.2084634251461637,0.28136012027862023,-0.9271033048675434,1,1,0,0
3963,3963.0,39.63,-5.1999999999999975,-3.992830452979844,-4.918152990502527,1.2071695470201536,0.2818470094974703,-0.9253225375226832,1,1,0,0
3964,3964.0,39.64,-5.1999999999999975,-3.994379403378744,-4.918798154849175,1.2056205966212534,0.28120184515082247,-0.924418751470431,1,1,0,0
3965,3965.0,39.65,-5.1999999999999975,-3.9968276186838665,-4.92195318525322,1.203172381316131,0.2780468147467774,-0.9251255665693536,1,1,0,0
3966,3966.0,39.66,-5.1999999999999975,-3.999504052567864,-4.922318860469601,1.2004959474321337,0.2776811395303964,-0.9228148079017373,1,1,0,0
3967,3967.0,39.67,-5.1999999999999975,-4.0021312201758565,-4.921275428616604,1.197868779824141,0.27872457138339346,-0.9191442084407475,1,1,0,0
3968,3968.0,39.68,-5.1999999999999975,-4.005091397394983,-4.920494220242887,1.1949086026050146,0.2795057797571108,-0.9154028228479039,1,1,0,0
3969,3969.0,39.69,-5.1999999999999975,-4.0077972280460274,-4.920635400662351,1.19220277195397,0.27936459933764635,-0.9128381726163237,1,1,0,0
3970,3970.0,39.7,-5.1999999999999975,-4.010038061622145,-4.9205860949896305,1.1899619383778521,0.279413905010367,-0.9105480333674851,1,1,0,0
3971,3971.0,39.71,-5.1999999999999975,-4.013469396549172,-4.920003232211746,1.1865306034508256,0.27999676778825133,-0.9065338356625743,1,1,0,0
3972,3972.0,39.72,-5.1999999999999975,-4.017219808119293,-4.918765889551447,1.1827801918807044,0.2812341104485503,-0.9015460814321541,1,1,0,0
3973,3973.0,39.73,-5.1999999999999975,-4.020122085164728,-4.9203001090477345,1.1798779148352692,0.279699890952263,-0.9001780238830062,1,1,0,0
3974,3974.0,39.74,-5.1999999999999975,-4.023229148029895,-4.920864526771533,1.1767708519701028,0.27913547322846455,-0.8976353787416382,1,1,0,0
3975,3975.0,39.75,-5.1999999999999975,-4.027303737169683,-4.920504386123812,1.1726962628303141,0.27949561387618527,-0.8932006489541289,1,1,0,0
3976,3976.0,39.76,-5.1999999999999975,-4.0320144304581005,-4.920577132113793,1.167985569541897,0.2794228678862041,-0.888562701655693,1,1,0,0
3977,3977.0,39.77,-5.1999999999999975,-4.036787573248054,-4.922124475710128,1.1632124267519437,0.27787552428986917,-0.8853369024620745,1,1,0,0
3978,3978.0,39.78,-5.1999999999999975,-4.04126923105073,-4.922625001530309,1.1587307689492672,0.27737499846968827,-0.8813557704795789,1,1,0,0
3979,3979.0,39.79,-5.1999999999999975,-4.045112466274683,-4.923219402101574,1.1548875337253142,0.2767805978984237,-0.8781069358268905,1,1,0,0
3980,3980.0,39.8,-5.1999999999999975,-4.04979946482631,-4.921889656117636,1.1502005351736875,0.27811034388236155,-0.8720901912913259,1,1,0,0
3981,3981.0,39.81,-5.1999999999999975,-4.053826117831174,-4.923152601153726,1.1461738821688234,0.27684739884627163,-0.8693264833225518,1,1,0,0
3982,3982.0,39.82,-5.1999999999999975,-4.0577224656873385,-4.923405106717674,1.142277534312659,0.2765948932823239,-0.8656826410303351,1,1,0,0
3983,3983.0,39.83,-5.1999999999999975,-4.061742096314663,-4.923534093929843,1.1382579036853349,0.27646590607015487,-0.86179199761518,1,1,0,0
3984,3984.0,39.84,-5.1999999999999975,-4.065730603441307,-4.923022881000871,1.1342693965586905,0.2769771189991266,-0.8572922775595639,1,1,0,0
3985,3985.0,39.85,-5.1999999999999975,-4.068901247157074,-4.9231768920258645,1.1310987528429237,0.276823107974133,-0.8542756448687907,1,1,0,0
3986,3986.0,39.86,-5.1999999999999975,-4.072812245320521,-4.923396771841201,1.1271877546794764,0.27660322815879645,-0.85058452652068,1,1,0,0
3987,3987.0,39.87,-5.1999999999999975,-4.076094540068268,-4.923413070162683,1.1239054599317297,0.2765869298373147,-0.847318530094415,1,1,0,0
3988,3988.0,39.88,-5.1999999999999975,-4.0794036197484775,-4.924538546719484,1.12059638025152,0.2754614532805135,-0.8451349269710065,1,1,0,0
3989,3989.0,39.89,-5.1999999999999975,-4.083327903164036,-4.923790553668444,1.1166720968359618,0.27620944633155364,-0.8404626505044082,1,1,0,0
3990,3990.0,39.9,-5.1999999999999975,-4.087167142519265,-4.922785849026396,1.1128328574807327,0.27721415097360147,-0.8356187065071312,1,1,0,0
3991,3991.0,39.91,-5.1999999999999975,-4.090650198847562,-4.922091978357021,1.1093498011524359,0.27790802164297634,-0.8314417795094595,1,1,0,0
3992,3992.0,39.92,-5.1999999999999975,-4.094509546227154,-4.922220291496118,1.1054904537728438,0.27777970850387934,-0.8277107452689645,1,1,0,0
3993,3993.0,39.93,-5.1999999999999975,-4.0980326213540925,-4.922108655115511,1.101967378645905,0.27789134488448664,-0.8240760337614184,1,1,0,0
3994,3994.0,39.94,-5.1999999999999975,-4.1013640112309115,-4.921978596562088,1.098635988769086,0.2780214034379096,-0.8206145853311764,1,1,0,0
3995,3995.0,39.95,-5.1999999999999975,-4.105094954529146,-4.921249456697003,1.0949050454708518,0.2787505433029942,-0.8161545021678576,1,1,0,0
3996,3996.0,39.96,-5.1999999999999975,-4.1082403621154375,-4.921300120384383,1.09175963788456,0.2786998796156146,-0.8130597582689454,1,1,0,0
3997,3997.0,39.97,-5.1999999999999975,-4.111959612353977,-4.922551096131931,1.0880403876460205,0.2774489038680663,-0.8105914837779542,1,1,0,0
3998,3998.0,39.98,-5.1999999999999975,-4.115305784203888,-4.922974356923834,1.0846942157961097,0.27702564307616395,-0.8076685727199457,1,1,0,0
3999,3999.0,39.99,-5.1999999999999975,-4.118344603797812,-4.9241543546077535,1.0816553962021853,0.275845645392244,-0.8058097508099413,1,1,0,0
4000,4000.0,40.0,-5.1999999999999975,-4.121573449165029,-4.924685313744123,1.0784265508349682,0.2753146862558742,-0.803111864579094,1,1,0,0
4001,4001.0,40.01,-5.1999999999999975,-4.1249069409687635,-4.924335874736347,1.075093059031234,0.2756641252636509,-0.7994289337675831,1,1,0,0
4002,4002.0,40.02,-5.1999999999999975,-4.127897135317576,-4.925557689938987,1.0721028646824218,0.2744423100610103,-0.7976605546214115,1,1,0,0
4003,4003.0,40.03,-5.1999999999999975,-4.130095073803565,-4.926454360160667,1.0699049261964326,0.27354563983933033,-0.7963592863571023,1,1,0,0
4004,4004.0,40.04,-5.1999999999999975,-4.133412299052024,-4.92598618058838,1.0665877009479736,0.27401381941161773,-0.7925738815363559,1,1,0,0
4005,4005.0,40.05,-5.1999999999999975,-4.137562053620477,-4.925327098539032,1.0624379463795206,0.27467290146096524,-0.7877650449185554,1,1,0,0
4006,4006.0,40.06,-5.1999999999999975,-4.141328367822775,-4.92513401492833,1.058671632177223,0.27486598507166793,-0.783805647105555,1,1,0,0
4007,4007.0,40.07,-5.1999999999999975,-4.14538587741217,-4.923078019016234,1.0546141225878278,0.2769219809837633,-0.7776921416040645,1,1,0,0
4008,4008.0,40.08,-5.1999999999999975,-4.1491145205033195,-4.922737684892761,1.050885479496678,0.27726231510723665,-0.7736231643894413,1,1,0,0
4009,4009.0,40.09,-5.1999999999999975,-4.153662517764954,-4.922061054947998,1.0463374822350433,0.2779389450519991,-0.7683985371830442,1,1,0,0
4010,4010.0,40.1,-5.1999999999999975,-4.158585722775671,-4.922328401479036,1.0414142772243267,0.27767159852096146,-0.7637426787033652,1,1,0,0
4011,4011.0,40.11,-5.1999999999999975,-4.163203100407858,-4.922723555740028,1.0367968995921393,0.2772764442599698,-0.7595204553321695,1,1,0,0
4012,4012.0,40.12,-5.1999999999999975,-4.168075654490563,-4.922275424653641,1.0319243455094345,0.2777245753463564,-0.754199770163078,1,1,0,0
4013,4013.0,40.13,-5.1999999999999975,-4.173198747637024,-4.923681881943115,1.026801252362974,0.27631811805688233,-0.7504831343060916,1,1,0,0
4014,4014.0,40.14,-5.1999999999999975,-4.178864151508851,-4.924898247349794,1.0211358484911468,0.27510175265020376,-0.746034095840943,1,1,0,0
4015,4015.0,40.15,-5.1999999999999975,-4.1843914995986085,-4.925252451312097,1.015608500401389,0.2747475486879001,-0.740860951713489,1,1,0,0
4016,4016.0,40.16,-5.1999999999999975,-4.190250056216299,-4.924196972433545,1.0097499437836985,0.2758030275664529,-0.7339469162172456,1,1,0,0
4017,4017.0,40.17,-5.1999999999999975,-4.196364305500918,-4.924772319306137,1.0036356944990796,0.2752276806938605,-0.7284080138052191,1,1,0,0
4018,4018.0,40.18,-5.1999999999999975,-4.202754366619842,-4.925188791819452,0.9972456333801558,0.2748112081805454,-0.7224344251996104,1,1,0,0
4019,4019.0,40.19,-5.1999999999999975,-4.210007620685769,-4.925400831471327,0.9899923793142289,0.2745991685286704,-0.7153932107855585,1,1,0,0
4020,4020.0,40.2,-5.1999999999999975,-4.216797495343561,-4.925645172348433,0.9832025046564361,0.2743548276515648,-0.7088476770048713,1,1,0,0
4021,4021.0,40.21,-5.1999999999999975,-4.22341334392006,-4.9244542363076,0.9765866560799372,0.27554576369239747,-0.7010408923875397,1,1,0,0
4022,4022.0,40.22,-5.1999999999999975,-4.23048822116658,-4.923793204732754,0.9695117788334171,0.27620679526724334,-0.6933049835661738,1,1,0,0
4023,4023.0,40.23,-5.1999999999999975,-4.237756200090314,-4.923917396985335,0.9622437999096833,0.2760826030146628,-0.6861611968950205,1,1,0,0
4024,4024.0,40.24,-5.1999999999999975,-4.24603262972237,-4.922480984062841,0.9539673702776277,0.27751901593715633,-0.6764483543404713,1,1,0,0
4025,4025.0,40.25,-5.1999999999999975,-4.254571775448181,-4.923361728813491,0.9454282245518169,0.2766382711865063,-0.6687899533653106,1,1,0,0
4026,4026.0,40.26,-5.1999999999999975,-4.262703308962137,-4.9232506701845775,0.9372966910378606,0.27674932981542,-0.6605473612224406,1,1,0,0
4027,4027.0,40.27,-5.1999999999999975,-4.271469176289008,-4.924251284836939,0.9285308237109895,0.27574871516305866,-0.6527821085479308,1,1,0,0
4028,4028.0,40.28,-5.1999999999999975,-4.281336282094313,-4.924497606498899,0.9186637179056847,0.27550239350109873,-0.643161324404586,1,1,0,0
4029,4029.0,40.29,-5.1999999999999975,-4.291472586826377,-4.923311512126749,0.908527413173621,0.2766884878732485,-0.6318389253003724,1,1,0,0
4030,4030.0,40.3,-5.1999999999999975,-4.3018172300626425,-4.923288868121668,0.898182769937355,0.2767111318783293,-0.6214716380590257,1,1,0,0
4031,4031.0,40.31,-5.1999999999999975,-4.3124653794514956,-4.924341047648369,0.887534620548502,0.2756589523516286,-0.6118756681968733,1,1,0,0
4032,4032.0,40.32,-5.1999999999999975,-4.32330005456765,-4.923911600993186,0.8766999454323479,0.27608839900681126,-0.6006115464255366,1,1,0,0
4033,4033.0,40.33,-5.1999999999999975,-4.334105099970849,-4.9235279481669965,0.8658949000291489,0.27647205183300105,-0.5894228481961479,1,1,0,0
4034,4034.0,40.34,-5.1999999999999975,-4.345580959944325,-4.925300027981607,0.8544190400556726,0.27469997201839025,-0.5797190680372823,1,1,0,0
4035,4035.0,40.35,-5.1999999999999975,-4.3562069891142645,-4.925536734847666,0.843793010885733,0.2744632651523311,-0.5693297457334019,1,1,0,0
4036,4036.0,40.36,-5.1999999999999975,-4.36753410536711,-4.924768232025401,0.8324658946328878,0.2752317679745966,-0.5572341266582912,1,1,0,0
4037,4037.0,40.37,-5.1999999999999975,-4.379665789849853,-4.9232259780663306,0.8203342101501443,0.27677402193366696,-0.5435601882164773,1,1,0,0
4038,4038.0,40.38,-5.1999999999999975,-4.39080018448225,-4.924393522067127,0.8091998155177471,0.27560647793287085,-0.5335933375848763,1,1,0,0
4039,4039.0,40.39,-5.1999999999999975,-4.402958559712805,-4.924701418624602,0.7970414402871926,0.2752985813753952,-0.5217428589117974,1,1,0,0
4040,4040.0,40.4,-5.1999999999999975,-4.415761761319015,-4.925266701959561,0.7842382386809827,0.2747332980404362,-0.5095049406405465,1,1,0,0
4041,4041.0,40.41,-5.1999999999999975,-4.428772856420763,-4.92440872671586,0.7712271435792344,0.2755912732841379,-0.4956358702950965,1,1,0,0
4042,4042.0,40.42,-5.1999999999999975,-4.441039350363814,-4.924036564876827,0.7589606496361831,0.27596343512317034,-0.4829972145130128,1,1,0,0
4043,4043.0,40.43,-5.1999999999999975,-4.454573067917531,-4.9245225652922215,0.7454269320824665,0.27547743470777597,-0.4699494973746905,1,1,0,0
4044,4044.0,40.44,-5.1999999999999975,-4.46782580729902,-4.924242086682206,0.7321741927009775,0.27575791331779165,-0.45641627938318585,1,1,0,0
4045,4045.0,40.45,-5.1999999999999975,-4.4802026150066405,-4.924553862266777,0.719797384993357,0.2754461377332209,-0.4443512472601361,1,1,0,0
4046,4046.0,40.46,-5.1999999999999975,-4.491757497815661,-4.923430448865827,0.7082425021843362,0.2765695511341706,-0.43167295105016557,1,1,0,0
4047,4047.0,40.47,-5.1999999999999975,-4.5034773270790955,-4.923470949553597,0.696522672920902,0.27652905044640086,-0.4199936224745011,1,1,0,0
4048,4048.0,40.48,-5.1999999999999975,-4.515651595491838,-4.924239974958073,0.6843484045081594,0.2757600250419241,-0.4085883794662353,1,1,0,0
4049,4049.0,40.49,-5.1999999999999975,-4.528696372531033,-4.923892303839431,0.6713036274689648,0.2761076961605662,-0.3951959313083986,1,1,0,0
4050,4050.0,40.5,-5.1999999999999975,-4.541844333230464,-4.92483794032754,0.6581556667695336,0.2751620596724571,-0.3829936070970765,1,1,0,0
4051,4051.0,40.51,-5.1999999999999975,-4.555059746998046,-4.923922607178712,0.6449402530019519,0.2760773928212856,-0.3688628601806663,1,1,0,0
4052,4052.0,40.52,-5.1999999999999975,-4.570261662731643,-4.922866940943625,0.6297383372683543,0.2771330590563723,-0.35260527821198195,1,1,0,0
4053,4053.0,40.53,-5.1999999999999975,-4.584615669487093,-4.923176582913232,0.6153843305129048,0.2768234170867654,-0.33856091342613936,1,1,0,0
4054,4054.0,40.54,-5.1999999999999975,-4.599260195403176,-4.9245508239411295,0.6007398045968211,0.275449176058868,-0.3252906285379531,1,1,0,0
4055,4055.0,40.55,-5.1999999999999975,-4.6139739953243755,-4.924331302367969,0.586026004675622,0.27566869763202817,-0.3103573070435939,1,1,0,0
4056,4056.0,40.56,-5.1999999999999975,-4.6282517691401095,-4.924199058633879,0.571748230859888,0.27580094136611866,-0.29594728949376936,1,1,0,0
4057,4057.0,40.57,-5.1999999999999975,-4.641647012638113,-4.923094098865087,0.5583529873618849,0.27690590113491087,-0.281447086226974,1,1,0,0
4058,4058.0,40.58,-5.1999999999999975,-4.65508124177227,-4.924443696524588,0.5449187582277277,0.27555630347540916,-0.26936245475231857,1,1,0,0
4059,4059.0,40.59,-5.1999999999999975,-4.66927536751128,-4.922994334820222,0.5307246324887176,0.2770056651797752,-0.2537189673089424,1,1,0,0
4060,4060.0,40.6,-5.1999999999999975,-4.683227691811663,-4.921447842183738,0.5167723081883349,0.2785521578162591,-0.23822015037207578,1,1,0,0
4061,4061.0,40.61,-5.1999999999999975,-4.696679196684834,-4.921748218183126,0.5033208033151633,0.2782517818168717,-0.22506902149829155,1,1,0,0
4062,4062.0,40.62,-5.1999999999999975,-4.709298951067895,-4.921768227490689,0.4907010489321024,0.27823177250930886,-0.21246927642279356,1,1,0,0
4063,4063.0,40.63,-5.1999999999999975,-4.722143174998895,-4.921868930746919,0.47785682500110216,0.27813106925307896,-0.1997257557480232,1,1,0,0
4064,4064.0,40.64,-5.1999999999999975,-4.7355825462980174,-4.921132676234756,0.46441745370198007,0.27886732376524126,-0.1855501299367388,1,1,0,0
4065,4065.0,40.65,-5.1999999999999975,-4.748840638291558,-4.920167969694729,0.45115936170843973,0.2798320303052684,-0.17132733140317136,1,1,0,0
4066,4066.0,40.66,-5.1999999999999975,-4.761841446593351,-4.9207737960779525,0.43815855340664633,0.279226203922045,-0.15893234948460133,1,1,0,0
4067,4067.0,40.67,-5.1999999999999975,-4.774224344068344,-4.92095715727837,0.4257756559316537,0.27904284272162716,-0.1467328132100265,1,1,0,0
4068,4068.0,40.68,-5.1999999999999975,-4.787051514387782,-4.921936092538263,0.4129484856122154,0.2780639074617346,-0.13488457815048083,1,1,0,0
4069,4069.0,40.69,-5.1999999999999975,-4.799971013774677,-4.921655622311003,0.4000289862253208,0.27834437768899445,-0.12168460853632634,1,1,0,0
4070,4070.0,40.7,-5.1999999999999975,-4.812672932246167,-4.921428996432179,0.3873270677538301,0.2785710035678184,-0.10875606418601169,1,1,0,0
4071,4071.0,40.71,-5.1999999999999975,-4.825441269236976,-4.9216755151786735,0.37455873076302115,0.278324484821324,-0.09623424594169716,1,0,0,1
4072,4072.0,40.72,-5.1999999999999975,-4.837607429260048,-4.921989570056287,0.36239257073994935,0.27801042994371095,-0.0843821407962384,1,0,0,1
4073,4073.0,40.73,-5.1999999999999975,-4.850063999949222,-4.923694744607736,0.34993600005077585,0.2763052553922618,-0.07363074465851405,1,0,0,1
4074,4074.0,40.74,-5.1999999999999975,-4.862352266640238,-4.924254464460694,0.3376477333597592,0.27574553553930325,-0.06190219782045592,1,0,0,1
4075,4075.0,40.75,-5.1999999999999975,-4.8744651410710444,-4.922659313897991,0.32553485892895306,0.2773406861020069,-0.04819417282694616,1,0,0,1
4076,4076.0,40.76,-5.1999999999999975,-4.886808053681071,-4.9228722778866745,0.3131919463189261,0.27712772211332304,-0.03606422420560307,1,0,0,1
4077,4077.0,40.77,-5.1999999999999975,-4.8986609307590285,-4.923268919822801,0.301339069240969,0.2767310801771963,-0.024607989063772706,1,0,0,1
4078,4078.0,40.78,-5.1999999999999975,-4.910494365845336,-4.923206314475251,0.28950563415466135,0.2767936855247468,-0.012711948629914538,1,0,0,1
4079,4079.0,40.79,-5.1999999999999975,-4.922020823724853,-4.922518599228934,0.2779791762751449,0.2774814007710633,-0.0004977755040815879,1,0,0,1
4080,4080.0,40.8,-5.1999999999999975,-4.933366705679212,-4.920977709711311,0.2666332943207852,0.27902229028868675,0.01238899596790155,1,0,0,1
4081,4081.0,40.81,-5.1999999999999975,-4.944276430526535,-4.920748314165695,0.25572356947346275,0.2792516858343026,0.023528116360839846,1,0,0,1
4082,4082.0,40.82,-5.1999999999999975,-4.954581305208448,-4.921286455727573,0.24541869479154954,0.27871354427242423,0.03329484948087469,1,0,0,1
4083,4083.0,40.83,-5.1999999999999975,-4.964856441106176,-4.920935372136984,0.23514355889382177,0.2790646278630131,0.043921068969191346,1,0,0,1
4084,4084.0,40.84,-5.1999999999999975,-4.97525056922886,-4.920111527099553,0.22474943077113707,0.2798884729004447,0.05513904212930765,1,0,0,1
4085,4085.0,40.85,-5.1999999999999975,-4.985816200178282,-4.91850127741762,0.21418379982171576,0.28149872258237707,0.06731492276066131,1,0,0,1
4086,4086.0,40.86,-5.1999999999999975,-4.996572189236276,-4.9183460123633616,0.20342781076372152,0.28165398763663596,0.07822617687291444,1,0,0,1
4087,4087.0,40.87,-5.1999999999999975,-5.00688473448328,-4.9182035356814655,0.19311526551671765,0.281796464318532,0.08868119880181435,1,0,0,1
4088,4088.0,40.88,-5.1999999999999975,-5.0172757365321345,-4.91709254475774,0.18272426346786297,0.2829074552422579,0.10018319177439494,1,0,1,0
4089,4089.0,40.89,-5.1999999999999975,-5.027435705351352,-4.915791106972334,0.17256429464864542,0.28420889302766383,0.11164459837901841,1,0,1,0
4090,4090.0,40.9,-5.1999999999999975,-5.037027017596702,-4.918364348183467,0.1629729824032955,0.28163565181653016,0.11866266941323467,1,0,1,0
4091,4091.0,40.91,-5.1999999999999975,-5.046504777330866,-4.920074915770568,0.15349522266913151,0.2799250842294292,0.12642986156029767,1,0,1,0
4092,4092.0,40.92,-5.1999999999999975,-5.055717508604227,-4.920417102522534,0.14428249139577076,0.27958289747746345,0.1353004060816927,1,0,1,0
4093,4093.0,40.93,-5.1999999999999975,-5.065250994330085,-4.92049502915493,0.13474900566991277,0.27950497084506765,0.14475596517515488,1,0,1,0
4094,4094.0,40.94,-5.1999999999999975,-5.074499476866165,-4.920155940273727,0.12550052313383286,0.2798440597262708,0.15434353659243794,1,0,1,0
4095,4095.0,40.95,-5.1999999999999975,-5.084093724619302,-4.921693257991214,0.11590627538069587,0.2783067420087839,0.16240046662808805,1,0,1,0
4096,4096.0,40.96,-5.1999999999999975,-5.094079731624945,-4.920251452026777,0.1059202683750522,0.27974854797322024,0.17382827959816805,1,0,1,0
4097,4097.0,40.97,-5.1999999999999975,-5.103714470904027,-4.919270573398316,0.09628552909597055,0.2807294266016811,0.18444389750571055,1,0,1,0
4098,4098.0,40.98,-5.1999999999999975,-5.11355410519473,-4.919838653222955,0.08644589480526754,0.2801613467770423,0.19371545197177475,1,0,1,0
4099,4099.0,40.99,-5.1999999999999975,-5.124902526215914,-4.920661026707872,0.07509747378408349,0.2793389732921252,0.2042414995080417,1,0,1,0
4100,4100.0,41.0,-5.1999999999999975,-5.137207102877372,-4.922526945023485,0.06279289712262592,0.27747305497651276,0.21468015785388683,1,0,1,0
4101,4101.0,41.01,-5.1999999999999975,-5.149796193015632,-4.92199276676959,0.05020380698436533,0.2780072332304071,0.22780342624604177,1,0,1,0
4102,4102.0,41.02,-5.1999999999999975,-5.161756747896087,-4.921497639995148,0.03824325210391066,0.2785023600048495,0.24025910790093885,1,0,1,0
4103,4103.0,41.03,-5.1999999999999975,-5.171115880731358,-4.922176816498496,0.028884119268639097,0.2778231835015017,0.2489390642328626,1,0,1,0
4104,4104.0,41.04,-5.1999999999999975,-5.178898642330643,-4.922436471175063,0.021101357669354392,0.27756352882493474,0.25646217115558034,1,0,1,0
4105,4105.0,41.05,-5.1999999999999975,-5.186751847964135,-4.922815018641849,0.013248152035862937,0.2771849813581486,0.2639368293222857,1,0,1,0
4106,4106.0,41.06,-5.1999999999999975,-5.195074333610847,-4.921867530489118,0.004925666389150152,0.27813246951087933,0.2732068031217292,1,0,1,0
4107,4107.0,41.07,-5.1999999999999975,-5.204631709664259,-4.922067369292983,0.0046317096642614075,0.27793263070701446,0.27330092104275305,1,0,1,0
4108,4108.0,41.08,-5.1999999999999975,-5.213713553794012,-4.922320096477889,0.013713553794014288,0.2776799035221087,0.2639663497280944,1,0,1,0
4109,4109.0,41.09,-5.1999999999999975,-5.221709059163852,-4.922825174747197,0.021709059163854683,0.2771748252528008,0.2554657660889461,1,0,1,0
4110,4110.0,41.1,-5.1999999999999975,-5.22786770081123,-4.921191530757622,0.027867700811232687,0.27880846924237535,0.25094076843114266,1,0,1,0
4111,4111.0,41.11,-5.1999999999999975,-5.232711133457312,-4.9212819697526715,0.03271113345731447,0.278718030247326,0.24600689679001153,1,0,1,0
4112,4112.0,41.12,-5.1999999999999975,-5.238336816365451,-4.919536037825409,0.03833681636545361,0.28046396217458813,0.24212714580913453,1,0,1,0
4113,4113.0,41.13,-5.1999999999999975,-5.243915467439587,-4.920432456531022,0.043915467439589406,0.2795675434689757,0.23565207602938631,1,0,1,0
4114,4114.0,41.14,-5.1999999999999975,-5.250073111716809,-4.921123837854495,0.05007311171681117,0.2788761621455027,0.22880305042869153,1,0,1,0
4115,4115.0,41.15,-5.1999999999999975,-5.255266824398145,-4.921078033730724,0.05526682439814756,0.2789219662692739,0.22365514187112634,1,0,1,0
4116,4116.0,41.16,-5.1999999999999975,-5.259719537481307,-4.920429328774495,0.05971953748130954,0.2795706712255024,0.21985113374419285,1,0,1,0
4117,4117.0,41.17,-5.1999999999999975,-5.266287341692427,-4.919129419288135,0.06628734169242989,0.28087058071186277,0.21458323901943288,1,0,1,0
4118,4118.0,41.18,-5.1999999999999975,-5.273757924058386,-4.919786511402249,0.07375792405838855,0.28021348859774875,0.2064555645393602,1,0,1,0
4119,4119.0,41.19,-5.1999999999999975,-5.279616497125952,-4.919358683112448,0.07961649712595431,0.28064131688754923,0.20102481976159492,1,0,1,0
4120,4120.0,41.2,-5.1999999999999975,-5.284413238117673,-4.918943988824077,0.08441323811767543,0.28105601117592016,0.19664277305824474,1,0,1,0
4121,4121.0,41.21,-5.1999999999999975,-5.290522965050179,-4.917851959654044,0.09052296505018109,0.28214804034595353,0.19162507529577244,1,0,1,0
4122,4122.0,41.22,-5.1999999999999975,-5.297796863472808,-4.916276818395019,0.09779686347281036,0.28372318160497834,0.18592631813216798,1,0,1,0
4123,4123.0,41.23,-5.1999999999999975,-5.303743041873869,-4.9168573273082234,0.10374304187387118,0.28314267269177407,0.1793996308179029,1,0,1,0
4124,4124.0,41.24,-5.1999999999999975,-5.310006326014325,-4.915994177317619,0.1100063260143278,0.28400582268237873,0.17399949666805092,1,0,1,0
4125,4125.0,41.25,-5.1999999999999975,-5.315807222850954,-4.914565929616802,0.11580722285095657,0.2854340703831957,0.1696268475322391,1,0,1,0
4126,4126.0,41.26,-5.1999999999999975,-5.321744491571856,-4.914172991037617,0.1217444915718584,0.28582700896238045,0.16408251739052204,1,0,1,0
4127,4127.0,41.27,-5.1999999999999975,-5.328066615329778,-4.916120136667535,0.12806661532978048,0.2838798633324622,0.1558132480026817,1,0,1,0
4128,4128.0,41.28,-5.1999999999999975,-5.334850660432459,-4.91744743418842,0.13485066043246174,0.28255256581157795,0.1477019053791162,1,0,1,0
4129,4129.0,41.29,-5.1999999999999975,-5.340875894850914,-4.916068073602331,0.14087589485091634,0.28393192639766696,0.14305603154675062,1,0,1,0
4130,4130.0,41.3,-5.1999999999999975,-5.346425117959312,-4.916523740899318,0.14642511795931412,0.28347625910067986,0.13705114114136574,1,0,1,0
4131,4131.0,41.31,-5.1999999999999975,-5.35293755907446,-4.91669376208303,0.15293755907446283,0.2833062379169675,0.1303686788425047,1,0,1,0
4132,4132.0,41.32,-5.1999999999999975,-5.3591778025259265,-4.9176338662321895,0.15917780252592895,0.28236613376780806,0.12318833124187911,1,0,1,0
4133,4133.0,41.33,-5.1999999999999975,-5.365225932753509,-4.916457302697605,0.16522593275351127,0.28354269730239245,0.11831676454888118,1,0,1,0
4134,4134.0,41.34,-5.1999999999999975,-5.371514661976444,-4.914958399707438,0.17151466197644627,0.2850416002925593,0.11352693831611305,1,0,1,0
4135,4135.0,41.35,-5.1999999999999975,-5.376972027627862,-4.915187720467279,0.17697202762786457,0.28481227953271837,0.1078402519048538,1,0,1,0
4136,4136.0,41.36,-5.1999999999999975,-5.383535372979108,-4.91618595020553,0.1835353729791107,0.28381404979446767,0.10027867681535696,1,0,1,0
4137,4137.0,41.37,-5.1999999999999975,-5.389603944007754,-4.917347546253115,0.18960394400775638,0.2826524537468824,0.09304850973912604,1,0,0,1
4138,4138.0,41.38,-5.1999999999999975,-5.395887323410687,-4.917096395351433,0.19588732341068926,0.28290360464856423,0.08701628123787497,1,0,0,1
4139,4139.0,41.39,-5.1999999999999975,-5.401336991807622,-4.917576276702956,0.20133699180762488,0.28242372329704146,0.08108673148941659,1,0,0,1
4140,4140.0,41.4,-5.1999999999999975,-5.4072363638100365,-4.918768135813277,0.20723636381003896,0.2812318641867204,0.07399550037668146,1,0,0,1
4141,4141.0,41.41,-5.1999999999999975,-5.412382314687923,-4.918916321023073,0.21238231468792534,0.2810836789769242,0.06870136428899887,1,0,0,1
4142,4142.0,41.42,-5.1999999999999975,-5.417684167356115,-4.919686276713402,0.21768416735611762,0.28031372328659554,0.06262955593047792,1,0,0,1
4143,4143.0,41.43,-5.1999999999999975,-5.421816848503158,-4.918890109253073,0.22181684850316064,0.28110989074692494,0.059293042243764305,1,0,0,1
4144,4144.0,41.44,-5.1999999999999975,-5.426724852843429,-4.9201966614407775,0.22672485284343136,0.27980333855922,0.05307848571578866,1,0,0,1
4145,4145.0,41.45,-5.1999999999999975,-5.430839106541552,-4.921106469805226,0.2308391065415547,0.2788935301947717,0.04805442365321699,1,0,0,1
4146,4146.0,41.46,-5.1999999999999975,-5.43374249150974,-4.921072165900096,0.23374249150974258,0.2789278340999015,0.04518534259015894,1,0,0,1
4147,4147.0,41.47,-5.1999999999999975,-5.437348624463754,-4.920252928797299,0.23734862446375615,0.27974707120269837,0.04239844673894222,1,0,0,1
4148,4148.0,41.48,-5.1999999999999975,-5.440470178695893,-4.919889234158191,0.2404701786958956,0.2801107658418065,0.0396405871459109,1,0,0,1
4149,4149.0,41.49,-5.1999999999999975,-5.443773058344339,-4.9211697181855385,0.24377305834434182,0.278830281814459,0.035057223470117194,1,0,0,1
4150,4150.0,41.5,-5.1999999999999975,-5.446129734647988,-4.92135407820659,0.24612973464799026,0.27864592179340786,0.0325161871454176,1,0,0,1
4151,4151.0,41.51,-5.1999999999999975,-5.4493183498671005,-4.921910456456631,0.249318349867103,0.27808954354336635,0.02877119367626335,1,0,0,1
4152,4152.0,41.52,-5.1999999999999975,-5.452254737454287,-4.9218604719182055,0.2522547374542894,0.278139528081792,0.025884790627502596,1,0,0,1
4153,4153.0,41.53,-5.1999999999999975,-5.455293018669651,-4.92110899225122,0.25529301866965337,0.2788910077487774,0.023597989079124027,1,0,0,1
4154,4154.0,41.54,-5.1999999999999975,-5.458627100793153,-4.919832404807737,0.25862710079315576,0.2801675951922604,0.02154049439910466,1,0,0,1
4155,4155.0,41.55,-5.1999999999999975,-5.460866380363953,-4.920872280506958,0.2608663803639555,0.2791277194930393,0.018261339129083787,1,0,0,1
4156,4156.0,41.56,-5.1999999999999975,-5.464159690254716,-4.920059601557208,0.2641596902547185,0.27994039844278973,0.015780708188071202,1,0,0,1
4157,4157.0,41.57,-5.1999999999999975,-5.467657785819563,-4.920124403416536,0.2676577858195657,0.2798755965834614,0.01221781076389572,1,0,0,1
4158,4158.0,41.58,-5.1999999999999975,-5.4715951144186326,-4.920223110755237,0.27159511441863504,0.2797768892447605,0.008181774826125476,1,0,0,1
4159,4159.0,41.59,-5.1999999999999975,-5.474854541857759,-4.920410236109887,0.2748545418577617,0.2795897638901108,0.004735222032349107,1,0,0,1
4160,4160.0,41.6,-5.1999999999999975,-5.477692406946539,-4.921403675216971,0.2776924069465414,0.27859632478302654,0.0009039178364851352,1,0,0,1
4161,4161.0,41.61,-5.1999999999999975,-5.480771809886573,-4.919812947815693,0.28077180988657524,0.2801870521843046,-0.0005847577022706218,1,0,0,1
4162,4162.0,41.62,-5.1999999999999975,-5.483777435375114,-4.918292378098393,0.2837774353751161,0.2817076219016048,-0.002069813473511317,1,0,0,1
4163,4163.0,41.63,-5.1999999999999975,-5.486880779364623,-4.917741866532359,0.2868807793646253,0.2822581334676384,-0.00462264589698691,1,0,0,1
4164,4164.0,41.64,-5.1999999999999975,-5.489896477824626,-4.9170694643464286,0.28989647782462846,0.28293053565356896,-0.006965942171059503,1,0,0,1
4165,4165.0,41.65,-5.1999999999999975,-5.494245847861355,-4.91817133033202,0.2942458478613572,0.2818286696679779,-0.012417178193379286,1,0,0,1
4166,4166.0,41.66,-5.1999999999999975,-5.498225718726439,-4.917623257736103,0.29822571872644144,0.2823767422638941,-0.01584897646254735,1,0,0,1
4167,4167.0,41.67,-5.1999999999999975,-5.501269757119721,-4.9175011594340905,0.3012697571197238,0.282498840565907,-0.018770916553816797,1,0,0,1
4168,4168.0,41.68,-5.1999999999999975,-5.503282729082705,-4.917800793926936,0.30328272908270737,0.28219920607306115,-0.02108352300964622,1,0,0,1
4169,4169.0,41.69,-5.1999999999999975,-5.504927511575315,-4.91858654704736,0.3049275115753174,0.28141345295263775,-0.023514058622679634,1,0,0,1
4170,4170.0,41.7,-5.1999999999999975,-5.507822260398848,-4.918476071499161,0.30782226039885074,0.2815239285008362,-0.02629833189801456,1,0,0,1
4171,4171.0,41.71,-5.1999999999999975,-5.510508604885056,-4.91686523435168,0.31050860488505805,0.28313476564831763,-0.027373839236740416,1,0,0,1
4172,4172.0,41.72,-5.1999999999999975,-5.5131737169458,-4.916969194059799,0.3131737169458022,0.28303080594019825,-0.030142911005603956,1,0,0,1
4173,4173.0,41.73,-5.1999999999999975,-5.516014952388598,-4.918094206711031,0.3160149523886009,0.28190579328896614,-0.034109159099634745,1,0,0,1
4174,4174.0,41.74,-5.1999999999999975,-5.520039081423607,-4.918208434419581,0.3200390814236096,0.2817915655804164,-0.03824751584319319,1,0,0,1
4175,4175.0,41.75,-5.1999999999999975,-5.524032189717779,-4.9180786930231015,0.3240321897177818,0.281921306976896,-0.04211088274088581,1,0,0,1
4176,4176.0,41.76,-5.1999999999999975,-5.526248828864593,-4.918916730182491,0.3262488288645953,0.28108326981750675,-0.04516555904708852,1,0,0,1
4177,4177.0,41.77,-5.1999999999999975,-5.528381652657644,-4.921105274068159,0.3283816526576464,0.2788947259318384,-0.04948692672580801,1,0,0,1
4178,4178.0,41.78,-5.1999999999999975,-5.531361182672274,-4.920216803881581,0.33136118267227666,0.27978319611841673,-0.05157798655385992,1,0,0,1
4179,4179.0,41.79,-5.1999999999999975,-5.53608715250841,-4.919796801524397,0.33608715250841215,0.2802031984756006,-0.055883954032811545,1,0,0,1
4180,4180.0,41.8,-5.1999999999999975,-5.539386882736095,-4.918679506595774,0.33938688273609774,0.28132049340422327,-0.05806638933187447,1,0,0,1
4181,4181.0,41.81,-5.1999999999999975,-5.540924579018246,-4.9186273020143485,0.3409245790182487,0.281372697985649,-0.059551881032599674,1,0,0,1
4182,4182.0,41.82,-5.1999999999999975,-5.542585396111375,-4.9193990159844665,0.34258539611137717,0.280600984015531,-0.06198441209584615,1,0,0,1
4183,4183.0,41.83,-5.1999999999999975,-5.545701697149849,-4.919126390699578,0.34570169714985166,0.2808736093004196,-0.06482808784943206,1,0,0,1
4184,4184.0,41.84,-5.1999999999999975,-5.548279995977935,-4.918763267859984,0.34827999597793724,0.2812367321400133,-0.06704326383792392,1,0,0,1
4185,4185.0,41.85,-5.1999999999999975,-5.550662797559423,-4.918733737180262,0.3506627975594254,0.2812662628197353,-0.0693965347396901,1,0,0,1
4186,4186.0,41.86,-5.1999999999999975,-5.551726011949476,-4.919899054857346,0.35172601194947806,0.28010094514265127,-0.07162506680682679,1,0,0,1
4187,4187.0,41.87,-5.1999999999999975,-5.553334627636408,-4.920579724447517,0.35333462763641066,0.2794202755524804,-0.07391435208393027,1,0,0,1
4188,4188.0,41.88,-5.1999999999999975,-5.555122504824173,-4.919819186416998,0.35512250482417507,0.28018081358299973,-0.07494169124117533,1,0,0,1
4189,4189.0,41.89,-5.1999999999999975,-5.555818926374091,-4.919460228124329,0.3558189263740932,0.28053977187566836,-0.07527915449842482,1,0,0,1
4190,4190.0,41.9,-5.1999999999999975,-5.555095640829,-4.91974342719201,0.3550956408290027,0.2802565728079873,-0.07483906802101536,1,0,0,1
4191,4191.0,41.91,-5.1999999999999975,-5.555251443680084,-4.920435370683669,0.35525144368008643,0.27956462931632853,-0.0756868143637579,1,0,0,1
4192,4192.0,41.92,-5.1999999999999975,-5.555988432634695,-4.921894353040168,0.3559884326346978,0.27810564695982976,-0.07788278567486806,1,0,0,1
4193,4193.0,41.93,-5.1999999999999975,-5.556959060506407,-4.92133331019479,0.35695906050640946,0.2786666898052079,-0.07829237070120154,1,0,0,1
4194,4194.0,41.94,-5.1999999999999975,-5.556416873967226,-4.92082792720358,0.35641687396722865,0.27917207279641776,-0.0772448011708109,1,0,0,1
4195,4195.0,41.95,-5.1999999999999975,-5.554607303060963,-4.920591804337828,0.35460730306096533,0.27940819566216923,-0.0751991073987961,1,0,0,1
4196,4196.0,41.96,-5.1999999999999975,-5.552398758146211,-4.921480233418684,0.35239875814621335,0.2785197665813133,-0.07387899156490008,1,0,0,1
4197,4197.0,41.97,-5.1999999999999975,-5.551298681431656,-4.9220675628577215,0.35129868143165854,0.277932437142276,-0.07336624428938254,1,0,0,1
4198,4198.0,41.98,-5.1999999999999975,-5.54974741254328,-4.920145303824461,0.3497474125432829,0.27985469617553616,-0.06989271636774674,1,0,0,1
4199,4199.0,41.99,-5.1999999999999975,-5.548318149442849,-4.920971916736009,0.3483181494428518,0.27902808326398887,-0.06929006617886291,1,0,0,1
4200,4200.0,42.0,-5.1999999999999975,-5.546622248808875,-4.921238199825225,0.3466222488088775,0.2787618001747729,-0.06786044863410456,1,0,0,1
4201,4201.0,42.01,-5.1999999999999975,-5.545094138343471,-4.920928357060673,0.34509413834347313,0.27907164293932407,-0.06602249540414906,1,0,0,1
4202,4202.0,42.02,-5.1999999999999975,-5.545480211277222,-4.921316547052496,0.3454802112772244,0.27868345294750174,-0.06679675832972265,1,0,0,1
4203,4203.0,42.03,-5.1999999999999975,-5.543197754202427,-4.919832133265653,0.3431977542024294,0.28016786673434435,-0.06302988746808502,1,0,0,1
4204,4204.0,42.04,-5.1999999999999975,-5.542256186506554,-4.920465822628091,0.34225618650655676,0.27953417737190644,-0.06272200913465031,1,0,0,1
4205,4205.0,42.05,-5.1999999999999975,-5.540251707267052,-4.919736858604062,0.3402517072670541,0.28026314139593556,-0.05998856587111856,1,0,0,1
4206,4206.0,42.06,-5.1999999999999975,-5.5394837893714515,-4.920035173754911,0.33948378937145396,0.27996482624508623,-0.05951896312636773,1,0,0,1
4207,4207.0,42.07,-5.1999999999999975,-5.5378177687914505,-4.917798812336026,0.337817768791453,0.2822011876639712,-0.0556165811274818,1,0,0,1
4208,4208.0,42.08,-5.1999999999999975,-5.536823622930687,-4.915891066717557,0.3368236229306891,0.28410893328244047,-0.05271468964824866,1,0,0,1
4209,4209.0,42.09,-5.1999999999999975,-5.533670900820385,-4.916509959176011,0.33367090082038775,0.28349004082398643,-0.05018085999640132,1,0,0,1
4210,4210.0,42.1,-5.1999999999999975,-5.530900949969991,-4.9174893253638965,0.3309009499699931,0.282510674636101,-0.04839027533389206,1,0,0,1
4211,4211.0,42.11,-5.1999999999999975,-5.527036485047963,-4.917755625744378,0.3270364850479659,0.28224437425561977,-0.04479211079234613,1,0,0,1
4212,4212.0,42.12,-5.1999999999999975,-5.52411299805487,-4.9174687902109975,0.3241129980548729,0.28253120978900004,-0.04158178826587289,1,0,0,1
4213,4213.0,42.13,-5.1999999999999975,-5.520103364863532,-4.918101196101765,0.3201033648635345,0.2818988038982324,-0.038204560965302115,1,0,0,1
4214,4214.0,42.14,-5.1999999999999975,-5.516231323233429,-4.920096234373616,0.3162313232334313,0.27990376562638186,-0.03632755760704942,1,0,0,1
4215,4215.0,42.15,-5.1999999999999975,-5.511051856945563,-4.919379172328371,0.31105185694556514,0.2806208276716262,-0.030431029273938925,1,0,0,1
4216,4216.0,42.16,-5.1999999999999975,-5.507199528271952,-4.918968097581798,0.30719952827195485,0.2810319024181993,-0.02616762585375554,1,0,0,1
4217,4217.0,42.17,-5.1999999999999975,-5.501892427677027,-4.918184436366582,0.3018924276770294,0.2818155636334154,-0.020076864043613973,1,0,0,1
4218,4218.0,42.18,-5.1999999999999975,-5.498477759087412,-4.9179652879515805,0.29847775908741436,0.282034712048417,-0.01644304703899735,1,0,0,1
4219,4219.0,42.19,-5.1999999999999975,-5.493401302747386,-4.917376245530046,0.2934013027473883,0.28262375446995147,-0.010777548277436821,1,0,0,1
4220,4220.0,42.2,-5.1999999999999975,-5.4897016777093866,-4.9167557422741,0.28970167770938904,0.28324425772589734,-0.006457419983491697,1,0,0,1
4221,4221.0,42.21,-5.1999999999999975,-5.484721702374229,-4.9159064954720275,0.2847217023742319,0.28409350452797,-0.0006281978462618909,1,0,0,1
4222,4222.0,42.22,-5.1999999999999975,-5.481476661155698,-4.915805712727237,0.28147666115570047,0.2841942872727605,0.002717626117060057,1,0,0,1
4223,4223.0,42.23,-5.1999999999999975,-5.477548912826169,-4.916795353073077,0.27754891282617145,0.2832046469269205,0.005655734100749044,1,0,0,1
4224,4224.0,42.24,-5.1999999999999975,-5.473365595790814,-4.917129752424755,0.27336559579081676,0.28287024757524293,0.009504651784426166,1,0,0,1
4225,4225.0,42.25,-5.1999999999999975,-5.469513716339801,-4.916209184455127,0.26951371633980337,0.2837908155448705,0.014277099205067145,1,0,0,1
4226,4226.0,42.26,-5.1999999999999975,-5.466327176998215,-4.915665092759772,0.2663271769982174,0.2843349072402255,0.01800773024200808,1,0,0,1
4227,4227.0,42.27,-5.1999999999999975,-5.4629729344783975,-4.916519111619668,0.2629729344784,0.28348088838032925,0.020507953901929277,1,0,0,1
4228,4228.0,42.28,-5.1999999999999975,-5.458350142013979,-4.91809963288729,0.2583501420139811,0.2819003671127076,0.023550225098726507,1,0,0,1
4229,4229.0,42.29,-5.1999999999999975,-5.454227441708442,-4.917383681345893,0.25422744170844425,0.28261631865410486,0.028388876945660613,1,0,0,1
4230,4230.0,42.3,-5.1999999999999975,-5.450839972648977,-4.91805410769525,0.25083997264897917,0.28194589230474776,0.031105919655768588,1,0,0,1
4231,4231.0,42.31,-5.1999999999999975,-5.447228281782318,-4.918946959299518,0.2472282817823208,0.28105304070047943,0.033824758918158615,1,0,0,1
4232,4232.0,42.32,-5.1999999999999975,-5.443607124148194,-4.919129377930179,0.24360712414819652,0.28087062206981894,0.037263497921622424,1,0,0,1
4233,4233.0,42.33,-5.1999999999999975,-5.441742932307277,-4.919878635243368,0.24174293230727972,0.28012136475662963,0.03837843244934991,1,0,0,1
4234,4234.0,42.34,-5.1999999999999975,-5.440172616878513,-4.920030813532213,0.24017261687851565,0.2799691864677847,0.039796569589269026,1,0,0,1
4235,4235.0,42.35,-5.1999999999999975,-5.439707009205169,-4.918014683299967,0.23970700920517185,0.28198531670003035,0.0422783074948585,1,0,0,1
4236,4236.0,42.36,-5.1999999999999975,-5.437922854239835,-4.9189968514599975,0.23792285423983728,0.28100314853999997,0.04308029430016269,1,0,0,1
4237,4237.0,42.37,-5.1999999999999975,-5.4354765077061415,-4.91747487922663,0.23547650770614403,0.2825251207733679,0.047048613067223855,1,0,0,1
4238,4238.0,42.38,-5.1999999999999975,-5.433136547809415,-4.917862181972583,0.2331365478094174,0.28213781802741433,0.04900127021799694,1,0,0,1
4239,4239.0,42.39,-5.1999999999999975,-5.430918119184727,-4.9172830181661125,0.2309181191847296,0.28271698183388505,0.05179886264915545,1,0,0,1
4240,4240.0,42.4,-5.1999999999999975,-5.430122776455753,-4.915645631267679,0.2301227764557554,0.2843543687323189,0.05423159227656349,1,0,0,1
4241,4241.0,42.41,-5.1999999999999975,-5.428103936476124,-4.915564631352362,0.2281039364761268,0.2844353686476353,0.05633143217150849,1,0,0,1
4242,4242.0,42.42,-5.1999999999999975,-5.425855503212334,-4.916305015318947,0.22585550321233683,0.28369498468105014,0.057839481468713316,1,0,0,1
4243,4243.0,42.43,-5.1999999999999975,-5.422302518244596,-4.916827008826562,0.22230251824459835,0.2831729911734353,0.06087047292883696,1,0,0,1
4244,4244.0,42.44,-5.1999999999999975,-5.419157127761267,-4.914993789758175,0.21915712776126917,0.28500621024182227,0.0658490824805531,1,0,0,1
4245,4245.0,42.45,-5.1999999999999975,-5.416126476290213,-4.912820312411539,0.2161264762902153,0.28717968758845824,0.07105321129824294,1,0,0,1
4246,4246.0,42.46,-5.1999999999999975,-5.412647971327718,-4.913685689251029,0.21264797132772006,0.28631431074896874,0.07366633942124867,1,0,0,1
4247,4247.0,42.47,-5.1999999999999975,-5.409068205250073,-4.91394321974538,0.20906820525007586,0.28605678025461767,0.07698857500454181,1,0,0,1
4248,4248.0,42.48,-5.1999999999999975,-5.4055834800121785,-4.914351426710888,0.20558348001218096,0.28564857328910964,0.08006509327692868,1,0,0,1
4249,4249.0,42.49,-5.1999999999999975,-5.4015193469720515,-4.913463762740804,0.20151934697205398,0.2865362372591935,0.08501689028713955,1,0,0,1
4250,4250.0,42.5,-5.1999999999999975,-5.397891718093326,-4.914155019858583,0.19789171809332817,0.28584498014141424,0.08795326204808607,1,0,0,1
4251,4251.0,42.51,-5.1999999999999975,-5.394577697768329,-4.914754674870939,0.19457769776833178,0.28524532512905854,0.09066762736072675,1,0,0,1
4252,4252.0,42.52,-5.1999999999999975,-5.391328333299837,-4.913082197147023,0.19132833329983967,0.2869178028529742,0.09558946955313452,1,0,0,1
4253,4253.0,42.53,-5.1999999999999975,-5.388013390344862,-4.911161848606603,0.18801339034486464,0.28883815139339486,0.10082476104853022,1,0,1,0
4254,4254.0,42.54,-5.1999999999999975,-5.385829096947084,-4.910449250020365,0.18582909694708682,0.28955074997963237,0.10372165303254555,1,0,1,0
4255,4255.0,42.55,-5.1999999999999975,-5.385128012141434,-4.910623733113392,0.18512801214143693,0.2893762668866051,0.10424825474516819,1,0,1,0
4256,4256.0,42.56,-5.1999999999999975,-5.384287408605142,-4.910064754421221,0.1842874086051447,0.2899352455787767,0.105647836973632,1,0,1,0
4257,4257.0,42.57,-5.1999999999999975,-5.3832848793020265,-4.908940720780566,0.18328487930202897,0.2910592792194313,0.10777439991740234,1,0,1,0
4258,4258.0,42.58,-5.1999999999999975,-5.382644053493703,-4.907975678158869,0.18264405349370527,0.2920243218411285,0.1093802683474232,1,0,1,0
4259,4259.0,42.59,-5.1999999999999975,-5.3817852008988085,-4.90794761668081,0.181785200898811,0.2920523833191879,0.11026718242037692,1,0,1,0
4260,4260.0,42.6,-5.1999999999999975,-5.381332839543868,-4.909269900899774,0.18133283954387025,0.29073009910022307,0.10939725955635282,1,0,1,0
4261,4261.0,42.61,-5.1999999999999975,-5.3799937747016555,-4.909708497920942,0.179993774701658,0.2902915020790555,0.11029772737739751,1,0,1,0
4262,4262.0,42.62,-5.1999999999999975,-5.378044341773312,-4.91009831008247,0.1780443417733144,0.2899016899175271,0.11185734814421266,1,0,1,0
4263,4263.0,42.63,-5.1999999999999975,-5.3774311696304355,-4.909504869649276,0.17743116963043803,0.2904951303507213,0.11306396072028324,1,0,1,0
4264,4264.0,42.64,-5.1999999999999975,-5.376441378392475,-4.90983495290876,0.17644137839247787,0.2901650470912376,0.11372366869875972,1,0,1,0
4265,4265.0,42.65,-5.1999999999999975,-5.374639519343183,-4.910853554264412,0.17463951934318533,0.2891464457355859,0.11450692639240057,1,0,1,0
4266,4266.0,42.66,-5.1999999999999975,-5.373863688683339,-4.909821743042465,0.17386368868334134,0.29017825695753263,0.11631456827419129,1,0,1,0
4267,4267.0,42.67,-5.1999999999999975,-5.3719993161145,-4.910292382436253,0.17199931611450214,0.2897076175637441,0.11770830144924194,1,0,1,0
4268,4268.0,42.68,-5.1999999999999975,-5.371908470598865,-4.911406899837332,0.1719084705988676,0.2885931001626654,0.11668462956379777,1,0,1,0
4269,4269.0,42.69,-5.1999999999999975,-5.3718763538226835,-4.911568971863408,0.17187635382268596,0.28843102813658916,0.1165546743139032,1,0,1,0
4270,4270.0,42.7,-5.1999999999999975,-5.370855363840338,-4.911028397842224,0.1708553638403405,0.2889716021577735,0.11811623831743301,1,0,1,0
4271,4271.0,42.71,-5.1999999999999975,-5.3706693605066524,-4.9105124554320625,0.17066936050665493,0.289487544567935,0.11881818406128009,1,0,1,0
4272,4272.0,42.72,-5.1999999999999975,-5.370714588276605,-4.908546753327798,0.17071458827660724,0.29145324667219974,0.1207386583955925,1,0,1,0
4273,4273.0,42.73,-5.1999999999999975,-5.369321993090755,-4.909774730581529,0.16932199309075724,0.2902252694184684,0.12090327632771114,1,0,1,0
4274,4274.0,42.74,-5.1999999999999975,-5.367707295737124,-4.908201684578264,0.1677072957371264,0.2917983154217332,0.12409101968460678,1,0,1,0
4275,4275.0,42.75,-5.1999999999999975,-5.365961151602041,-4.908717654412781,0.16596115160204317,0.29128234558721644,0.12532119398517327,1,0,1,0
4276,4276.0,42.76,-5.1999999999999975,-5.365956491087223,-4.9079690549926855,0.16595649108722554,0.29203094500731197,0.12607445392008643,1,0,1,0
4277,4277.0,42.77,-5.1999999999999975,-5.366251338738944,-4.907906983578804,0.16625133873894615,0.2920930164211937,0.12584167768224752,1,0,1,0
4278,4278.0,42.78,-5.1999999999999975,-5.364965304780173,-4.90872168543152,0.1649653047801758,0.2912783145684772,0.1263130097883014,1,0,1,0
4279,4279.0,42.79,-5.1999999999999975,-5.363214220145816,-4.910849774728251,0.16321422014581888,0.2891502252717464,0.1259360051259275,1,0,1,0
4280,4280.0,42.8,-5.1999999999999975,-5.362829531214595,-4.911174448918265,0.1628295312145971,0.28882555108173236,0.12599601986713527,1,0,1,0
4281,4281.0,42.81,-5.1999999999999975,-5.362948942600728,-4.909970273551115,0.1629489426007309,0.2900297264488829,0.12708078384815202,1,0,1,0
4282,4282.0,42.82,-5.1999999999999975,-5.3633199455734,-4.910462231899053,0.16331994557340224,0.2895377681009448,0.12621782252754254,1,0,1,0
4283,4283.0,42.83,-5.1999999999999975,-5.362034805453163,-4.911990923053557,0.16203480545316573,0.28800907694644096,0.12597427149327522,1,0,1,0
4284,4284.0,42.84,-5.1999999999999975,-5.360192460893302,-4.912804572729958,0.1601924608933043,0.28719542727003944,0.12700296637673514,1,0,1,0
4285,4285.0,42.85,-5.1999999999999975,-5.359600423334205,-4.913276248925667,0.15960042333420787,0.2867237510743301,0.12712332774012225,1,0,1,0
4286,4286.0,42.86,-5.1999999999999975,-5.360471242537788,-4.912425583080067,0.1604712425377901,0.2875744169199308,0.1271031743821407,1,0,1,0
4287,4287.0,42.87,-5.1999999999999975,-5.360859887154391,-4.912607983320746,0.1608598871543938,0.2873920166792514,0.1265321295248576,1,0,1,0
4288,4288.0,42.88,-5.1999999999999975,-5.361145453529756,-4.913232299174558,0.16114545352975806,0.2867677008254397,0.1256222472956816,1,0,1,0
4289,4289.0,42.89,-5.1999999999999975,-5.359746896980205,-4.912737124713777,0.1597468969802076,0.2872628752862205,0.1275159783060129,1,0,1,0
4290,4290.0,42.9,-5.1999999999999975,-5.35889317438143,-4.911946623454079,0.1588931743814328,0.28805337654591856,0.12916020216448576,1,0,1,0
4291,4291.0,42.91,-5.1999999999999975,-5.360368475790226,-4.910151461075897,0.16036847579022862,0.2898485389241001,0.1294800631338715,1,0,1,0
4292,4292.0,42.92,-5.1999999999999975,-5.360648646197713,-4.910724524625499,0.1606486461977159,0.2892754753744988,0.12862682917678292,1,0,1,0
4293,4293.0,42.93,-5.1999999999999975,-5.360843063156848,-4.909682225535695,0.16084306315685026,0.2903177744643024,0.12947471130745214,1,0,1,0
4294,4294.0,42.94,-5.1999999999999975,-5.362047460880519,-4.909036234791633,0.16204746088052158,0.29096376520836476,0.12891630432784318,1,0,1,0
4295,4295.0,42.95,-5.1999999999999975,-5.361183325467269,-4.907799194593543,0.1611833254672712,0.29220080540645466,0.13101747993918345,1,0,1,0
4296,4296.0,42.96,-5.1999999999999975,-5.360938895773294,-4.907910224563634,0.16093889577329623,0.29208977543636383,0.1311508796630676,1,0,1,0
4297,4297.0,42.97,-5.1999999999999975,-5.362045722428902,-4.909609477364589,0.16204572242890425,0.2903905226354082,0.12834480020650396,1,0,1,0
4298,4298.0,42.98,-5.1999999999999975,-5.361157103987678,-4.910124679540306,0.1611571039876809,0.2898753204596911,0.1287182164720102,1,0,1,0
4299,4299.0,42.99,-5.1999999999999975,-5.362020823255442,-4.9101840966965025,0.1620208232554443,0.28981590330349505,0.12779508004805074,1,0,1,0
4300,4300.0,43.0,-5.1999999999999975,-5.3631116284385465,-4.909617906289844,0.16311162843854898,0.29038209371015355,0.12727046527160457,1,0,1,0
4301,4301.0,43.01,-5.1999999999999975,-5.363936493373971,-4.911521590104284,0.1639364933739733,0.2884784098957134,0.12454191652174007,1,0,1,0
4302,4302.0,43.02,-5.1999999999999975,-5.362097277723302,-4.911068141657439,0.16209727772330407,0.28893185834255863,0.12683458061925457,1,0,1,0
4303,4303.0,43.03,-5.1999999999999975,-5.362497874420108,-4.910486336276712,0.16249787442011066,0.2895136637232856,0.12701578930317492,1,0,1,0
4304,4304.0,43.04,-5.1999999999999975,-5.3638395993808885,-4.910540313668922,0.163839599380891,0.28945968633107544,0.12562008695018445,1,0,1,0
4305,4305.0,43.05,-5.1999999999999975,-5.364961972732588,-4.911237108216553,0.1649619727325904,0.2887628917834446,0.12380091905085422,1,0,1,0
4306,4306.0,43.06,-5.1999999999999975,-5.3664040263973645,-4.912088463783883,0.16640402639736696,0.2879115362161144,0.12150750981874747,1,0,1,0
4307,4307.0,43.07,-5.1999999999999975,-5.366774152511748,-4.911599329662207,0.1667741525117501,0.2884006703377908,0.12162651782604073,1,0,1,0
4308,4308.0,43.08,-5.1999999999999975,-5.366953624971138,-4.910761131323819,0.16695362497114008,0.2892388686761782,0.12228524370503813,1,0,1,0
4309,4309.0,43.09,-5.1999999999999975,-5.36731527590395,-4.9117926851121565,0.16731527590395245,0.288207314887841,0.12089203898388856,1,0,1,0
4310,4310.0,43.1,-5.1999999999999975,-5.364259419897323,-4.912078397483287,0.1642594198973253,0.2879216025167102,0.12366218261938489,1,0,1,0
4311,4311.0,43.11,-5.1999999999999975,-5.363607741852065,-4.912869697631148,0.1636077418520676,0.2871303023688494,0.12352256051678179,1,0,1,0
4312,4312.0,43.12,-5.1999999999999975,-5.36419323115615,-4.911950382607369,0.16419323115615292,0.2880496173926286,0.12385638623647566,1,0,1,0
4313,4313.0,43.13,-5.1999999999999975,-5.364487562538589,-4.911586778159254,0.1644875625385911,0.28841322184074336,0.12392565930215227,1,0,1,0
4314,4314.0,43.14,-5.1999999999999975,-5.364634294587758,-4.911092702256673,0.1646342945877608,0.28890729774332424,0.12427300315556344,1,0,1,0
4315,4315.0,43.15,-5.1999999999999975,-5.364388129287911,-4.911495327118909,0.16438812928791346,0.2885046728810883,0.12411654359317481,1,0,1,0
4316,4316.0,43.16,-5.1999999999999975,-5.361966957066685,-4.912959306564369,0.16196695706668773,0.2870406934356282,0.12507373636894048,1,0,1,0
4317,4317.0,43.17,-5.1999999999999975,-5.3624284647504075,-4.914057400893367,0.16242846475040995,0.28594259910663045,0.1235141343562205,1,0,1,0
4318,4318.0,43.18,-5.1999999999999975,-5.360549846334465,-4.912819662141627,0.1605498463344679,0.2871803378583708,0.12663049152390293,1,0,1,0
4319,4319.0,43.19,-5.1999999999999975,-5.361039812777635,-4.913369314792841,0.1610398127776378,0.2866306852071565,0.12559087242951872,1,0,1,0
4320,4320.0,43.2,-5.1999999999999975,-5.362169341518964,-4.9128963767175655,0.16216934151896645,0.287103623282432,0.12493428176346555,1,0,1,0
4321,4321.0,43.21,-5.1999999999999975,-5.361233771271989,-4.913020806033456,0.16123377127199134,0.28697919396654115,0.1257454226945498,1,0,1,0
4322,4322.0,43.22,-5.1999999999999975,-5.361759690916711,-4.912373782570296,0.16175969091671316,0.2876262174297013,0.12586652651298813,1,0,1,0
4323,4323.0,43.23,-5.1999999999999975,-5.361721293881106,-4.911718165182521,0.16172129388110879,0.28828183481747693,0.12656054093636815,1,0,1,0
4324,4324.0,43.24,-5.1999999999999975,-5.360766411413081,-4.91201337052356,0.1607664114130838,0.2879866294764373,0.12722021806335349,1,0,1,0
4325,4325.0,43.25,-5.1999999999999975,-5.360599766534971,-4.912811268824353,0.16059976653497365,0.2871887311756449,0.12658896464067126,1,0,1,0
4326,4326.0,43.26,-5.1999999999999975,-5.361206370299098,-4.912509720429682,0.16120637029910068,0.28749027957031537,0.1262839092712147,1,0,1,0
4327,4327.0,43.27,-5.1999999999999975,-5.3599651463302145,-4.91118482112595,0.15996514633021697,0.2888151788740476,0.12885003254383065,1,0,1,0
4328,4328.0,43.28,-5.1999999999999975,-5.3576569066064055,-4.909242602423367,0.15765690660640796,0.29075739757663044,0.13310049097022247,1,0,1,0
4329,4329.0,43.29,-5.1999999999999975,-5.357547562930167,-4.910337736321584,0.15754756293016925,0.2896622636784132,0.13211470074824394,1,0,1,0
4330,4330.0,43.3,-5.1999999999999975,-5.355901029301376,-4.909160523262391,0.15590102930137828,0.2908394767376068,0.13493844743622851,1,0,1,0
4331,4331.0,43.31,-5.1999999999999975,-5.356856757439631,-4.907205834421588,0.15685675743963312,0.2927941655784094,0.1359374081387763,1,0,1,0
4332,4332.0,43.32,-5.1999999999999975,-5.358777073086217,-4.906337002672984,0.15877707308621947,0.2936629973270133,0.13488592424079382,1,0,1,0
4333,4333.0,43.33,-5.1999999999999975,-5.358993581262877,-4.906188301371712,0.15899358126287932,0.2938116986282857,0.1348181173654064,1,0,1,0
4334,4334.0,43.34,-5.1999999999999975,-5.358073865722749,-4.907763414719276,0.15807386572275117,0.2922365852807216,0.13416271955797043,1,0,1,0
4335,4335.0,43.35,-5.1999999999999975,-5.359569000353168,-4.908056300686967,0.15956900035317023,0.29194369931303044,0.1323746989598602,1,0,1,0
4336,4336.0,43.36,-5.1999999999999975,-5.361497708581556,-4.907792503044359,0.16149770858155854,0.29220749695563875,0.1307097883740802,1,0,1,0
4337,4337.0,43.37,-5.1999999999999975,-5.362315339491065,-4.908154433660453,0.1623153394910677,0.2918455663395445,0.12953022684847681,1,0,1,0
4338,4338.0,43.38,-5.1999999999999975,-5.362230788695397,-4.910029185606013,0.16223078869539975,0.28997081439398453,0.12774002569858478,1,0,1,0
4339,4339.0,43.39,-5.1999999999999975,-5.3644703896594566,-4.90933757539799,0.16447038965945904,0.2906624246020071,0.12619203494254805,1,0,1,0
4340,4340.0,43.4,-5.1999999999999975,-5.3650744996553765,-4.908904176484899,0.16507449965537901,0.2910958235150982,0.1260213238597192,1,0,1,0
4341,4341.0,43.41,-5.1999999999999975,-5.364906534533452,-4.909932046642028,0.16490653453345416,0.2900679533579691,0.12516141882451493,1,0,1,0
4342,4342.0,43.42,-5.1999999999999975,-5.366961279112208,-4.910247821492534,0.16696127911221037,0.28975217850746393,0.12279089939525356,1,0,1,0
4343,4343.0,43.43,-5.1999999999999975,-5.369300215689565,-4.910966229775485,0.16930021568956732,0.2890337702245125,0.11973355453494516,1,0,1,0
4344,4344.0,43.44,-5.1999999999999975,-5.370541818268599,-4.910592605813098,0.17054181826860138,0.28940739418689976,0.11886557591829838,1,0,1,0
4345,4345.0,43.45,-5.1999999999999975,-5.372002847487289,-4.910029502195023,0.1720028474872919,0.2899704978049744,0.11796765031768253,1,0,1,0
4346,4346.0,43.46,-5.1999999999999975,-5.371374795580197,-4.911215044164726,0.1713747955801992,0.2887849558352711,0.1174101602550719,1,0,1,0
4347,4347.0,43.47,-5.1999999999999975,-5.37179837574726,-4.911638607421794,0.17179837574726253,0.2883613925782038,0.11656301683094128,1,0,1,0
4348,4348.0,43.48,-5.1999999999999975,-5.373187735656727,-4.912566738125012,0.17318773565672974,0.28743326187498575,0.11424552621825601,1,0,1,0
4349,4349.0,43.49,-5.1999999999999975,-5.376282843972443,-4.911513913702685,0.1762828439724453,0.2884860862973122,0.11220324232486689,1,0,1,0
4350,4350.0,43.5,-5.1999999999999975,-5.378534748649391,-4.912448221427584,0.17853474864939312,0.2875517785724133,0.1090170299230202,1,0,1,0
4351,4351.0,43.51,-5.1999999999999975,-5.378871980827656,-4.913293273499848,0.1788719808276582,0.2867067265001495,0.1078347456724913,1,0,1,0
4352,4352.0,43.52,-5.1999999999999975,-5.377853338103775,-4.912623977842679,0.17785333810377768,0.2873760221573187,0.10952268405354104,1,0,1,0
4353,4353.0,43.53,-5.1999999999999975,-5.3784528059255425,-4.914671131148892,0.17845280592554502,0.28532886885110553,0.10687606292556051,1,0,1,0
4354,4354.0,43.54,-5.1999999999999975,-5.377789635088563,-4.915889016267273,0.1777896350885655,0.2841109837327247,0.10632134864415921,1,0,1,0
4355,4355.0,43.55,-5.1999999999999975,-5.3798572937550615,-4.9153137110256155,0.17985729375506398,0.284686288974382,0.10482899521931799,1,0,1,0
4356,4356.0,43.56,-5.1999999999999975,-5.381941661931927,-4.915898252835898,0.18194166193192984,0.2841017471640992,0.10216008523216935,1,0,1,0
4357,4357.0,43.57,-5.1999999999999975,-5.38480663096802,-4.916404149781556,0.18480663096802274,0.28359585021844147,0.09878921925041872,1,0,0,1
4358,4358.0,43.58,-5.1999999999999975,-5.387641892699476,-4.916234203636482,0.18764189269947806,0.2837657963635154,0.09612390366403734,1,0,0,1
4359,4359.0,43.59,-5.1999999999999975,-5.390533810332171,-4.915962094157857,0.1905338103321732,0.2840379058421405,0.0935040955099673,1,0,0,1
4360,4360.0,43.6,-5.1999999999999975,-5.390043869460439,-4.915503313281719,0.1900438694604416,0.28449668671827855,0.09445281725783694,1,0,0,1
4361,4361.0,43.61,-5.1999999999999975,-5.389765247297948,-4.9165473868868155,0.18976524729795052,0.28345261311318204,0.09368736581523152,1,0,0,1
4362,4362.0,43.62,-5.1999999999999975,-5.390018783404705,-4.916169003439815,0.19001878340470757,0.28383099656018285,0.09381221315547528,1,0,0,1
4363,4363.0,43.63,-5.1999999999999975,-5.391698150160056,-4.915685664299973,0.1916981501600583,0.2843143357000244,0.09261618553996609,1,0,0,1
4364,4364.0,43.64,-5.1999999999999975,-5.395143176091793,-4.914263503572217,0.1951431760917952,0.28573649642778065,0.09059332033598544,1,0,0,1
4365,4365.0,43.65,-5.1999999999999975,-5.398805210416318,-4.915837280716404,0.19880521041632004,0.2841627192835938,0.08535750886727378,1,0,0,1
4366,4366.0,43.66,-5.1999999999999975,-5.401538621770741,-4.917331015360903,0.20153862177074355,0.28266898463909484,0.08113036286835129,1,0,0,1
4367,4367.0,43.67,-5.1999999999999975,-5.403768084570161,-4.916567699217689,0.2037680845701635,0.28343230078230874,0.07966421621214526,1,0,0,1
4368,4368.0,43.68,-5.1999999999999975,-5.4043723670824635,-4.915287284053859,0.20437236708246598,0.2847127159461387,0.0803403488636727,1,0,0,1
4369,4369.0,43.69,-5.1999999999999975,-5.404121656474382,-4.9143746142722,0.20412165647438485,0.2856253857277977,0.08150372925341287,1,0,0,1
4370,4370.0,43.7,-5.1999999999999975,-5.40530564775653,-4.913962721625544,0.20530564775653293,0.2860372783744536,0.08073163061792066,1,0,0,1
4371,4371.0,43.71,-5.1999999999999975,-5.407928570573322,-4.9145014598952805,0.20792857057332448,0.285498540104717,0.0775699695313925,1,0,0,1
4372,4372.0,43.72,-5.1999999999999975,-5.408474946436713,-4.914296845732793,0.2084749464367155,0.28570315426720416,0.07722820783048867,1,0,0,1
4373,4373.0,43.73,-5.1999999999999975,-5.411757337610094,-4.914557126710186,0.21175733761009674,0.28544287328981177,0.07368553567971503,1,0,0,1
4374,4374.0,43.74,-5.1999999999999975,-5.415097370391582,-4.914366906233579,0.21509737039158416,0.28563309376641843,0.07053572337483427,1,0,0,1
4375,4375.0,43.75,-5.1999999999999975,-5.4181360050383915,-4.915218139496669,0.21813600503839403,0.28478186050332877,0.06664585546493473,1,0,0,1
4376,4376.0,43.76,-5.1999999999999975,-5.41967320812588,-4.914512997458223,0.2196732081258821,0.2854870025417746,0.06581379441589252,1,0,0,1
4377,4377.0,43.77,-5.1999999999999975,-5.420909924729342,-4.914063494738742,0.22090992472934445,0.28593650526125547,0.06502658053191102,1,0,0,1
4378,4378.0,43.78,-5.1999999999999975,-5.423760809753548,-4.914585137367816,0.22376080975355084,0.2854148626321811,0.06165405287863024,1,0,0,1
4379,4379.0,43.79,-5.1999999999999975,-5.426725559046175,-4.914648493118099,0.22672555904617742,0.2853515068818986,0.05862594783572117,1,0,0,1
4380,4380.0,43.8,-5.1999999999999975,-5.430461912501844,-4.915387760831864,0.23046191250184656,0.2846122391681334,0.05415032666628683,1,0,0,1
4381,4381.0,43.81,-5.1999999999999975,-5.43231458568283,-4.915338034272402,0.2323145856828326,0.2846619657275955,0.052347380044762915,1,0,0,1
4382,4382.0,43.82,-5.1999999999999975,-5.434067271457646,-4.9149189326524505,0.23406727145764883,0.285081067347547,0.051013795889898184,1,0,0,1
4383,4383.0,43.83,-5.1999999999999975,-5.433867476894734,-4.9152163696573234,0.2338674768947362,0.28478363034267407,0.05091615344793787,1,0,0,1
4384,4384.0,43.84,-5.1999999999999975,-5.4328693630328715,-4.9153228099770265,0.23286936303287398,0.284677190022971,0.051807826990097006,1,0,0,1
4385,4385.0,43.85,-5.1999999999999975,-5.43506516299203,-4.914703965010058,0.23506516299203284,0.2852960349899396,0.05023087199790677,1,0,0,1
4386,4386.0,43.86,-5.1999999999999975,-5.435275378046205,-4.914212437485902,0.23527537804620735,0.28578756251409576,0.05051218446788841,1,0,0,1
4387,4387.0,43.87,-5.1999999999999975,-5.4356624283857204,-4.914994637827202,0.23566242838572293,0.2850053621727957,0.049342933787072774,1,0,0,1
4388,4388.0,43.88,-5.1999999999999975,-5.437127358570474,-4.916933853124575,0.2371273585704765,0.28306614687542275,0.04593878830494624,1,0,0,1
4389,4389.0,43.89,-5.1999999999999975,-5.438171231561726,-4.916882479437089,0.23817123156172837,0.2831175205629082,0.04494628900117981,1,0,0,1
4390,4390.0,43.9,-5.1999999999999975,-5.440360065749324,-4.916093720832387,0.24036006574932678,0.2839062791676108,0.04354621341828402,1,0,0,1
4391,4391.0,43.91,-5.1999999999999975,-5.442310043892011,-4.915628300174014,0.24231004389201338,0.2843716998259831,0.04206165593396971,1,0,0,1
4392,4392.0,43.92,-5.1999999999999975,-5.442948186374919,-4.916709862073462,0.24294818637492188,0.2832901379265351,0.04034195155161324,1,0,0,1
4393,4393.0,43.93,-5.1999999999999975,-5.4435568478458745,-4.918383657059911,0.24355684784587694,0.28161634294008664,0.038059495094209694,1,0,0,1
4394,4394.0,43.94,-5.1999999999999975,-5.444281652626671,-4.918759382784304,0.24428165262667356,0.28124061721569316,0.036958964589019594,1,0,0,1
4395,4395.0,43.95,-5.1999999999999975,-5.446112811929678,-4.918506201398635,0.24611281192968093,0.28149379860136214,0.035380986671681214,1,0,0,1
4396,4396.0,43.96,-5.1999999999999975,-5.447716267512069,-4.918619863360132,0.24771626751207165,0.28138013663986516,0.03366386912779351,1,0,0,1
4397,4397.0,43.97,-5.1999999999999975,-5.44898075897104,-4.917266844809201,0.24898075897104288,0.28273315519079656,0.03375239621975368,1,0,0,1
4398,4398.0,43.98,-5.1999999999999975,-5.448773081323923,-4.917448530146153,0.24877308132392528,0.2825514698538445,0.03377838852991921,1,0,0,1
4399,4399.0,43.99,-5.1999999999999975,-5.447095763074862,-4.9165542029923754,0.24709576307486447,0.28344579700762207,0.0363500339327576,1,0,0,1
4400,4400.0,44.0,-5.1999999999999975,-5.446218226752297,-4.916009986894591,0.24621822675229943,0.2839900131054067,0.037771786353107295,1,0,0,1
4401,4401.0,44.01,-5.1997845370370355,-5.441772283780612,-4.915015467712416,0.24198774674357626,0.28476906932461965,0.04278132258104339,1,0,0,1
4402,4402.0,44.02,-5.1995690740740725,-5.438314429641679,-4.915451323421492,0.23874535556760623,0.28411775065258027,0.04537239508497404,1,0,0,1
4403,4403.0,44.03,-5.1993536111111105,-5.434342798841479,-4.917616540433418,0.2349891877303687,0.2817370706776927,0.046747882947324015,1,0,0,1
4404,4404.0,44.04,-5.199138148148148,-5.429190037047884,-4.915268620166834,0.2300518888997365,0.28386952798131393,0.05381763908157744,1,0,0,1
4405,4405.0,44.05,-5.1989226851851855,-5.425785701189678,-4.915619193630413,0.22686301600449266,0.2833034915547721,0.05644047555027942,1,0,0,1
4406,4406.0,44.06,-5.198281111111112,-5.4222841011963725,-4.915461817072446,0.22400299008526048,0.28281929403866624,0.05881630395340576,1,0,0,1
4407,4407.0,44.07,-5.197639537037035,-5.417900919908024,-4.915303000643928,0.22026138287098895,0.28233653639310674,0.06207515352211779,1,0,0,1
4408,4408.0,44.08,-5.1969979629629615,-5.412106750746895,-4.915693133535341,0.21510878778393394,0.28130482942762036,0.06619604164368642,1,0,0,1
4409,4409.0,44.09,-5.196356388888889,-5.40604357514128,-4.9129783115594625,0.20968718625239102,0.2833780773294263,0.0736908910770353,1,0,0,1
4410,4410.0,44.1,-5.195714814814816,-5.4034599986347445,-4.913024234315973,0.20774518381992824,0.2826905804988433,0.07494539667891509,1,0,0,1
4411,4411.0,44.11,-5.1946543518518515,-5.400313828460283,-4.911716952252114,0.20565947660843165,0.28293739959973774,0.07727792299130609,1,0,0,1
4412,4412.0,44.12,-5.193593888888892,-5.397858843595534,-4.911137198131066,0.20426495470664197,0.28245669075782587,0.0781917360511839,1,0,0,1
4413,4413.0,44.13,-5.192533425925927,-5.3936446705724235,-4.910668943844675,0.20111124464649688,0.2818644820812519,0.08075323743475504,1,0,0,1
4414,4414.0,44.14,-5.191472962962961,-5.388285296176199,-4.910064499651566,0.19681233321323788,0.28140846331139535,0.08459613009815747,1,0,0,1
4415,4415.0,44.15,-5.190412500000001,-5.387523238876941,-4.909896727306746,0.19711073887694042,0.28051577269325456,0.08340503381631414,1,0,0,1
4416,4416.0,44.16,-5.188940370370371,-5.383352643845837,-4.909601622083361,0.1944122734754652,0.2793387482870102,0.08492647481154503,1,0,0,1
4417,4417.0,44.17,-5.187468240740743,-5.37898783997288,-4.910384850491399,0.19151959923213724,0.27708339024934414,0.0855637910172069,1,0,0,1
4418,4418.0,44.18,-5.185996111111113,-5.3756269600695905,-4.909552053266405,0.18963084895847793,0.2764440578447074,0.08681320888622945,1,0,0,1
4419,4419.0,44.19,-5.184523981481483,-5.371463519166502,-4.908623495018964,0.18693953768501892,0.2759004864625192,0.08896094877750027,1,0,0,1
4420,4420.0,44.2,-5.183051851851854,-5.366650439584359,-4.908719416656322,0.18359858773250526,0.2743324351955314,0.09073384746302615,1,0,0,1
4421,4421.0,44.21,-5.181175277777776,-5.3608103782330625,-4.908394688870041,0.17963510045528608,0.27278058890773504,0.09314548845244897,1,0,0,1
4422,4422.0,44.22,-5.179298703703706,-5.353006824564415,-4.9063903386411765,0.17370812086070853,0.2729083650625297,0.09920024420182116,1,0,0,1
4423,4423.0,44.23,-5.17742212962963,-5.346821931352737,-4.9039389671698395,0.16939980172310776,0.2734831624597902,0.10408336073668245,1,0,1,0
4424,4424.0,44.24,-5.175545555555553,-5.341565838765722,-4.903212279690247,0.1660202832101687,0.2723332758653063,0.1063129926551376,1,0,1,0
4425,4425.0,44.25,-5.173668981481482,-5.339567782406164,-4.900062950549915,0.16589880092468157,0.27360603093156666,0.10770723000688509,1,0,1,0
4426,4426.0,44.26,-5.171395185185187,-5.332908142999823,-4.89842832011073,0.1615129578146366,0.2729668650744568,0.11145390725982018,1,0,1,0
4427,4427.0,44.27,-5.169121388888886,-5.329160429160697,-4.896262912459754,0.16003904027181104,0.27285847642913197,0.11281943615732093,1,0,1,0
4428,4428.0,44.28,-5.166847592592592,-5.326445646128719,-4.8945828935281686,0.15959805353612744,0.2722646990644231,0.11266664552829564,1,0,1,0
4429,4429.0,44.29,-5.164573796296296,-5.31992297054703,-4.894025265328625,0.15534917425073402,0.2705485309676714,0.11519935671693737,1,0,1,0
4430,4430.0,44.3,-5.162300000000001,-5.314223479233851,-4.893141236003307,0.15192347923384997,0.26915876399669436,0.1172352847628444,1,0,1,0
4431,4431.0,44.31,-5.159636203703705,-5.309901418036624,-4.891193141469411,0.15026521433291862,0.2684430622342946,0.11817784790137598,1,0,1,0
4432,4432.0,44.32,-5.15697240740741,-5.305727178199375,-4.890513821247964,0.14875477079196564,0.2664585861594455,0.11770381536747987,1,0,1,0
4433,4433.0,44.33,-5.154308611111113,-5.303431988524824,-4.88953198933626,0.1491233774137104,0.2647766217748533,0.11565324436114288,1,0,1,0
4434,4434.0,44.34,-5.151644814814817,-5.300426907773098,-4.886595121725209,0.1487820929582817,0.26504969308960735,0.11626760013132564,1,0,1,0
4435,4435.0,44.35,-5.14898101851852,-5.299296624793572,-4.884500868577133,0.15031560627505236,0.26448014994138713,0.11416454366633477,1,0,1,0
4436,4436.0,44.36,-5.145934444444445,-5.29665712799204,-4.8819274268174775,0.15072268354759455,0.26400701762696777,0.11328433407937322,1,0,1,0
4437,4437.0,44.37,-5.14288787037037,-5.29325996395434,-4.879929811719675,0.15037209358396986,0.2629580586506952,0.11258596506672536,1,0,1,0
4438,4438.0,44.38,-5.1398412962962965,-5.290217666759583,-4.877065756433363,0.15037637046328634,0.26277553986293345,0.11239916939964711,1,0,1,0
4439,4439.0,44.39,-5.136794722222222,-5.282535257234917,-4.876699203782206,0.14574053501269546,0.260095518440016,0.11435498342732053,1,0,1,0
4440,4440.0,44.4,-5.133748148148147,-5.276383503587459,-4.8753193006529605,0.14263535543931205,0.25842884749518635,0.1157934920558743,1,0,1,0
4441,4441.0,44.41,-5.130326018518517,-5.269488825537796,-4.872659262671746,0.13916280701927963,0.25766675584677046,0.11850394882749082,1,0,1,0
4442,4442.0,44.42,-5.126903888888887,-5.264030457335938,-4.870430909043452,0.13712656844705062,0.2564729798454355,0.11934641139838487,1,0,1,0
4443,4443.0,44.43,-5.123481759259256,-5.261817233916187,-4.867072650423817,0.1383354746569303,0.256409108835439,0.11807363417850869,1,0,1,0
4444,4444.0,44.44,-5.120059629629632,-5.258630041593728,-4.864564297564895,0.13857041196409536,0.2554953320647373,0.11692492010064193,1,0,1,0
4445,4445.0,44.45,-5.116637499999997,-5.254379503519846,-4.8622586231083815,0.13774200351984955,0.2543788768916153,0.11663687337176576,1,0,1,0
4446,4446.0,44.46,-5.112847037037033,-5.250045709582853,-4.857334328692644,0.13719867254581963,0.25551270834438977,0.11831403579857014,1,0,1,0
4447,4447.0,44.47,-5.109056574074076,-5.247759885779103,-4.854452075519351,0.1387033117050267,0.2546044985547251,0.11590118684969841,1,0,1,0
4448,4448.0,44.48,-5.105266111111108,-5.239814515404914,-4.850189113885466,0.1345484042938061,0.25507699722564237,0.12052859293183626,1,0,1,0
4449,4449.0,44.49,-5.101475648148146,-5.230835285157034,-4.846613042550984,0.1293596370088883,0.2548626055971619,0.1255029685882736,1,0,1,0
4450,4450.0,44.5,-5.097685185185183,-5.224766159146817,-4.842369662025288,0.1270809739616343,0.25531552315989536,0.12823454919826105,1,0,1,0
4451,4451.0,44.51,-5.093533611111111,-5.217143484275999,-4.838322712201047,0.12360987316488803,0.25521089891006365,0.13160102574517563,1,0,1,0
4452,4452.0,44.52,-5.089382037037037,-5.211103202162906,-4.835266530878793,0.1217211651258685,0.25411550615824385,0.13239434103237535,1,0,1,0
4453,4453.0,44.53,-5.085230462962965,-5.207125260005657,-4.830337967957923,0.12189479704269157,0.2548924950050422,0.13299769796235061,1,0,1,0
4454,4454.0,44.54,-5.081078888888888,-5.201739933872774,-4.82763682636796,0.12066104498388608,0.2534420625209277,0.13278101753704163,1,0,1,0
4455,4455.0,44.55,-5.076927314814815,-5.196285869992733,-4.822882983528129,0.11935855517791794,0.2540443312866856,0.13468577610876764,1,0,1,0
4456,4456.0,44.56,-5.07242185185185,-5.189719688406419,-4.819748993698348,0.11729783655456938,0.2526728581535016,0.13537502159893222,1,0,1,0
4457,4457.0,44.57,-5.06791638888889,-5.184327136453465,-4.817237230262652,0.11641074756457481,0.25067915862623824,0.13426841106166343,1,0,1,0
4458,4458.0,44.58,-5.063410925925925,-5.179032496852632,-4.813531974790396,0.11562157092670766,0.24987895113552838,0.13425738020882072,1,0,1,0
4459,4459.0,44.59,-5.05890546296296,-5.173975177569326,-4.8084836731107945,0.11506971460636617,0.25042178985216523,0.13535207524579906,1,0,1,0
4460,4460.0,44.6,-5.054400000000001,-5.165407333552804,-4.804584891845928,0.11100733355280301,0.24981510815407315,0.13880777460127014,1,0,1,0
4461,4461.0,44.61,-5.049547870370372,-5.158267626020663,-4.802299654580838,0.10871975565029146,0.2472482157895337,0.13852846013924225,1,0,1,0
4462,4462.0,44.62,-5.0446957407407425,-5.152765071586693,-4.798596185859195,0.10806933084595016,0.2460995548815479,0.13803022403559773,1,0,1,0
4463,4463.0,44.63,-5.039843611111108,-5.14590861062759,-4.794120634159866,0.10606499951648196,0.24572297695124146,0.1396579774347595,1,0,1,0
4464,4464.0,44.64,-5.0349914814814785,-5.137924101827071,-4.78861518129497,0.1029326203455927,0.24637630018650825,0.14344367984091555,1,0,1,0
4465,4465.0,44.65,-5.030139351851849,-5.131941665255629,-4.784562340653608,0.10180231340377954,0.24557701119824138,0.14377469779446184,1,0,1,0
4466,4466.0,44.66,-5.024947777777774,-5.128416583465439,-4.7818901387547506,0.10346880568766537,0.24305763902302324,0.13958883333535788,1,0,1,0
4467,4467.0,44.67,-5.019756203703704,-5.122667967322826,-4.777690956497194,0.10291176361912235,0.24206524720650968,0.13915348358738733,1,0,1,0
4468,4468.0,44.68,-5.014564629629628,-5.115809904970646,-4.772502466354241,0.10124527534101802,0.24206216327538677,0.14081688793436875,1,0,1,0
4469,4469.0,44.69,-5.009373055555558,-5.109519991718058,-4.768737090271241,0.10014693616250003,0.24063596528431663,0.1404890291218166,1,0,1,0
4470,4470.0,44.7,-5.004181481481481,-5.10273124580847,-4.766205698081463,0.09854976432698859,0.23797578340001824,0.13942601907302965,1,0,1,0
4471,4471.0,44.71,-4.998657685185187,-5.094433495154024,-4.763898269027759,0.09577580996883661,0.234759416157428,0.1389836061885914,1,0,1,0
4472,4472.0,44.72,-4.993133888888888,-5.087281148266051,-4.759094796065125,0.09414725937716284,0.234039092823763,0.13989183344660017,1,0,1,0
4473,4473.0,44.73,-4.987610092592588,-5.083020225190715,-4.755239046488355,0.09541013259812736,0.23237104610423298,0.13696091350610562,1,0,1,0
4474,4474.0,44.74,-4.982086296296294,-5.075746670755743,-4.750323256081888,0.09366037445944908,0.23176304021440597,0.1381026657549569,1,0,1,0
4475,4475.0,44.75,-4.9765625,-5.06777017971053,-4.7445338820657055,0.09120767971053034,0.23202861793429452,0.14082093822376418,1,0,1,0
4476,4476.0,44.76,-4.970713703703705,-5.059763300650359,-4.741764615172942,0.08904959694665404,0.22894908853076323,0.1398994915841092,1,0,1,0
4477,4477.0,44.77,-4.964864907407404,-5.0531528984462835,-4.73738435006688,0.08828799103887963,0.22748055734052386,0.13919256630164423,1,0,1,0
4478,4478.0,44.78,-4.959016111111109,-5.0472811776200786,-4.731242402002914,0.0882650665089697,0.22777370910819528,0.13950864259922557,1,0,1,0
4479,4479.0,44.79,-4.953167314814813,-5.0384534410954345,-4.726533850165981,0.08528612628062149,0.22663346464883194,0.14134733836821045,1,0,1,0
4480,4480.0,44.8,-4.947318518518518,-5.032707377648077,-4.720723567678603,0.08538885912955863,0.22659495083991477,0.14120609171035614,1,0,1,0
4481,4481.0,44.81,-4.941151944444445,-5.026837907978119,-4.715601445129185,0.08568596353367397,0.2255504993152595,0.13986453578158553,1,0,1,0
4482,4482.0,44.82,-4.934985370370372,-5.022540586394435,-4.709566727346661,0.08755521602406269,0.22541864302371106,0.13786342699964838,1,0,1,0
4483,4483.0,44.83,-4.928818796296298,-5.017336896685721,-4.7036208309028105,0.08851810038942265,0.22519796539348746,0.13667986500406482,1,0,1,0
4484,4484.0,44.84,-4.9226522222222195,-5.013510782568835,-4.698385779887239,0.09085856034661521,0.22426644233498028,0.13340788198836506,1,0,1,0
4485,4485.0,44.85,-4.9164856481481465,-5.008172564133698,-4.695420841703027,0.09168691598555156,0.22106480644511972,0.12937789045956816,1,0,1,0
4486,4486.0,44.86,-4.910008518518517,-4.99950341662887,-4.690418297317168,0.0894948981103525,0.21959022120134897,0.13009532309099647,1,0,1,0
4487,4487.0,44.87,-4.903531388888888,-4.993967547291815,-4.684059325842137,0.09043615840292674,0.2194720630467515,0.12903590464382475,1,0,1,0
4488,4488.0,44.88,-4.89705425925926,-4.986213959629718,-4.6773849811853685,0.08915970037045806,0.21966927807389158,0.13050957770343352,1,0,1,0
4489,4489.0,44.89,-4.890577129629632,-4.980578227714179,-4.672204139687016,0.0900010980845467,0.21837298994261545,0.12837189185806874,1,0,1,0
4490,4490.0,44.9,-4.884100000000003,-4.972092144038788,-4.666253124260247,0.08799214403878519,0.21784687573975603,0.12985473170097084,1,0,1,0
4491,4491.0,44.91,-4.877319537037036,-4.967205831713033,-4.661459224786666,0.08988629467599729,0.21586031225036972,0.12597401757437243,1,0,1,0
4492,4492.0,44.92,-4.870539074074076,-4.959536911174347,-4.65423281670401,0.08899783710027087,0.21630625737006604,0.12730842026979516,1,0,1,0
4493,4493.0,44.93,-4.863758611111114,-4.9546555170132764,-4.64789611515864,0.09089690590216204,0.2158624959524742,0.12496559005031216,1,0,1,0
4494,4494.0,44.94,-4.856978148148148,-4.944795284924137,-4.642088198352744,0.08781713677598901,0.21488994979540355,0.12707281301941453,1,0,1,0
4495,4495.0,44.95,-4.850197685185181,-4.938583902390037,-4.63581301920381,0.08838621720485573,0.2143846659813713,0.12599844877651556,1,0,1,0
4496,4496.0,44.96,-4.84312111111111,-4.932143342496593,-4.628947414881836,0.08902223138548315,0.21417369622927396,0.1251514648437908,1,0,1,0
4497,4497.0,44.97,-4.83604453703704,-4.926986682969185,-4.622279930883437,0.09094214593214467,0.21376460615360315,0.12282246022145848,1,0,1,0
4498,4498.0,44.98,-4.828967962962963,-4.917660574228808,-4.616041295494132,0.08869261126584504,0.21292666746883082,0.12423405620298578,1,0,1,0
4499,4499.0,44.99,-4.821891388888887,-4.911300348372096,-4.610114707468045,0.08940895948320904,0.21177668142084194,0.1223677219376329,1,0,1,0
4500,4500.0,45.0,-4.814814814814817,-4.903681881750106,-4.602715097650859,0.08886706693528978,0.2120997171639578,0.12323265022866803,1,0,1,0
4501,4501.0,45.01,-4.807449351851854,-4.896514008938306,-4.596071356341911,0.0890646570864515,0.21137799550994352,0.12231333842349201,1,0,1,0
4502,4502.0,45.02,-4.800083888888885,-4.889676891312612,-4.59049745723211,0.08959300242372681,0.20958643165677504,0.11999342923304823,1,0,1,0
4503,4503.0,45.03,-4.792718425925927,-4.883614328571015,-4.5846203164656,0.09089590264508818,0.20809810946032758,0.11720220681523941,1,0,1,0
4504,4504.0,45.04,-4.785352962962965,-4.874050767892051,-4.577827337994727,0.08869780492908586,0.20752562496823757,0.11882782003915171,1,0,1,0
4505,4505.0,45.05,-4.7779874999999965,-4.867424767408683,-4.57139604754889,0.08943726740868652,0.20659145245110633,0.11715418504241981,1,0,1,0
4506,4506.0,45.06,-4.77034037037037,-4.863153525311415,-4.566017927033909,0.09281315494104536,0.2043224433364612,0.11150928839541585,1,0,1,0
4507,4507.0,45.07,-4.762693240740743,-4.856009383929753,-4.5614208883313525,0.09331614318900971,0.2012723524093909,0.10795620922038118,1,0,1,0
4508,4508.0,45.08,-4.755046111111111,-4.848643226230265,-4.55379624811805,0.09359711511915414,0.2012498629930608,0.10765274787390666,1,0,1,0
4509,4509.0,45.09,-4.747398981481478,-4.839376011078305,-4.545979235516513,0.09197702959682719,0.20141974596496492,0.10944271636813774,1,0,1,0
4510,4510.0,45.1,-4.739751851851851,-4.834202872372532,-4.539634421755622,0.09445102052068055,0.2001174300962294,0.10566640957554885,1,0,1,0
4511,4511.0,45.11,-4.731830277777778,-4.828130094348741,-4.534949445792951,0.09629981657096298,0.19688083198482698,0.100581015413864,1,0,1,0
4512,4512.0,45.12,-4.723908703703705,-4.822573584065722,-4.529524285327835,0.09866488036201737,0.19438441837587028,0.09571953801385291,1,0,0,1
4513,4513.0,45.13,-4.715987129629625,-4.812352816843081,-4.522364062324736,0.09636568721345551,0.19362306730488932,0.09725738009143381,1,0,0,1
4514,4514.0,45.14,-4.7080655555555575,-4.803481584409362,-4.515452624704628,0.09541602885380485,0.19261293085092923,0.09719690199712439,1,0,0,1
4515,4515.0,45.15,-4.700143981481484,-4.796971631381585,-4.508145123363825,0.09682764990010106,0.1919988581176595,0.09517120821755842,1,0,0,1
4516,4516.0,45.16,-4.691955185185183,-4.788138929775882,-4.502402968628369,0.09618374459069923,0.1895522165568142,0.09336847196611497,1,0,0,1
4517,4517.0,45.17,-4.68376638888889,-4.778521155320995,-4.494202744392841,0.09475476643210445,0.18956364449604912,0.09480887806394467,1,0,0,1
4518,4518.0,45.18,-4.675577592592594,-4.769701824934116,-4.486647563503767,0.0941242323415219,0.1889300290888274,0.09480579674730549,1,0,0,1
4519,4519.0,45.19,-4.667388796296297,-4.759591046859753,-4.478296877081903,0.09220225056345566,0.18909191921439383,0.09688966865093818,1,0,0,1
4520,4520.0,45.2,-4.6592,-4.750895838089431,-4.469924924990386,0.09169583808943038,0.18927507500961394,0.09757923692018355,1,0,0,1
4521,4521.0,45.21,-4.650751203703702,-4.742178622413527,-4.4636470387292,0.09142741870982452,0.18710416497450222,0.0956767462646777,1,0,0,1
4522,4522.0,45.22,-4.64230240740741,-4.736129386553561,-4.455627523885101,0.09382697914615079,0.18667488352230865,0.09284790437615786,1,0,0,1
4523,4523.0,45.23,-4.633853611111107,-4.727674775431013,-4.447637686828823,0.09382116431990628,0.1862159242822834,0.09239475996237712,1,0,0,1
4524,4524.0,45.24,-4.625404814814814,-4.7190251909878835,-4.4387595082279745,0.09362037617306918,0.18664530658683987,0.09302493041377069,1,0,0,1
4525,4525.0,45.25,-4.616956018518517,-4.709320149647577,-4.4305204135543725,0.09236413112906039,0.18643560496414402,0.09407147383508363,1,0,0,1
4526,4526.0,45.26,-4.608254444444446,-4.701167991196745,-4.4238167001350845,0.09291354675229879,0.18443774430936166,0.09152419755706287,1,0,0,1
4527,4527.0,45.27,-4.5995528703703705,-4.690123148038279,-4.415649812601323,0.0905702776679087,0.18390305776904725,0.09333278010113855,1,0,0,1
4528,4528.0,45.28,-4.590851296296295,-4.680993911314066,-4.405610937272564,0.0901426150177711,0.18524035902373104,0.09509774400595994,1,0,0,1
4529,4529.0,45.29,-4.5821497222222245,-4.67384410215851,-4.39661620933622,0.09169437993628549,0.18553351288600428,0.0938391329497188,1,0,0,1
4530,4530.0,45.3,-4.573448148148143,-4.665284130535843,-4.3891249258690355,0.09183598238770063,0.18432322227910714,0.0924872398914065,1,0,0,1
4531,4531.0,45.31,-4.564501018518517,-4.655004178015642,-4.382116397911429,0.09050315949712484,0.18238462060708827,0.09188146110996342,1,0,0,1
4532,4532.0,45.32,-4.555553888888887,-4.644358771996526,-4.372763043348921,0.08880488310763912,0.18279084553996583,0.09398596243232671,1,0,0,1
4533,4533.0,45.33,-4.546606759259262,-4.6363996587623175,-4.363528335861613,0.08979289950305525,0.18307842339764946,0.09328552389459421,1,0,0,1
4534,4534.0,45.34,-4.5376596296296245,-4.628404061180444,-4.354604356336871,0.09074443155081902,0.18305527329275328,0.09231084174193427,1,0,0,1
4535,4535.0,45.35,-4.5287125,-4.619784768417666,-4.347578769318726,0.09107226841766547,0.1811337306812737,0.09006146226360823,1,0,0,1
4536,4536.0,45.36,-4.5195270370370375,-4.606532886754523,-4.340246771759218,0.08700584971748526,0.1792802652778196,0.09227441556033433,1,0,0,1
4537,4537.0,45.37,-4.510341574074079,-4.595784119043408,-4.330653176140261,0.08544254496932879,0.17968839793381797,0.09424585296448917,1,0,0,1
4538,4538.0,45.38,-4.501156111111111,-4.586836186229037,-4.32117141452043,0.08568007511792608,0.17998469659068128,0.0943046214727552,1,0,0,1
4539,4539.0,45.39,-4.491970648148148,-4.579404030778656,-4.312939183767222,0.08743338263050848,0.17903146438092588,0.09159808175041739,1,0,0,1
4540,4540.0,45.4,-4.482785185185184,-4.56844694869677,-4.304641770301854,0.0856617635115855,0.17814341488333074,0.09248165137174524,1,0,0,1
4541,4541.0,45.41,-4.473368611111106,-4.559634427821081,-4.296181979964507,0.08626581670997435,0.17718663114659972,0.09092081443662536,1,0,0,1
4542,4542.0,45.42,-4.463952037037034,-4.550552578455469,-4.28775821722496,0.0866005414184352,0.17619381981207383,0.08959327839363862,1,0,0,1
4543,4543.0,45.43,-4.454535462962961,-4.543722055929522,-4.279537556121209,0.08918659296656095,0.1749979068417522,0.08581131387519125,1,0,0,1
4544,4544.0,45.44,-4.4451188888888895,-4.533432948427657,-4.272704092416099,0.08831405953876725,0.17241479647279068,0.08410073693402342,1,0,0,1
4545,4545.0,45.45,-4.435702314814812,-4.524220775290097,-4.262979664641467,0.08851846047528511,0.17272265017334476,0.08420418969805965,1,0,0,1
4546,4546.0,45.46,-4.426061851851853,-4.512888185013689,-4.254433889846135,0.08682633316183619,0.17162796200571773,0.08480162884388154,1,0,0,1
4547,4547.0,45.47,-4.416421388888887,-4.504282631218382,-4.245725174708695,0.08786124232949533,0.1706962141801922,0.08283497185069688,1,0,0,1
4548,4548.0,45.48,-4.406780925925923,-4.49634069178504,-4.2360304924071315,0.08955976585911696,0.1707504335187915,0.08119066765967453,1,0,0,1
4549,4549.0,45.49,-4.397140462962959,-4.4858955337510995,-4.22914389858379,0.0887550707881406,0.16799656437916877,0.07924149359102817,1,0,0,1
4550,4550.0,45.5,-4.3875,-4.476531848230058,-4.220659003027191,0.08903184823005805,0.16684099697280885,0.0778091487427508,1,0,0,1
4551,4551.0,45.51,-4.377642870370371,-4.466476768819988,-4.211252950839141,0.08883389844961709,0.1663899195312304,0.0775560210816133,1,0,0,1
4552,4552.0,45.52,-4.367785740740738,-4.456218524861204,-4.202351314849365,0.0884327841204664,0.16543442589137225,0.07700164177090585,1,0,0,1
4553,4553.0,45.53,-4.3579286111111095,-4.446296273328119,-4.192446301839375,0.08836766221700909,0.16548230927173435,0.07711464705472526,1,0,0,1
4554,4554.0,45.54,-4.348071481481481,-4.435570184043092,-4.182479586778762,0.08749870256161074,0.16559189470271907,0.07809319214110833,1,0,0,1
4555,4555.0,45.55,-4.338214351851848,-4.425273037616804,-4.173271783255195,0.08705868576495579,0.16494256859665324,0.07788388283169745,1,0,0,1
4556,4556.0,45.56,-4.328147777777773,-4.415443435409359,-4.164419928860531,0.08729565763158575,0.163727848917242,0.07643219128565626,1,0,0,1
4557,4557.0,45.57,-4.318081203703704,-4.4050887107537,-4.153928626938394,0.0870075070499956,0.1641525767653098,0.07714506971531421,1,0,0,1
4558,4558.0,45.58,-4.30801462962963,-4.3929308763320325,-4.145449542334971,0.08491624670240228,0.16256508729465935,0.07764884059225707,1,0,0,1
4559,4559.0,45.59,-4.297948055555549,-4.382767721939902,-4.136111079012972,0.08481966638435257,0.16183697654257756,0.077017310158225,1,0,0,1
4560,4560.0,45.6,-4.287881481481481,-4.372580009280075,-4.127028289005954,0.08469852779859366,0.16085319247552654,0.07615466467693288,1,0,0,1
4561,4561.0,45.61,-4.277612685185188,-4.363351430579719,-4.117642560454031,0.08573874539453108,0.15997012473115735,0.07423137933662627,1,0,0,1
4562,4562.0,45.62,-4.267343888888891,-4.353231351441582,-4.109080790376234,0.08588746255269086,0.15826309851265652,0.07237563595996566,1,0,0,1
4563,4563.0,45.63,-4.257075092592592,-4.3421830097022305,-4.099255647932637,0.08510791710963872,0.157819444659955,0.07271152755031629,1,0,0,1
4564,4564.0,45.64,-4.246806296296294,-4.330647510179917,-4.088550839686759,0.08384121388362331,0.15825545660953466,0.07441424272591135,1,0,0,1
4565,4565.0,45.65,-4.236537500000002,-4.317954684451959,-4.077580190240444,0.08141718445195778,0.15895730975955757,0.0775401253075998,1,0,0,1
4566,4566.0,45.66,-4.226073703703703,-4.306559256848409,-4.067396936045024,0.0804855531447064,0.15867676765867866,0.07819121451397226,1,0,0,1
4567,4567.0,45.67,-4.215609907407405,-4.2934880679373535,-4.057657790344225,0.07787816052994856,0.15795211706318035,0.0800739565332318,1,0,0,1
4568,4568.0,45.68,-4.2051461111111115,-4.28208773883139,-4.047683381062115,0.07694162772027813,0.15746273004899614,0.08052110232871801,1,0,0,1
4569,4569.0,45.69,-4.194682314814819,-4.268922215380205,-4.036718998622691,0.07423990056538621,0.1579633161921281,0.0837234156267419,1,0,0,1
4570,4570.0,45.7,-4.184218518518515,-4.260132499192787,-4.025902622518286,0.07591398067427235,0.15831589600022866,0.08240191532595631,1,0,0,1
4571,4571.0,45.71,-4.173566944444443,-4.252193971547629,-4.015057765383501,0.07862702710318636,0.15850917906094164,0.07988215195775528,1,0,0,1
4572,4572.0,45.72,-4.1629153703703725,-4.243785404723827,-4.0055185700346545,0.0808700343534543,0.157396800335718,0.07652676598226371,1,0,0,1
4573,4573.0,45.73,-4.152263796296291,-4.232459182340187,-3.993414026827343,0.0801953860438962,0.1588497694689477,0.07865438342505149,1,0,0,1
4574,4574.0,45.74,-4.14161222222222,-4.222061082736692,-3.981252288215482,0.08044886051447264,0.16035993400673743,0.07991107349226478,1,0,0,1
4575,4575.0,45.75,-4.130960648148149,-4.21036632098244,-3.9710010327403182,0.0794056728342909,0.1599596154078311,0.0805539425735402,1,0,0,1
4576,4576.0,45.76,-4.1201285185185235,-4.197968124958799,-3.961763967162097,0.07783960644027577,0.15836455135642646,0.0805249449161507,1,0,0,1
4577,4577.0,45.77,-4.109296388888886,-4.1848422836254455,-3.951673334456992,0.07554589473655948,0.15762305443189417,0.08207715969533469,1,0,0,1
4578,4578.0,45.78,-4.098464259259256,-4.174324980011886,-3.940845729883067,0.0758607207526305,0.15761852937618892,0.08175780862355841,1,0,0,1
4579,4579.0,45.79,-4.08763212962963,-4.165080256557614,-3.9303080085988595,0.07744812692798408,0.15732412103077031,0.07987599410278623,1,0,0,1
4580,4580.0,45.8,-4.076799999999993,-4.155707937268162,-3.9208003075890194,0.07890793726816892,0.1559996924109739,0.07709175514280497,1,0,0,1
4581,4581.0,45.81,-4.065794537037035,-4.145406809261126,-3.912147916541981,0.07961227222409129,0.15364662049505373,0.07403434827096245,1,0,0,1
4582,4582.0,45.82,-4.054789074074072,-4.136365173885755,-3.900896305362571,0.08157609981168346,0.1538927687115006,0.07231666889981714,1,0,0,1
4583,4583.0,45.83,-4.043783611111115,-4.1245941398909345,-3.889449188143857,0.08081052877981953,0.15433442296725808,0.07352389418743854,1,0,0,1
4584,4584.0,45.84,-4.032778148148145,-4.112187197835757,-3.879611872920594,0.07940904968761231,0.15316627522755066,0.07375722553993835,1,0,0,1
4585,4585.0,45.85,-4.021772685185183,-4.099214476148736,-3.8688850633726948,0.07744179096355364,0.15288762181248794,0.0754458308489343,1,0,0,1
4586,4586.0,45.86,-4.01060111111111,-4.086958650785292,-3.8610933715926072,0.07635753967418246,0.1495077395185027,0.07315019984432025,1,0,0,1
4587,4587.0,45.87,-3.999429537037037,-4.075609598811772,-3.8509403552256263,0.07618006177473458,0.1484891818114109,0.07230912003667633,1,0,0,1
4588,4588.0,45.88,-3.9882579629629595,-4.064543099406563,-3.840602549533713,0.07628513644360391,0.1476554134292467,0.0713702769856428,1,0,0,1
4589,4589.0,45.89,-3.9770863888888868,-4.049508490496103,-3.8303682496991,0.07242210160721596,0.1467181391897867,0.07429603758257075,1,0,0,1
4590,4590.0,45.9,-3.965914814814815,-4.039432739270015,-3.819856041448797,0.07351792445519978,0.1460587733660179,0.07254084891081813,1,0,0,1
4591,4591.0,45.91,-3.9545843518518504,-4.026685803829846,-3.809728951800891,0.07210145197799545,0.1448554000509592,0.07275394807296376,1,0,0,1
4592,4592.0,45.92,-3.9432538888888855,-4.0169991404627465,-3.7974249551882453,0.07374525157386103,0.1458289337006402,0.07208368212677918,1,0,0,1
4593,4593.0,45.93,-3.9319234259259277,-4.003689976224637,-3.7874146115899094,0.07176655029870904,0.14450881433601825,0.07274226403730921,1,0,0,1
4594,4594.0,45.94,-3.9205929629629623,-3.993270949612895,-3.778040753180182,0.07267798664993252,0.14255220978278027,0.06987422313284775,1,0,0,1
4595,4595.0,45.95,-3.9092624999999983,-3.9830770438303214,-3.768030081817294,0.07381454383032304,0.1412324181827045,0.06741787435238145,1,0,0,1
4596,4596.0,45.96,-3.8977803703703704,-3.97277933080819,-3.7574515366924746,0.0749989604378194,0.14032883367789584,0.06532987324007644,1,0,0,1
4597,4597.0,45.97,-3.886298240740743,-3.9594716431713954,-3.746859100899391,0.07317340243065251,0.13943913984135214,0.06626573741069963,1,0,0,1
4598,4598.0,45.98,-3.874816111111104,-3.9480815078370655,-3.735262426572875,0.07326539672596155,0.13955368453822903,0.06628828781226748,1,0,0,1
4599,4599.0,45.99,-3.863333981481482,-3.936170004086908,-3.7250796513335827,0.07283602260542565,0.13825433014789956,0.06541830754247391,1,0,0,1
4600,4600.0,46.0,-3.8518518518518543,-3.922562839626596,-3.714032503274655,0.07071098777474161,0.13781934857719946,0.06710836080245786,1,0,0,1
4601,4601.0,46.01,-3.8402252777777806,-3.908315797215299,-3.7026902903743153,0.06809051943751854,0.13753498740346526,0.06944446796594672,1,0,0,1
4602,4602.0,46.02,-3.828598703703701,-3.8973041683846534,-3.6916627833593734,0.0687054646809524,0.13693592034432767,0.06823045566337527,1,0,0,1
4603,4603.0,46.03,-3.816972129629627,-3.885479667104292,-3.6788239508897838,0.06850753747466509,0.13814817873984309,0.069640641265178,1,0,0,1
4604,4604.0,46.04,-3.8053455555555593,-3.870876730002157,-3.667158373551121,0.06553117444659762,0.13818718200443847,0.07265600755784085,1,0,0,1
4605,4605.0,46.05,-3.79371898148148,-3.854563236507061,-3.655908147143672,0.060844255025580996,0.13781083433780772,0.07696657931222672,1,0,0,1
4606,4606.0,46.06,-3.781955185185182,-3.8415085423746125,-3.6451691096361913,0.05955335718943067,0.13678607554899047,0.0772327183595598,1,0,0,1
4607,4607.0,46.07,-3.7701913888888905,-3.8293510770356662,-3.6331774143832614,0.059159688146775746,0.13701397450562913,0.07785428635885339,1,0,0,1
4608,4608.0,46.08,-3.7584275925925934,-3.8158773869318314,-3.6213211447746163,0.057449794339238025,0.1371064478179771,0.07965665347873907,1,0,0,1
4609,4609.0,46.09,-3.746663796296291,-3.801160632351388,-3.6107986991673617,0.05449683605509703,0.13586509712892925,0.08136826107383222,1,0,0,1
4610,4610.0,46.1,-3.7348999999999997,-3.7861736805127757,-3.5977307404812353,0.05127368051277603,0.13716925951876435,0.08589557900598832,1,0,0,1
4611,4611.0,46.11,-3.723006203703707,-3.7739488317426084,-3.5853449432894515,0.05094262803890137,0.13766126041425553,0.08671863237535415,1,0,0,1
4612,4612.0,46.12,-3.71111240740741,-3.7568844939231005,-3.573185722899642,0.045772086515690535,0.13792668450776802,0.09215459799207748,1,0,0,1
4613,4613.0,46.13,-3.6992186111111063,-3.7444820000337864,-3.561275848337626,0.045263388922680114,0.13794276277348017,0.09267937385080005,1,0,0,1
4614,4614.0,46.14,-3.6873248148148146,-3.7270449386441924,-3.5494675910958247,0.03972012382937784,0.1378572237189899,0.09813709988961206,1,0,0,1
4615,4615.0,46.15,-3.675431018518523,-3.7128933226746343,-3.5380525642798673,0.037462304156111514,0.13737845423865558,0.09991615008254406,1,0,0,1
4616,4616.0,46.16,-3.663414444444442,-3.698592347879667,-3.527681490338428,0.035177903435224867,0.13573295410601416,0.10055505067078929,1,0,1,0
4617,4617.0,46.17,-3.6513978703703667,-3.6840815048314393,-3.517058117513963,0.032683634461072586,0.13433975285640365,0.10165611839533106,1,0,1,0
4618,4618.0,46.18,-3.6393812962962975,-3.668170035770403,-3.505936266768507,0.02878873947410554,0.13344502952779047,0.10465629005368493,1,0,1,0
4619,4619.0,46.19,-3.627364722222228,-3.6511654785600043,-3.4941333508724655,0.023800756337776452,0.13323137134976237,0.10943061501198592,1,0,1,0
4620,4620.0,46.2,-3.615348148148147,-3.6385538122799095,-3.4822839733476867,0.023205664131762394,0.1330641748004604,0.109858510668698,1,0,1,0
4621,4621.0,46.21,-3.603216018518517,-3.6232887118178696,-3.4726547898363087,0.020072693299352462,0.13056122868220843,0.11048853538285597,1,0,1,0
4622,4622.0,46.22,-3.591083888888893,-3.6140662442938782,-3.459454985769245,0.022982355404985277,0.13162890311964803,0.10864654771466276,1,0,1,0
4623,4623.0,46.23,-3.578951759259252,-3.6007965662272,-3.4481284278198716,0.021844806967948216,0.1308233314393803,0.10897852447143208,1,0,1,0
4624,4624.0,46.24,-3.5668196296296277,-3.590828372580334,-3.435393785368957,0.024008742950706097,0.13142584426067083,0.10741710130996474,1,0,1,0
4625,4625.0,46.25,-3.5546874999999982,-3.5771827060050985,-3.423920427845866,0.022495206005100243,0.13076707215413208,0.10827186614903184,1,0,1,0
4626,4626.0,46.26,-3.5424470370370424,-3.564504874991806,-3.4140315176975955,0.02205783795476357,0.12841551933944695,0.10635768138468338,1,0,1,0
4627,4627.0,46.27,-3.5302065740740693,-3.549985321232317,-3.4018436995047283,0.01977874715824779,0.12836287456934103,0.10858412741109325,1,0,1,0
4628,4628.0,46.28,-3.517966111111108,-3.5358755878272703,-3.3886728994267927,0.017909476716162498,0.12929321168431507,0.11138373496815257,1,0,1,0
4629,4629.0,46.29,-3.505725648148152,-3.521242616940461,-3.3753144954319767,0.015516968792308905,0.13041115271617532,0.11489418392386641,1,0,1,0
4630,4630.0,46.3,-3.493485185185179,-3.507034850642191,-3.3639434335973504,0.013549665457011972,0.12954175158782855,0.11599208613081657,1,0,1,0
4631,4631.0,46.31,-3.4811436111111083,-3.4924374162527436,-3.3558691754149144,0.01129380514163536,0.1252744356961939,0.11398063055455854,1,0,1,0
4632,4632.0,46.32,-3.468802037037038,-3.4776014497962877,-3.344329493929197,0.00879941275924967,0.12447254310784084,0.11567313034859117,1,0,1,0
4633,4633.0,46.33,-3.4564604629629674,-3.46272932690277,-3.331960282985754,0.006268863939802749,0.12450017997721341,0.11823131603741066,1,0,1,0
4634,4634.0,46.34,-3.4441188888888856,-3.4485513228322464,-3.319455628569447,0.004432433943360792,0.12466326031943842,0.12023082637607763,1,0,1,0
4635,4635.0,46.35,-3.431777314814815,-3.4351076268861442,-3.3066652177816365,0.0033303120713292778,0.1251120970331785,0.12178178496184922,1,0,1,0
4636,4636.0,46.36,-3.419341851851853,-3.420752615876965,-3.2962483487183207,0.001410764025112421,0.12309350313353207,0.12168273910841965,1,0,1,0
4637,4637.0,46.37,-3.4069063888888906,-3.4062938466612005,-3.284064371455978,0.0006125422276901382,0.12284201743291279,0.12222947520522265,1,0,1,0
4638,4638.0,46.38,-3.394470925925923,-3.392399934965243,-3.270946686358207,0.002070990960679975,0.12352423956771608,0.1214532486070361,1,0,1,0
4639,4639.0,46.39,-3.382035462962961,-3.378116042347765,-3.258484110733203,0.00391942061519579,0.12355135222975777,0.11963193161456198,1,0,1,0
4640,4640.0,46.4,-3.369600000000004,-3.364341124244543,-3.244787394430847,0.005258875755461023,0.12481260556915696,0.11955372981369594,1,0,1,0
4641,4641.0,46.41,-3.357077870370367,-3.350163725045455,-3.2333391184895497,0.006914145324912191,0.12373875188081751,0.11682460655590532,1,0,1,0
4642,4642.0,46.42,-3.3445557407407365,-3.3370816092352085,-3.220273162233071,0.007474131505528003,0.12428257850766533,0.11680844700213733,1,0,1,0
4643,4643.0,46.43,-3.332033611111111,-3.3237082105909592,-3.2070445018784888,0.008325400520151849,0.1249891092326223,0.11666370871247045,1,0,1,0
4644,4644.0,46.44,-3.3195114814814857,-3.3099583217049404,-3.193170068468701,0.00955315977654525,0.12634141301278445,0.1167882532362392,1,0,1,0
4645,4645.0,46.45,-3.3069893518518487,-3.2965262112553897,-3.180979844988719,0.01046314059645903,0.1260095068631295,0.11554636626667047,1,0,1,0
4646,4646.0,46.46,-3.2943877777777777,-3.2828196438796438,-3.1697110309547507,0.011568133898133937,0.12467674682302698,0.11310861292489305,1,0,1,0
4647,4647.0,46.47,-3.2817862037037067,-3.2692968540315444,-3.1557302623835612,0.012489349672162309,0.12605594132014541,0.1135665916479831,1,0,1,0
4648,4648.0,46.48,-3.269184629629623,-3.256068281374667,-3.143894486518483,0.013116348254956112,0.1252901431111404,0.11217379485618428,1,0,1,0
4649,4649.0,46.49,-3.256583055555552,-3.2427903272400767,-3.130831675520232,0.013792728315475511,0.12575138003532027,0.11195865171984476,1,0,1,0
4650,4650.0,46.5,-3.2439814814814807,-3.2300952685481987,-3.1180946030819237,0.01388621293328196,0.12588687839955703,0.11200066546627507,1,0,1,0
4651,4651.0,46.51,-3.2313076851851865,-3.2168130366551666,-3.106714720350259,0.014494648530019916,0.12459296483492732,0.1100983163049074,1,0,1,0
4652,4652.0,46.52,-3.2186338888888866,-3.204260824969643,-3.0920541387000733,0.014373063919243645,0.1265797501888133,0.11220668626956964,1,0,1,0
4653,4653.0,46.53,-3.205960092592592,-3.1919435191038157,-3.0788464946720198,0.014016573488776274,0.1271135979205722,0.11309702443179592,1,0,1,0
4654,4654.0,46.54,-3.1932862962962973,-3.1790981721023472,-3.0676809032589776,0.014188124193950102,0.12560539303731977,0.11141726884336967,1,0,1,0
4655,4655.0,46.55,-3.180612499999998,-3.1659414284516973,-3.0568503712321458,0.014671071548300496,0.12376212876785209,0.10909105721955159,1,0,1,0
4656,4656.0,46.56,-3.1678737037037026,-3.152590922455041,-3.044766955755644,0.015282781248661781,0.12310674794805854,0.10782396669939676,1,0,1,0
4657,4657.0,46.57,-3.155134907407408,-3.14061315519335,-3.0318675503870844,0.014521752214058381,0.12326735702032376,0.10874560480626538,1,0,1,0
4658,4658.0,46.58,-3.142396111111114,-3.1282675135864446,-3.020104035614539,0.014128597524669217,0.12229207549657461,0.1081634779719054,1,0,1,0
4659,4659.0,46.59,-3.1296573148148132,-3.11586752205668,-3.0061543985077646,0.013789792758133412,0.12350291630704868,0.10971312354891527,1,0,1,0
4660,4660.0,46.6,-3.116918518518519,-3.1035193145408924,-2.9947193518731225,0.013399203977626506,0.12219916664539632,0.10879996266776981,1,0,1,0
4661,4661.0,46.61,-3.104121944444447,-3.0900300204481774,-2.9822950106534516,0.014091923996269351,0.12182693379099518,0.10773500979472583,1,0,1,0
4662,4662.0,46.62,-3.0913253703703747,-3.0772249051389755,-2.9692298857198933,0.014100465231399184,0.12209548465048137,0.10799501941908218,1,0,1,0
4663,4663.0,46.63,-3.0785287962962915,-3.0651826642760187,-2.9575101867834106,0.013346132020272794,0.1210186095128809,0.10767247749260811,1,0,1,0
4664,4664.0,46.64,-3.0657322222222194,-3.051992647939471,-2.9448131451912425,0.013739574282748634,0.12091907703097693,0.1071795027482283,1,0,1,0
4665,4665.0,46.65,-3.0529356481481478,-3.0388632998988787,-2.931105756059385,0.014072348249269062,0.12182989208876283,0.10775754383949376,1,0,1,0
4666,4666.0,46.66,-3.0400885185185156,-3.025556835683756,-2.9187012888419983,0.014531682834759696,0.12138722967651727,0.10685554684175758,1,0,1,0
4667,4667.0,46.67,-3.027241388888889,-3.0130747855130977,-2.907057884908322,0.014166603375791453,0.12018350398056699,0.10601690060477553,1,0,1,0
4668,4668.0,46.68,-3.014394259259257,-3.0002816755507764,-2.892919494789734,0.014112583708480564,0.12147476446952288,0.10736218076104231,1,0,1,0
4669,4669.0,46.69,-3.0015471296296306,-2.9874873109272397,-2.879667435019567,0.014059818702390814,0.12187969461006354,0.10781987590767272,1,0,1,0
4670,4670.0,46.7,-2.9886999999999984,-2.9747214696023603,-2.86724157218332,0.013978530397638078,0.12145842781667815,0.10747989741904007,1,0,1,0
4671,4671.0,46.71,-2.9758095370370348,-2.9612567251789415,-2.855872402038899,0.014552811858093317,0.11993713499813596,0.10538432314004265,1,0,1,0
4672,4672.0,46.72,-2.962919074074077,-2.9485512915012952,-2.844092413951833,0.014367782572781707,0.11882666012224385,0.10445887754946215,1,0,1,0
4673,4673.0,46.73,-2.950028611111107,-2.9357587454080942,-2.830647218433964,0.014269865703012918,0.11938139267714298,0.10511152697413007,1,0,1,0
4674,4674.0,46.74,-2.937138148148144,-2.9230404854320544,-2.8164637285238148,0.014097662716089587,0.12067441962432923,0.10657675690823964,1,0,1,0
4675,4675.0,46.75,-2.9242476851851857,-2.910593753689338,-2.8044360970613766,0.013653931495847704,0.1198115881238091,0.1061576566279614,1,0,1,0
4676,4676.0,46.76,-2.9113211111111137,-2.898071387003547,-2.7915858658269137,0.013249724107566863,0.11973524528419999,0.10648552117663312,1,0,1,0
4677,4677.0,46.77,-2.8983945370370354,-2.8850632046706566,-2.7772028159556617,0.013331332366378845,0.12119172108137377,0.10786038871499493,1,0,1,0
4678,4678.0,46.78,-2.8854679629629634,-2.871684638859605,-2.7637092199731845,0.013783324103358474,0.12175874298977885,0.10797541888642037,1,0,1,0
4679,4679.0,46.79,-2.872541388888891,-2.858948508007698,-2.7497924524796957,0.013592880881192926,0.12274893640919515,0.10915605552800223,1,0,1,0
4680,4680.0,46.8,-2.859614814814807,-2.8458042652574167,-2.7365155145175484,0.01381054955739014,0.12309930029725846,0.10928875073986832,1,0,1,0
4681,4681.0,46.81,-2.846659351851849,-2.832803056184916,-2.7236060399715827,0.013856295666932805,0.12305331188026614,0.10919701621333333,1,0,1,0
4682,4682.0,46.82,-2.833703888888891,-2.8191552563592204,-2.7120827517511916,0.014548632529670424,0.12162113713769918,0.10707250460802875,1,0,1,0
4683,4683.0,46.83,-2.8207484259259266,-2.805594066834204,-2.6994594091955135,0.015154359091722469,0.12128901673041304,0.10613465763869057,1,0,1,0
4684,4684.0,46.84,-2.807792962962957,-2.7933707081984833,-2.6859583538664378,0.014422254764473674,0.12183460909651922,0.10741235433204555,1,0,1,0
4685,4685.0,46.85,-2.794837499999999,-2.780618653289928,-2.673586894775474,0.01421884671007101,0.12125060522452502,0.10703175851445401,1,0,1,0
4686,4686.0,46.86,-2.781860370370372,-2.7676606766450873,-2.659843992417886,0.014199693725284845,0.1220163779524861,0.10781668422720125,1,0,1,0
4687,4687.0,46.87,-2.7688832407407453,-2.7549481130354265,-2.646419437678454,0.013935127705318795,0.12246380306229154,0.10852867535697275,1,0,1,0
4688,4688.0,46.88,-2.7559061111111074,-2.7416494710652715,-2.6329025525320593,0.014256640045835933,0.1230035585790481,0.10874691853321217,1,0,1,0
4689,4689.0,46.89,-2.74292898148148,-2.7294611151449364,-2.616428684552682,0.013467866336543732,0.12650029692879805,0.11303243059225432,1,0,1,0
4690,4690.0,46.9,-2.7299518518518537,-2.717253091126635,-2.6036853696367683,0.012698760725218694,0.1262664822150854,0.11356772148986671,1,0,1,0
4691,4691.0,46.91,-2.716960277777775,-2.7041510325273364,-2.5899646700974484,0.012809245250438472,0.12699560768032647,0.114186362429888,1,0,1,0
4692,4692.0,46.92,-2.7039687037037026,-2.69149074137815,-2.576475933158622,0.01247796232555265,0.1274927705450808,0.11501480821952814,1,0,1,0
4693,4693.0,46.93,-2.6909771296296303,-2.678249398799624,-2.5616089119160628,0.012727730830006223,0.12936821771356755,0.11664048688356132,1,0,1,0
4694,4694.0,46.94,-2.6779855555555576,-2.6659821002921387,-2.547830630747182,0.01200345526341895,0.13015492480837576,0.11815146954495681,1,0,1,0
4695,4695.0,46.95,-2.664993981481479,-2.653308910260776,-2.535585950241982,0.011685071220703058,0.12940803123949696,0.1177229600187939,1,0,1,0
4696,4696.0,46.96,-2.6519951851851835,-2.640503543271286,-2.5227168297152995,0.01149164191389751,0.12927835546988398,0.11778671355598647,1,0,1,0
4697,4697.0,46.97,-2.6389963888888883,-2.6273867361889196,-2.51036133543667,0.01160965269996872,0.12863505345221826,0.11702540075224954,1,0,1,0
4698,4698.0,46.98,-2.625997592592587,-2.6144171590930427,-2.495762038275946,0.011580433499544185,0.1302355543166409,0.11865512081709673,1,0,1,0
4699,4699.0,46.99,-2.6129987962962917,-2.6026899778406616,-2.482719872634357,0.010308818455630142,0.1302789236619346,0.11997010520630447,1,0,1,0
4700,4700.0,47.0,-2.600000000000002,-2.5904768397284728,-2.4701403990755075,0.009523160271529107,0.12985960092449433,0.12033644065296523,1,0,1,0
4701,4701.0,47.01,-2.5870012037037067,-2.5772806470863956,-2.4583106386254276,0.009720556617311082,0.12869056507827903,0.11897000846096795,1,0,1,0
4702,4702.0,47.02,-2.5740024074074053,-2.564841712089888,-2.4438192065170736,0.009160695317517398,0.13018320089033164,0.12102250557281424,1,0,1,0
4703,4703.0,47.03,-2.5610036111111096,-2.5515675553778254,-2.4280653351152153,0.00943605573328421,0.13293827599589436,0.12350222026261015,1,0,1,0
4704,4704.0,47.04,-2.5480048148148144,-2.53912645810948,-2.414818189323061,0.008878356705334323,0.1331866254917533,0.12430826878641899,1,0,1,0
4705,4705.0,47.05,-2.5350060185185135,-2.526370212109031,-2.4017478575907805,0.008635806409482694,0.13325816092773302,0.12462235451825032,1,0,1,0
4706,4706.0,47.06,-2.522014444444441,-2.5138571199160333,-2.3890651047447506,0.00815732452840745,0.13294933969969014,0.12479201517128269,1,0,1,0
4707,4707.0,47.07,-2.509022870370368,-2.5018628733330925,-2.3768794194603564,0.007159997037275545,0.13214345091001167,0.12498345387273613,1,0,1,0
4708,4708.0,47.08,-2.4960312962962954,-2.4893311558263997,-2.364271145292726,0.0067001404698956435,0.13176015100356953,0.12506001053367388,1,0,1,0
4709,4709.0,47.09,-2.4830397222222174,-2.477454235410356,-2.3515619989265293,0.00558548681186144,0.13147772329568808,0.12589223648382664,1,0,1,0
4710,4710.0,47.1,-2.4700481481481447,-2.4663885538607677,-2.338211454363643,0.003659594287376944,0.1318366937845017,0.12817709949712475,1,0,1,0
4711,4711.0,47.11,-2.4570710185185174,-2.4539398046631007,-2.32714107706015,0.0031312138554167035,0.12992994145836745,0.12679872760295074,1,0,1,0
4712,4712.0,47.12,-2.444093888888891,-2.44223382764149,-2.315347769948228,0.0018600612474011236,0.12874611894066312,0.126886057693262,1,0,1,0
4713,4713.0,47.13,-2.4311167592592584,-2.42934461308055,-2.3026489531655128,0.001772146178708578,0.12846780609374564,0.12669565991503706,1,0,1,0
4714,4714.0,47.14,-2.418139629629626,-2.4175449791731554,-2.28995783205598,0.0005946504564704469,0.1281817975736459,0.12758714711717545,1,0,1,0
4715,4715.0,47.15,-2.405162499999999,-2.4054399508370357,-2.276409546434485,0.0002774508370366746,0.12875295356551408,0.1284755027284774,1,0,1,0
4716,4716.0,47.16,-2.3922070370370294,-2.3939097053439258,-2.2639144022429685,0.00170266830689636,0.12829263479406094,0.12658996648716458,1,0,1,0
4717,4717.0,47.17,-2.3792515740740714,-2.3810288667256128,-2.2508800244307166,0.0017772926515413623,0.12837154964335484,0.12659425699181348,1,0,1,0
4718,4718.0,47.18,-2.366296111111113,-2.370263801705892,-2.2366474996658297,0.003967690594778972,0.12964861144528328,0.1256809208505043,1,0,1,0
4719,4719.0,47.19,-2.3533406481481496,-2.358537623161572,-2.223431477767507,0.0051969750134222,0.12990917038064254,0.12471219536722034,1,0,1,0
4720,4720.0,47.2,-2.3403851851851796,-2.3472357846770793,-2.212354778598282,0.0068505994918997,0.1280304065868978,0.1211798070949981,1,0,1,0
4721,4721.0,47.21,-2.327458611111113,-2.335485088786103,-2.20068598576964,0.008026477674990318,0.1267726253414727,0.1187461476664824,1,0,1,0
4722,4722.0,47.22,-2.3145320370370404,-2.322500793118403,-2.1883391702476196,0.007968756081362827,0.12619286678942077,0.11822411070805794,1,0,1,0
4723,4723.0,47.23,-2.301605462962957,-2.309980423569512,-2.17466073425535,0.008374960606554627,0.1269447287076071,0.11856976810105246,1,0,1,0
4724,4724.0,47.24,-2.2886788888888847,-2.297237108691705,-2.1630117546820133,0.008558219802820233,0.12566713420687137,0.11710891440405113,1,0,1,0
4725,4725.0,47.25,-2.2757523148148175,-2.2843061390621346,-2.1496323193148084,0.008553824247317099,0.12611999550000919,0.11756617125269209,1,0,1,0
4726,4726.0,47.26,-2.2628618518518544,-2.2712862575826636,-2.136850176930236,0.008424405730809159,0.12601167492161824,0.11758726919080909,1,0,1,0
4727,4727.0,47.27,-2.249971388888885,-2.2584656442513156,-2.124238350299881,0.008494255362430536,0.12573303858900386,0.11723878322657333,1,0,1,0
4728,4728.0,47.28,-2.2370809259259268,-2.2457448097358563,-2.110793312350047,0.008663883809929551,0.12628761357587992,0.11762372976595037,1,0,1,0
4729,4729.0,47.29,-2.224190462962963,-2.2330798778375502,-2.098040599982207,0.008889414874587054,0.12614986298075603,0.11726044810616898,1,0,1,0
4730,4730.0,47.3,-2.211299999999994,-2.2210239017224267,-2.0849411791558468,0.00972390172243287,0.12635882084414707,0.1166349191217142,1,0,1,0
4731,4731.0,47.31,-2.1984528703703674,-2.2086580694153484,-2.07278304328696,0.010205199044980962,0.12566982708340735,0.11546462803842639,1,0,1,0
4732,4732.0,47.32,-2.185605740740741,-2.196126225952198,-2.06143279363463,0.010520485211456876,0.12417294710611104,0.11365246189465417,1,0,1,0
4733,4733.0,47.33,-2.1727586111111146,-2.1825409133968128,-2.0484015663189177,0.009782302285698208,0.12435704479219689,0.11457474250649868,1,0,1,0
4734,4734.0,47.34,-2.1599114814814766,-2.1693818701287264,-2.036441438044962,0.009470388647249806,0.12347004343651458,0.11399965478926477,1,0,1,0
4735,4735.0,47.35,-2.1470643518518506,-2.1561233429783173,-2.022713425582854,0.009058991126466687,0.1243509262689968,0.11529193514253011,1,0,1,0
4736,4736.0,47.36,-2.1342677777777785,-2.1426390945592426,-2.0110501093025936,0.008371316781464078,0.1232176684751849,0.11484635169372082,1,0,1,0
4737,4737.0,47.37,-2.121471203703707,-2.1291426958173925,-1.9984204900068405,0.007671492113685563,0.12305071369686638,0.11537922158318081,1,0,1,0
4738,4738.0,47.38,-2.1086746296296286,-2.1173334036640017,-1.9840132904046808,0.008658774034373096,0.12466133922494782,0.11600256519057472,1,0,1,0
4739,4739.0,47.39,-2.095878055555557,-2.102830965224838,-1.96925041984458,0.00695290966928086,0.12662763571097702,0.11967472604169616,1,0,1,0
4740,4740.0,47.4,-2.083081481481485,-2.0888986212009786,-1.9540759470500702,0.0058171397194937136,0.12900553443141471,0.123188394711921,1,0,1,0
4741,4741.0,47.41,-2.070342685185179,-2.0763247975457033,-1.9420520548805265,0.005982112360524372,0.1282906303046525,0.12230851794412811,1,0,1,0
4742,4742.0,47.42,-2.0576038888888846,-2.0628115089223504,-1.9290836784487635,0.005207620033465865,0.12852021044012107,0.12331259040665521,1,0,1,0
4743,4743.0,47.43,-2.0448650925925955,-2.0502521496671884,-1.914463081495156,0.00538705707459286,0.13040201109743954,0.12501495402284668,1,0,1,0
4744,4744.0,47.44,-2.032126296296301,-2.0389255681894003,-1.9014627448085377,0.006799271893099146,0.13066355148776343,0.12386427959466428,1,0,1,0
4745,4745.0,47.45,-2.019387499999995,-2.0261952345909284,-1.890728921890264,0.006807734590933645,0.1286585781097307,0.12185084351879705,1,0,1,0
4746,4746.0,47.46,-2.0067137037037,-2.016203560106459,-1.879907703479544,0.00948985640275879,0.12680600022415622,0.11731614382139743,1,0,1,0
4747,4747.0,47.47,-1.994039907407406,-2.004505793322518,-1.8666188508725943,0.010465885915111883,0.12742105653481173,0.11695517061969984,1,0,1,0
4748,4748.0,47.48,-1.9813661111111056,0.0,-1.8540730528586609,1.9813661111111056,0.12729305825244475,-1.8540730528586609,1,1,0,0
4749,4749.0,47.49,-1.9686923148148114,0.0,-1.8414188667283575,1.9686923148148114,0.1272734480864539,-1.8414188667283575,1,1,0,0
4750,4750.0,47.5,-1.956018518518517,0.0,-1.8295206126705965,1.956018518518517,0.12649790584792053,-1.8295206126705965,1,1,0,0
4751,4751.0,47.51,-1.943416944444446,0.0,-1.8171389132572813,1.943416944444446,0.12627803118716474,-1.8171389132572813,1,1,0,0
4752,4752.0,47.52,-1.9308153703703688,0.0,-1.8032544353573152,1.9308153703703688,0.12756093501305354,-1.8032544353573152,1,1,0,0
4753,4753.0,47.53,-1.9182137962962973,0.0,-1.7899300017932547,1.9182137962962973,0.12828379450304261,-1.7899300017932547,1,1,0,0
4754,4754.0,47.54,-1.9056122222222205,0.0,-1.7769942899741225,1.9056122222222205,0.12861793224809803,-1.7769942899741225,1,1,0,0
4755,4755.0,47.55,-1.8930106481481435,0.0,-1.7648506068138354,1.8930106481481435,0.12816004133430803,-1.7648506068138354,1,1,0,0
4756,4756.0,47.56,-1.880488518518518,0.0,-1.7529197639838445,1.880488518518518,0.12756875453467353,-1.7529197639838445,1,1,0,0
4757,4757.0,47.57,-1.867966388888887,0.0,-1.7421648001942265,1.867966388888887,0.12580158869466063,-1.7421648001942265,1,1,0,0
4758,4758.0,47.58,-1.8554442592592617,0.0,-1.7291097411167407,1.8554442592592617,0.12633451814252106,-1.7291097411167407,1,1,0,0
4759,4759.0,47.59,-1.842922129629625,0.0,-1.716279609608945,1.842922129629625,0.12664252002068,-1.716279609608945,1,1,0,0
4760,4760.0,47.6,-1.8303999999999996,0.0,-1.7035488919332225,1.8303999999999996,0.12685110806677713,-1.7035488919332225,1,1,0,0
4761,4761.0,47.61,-1.8179645370370374,0.0,-1.693273786141941,1.8179645370370374,0.12469075089509651,-1.693273786141941,1,1,0,0
4762,4762.0,47.62,-1.8055290740740753,0.0,-1.6798731115931904,1.8055290740740753,0.12565596248088484,-1.6798731115931904,1,1,0,0
4763,4763.0,47.63,-1.793093611111107,0.0,-1.6655884104019616,1.793093611111107,0.1275052007091455,-1.6655884104019616,1,1,0,0
4764,4764.0,47.64,-1.7806581481481452,0.0,-1.6537693170511116,1.7806581481481452,0.12688883109703353,-1.6537693170511116,1,1,0,0
4765,4765.0,47.65,-1.7682226851851885,0.0,-1.6412980831742383,1.7682226851851885,0.12692460201095024,-1.6412980831742383,1,1,0,0
4766,4766.0,47.66,-1.7558811111111068,0.0,-1.6308333464010707,1.7558811111111068,0.1250477647100361,-1.6308333464010707,1,1,0,0
4767,4767.0,47.67,-1.7435395370370361,0.0,-1.6179739103178423,1.7435395370370361,0.1255656267191938,-1.6179739103178423,1,1,0,0
4768,4768.0,47.68,-1.7311979629629657,0.0,-1.6052207127443954,1.7311979629629657,0.1259772502185703,-1.6052207127443954,1,1,0,0
4769,4769.0,47.69,-1.7188563888888895,0.0,-1.5937642995316492,1.7188563888888895,0.12509208935724025,-1.5937642995316492,1,1,0,0
4770,4770.0,47.7,-1.7065148148148133,0.0,-1.5814463292007597,1.7065148148148133,0.1250684856140536,-1.5814463292007597,1,1,0,0
4771,4771.0,47.71,-1.6942743518518517,0.0,-1.5685092732476098,1.6942743518518517,0.1257650786042419,-1.5685092732476098,1,1,0,0
4772,4772.0,47.72,-1.6820338888888904,0.0,-1.5551547608261873,1.6820338888888904,0.12687912806270307,-1.5551547608261873,1,1,0,0
4773,4773.0,47.73,-1.6697934259259228,0.0,-1.5431984386328275,1.6697934259259228,0.12659498729309537,-1.5431984386328275,1,1,0,0
4774,4774.0,47.74,-1.6575529629629615,0.0,-1.5311147099475086,1.6575529629629615,0.12643825301545286,-1.5311147099475086,1,1,0,0
4775,4775.0,47.75,-1.6453124999999997,0.0,-1.5189299772103246,1.6453124999999997,0.1263825227896751,-1.5189299772103246,1,1,0,0
4776,4776.0,47.76,-1.6331803703703758,0.0,-1.5066474685468707,1.6331803703703758,0.12653290182350507,-1.5066474685468707,1,1,0,0
4777,4777.0,47.77,-1.6210482407407345,0.0,-1.4920231938549497,1.6210482407407345,0.12902504688578476,-1.4920231938549497,1,1,0,0
4778,4778.0,47.78,-1.6089161111111105,0.0,-1.4793371909470974,1.6089161111111105,0.12957892016401318,-1.4793371909470974,1,1,0,0
4779,4779.0,47.79,-1.5967839814814806,0.0,-1.465912566625476,1.5967839814814806,0.13087141485600462,-1.465912566625476,1,1,0,0
4780,4780.0,47.8,-1.5846518518518453,0.0,-1.452276130026385,1.5846518518518453,0.13237572182546042,-1.452276130026385,1,1,0,0
4781,4781.0,47.81,-1.5726352777777757,0.0,-1.4412543555348274,1.5726352777777757,0.13138092224294828,-1.4412543555348274,1,1,0,0
4782,4782.0,47.82,-1.5606187037037065,0.0,-1.4315317038888762,1.5606187037037065,0.1290869998148303,-1.4315317038888762,1,1,0,0
4783,4783.0,47.83,-1.5486021296296313,0.0,-1.4198908101196952,1.5486021296296313,0.12871131950993608,-1.4198908101196952,1,1,0,0
4784,4784.0,47.84,-1.5365855555555505,0.0,-1.405241089760626,1.5365855555555505,0.13134446579492454,-1.405241089760626,1,1,0,0
4785,4785.0,47.85,-1.524568981481481,0.0,-1.3929054641763021,1.524568981481481,0.13166351730517878,-1.3929054641763021,1,1,0,0
4786,4786.0,47.86,-1.5126751851851834,0.0,-1.3815581969066453,1.5126751851851834,0.13111698827853813,-1.3815581969066453,1,1,0,0
4787,4787.0,47.87,-1.5007813888888857,0.0,-1.3699855707587938,1.5007813888888857,0.1307958181300919,-1.3699855707587938,1,1,0,0
4788,4788.0,47.88,-1.4888875925925882,0.0,-1.3561166146810046,1.4888875925925882,0.13277097791158354,-1.3561166146810046,1,1,0,0
4789,4789.0,47.89,-1.4769937962962962,0.0,-1.3422242021987614,1.4769937962962962,0.13476959409753486,-1.3422242021987614,1,1,0,0
4790,4790.0,47.9,-1.4650999999999987,0.0,-1.3297480857447237,1.4650999999999987,0.13535191425527504,-1.3297480857447237,1,1,0,0
4791,4791.0,47.91,-1.4533362037037016,0.0,-1.3183215426531543,1.4533362037037016,0.13501466105054738,-1.3183215426531543,1,1,0,0
4792,4792.0,47.92,-1.4415724074074043,0.0,-1.3065458130395609,1.4415724074074043,0.13502659436784348,-1.3065458130395609,1,1,0,0
4793,4793.0,47.93,-1.429808611111113,0.0,-1.2928027857688027,1.429808611111113,0.13700582534231032,-1.2928027857688027,1,1,0,0
4794,4794.0,47.94,-1.418044814814816,0.0,-1.2813136999562165,1.418044814814816,0.13673111485859946,-1.2813136999562165,1,1,0,0
4795,4795.0,47.95,-1.406281018518513,0.0,-1.269735723602712,1.406281018518513,0.13654529491580103,-1.269735723602712,1,1,0,0
4796,4796.0,47.96,-1.3946544444444446,0.0,-1.2602997248300611,1.3946544444444446,0.1343547196143835,-1.2602997248300611,1,1,0,0
4797,4797.0,47.97,-1.383027870370371,0.0,-1.2484238701953865,1.383027870370371,0.13460400017498442,-1.2484238701953865,1,1,0,0
4798,4798.0,47.98,-1.3714012962962914,0.0,-1.237202434168734,1.3714012962962914,0.13419886212755738,-1.237202434168734,1,1,0,0
4799,4799.0,47.99,-1.3597747222222174,0.0,-1.224805080939986,1.3597747222222174,0.13496964128223143,-1.224805080939986,1,1,0,0
4800,4800.0,48.0,-1.3481481481481494,0.0,-1.2119265210200822,1.3481481481481494,0.13622162712806718,-1.2119265210200822,1,1,0,0
4801,4801.0,48.01,-1.3366660185185217,0.0,-1.2016123967248924,1.3366660185185217,0.13505362179362934,-1.2016123967248924,1,1,0,0
4802,4802.0,48.02,-1.3251838888888825,0.0,-1.1897299587625294,1.3251838888888825,0.1354539301263531,-1.1897299587625294,1,1,0,0
4803,4803.0,48.03,-1.3137017592592548,0.0,-1.1782921967472195,1.3137017592592548,0.1354095625120353,-1.1782921967472195,1,1,0,0
4804,4804.0,48.04,-1.302219629629633,0.0,-1.1662511878318151,1.302219629629633,0.13596844179781775,-1.1662511878318151,1,1,0,0
4805,4805.0,48.05,-1.2907374999999939,0.0,-1.1554256245684134,1.2907374999999939,0.13531187543158052,-1.1554256245684134,1,1,0,0
4806,4806.0,48.06,-1.2794070370370352,0.0,-1.1471610040001465,1.2794070370370352,0.13224603303688864,-1.1471610040001465,1,1,0,0
4807,4807.0,48.07,-1.268076574074071,0.0,-1.1356577526520135,1.268076574074071,0.1324188214220574,-1.1356577526520135,1,1,0,0
4808,4808.0,48.08,-1.2567461111111122,0.0,-1.1226308045730364,1.2567461111111122,0.1341153065380758,-1.1226308045730364,1,1,0,0
4809,4809.0,48.09,-1.245415648148142,0.0,-1.1102016099626544,1.245415648148142,0.1352140381854876,-1.1102016099626544,1,1,0,0
4810,4810.0,48.1,-1.2340851851851835,0.0,-1.0997480297474245,1.2340851851851835,0.13433715543775904,-1.0997480297474245,1,1,0,0
4811,4811.0,48.11,-1.2229136111111112,0.0,-1.0884056714363954,1.2229136111111112,0.13450793967471575,-1.0884056714363954,1,1,0,0
4812,4812.0,48.12,-1.2117420370370329,0.0,-1.076488967212534,1.2117420370370329,0.13525306982449892,-1.076488967212534,1,1,0,0
4813,4813.0,48.13,-1.2005704629629605,0.0,-1.064019528407167,1.2005704629629605,0.1365509345557936,-1.064019528407167,1,1,0,0
4814,4814.0,48.14,-1.1893988888888882,0.0,-1.052516241927588,1.1893988888888882,0.13688264696130026,-1.052516241927588,1,1,0,0
4815,4815.0,48.15,-1.178227314814816,0.0,-1.0435748878256856,1.178227314814816,0.13465242698913027,-1.0435748878256856,1,1,0,0
4816,4816.0,48.16,-1.167221851851847,0.0,-1.0330487213693005,1.167221851851847,0.13417313048254642,-1.0330487213693005,1,1,0,0
4817,4817.0,48.17,-1.1562163888888894,0.0,-1.0202576473305252,1.1562163888888894,0.1359587415583643,-1.0202576473305252,1,1,0,0
4818,4818.0,48.18,-1.145210925925926,0.0,-1.0080888843757352,1.145210925925926,0.1371220415501908,-1.0080888843757352,1,1,0,0
4819,4819.0,48.19,-1.1342054629629628,0.0,-0.9965333606676988,1.1342054629629628,0.13767210229526394,-0.9965333606676988,1,1,0,0
4820,4820.0,48.2,-1.1231999999999995,0.0,-0.9857234429242006,1.1231999999999995,0.13747655707579898,-0.9857234429242006,1,1,0,0
4821,4821.0,48.21,-1.1123678703703683,0.0,-0.9736141146950426,1.1123678703703683,0.13875375567532577,-0.9736141146950426,1,1,0,0
4822,4822.0,48.22,-1.1015357407407427,0.0,-0.9621696182875905,1.1015357407407427,0.13936612245315216,-0.9621696182875905,1,1,0,0
4823,4823.0,48.23,-1.0907036111111057,0.0,-0.9510949084606434,1.0907036111111057,0.13960870265046232,-0.9510949084606434,1,1,0,0
4824,4824.0,48.24,-1.07987148148148,0.0,-0.9401664687945203,1.07987148148148,0.13970501268695978,-0.9401664687945203,1,1,0,0
4825,4825.0,48.25,-1.0690393518518546,0.0,-0.9282147469704721,1.0690393518518546,0.1408246048813825,-0.9282147469704721,1,1,0,0
4826,4826.0,48.26,-1.0583877777777781,0.0,-0.9178269755314824,1.0583877777777781,0.14056080224629575,-0.9178269755314824,1,1,0,0
4827,4827.0,48.27,-1.0477362037037017,0.0,-0.9065579419634917,1.0477362037037017,0.14117826174020998,-0.9065579419634917,1,1,0,0
4828,4828.0,48.28,-1.037084629629631,0.0,-0.89498965880732,1.037084629629631,0.14209497082231104,-0.89498965880732,1,1,0,0
4829,4829.0,48.29,-1.0264330555555545,0.0,-0.8837224031532653,1.0264330555555545,0.1427106524022892,-0.8837224031532653,1,1,0,0
4830,4830.0,48.3,-1.015781481481478,0.0,-0.8715268738073967,1.015781481481478,0.14425460767408138,-0.8715268738073967,1,1,0,0
4831,4831.0,48.31,-1.005317685185185,0.0,-0.8616751306410214,1.005317685185185,0.14364255454416364,-0.8616751306410214,1,1,0,0
4832,4832.0,48.32,-0.9948538888888864,0.0,-0.8512517961039233,0.9948538888888864,0.14360209278496305,-0.8512517961039233,1,1,0,0
4833,4833.0,48.33,-0.9843900925925934,0.0,-0.8387184955910519,0.9843900925925934,0.14567159700154142,-0.8387184955910519,1,1,0,0
4834,4834.0,48.34,-0.9739262962962949,0.0,-0.8268159280292968,0.9739262962962949,0.14711036826699808,-0.8268159280292968,1,1,0,0
4835,4835.0,48.35,-0.9634624999999962,0.0,-0.8145183962525019,0.9634624999999962,0.14894410374749434,-0.8145183962525019,1,1,0,0
4836,4836.0,48.36,-0.9531937037037038,0.0,-0.804149882458413,0.9531937037037038,0.1490438212452908,-0.804149882458413,1,1,0,0
4837,4837.0,48.37,-0.9429249074074058,0.0,-0.7923511795452179,0.9429249074074058,0.1505737278621878,-0.7923511795452179,1,1,0,0
4838,4838.0,48.38,-0.9326561111111078,0.0,-0.7821484110619863,0.9326561111111078,0.1505077000491215,-0.7821484110619863,1,1,0,0
4839,4839.0,48.39,-0.9223873148148154,0.0,-0.7700960111952142,0.9223873148148154,0.1522913036196012,-0.7700960111952142,1,1,0,0
4840,4840.0,48.4,-0.9121185185185232,0.0,-0.7600680928075283,0.9121185185185232,0.15205042571099492,-0.7600680928075283,1,1,0,0
4841,4841.0,48.41,-0.9020519444444428,0.0,-0.7497068593546274,0.9020519444444428,0.15234508508981537,-0.7497068593546274,1,1,0,0
4842,4842.0,48.42,-0.8919853703703684,0.0,-0.7401734321396952,0.8919853703703684,0.15181193823067318,-0.7401734321396952,1,1,0,0
4843,4843.0,48.43,-0.8819187962962997,0.0,-0.7310751959664602,0.8819187962962997,0.15084360032983946,-0.7310751959664602,1,1,0,0
4844,4844.0,48.44,-0.871852222222225,0.0,-0.7203252098419276,0.871852222222225,0.15152701238029742,-0.7203252098419276,1,1,0,0
4845,4845.0,48.45,-0.8617856481481447,0.0,-0.7097150931165533,0.8617856481481447,0.1520705550315914,-0.7097150931165533,1,1,0,0
4846,4846.0,48.46,-0.8519285185185167,0.0,-0.6993219171057791,0.8519285185185167,0.15260660141273763,-0.6993219171057791,1,1,0,0
4847,4847.0,48.47,-0.8420713888888886,0.0,-0.6900474167553131,0.8420713888888886,0.15202397213357544,-0.6900474167553131,1,1,0,0
4848,4848.0,48.48,-0.8322142592592546,0.0,-0.6790392498694455,0.8322142592592546,0.1531750093898091,-0.6790392498694455,1,1,0,0
4849,4849.0,48.49,-0.8223571296296266,0.0,-0.6676504024873444,0.8223571296296266,0.15470672714228217,-0.6676504024873444,1,1,0,0
4850,4850.0,48.5,-0.8124999999999984,0.0,-0.6568617275454596,0.8124999999999984,0.15563827245453887,-0.6568617275454596,1,1,0,0
4851,4851.0,48.51,-0.8028595370370396,0.0,-0.6476543850031126,0.8028595370370396,0.15520515203392704,-0.6476543850031126,1,1,0,0
4852,4852.0,48.52,-0.7932190740740692,0.0,-0.6399060707847912,0.7932190740740692,0.153313003289278,-0.6399060707847912,1,1,0,0
4853,4853.0,48.53,-0.7835786111111105,0.0,-0.6292602595914139,0.7835786111111105,0.15431835151969664,-0.6292602595914139,1,1,0,0
4854,4854.0,48.54,-0.7739381481481515,0.0,-0.6200959134205505,0.7739381481481515,0.15384223472760106,-0.6200959134205505,1,1,0,0
4855,4855.0,48.55,-0.7642976851851813,0.0,-0.6106526918523065,0.7642976851851813,0.15364499333287474,-0.6106526918523065,1,1,0,0
4856,4856.0,48.56,-0.7548811111111088,0.0,-0.6021207062247326,0.7548811111111088,0.1527604048863762,-0.6021207062247326,1,1,0,0
4857,4857.0,48.57,-0.7454645370370365,0.0,-0.5923742249817624,0.7454645370370365,0.15309031205527412,-0.5923742249817624,1,1,0,0
4858,4858.0,48.58,-0.736047962962964,0.0,-0.5808292212681047,0.736047962962964,0.15521874169485939,-0.5808292212681047,1,1,0,0
4859,4859.0,48.59,-0.7266313888888859,0.0,-0.5707628440540379,0.7266313888888859,0.15586854483484802,-0.5707628440540379,1,1,0,0
4860,4860.0,48.6,-0.7172148148148135,0.0,-0.5614813053583737,0.7172148148148135,0.15573350945643982,-0.5614813053583737,1,1,0,0
4861,4861.0,48.61,-0.7080293518518505,0.0,-0.5529051563420913,0.7080293518518505,0.1551241955097592,-0.5529051563420913,1,1,0,0
4862,4862.0,48.62,-0.6988438888888873,0.0,-0.5429792211895323,0.6988438888888873,0.15586466769935492,-0.5429792211895323,1,1,0,0
4863,4863.0,48.63,-0.6896584259259242,0.0,-0.532695041641427,0.6896584259259242,0.1569633842844972,-0.532695041641427,1,1,0,0
4864,4864.0,48.64,-0.6804729629629611,0.0,-0.5233958260516096,0.6804729629629611,0.1570771369113515,-0.5233958260516096,1,1,0,0
4865,4865.0,48.65,-0.671287499999998,0.0,-0.5138707146054605,0.671287499999998,0.15741678539453752,-0.5138707146054605,1,1,0,0
4866,4866.0,48.66,-0.6623403703703671,0.0,-0.5054857907380426,0.6623403703703671,0.15685457963232452,-0.5054857907380426,1,1,0,0
4867,4867.0,48.67,-0.6533932407407362,0.0,-0.4949201984062526,0.6533932407407362,0.15847304233448362,-0.4949201984062526,1,1,0,0
4868,4868.0,48.68,-0.644446111111111,0.0,-0.48683108546587317,0.644446111111111,0.15761502564523788,-0.48683108546587317,1,1,0,0
4869,4869.0,48.69,-0.6354989814814859,0.0,-0.4779142939749055,0.6354989814814859,0.1575846875065804,-0.4779142939749055,1,1,0,0
4870,4870.0,48.7,-0.6265518518518493,0.0,-0.4674896323598837,0.6265518518518493,0.15906221949196553,-0.4674896323598837,1,1,0,0
4871,4871.0,48.71,-0.6178502777777791,0.0,-0.45838937268388796,0.6178502777777791,0.15946090509389116,-0.45838937268388796,1,1,0,0
4872,4872.0,48.72,-0.6091487037037033,0.0,-0.4477394281069317,0.6091487037037033,0.16140927559677165,-0.4477394281069317,1,1,0,0
4873,4873.0,48.73,-0.6004471296296275,0.0,-0.43812873571672906,0.6004471296296275,0.16231839391289848,-0.43812873571672906,1,1,0,0
4874,4874.0,48.74,-0.5917455555555517,0.0,-0.4281130285665536,0.5917455555555517,0.16363252698899816,-0.4281130285665536,1,1,0,0
4875,4875.0,48.75,-0.5830439814814816,0.0,-0.4171030842524922,0.5830439814814816,0.16594089722898941,-0.4171030842524922,1,1,0,0
4876,4876.0,48.76,-0.5745951851851895,0.0,-0.40938410818706167,0.5745951851851895,0.16521107699812781,-0.40938410818706167,1,1,0,0
4877,4877.0,48.77,-0.5661463888888859,0.0,-0.4003114072940548,0.5661463888888859,0.16583498159483112,-0.4003114072940548,1,1,0,0
4878,4878.0,48.78,-0.5576975925925881,0.0,-0.3908801005791579,0.5576975925925881,0.1668174920134302,-0.3908801005791579,1,1,0,0
4879,4879.0,48.79,-0.549248796296296,0.0,-0.38189225250863756,0.549248796296296,0.1673565437876584,-0.38189225250863756,1,1,0,0
4880,4880.0,48.8,-0.5407999999999923,0.0,-0.3748326473903134,0.5407999999999923,0.16596735260967888,-0.3748326473903134,1,1,0,0
4881,4881.0,48.81,-0.532611203703701,0.0,-0.36649861032911185,0.532611203703701,0.1661125933745891,-0.36649861032911185,1,1,0,0
4882,4882.0,48.82,-0.524422407407404,0.0,-0.3570890878348923,0.524422407407404,0.16733331957251169,-0.3570890878348923,1,1,0,0
4883,4883.0,48.83,-0.5162336111111128,0.0,-0.3470850185657337,0.5162336111111128,0.16914859254537906,-0.3470850185657337,1,1,0,0
4884,4884.0,48.84,-0.50804481481481,0.0,-0.33799032857644246,0.50804481481481,0.17005448623836755,-0.33799032857644246,1,1,0,0
4885,4885.0,48.85,-0.499856018518513,0.0,-0.3272609580054387,0.499856018518513,0.17259506051307433,-0.3272609580054387,1,1,0,0
4886,4886.0,48.86,-0.49193444444444545,0.0,-0.31821607000987484,0.49193444444444545,0.1737183744345706,-0.31821607000987484,1,1,0,0
4887,4887.0,48.87,-0.4840128703703664,0.0,-0.30938007301176795,0.4840128703703664,0.17463279735859844,-0.30938007301176795,1,1,0,0
4888,4888.0,48.88,-0.47609129629629315,0.0,-0.3008837880765297,0.47609129629629315,0.17520750821976344,-0.3008837880765297,1,1,0,0
4889,4889.0,48.89,-0.4681697222222199,0.0,-0.2928454400812796,0.4681697222222199,0.1753242821409403,-0.2928454400812796,1,1,0,0
4890,4890.0,48.9,-0.4602481481481465,0.0,-0.28395104648769165,0.4602481481481465,0.17629710166045487,-0.28395104648769165,1,1,0,0
4891,4891.0,48.91,-0.45260101851851414,0.0,-0.2769241653329433,0.45260101851851414,0.17567685318557086,-0.2769241653329433,1,1,0,0
4892,4892.0,48.92,-0.4449538888888875,0.0,-0.2690019084060624,0.4449538888888875,0.17595198048282507,-0.2690019084060624,1,1,0,0
4893,4893.0,48.93,-0.43730675925925505,0.0,-0.26021160003744415,0.43730675925925505,0.1770951592218109,-0.26021160003744415,1,1,0,0
4894,4894.0,48.94,-0.4296596296296284,0.0,-0.25124502659188497,0.4296596296296284,0.17841460303774342,-0.25124502659188497,1,1,0,0
4895,4895.0,48.95,-0.422012499999996,0.0,-0.2427372105328333,0.422012499999996,0.17927528946716273,-0.2427372105328333,1,1,0,0
4896,4896.0,48.96,-0.41464703703703304,0.0,-0.23584541002100123,0.41464703703703304,0.1788016270160318,-0.23584541002100123,1,1,0,0
4897,4897.0,48.97,-0.4072815740740702,0.0,-0.228050043016361,0.4072815740740702,0.17923153105770917,-0.228050043016361,1,1,0,0
4898,4898.0,48.98,-0.39991611111110725,0.0,-0.22024361840790307,0.39991611111110725,0.17967249270320418,-0.22024361840790307,1,1,0,0
4899,4899.0,48.99,-0.39255064814814433,0.0,-0.21054304402861396,0.39255064814814433,0.18200760411953038,-0.21054304402861396,1,1,0,0
4900,4900.0,49.0,-0.3851851851851814,0.0,-0.2019152086588502,0.3851851851851814,0.1832699765263312,-0.2019152086588502,1,1,0,0
4901,4901.0,49.01,-0.3781086111111109,0.0,-0.19503438245047872,0.3781086111111109,0.18307422866063217,-0.19503438245047872,1,1,0,0
4902,4902.0,49.02,-0.3710320370370346,0.0,-0.18522064208326824,0.3710320370370346,0.18581139495376633,-0.18522064208326824,1,1,0,0
4903,4903.0,49.03,-0.3639554629629584,0.0,-0.17755421731694943,0.3639554629629584,0.18640124564600896,-0.17755421731694943,1,1,0,0
4904,4904.0,49.04,-0.3568788888888878,0.0,-0.1689717530213767,0.3568788888888878,0.1879071358675111,-0.1689717530213767,1,1,0,0
4905,4905.0,49.05,-0.34980231481481155,0.0,-0.1622693176426577,0.34980231481481155,0.18753299717215385,-0.1622693176426577,1,1,0,0
4906,4906.0,49.06,-0.3430218518518505,0.0,-0.15551582852845686,0.3430218518518505,0.18750602332339367,-0.15551582852845686,1,1,0,0
4907,4907.0,49.07,-0.3362413888888838,0.0,-0.14581194101840264,0.3362413888888838,0.19042944787048113,-0.14581194101840264,1,1,0,0
4908,4908.0,49.08,-0.32946092592592274,0.0,-0.13771720973439625,0.32946092592592274,0.1917437161915265,-0.13771720973439625,1,1,0,0
4909,4909.0,49.09,-0.322680462962956,0.0,-0.12997622403285486,0.322680462962956,0.19270423893010113,-0.12997622403285486,1,1,0,0
4910,4910.0,49.1,-0.315899999999995,0.0,-0.12313031862903667,0.315899999999995,0.19276968137095835,-0.12313031862903667,1,1,0,0
4911,4911.0,49.11,-0.3094228703703664,0.0,-0.1160900359615747,0.3094228703703664,0.19333283440879173,-0.11609003596157469,1,1,0,0
4912,4912.0,49.12,-0.30294574074073777,0.0,-0.1082098580453252,0.30294574074073777,0.1947358826954126,-0.10820985804532518,1,1,0,0
4913,4913.0,49.13,-0.2964686111111092,0.0,-0.1017360141290561,0.2964686111111092,0.19473259698205314,-0.10173601412905608,1,1,0,0
4914,4914.0,49.14,-0.28999148148148063,0.0,-0.0948369163648486,0.28999148148148063,0.19515456511663204,-0.09483691636484859,1,0,0,1
4915,4915.0,49.15,-0.283514351851852,0.0,-0.08838720738801964,0.283514351851852,0.19512714446383234,-0.08838720738801964,1,0,0,1
4916,4916.0,49.16,-0.277347777777773,0.0,-0.08171782955218204,0.277347777777773,0.19562994822559093,-0.08171782955218204,1,0,0,1
4917,4917.0,49.17,-0.27118120370369964,0.0,-0.07642959934912807,0.27118120370369964,0.19475160435457156,-0.07642959934912807,1,0,0,1
4918,4918.0,49.18,-0.2650146296296263,0.0,-0.0689206535416796,0.2650146296296263,0.1960939760879467,-0.06892065354167959,1,0,0,1
4919,4919.0,49.19,-0.258848055555553,0.0,-0.061285459018529935,0.258848055555553,0.19756259653702307,-0.06128545901852994,1,0,0,1
4920,4920.0,49.2,-0.25268148148147973,0.0,-0.05373294078178018,0.25268148148147973,0.19894854069969956,-0.053732940781780175,1,0,0,1
4921,4921.0,49.21,-0.24683268518518459,0.0,-0.04785453954104779,0.24683268518518459,0.1989781456441368,-0.04785453954104779,1,0,0,1
4922,4922.0,49.22,-0.24098388888888944,0.0,-0.0410574462872194,0.24098388888888944,0.19992644260167003,-0.04105744628721941,1,0,0,1
4923,4923.0,49.23,-0.23513509259258858,0.0,-0.033368327361764295,0.23513509259258858,0.2017667652308243,-0.03336832736176429,1,0,0,1
4924,4924.0,49.24,-0.22928629629629343,0.0,-0.025670090320439758,0.22928629629629343,0.20361620597585367,-0.025670090320439765,1,0,0,1
4925,4925.0,49.25,-0.2234374999999983,0.0,-0.01906923330114342,0.2234374999999983,0.20436826669885488,-0.019069233301143407,1,0,0,1
4926,4926.0,49.26,-0.21791370370370422,0.0,-0.014205847455435046,0.21791370370370422,0.20370785624826918,-0.014205847455435044,1,0,0,1
4927,4927.0,49.27,-0.21238990740740438,0.0,-0.007360201543107887,0.21238990740740438,0.2050297058642965,-0.007360201543107875,1,0,0,1
4928,4928.0,49.28,-0.2068661111111103,0.0,-0.0019190967866449776,0.2068661111111103,0.20494701432446533,-0.0019190967866449804,1,0,0,1
4929,4929.0,49.29,-0.2013423148148105,0.0,0.0038736758347410003,0.2013423148148105,0.20521599064955148,0.0038736758347409916,1,0,0,1
4930,4930.0,49.3,-0.19581851851851068,0.0,0.009026485635674882,0.19581851851851068,0.20484500415418555,0.009026485635674875,1,0,0,1
4931,4931.0,49.31,-0.19062694444444053,0.0,0.01513669421880281,0.19062694444444053,0.20576363866324335,0.015136694218802815,1,0,0,1
4932,4932.0,49.32,-0.18543537037036464,0.0,0.022059678829736987,0.18543537037036464,0.20749504920010164,0.022059678829737,1,0,0,1
4933,4933.0,49.33,-0.1802437962962945,0.0,0.027183272028144603,0.1802437962962945,0.2074270683244391,0.027183272028144606,1,0,0,1
4934,4934.0,49.34,-0.17505222222221864,0.0,0.03526883995367769,0.17505222222221864,0.21032106217589633,0.03526883995367769,1,0,0,1
4935,4935.0,49.35,-0.16986064814814278,0.0,0.04114707394730775,0.16986064814814278,0.21100772209545055,0.041147073947307766,1,0,0,1
4936,4936.0,49.36,-0.1650085185185137,0.0,0.04738548709330788,0.1650085185185137,0.2123940056118216,0.04738548709330789,1,0,0,1
4937,4937.0,49.37,-0.16015638888888464,0.0,0.05265274252586043,0.16015638888888464,0.21280913141474506,0.05265274252586041,1,0,0,1
4938,4938.0,49.38,-0.1553042592592556,0.0,0.05788335281892601,0.1553042592592556,0.2131876120781816,0.05788335281892601,1,0,0,1
4939,4939.0,49.39,-0.15045212962962654,0.0,0.06433421952815285,0.15045212962962654,0.2147863491577794,0.06433421952815285,1,0,0,1
4940,4940.0,49.4,-0.1455999999999975,0.0,0.06941329583655176,0.1455999999999975,0.21501329583654927,0.06941329583655176,1,0,0,1
4941,4941.0,49.41,-0.14109453703703242,0.0,0.07474428528803105,0.14109453703703242,0.21583882232506346,0.07474428528803104,1,0,0,1
4942,4942.0,49.42,-0.13658907407407306,0.0,0.0797960212823285,0.13658907407407306,0.21638509535640155,0.07979602128232849,1,0,0,1
4943,4943.0,49.43,-0.132083611111108,0.0,0.08524618972423169,0.132083611111108,0.2173298008353397,0.0852461897242317,1,0,0,1
4944,4944.0,49.44,-0.12757814814814863,0.0,0.09096420289192851,0.12757814814814863,0.21854235104007713,0.0909642028919285,1,0,0,1
4945,4945.0,49.45,-0.12307268518518354,0.0,0.09582660471186177,0.12307268518518354,0.21889928989704532,0.09582660471186179,1,0,0,1
4946,4946.0,49.46,-0.11892111111110533,0.0,0.1022699368882691,0.11892111111110533,0.22119104799937445,0.10226993688826912,1,0,1,0
4947,4947.0,49.47,-0.11476953703703281,0.0,0.10719157164883628,0.11476953703703281,0.2219611086858691,0.10719157164883629,1,0,1,0
4948,4948.0,49.48,-0.11061796296296032,0.0,0.11285300825161437,0.11061796296296032,0.2234709712145747,0.11285300825161439,1,0,1,0
4949,4949.0,49.49,-0.10646638888888783,0.0,0.11907988510976107,0.10646638888888783,0.2255462739986489,0.11907988510976107,1,0,1,0
4950,4950.0,49.5,-0.10231481481480961,0.0,0.12302259659434024,0.10231481481480961,0.22533741140914987,0.12302259659434026,1,0,1,0
4951,4951.0,49.51,-0.09852435185185258,0.0,0.12700706991511546,0.09852435185185258,0.22553142176696805,0.12700706991511546,1,0,1,0
4952,4952.0,49.52,-0.0947338888888841,0.0,0.13087849589758216,0.0947338888888841,0.22561238478646625,0.13087849589758216,1,0,1,0
4953,4953.0,49.53,-0.09094342592592133,0.0,0.13679350633883475,0.09094342592592133,0.22773693226475608,0.13679350633883475,1,0,1,0
4954,4954.0,49.54,-0.08715296296295857,0.0,0.1408779836758038,0.08715296296295857,0.22803094663876236,0.1408779836758038,1,0,1,0
4955,4955.0,49.55,-0.08336249999999581,0.0,0.14441049280768536,0.08336249999999581,0.22777299280768118,0.14441049280768536,1,0,1,0
4956,4956.0,49.56,-0.07994037037036568,0.0,0.1475983823357342,0.07994037037036568,0.22753875270609986,0.1475983823357342,1,0,1,0
4957,4957.0,49.57,-0.07651824074073554,0.0,0.1527718105386148,0.07651824074073554,0.22929005127935034,0.1527718105386148,1,0,1,0
4958,4958.0,49.58,-0.07309611111111113,0.0,0.1569937342189978,0.07309611111111113,0.2300898453301089,0.15699373421899776,1,0,1,0
4959,4959.0,49.59,-0.06967398148147527,0.0,0.16158174380467913,0.06967398148147527,0.2312557252861544,0.16158174380467913,1,0,1,0
4960,4960.0,49.6,-0.06625185185185085,0.0,0.16609180624924394,0.06625185185185085,0.2323436581010948,0.16609180624924397,1,0,1,0
4961,4961.0,49.61,-0.06320527777777622,0.0,0.17051183603155293,0.06320527777777622,0.23371711380932914,0.1705118360315529,1,0,1,0
4962,4962.0,49.62,-0.0601587037037016,0.0,0.17262957301552687,0.0601587037037016,0.23278827671922847,0.17262957301552687,1,0,1,0
4963,4963.0,49.63,-0.05711212962962695,0.0,0.17519946934565184,0.05711212962962695,0.23231159897527878,0.17519946934565184,1,0,1,0
4964,4964.0,49.64,-0.05406555555555232,0.0,0.17902552483974246,0.05406555555555232,0.23309108039529478,0.17902552483974246,1,0,1,0
4965,4965.0,49.65,-0.05101898148147768,0.0,0.1825248756024087,0.05101898148147768,0.2335438570838864,0.1825248756024087,1,0,1,0
4966,4966.0,49.66,-0.048355185185181435,0.0,0.18596756099728426,0.048355185185181435,0.23432274618246568,0.18596756099728423,1,0,1,0
4967,4967.0,49.67,-0.04569138888888519,0.0,0.18759195632252185,0.04569138888888519,0.23328334521140703,0.18759195632252185,1,0,1,0
4968,4968.0,49.68,-0.04302759259258893,0.0,0.19074781473742908,0.04302759259258893,0.233775407330018,0.19074781473742908,1,0,1,0
4969,4969.0,49.69,-0.040363796296292685,0.0,0.19513243404610425,0.040363796296292685,0.23549623034239694,0.19513243404610425,1,0,1,0
4970,4970.0,49.7,-0.03769999999999644,0.0,0.1974912953994023,0.03769999999999644,0.23519129539939873,0.1974912953994023,1,0,1,0
4971,4971.0,49.71,-0.03542620370370145,0.0,0.20316332773820492,0.03542620370370145,0.23858953144190637,0.20316332773820492,1,0,1,0
4972,4972.0,49.72,-0.033152407407406465,0.0,0.20619358907047025,0.033152407407406465,0.23934599647787672,0.20619358907047025,1,0,1,0
4973,4973.0,49.73,-0.030878611111105753,0.0,0.20997276652220498,0.030878611111105753,0.24085137763331074,0.20997276652220498,1,0,1,0
4974,4974.0,49.74,-0.028604814814810774,0.0,0.21249774474351443,0.028604814814810774,0.2411025595583252,0.21249774474351443,1,0,1,0
4975,4975.0,49.75,-0.026331018518515787,0.0,0.21487549093053787,0.026331018518515787,0.24120650944905367,0.21487549093053787,1,0,1,0
4976,4976.0,49.76,-0.024454444444439224,0.0,0.21740834168091558,0.024454444444439224,0.2418627861253548,0.21740834168091558,1,0,1,0
4977,4977.0,49.77,-0.022577870370368392,0.0,0.22110398388017377,0.022577870370368392,0.24368185425054217,0.22110398388017377,1,0,1,0
4978,4978.0,49.78,-0.020701296296291825,0.0,0.22494432123876162,0.020701296296291825,0.24564561753505346,0.22494432123876162,1,0,1,0
4979,4979.0,49.79,-0.018824722222220994,0.0,0.22745806235651736,0.018824722222220994,0.24628278457873837,0.2274580623565174,1,0,1,0
4980,4980.0,49.8,-0.01694814814814443,0.0,0.22986942100035546,0.01694814814814443,0.2468175691484999,0.22986942100035546,1,0,1,0
4981,4981.0,49.81,-0.0154760185185149,0.0,0.23202540575917976,0.0154760185185149,0.24750142427769467,0.23202540575917976,1,0,1,0
4982,4982.0,49.82,-0.014003888888885367,0.0,0.23446128782315825,0.014003888888885367,0.24846517671204363,0.23446128782315825,1,0,1,0
4983,4983.0,49.83,-0.012531759259255836,0.0,0.23853102754837835,0.012531759259255836,0.25106278680763416,0.23853102754837832,1,0,1,0
4984,4984.0,49.84,-0.011059629629626304,0.0,0.24083680016056686,0.011059629629626304,0.25189642979019317,0.24083680016056686,1,0,1,0
4985,4985.0,49.85,-0.009587499999996772,0.0,0.24352886719092295,0.009587499999996772,0.25311636719091973,0.24352886719092295,1,0,1,0
4986,4986.0,49.86,-0.008527037037037154,0.0,0.2458482162181191,0.008527037037037154,0.25437525325515625,0.2458482162181191,1,0,1,0
4987,4987.0,49.87,-0.007466574074071806,0.0,0.24799454968479281,0.007466574074071806,0.2554611237588646,0.2479945496847928,1,0,1,0
4988,4988.0,49.88,-0.006406111111106459,0.0,0.24913527440579603,0.006406111111106459,0.2555413855169025,0.24913527440579603,1,0,1,0
4989,4989.0,49.89,-0.005345648148148131,0.0,0.2501989761246486,0.005345648148148131,0.2555446242727967,0.2501989761246486,1,0,1,0
4990,4990.0,49.9,-0.004285185185185362,0.0,0.2523578830967081,0.004285185185185362,0.2566430682818934,0.2523578830967081,1,0,1,0
4991,4991.0,49.91,-0.003643611111110777,0.0,0.25327624416171546,0.003643611111110777,0.25691985527282624,0.25327624416171546,1,0,1,0
4992,4992.0,49.92,-0.0030020370370369425,0.0,0.2546280104537627,0.0030020370370369425,0.25763004749079965,0.2546280104537627,1,0,1,0
4993,4993.0,49.93,-0.0023604629629631136,0.0,0.25564539065862724,0.0023604629629631136,0.25800585362159034,0.25564539065862724,1,0,1,0
4994,4994.0,49.94,-0.0017188888888892793,0.0,0.25816090637399913,0.0017188888888892793,0.2598797952628884,0.25816090637399913,1,0,1,0
4995,4995.0,49.95,-0.0010773148148149922,0.0,0.2604094151702252,0.0010773148148149922,0.2614867299850402,0.2604094151702252,1,0,1,0
4996,4996.0,49.96,-0.0008618518518520236,0.0,0.2615111752795357,0.0008618518518520236,0.2623730271313877,0.2615111752795357,1,0,1,0
4997,4997.0,49.97,-0.0006463888888890549,0.0,0.2631325757489408,0.0006463888888890549,0.26377896463782985,0.2631325757489408,1,0,1,0
4998,4998.0,49.98,-0.00043092592592593616,0.0,0.2650560728282362,0.00043092592592593616,0.2654869987541621,0.2650560728282362,1,0,1,0
4999,4999.0,49.99,-0.00021546296296296808,0.0,0.26468819237247904,0.00021546296296296808,0.264903655335442,0.26468819237247904,1,0,1,0
5000,5000.0,50.0,0.0,0.0,0.2640866696192619,0.0,0.2640866696192619,0.2640866696192619,1,0,1,0
5001,5001.0,50.01,0.0,0.0,0.26514982244271323,0.0,0.26514982244271323,0.26514982244271323,1,0,1,0
5002,5002.0,50.02,0.0,0.0,0.2642952973266666,0.0,0.2642952973266666,0.2642952973266666,1,0,1,0
5003,5003.0,50.03,0.0,0.0,0.26480347957914796,0.0,0.26480347957914796,0.26480347957914796,1,0,1,0
5004,5004.0,50.04,0.0,0.0,0.2635395485828965,0.0,0.2635395485828965,0.2635395485828965,1,0,1,0
5005,5005.0,50.05,0.0,0.0,0.26463337083607796,0.0,0.26463337083607796,0.26463337083607796,1,0,1,0
5006,5006.0,50.06,0.0,0.0,0.26644234144670764,0.0,0.26644234144670764,0.26644234144670764,1,0,1,0
5007,5007.0,50.07,0.0,0.0,0.2662813691222772,0.0,0.2662813691222772,0.2662813691222772,1,0,1,0
5008,5008.0,50.08,0.0,0.0,0.2687589539210989,0.0,0.2687589539210989,0.2687589539210989,1,0,1,0
5009,5009.0,50.09,0.0,0.0,0.26849398140756797,0.0,0.26849398140756797,0.26849398140756797,1,0,1,0
5010,5010.0,50.1,0.0,0.0,0.2693279757462446,0.0,0.2693279757462446,0.2693279757462446,1,0,1,0
5011,5011.0,50.11,0.0,0.0,0.2688887516118906,0.0,0.2688887516118906,0.2688887516118906,1,0,1,0
5012,5012.0,50.12,0.0,0.0,0.26909555254901896,0.0,0.26909555254901896,0.26909555254901896,1,0,1,0
5013,5013.0,50.13,0.0,0.0,0.26960457068160615,0.0,0.26960457068160615,0.26960457068160615,1,0,1,0
5014,5014.0,50.14,0.0,0.0,0.2704663765835076,0.0,0.2704663765835076,0.2704663765835076,1,0,1,0
5015,5015.0,50.15,0.0,0.0,0.2712640541998595,0.0,0.2712640541998595,0.2712640541998595,1,0,1,0
5016,5016.0,50.16,0.0,0.0,0.2704563584972869,0.0,0.2704563584972869,0.2704563584972869,1,0,1,0
5017,5017.0,50.17,0.0,0.0,0.2712811270944299,0.0,0.2712811270944299,0.2712811270944299,1,0,1,0
5018,5018.0,50.18,0.0,0.0,0.2731854264341288,0.0,0.2731854264341288,0.2731854264341288,1,0,1,0
5019,5019.0,50.19,0.0,0.0,0.27267965411524897,0.0,0.27267965411524897,0.27267965411524897,1,0,1,0
5020,5020.0,50.2,0.0,0.0,0.27340297872393093,0.0,0.27340297872393093,0.27340297872393093,1,0,1,0
5021,5021.0,50.21,0.0,0.0,0.27324597551752344,0.0,0.27324597551752344,0.27324597551752344,1,0,1,0
5022,5022.0,50.22,0.0,0.0,0.27365245628594537,0.0,0.27365245628594537,0.27365245628594537,1,0,1,0
5023,5023.0,50.23,0.0,0.0,0.27464901562673594,0.0,0.27464901562673594,0.27464901562673594,1,0,1,0
5024,5024.0,50.24,0.0,0.0,0.2742352255261949,0.0,0.2742352255261949,0.2742352255261949,1,0,1,0
5025,5025.0,50.25,0.0,0.0,0.2730192215978273,0.0,0.2730192215978273,0.2730192215978273,1,0,1,0
5026,5026.0,50.26,0.0,0.0,0.2719584830392633,0.0,0.2719584830392633,0.2719584830392633,1,0,1,0
5027,5027.0,50.27,0.0,0.0,0.2718239902558863,0.0,0.2718239902558863,0.2718239902558863,1,0,1,0
5028,5028.0,50.28,0.0,0.0,0.2721722247832201,0.0,0.2721722247832201,0.2721722247832201,1,0,1,0
5029,5029.0,50.29,0.0,0.0,0.271637989556993,0.0,0.271637989556993,0.271637989556993,1,0,1,0
5030,5030.0,50.3,0.0,0.0,0.27132966990393886,0.0,0.27132966990393886,0.27132966990393886,1,0,1,0
5031,5031.0,50.31,0.0,0.0,0.27143821772358584,0.0,0.27143821772358584,0.27143821772358584,1,0,1,0
5032,5032.0,50.32,0.0,0.0,0.27150721278249657,0.0,0.27150721278249657,0.27150721278249657,1,0,1,0
5033,5033.0,50.33,0.0,0.0,0.2710978997929883,0.0,0.2710978997929883,0.2710978997929883,1,0,1,0
5034,5034.0,50.34,0.0,0.0,0.27128675286015225,0.0,0.27128675286015225,0.27128675286015225,1,0,1,0
5035,5035.0,50.35,0.0,0.0,0.271156565441165,0.0,0.271156565441165,0.271156565441165,1,0,1,0
5036,5036.0,50.36,0.0,0.0,0.2718266930294029,0.0,0.2718266930294029,0.2718266930294029,1,0,1,0
5037,5037.0,50.37,0.0,0.0,0.27101993480472353,0.0,0.27101993480472353,0.27101993480472353,1,0,1,0
5038,5038.0,50.38,0.0,0.0,0.27127868652426523,0.0,0.27127868652426523,0.27127868652426523,1,0,1,0
5039,5039.0,50.39,0.0,0.0,0.27060619143426495,0.0,0.27060619143426495,0.27060619143426495,1,0,1,0
5040,5040.0,50.4,0.0,0.0,0.26977061251054407,0.0,0.26977061251054407,0.26977061251054407,1,0,1,0
5041,5041.0,50.41,0.0,0.0,0.2690420367645712,0.0,0.2690420367645712,0.2690420367645712,1,0,1,0
5042,5042.0,50.42,0.0,0.0,0.2693024303079675,0.0,0.2693024303079675,0.2693024303079675,1,0,1,0
5043,5043.0,50.43,0.0,0.0,0.2697973281774457,0.0,0.2697973281774457,0.2697973281774457,1,0,1,0
5044,5044.0,50.44,0.0,0.0,0.2686620579731356,0.0,0.2686620579731356,0.2686620579731356,1,0,1,0
5045,5045.0,50.45,0.0,0.0,0.2686913910946779,0.0,0.2686913910946779,0.2686913910946779,1,0,1,0
5046,5046.0,50.46,0.0,0.0,0.26730859647051614,0.0,0.26730859647051614,0.26730859647051614,1,0,1,0
5047,5047.0,50.47,0.0,0.0,0.2676932244472735,0.0,0.2676932244472735,0.2676932244472735,1,0,1,0
5048,5048.0,50.48,0.0,0.0,0.2667379267716373,0.0,0.2667379267716373,0.2667379267716373,1,0,1,0
5049,5049.0,50.49,0.0,0.0,0.26508304516130526,0.0,0.26508304516130526,0.26508304516130526,1,0,1,0
5050,5050.0,50.5,0.0,0.0,0.26535976109707965,0.0,0.26535976109707965,0.26535976109707965,1,0,1,0
5051,5051.0,50.51,0.0,0.0,0.26620593716364843,0.0,0.26620593716364843,0.26620593716364843,1,0,1,0
5052,5052.0,50.52,0.0,0.0,0.2664745677721564,0.0,0.2664745677721564,0.2664745677721564,1,0,1,0
5053,5053.0,50.53,0.0,0.0,0.26513121855676286,0.0,0.26513121855676286,0.26513121855676286,1,0,1,0
5054,5054.0,50.54,0.0,0.0,0.26672534997871133,0.0,0.26672534997871133,0.26672534997871133,1,0,1,0
5055,5055.0,50.55,0.0,0.0,0.26792450602765083,0.0,0.26792450602765083,0.26792450602765083,1,0,1,0
5056,5056.0,50.56,0.0,0.0,0.2674386015865885,0.0,0.2674386015865885,0.2674386015865885,1,0,1,0
5057,5057.0,50.57,0.0,0.0,0.2672363316522156,0.0,0.2672363316522156,0.2672363316522156,1,0,1,0
5058,5058.0,50.58,0.0,0.0,0.26611796431282125,0.0,0.26611796431282125,0.26611796431282125,1,0,1,0
5059,5059.0,50.59,0.0,0.0,0.2662814107177354,0.0,0.2662814107177354,0.2662814107177354,1,0,1,0
5060,5060.0,50.6,0.0,0.0,0.2675714863682221,0.0,0.2675714863682221,0.2675714863682221,1,0,1,0
5061,5061.0,50.61,0.0,0.0,0.2670904267441995,0.0,0.2670904267441995,0.2670904267441995,1,0,1,0
5062,5062.0,50.62,0.0,0.0,0.2662164863698392,0.0,0.2662164863698392,0.2662164863698392,1,0,1,0
5063,5063.0,50.63,0.0,0.0,0.2651255930686443,0.0,0.2651255930686443,0.2651255930686443,1,0,1,0
5064,5064.0,50.64,0.0,0.0,0.264982545739864,0.0,0.264982545739864,0.264982545739864,1,0,1,0
5065,5065.0,50.65,0.0,0.0,0.2642947066419355,0.0,0.2642947066419355,0.2642947066419355,1,0,1,0
5066,5066.0,50.66,0.0,0.0,0.26401194922179483,0.0,0.26401194922179483,0.26401194922179483,1,0,1,0
5067,5067.0,50.67,0.0,0.0,0.26346506879196224,0.0,0.26346506879196224,0.26346506879196224,1,0,1,0
5068,5068.0,50.68,0.0,0.0,0.26362490281856277,0.0,0.26362490281856277,0.26362490281856277,1,0,1,0
5069,5069.0,50.69,0.0,0.0,0.26415757877642443,0.0,0.26415757877642443,0.26415757877642443,1,0,1,0
5070,5070.0,50.7,0.0,0.0,0.26344626204235183,0.0,0.26344626204235183,0.26344626204235183,1,0,1,0
5071,5071.0,50.71,0.0,0.0,0.26344443680902324,0.0,0.26344443680902324,0.26344443680902324,1,0,1,0
5072,5072.0,50.72,0.0,0.0,0.26260665787493437,0.0,0.26260665787493437,0.26260665787493437,1,0,1,0
5073,5073.0,50.73,0.0,0.0,0.2633267777429615,0.0,0.2633267777429615,0.2633267777429615,1,0,1,0
5074,5074.0,50.74,0.0,0.0,0.2626073836853616,0.0,0.2626073836853616,0.2626073836853616,1,0,1,0
5075,5075.0,50.75,0.0,0.0,0.2627610901608552,0.0,0.2627610901608552,0.2627610901608552,1,0,1,0
5076,5076.0,50.76,0.0,0.0,0.2632902348816663,0.0,0.2632902348816663,0.2632902348816663,1,0,1,0
5077,5077.0,50.77,0.0,0.0,0.262375581813928,0.0,0.262375581813928,0.262375581813928,1,0,1,0
5078,5078.0,50.78,0.0,0.0,0.2630060816050434,0.0,0.2630060816050434,0.2630060816050434,1,0,1,0
5079,5079.0,50.79,0.0,0.0,0.2635203036858826,0.0,0.2635203036858826,0.2635203036858826,1,0,1,0
5080,5080.0,50.8,0.0,0.0,0.2644120551080521,0.0,0.2644120551080521,0.2644120551080521,1,0,1,0
5081,5081.0,50.81,0.0,0.0,0.2632454196593404,0.0,0.2632454196593404,0.2632454196593404,1,0,1,0
5082,5082.0,50.82,0.0,0.0,0.2630239426487831,0.0,0.2630239426487831,0.2630239426487831,1,0,1,0
5083,5083.0,50.83,0.0,0.0,0.2621779186451157,0.0,0.2621779186451157,0.2621779186451157,1,0,1,0
5084,5084.0,50.84,0.0,0.0,0.2625390537595474,0.0,0.2625390537595474,0.2625390537595474,1,0,1,0
5085,5085.0,50.85,0.0,0.0,0.2614218947622511,0.0,0.2614218947622511,0.2614218947622511,1,0,1,0
5086,5086.0,50.86,0.0,0.0,0.2594536445554178,0.0,0.2594536445554178,0.2594536445554178,1,0,1,0
5087,5087.0,50.87,0.0,0.0,0.25951832690135973,0.0,0.25951832690135973,0.25951832690135973,1,0,1,0
5088,5088.0,50.88,0.0,0.0,0.26025421955619393,0.0,0.26025421955619393,0.26025421955619393,1,0,1,0
5089,5089.0,50.89,0.0,0.0,0.2605564877031165,0.0,0.2605564877031165,0.2605564877031165,1,0,1,0
5090,5090.0,50.9,0.0,0.0,0.2602488183361839,0.0,0.2602488183361839,0.2602488183361839,1,0,1,0
5091,5091.0,50.91,0.0,0.0,0.2623613004096935,0.0,0.2623613004096935,0.2623613004096935,1,0,1,0
5092,5092.0,50.92,0.0,0.0,0.263075652508832,0.0,0.263075652508832,0.263075652508832,1,0,1,0
5093,5093.0,50.93,0.0,0.0,0.2621844615556737,0.0,0.2621844615556737,0.2621844615556737,1,0,1,0
5094,5094.0,50.94,0.0,0.0,0.2619623392708515,0.0,0.2619623392708515,0.2619623392708515,1,0,1,0
5095,5095.0,50.95,0.0,0.0,0.26114359014720206,0.0,0.26114359014720206,0.26114359014720206,1,0,1,0
5096,5096.0,50.96,0.0,0.0,0.2608141483569766,0.0,0.2608141483569766,0.2608141483569766,1,0,1,0
5097,5097.0,50.97,0.0,0.0,0.26010230695835773,0.0,0.26010230695835773,0.26010230695835773,1,0,1,0
5098,5098.0,50.98,0.0,0.0,0.2587616018529765,0.0,0.2587616018529765,0.2587616018529765,1,0,1,0
5099,5099.0,50.99,0.0,0.0,0.2577389550059816,0.0,0.2577389550059816,0.2577389550059816,1,0,1,0
5100,5100.0,51.0,0.0,0.0,0.25825777593311344,0.0,0.25825777593311344,0.25825777593311344,1,0,1,0
5101,5101.0,51.01,0.0,0.0,0.2587230134680153,0.0,0.2587230134680153,0.2587230134680153,1,0,1,0
5102,5102.0,51.02,0.0,0.0,0.25865221280094414,0.0,0.25865221280094414,0.25865221280094414,1,0,1,0
5103,5103.0,51.03,0.0,0.0,0.2586012145497498,0.0,0.2586012145497498,0.2586012145497498,1,0,1,0
5104,5104.0,51.04,0.0,0.0,0.25793677162350837,0.0,0.25793677162350837,0.25793677162350837,1,0,1,0
5105,5105.0,51.05,0.0,0.0,0.259498452724341,0.0,0.259498452724341,0.259498452724341,1,0,1,0
5106,5106.0,51.06,0.0,0.0,0.26076543842882816,0.0,0.26076543842882816,0.26076543842882816,1,0,1,0
5107,5107.0,51.07,0.0,0.0,0.26110248044538625,0.0,0.26110248044538625,0.26110248044538625,1,0,1,0
5108,5108.0,51.08,0.0,0.0,0.2612021036323358,0.0,0.2612021036323358,0.2612021036323358,1,0,1,0
5109,5109.0,51.09,0.0,0.0,0.26157275046357453,0.0,0.26157275046357453,0.26157275046357453,1,0,1,0
5110,5110.0,51.1,0.0,0.0,0.26253266585154256,0.0,0.26253266585154256,0.26253266585154256,1,0,1,0
5111,5111.0,51.11,0.0,0.0,0.2615807336594467,0.0,0.2615807336594467,0.2615807336594467,1,0,1,0
5112,5112.0,51.12,0.0,0.0,0.2613053154876028,0.0,0.2613053154876028,0.2613053154876028,1,0,1,0
5113,5113.0,51.13,0.0,0.0,0.2625346853534537,0.0,0.2625346853534537,0.2625346853534537,1,0,1,0
5114,5114.0,51.14,0.0,0.0,0.262282740171112,0.0,0.262282740171112,0.262282740171112,1,0,1,0
5115,5115.0,51.15,0.0,0.0,0.26345897984500977,0.0,0.26345897984500977,0.26345897984500977,1,0,1,0
5116,5116.0,51.16,0.0,0.0,0.2629049980696369,0.0,0.2629049980696369,0.2629049980696369,1,0,1,0
5117,5117.0,51.17,0.0,0.0,0.26309639597254164,0.0,0.26309639597254164,0.26309639597254164,1,0,1,0
5118,5118.0,51.18,0.0,0.0,0.2645603903577502,0.0,0.2645603903577502,0.2645603903577502,1,0,1,0
5119,5119.0,51.19,0.0,0.0,0.26513429319935755,0.0,0.26513429319935755,0.26513429319935755,1,0,1,0
5120,5120.0,51.2,0.0,0.0,0.2662731075420604,0.0,0.2662731075420604,0.2662731075420604,1,0,1,0
5121,5121.0,51.21,0.0,0.0,0.26710041500613924,0.0,0.26710041500613924,0.26710041500613924,1,0,1,0
5122,5122.0,51.22,0.0,0.0,0.265932178719301,0.0,0.265932178719301,0.265932178719301,1,0,1,0
5123,5123.0,51.23,0.0,0.0,0.2649788548756487,0.0,0.2649788548756487,0.2649788548756487,1,0,1,0
5124,5124.0,51.24,0.0,0.0,0.2654836325863147,0.0,0.2654836325863147,0.2654836325863147,1,0,1,0
5125,5125.0,51.25,0.0,0.0,0.26592006733800383,0.0,0.26592006733800383,0.26592006733800383,1,0,1,0
5126,5126.0,51.26,0.0,0.0,0.26634362909529136,0.0,0.26634362909529136,0.26634362909529136,1,0,1,0
5127,5127.0,51.27,0.0,0.0,0.26466043986519444,0.0,0.26466043986519444,0.26466043986519444,1,0,1,0
5128,5128.0,51.28,0.0,0.0,0.2656226685561253,0.0,0.2656226685561253,0.2656226685561253,1,0,1,0
5129,5129.0,51.29,0.0,0.0,0.2658171321780421,0.0,0.2658171321780421,0.2658171321780421,1,0,1,0
5130,5130.0,51.3,0.0,0.0,0.26471600115222904,0.0,0.26471600115222904,0.26471600115222904,1,0,1,0
5131,5131.0,51.31,0.0,0.0,0.26444957952047177,0.0,0.26444957952047177,0.26444957952047177,1,0,1,0
5132,5132.0,51.32,0.0,0.0,0.26304681941229024,0.0,0.26304681941229024,0.26304681941229024,1,0,1,0
5133,5133.0,51.33,0.0,0.0,0.2627310264653605,0.0,0.2627310264653605,0.2627310264653605,1,0,1,0
5134,5134.0,51.34,0.0,0.0,0.2617293781395031,0.0,0.2617293781395031,0.2617293781395031,1,0,1,0
5135,5135.0,51.35,0.0,0.0,0.2610752668211513,0.0,0.2610752668211513,0.2610752668211513,1,0,1,0
5136,5136.0,51.36,0.0,0.0,0.2592951182739819,0.0,0.2592951182739819,0.2592951182739819,1,0,1,0
5137,5137.0,51.37,0.0,0.0,0.260676058481926,0.0,0.260676058481926,0.260676058481926,1,0,1,0
5138,5138.0,51.38,0.0,0.0,0.26070391719489056,0.0,0.26070391719489056,0.26070391719489056,1,0,1,0
5139,5139.0,51.39,0.0,0.0,0.26046296495547244,0.0,0.26046296495547244,0.26046296495547244,1,0,1,0
5140,5140.0,51.4,0.0,0.0,0.26049194171468404,0.0,0.26049194171468404,0.26049194171468404,1,0,1,0
5141,5141.0,51.41,0.0,0.0,0.2598631713034301,0.0,0.2598631713034301,0.2598631713034301,1,0,1,0
5142,5142.0,51.42,0.0,0.0,0.2609822387366713,0.0,0.2609822387366713,0.2609822387366713,1,0,1,0
5143,5143.0,51.43,0.0,0.0,0.26230400978818713,0.0,0.26230400978818713,0.26230400978818713,1,0,1,0
5144,5144.0,51.44,0.0,0.0,0.26273908627734377,0.0,0.26273908627734377,0.26273908627734377,1,0,1,0
5145,5145.0,51.45,0.0,0.0,0.26443848717169127,0.0,0.26443848717169127,0.26443848717169127,1,0,1,0
5146,5146.0,51.46,0.0,0.0,0.2650189960388533,0.0,0.2650189960388533,0.2650189960388533,1,0,1,0
5147,5147.0,51.47,0.0,0.0,0.2664771360862925,0.0,0.2664771360862925,0.2664771360862925,1,0,1,0
5148,5148.0,51.48,0.0,0.0,0.2642212568344716,0.0,0.2642212568344716,0.2642212568344716,1,0,1,0
5149,5149.0,51.49,0.0,0.0,0.2637108198450485,0.0,0.2637108198450485,0.2637108198450485,1,0,1,0
5150,5150.0,51.5,0.0,0.0,0.2643193557099442,0.0,0.2643193557099442,0.2643193557099442,1,0,1,0
5151,5151.0,51.51,0.0,0.0,0.2638497354615335,0.0,0.2638497354615335,0.2638497354615335,1,0,1,0
5152,5152.0,51.52,0.0,0.0,0.26545659887419637,0.0,0.26545659887419637,0.26545659887419637,1,0,1,0
5153,5153.0,51.53,0.0,0.0,0.2648817799914076,0.0,0.2648817799914076,0.2648817799914076,1,0,1,0
5154,5154.0,51.54,0.0,0.0,0.2651651859179254,0.0,0.2651651859179254,0.2651651859179254,1,0,1,0
5155,5155.0,51.55,0.0,0.0,0.26606812138278924,0.0,0.26606812138278924,0.26606812138278924,1,0,1,0
5156,5156.0,51.56,0.0,0.0,0.2656026278019353,0.0,0.2656026278019353,0.2656026278019353,1,0,1,0
5157,5157.0,51.57,0.0,0.0,0.26369381584679086,0.0,0.26369381584679086,0.26369381584679086,1,0,1,0
5158,5158.0,51.58,0.0,0.0,0.2631598832880458,0.0,0.2631598832880458,0.2631598832880458,1,0,1,0
5159,5159.0,51.59,0.0,0.0,0.2619080696529145,0.0,0.2619080696529145,0.2619080696529145,1,0,1,0
5160,5160.0,51.6,0.0,0.0,0.26169960489609323,0.0,0.26169960489609323,0.26169960489609323,1,0,1,0
5161,5161.0,51.61,0.0,0.0,0.26213851604628147,0.0,0.26213851604628147,0.26213851604628147,1,0,1,0
5162,5162.0,51.62,0.0,0.0,0.2624913382440681,0.0,0.2624913382440681,0.2624913382440681,1,0,1,0
5163,5163.0,51.63,0.0,0.0,0.2629867291009005,0.0,0.2629867291009005,0.2629867291009005,1,0,1,0
5164,5164.0,51.64,0.0,0.0,0.2613413430033211,0.0,0.2613413430033211,0.2613413430033211,1,0,1,0
5165,5165.0,51.65,0.0,0.0,0.2614832303953402,0.0,0.2614832303953402,0.2614832303953402,1,0,1,0
5166,5166.0,51.66,0.0,0.0,0.262464505573289,0.0,0.262464505573289,0.262464505573289,1,0,1,0
5167,5167.0,51.67,0.0,0.0,0.2621778419374803,0.0,0.2621778419374803,0.2621778419374803,1,0,1,0
5168,5168.0,51.68,0.0,0.0,0.26189549456457806,0.0,0.26189549456457806,0.26189549456457806,1,0,1,0
5169,5169.0,51.69,0.0,0.0,0.2608615347328741,0.0,0.2608615347328741,0.2608615347328741,1,0,1,0
5170,5170.0,51.7,0.0,0.0,0.26070435321481583,0.0,0.26070435321481583,0.26070435321481583,1,0,1,0
5171,5171.0,51.71,0.0,0.0,0.2595942212507431,0.0,0.2595942212507431,0.2595942212507431,1,0,1,0
5172,5172.0,51.72,0.0,0.0,0.2581872986757309,0.0,0.2581872986757309,0.2581872986757309,1,0,1,0
5173,5173.0,51.73,0.0,0.0,0.25663951797882045,0.0,0.25663951797882045,0.25663951797882045,1,0,1,0
5174,5174.0,51.74,0.0,0.0,0.2569501887798057,0.0,0.2569501887798057,0.2569501887798057,1,0,1,0
5175,5175.0,51.75,0.0,0.0,0.2580176934522112,0.0,0.2580176934522112,0.2580176934522112,1,0,1,0
5176,5176.0,51.76,0.0,0.0,0.2579490986717689,0.0,0.2579490986717689,0.2579490986717689,1,0,1,0
5177,5177.0,51.77,0.0,0.0,0.2585683119349714,0.0,0.2585683119349714,0.2585683119349714,1,0,1,0
5178,5178.0,51.78,0.0,0.0,0.2566427162740611,0.0,0.2566427162740611,0.2566427162740611,1,0,1,0
5179,5179.0,51.79,0.0,0.0,0.2570896507658475,0.0,0.2570896507658475,0.2570896507658475,1,0,1,0
5180,5180.0,51.8,0.0,0.0,0.25495122649864105,0.0,0.25495122649864105,0.25495122649864105,1,0,1,0
5181,5181.0,51.81,0.0,0.0,0.25439665939863165,0.0,0.25439665939863165,0.25439665939863165,1,0,1,0
5182,5182.0,51.82,0.0,0.0,0.25581076462427876,0.0,0.25581076462427876,0.25581076462427876,1,0,1,0
5183,5183.0,51.83,0.0,0.0,0.25616158824005236,0.0,0.25616158824005236,0.25616158824005236,1,0,1,0
5184,5184.0,51.84,0.0,0.0,0.2576036193356145,0.0,0.2576036193356145,0.2576036193356145,1,0,1,0
5185,5185.0,51.85,0.0,0.0,0.2574592813278534,0.0,0.2574592813278534,0.2574592813278534,1,0,1,0
5186,5186.0,51.86,0.0,0.0,0.2572141667222446,0.0,0.2572141667222446,0.2572141667222446,1,0,1,0
5187,5187.0,51.87,0.0,0.0,0.25704376646389787,0.0,0.25704376646389787,0.25704376646389787,1,0,1,0
5188,5188.0,51.88,0.0,0.0,0.2572101106268679,0.0,0.2572101106268679,0.2572101106268679,1,0,1,0
5189,5189.0,51.89,0.0,0.0,0.2578689317135402,0.0,0.2578689317135402,0.2578689317135402,1,0,1,0
5190,5190.0,51.9,0.0,0.0,0.25756138361235725,0.0,0.25756138361235725,0.25756138361235725,1,0,1,0
5191,5191.0,51.91,0.0,0.0,0.25754754450109363,0.0,0.25754754450109363,0.25754754450109363,1,0,1,0
5192,5192.0,51.92,0.0,0.0,0.2579594300681283,0.0,0.2579594300681283,0.2579594300681283,1,0,1,0
5193,5193.0,51.93,0.0,0.0,0.2578957325925816,0.0,0.2578957325925816,0.2578957325925816,1,0,1,0
5194,5194.0,51.94,0.0,0.0,0.25467964968678825,0.0,0.25467964968678825,0.25467964968678825,1,0,1,0
5195,5195.0,51.95,0.0,0.0,0.25362798034374445,0.0,0.25362798034374445,0.25362798034374445,1,0,1,0
5196,5196.0,51.96,0.0,0.0,0.2552092964801504,0.0,0.2552092964801504,0.2552092964801504,1,0,1,0
5197,5197.0,51.97,0.0,0.0,0.25506206743084847,0.0,0.25506206743084847,0.25506206743084847,1,0,1,0
5198,5198.0,51.98,0.0,0.0,0.25489186712057427,0.0,0.25489186712057427,0.25489186712057427,1,0,1,0
5199,5199.0,51.99,0.0,0.0,0.25499256599655384,0.0,0.25499256599655384,0.25499256599655384,1,0,1,0
5200,5200.0,52.0,0.0,0.0,0.25444324373497224,0.0,0.25444324373497224,0.25444324373497224,1,0,1,0
