sample_index,debug_step,t_s,theta_true_deg,theta_mtcn_deg,theta_rkf_deg,abs_error_mtcn_deg,abs_error_rkf_deg,delta_abs_error_deg,evaluation_sample,rkf_better_beyond_tolerance,mtcn_better_beyond_tolerance,near_tie
0,,0.0,0.0,,,,,,0,0,0,0
1,1.0,0.01,0.0,0.0,0.16098330677290046,0.0,0.16098330677290046,0.16098330677290046,0,0,0,0
2,2.0,0.02,0.0,0.0,0.16757308994229259,0.0,0.16757308994229259,0.16757308994229259,0,0,0,0
3,3.0,0.03,0.0,0.0,0.17266503474524306,0.0,0.17266503474524306,0.17266503474524306,0,0,0,0
4,4.0,0.04,0.0,0.0,0.17580627096230372,0.0,0.17580627096230372,0.17580627096230372,0,0,0,0
5,5.0,0.05,0.0,0.0,0.17867289845510087,0.0,0.17867289845510087,0.17867289845510087,0,0,0,0
6,6.0,0.06,0.0,0.0,0.18131793159933135,0.0,0.18131793159933135,0.18131793159933135,0,0,0,0
7,7.0,0.07,0.0,0.0,0.18291754533832635,0.0,0.18291754533832635,0.18291754533832635,0,0,0,0
8,8.0,0.08,0.0,0.0,0.1830591822747769,0.0,0.1830591822747769,0.1830591822747769,0,0,0,0
9,9.0,0.09,0.0,0.0,0.18554354240967144,0.0,0.18554354240967144,0.18554354240967144,0,0,0,0
10,10.0,0.1,0.0,0.0,0.18692892453540907,0.0,0.18692892453540907,0.18692892453540907,0,0,0,0
11,11.0,0.11,0.0,0.0,0.18836053709033238,0.0,0.18836053709033238,0.18836053709033238,0,0,0,0
12,12.0,0.12,0.0,0.0,0.18911991821527804,0.0,0.18911991821527804,0.18911991821527804,0,0,0,0
13,13.0,0.13,0.0,0.0,0.188942875705908,0.0,0.188942875705908,0.188942875705908,0,0,0,0
14,14.0,0.14,0.0,0.0,0.18923884712059078,0.0,0.18923884712059078,0.18923884712059078,0,0,0,0
15,15.0,0.15,0.0,0.0,0.18965435886431553,0.0,0.18965435886431553,0.18965435886431553,0,0,0,0
16,16.0,0.16,0.0,0.0,0.18902197770316284,0.0,0.18902197770316284,0.18902197770316284,0,0,0,0
17,17.0,0.17,0.0,0.0,0.1875360882694662,0.0,0.1875360882694662,0.1875360882694662,0,0,0,0
18,18.0,0.18,0.0,0.0,0.1859722460952683,0.0,0.1859722460952683,0.1859722460952683,0,0,0,0
19,19.0,0.19,0.0,0.0,0.18604259828883848,0.0,0.18604259828883848,0.18604259828883848,0,0,0,0
20,20.0,0.2,0.0,0.0,0.18613286151510366,0.0,0.18613286151510366,0.18613286151510366,0,0,0,0
21,21.0,0.21,0.0,0.0,0.18613194426152632,0.0,0.18613194426152632,0.18613194426152632,0,0,0,0
22,22.0,0.22,0.0,0.0,0.18575808161170576,0.0,0.18575808161170576,0.18575808161170576,0,0,0,0
23,23.0,0.23,0.0,0.0,0.1871627941247279,0.0,0.1871627941247279,0.1871627941247279,0,0,0,0
24,24.0,0.24,0.0,0.0,0.1883330381542519,0.0,0.1883330381542519,0.1883330381542519,0,0,0,0
25,25.0,0.25,0.0,0.0,0.18857053312562555,0.0,0.18857053312562555,0.18857053312562555,0,0,0,0
26,26.0,0.26,0.0,0.0,0.18861296008529255,0.0,0.18861296008529255,0.18861296008529255,0,0,0,0
27,27.0,0.27,0.0,0.0,0.18836780726392602,0.0,0.18836780726392602,0.18836780726392602,0,0,0,0
28,28.0,0.28,0.0,0.0,0.18976886811251134,0.0,0.18976886811251134,0.18976886811251134,0,0,0,0
29,29.0,0.29,0.0,0.0,0.18992740116729961,0.0,0.18992740116729961,0.18992740116729961,0,0,0,0
30,30.0,0.3,0.0,0.0,0.18980505660355268,0.0,0.18980505660355268,0.18980505660355268,0,0,0,0
31,31.0,0.31,0.0,0.0,0.19023455667062797,0.0,0.19023455667062797,0.19023455667062797,0,0,0,0
32,32.0,0.32,0.0,0.0,0.19168610264043004,0.0,0.19168610264043004,0.19168610264043004,0,0,0,0
33,33.0,0.33,0.0,0.0,0.19239748669687165,0.0,0.19239748669687165,0.19239748669687165,0,0,0,0
34,34.0,0.34,0.0,0.0,0.191774805209692,0.0,0.191774805209692,0.191774805209692,0,0,0,0
35,35.0,0.35,0.0,0.0,0.19193978965639796,0.0,0.19193978965639796,0.19193978965639796,0,0,0,0
36,36.0,0.36,0.0,0.0,0.19257852045669605,0.0,0.19257852045669605,0.19257852045669605,0,0,0,0
37,37.0,0.37,0.0,0.0,0.1919416735232364,0.0,0.1919416735232364,0.1919416735232364,0,0,0,0
38,38.0,0.38,0.0,0.0,0.19276444746682275,0.0,0.19276444746682275,0.19276444746682275,0,0,0,0
39,39.0,0.39,0.0,0.0,0.1942429405376926,0.0,0.1942429405376926,0.1942429405376926,0,0,0,0
40,40.0,0.4,0.0,0.0,0.1934368383641615,0.0,0.1934368383641615,0.1934368383641615,0,0,0,0
41,41.0,0.41,0.0,0.0,0.19232154085084374,0.0,0.19232154085084374,0.19232154085084374,0,0,0,0
42,42.0,0.42,0.0,0.0,0.1918969489143176,0.0,0.1918969489143176,0.1918969489143176,0,0,0,0
43,43.0,0.43,0.0,0.0,0.1931948439147203,0.0,0.1931948439147203,0.1931948439147203,0,0,0,0
44,44.0,0.44,0.0,0.0,0.19348329046442703,0.0,0.19348329046442703,0.19348329046442703,0,0,0,0
45,45.0,0.45,0.0,0.0,0.19262609692295027,0.0,0.19262609692295027,0.19262609692295027,0,0,0,0
46,46.0,0.46,0.0,0.0,0.1932598223544791,0.0,0.1932598223544791,0.1932598223544791,0,0,0,0
47,47.0,0.47,0.0,0.0,0.19405447221896469,0.0,0.19405447221896469,0.19405447221896469,0,0,0,0
48,48.0,0.48,0.0,0.0,0.1947824335345091,0.0,0.1947824335345091,0.1947824335345091,0,0,0,0
49,49.0,0.49,0.0,0.0,0.19461928125962194,0.0,0.19461928125962194,0.19461928125962194,0,0,0,0
50,50.0,0.5,0.0,0.0,0.19331678828366775,0.0,0.19331678828366775,0.19331678828366775,1,0,1,0
51,51.0,0.51,0.0,0.0,0.19308639182473572,0.0,0.19308639182473572,0.19308639182473572,1,0,1,0
52,52.0,0.52,0.0,0.0,0.19311470307612483,0.0,0.19311470307612483,0.19311470307612483,1,0,1,0
53,53.0,0.53,0.0,0.0,0.19215546840238235,0.0,0.19215546840238235,0.19215546840238235,1,0,1,0
54,54.0,0.54,0.0,0.0,0.19040732136586552,0.0,0.19040732136586552,0.19040732136586552,1,0,1,0
55,55.0,0.55,0.0,0.0,0.19121064665656234,0.0,0.19121064665656234,0.19121064665656234,1,0,1,0
56,56.0,0.56,0.0,0.0,0.19156670920552835,0.0,0.19156670920552835,0.19156670920552835,1,0,1,0
57,57.0,0.57,0.0,0.0,0.1916897347971264,0.0,0.1916897347971264,0.1916897347971264,1,0,1,0
58,58.0,0.58,0.0,0.0,0.19156935106192577,0.0,0.19156935106192577,0.19156935106192577,1,0,1,0
59,59.0,0.59,0.0,0.0,0.1914766547740562,0.0,0.1914766547740562,0.1914766547740562,1,0,1,0
60,60.0,0.6,0.0,0.0,0.19159438342200344,0.0,0.19159438342200344,0.19159438342200344,1,0,1,0
61,61.0,0.61,0.0,0.0,0.19326355178043844,0.0,0.19326355178043844,0.19326355178043844,1,0,1,0
62,62.0,0.62,0.0,0.0,0.19285550624346814,0.0,0.19285550624346814,0.19285550624346814,1,0,1,0
63,63.0,0.63,0.0,0.0,0.19320404493916404,0.0,0.19320404493916404,0.19320404493916404,1,0,1,0
64,64.0,0.64,0.0,0.0,0.19291913484187906,0.0,0.19291913484187906,0.19291913484187906,1,0,1,0
65,65.0,0.65,0.0,0.0,0.19406204207744546,0.0,0.19406204207744546,0.19406204207744546,1,0,1,0
66,66.0,0.66,0.0,0.0,0.1928352801889918,0.0,0.1928352801889918,0.1928352801889918,1,0,1,0
67,67.0,0.67,0.0,0.0,0.19209552948385425,0.0,0.19209552948385425,0.19209552948385425,1,0,1,0
68,68.0,0.68,0.0,0.0,0.19452793338990748,0.0,0.19452793338990748,0.19452793338990748,1,0,1,0
69,69.0,0.69,0.0,0.0,0.19578073061662074,0.0,0.19578073061662074,0.19578073061662074,1,0,1,0
70,70.0,0.7,0.0,0.0,0.19805772906924446,0.0,0.19805772906924446,0.19805772906924446,1,0,1,0
71,71.0,0.71,0.0,0.0,0.1981702754675447,0.0,0.1981702754675447,0.1981702754675447,1,0,1,0
72,72.0,0.72,0.0,0.0,0.198527465664436,0.0,0.198527465664436,0.198527465664436,1,0,1,0
73,73.0,0.73,0.0,0.0,0.1993436562261264,0.0,0.1993436562261264,0.1993436562261264,1,0,1,0
74,74.0,0.74,0.0,0.0,0.1989955489487656,0.0,0.1989955489487656,0.1989955489487656,1,0,1,0
75,75.0,0.75,0.0,0.0,0.19659359248148026,0.0,0.19659359248148026,0.19659359248148026,1,0,1,0
76,76.0,0.76,0.0,0.0,0.1961675865242717,0.0,0.1961675865242717,0.1961675865242717,1,0,1,0
77,77.0,0.77,0.0,0.0,0.1972782252456734,0.0,0.1972782252456734,0.1972782252456734,1,0,1,0
78,78.0,0.78,0.0,0.0,0.1979623644102153,0.0,0.1979623644102153,0.1979623644102153,1,0,1,0
79,79.0,0.79,0.0,0.0,0.19834437464396815,0.0,0.19834437464396815,0.19834437464396815,1,0,1,0
80,80.0,0.8,0.0,0.0,0.1990096805648958,0.0,0.1990096805648958,0.1990096805648958,1,0,1,0
81,81.0,0.81,0.0,0.0,0.19921418637791194,0.0,0.19921418637791194,0.19921418637791194,1,0,1,0
82,82.0,0.82,0.0,0.0,0.1981750114014841,0.0,0.1981750114014841,0.1981750114014841,1,0,1,0
83,83.0,0.83,0.0,0.0,0.19791084035685563,0.0,0.19791084035685563,0.19791084035685563,1,0,1,0
84,84.0,0.84,0.0,0.0,0.19838021538358133,0.0,0.19838021538358133,0.19838021538358133,1,0,1,0
85,85.0,0.85,0.0,0.0,0.19917286470695067,0.0,0.19917286470695067,0.19917286470695067,1,0,1,0
86,86.0,0.86,0.0,0.0,0.19876534742828403,0.0,0.19876534742828403,0.19876534742828403,1,0,1,0
87,87.0,0.87,0.0,0.0,0.19817600411324784,0.0,0.19817600411324784,0.19817600411324784,1,0,1,0
88,88.0,0.88,0.0,0.0,0.19839370286764377,0.0,0.19839370286764377,0.19839370286764377,1,0,1,0
89,89.0,0.89,0.0,0.0,0.19808954382245308,0.0,0.19808954382245308,0.19808954382245308,1,0,1,0
90,90.0,0.9,0.0,0.0,0.1979815739566099,0.0,0.1979815739566099,0.1979815739566099,1,0,1,0
91,91.0,0.91,0.0,0.0,0.19592976737671217,0.0,0.19592976737671217,0.19592976737671217,1,0,1,0
92,92.0,0.92,0.0,0.0,0.19701965552932657,0.0,0.19701965552932657,0.19701965552932657,1,0,1,0
93,93.0,0.93,0.0,0.0,0.19688909782605102,0.0,0.19688909782605102,0.19688909782605102,1,0,1,0
94,94.0,0.94,0.0,0.0,0.19638023862690843,0.0,0.19638023862690843,0.19638023862690843,1,0,1,0
95,95.0,0.95,0.0,0.0,0.1965428264891847,0.0,0.1965428264891847,0.1965428264891847,1,0,1,0
96,96.0,0.96,0.0,0.0,0.19457262688492047,0.0,0.19457262688492047,0.19457262688492047,1,0,1,0
97,97.0,0.97,0.0,0.0,0.19445923209116228,0.0,0.19445923209116228,0.19445923209116228,1,0,1,0
98,98.0,0.98,0.0,0.0,0.19380886082705098,0.0,0.19380886082705098,0.19380886082705098,1,0,1,0
99,99.0,0.99,0.0,0.0,0.1930683527463303,0.0,0.1930683527463303,0.1930683527463303,1,0,1,0
100,100.0,1.0,0.0,0.0,0.19462332042900615,0.0,0.19462332042900615,0.19462332042900615,1,0,1,0
101,101.0,1.01,0.0,0.0,0.19482133964333206,0.0,0.19482133964333206,0.19482133964333206,1,0,1,0
102,102.0,1.02,0.0,0.0,0.19584155702449688,0.0,0.19584155702449688,0.19584155702449688,1,0,1,0
103,103.0,1.03,0.0,0.0,0.19560277603524584,0.0,0.19560277603524584,0.19560277603524584,1,0,1,0
104,104.0,1.04,0.0,0.0,0.19500608202571154,0.0,0.19500608202571154,0.19500608202571154,1,0,1,0
105,105.0,1.05,0.0,0.0,0.19726958790331361,0.0,0.19726958790331361,0.19726958790331361,1,0,1,0
106,106.0,1.06,0.0,0.0,0.19740234602814036,0.0,0.19740234602814036,0.19740234602814036,1,0,1,0
107,107.0,1.07,0.0,0.0,0.19844271894984275,0.0,0.19844271894984275,0.19844271894984275,1,0,1,0
108,108.0,1.08,0.0,0.0,0.19841651471741054,0.0,0.19841651471741054,0.19841651471741054,1,0,1,0
109,109.0,1.09,0.0,0.0,0.19854157611376919,0.0,0.19854157611376919,0.19854157611376919,1,0,1,0
110,110.0,1.1,0.0,0.0,0.19984235646114248,0.0,0.19984235646114248,0.19984235646114248,1,0,1,0
111,111.0,1.11,0.0,0.0,0.19909974700385014,0.0,0.19909974700385014,0.19909974700385014,1,0,1,0
112,112.0,1.12,0.0,0.0,0.19723100217589112,0.0,0.19723100217589112,0.19723100217589112,1,0,1,0
113,113.0,1.13,0.0,0.0,0.19645341412606654,0.0,0.19645341412606654,0.19645341412606654,1,0,1,0
114,114.0,1.14,0.0,0.0,0.19747568185469785,0.0,0.19747568185469785,0.19747568185469785,1,0,1,0
115,115.0,1.15,0.0,0.0,0.19673516041373584,0.0,0.19673516041373584,0.19673516041373584,1,0,1,0
116,116.0,1.16,0.0,0.0,0.1962504229942929,0.0,0.1962504229942929,0.1962504229942929,1,0,1,0
117,117.0,1.17,0.0,0.0,0.1959461873484036,0.0,0.1959461873484036,0.1959461873484036,1,0,1,0
118,118.0,1.18,0.0,0.0,0.19641406205845438,0.0,0.19641406205845438,0.19641406205845438,1,0,1,0
119,119.0,1.19,0.0,0.0,0.19840895304572312,0.0,0.19840895304572312,0.19840895304572312,1,0,1,0
120,120.0,1.2,0.0,0.0,0.19891580669062087,0.0,0.19891580669062087,0.19891580669062087,1,0,1,0
121,121.0,1.21,0.0,0.0,0.19974608810518157,0.0,0.19974608810518157,0.19974608810518157,1,0,1,0
122,122.0,1.22,0.0,0.0,0.20019233363425298,0.0,0.20019233363425298,0.20019233363425298,1,0,1,0
123,123.0,1.23,0.0,0.0,0.19970393100029954,0.0,0.19970393100029954,0.19970393100029954,1,0,1,0
124,124.0,1.24,0.0,0.0,0.19923428457097775,0.0,0.19923428457097775,0.19923428457097775,1,0,1,0
125,125.0,1.25,0.0,0.0,0.19913463119589034,0.0,0.19913463119589034,0.19913463119589034,1,0,1,0
126,126.0,1.26,0.0,0.0,0.19863310162119277,0.0,0.19863310162119277,0.19863310162119277,1,0,1,0
127,127.0,1.27,0.0,0.0,0.1979381379673183,0.0,0.1979381379673183,0.1979381379673183,1,0,1,0
128,128.0,1.28,0.0,0.0,0.1970537572121248,0.0,0.1970537572121248,0.1970537572121248,1,0,1,0
129,129.0,1.29,0.0,0.0,0.19811792920944146,0.0,0.19811792920944146,0.19811792920944146,1,0,1,0
130,130.0,1.3,0.0,0.0,0.19880931059063997,0.0,0.19880931059063997,0.19880931059063997,1,0,1,0
131,131.0,1.31,0.0,0.0,0.19901605254211285,0.0,0.19901605254211285,0.19901605254211285,1,0,1,0
132,132.0,1.32,0.0,0.0,0.19990820218996913,0.0,0.19990820218996913,0.19990820218996913,1,0,1,0
133,133.0,1.33,0.0,0.0,0.19983875618413297,0.0,0.19983875618413297,0.19983875618413297,1,0,1,0
134,134.0,1.34,0.0,0.0,0.20009833806683064,0.0,0.20009833806683064,0.20009833806683064,1,0,1,0
135,135.0,1.35,0.0,0.0,0.19942368512144826,0.0,0.19942368512144826,0.19942368512144826,1,0,1,0
136,136.0,1.36,0.0,0.0,0.19915879244158188,0.0,0.19915879244158188,0.19915879244158188,1,0,1,0
137,137.0,1.37,0.0,0.0,0.19977721778860832,0.0,0.19977721778860832,0.19977721778860832,1,0,1,0
138,138.0,1.38,0.0,0.0,0.2001157130403122,0.0,0.2001157130403122,0.2001157130403122,1,0,1,0
139,139.0,1.39,0.0,0.0,0.20078695420568046,0.0,0.20078695420568046,0.20078695420568046,1,0,1,0
140,140.0,1.4,0.0,0.0,0.2007577082132801,0.0,0.2007577082132801,0.2007577082132801,1,0,1,0
141,141.0,1.41,0.0,0.0,0.20005317487416088,0.0,0.20005317487416088,0.20005317487416088,1,0,1,0
142,142.0,1.42,0.0,0.0,0.20165453622352023,0.0,0.20165453622352023,0.20165453622352023,1,0,1,0
143,143.0,1.43,0.0,0.0,0.20054264747415532,0.0,0.20054264747415532,0.20054264747415532,1,0,1,0
144,144.0,1.44,0.0,0.0,0.2008880940499123,0.0,0.2008880940499123,0.2008880940499123,1,0,1,0
145,145.0,1.45,0.0,0.0,0.2008922445903801,0.0,0.2008922445903801,0.2008922445903801,1,0,1,0
146,146.0,1.46,0.0,0.0,0.20117130174896694,0.0,0.20117130174896694,0.20117130174896694,1,0,1,0
147,147.0,1.47,0.0,0.0,0.20197192000430947,0.0,0.20197192000430947,0.20197192000430947,1,0,1,0
148,148.0,1.48,0.0,0.0,0.20104589974606124,0.0,0.20104589974606124,0.20104589974606124,1,0,1,0
149,149.0,1.49,0.0,0.0,0.2000716638810936,0.0,0.2000716638810936,0.2000716638810936,1,0,1,0
150,150.0,1.5,0.0,0.0,0.19924884436367074,0.0,0.19924884436367074,0.19924884436367074,1,0,1,0
151,151.0,1.51,0.0,0.0,0.20041432329614473,0.0,0.20041432329614473,0.20041432329614473,1,0,1,0
152,152.0,1.52,0.0,0.0,0.20008028130812794,0.0,0.20008028130812794,0.20008028130812794,1,0,1,0
153,153.0,1.53,0.0,0.0,0.19966011601224348,0.0,0.19966011601224348,0.19966011601224348,1,0,1,0
154,154.0,1.54,0.0,0.0,0.19950502974974563,0.0,0.19950502974974563,0.19950502974974563,1,0,1,0
155,155.0,1.55,0.0,0.0,0.19983836847861025,0.0,0.19983836847861025,0.19983836847861025,1,0,1,0
156,156.0,1.56,0.0,0.0,0.20218871527615154,0.0,0.20218871527615154,0.20218871527615154,1,0,1,0
157,157.0,1.57,0.0,0.0,0.20162460268023588,0.0,0.20162460268023588,0.20162460268023588,1,0,1,0
158,158.0,1.58,0.0,0.0,0.2018229051013891,0.0,0.2018229051013891,0.2018229051013891,1,0,1,0
159,159.0,1.59,0.0,0.0,0.20174933397187686,0.0,0.20174933397187686,0.20174933397187686,1,0,1,0
160,160.0,1.6,0.0,0.0,0.20103448464365736,0.0,0.20103448464365736,0.20103448464365736,1,0,1,0
161,161.0,1.61,0.0,0.0,0.20068461832758416,0.0,0.20068461832758416,0.20068461832758416,1,0,1,0
162,162.0,1.62,0.0,0.0,0.2007689306896682,0.0,0.2007689306896682,0.2007689306896682,1,0,1,0
163,163.0,1.63,0.0,0.0,0.20087083789691104,0.0,0.20087083789691104,0.20087083789691104,1,0,1,0
164,164.0,1.64,0.0,0.0,0.2004051555738816,0.0,0.2004051555738816,0.2004051555738816,1,0,1,0
165,165.0,1.65,0.0,0.0,0.1997090335548518,0.0,0.1997090335548518,0.1997090335548518,1,0,1,0
166,166.0,1.66,0.0,0.0,0.20052145154953666,0.0,0.20052145154953666,0.20052145154953666,1,0,1,0
167,167.0,1.67,0.0,0.0,0.2004794318818572,0.0,0.2004794318818572,0.2004794318818572,1,0,1,0
168,168.0,1.68,0.0,0.0,0.1994479442392861,0.0,0.1994479442392861,0.1994479442392861,1,0,1,0
169,169.0,1.69,0.0,0.0,0.2010618427289902,0.0,0.2010618427289902,0.2010618427289902,1,0,1,0
170,170.0,1.7,0.0,0.0,0.2011082641444781,0.0,0.2011082641444781,0.2011082641444781,1,0,1,0
171,171.0,1.71,0.0,0.0,0.20134166533294412,0.0,0.20134166533294412,0.20134166533294412,1,0,1,0
172,172.0,1.72,0.0,0.0,0.2006608065697038,0.0,0.2006608065697038,0.2006608065697038,1,0,1,0
173,173.0,1.73,0.0,0.0,0.1991320491175777,0.0,0.1991320491175777,0.1991320491175777,1,0,1,0
174,174.0,1.74,0.0,0.0,0.1992314565988319,0.0,0.1992314565988319,0.1992314565988319,1,0,1,0
175,175.0,1.75,0.0,0.0,0.19954316130017025,0.0,0.19954316130017025,0.19954316130017025,1,0,1,0
176,176.0,1.76,0.0,0.0,0.20040873897483752,0.0,0.20040873897483752,0.20040873897483752,1,0,1,0
177,177.0,1.77,0.0,0.0,0.19981778584461213,0.0,0.19981778584461213,0.19981778584461213,1,0,1,0
178,178.0,1.78,0.0,0.0,0.20192409752494941,0.0,0.20192409752494941,0.20192409752494941,1,0,1,0
179,179.0,1.79,0.0,0.0,0.20297258191741518,0.0,0.20297258191741518,0.20297258191741518,1,0,1,0
180,180.0,1.8,0.0,0.0,0.20438419622556636,0.0,0.20438419622556636,0.20438419622556636,1,0,1,0
181,181.0,1.81,0.0,0.0,0.2042478416367356,0.0,0.2042478416367356,0.2042478416367356,1,0,1,0
182,182.0,1.82,0.0,0.0,0.20443630307127245,0.0,0.20443630307127245,0.20443630307127245,1,0,1,0
183,183.0,1.83,0.0,0.0,0.20407113542445066,0.0,0.20407113542445066,0.20407113542445066,1,0,1,0
184,184.0,1.84,0.0,0.0,0.2017528354338119,0.0,0.2017528354338119,0.2017528354338119,1,0,1,0
185,185.0,1.85,0.0,0.0,0.20341807172799478,0.0,0.20341807172799478,0.20341807172799478,1,0,1,0
186,186.0,1.86,0.0,0.0,0.20411909102983822,0.0,0.20411909102983822,0.20411909102983822,1,0,1,0
187,187.0,1.87,0.0,0.0,0.2050272664795872,0.0,0.2050272664795872,0.2050272664795872,1,0,1,0
188,188.0,1.88,0.0,0.0,0.2043958818598309,0.0,0.2043958818598309,0.2043958818598309,1,0,1,0
189,189.0,1.89,0.0,0.0,0.2052593841382336,0.0,0.2052593841382336,0.2052593841382336,1,0,1,0
190,190.0,1.9,0.0,0.0,0.20634543406678665,0.0,0.20634543406678665,0.20634543406678665,1,0,1,0
191,191.0,1.91,0.0,0.0,0.20706488742106074,0.0,0.20706488742106074,0.20706488742106074,1,0,1,0
192,192.0,1.92,0.0,0.0,0.20680723996391984,0.0,0.20680723996391984,0.20680723996391984,1,0,1,0
193,193.0,1.93,0.0,0.0,0.20641581060952188,0.0,0.20641581060952188,0.20641581060952188,1,0,1,0
194,194.0,1.94,0.0,0.0,0.20675067552775558,0.0,0.20675067552775558,0.20675067552775558,1,0,1,0
195,195.0,1.95,0.0,0.0,0.2060995849625963,0.0,0.2060995849625963,0.2060995849625963,1,0,1,0
196,196.0,1.96,0.0,0.0,0.2063233072870711,0.0,0.2063233072870711,0.2063233072870711,1,0,1,0
197,197.0,1.97,0.0,0.0,0.2050690980248882,0.0,0.2050690980248882,0.2050690980248882,1,0,1,0
198,198.0,1.98,0.0,0.0,0.2053103990883459,0.0,0.2053103990883459,0.2053103990883459,1,0,1,0
199,199.0,1.99,0.0,0.0,0.20529636877317067,0.0,0.20529636877317067,0.20529636877317067,1,0,1,0
200,200.0,2.0,0.0,0.0,0.20613135084905965,0.0,0.20613135084905965,0.20613135084905965,1,0,1,0
201,201.0,2.01,0.0,0.0,0.20725748259073198,0.0,0.20725748259073198,0.20725748259073198,1,0,1,0
202,202.0,2.02,0.0,0.0,0.20759445028828127,0.0,0.20759445028828127,0.20759445028828127,1,0,1,0
203,203.0,2.03,0.0,0.0,0.20710784939804835,0.0,0.20710784939804835,0.20710784939804835,1,0,1,0
204,204.0,2.04,0.0,0.0,0.2068857223602433,0.0,0.2068857223602433,0.2068857223602433,1,0,1,0
205,205.0,2.05,0.0,0.0,0.2086885049831637,0.0,0.2086885049831637,0.2086885049831637,1,0,1,0
206,206.0,2.06,0.0,0.0,0.20794244991754665,0.0,0.20794244991754665,0.20794244991754665,1,0,1,0
207,207.0,2.07,0.0,0.0,0.20905908038695697,0.0,0.20905908038695697,0.20905908038695697,1,0,1,0
208,208.0,2.08,0.0,0.0,0.20921739258550875,0.0,0.20921739258550875,0.20921739258550875,1,0,1,0
209,209.0,2.09,0.0,0.0,0.2094312625641867,0.0,0.2094312625641867,0.2094312625641867,1,0,1,0
210,210.0,2.1,0.0,0.0,0.2105084525412307,0.0,0.2105084525412307,0.2105084525412307,1,0,1,0
211,211.0,2.11,0.0,0.0,0.2094552824172844,0.0,0.2094552824172844,0.2094552824172844,1,0,1,0
212,212.0,2.12,0.0,0.0,0.20883313275578685,0.0,0.20883313275578685,0.20883313275578685,1,0,1,0
213,213.0,2.13,0.0,0.0,0.20843622446151033,0.0,0.20843622446151033,0.20843622446151033,1,0,1,0
214,214.0,2.14,0.0,0.0,0.20895196913397912,0.0,0.20895196913397912,0.20895196913397912,1,0,1,0
215,215.0,2.15,0.0,0.0,0.20794075522971245,0.0,0.20794075522971245,0.20794075522971245,1,0,1,0
216,216.0,2.16,0.0,0.0,0.20705701649437208,0.0,0.20705701649437208,0.20705701649437208,1,0,1,0
217,217.0,2.17,0.0,0.0,0.20767302795772866,0.0,0.20767302795772866,0.20767302795772866,1,0,1,0
218,218.0,2.18,0.0,0.0,0.20807758644579222,0.0,0.20807758644579222,0.20807758644579222,1,0,1,0
219,219.0,2.19,0.0,0.0,0.20852711595096352,0.0,0.20852711595096352,0.20852711595096352,1,0,1,0
220,220.0,2.2,0.0,0.0,0.20812517609353068,0.0,0.20812517609353068,0.20812517609353068,1,0,1,0
221,221.0,2.21,0.0,0.0,0.20681929902427532,0.0,0.20681929902427532,0.20681929902427532,1,0,1,0
222,222.0,2.22,0.0,0.0,0.20814379869902067,0.0,0.20814379869902067,0.20814379869902067,1,0,1,0
223,223.0,2.23,0.0,0.0,0.2092082207322887,0.0,0.2092082207322887,0.2092082207322887,1,0,1,0
224,224.0,2.24,0.0,0.0,0.2100106872312714,0.0,0.2100106872312714,0.2100106872312714,1,0,1,0
225,225.0,2.25,0.0,0.0,0.2098137331984623,0.0,0.2098137331984623,0.2098137331984623,1,0,1,0
226,226.0,2.26,0.0,0.0,0.210215830433788,0.0,0.210215830433788,0.210215830433788,1,0,1,0
227,227.0,2.27,0.0,0.0,0.21075898159101336,0.0,0.21075898159101336,0.21075898159101336,1,0,1,0
228,228.0,2.28,0.0,0.0,0.21191152487553772,0.0,0.21191152487553772,0.21191152487553772,1,0,1,0
229,229.0,2.29,0.0,0.0,0.21176229724065887,0.0,0.21176229724065887,0.21176229724065887,1,0,1,0
230,230.0,2.3,0.0,0.0,0.21039633822705966,0.0,0.21039633822705966,0.21039633822705966,1,0,1,0
231,231.0,2.31,0.0,0.0,0.21038027508008153,0.0,0.21038027508008153,0.21038027508008153,1,0,1,0
232,232.0,2.32,0.0,0.0,0.20975765193984122,0.0,0.20975765193984122,0.20975765193984122,1,0,1,0
233,233.0,2.33,0.0,0.0,0.21003088241293108,0.0,0.21003088241293108,0.21003088241293108,1,0,1,0
234,234.0,2.34,0.0,0.0,0.20951604542140456,0.0,0.20951604542140456,0.20951604542140456,1,0,1,0
235,235.0,2.35,0.0,0.0,0.21043446784128228,0.0,0.21043446784128228,0.21043446784128228,1,0,1,0
236,236.0,2.36,0.0,0.0,0.21117699693093064,0.0,0.21117699693093064,0.21117699693093064,1,0,1,0
237,237.0,2.37,0.0,0.0,0.210667488454353,0.0,0.210667488454353,0.210667488454353,1,0,1,0
238,238.0,2.38,0.0,0.0,0.21104720878201194,0.0,0.21104720878201194,0.21104720878201194,1,0,1,0
239,239.0,2.39,0.0,0.0,0.21031533955181345,0.0,0.21031533955181345,0.21031533955181345,1,0,1,0
240,240.0,2.4,0.0,0.0,0.21103716947672327,0.0,0.21103716947672327,0.21103716947672327,1,0,1,0
241,241.0,2.41,0.0,0.0,0.21093514647450376,0.0,0.21093514647450376,0.21093514647450376,1,0,1,0
242,242.0,2.42,0.0,0.0,0.21263504624041318,0.0,0.21263504624041318,0.21263504624041318,1,0,1,0
243,243.0,2.43,0.0,0.0,0.2122416737960303,0.0,0.2122416737960303,0.2122416737960303,1,0,1,0
244,244.0,2.44,0.0,0.0,0.21356118050578057,0.0,0.21356118050578057,0.21356118050578057,1,0,1,0
245,245.0,2.45,0.0,0.0,0.21383046557122193,0.0,0.21383046557122193,0.21383046557122193,1,0,1,0
246,246.0,2.46,0.0,0.0,0.2155904698897538,0.0,0.2155904698897538,0.2155904698897538,1,0,1,0
247,247.0,2.47,0.0,0.0,0.21625726117208646,0.0,0.21625726117208646,0.21625726117208646,1,0,1,0
248,248.0,2.48,0.0,0.0,0.2158752046306012,0.0,0.2158752046306012,0.2158752046306012,1,0,1,0
249,249.0,2.49,0.0,0.0,0.21410979507703462,0.0,0.21410979507703462,0.21410979507703462,1,0,1,0
250,250.0,2.5,0.0,0.0,0.2129702761575944,0.0,0.2129702761575944,0.2129702761575944,1,0,1,0
251,251.0,2.51,0.0,0.0,0.21319175119778425,0.0,0.21319175119778425,0.21319175119778425,1,0,1,0
252,252.0,2.52,0.0,0.0,0.2120897441865099,0.0,0.2120897441865099,0.2120897441865099,1,0,1,0
253,253.0,2.53,0.0,0.0,0.21171323144439025,0.0,0.21171323144439025,0.21171323144439025,1,0,1,0
254,254.0,2.54,0.0,0.0,0.21230463079282869,0.0,0.21230463079282869,0.21230463079282869,1,0,1,0
255,255.0,2.55,0.0,0.0,0.21255981486001893,0.0,0.21255981486001893,0.21255981486001893,1,0,1,0
256,256.0,2.56,0.0,0.0,0.21418117224067731,0.0,0.21418117224067731,0.21418117224067731,1,0,1,0
257,257.0,2.57,0.0,0.0,0.21416126706228172,0.0,0.21416126706228172,0.21416126706228172,1,0,1,0
258,258.0,2.58,0.0,0.0,0.21482430542668068,0.0,0.21482430542668068,0.21482430542668068,1,0,1,0
259,259.0,2.59,0.0,0.0,0.21781283527487977,0.0,0.21781283527487977,0.21781283527487977,1,0,1,0
260,260.0,2.6,0.0,0.0,0.2199021328834045,0.0,0.2199021328834045,0.2199021328834045,1,0,1,0
261,261.0,2.61,0.0,0.0,0.2199111420714829,0.0,0.2199111420714829,0.2199111420714829,1,0,1,0
262,262.0,2.62,0.0,0.0,0.21906452472315074,0.0,0.21906452472315074,0.21906452472315074,1,0,1,0
263,263.0,2.63,0.0,0.0,0.2188689677761621,0.0,0.2188689677761621,0.2188689677761621,1,0,1,0
264,264.0,2.64,0.0,0.0,0.2193296478435312,0.0,0.2193296478435312,0.2193296478435312,1,0,1,0
265,265.0,2.65,0.0,0.0,0.22074892154383702,0.0,0.22074892154383702,0.22074892154383702,1,0,1,0
266,266.0,2.66,0.0,0.0,0.21933142051387775,0.0,0.21933142051387775,0.21933142051387775,1,0,1,0
267,267.0,2.67,0.0,0.0,0.21787897129255557,0.0,0.21787897129255557,0.21787897129255557,1,0,1,0
268,268.0,2.68,0.0,0.0,0.217432954947582,0.0,0.217432954947582,0.217432954947582,1,0,1,0
269,269.0,2.69,0.0,0.0,0.21692052402956577,0.0,0.21692052402956577,0.21692052402956577,1,0,1,0
270,270.0,2.7,0.0,0.0,0.2169058489008468,0.0,0.2169058489008468,0.2169058489008468,1,0,1,0
271,271.0,2.71,0.0,0.0,0.21596606044671085,0.0,0.21596606044671085,0.21596606044671085,1,0,1,0
272,272.0,2.72,0.0,0.0,0.21619167353806312,0.0,0.21619167353806312,0.21619167353806312,1,0,1,0
273,273.0,2.73,0.0,0.0,0.216459175967703,0.0,0.216459175967703,0.216459175967703,1,0,1,0
274,274.0,2.74,0.0,0.0,0.21639905265360618,0.0,0.21639905265360618,0.21639905265360618,1,0,1,0
275,275.0,2.75,0.0,0.0,0.2164947671041771,0.0,0.2164947671041771,0.2164947671041771,1,0,1,0
276,276.0,2.76,0.0,0.0,0.21531445650669181,0.0,0.21531445650669181,0.21531445650669181,1,0,1,0
277,277.0,2.77,0.0,0.0,0.21597971487621334,0.0,0.21597971487621334,0.21597971487621334,1,0,1,0
278,278.0,2.78,0.0,0.0,0.21584209551268893,0.0,0.21584209551268893,0.21584209551268893,1,0,1,0
279,279.0,2.79,0.0,0.0,0.21446554607858948,0.0,0.21446554607858948,0.21446554607858948,1,0,1,0
280,280.0,2.8,0.0,0.0,0.2143033046137218,0.0,0.2143033046137218,0.2143033046137218,1,0,1,0
281,281.0,2.81,0.0,0.0,0.21135877716207468,0.0,0.21135877716207468,0.21135877716207468,1,0,1,0
282,282.0,2.82,0.0,0.0,0.21062153088670305,0.0,0.21062153088670305,0.21062153088670305,1,0,1,0
283,283.0,2.83,0.0,0.0,0.21191901107943598,0.0,0.21191901107943598,0.21191901107943598,1,0,1,0
284,284.0,2.84,0.0,0.0,0.21274406379137245,0.0,0.21274406379137245,0.21274406379137245,1,0,1,0
285,285.0,2.85,0.0,0.0,0.21235079670276685,0.0,0.21235079670276685,0.21235079670276685,1,0,1,0
286,286.0,2.86,0.0,0.0,0.21256682027003312,0.0,0.21256682027003312,0.21256682027003312,1,0,1,0
287,287.0,2.87,0.0,0.0,0.21153967733018866,0.0,0.21153967733018866,0.21153967733018866,1,0,1,0
288,288.0,2.88,0.0,0.0,0.21207740416141413,0.0,0.21207740416141413,0.21207740416141413,1,0,1,0
289,289.0,2.89,0.0,0.0,0.2119093863662417,0.0,0.2119093863662417,0.2119093863662417,1,0,1,0
290,290.0,2.9,0.0,0.0,0.21148866679390832,0.0,0.21148866679390832,0.21148866679390832,1,0,1,0
291,291.0,2.91,0.0,0.0,0.2117958363879075,0.0,0.2117958363879075,0.2117958363879075,1,0,1,0
292,292.0,2.92,0.0,0.0,0.21199407207093673,0.0,0.21199407207093673,0.21199407207093673,1,0,1,0
293,293.0,2.93,0.0,0.0,0.2134337973097183,0.0,0.2134337973097183,0.2134337973097183,1,0,1,0
294,294.0,2.94,0.0,0.0,0.21301831032351135,0.0,0.21301831032351135,0.21301831032351135,1,0,1,0
295,295.0,2.95,0.0,0.0,0.21369189991496326,0.0,0.21369189991496326,0.21369189991496326,1,0,1,0
296,296.0,2.96,0.0,0.0,0.2142788976371119,0.0,0.2142788976371119,0.2142788976371119,1,0,1,0
297,297.0,2.97,0.0,0.0,0.2156977515586859,0.0,0.2156977515586859,0.2156977515586859,1,0,1,0
298,298.0,2.98,0.0,0.0,0.21377700431595253,0.0,0.21377700431595253,0.21377700431595253,1,0,1,0
299,299.0,2.99,0.0,0.0,0.21316577983569415,0.0,0.21316577983569415,0.21316577983569415,1,0,1,0
300,300.0,3.0,0.0,0.0,0.21374462688060306,0.0,0.21374462688060306,0.21374462688060306,1,0,1,0
301,301.0,3.01,0.0,0.0,0.2133625604482276,0.0,0.2133625604482276,0.2133625604482276,1,0,1,0
302,302.0,3.02,0.0,0.0,0.2144921555761596,0.0,0.2144921555761596,0.2144921555761596,1,0,1,0
303,303.0,3.03,0.0,0.0,0.21241437737408328,0.0,0.21241437737408328,0.21241437737408328,1,0,1,0
304,304.0,3.04,0.0,0.0,0.2104988741307383,0.0,0.2104988741307383,0.2104988741307383,1,0,1,0
305,305.0,3.05,0.0,0.0,0.21023514264337909,0.0,0.21023514264337909,0.21023514264337909,1,0,1,0
306,306.0,3.06,0.0,0.0,0.20909003457623,0.0,0.20909003457623,0.20909003457623,1,0,1,0
307,307.0,3.07,0.0,0.0,0.20899965707529156,0.0,0.20899965707529156,0.20899965707529156,1,0,1,0
308,308.0,3.08,0.0,0.0,0.20720659753784093,0.0,0.20720659753784093,0.20720659753784093,1,0,1,0
309,309.0,3.09,0.0,0.0,0.20815661857608075,0.0,0.20815661857608075,0.20815661857608075,1,0,1,0
310,310.0,3.1,0.0,0.0,0.20901646660144058,0.0,0.20901646660144058,0.20901646660144058,1,0,1,0
311,311.0,3.11,0.0,0.0,0.20886276329043865,0.0,0.20886276329043865,0.20886276329043865,1,0,1,0
312,312.0,3.12,0.0,0.0,0.20901780589897273,0.0,0.20901780589897273,0.20901780589897273,1,0,1,0
313,313.0,3.13,0.0,0.0,0.20779081021443183,0.0,0.20779081021443183,0.20779081021443183,1,0,1,0
314,314.0,3.14,0.0,0.0,0.20851371920139133,0.0,0.20851371920139133,0.20851371920139133,1,0,1,0
315,315.0,3.15,0.0,0.0,0.2081918785706862,0.0,0.2081918785706862,0.2081918785706862,1,0,1,0
316,316.0,3.16,0.0,0.0,0.207998654294456,0.0,0.207998654294456,0.207998654294456,1,0,1,0
317,317.0,3.17,0.0,0.0,0.20781386990687897,0.0,0.20781386990687897,0.20781386990687897,1,0,1,0
318,318.0,3.18,0.0,0.0,0.20893679730125486,0.0,0.20893679730125486,0.20893679730125486,1,0,1,0
319,319.0,3.19,0.0,0.0,0.21003257440217418,0.0,0.21003257440217418,0.21003257440217418,1,0,1,0
320,320.0,3.2,0.0,0.0,0.20906262238159948,0.0,0.20906262238159948,0.20906262238159948,1,0,1,0
321,321.0,3.21,0.0,0.0,0.20779556290495743,0.0,0.20779556290495743,0.20779556290495743,1,0,1,0
322,322.0,3.22,0.0,0.0,0.20717738036600833,0.0,0.20717738036600833,0.20717738036600833,1,0,1,0
323,323.0,3.23,0.0,0.0,0.20687697834799318,0.0,0.20687697834799318,0.20687697834799318,1,0,1,0
324,324.0,3.24,0.0,0.0,0.20608269263301648,0.0,0.20608269263301648,0.20608269263301648,1,0,1,0
325,325.0,3.25,0.0,0.0,0.20664929886953604,0.0,0.20664929886953604,0.20664929886953604,1,0,1,0
326,326.0,3.26,0.0,0.0,0.2061018172803642,0.0,0.2061018172803642,0.2061018172803642,1,0,1,0
327,327.0,3.27,0.0,0.0,0.20537793695089263,0.0,0.20537793695089263,0.20537793695089263,1,0,1,0
328,328.0,3.28,0.0,0.0,0.20561704348815668,0.0,0.20561704348815668,0.20561704348815668,1,0,1,0
329,329.0,3.29,0.0,0.0,0.2064148708598224,0.0,0.2064148708598224,0.2064148708598224,1,0,1,0
330,330.0,3.3,0.0,0.0,0.20733319287128735,0.0,0.20733319287128735,0.20733319287128735,1,0,1,0
331,331.0,3.31,0.0,0.0,0.20715853785517982,0.0,0.20715853785517982,0.20715853785517982,1,0,1,0
332,332.0,3.32,0.0,0.0,0.20768563821973213,0.0,0.20768563821973213,0.20768563821973213,1,0,1,0
333,333.0,3.33,0.0,0.0,0.20814083943620873,0.0,0.20814083943620873,0.20814083943620873,1,0,1,0
334,334.0,3.34,0.0,0.0,0.20916321654719855,0.0,0.20916321654719855,0.20916321654719855,1,0,1,0
335,335.0,3.35,0.0,0.0,0.20664321771624772,0.0,0.20664321771624772,0.20664321771624772,1,0,1,0
336,336.0,3.36,0.0,0.0,0.20523476632090148,0.0,0.20523476632090148,0.20523476632090148,1,0,1,0
337,337.0,3.37,0.0,0.0,0.20678384010526088,0.0,0.20678384010526088,0.20678384010526088,1,0,1,0
338,338.0,3.38,0.0,0.0,0.2060840898335832,0.0,0.2060840898335832,0.2060840898335832,1,0,1,0
339,339.0,3.39,0.0,0.0,0.20728057070701372,0.0,0.20728057070701372,0.20728057070701372,1,0,1,0
340,340.0,3.4,0.0,0.0,0.207018983875086,0.0,0.207018983875086,0.207018983875086,1,0,1,0
341,341.0,3.41,0.0,0.0,0.20892797044670441,0.0,0.20892797044670441,0.20892797044670441,1,0,1,0
342,342.0,3.42,0.0,0.0,0.2093121491512118,0.0,0.2093121491512118,0.2093121491512118,1,0,1,0
343,343.0,3.43,0.0,0.0,0.20853073342295214,0.0,0.20853073342295214,0.20853073342295214,1,0,1,0
344,344.0,3.44,0.0,0.0,0.2084637078599609,0.0,0.2084637078599609,0.2084637078599609,1,0,1,0
345,345.0,3.45,0.0,0.0,0.20689096214423797,0.0,0.20689096214423797,0.20689096214423797,1,0,1,0
346,346.0,3.46,0.0,0.0,0.20731127982354217,0.0,0.20731127982354217,0.20731127982354217,1,0,1,0
347,347.0,3.47,0.0,0.0,0.20784876534122776,0.0,0.20784876534122776,0.20784876534122776,1,0,1,0
348,348.0,3.48,0.0,0.0,0.20718757676225258,0.0,0.20718757676225258,0.20718757676225258,1,0,1,0
349,349.0,3.49,0.0,0.0,0.20704770493965458,0.0,0.20704770493965458,0.20704770493965458,1,0,1,0
350,350.0,3.5,0.0,0.0,0.2065437367542621,0.0,0.2065437367542621,0.2065437367542621,1,0,1,0
351,351.0,3.51,0.0,0.0,0.207332915844062,0.0,0.207332915844062,0.207332915844062,1,0,1,0
352,352.0,3.52,0.0,0.0,0.206888768399003,0.0,0.206888768399003,0.206888768399003,1,0,1,0
353,353.0,3.53,0.0,0.0,0.2067374082735034,0.0,0.2067374082735034,0.2067374082735034,1,0,1,0
354,354.0,3.54,0.0,0.0,0.20655725835665492,0.0,0.20655725835665492,0.20655725835665492,1,0,1,0
355,355.0,3.55,0.0,0.0,0.20761048961487139,0.0,0.20761048961487139,0.20761048961487139,1,0,1,0
356,356.0,3.56,0.0,0.0,0.2079853064277349,0.0,0.2079853064277349,0.2079853064277349,1,0,1,0
357,357.0,3.57,0.0,0.0,0.20710362328210974,0.0,0.20710362328210974,0.20710362328210974,1,0,1,0
358,358.0,3.58,0.0,0.0,0.20678519486949076,0.0,0.20678519486949076,0.20678519486949076,1,0,1,0
359,359.0,3.59,0.0,0.0,0.20701731548895388,0.0,0.20701731548895388,0.20701731548895388,1,0,1,0
360,360.0,3.6,0.0,0.0,0.20805856569465772,0.0,0.20805856569465772,0.20805856569465772,1,0,1,0
361,361.0,3.61,0.0,0.0,0.20782436397617227,0.0,0.20782436397617227,0.20782436397617227,1,0,1,0
362,362.0,3.62,0.0,0.0,0.2088608887672126,0.0,0.2088608887672126,0.2088608887672126,1,0,1,0
363,363.0,3.63,0.0,0.0,0.20809971514827394,0.0,0.20809971514827394,0.20809971514827394,1,0,1,0
364,364.0,3.64,0.0,0.0,0.20761943681749356,0.0,0.20761943681749356,0.20761943681749356,1,0,1,0
365,365.0,3.65,0.0,0.0,0.20787908567408162,0.0,0.20787908567408162,0.20787908567408162,1,0,1,0
366,366.0,3.66,0.0,0.0,0.20839911906928935,0.0,0.20839911906928935,0.20839911906928935,1,0,1,0
367,367.0,3.67,0.0,0.0,0.20931893297472043,0.0,0.20931893297472043,0.20931893297472043,1,0,1,0
368,368.0,3.68,0.0,0.0,0.2087261777658062,0.0,0.2087261777658062,0.2087261777658062,1,0,1,0
369,369.0,3.69,0.0,0.0,0.20934824488160078,0.0,0.20934824488160078,0.20934824488160078,1,0,1,0
370,370.0,3.7,0.0,0.0,0.2107149301276564,0.0,0.2107149301276564,0.2107149301276564,1,0,1,0
371,371.0,3.71,0.0,0.0,0.21102359117320668,0.0,0.21102359117320668,0.21102359117320668,1,0,1,0
372,372.0,3.72,0.0,0.0,0.2093641324954526,0.0,0.2093641324954526,0.2093641324954526,1,0,1,0
373,373.0,3.73,0.0,0.0,0.2083209315332963,0.0,0.2083209315332963,0.2083209315332963,1,0,1,0
374,374.0,3.74,0.0,0.0,0.20891878104275002,0.0,0.20891878104275002,0.20891878104275002,1,0,1,0
375,375.0,3.75,0.0,0.0,0.20879013121357112,0.0,0.20879013121357112,0.20879013121357112,1,0,1,0
376,376.0,3.76,0.0,0.0,0.2102919765719153,0.0,0.2102919765719153,0.2102919765719153,1,0,1,0
377,377.0,3.77,0.0,0.0,0.2103797176923629,0.0,0.2103797176923629,0.2103797176923629,1,0,1,0
378,378.0,3.78,0.0,0.0,0.21124489284744874,0.0,0.21124489284744874,0.21124489284744874,1,0,1,0
379,379.0,3.79,0.0,0.0,0.2114157338388945,0.0,0.2114157338388945,0.2114157338388945,1,0,1,0
380,380.0,3.8,0.0,0.0,0.2107505246488386,0.0,0.2107505246488386,0.2107505246488386,1,0,1,0
381,381.0,3.81,0.0,0.0,0.21152430928273896,0.0,0.21152430928273896,0.21152430928273896,1,0,1,0
382,382.0,3.82,0.0,0.0,0.21012304454825095,0.0,0.21012304454825095,0.21012304454825095,1,0,1,0
383,383.0,3.83,0.0,0.0,0.2103881568510908,0.0,0.2103881568510908,0.2103881568510908,1,0,1,0
384,384.0,3.84,0.0,0.0,0.21114033888774658,0.0,0.21114033888774658,0.21114033888774658,1,0,1,0
385,385.0,3.85,0.0,0.0,0.21046335304095012,0.0,0.21046335304095012,0.21046335304095012,1,0,1,0
386,386.0,3.86,0.0,0.0,0.21192256525627273,0.0,0.21192256525627273,0.21192256525627273,1,0,1,0
387,387.0,3.87,0.0,0.0,0.21183950784106909,0.0,0.21183950784106909,0.21183950784106909,1,0,1,0
388,388.0,3.88,0.0,0.0,0.2126939880397169,0.0,0.2126939880397169,0.2126939880397169,1,0,1,0
389,389.0,3.89,0.0,0.0,0.21178454341715858,0.0,0.21178454341715858,0.21178454341715858,1,0,1,0
390,390.0,3.9,0.0,0.0,0.20957942789862116,0.0,0.20957942789862116,0.20957942789862116,1,0,1,0
391,391.0,3.91,0.0,0.0,0.20932436117790282,0.0,0.20932436117790282,0.20932436117790282,1,0,1,0
392,392.0,3.92,0.0,0.0,0.2104099879069082,0.0,0.2104099879069082,0.2104099879069082,1,0,1,0
393,393.0,3.93,0.0,0.0,0.21083934062156287,0.0,0.21083934062156287,0.21083934062156287,1,0,1,0
394,394.0,3.94,0.0,0.0,0.20958768169680483,0.0,0.20958768169680483,0.20958768169680483,1,0,1,0
395,395.0,3.95,0.0,0.0,0.20900678540548814,0.0,0.20900678540548814,0.20900678540548814,1,0,1,0
396,396.0,3.96,0.0,0.0,0.209743832264853,0.0,0.209743832264853,0.209743832264853,1,0,1,0
397,397.0,3.97,0.0,0.0,0.2107636921905639,0.0,0.2107636921905639,0.2107636921905639,1,0,1,0
398,398.0,3.98,0.0,0.0,0.21009597168461447,0.0,0.21009597168461447,0.21009597168461447,1,0,1,0
399,399.0,3.99,0.0,0.0,0.21002981732629034,0.0,0.21002981732629034,0.21002981732629034,1,0,1,0
400,400.0,4.0,0.0,0.0,0.21034394885587623,0.0,0.21034394885587623,0.21034394885587623,1,0,1,0
401,401.0,4.01,0.00022789351851851288,0.0,0.20971483102616284,0.00022789351851851288,0.20948693750764433,0.20925904398912581,1,0,1,0
402,402.0,4.02,0.0004557870370370459,0.0,0.20973335835691895,0.0004557870370370459,0.2092775713198819,0.20882178428284484,1,0,1,0
403,403.0,4.03,0.0006836805555555581,0.0,0.21009440031117485,0.0006836805555555581,0.20941071975561928,0.20872703920006372,1,0,1,0
404,404.0,4.04,0.00091157407407407,0.0,0.20952378915570258,0.00091157407407407,0.2086122150816285,0.20770064100755442,1,0,1,0
405,405.0,4.05,0.0011394675925925873,0.0,0.20865377298418944,0.0011394675925925873,0.20751430539159685,0.20637483779900426,1,0,1,0
406,406.0,4.06,0.001818055555555594,0.0,0.21042347833919947,0.001818055555555594,0.20860542278364388,0.2067873672280883,1,0,1,0
407,407.0,4.07,0.002496643518518549,0.0,0.2120657327225514,0.002496643518518549,0.20956908920403283,0.20707244568551428,1,0,1,0
408,408.0,4.08,0.003175231481481498,0.0,0.21237804815089656,0.003175231481481498,0.20920281666941506,0.20602758518793357,1,0,1,0
409,409.0,4.09,0.0038538194444444475,0.0,0.21214463197223316,0.0038538194444444475,0.20829081252778872,0.2044369930833443,1,0,1,0
410,410.0,4.1,0.0045324074074074025,0.0,0.2119756301281897,0.0045324074074074025,0.2074432227207823,0.2029108153133749,1,0,1,0
411,411.0,4.11,0.005654050925925958,0.0,0.2148923545492255,0.005654050925925958,0.20923830362329954,0.20358425269737357,1,0,1,0
412,412.0,4.12,0.006775694444441948,0.0,0.21540544407570694,0.006775694444441948,0.208629749631265,0.20185405518682303,1,0,1,0
413,413.0,4.13,0.007897337962960344,0.0,0.2168177975481955,0.007897337962960344,0.20892045958523514,0.2010231216222748,1,0,1,0
414,414.0,4.14,0.00901898148147874,0.0,0.21708028786040248,0.00901898148147874,0.20806130637892375,0.19904232489744503,1,0,1,0
415,415.0,4.15,0.010140624999997136,0.0,0.21821768829326732,0.010140624999997136,0.2080770632932702,0.19793643829327306,1,0,1,0
416,416.0,4.16,0.011697685185182658,0.0,0.219873777136537,0.011697685185182658,0.20817609195135434,0.19647840676617168,1,0,1,0
417,417.0,4.17,0.01325474537036818,0.0,0.219569999767256,0.01325474537036818,0.2063152543968878,0.1930605090265196,1,0,1,0
418,418.0,4.18,0.014811805555553703,0.0,0.22105161487593256,0.014811805555553703,0.20623980932037886,0.19142800376482516,1,0,1,0
419,419.0,4.19,0.016368865740739227,0.0,0.2212493287652378,0.016368865740739227,0.20488046302449858,0.18851159728375935,1,0,1,0
420,420.0,4.2,0.01792592592592475,0.0,0.22217565400179853,0.01792592592592475,0.20424972807587377,0.18632380214994904,1,0,1,0
421,421.0,4.21,0.019910763888888804,0.0,0.2218735144769396,0.019910763888888804,0.2019627505880508,0.182051986699162,1,0,1,0
422,422.0,4.22,0.021895601851847125,0.0,0.22180184003043785,0.021895601851847125,0.1999062381785907,0.17801063632674358,1,0,1,0
423,423.0,4.23,0.02388043981481118,0.0,0.22411008098615817,0.02388043981481118,0.200229641171347,0.1763492013565358,1,0,1,0
424,424.0,4.24,0.025865277777775232,0.0,0.22588326630328023,0.025865277777775232,0.200017988525505,0.17415271074772978,1,0,1,0
425,425.0,4.25,0.027850115740739284,0.0,0.22785969242317614,0.027850115740739284,0.20000957668243685,0.17215946094169757,1,0,1,0
426,426.0,4.26,0.030255092592587546,0.0,0.2284737412300906,0.030255092592587546,0.19821864863750305,0.1679635560449155,1,0,1,0
427,427.0,4.27,0.03266006944444153,0.0,0.22771976171161504,0.03266006944444153,0.1950596922671735,0.162399622822732,1,0,1,0
428,428.0,4.28,0.035065046296295525,0.0,0.22868942169681616,0.035065046296295525,0.19362437540052063,0.1585593291042251,1,0,1,0
429,429.0,4.29,0.03747002314814378,0.0,0.23080968432673632,0.03747002314814378,0.19333966117859253,0.15586963803044873,1,0,1,0
430,430.0,4.3,0.039874999999997766,0.0,0.2331323950620189,0.039874999999997766,0.19325739506202114,0.15338239506202336,1,0,1,0
431,431.0,4.31,0.04269247685184738,0.0,0.2342177830420779,0.04269247685184738,0.19152530619023053,0.14883282933838315,1,0,1,0
432,432.0,4.32,0.0455099537037027,0.0,0.23613090895603633,0.0455099537037027,0.19062095525233363,0.14511100154863094,1,0,1,0
433,433.0,4.33,0.048327430555552296,0.0,0.23899168957496236,0.048327430555552296,0.19066425901941006,0.14233682846385776,1,0,1,0
434,434.0,4.34,0.05114490740740189,0.0,0.24139183855636126,0.05114490740740189,0.19024693114895935,0.13910202374155745,1,0,1,0
435,435.0,4.35,0.05396238425925723,0.0,0.242611018322969,0.05396238425925723,0.18864863406371177,0.13468624980445454,1,0,1,0
436,436.0,4.36,0.057184722222219576,0.0,0.24369285183358738,0.057184722222219576,0.1865081296113678,0.12932340738914824,1,0,1,0
437,437.0,4.37,0.06040706018518192,0.0,0.24624487236538697,0.06040706018518192,0.18583781218020506,0.12543075199502315,1,0,1,0
438,438.0,4.38,0.06362939814814426,0.0,0.2476382319029821,0.06362939814814426,0.18400883375483784,0.12037943560669358,1,0,1,0
439,439.0,4.39,0.0668517361111066,0.0,0.24956591311990753,0.0668517361111066,0.18271417700880094,0.11586244089769433,1,0,1,0
440,440.0,4.4,0.07007407407406896,0.0,0.2511535388656421,0.07007407407406896,0.18107946479157316,0.1110053907175042,1,0,1,0
441,441.0,4.41,0.07369363425925544,0.0,0.2538008913008118,0.07369363425925544,0.18010725704155633,0.10641362278230089,1,0,1,0
442,442.0,4.42,0.07731319444444194,0.0,0.25521836859146807,0.07731319444444194,0.1779051741470261,0.10059197970258417,1,0,1,0
443,443.0,4.43,0.08093275462962843,0.0,0.2596485994661839,0.08093275462962843,0.17871584483655548,0.09778309020692705,1,0,0,1
444,444.0,4.44,0.08455231481481493,0.0,0.26184277679908774,0.08455231481481493,0.1772904619842728,0.09273814716945789,1,0,0,1
445,445.0,4.45,0.0881718749999957,0.0,0.2645412632321996,0.0881718749999957,0.17636938823220394,0.08819751323220824,1,0,0,1
446,446.0,4.46,0.09218101851851773,0.0,0.26676363068278686,0.09218101851851773,0.17458261216426912,0.08240159364575139,1,0,0,1
447,447.0,4.47,0.09619016203703407,0.0,0.2693209826916355,0.09619016203703407,0.17313082065460145,0.07694065861756738,1,0,0,1
448,448.0,4.48,0.10019930555555037,0.0,0.27435428108377097,0.10019930555555037,0.1741549755282206,0.07395566997267022,1,0,0,1
449,449.0,4.49,0.10420844907407242,0.0,0.27776112212636256,0.10420844907407242,0.17355267305229014,0.06934422397821771,1,0,0,1
450,450.0,4.5,0.10821759259258873,0.0,0.2824219039822817,0.10821759259258873,0.17420431138969295,0.06598671879710422,1,0,0,1
451,451.0,4.51,0.11260868055555202,0.0,0.2857772123541653,0.11260868055555202,0.1731685317986133,0.06055985124306128,1,0,0,1
452,452.0,4.52,0.11699976851851529,0.0,0.29020525669265845,0.11699976851851529,0.17320548817414316,0.05620571965562787,1,0,0,1
453,453.0,4.53,0.12139085648147857,0.0,0.2951449055242579,0.12139085648147857,0.1737540490427793,0.05236319256130073,1,0,0,1
454,454.0,4.54,0.12578194444444185,0.0,0.2981167537523003,0.12578194444444185,0.17233480930785844,0.04655286486341659,1,0,0,1
455,455.0,4.55,0.13017303240740513,0.0,0.3027374579497145,0.13017303240740513,0.17256442554230939,0.042391393134904254,1,0,0,1
456,456.0,4.56,0.13493842592592104,0.0,0.30596134994242047,0.13493842592592104,0.17102292401649943,0.0360844980905784,1,0,0,1
457,457.0,4.57,0.13970381944444268,0.0,0.30968053049219507,0.13970381944444268,0.1699767110477524,0.030272891603309704,1,0,0,1
458,458.0,4.58,0.1444692129629586,0.0,0.3128361679948534,0.1444692129629586,0.16836695503189483,0.023897742068936245,1,0,0,1
459,459.0,4.59,0.1492346064814802,0.0,0.31645092468044217,0.1492346064814802,0.16721631819896196,0.017981711717481752,1,0,0,1
460,460.0,4.6,0.15399999999999614,0.0,0.320819783331609,0.15399999999999614,0.16681978333161285,0.012819783331616708,1,0,0,1
461,461.0,4.61,0.1591320601851818,0.0,0.32527902750462495,0.1591320601851818,0.16614696731944315,0.007014907134261339,1,0,0,1
462,462.0,4.62,0.1642641203703675,0.0,0.33017374638799224,0.1642641203703675,0.16590962601762474,0.0016455056472572394,1,0,0,1
463,463.0,4.63,0.16939618055555317,0.0,0.3342780373402952,0.16939618055555317,0.16488185678474204,-0.004514323770811124,1,0,0,1
464,464.0,4.64,0.17452824074073883,0.0,0.3405252680615479,0.17452824074073883,0.1659970273208091,-0.00853121341992974,1,0,0,1
465,465.0,4.65,0.17966030092592453,0.0,0.3452873863829608,0.17966030092592453,0.16562708545703628,-0.01403321546888825,1,0,0,1
466,466.0,4.66,0.18515138888888563,0.0,0.35021146891551436,0.18515138888888563,0.16506008002662872,-0.020091308862256907,1,0,0,1
467,467.0,4.67,0.19064247685184676,0.0,0.35546135412406166,0.19064247685184676,0.1648188772722149,-0.025823599579631873,1,0,0,1
468,468.0,4.68,0.19613356481481362,0.0,0.35962469587543433,0.19613356481481362,0.16349113106062071,-0.0326424337541929,1,0,0,1
469,469.0,4.69,0.20162465277777475,0.0,0.36413244807763345,0.20162465277777475,0.1625077952998587,-0.039116857477916045,1,0,0,1
470,470.0,4.7,0.20711574074073585,0.0,0.36931512971021024,0.20711574074073585,0.1621993889694744,-0.044916351771261465,1,0,0,1
471,471.0,4.71,0.21295821759258957,0.0,0.37517118877951827,0.21295821759258957,0.1622129711869287,-0.05074524640566086,1,0,0,1
472,472.0,4.72,0.21880069444444325,0.0,0.37934609970061456,0.21880069444444325,0.1605454052561713,-0.05825528918827194,1,0,0,1
473,473.0,4.73,0.22464317129629122,0.0,0.38412846078520213,0.22464317129629122,0.15948528948891091,-0.0651578818073803,1,0,0,1
474,474.0,4.74,0.23048564814814493,0.0,0.38964115902407936,0.23048564814814493,0.15915551087593444,-0.07133013727221049,1,0,0,1
475,475.0,4.75,0.2363281249999986,0.0,0.393916332797225,0.2363281249999986,0.15758820779722638,-0.07873991720277224,1,0,0,1
476,476.0,4.76,0.24251435185185058,0.0,0.3980100493267713,0.24251435185185058,0.15549569747492073,-0.08701865437692985,1,0,0,1
477,477.0,4.77,0.24870057870370255,0.0,0.40270685771002795,0.24870057870370255,0.1540062790063254,-0.09469429969737714,1,0,0,1
478,478.0,4.78,0.25488680555555443,0.0,0.40889466545725933,0.25488680555555443,0.1540078599017049,-0.10087894565384953,1,1,0,0
479,479.0,4.79,0.2610730324074064,0.0,0.4148105020118016,0.2610730324074064,0.15373746960439516,-0.10733556280301126,1,1,0,0
480,480.0,4.8,0.26725925925925836,0.0,0.4192044434036949,0.26725925925925836,0.15194518414443653,-0.11531407511482183,1,1,0,0
481,481.0,4.81,0.27378159722222,0.0,0.4257407489223553,0.27378159722222,0.1519591517001353,-0.12182244552208471,1,1,0,0
482,482.0,4.82,0.28030393518518154,0.0,0.43102842141016506,0.28030393518518154,0.15072448622498352,-0.12957944896019802,1,1,0,0
483,483.0,4.83,0.2868262731481432,0.0,0.43651357121915424,0.2868262731481432,0.14968729807101105,-0.13713897507713213,1,1,0,0
484,484.0,4.84,0.2933486111111105,0.0,0.4426118136001251,0.2933486111111105,0.1492632024890146,-0.1440854086220959,1,1,0,0
485,485.0,4.85,0.29987094907407214,0.0,0.4505046019022859,0.29987094907407214,0.15063365282821378,-0.14923729624585835,1,1,0,0
486,486.0,4.86,0.30672175925925477,0.0,0.4556993564836751,0.30672175925925477,0.14897759722442033,-0.15774416203483443,1,1,0,0
487,487.0,4.87,0.3135725694444432,0.0,0.4629183429140538,0.3135725694444432,0.1493457734696106,-0.16422679597483264,1,1,0,0
488,488.0,4.88,0.32042337962962586,0.0,0.4695682511545464,0.32042337962962586,0.14914487152492056,-0.1712785081047053,1,1,0,0
489,489.0,4.89,0.32727418981481426,0.0,0.476915498347881,0.32727418981481426,0.14964130853306673,-0.17763288128174753,1,1,0,0
490,490.0,4.9,0.33412499999999695,0.0,0.48345544388143413,0.33412499999999695,0.14933044388143718,-0.18479455611855977,1,1,0,0
491,491.0,4.91,0.3412966435185178,0.0,0.4887899865854318,0.3412966435185178,0.14749334306691403,-0.19380330045160377,1,1,0,0
492,492.0,4.92,0.348468287037033,0.0,0.4970791642434975,0.348468287037033,0.14861087720646454,-0.19985740983056843,1,1,0,0
493,493.0,4.93,0.3556399305555538,0.0,0.5033618677687265,0.3556399305555538,0.14772193721317267,-0.20791799334238115,1,1,0,0
494,494.0,4.94,0.3628115740740689,0.0,0.5103008038435625,0.3628115740740689,0.14748922976949358,-0.2153223443045753,1,1,0,0
495,495.0,4.95,0.3699832175925898,0.0,0.5159218958451948,0.3699832175925898,0.14593867825260498,-0.2240445393399848,1,1,0,0
496,496.0,4.96,0.3774680555555545,0.0,0.5212901688521209,0.3774680555555545,0.14382211329656636,-0.23364594225898816,1,1,0,0
497,497.0,4.97,0.38495289351851353,0.0,0.5300143853127407,0.38495289351851353,0.14506149179422717,-0.23989140172428636,1,1,0,0
498,498.0,4.98,0.39243773148147826,0.0,0.5374664581186872,0.39243773148147826,0.14502872663720895,-0.2474090048442693,1,1,0,0
499,499.0,4.99,0.399922569444443,0.0,0.5458899310230753,0.399922569444443,0.14596736157863227,-0.2539552078658107,1,1,0,0
500,500.0,5.0,0.407407407407402,0.0,0.5526243589425176,0.407407407407402,0.1452169515351156,-0.2621904558722864,1,1,0,0
501,501.0,5.01,0.415197800925922,0.0,0.5592256989961405,0.415197800925922,0.14402789807021849,-0.2711699028557035,1,1,0,0
502,502.0,5.02,0.422988194444442,0.0,0.5674989449166971,0.422988194444442,0.14451075047225503,-0.278477443972187,1,1,0,0
503,503.0,5.03,0.43077858796296203,0.0,0.5758370096984115,0.43077858796296203,0.14505842173544942,-0.2857201662275126,1,1,0,0
504,504.0,5.04,0.43856898148147627,0.0,0.583254517739119,0.43856898148147627,0.1446855362576427,-0.2938834452238336,1,1,0,0
505,505.0,5.05,0.4463593749999963,0.0,0.5892990287925923,0.4463593749999963,0.14293965379259604,-0.30341972120740024,1,1,0,0
506,506.0,5.06,0.45444768518518297,0.0,0.5961004964964113,0.45444768518518297,0.1416528113112283,-0.31279487387395466,1,1,0,0
507,507.0,5.07,0.46253599537036966,0.0,0.6043158859547016,0.46253599537036966,0.141779890584332,-0.32075610478603767,1,1,0,0
508,508.0,5.08,0.4706243055555507,0.0,0.6128033542351325,0.4706243055555507,0.14217904867958187,-0.3284452568759688,1,1,0,0
509,509.0,5.09,0.47871261574073737,0.0,0.6201569763825322,0.47871261574073737,0.14144436064179483,-0.33726825509894254,1,1,0,0
510,510.0,5.1,0.48680092592592406,0.0,0.6268256988878705,0.48680092592592406,0.1400247729619465,-0.34677615296397757,1,1,0,0
511,511.0,5.11,0.4951795138888888,0.0,0.6339130476547783,0.4951795138888888,0.13873353376588948,-0.35644598012299933,1,1,0,0
512,512.0,5.12,0.5035581018518478,0.0,0.6403820893386718,0.5035581018518478,0.136823987486824,-0.3667341143650238,1,1,0,0
513,513.0,5.13,0.5119366898148127,0.0,0.6480864015876502,0.5119366898148127,0.13614971177283752,-0.37578697804197514,1,1,0,0
514,514.0,5.14,0.5203152777777774,0.0,0.6537165602191242,0.5203152777777774,0.13340128244134675,-0.38691399533643067,1,1,0,0
515,515.0,5.15,0.5286938657407364,0.0,0.6620850851184407,0.5286938657407364,0.13339121937770426,-0.39530264636303214,1,1,0,0
516,516.0,5.16,0.5373550925925907,0.0,0.6698710604517952,0.5373550925925907,0.1325159678592045,-0.40483912473338624,1,1,0,0
517,517.0,5.17,0.5460163194444393,0.0,0.6775372984200931,0.5460163194444393,0.13152097897565385,-0.41449534046878544,1,1,0,0
518,518.0,5.18,0.5546775462962935,0.0,0.6860663445425657,0.5546775462962935,0.13138879824627214,-0.42328874805002137,1,1,0,0
519,519.0,5.19,0.5633387731481477,0.0,0.6942730519046711,0.5633387731481477,0.13093427875652341,-0.4324044943916243,1,1,0,0
520,520.0,5.2,0.5719999999999963,0.0,0.7023739896933974,0.5719999999999963,0.13037398969340108,-0.4416260103065952,1,1,0,0
521,521.0,5.21,0.5809362268518514,0.0,0.7091701359572705,0.5809362268518514,0.1282339091054191,-0.4527023177464323,1,1,0,0
522,522.0,5.22,0.5898724537037009,0.0,0.7163744510903163,0.5898724537037009,0.12650199738661538,-0.4633704563170855,1,1,0,0
523,523.0,5.23,0.598808680555556,0.0,0.7238160873746328,0.598808680555556,0.12500740681907674,-0.4738012737364793,1,1,0,0
524,524.0,5.24,0.6077449074074054,0.0,0.7311999286965347,0.6077449074074054,0.12345502128912933,-0.48428988611827606,1,1,0,0
525,525.0,5.25,0.6166811342592606,0.0,0.738749277488205,0.6166811342592606,0.12206814322894433,-0.4946129910303163,1,1,0,0
526,526.0,5.26,0.6258847222222224,0.0,0.7467982650046335,0.6258847222222224,0.12091354278241118,-0.5049711794398112,1,1,0,0
527,527.0,5.27,0.6350883101851841,0.0,0.7563066944627985,0.6350883101851841,0.12121838427761444,-0.5138699259075696,1,1,0,0
528,528.0,5.28,0.6442918981481457,0.0,0.7639802618593263,0.6442918981481457,0.11968836371118063,-0.5246035344369651,1,1,0,0
529,529.0,5.29,0.6534954861111132,0.0,0.7734659618384692,0.6534954861111132,0.11997047572735597,-0.5335250103837572,1,1,0,0
530,530.0,5.3,0.6626990740740749,0.0,0.7817659232544811,0.6626990740740749,0.11906684918040622,-0.5436322248936687,1,1,0,0
531,531.0,5.31,0.6721623842592603,0.0,0.7903184668922867,0.6721623842592603,0.11815608263302635,-0.554006301626234,1,1,0,0
532,532.0,5.32,0.6816256944444458,0.0,0.7983693455776487,0.6816256944444458,0.11674365113320295,-0.5648820433112428,1,1,0,0
533,533.0,5.33,0.6910890046296313,0.0,0.8070708761068806,0.6910890046296313,0.11598187147724925,-0.575107133152382,1,1,0,0
534,534.0,5.34,0.7005523148148166,0.0,0.8166289094075361,0.7005523148148166,0.11607659459271946,-0.5844757202220972,1,1,0,0
535,535.0,5.35,0.7100156250000021,0.0,0.8260933178134714,0.7100156250000021,0.11607769281346925,-0.5939379321865329,1,1,0,0
536,536.0,5.36,0.7197310185185168,0.0,0.8346366625276345,0.7197310185185168,0.11490564400911762,-0.6048253745093992,1,1,0,0
537,537.0,5.37,0.7294464120370374,0.0,0.8427441022498079,0.7294464120370374,0.11329769021277047,-0.6161487218242669,1,1,0,0
538,538.0,5.38,0.739161805555558,0.0,0.8524301761068482,0.739161805555558,0.11326837055129024,-0.6258934350042678,1,1,0,0
539,539.0,5.39,0.7488771990740728,0.0,0.8628899571716988,0.7488771990740728,0.11401275809762601,-0.6348644409764468,1,1,0,0
540,540.0,5.4,0.7585925925925933,0.0,0.8730237301508486,0.7585925925925933,0.11443113755825529,-0.644161455034338,1,1,0,0
541,541.0,5.41,0.7685524305555546,0.0,0.8809870810513268,0.7685524305555546,0.11243465049577228,-0.6561177800597823,1,1,0,0
542,542.0,5.42,0.7785122685185158,0.0,0.8903277318525562,0.7785122685185158,0.11181546333404035,-0.6666968051844755,1,1,0,0
543,543.0,5.43,0.7884721064814829,0.0,0.9003941856514736,0.7884721064814829,0.11192207916999064,-0.6765500273114923,1,1,0,0
544,544.0,5.44,0.7984319444444443,0.0,0.9092894212815646,0.7984319444444443,0.11085747683712033,-0.687574467607324,1,1,0,0
545,545.0,5.45,0.8083917824074056,0.0,0.9185627625501052,0.8083917824074056,0.11017098014269955,-0.6982208022647061,1,1,0,0
546,546.0,5.46,0.8185884259259248,0.0,0.926288409865288,0.8185884259259248,0.1076999839393632,-0.7108884419865616,1,1,0,0
547,547.0,5.47,0.8287850694444441,0.0,0.9362706052462468,0.8287850694444441,0.10748553580180276,-0.7212995336426413,1,1,0,0
548,548.0,5.48,0.8389817129629633,0.0,0.9467519421184254,0.8389817129629633,0.10777022915546208,-0.7312114838075012,1,1,0,0
549,549.0,5.49,0.8491783564814825,0.0,0.9567359733895212,0.8491783564814825,0.10755761690803867,-0.7416207395734439,1,1,0,0
550,550.0,5.5,0.8593750000000018,0.0,0.9659001833668098,0.8593750000000018,0.10652518336680805,-0.7528498166331937,1,1,0,0
551,551.0,5.51,0.8698008101851846,0.0,0.9735048374590872,0.8698008101851846,0.1037040272739026,-0.766096782911282,1,1,0,0
552,552.0,5.52,0.8802266203703731,0.0,0.9837924030992168,0.8802266203703731,0.10356578272884365,-0.7766608376415295,1,1,0,0
553,553.0,5.53,0.890652430555556,0.0,0.9947856603320834,0.890652430555556,0.10413322977652739,-0.7865192007790286,1,1,0,0
554,554.0,5.54,0.9010782407407387,0.0,1.0046727073241406,0.9010782407407387,0.10359446658340188,-0.7974837741573368,1,1,0,0
555,555.0,5.55,0.9115040509259275,0.0,1.015064371213401,0.9115040509259275,0.10356032028747364,-0.8079437306384538,1,1,0,0
556,556.0,5.56,0.9221513888888909,0.0,1.0238061057084005,0.9221513888888909,0.10165471681950955,-0.8204966720693814,1,1,0,0
557,557.0,5.57,0.9327987268518544,0.0,1.0342425995342823,0.9327987268518544,0.10144387268242794,-0.8313548541694264,1,1,0,0
558,558.0,5.58,0.9434460648148123,0.0,1.0438758817317635,0.9434460648148123,0.10042981691695119,-0.8430162478978611,1,1,0,0
559,559.0,5.59,0.9540934027777758,0.0,1.0531248055287632,0.9540934027777758,0.09903140275098743,-0.8550620000267883,1,1,0,0
560,560.0,5.6,0.9647407407407392,0.0,1.0633195461572367,0.9647407407407392,0.09857880541649744,-0.8661619353242418,1,1,0,0
561,561.0,5.61,0.9756019675925951,0.0,1.0735833448727974,0.9756019675925951,0.09798137728020229,-0.8776205903123928,1,1,0,0
562,562.0,5.62,0.986463194444445,0.0,1.0844053520153796,0.986463194444445,0.09794215757093461,-0.8885210368735104,1,1,0,0
563,563.0,5.63,0.997324421296295,0.0,1.0957919303918786,0.997324421296295,0.09846750909558366,-0.8988569122007113,1,1,0,0
564,564.0,5.64,1.0081856481481506,0.0,1.1056010324103187,1.0081856481481506,0.09741538426216811,-0.9107702638859825,1,1,0,0
565,565.0,5.65,1.0190468750000006,0.0,1.1146598468989566,1.0190468750000006,0.09561297189895601,-0.9234339031010446,1,1,0,0
566,566.0,5.66,1.030114351851854,0.0,1.1249795965501637,1.030114351851854,0.09486524469830959,-0.9352491071535445,1,1,0,0
567,567.0,5.67,1.0411818287037018,0.0,1.1355949318625465,1.0411818287037018,0.09441310315884466,-0.9467687255448571,1,1,0,0
568,568.0,5.68,1.0522493055555553,0.0,1.1470371139945943,1.0522493055555553,0.094787808439039,-0.9574614971165163,1,1,0,0
569,569.0,5.69,1.0633167824074088,0.0,1.1576786234368315,1.0633167824074088,0.09436184102942269,-0.9689549413779861,1,1,0,0
570,570.0,5.7,1.0743842592592623,0.0,1.167905476730893,1.0743842592592623,0.09352121747163067,-0.9808630417876316,1,1,0,0
571,571.0,5.71,1.085650347222225,0.0,1.1799987326901809,1.085650347222225,0.09434838546795588,-0.9913019617542691,1,1,0,0
572,572.0,5.72,1.0969164351851877,0.0,1.1921901896246223,1.0969164351851877,0.09527375443943464,-1.001642680745753,1,1,0,0
573,573.0,5.73,1.1081825231481504,0.0,1.2051560398003136,1.1081825231481504,0.09697351665216325,-1.011209006495987,1,1,0,0
574,574.0,5.74,1.119448611111113,0.0,1.21564620191439,1.119448611111113,0.09619759080327706,-1.023251020307836,1,1,0,0
575,575.0,5.75,1.1307146990740757,0.0,1.2267230198051113,1.1307146990740757,0.0960083207310356,-1.0347063783430401,1,1,0,0
576,576.0,5.76,1.142171759259259,0.0,1.2381215241719736,1.142171759259259,0.09594976491271456,-1.0462219943465445,1,1,0,0
577,577.0,5.77,1.153628819444448,0.0,1.2496084241911656,1.153628819444448,0.09597960474671763,-1.0576492146977303,1,1,0,0
578,578.0,5.78,1.1650858796296315,0.0,1.2600631821634851,1.1650858796296315,0.09497730253385361,-1.070108577095778,1,1,0,0
579,579.0,5.79,1.1765429398148148,0.0,1.2709858228542126,1.1765429398148148,0.09444288303939774,-1.082100056775417,1,1,0,0
580,580.0,5.8,1.187999999999998,0.0,1.2837333329179996,1.187999999999998,0.09573333291800168,-1.0922666670819963,1,1,0,0
581,581.0,5.81,1.1996403935185191,0.0,1.2931470830148402,1.1996403935185191,0.09350668949632102,-1.1061337040221981,1,1,0,0
582,582.0,5.82,1.2112807870370401,0.0,1.3058228314795954,1.2112807870370401,0.09454204444255532,-1.1167387425944848,1,1,0,0
583,583.0,5.83,1.2229211805555555,0.0,1.317304802050616,1.2229211805555555,0.09438362149506041,-1.1285375590604951,1,1,0,0
584,584.0,5.84,1.2345615740740765,0.0,1.3295293466626656,1.2345615740740765,0.09496777258858913,-1.1395938014854874,1,1,0,0
585,585.0,5.85,1.246201967592592,0.0,1.340857803372394,1.246201967592592,0.09465583577980197,-1.15154613181279,1,1,0,0
586,586.0,5.86,1.2580180555555562,0.0,1.3509809786740175,1.2580180555555562,0.09296292311846122,-1.165055132437095,1,1,0,0
587,587.0,5.87,1.2698341435185208,0.0,1.3624846754575315,1.2698341435185208,0.09265053193901074,-1.17718361157951,1,1,0,0
588,588.0,5.88,1.2816502314814795,0.0,1.3739984345366436,1.2816502314814795,0.09234820305516411,-1.1893020284263154,1,1,0,0
589,589.0,5.89,1.293466319444444,0.0,1.3866647662791611,1.293466319444444,0.09319844683471712,-1.200267872609727,1,1,0,0
590,590.0,5.9,1.3052824074074085,0.0,1.3980775617128016,1.3052824074074085,0.09279515430539309,-1.2124872531020154,1,1,0,0
591,591.0,5.91,1.3172665509259278,0.0,1.4080060645976638,1.3172665509259278,0.09073951367173594,-1.2265270372541919,1,1,0,0
592,592.0,5.92,1.3292506944444415,0.0,1.419378496598365,1.3292506944444415,0.09012780215392335,-1.2391228922905182,1,1,0,0
593,593.0,5.93,1.3412348379629606,0.0,1.431023115381398,1.3412348379629606,0.08978827741843731,-1.2514465605445233,1,1,0,0
594,594.0,5.94,1.3532189814814801,0.0,1.4434986234622997,1.3532189814814801,0.09027964198081961,-1.2629393395006605,1,1,0,0
595,595.0,5.95,1.3652031249999994,0.0,1.4543685948334275,1.3652031249999994,0.0891654698334281,-1.2760376551665713,1,1,0,0
596,596.0,5.96,1.377347685185185,0.0,1.4636742328865748,1.377347685185185,0.08632654770138992,-1.291021137483795,1,1,0,0
597,597.0,5.97,1.3894922453703704,0.0,1.4751123350191777,1.3894922453703704,0.0856200896488073,-1.3038721557215631,1,1,0,0
598,598.0,5.98,1.401636805555556,0.0,1.487743011210819,1.401636805555556,0.08610620565526306,-1.3155305999002929,1,1,0,0
599,599.0,5.99,1.4137813657407414,0.0,1.5004727728975338,1.4137813657407414,0.08669140715679235,-1.327089958583949,1,1,0,0
600,600.0,6.0,1.4259259259259272,0.0,1.510669262826219,1.4259259259259272,0.0847433369002919,-1.3411825890256353,1,1,0,0
601,601.0,6.01,1.43822326388889,0.0,1.5233986694603159,1.43822326388889,0.08517540557142578,-1.3530478583174643,1,1,0,0
602,602.0,6.02,1.4505206018518535,0.0,1.535781853349232,1.4505206018518535,0.08526125149737851,-1.365259350354475,1,1,0,0
603,603.0,6.03,1.4628179398148164,0.0,1.5490421242685584,1.4628179398148164,0.08622418445374191,-1.3765937553610745,1,1,0,0
604,604.0,6.04,1.4751152777777798,0.0,1.5617504900937371,1.4751152777777798,0.08663521231595728,-1.3884800654618226,1,1,0,0
605,605.0,6.05,1.4874126157407428,0.0,1.5745183482724028,1.4874126157407428,0.08710573253165999,-1.4003068832090828,1,1,0,0
606,606.0,6.06,1.4998550925925953,0.0,1.5856514096870769,1.4998550925925953,0.08579631709448154,-1.4140587754981138,1,1,0,0
607,607.0,6.07,1.5122975694444474,0.0,1.5982036584396242,1.5122975694444474,0.08590608899517682,-1.4263914804492706,1,1,0,0
608,608.0,6.08,1.524740046296294,0.0,1.6128431428546846,1.524740046296294,0.08810309655839066,-1.4366369497379032,1,1,0,0
609,609.0,6.09,1.537182523148146,0.0,1.626597845480953,1.537182523148146,0.08941532233280713,-1.4477672008153388,1,1,0,0
610,610.0,6.1,1.5496249999999985,0.0,1.6401757748438635,1.5496249999999985,0.09055077484386498,-1.4590742251561335,1,1,0,0
611,611.0,6.11,1.562204976851851,0.0,1.6511681846311386,1.562204976851851,0.08896320777928768,-1.4732417690725632,1,1,0,0
612,612.0,6.12,1.5747849537037037,0.0,1.6638169414111468,1.5747849537037037,0.08903198770744303,-1.4857529659962607,1,1,0,0
613,613.0,6.13,1.5873649305555564,0.0,1.677114328825751,1.5873649305555564,0.08974939827019468,-1.4976155322853617,1,1,0,0
614,614.0,6.14,1.599944907407409,0.0,1.690117499049322,1.599944907407409,0.09017259164191294,-1.509772315765496,1,1,0,0
615,615.0,6.15,1.6125248842592617,0.0,1.7008658324567776,1.6125248842592617,0.08834094819751592,-1.5241839360617457,1,1,0,0
616,616.0,6.16,1.6252347222222205,0.0,1.711810351117691,1.6252347222222205,0.08657562889547044,-1.53865909332675,1,1,0,0
617,617.0,6.17,1.637944560185185,0.0,1.7265940261561379,1.637944560185185,0.08864946597095291,-1.549295094214232,1,1,0,0
618,618.0,6.18,1.6506543981481494,0.0,1.7387665162010129,1.6506543981481494,0.08811211805286345,-1.562542280095286,1,1,0,0
619,619.0,6.19,1.663364236111114,0.0,1.749582566767036,1.663364236111114,0.08621833065592188,-1.5771459054551922,1,1,0,0
620,620.0,6.2,1.676074074074073,0.0,1.7616633311064676,1.676074074074073,0.08558925703239462,-1.5904848170416783,1,1,0,0
621,621.0,6.21,1.6889061342592606,0.0,1.7734882194310042,1.6889061342592606,0.08458208517174359,-1.604324049087517,1,1,0,0
622,622.0,6.22,1.7017381944444425,0.0,1.7859513109781862,1.7017381944444425,0.08421311653374364,-1.6175250779106989,1,1,0,0
623,623.0,6.23,1.7145702546296304,0.0,1.7990191683093393,1.7145702546296304,0.08444891367970886,-1.6301213409499216,1,1,0,0
624,624.0,6.24,1.7274023148148125,0.0,1.811945240720428,1.7274023148148125,0.08454292590561541,-1.6428593889091971,1,1,0,0
625,625.0,6.25,1.7402343750000002,0.0,1.8234658853617725,1.7402343750000002,0.08323151036177223,-1.657002864638228,1,1,0,0
626,626.0,6.26,1.7531810185185168,0.0,1.8360083810609285,1.7531810185185168,0.08282736254241163,-1.6703536559761052,1,1,0,0
627,627.0,6.27,1.7661276620370394,0.0,1.8479774777126745,1.7661276620370394,0.0818498156756351,-1.6842778463614043,1,1,0,0
628,628.0,6.28,1.779074305555556,0.0,1.8598817247808932,1.779074305555556,0.08080741922533718,-1.6982668863302188,1,1,0,0
629,629.0,6.29,1.7920209490740726,0.0,1.8727121271378078,1.7920209490740726,0.08069117806373516,-1.7113297710103375,1,1,0,0
630,630.0,6.3,1.804967592592595,0.0,1.883815120168863,1.804967592592595,0.07884752757626812,-1.7261200650163269,1,1,0,0
631,631.0,6.31,1.818021180555558,0.0,1.8963552355661333,1.818021180555558,0.07833405501057533,-1.7396871255449826,1,1,0,0
632,632.0,6.32,1.8310747685185207,0.0,1.9081217489987785,1.8310747685185207,0.07704698048025782,-1.7540277880382629,1,1,0,0
633,633.0,6.33,1.8441283564814834,0.0,1.9202944836959044,1.8441283564814834,0.07616612721442095,-1.7679622292670625,1,1,0,0
634,634.0,6.34,1.8571819444444462,0.0,1.9332668827260406,1.8571819444444462,0.07608493828159446,-1.7810970061628517,1,1,0,0
635,635.0,6.35,1.870235532407409,0.0,1.9467529892904292,1.870235532407409,0.07651745688302025,-1.7937180755243887,1,1,0,0
636,636.0,6.36,1.8833884259259295,0.0,1.9592368792604582,1.8833884259259295,0.07584845333452872,-1.8075399725914008,1,1,0,0
637,637.0,6.37,1.896541319444444,0.0,1.9714298062322964,1.896541319444444,0.07488848678785232,-1.8216528326565917,1,1,0,0
638,638.0,6.38,1.9096942129629642,0.0,1.986090979672993,1.9096942129629642,0.07639676671002893,-1.8332974462529352,1,1,0,0
639,639.0,6.39,1.9228471064814845,0.0,2.0003026298438003,1.9228471064814845,0.07745552336231576,-1.8453915831191687,1,1,0,0
640,640.0,6.4,1.9359999999999986,0.0,2.0129921981192718,1.9359999999999986,0.07699219811927316,-1.8590078018807255,1,1,0,0
641,641.0,6.41,1.9492445601851878,0.0,2.024601305221452,1.9492445601851878,0.07535674503626444,-1.8738878151489233,1,1,0,0
642,642.0,6.42,1.9624891203703714,0.0,2.036545216687022,1.9624891203703714,0.07405609631665055,-1.8884330240537208,1,1,0,0
643,643.0,6.43,1.9757336805555545,0.0,2.0499823435295546,1.9757336805555545,0.07424866297400001,-1.9014850175815545,1,1,0,0
644,644.0,6.44,1.9889782407407381,0.0,2.0639905515684003,1.9889782407407381,0.07501231082766213,-1.913965929913076,1,1,0,0
645,645.0,6.45,2.002222800925927,0.0,2.0782125726363945,2.002222800925927,0.07598977171046739,-1.9262330292154597,1,1,0,0
646,646.0,6.46,2.0155513888888907,0.0,2.091539028611577,2.0155513888888907,0.0759876397226864,-1.9395637491662043,1,1,0,0
647,647.0,6.47,2.028879976851849,0.0,2.1026928350108136,2.028879976851849,0.07381285815896454,-1.9550671186928845,1,1,0,0
648,648.0,6.48,2.0422085648148185,0.0,2.115873497590928,2.0422085648148185,0.07366493277610964,-1.9685436320387089,1,1,0,0
649,649.0,6.49,2.055537152777776,0.0,2.129539147825975,2.055537152777776,0.07400199504819893,-1.981535157729577,1,1,0,0
650,650.0,6.5,2.06886574074074,0.0,2.1433853698670915,2.06886574074074,0.07451962912635146,-1.9943461116143886,1,1,0,0
651,651.0,6.51,2.0822707175925954,0.0,2.1564695925843673,2.0822707175925954,0.07419887499177191,-2.0080718426008235,1,1,0,0
652,652.0,6.52,2.095675694444445,0.0,2.1695813401285284,2.095675694444445,0.07390564568408342,-2.0217700487603616,1,1,0,0
653,653.0,6.53,2.1090806712962946,0.0,2.1823419381045617,2.1090806712962946,0.07326126680826706,-2.0358194044880276,1,1,0,0
654,654.0,6.54,2.1224856481481496,0.0,2.1980656180513694,2.1224856481481496,0.0755799699032198,-2.0469056782449297,1,1,0,0
655,655.0,6.55,2.1358906249999996,0.0,2.210508683143216,2.1358906249999996,0.07461805814321654,-2.061272566856783,1,1,0,0
656,656.0,6.56,2.1493643518518524,0.0,2.220863220960582,2.1493643518518524,0.07149886910872949,-2.077865482743123,1,1,0,0
657,657.0,6.57,2.1628380787037047,0.0,2.233792644936359,2.1628380787037047,0.0709545662326545,-2.09188351247105,1,1,0,0
658,658.0,6.58,2.1763118055555575,0.0,2.2475764665325078,2.1763118055555575,0.07126466097695028,-2.105047144578607,1,1,0,0
659,659.0,6.59,2.1897855324074045,0.0,2.2614471323454466,2.1897855324074045,0.07166159993804211,-2.1181239324693624,1,1,0,0
660,660.0,6.6,2.2032592592592573,0.0,2.274462044959811,2.2032592592592573,0.07120278570055394,-2.1320564735587033,1,1,0,0
661,661.0,6.61,2.2167940972222246,0.0,2.288783067493089,2.2167940972222246,0.07198897027086426,-2.1448051269513604,1,1,0,0
662,662.0,6.62,2.230328935185186,0.0,2.3020149844504663,2.230328935185186,0.07168604926528044,-2.1586428859199054,1,1,0,0
663,663.0,6.63,2.2438637731481474,0.0,2.3177021282633854,2.2438637731481474,0.07383835511523795,-2.1700254180329095,1,1,0,0
664,664.0,6.64,2.257398611111115,0.0,2.331557405662259,2.257398611111115,0.07415879455114416,-2.1832398165599707,1,1,0,0
665,665.0,6.65,2.270933449074076,0.0,2.3432951288145127,2.270933449074076,0.07236167974043672,-2.1985717693336393,1,1,0,0
666,666.0,6.66,2.284521759259258,0.0,2.3554771419028886,2.284521759259258,0.07095538264363066,-2.2135663766156273,1,1,0,0
667,667.0,6.67,2.2981100694444447,0.0,2.369895476878576,2.2981100694444447,0.07178540743413109,-2.2263246620103136,1,1,0,0
668,668.0,6.68,2.3116983796296267,0.0,2.3852456338443044,2.3116983796296267,0.07354725421467778,-2.238151125414949,1,1,0,0
669,669.0,6.69,2.3252866898148143,0.0,2.398005589463946,2.3252866898148143,0.0727188996491317,-2.2525677901656826,1,1,0,0
670,670.0,6.7,2.338875000000001,0.0,2.410748355458824,2.338875000000001,0.0718733554588229,-2.2670016445411783,1,1,0,0
671,671.0,6.71,2.35250914351852,0.0,2.423393214029442,2.35250914351852,0.07088407051092194,-2.281625073007598,1,1,0,0
672,672.0,6.72,2.366143287037039,0.0,2.4371991957770502,2.366143287037039,0.07105590874001111,-2.295087378297028,1,1,0,0
673,673.0,6.73,2.379777430555558,0.0,2.451830984472581,2.379777430555558,0.07205355391702284,-2.3077238766385353,1,1,0,0
674,674.0,6.74,2.393411574074077,0.0,2.4650970310021183,2.393411574074077,0.07168545692804118,-2.321726117146036,1,1,0,0
675,675.0,6.75,2.4070457175925903,0.0,2.4783083934337125,2.4070457175925903,0.07126267584112211,-2.3357830417514682,1,1,0,0
676,676.0,6.76,2.4207180555555583,0.0,2.491079191722385,2.4207180555555583,0.07036113616682682,-2.3503569193887315,1,1,0,0
677,677.0,6.77,2.43439039351852,0.0,2.5042057098329376,2.43439039351852,0.06981531631441751,-2.3645750772041025,1,1,0,0
678,678.0,6.78,2.448062731481482,0.0,2.517622051075373,2.448062731481482,0.06955931959389128,-2.3785034118875905,1,1,0,0
679,679.0,6.79,2.461735069444444,0.0,2.5300541661450744,2.461735069444444,0.06831909670063041,-2.3934159727438136,1,1,0,0
680,680.0,6.8,2.4754074074074057,0.0,2.543212367442817,2.4754074074074057,0.06780496003541137,-2.4076024473719944,1,1,0,0
681,681.0,6.81,2.489110300925928,0.0,2.5550222624386683,2.489110300925928,0.06591196151274037,-2.4231983394131875,1,1,0,0
682,682.0,6.82,2.5028131944444443,0.0,2.5667775430718756,2.5028131944444443,0.06396434862743128,-2.438848845817013,1,1,0,0
683,683.0,6.83,2.5165160879629602,0.0,2.578905264191867,2.5165160879629602,0.062389176228906607,-2.4541269117340536,1,1,0,0
684,684.0,6.84,2.5302189814814824,0.0,2.590940660144996,2.5302189814814824,0.06072167866351341,-2.469497302817969,1,1,0,0
685,685.0,6.85,2.5439218749999988,0.0,2.6033412063576025,2.5439218749999988,0.05941933135760369,-2.484502543642395,1,1,0,0
686,686.0,6.86,2.5576476851851866,0.0,2.6172557523912063,2.5576476851851866,0.059608067206019744,-2.498039617979167,1,1,0,0
687,687.0,6.87,2.5713734953703686,0.0,2.6303696544020942,2.5713734953703686,0.058996159031725615,-2.512377336338643,1,1,0,0
688,688.0,6.88,2.5850993055555564,0.0,2.645240637810928,2.5850993055555564,0.06014133225537144,-2.524957973300185,1,1,0,0
689,689.0,6.89,2.5988251157407443,0.0,2.6595442801887277,2.5988251157407443,0.06071916444798342,-2.538105951292761,1,1,0,0
690,690.0,6.9,2.6125509259259263,0.0,2.673861941451768,2.6125509259259263,0.06131101552584184,-2.5512399104000845,1,1,0,0
691,691.0,6.91,2.626292013888891,0.0,2.687189794593586,2.626292013888891,0.06089778070469487,-2.5653942331841963,1,1,0,0
692,692.0,6.92,2.6400331018518504,0.0,2.700386427291584,2.6400331018518504,0.060353325439733485,-2.579679776412117,1,1,0,0
693,693.0,6.93,2.6537741898148157,0.0,2.713369691059115,2.6537741898148157,0.05959550124429924,-2.5941786885705165,1,1,0,0
694,694.0,6.94,2.6675152777777806,0.0,2.727357300718441,2.6675152777777806,0.05984202294066021,-2.6076732548371204,1,1,0,0
695,695.0,6.95,2.6812563657407398,0.0,2.7418437283673613,2.6812563657407398,0.060587362626621566,-2.620669003114118,1,1,0,0
696,696.0,6.96,2.6950050925925932,0.0,2.7557369984256677,2.6950050925925932,0.06073190583307442,-2.634273186759519,1,1,0,0
697,697.0,6.97,2.7087538194444414,0.0,2.768779103120086,2.7087538194444414,0.06002528367564475,-2.6487285357687966,1,1,0,0
698,698.0,6.98,2.722502546296295,0.0,2.7847500057208125,2.722502546296295,0.062247459424517704,-2.660255086871777,1,1,0,0
699,699.0,6.99,2.7362512731481488,0.0,2.7984442851872617,2.7362512731481488,0.06219301203911298,-2.6740582611090358,1,1,0,0
700,700.0,7.0,2.750000000000002,0.0,2.8128470414606737,2.750000000000002,0.06284704146067144,-2.687152958539331,1,1,0,0
701,701.0,7.01,2.76374872685185,0.0,2.824977007180562,2.76374872685185,0.06122828032871208,-2.702520446523138,1,1,0,0
702,702.0,7.02,2.7774974537037034,0.0,2.838600701318863,2.7774974537037034,0.06110324761515962,-2.7163942060885438,1,1,0,0
703,703.0,7.03,2.7912461805555573,0.0,2.8529931435364713,2.7912461805555573,0.06174696298091398,-2.7294992175746433,1,1,0,0
704,704.0,7.04,2.8049949074074108,0.0,2.8685370469271585,2.8049949074074108,0.06354213951974774,-2.741452767887663,1,1,0,0
705,705.0,7.05,2.818743634259259,0.0,2.8823446864678024,2.818743634259259,0.06360105220854351,-2.7551425820507154,1,1,0,0
706,706.0,7.06,2.832484722222224,0.0,2.8938360298138117,2.832484722222224,0.06135130759158791,-2.771133414630636,1,1,0,0
707,707.0,7.07,2.8462258101851834,0.0,2.908222586279486,2.8462258101851834,0.061996776094302763,-2.7842290340908806,1,1,0,0
708,708.0,7.08,2.8599668981481483,0.0,2.9227076768330544,2.8599668981481483,0.06274077868490613,-2.797226119463242,1,1,0,0
709,709.0,7.09,2.873707986111113,0.0,2.9371656780082747,2.873707986111113,0.06345769189716144,-2.810250294213952,1,1,0,0
710,710.0,7.1,2.887449074074072,0.0,2.9504399818067912,2.887449074074072,0.06299090773271931,-2.8244581663413526,1,1,0,0
711,711.0,7.11,2.90117488425926,0.0,2.9610774818102232,2.90117488425926,0.059902597550963055,-2.841272286708297,1,1,0,0
712,712.0,7.12,2.914900694444442,0.0,2.974820672282515,2.914900694444442,0.05991997783807257,-2.8549807166063697,1,1,0,0
713,713.0,7.13,2.92862650462963,0.0,2.990011033818377,2.92862650462963,0.06138452918874693,-2.867241975440883,1,1,0,0
714,714.0,7.14,2.942352314814818,0.0,3.0037942156796227,2.942352314814818,0.06144190086480483,-2.880910413950013,1,1,0,0
715,715.0,7.15,2.956078125,0.0,3.016023431561996,2.956078125,0.05994530656199615,-2.8961328184380037,1,1,0,0
716,716.0,7.16,2.9697810185185163,0.0,3.0271490458538852,2.9697810185185163,0.05736802733536894,-2.9124129911831473,1,1,0,0
717,717.0,7.17,2.9834839120370384,0.0,3.0409155481209305,2.9834839120370384,0.05743163608389201,-2.9260522759531464,1,1,0,0
718,718.0,7.18,2.997186805555555,0.0,3.0547506661627084,2.997186805555555,0.05756386060715357,-2.9396229449484013,1,1,0,0
719,719.0,7.19,3.0108896990740766,0.0,3.067598632622571,3.0108896990740766,0.05670893354849449,-2.954180765525582,1,1,0,0
720,720.0,7.2,3.024592592592593,0.0,3.078755631045453,3.024592592592593,0.05416303845285997,-2.970429554139733,1,1,0,0
721,721.0,7.21,3.0382649305555547,0.0,3.0925101817254688,3.0382649305555547,0.05424525116991408,-2.9840196793856406,1,1,0,0
722,722.0,7.22,3.051937268518517,0.0,3.1066883189966075,3.051937268518517,0.05475105047809059,-2.9971862180404263,1,1,0,0
723,723.0,7.23,3.0656096064814844,0.0,3.12049388735441,3.0656096064814844,0.05488428087292574,-3.0107253256085587,1,1,0,0
724,724.0,7.24,3.0792819444444466,0.0,3.1337843112813135,3.0792819444444466,0.05450236683686693,-3.0247795776075797,1,1,0,0
725,725.0,7.25,3.0929542824074083,0.0,3.1481945993464686,3.0929542824074083,0.055240316939060286,-3.037713965468348,1,1,0,0
726,726.0,7.26,3.1065884259259273,0.0,3.161251776619364,3.1065884259259273,0.05466335069343664,-3.0519250752324907,1,1,0,0
727,727.0,7.27,3.1202225694444463,2.0029586431993796,3.17575486292989,1.1172639262450668,0.05553229348544386,-1.061731632759623,1,1,0,0
728,728.0,7.28,3.133856712962965,2.016535024257403,3.191077679981098,1.117321688705562,0.05722096701813317,-1.0601007216874287,1,1,0,0
729,729.0,7.29,3.1474908564814785,2.0299150892517903,3.2047613141447324,1.1175757672296882,0.05727045766325389,-1.0603053095664343,1,1,0,0
730,730.0,7.3,3.1611249999999975,2.0431445891372166,3.219120070263094,1.1179804108627809,0.05799507026309669,-1.0599853405996842,1,1,0,0
731,731.0,7.31,3.1747133101851848,2.0560863308196526,3.231997160282538,1.1186269793655321,0.05728385009735337,-1.0613431292681788,1,1,0,0
732,732.0,7.32,3.188301620370372,2.0689963511760827,3.246083572158095,1.1193052691942893,0.05778195178772316,-1.0615233174065661,1,1,0,0
733,733.0,7.33,3.2018899305555535,2.082574576713064,3.261713934162719,1.1193153538424894,0.059824003607165555,-1.0594913502353238,1,1,0,0
734,734.0,7.34,3.2154782407407407,2.095871386700768,3.276065948922855,1.1196068540399726,0.06058770818211423,-1.0590191458578584,1,1,0,0
735,735.0,7.35,3.229066550925928,2.1089579160107257,3.2897266284055293,1.1201086349152023,0.06066007747960134,-1.059448557435601,1,1,0,0
736,736.0,7.36,3.24260138888889,2.1214861292026,3.3016805977444776,1.1211152596862899,0.059079208855587595,-1.0620360508307023,1,1,0,0
737,737.0,7.37,3.2561362268518512,2.1343278514316406,3.3160729857677786,1.1218083754202106,0.059936758915927424,-1.0618716165042832,1,1,0,0
738,738.0,7.38,3.269671064814813,2.147961080158972,3.3303487063639756,1.121709984655841,0.060677641549162775,-1.0610323431066782,1,1,0,0
739,739.0,7.39,3.2832059027777802,2.1611844644742453,3.3442736270982545,1.122021438303535,0.06106772432047425,-1.0609537139830607,1,1,0,0
740,740.0,7.4,3.2967407407407414,2.1737638235951344,3.3583217773519007,1.122976917145607,0.06158103661115932,-1.0613958805344477,1,1,0,0
741,741.0,7.41,3.310214467592594,2.185908286010699,3.371569507885942,1.124306181581895,0.061355040293347596,-1.0629511412885475,1,1,0,0
742,742.0,7.42,3.3236881944444465,2.1980674842235635,3.3857692544830438,1.125620710220883,0.06208106003859726,-1.0635396501822858,1,1,0,0
743,743.0,7.43,3.337161921296294,2.21085207956963,3.399273589567589,1.126309841726664,0.062111668271294995,-1.064198173455369,1,1,0,0
744,744.0,7.44,3.3506356481481463,2.223186716344319,3.4135047843890183,1.1274489318038272,0.06286913624087198,-1.0645797955629552,1,1,0,0
745,745.0,7.45,3.364109374999999,2.2350775093092143,3.427600054148457,1.1290318656907847,0.06349067914845774,-1.065541186542327,1,1,0,0
746,746.0,7.46,3.377514351851849,2.2465486907973107,3.4406709388866363,1.1309656610545384,0.06315658703478721,-1.0678090740197512,1,1,0,0
747,747.0,7.47,3.390919328703704,2.2583179809037865,3.453969283024711,1.1326013477999175,0.06304995432100702,-1.0695513934789105,1,1,0,0
748,748.0,7.48,3.404324305555554,2.271028982684247,3.466308652062531,1.133295322871307,0.061984346506976706,-1.0713109763643303,1,1,0,0
749,749.0,7.49,3.4177292824074095,2.2832495459504893,3.4803387513303736,1.1344797364569201,0.06260946892296415,-1.071870267533956,1,1,0,0
750,750.0,7.5,3.4311342592592586,2.2950743207713304,3.4926596306679247,1.1360599384879282,0.061525371408666096,-1.074534567079262,1,1,0,0
751,751.0,7.51,3.4444628472222227,2.3063226741292815,3.505354579550539,1.1381401730929412,0.06089173232831646,-1.0772484407646248,1,1,0,0
752,752.0,7.52,3.457791435185186,2.317838530855428,3.517587620402123,1.1399529043297578,0.05979618521693686,-1.080156719112821,1,1,0,0
753,753.0,7.53,3.4711200231481496,2.3301929121472282,3.5308673559170725,1.1409271110009214,0.059747332768922856,-1.0811797782319985,1,1,0,0
754,754.0,7.54,3.4844486111111133,2.341827243494455,3.5449380846629857,1.1426213676166581,0.0604894735518724,-1.0821318940647857,1,1,0,0
755,755.0,7.55,3.497777199074071,2.3530027554891246,3.5575887579336483,1.1447744435849465,0.05981155885957712,-1.0849628847253694,1,1,0,0
756,756.0,7.56,3.5110217592592603,2.364216093814467,3.568770382923592,1.1468056654447931,0.057748623664331866,-1.0890570417804613,1,1,0,0
757,757.0,7.57,3.524266319444444,2.3759161284538206,3.5798355705436946,1.1483501909906235,0.05556925109925048,-1.092780939891373,1,1,0,0
758,758.0,7.58,3.537510879629627,2.3888438164200814,3.5947270823683666,1.1486670632095457,0.05721620273873951,-1.0914508604708062,1,1,0,0
759,759.0,7.59,3.5507554398148162,2.401060701436307,3.6088828474020294,1.1496947383785092,0.05812740758721313,-1.091567330791296,1,1,0,0
760,760.0,7.6,3.564,2.412603923829978,3.621625302923191,1.151396076170022,0.05762530292319079,-1.0937707732468311,1,1,0,0
761,761.0,7.61,3.57715289351852,2.4239240018114443,3.634304317354247,1.1532288917070757,0.05715142383572713,-1.0960774678713485,1,1,0,0
762,762.0,7.62,3.590305787037034,2.435881748872569,3.6470931651005474,1.154424038164465,0.056787378063513305,-1.0976366601009517,1,1,0,0
763,763.0,7.63,3.603458680555555,2.448787597577466,3.661955519592045,1.1546710829780888,0.058496839036489945,-1.096174243941599,1,1,0,0
764,764.0,7.64,3.616611574074075,2.4608668214924667,3.6753514923393267,1.1557447525816085,0.05873991826525149,-1.097004834316357,1,1,0,0
765,765.0,7.65,3.629764467592595,2.4727097349011435,3.6898831202102853,1.1570547326914515,0.06011865261769023,-1.0969360800737613,1,1,0,0
766,766.0,7.66,3.6428180555555585,2.484335018468829,3.7018895316710543,1.1584830370867296,0.05907147611549579,-1.0994115609712338,1,1,0,0
767,767.0,7.67,3.6558716435185206,2.496403765749258,3.715210803539358,1.1594678777692624,0.0593391600208375,-1.100128717748425,1,1,0,0
768,768.0,7.68,3.668925231481484,2.5091975797677852,3.7289243856336305,1.1597276517136987,0.05999915415214652,-1.0997284975615522,1,1,0,0
769,769.0,7.69,3.6819788194444465,2.5214782684257835,3.7429897367747516,1.160500551018663,0.06101091733030506,-1.099489633688358,1,1,0,0
770,770.0,7.7,3.6950324074074095,2.533720227157327,3.755579302085872,1.1613121802500825,0.060546894678462415,-1.1007652855716201,1,1,0,0
771,771.0,7.71,3.707979050925926,2.5456804916256828,3.766997970422861,1.1622985593002433,0.05901891949693505,-1.1032796398033082,1,1,0,0
772,772.0,7.72,3.720925694444442,2.558240684753232,3.781684936570039,1.1626850096912102,0.06075924212559691,-1.1019257675656133,1,1,0,0
773,773.0,7.73,3.733872337962965,2.571946769206005,3.795373569091061,1.1619255687569598,0.06150123112809602,-1.1004243376288638,1,1,0,0
774,774.0,7.74,3.7468189814814816,2.5852221583379382,3.809411384564883,1.1615968231435434,0.0625924030834013,-1.099004420060142,1,1,0,0
775,775.0,7.75,3.7597656249999987,2.598847737232744,3.8217528699661365,1.1609178877672548,0.06198724496613783,-1.098930642801117,1,1,0,0
776,776.0,7.76,3.7725976851851866,2.6120159140453643,3.8338387918249417,1.1605817711398223,0.06124110663975513,-1.0993406645000672,1,1,0,0
777,777.0,7.77,3.785429745370368,2.625786572789023,3.847731728772411,1.1596431725813447,0.06230198340204307,-1.0973411891793017,1,1,0,0
778,778.0,7.78,3.7982618055555557,2.640301772602028,3.8624727538554615,1.1579600329535276,0.06421094829990581,-1.0937490846536218,1,1,0,0
779,779.0,7.79,3.811093865740744,2.65421149604936,3.8765753433065484,1.1568823696913841,0.06548147756580436,-1.0914008921255798,1,1,0,0
780,780.0,7.8,3.8239259259259257,2.668491053567858,3.8887640264766796,1.1554348723580676,0.0648381005507539,-1.0905967718073137,1,1,0,0
781,781.0,7.81,3.83663576388889,2.68229004045286,3.9009958855214792,1.1543457234360304,0.06436012163258908,-1.0899856018034413,1,1,0,0
782,782.0,7.82,3.8493456018518546,2.6964788686988843,3.9153836930593724,1.1528667331529703,0.0660380912075178,-1.0868286419454525,1,1,0,0
783,783.0,7.83,3.8620554398148133,2.711086790801558,3.929376853473789,1.1509686490132554,0.0673214136589757,-1.0836472353542796,1,1,0,0
784,784.0,7.84,3.8747652777777777,2.725258342854127,3.941227425227179,1.1495069349236506,0.06646214744940115,-1.0830447874742495,1,1,0,0
785,785.0,7.85,3.887475115740742,2.7397551214487326,3.9532130920729602,1.1477199942920095,0.06573797633221812,-1.0819820179597914,1,1,0,0
786,786.0,7.86,3.9000550925925954,2.753932990770395,3.965593064416826,1.1461221018222005,0.06553797182423038,-1.0805841299979702,1,1,0,0
787,787.0,7.87,3.9126350694444425,2.7685869801307947,3.9780377315064945,1.1440480893136478,0.06540266206205203,-1.0786454272515957,1,1,0,0
788,788.0,7.88,3.925215046296295,2.7835825949690003,3.9909632322469952,1.1416324513272946,0.06574818595070031,-1.0758842653765943,1,1,0,0
789,789.0,7.89,3.9377950231481478,2.7982263057013883,4.002980976696304,1.1395687174467595,0.06518595354815648,-1.074382763898603,1,1,0,0
790,790.0,7.9,3.9503750000000006,2.8131695464382225,4.015524973923648,1.1372054535617782,0.06514997392364696,-1.0720554796381312,1,1,0,0
791,791.0,7.91,3.962817476851852,2.8277865333006433,4.0276554707215375,1.1350309435512087,0.06483799386968547,-1.0701929496815232,1,1,0,0
792,792.0,7.92,3.9752599537037043,2.8427804351335135,4.03980300116216,1.1324795185701908,0.06454304745845585,-1.067936471111735,1,1,0,0
793,793.0,7.93,3.9877024305555566,2.8578531480706286,4.050813582685206,1.129849282484928,0.06311115212964902,-1.066738130355279,1,1,0,0
794,794.0,7.94,4.000144907407409,2.8724374136334636,4.062942635868919,1.1277074937739457,0.06279772846150955,-1.0649097653124362,1,1,0,0
795,795.0,7.95,4.012587384259262,2.8872679757634248,4.076256811307122,1.125319408495837,0.06366942704786016,-1.0616499814479767,1,1,0,0
796,796.0,7.96,4.024884722222225,2.901798832995767,4.088492452579242,1.1230858892264584,0.06360773035701683,-1.0594781588694415,1,1,0,0
797,797.0,7.97,4.037182060185182,2.9164189077464036,4.101387215527239,1.1207631524387782,0.06420515534205684,-1.0565579970967214,1,1,0,0
798,798.0,7.98,4.049479398148145,2.9309992114009904,4.114843678324204,1.118480186747155,0.065364280176059,-1.053115906571096,1,1,0,0
799,799.0,7.99,4.061776736111108,2.945147919216185,4.127011507687784,1.1166288168949232,0.06523477157667568,-1.0513940453182475,1,1,0,0
800,800.0,8.0,4.074074074074072,2.959381495823042,4.140163891229456,1.1146925782510295,0.06608981715538409,-1.0486027610956454,1,1,0,0
801,801.0,8.01,4.086218634259257,2.9733221214770427,4.151691181387901,1.1128965127822146,0.06547254712864348,-1.047423965653571,1,1,0,0
802,802.0,8.02,4.098363194444443,2.987294371307643,4.163092742096101,1.1110688231367996,0.06472954765165806,-1.0463392754851415,1,1,0,0
803,803.0,8.03,4.110507754629628,3.0013521696454206,4.175794676971522,1.1091555849842076,0.06528692234189393,-1.0438686626423137,1,1,0,0
804,804.0,8.04,4.122652314814814,3.0150500614549816,4.1877475286823795,1.1076022533598322,0.06509521386756578,-1.0425070394922664,1,1,0,0
805,805.0,8.05,4.134796874999999,3.028950313085084,4.200057598615959,1.1058465619149151,0.06526072361595947,-1.0405858382989557,1,1,0,0
806,806.0,8.06,4.146781018518519,3.04276765347462,4.21186064598356,1.1040133650438988,0.0650796274650407,-1.038933737578858,1,1,0,0
807,807.0,8.07,4.158765162037038,3.0568671703220294,4.222926987976923,1.1018979917150085,0.06416182593988484,-1.0377361657751236,1,1,0,0
808,808.0,8.08,4.170749305555557,3.0712306175205875,4.235486042127012,1.0995186880349692,0.06473673657145529,-1.034781951463514,1,1,0,0
809,809.0,8.09,4.182733449074076,3.085554268293995,4.250067011369789,1.0971791807800813,0.06733356229571275,-1.0298456184843685,1,1,0,0
810,810.0,8.1,4.19471759259259,3.1003014081048703,4.2632998118468795,1.0944161844877196,0.06858221925428953,-1.02583396523343,1,1,0,0
811,811.0,8.11,4.206533680555554,3.115184920579945,4.275693118377291,1.0913487599756095,0.06915943782173617,-1.0221893221538734,1,1,0,0
812,812.0,8.12,4.218349768518519,3.130524902554032,4.287984713006681,1.0878248659644871,0.0696349444881621,-1.018189921476325,1,1,0,0
813,813.0,8.13,4.2301658564814835,3.1462038803003805,4.300005745176523,1.083961976181103,0.06983988869503932,-1.0141220874860637,1,1,0,0
814,814.0,8.14,4.241981944444448,3.1617830952514563,4.314124078649146,1.0801988491929917,0.0721421342046984,-1.0080567149882933,1,1,0,0
815,815.0,8.15,4.253798032407407,3.177816545957582,4.326491108153783,1.0759814864498254,0.07269307574637551,-1.0032884107034499,1,1,0,0
816,816.0,8.16,4.265438425925928,3.1939869582064975,4.339914790664117,1.0714514677194305,0.07447636473818875,-0.9969751029812417,1,1,0,0
817,817.0,8.17,4.277078819444443,3.210624056102084,4.351619844490417,1.0664547633423593,0.07454102504597326,-0.9919137382963861,1,1,0,0
818,818.0,8.18,4.288719212962964,3.2275893874356734,4.365200864050803,1.0611298255272907,0.076481651087839,-0.9846481744394517,1,1,0,0
819,819.0,8.19,4.3003596064814795,3.2444053498473466,4.379341787863677,1.055954256634133,0.07898218138219715,-0.9769720752519357,1,1,0,0
820,820.0,8.2,4.312000000000001,3.2613971333649103,4.391841465395541,1.0506028666350908,0.07984146539553993,-0.9707614012395509,1,1,0,0
821,821.0,8.21,4.323457060185183,3.278308373610276,4.401593894909302,1.0451486865749073,0.07813683472411892,-0.9670118518507884,1,1,0,0
822,822.0,8.22,4.334914120370374,3.2952748574423167,4.412779708103301,1.0396392629280569,0.07786558773292729,-0.9617736751951296,1,1,0,0
823,823.0,8.23,4.346371180555556,3.3122232923817125,4.427024919149916,1.0341478881738433,0.08065373859435976,-0.9534941495794835,1,1,0,0
824,824.0,8.24,4.357828240740739,3.3287758323673793,4.4386172778661015,1.0290524083733597,0.08078903712536256,-0.9482633712479971,1,1,0,0
825,825.0,8.25,4.369285300925928,3.3454775760727067,4.449171885128124,1.0238077248532216,0.07988658420219608,-0.9439211406510255,1,1,0,0
826,826.0,8.26,4.380551388888891,3.3618559526806826,4.459850484123714,1.0186954362082088,0.07929909523482248,-0.9393963409733863,1,1,0,0
827,827.0,8.27,4.391817476851848,3.377904372997236,4.472217219607959,1.0139131038546125,0.08039974275611073,-0.9335133610985018,1,1,0,0
828,828.0,8.28,4.4030835648148114,3.3934216760567204,4.4849433400077405,1.009661888758091,0.08185977519292909,-0.927802113565162,1,1,0,0
829,829.0,8.29,4.414349652777779,3.408430502890957,4.496601252526476,1.005919149886822,0.08225159974869722,-0.9236675501381248,1,1,0,0
830,830.0,8.3,4.425615740740742,3.423677549148849,4.508233305101892,1.001938191591893,0.08261756436114975,-0.9193206272307433,1,1,0,0
831,831.0,8.31,4.436683217592596,3.438812188737916,4.518773600816222,0.9978710288546799,0.08209038322362616,-0.9157806456310538,1,1,0,0
832,832.0,8.32,4.447750694444443,3.4536459761504155,4.531883974004756,0.9941047182940279,0.08413327956031225,-0.9099714387337157,1,1,0,0
833,833.0,8.33,4.458818171296297,3.46805080070411,4.542846475844633,0.9907673705921871,0.08402830454833587,-0.9067390660438512,1,1,0,0
834,834.0,8.34,4.469885648148151,3.4819223624249176,4.554063929406813,0.9879632857232332,0.08417828125866222,-0.903785004464571,1,1,0,0
835,835.0,8.35,4.480953124999997,3.4960377356554004,4.566678334943277,0.984915389344597,0.0857252099432797,-0.8991901794013173,1,1,0,0
836,836.0,8.36,4.491814351851854,3.5101324414452857,4.5768012268780405,0.9816819104065684,0.0849868750261864,-0.896695035380382,1,1,0,0
837,837.0,8.37,4.502675578703704,3.524345086012249,4.589582892307987,0.9783304926914544,0.08690731360428305,-0.8914231790871714,1,1,0,0
838,838.0,8.38,4.513536805555559,3.5381690472841356,4.60164030563034,0.9753677582714237,0.08810350007478096,-0.8872642581966428,1,1,0,0
839,839.0,8.39,4.524398032407409,3.5518448209953055,4.613126532442612,0.9725532114121034,0.08872850003520316,-0.8838247113769002,1,1,0,0
840,840.0,8.4,4.535259259259259,3.5659936257327858,4.626015789692404,0.9692656335264735,0.09075653043314436,-0.8785091030933292,1,1,0,0
841,841.0,8.41,4.545906597222223,3.580530909060443,4.636720094548185,0.9653756881617803,0.09081349732596156,-0.8745621908358188,1,1,0,0
842,842.0,8.42,4.556553935185187,3.595324790117422,4.648698420063116,0.9612291450677652,0.09214448487792914,-0.8690846601898361,1,1,0,0
843,843.0,8.43,4.56720127314815,3.6096911884049936,4.6598684571551,0.9575100847431566,0.09266718400694973,-0.8648429007362068,1,1,0,0
844,844.0,8.44,4.577848611111108,3.624061678184318,4.671488480354972,0.9537869329267901,0.09363986924386403,-0.860147063682926,1,1,0,0
845,845.0,8.45,4.588495949074072,3.6392533954093933,4.680549110432105,0.9492425536646785,0.09205316135803354,-0.8571893923066449,1,1,0,0
846,846.0,8.46,4.59892175925926,3.6548241161887396,4.6911525339667435,0.9440976430705201,0.09223077470748375,-0.8518668683630364,1,1,0,0
847,847.0,8.47,4.609347569444443,3.6711875374863863,4.702539889886482,0.938160031958057,0.0931923204420384,-0.8449677115160186,1,1,0,0
848,848.0,8.48,4.619773379629631,3.6883344201814965,4.714431996960263,0.9314389594481347,0.09465861733063186,-0.8367803421175029,1,1,0,0
849,849.0,8.49,4.630199189814815,3.705604655537609,4.725658749992455,0.9245945342772055,0.09545956017764023,-0.8291349740995653,1,1,0,0
850,850.0,8.5,4.640625000000003,3.723266576918148,4.738396716501511,0.9173584230818546,0.09777171650150862,-0.8195867065803459,1,1,0,0
851,851.0,8.51,4.650821643518516,3.741103070501791,4.749677807520975,0.9097185730167254,0.09885616400245834,-0.8108624090142671,1,1,0,0
852,852.0,8.52,4.661018287037035,3.759283087867261,4.761027351159222,0.9017351991697744,0.10000906412218669,-0.8017261350475877,1,1,0,0
853,853.0,8.53,4.671214930555555,3.7778837892397465,4.7723008685057495,0.8933311413158087,0.10108593795019427,-0.7922452033656144,1,1,0,0
854,854.0,8.54,4.681411574074073,3.796693859174503,4.783263646998602,0.8847177148995704,0.10185207292452869,-0.7828656419750417,1,1,0,0
855,855.0,8.55,4.691608217592593,3.816058064489971,4.794423952071059,0.8755501531026222,0.10281573447846615,-0.772734418624156,1,1,0,0
856,856.0,8.56,4.701568055555555,3.836687983038215,4.805227632451076,0.86488007251734,0.10365957689552108,-0.7612204956218189,1,1,0,0
857,857.0,8.57,4.711527893518515,3.85818363583643,4.816178591864213,0.8533442576820853,0.10465069834569718,-0.7486935593363881,1,1,0,0
858,858.0,8.58,4.721487731481483,3.879661477074361,4.82655160850653,0.8418262544071222,0.10506387702504671,-0.7367623773820755,1,1,0,0
859,859.0,8.59,4.731447569444444,3.9011643844255817,4.836862931085915,0.8302831850188621,0.10541536164147125,-0.7248678233773909,1,1,0,0
860,860.0,8.6,4.741407407407405,3.9227521810052286,4.847270723896924,0.8186552264021767,0.10586331648951841,-0.7127919099126583,1,1,0,0
861,861.0,8.61,4.751122800925925,3.9455129069074255,4.855834791487729,0.8056098940184997,0.10471199056180414,-0.7008979034566956,1,1,0,0
862,862.0,8.62,4.760838194444447,3.968442350328666,4.865683008100216,0.7923958441157808,0.10484481365576936,-0.6875510304600114,1,1,0,0
863,863.0,8.63,4.7705535879629615,3.991077831669128,4.87555652863361,0.7794757562938335,0.10500294067064875,-0.6744728156231847,1,1,0,0
864,864.0,8.64,4.780268981481481,4.0134656560077175,4.88619284586121,0.7668033254737638,0.10592386437972845,-0.6608794610940354,1,1,0,0
865,865.0,8.65,4.789984375000002,4.035849302330369,4.8967583830159835,0.7541350726696328,0.10677400801598136,-0.6473610646536514,1,1,0,0
866,866.0,8.66,4.7994476851851875,4.058732921044479,4.905596796873492,0.7407147641407086,0.10614911168830421,-0.6345656524524044,1,1,0,0
867,867.0,8.67,4.808910995370373,4.081539165541405,4.915896595608812,0.727371829828968,0.10698560023843928,-0.6203862295905287,1,1,0,0
868,868.0,8.68,4.818374305555553,4.104447304220037,4.92557389804764,0.7139270013355157,0.10719959249208699,-0.6067274088434287,1,1,0,0
869,869.0,8.69,4.827837615740738,4.126727860602981,4.937084374501039,0.7011097551377574,0.10924675876030054,-0.5918629963774569,1,1,0,0
870,870.0,8.7,4.83730092592593,4.148513846254434,4.946880315093414,0.6887870796714957,0.10957938916748411,-0.5792076905040116,1,1,0,0
871,871.0,8.71,4.846504513888891,4.1707119488517685,4.955585548550761,0.6757925650371224,0.10908103466187047,-0.5667115303752519,1,1,0,0
872,872.0,8.72,4.855708101851853,4.192803908499837,4.966388464418147,0.6629041933520163,0.11068036256629377,-0.5522238307857226,1,1,0,0
873,873.0,8.73,4.864911689814814,4.215093911587447,4.977449643258998,0.6498177782273675,0.11253795344418371,-0.5372798247831838,1,1,0,0
874,874.0,8.74,4.8741152777777765,4.236811042857405,4.988344779812185,0.6373042349203715,0.11422950203440863,-0.5230747328859628,1,1,0,0
875,875.0,8.75,4.883318865740739,4.257863218358592,4.9973969743999955,0.6254556473821467,0.11407810865925683,-0.5113775387228898,1,1,0,0
876,876.0,8.76,4.892255092592594,4.279642071044431,5.006162907621207,0.6126130215481629,0.11390781502861369,-0.4987052065195492,1,1,0,0
877,877.0,8.77,4.901191319444443,4.301364783139257,5.018149482409286,0.5998265363051862,0.11695816296484285,-0.4828683733403434,1,1,0,0
878,878.0,8.78,4.910127546296298,4.322927834748904,5.0274513562067416,0.5871997115473944,0.11732380991044344,-0.4698759016369509,1,1,0,0
879,879.0,8.79,4.919063773148148,4.3436129132107455,5.037717592759218,0.5754508599374022,0.11865381961107069,-0.4567970403263315,1,1,0,0
880,880.0,8.8,4.928000000000003,4.36386330177239,5.047065684200478,0.564136698227613,0.11906568420047581,-0.4450710140271372,1,1,0,0
881,881.0,8.81,4.93666122685185,4.3850613739738575,5.055987481074362,0.5515998528779926,0.11932625422251153,-0.4322735986554811,1,1,0,0
882,882.0,8.82,4.945322453703705,4.4060905179854934,5.066198987945615,0.5392319357182114,0.12087653424191025,-0.4183554014763011,1,1,0,0
883,883.0,8.83,4.953983680555553,4.426129881690144,5.0755082985884545,0.5278537988654088,0.12152461803290127,-0.4063291808325076,1,1,0,0
884,884.0,8.84,4.962644907407408,4.445327396536351,5.0838177218007505,0.5173175108710568,0.1211728143933426,-0.3961446964777142,1,1,0,0
885,885.0,8.85,4.971306134259256,4.4643684921907125,5.091834895073215,0.5069376420685439,0.12052876081395869,-0.38640888125458517,1,1,0,0
886,886.0,8.86,4.979684722222221,4.484393843547463,5.100037757859569,0.4952908786747585,0.1203530356373479,-0.3749378430374106,1,1,0,0
887,887.0,8.87,4.988063310185186,4.504191688849739,5.110648813817182,0.4838716213354477,0.12258550363199561,-0.3612861177034521,1,1,0,0
888,888.0,8.88,4.996441898148151,4.52267473279422,5.120792789029819,0.47376716535393104,0.12435089088166773,-0.3494162744722633,1,1,0,0
889,889.0,8.89,5.00482048611111,4.540606937223371,5.130745797494979,0.4642135488877388,0.12592531138386853,-0.33828823750387027,1,1,0,0
890,890.0,8.9,5.013199074074074,4.55842787664668,5.1397890539771485,0.45477119742739447,0.1265899799030743,-0.32818121752432017,1,1,0,0
891,891.0,8.91,5.021287384259261,4.577180499507864,5.148032213561406,0.44410688475139715,0.1267448293021447,-0.31736205544925244,1,1,0,0
892,892.0,8.92,5.029375694444442,4.595684663318792,5.156896309293567,0.4336910311256501,0.12752061484912502,-0.3061704162765251,1,1,0,0
893,893.0,8.93,5.037464004629629,4.612931331916717,5.166254814629386,0.4245326727129122,0.12879080999975656,-0.2957418627131556,1,1,0,0
894,894.0,8.94,5.045552314814816,4.629742300090759,5.1743121921595865,0.4158100147240571,0.12875987734477068,-0.2870501373792864,1,1,0,0
895,895.0,8.95,5.0536406250000026,4.6464742888773785,5.181181372325593,0.4071663361226241,0.1275407473255905,-0.2796255887970336,1,1,0,0
896,896.0,8.96,5.061431018518516,4.66400901252571,5.188319400913192,0.39742200599280597,0.12688838239467604,-0.27053362359812994,1,1,0,0
897,897.0,8.97,5.069221412037036,4.6813115811594415,5.1966337375826255,0.3879098308775948,0.12741232554558923,-0.26049750533200555,1,1,0,0
898,898.0,8.98,5.077011805555556,4.697437319476294,5.204642190899074,0.37957448607926203,0.1276303853435179,-0.25194410073574414,1,1,0,0
899,899.0,8.99,5.084802199074076,4.713138288776395,5.212902701331256,0.37166391029768153,0.12810050225717973,-0.2435634080405018,1,1,0,0
900,900.0,9.0,5.092592592592591,4.728816437966448,5.220567188400234,0.36377615462614266,0.12797459580764325,-0.2358015588184994,1,1,0,0
901,901.0,9.01,5.100077430555555,4.7451193331098755,5.228507128586296,0.35495809744567985,0.12842969803074045,-0.2265283994149394,1,1,0,0
902,902.0,9.02,5.10756226851852,4.761262555992575,5.237294528567964,0.34629971252594505,0.12973226004944394,-0.2165674524765011,1,1,0,0
903,903.0,9.03,5.115047106481479,4.776311899763624,5.244889617573155,0.33873520671785506,0.12984251109167566,-0.2088926956261794,1,1,0,0
904,904.0,9.04,5.122531944444444,4.790958169989245,5.255323884221383,0.3315737744551992,0.13279193977693904,-0.19878183467826016,1,1,0,0
905,905.0,9.05,5.1300167824074085,4.8056197187362395,5.262636802199182,0.32439706367116905,0.13262001979177374,-0.19177704387939531,1,1,0,0
906,906.0,9.06,5.137188425925924,4.820779536902632,5.2716731447440575,0.31640888902329234,0.1344847188181335,-0.18192417020515883,1,1,0,0
907,907.0,9.07,5.144360069444445,4.835834623211169,5.279065734784874,0.3085254462332756,0.13470566534042927,-0.17381978089284633,1,1,0,0
908,908.0,9.08,5.15153171296296,4.849892664930715,5.28719438709152,0.3016390480322455,0.13566267412856003,-0.16597637390368547,1,1,0,0
909,909.0,9.09,5.158703356481481,4.863539634704953,5.296613160854972,0.29516372177652794,0.13790980437349099,-0.15725391740303696,1,1,0,0
910,910.0,9.1,5.1658750000000015,4.877245079850978,5.30565951618858,0.2886299201490239,0.13978451618857868,-0.1488454039604452,1,1,0,0
911,911.0,9.11,5.1727258101851845,4.891366910805644,5.313735532729512,0.2813588993795406,0.14100972254432786,-0.14034917683521275,1,1,0,0
912,912.0,9.12,5.179576620370373,4.905416295323696,5.321050836246124,0.27416032504667687,0.1414742158757516,-0.13268610917092527,1,1,0,0
913,913.0,9.13,5.186427430555555,4.918548792176378,5.3295282986474355,0.2678786383791767,0.1431008680918806,-0.12477777028729609,1,1,0,0
914,914.0,9.14,5.193278240740744,4.931277957878244,5.337824673188052,0.2620002828625001,0.14454643244730825,-0.11745385041519185,1,1,0,0
915,915.0,9.15,5.200129050925926,4.944088705838722,5.345584878509177,0.25604034508720375,0.14545582758325093,-0.11058451750395282,1,1,0,0
916,916.0,9.16,5.206651388888888,4.957266608059836,5.352926997412494,0.24938478082905213,0.14627560852360588,-0.10310917230544625,1,1,0,0
917,917.0,9.17,5.213173726851849,4.970383330792363,5.3603096226001,0.24279039605948594,0.14713589574825114,-0.09565450031123479,1,0,0,1
918,918.0,9.18,5.219696064814817,4.982667975860181,5.368051194279617,0.23702808895463612,0.14835512946479934,-0.08867295948983678,1,0,0,1
919,919.0,9.19,5.226218402777779,4.994585824786733,5.376571924370433,0.23163257799104642,0.15035352159265347,-0.08127905639839295,1,0,0,1
920,920.0,9.2,5.2327407407407405,5.006578378178343,5.383374764618782,0.2261623625623974,0.15063402387804192,-0.07552833868435549,1,0,0,1
921,921.0,9.21,5.238926967592592,5.018889457287249,5.389037317320835,0.22003751030534335,0.15011034972824255,-0.0699271605771008,1,0,0,1
922,922.0,9.22,5.2451131944444445,5.031132148977434,5.395132781163701,0.21398104546701013,0.15001958671925664,-0.0639614587477535,1,0,0,1
923,923.0,9.23,5.251299421296296,5.042635982055209,5.402637357581884,0.20866343924108666,0.15133793628558756,-0.0573255029554991,1,0,0,1
924,924.0,9.24,5.257485648148148,5.053831544959099,5.408690830424224,0.20365410318904864,0.15120518227607604,-0.052448920912972596,1,0,0,1
925,925.0,9.25,5.263671875,5.065076446779328,5.4153740954975,0.19859542822067233,0.1517022204974996,-0.046893207723172736,1,0,0,1
926,926.0,9.26,5.2695143518518535,5.0765834619758765,5.422475813905758,0.19293088987597695,0.15296146205390482,-0.039969427822072134,1,0,0,1
927,927.0,9.27,5.275356828703702,5.088028445587567,5.4294935827347075,0.1873283831161343,0.1541367540310059,-0.033191629085128405,1,0,0,1
928,928.0,9.28,5.281199305555555,5.098785585821879,5.435219152699779,0.1824137197336757,0.154019847144224,-0.028393872589451696,1,0,0,1
929,929.0,9.29,5.287041782407409,5.109288507449093,5.441928530497717,0.1777532749583166,0.15488674809030734,-0.022866526868009274,1,0,0,1
930,930.0,9.3,5.292884259259263,5.119821978648652,5.448159756498686,0.17306228061061102,0.15527549723942347,-0.017786783371187553,1,0,0,1
931,931.0,9.31,5.2983753472222235,5.130580941231749,5.453129733603584,0.1677944059904748,0.1547543863813603,-0.013040019609114495,1,0,0,1
932,932.0,9.32,5.303866435185185,5.1412796533686835,5.457474311042222,0.16258678181650144,0.15360787585703672,-0.008978905959464711,1,0,0,1
933,933.0,9.33,5.309357523148146,5.151310891125636,5.464511186686859,0.15804663202250957,0.15515366353871318,-0.0028929684837963876,1,0,0,1
934,934.0,9.34,5.314848611111113,5.1611119323883115,5.471546035056351,0.15373667872280183,0.15669742394523745,0.0029607452224356123,1,0,0,1
935,935.0,9.35,5.320339699074074,5.170925885688067,5.476463489839104,0.14941381338600657,0.15612379076503036,0.00670997737902379,1,0,0,1
936,936.0,9.36,5.325471759259259,5.180943758821403,5.481490820125017,0.14452800043785619,0.15601906086575745,0.011491060427901267,1,0,0,1
937,937.0,9.37,5.330603819444446,5.190950694271103,5.486856492556714,0.13965312517334283,0.15625267311226843,0.016599547938925596,1,0,0,1
938,938.0,9.38,5.335735879629631,5.200344487229558,5.493521800307665,0.1353913924000727,0.15778592067803388,0.02239452827796118,1,0,0,1
939,939.0,9.39,5.3408679398148164,5.209511144069428,5.500320027344439,0.13135679574538806,0.1594520875296226,0.028095291784234533,1,0,0,1
940,940.0,9.4,5.346000000000003,5.21869269689174,5.5050551186771015,0.127307303108263,0.15905511867709876,0.03174781556883577,1,0,0,1
941,941.0,9.41,5.350765393518518,5.228046874945803,5.510396520683981,0.12271851857271532,0.15963112716546313,0.03691260859274781,1,0,0,1
942,942.0,9.42,5.355530787037034,5.237459377470738,5.514627149360624,0.11807140956629603,0.1590963623235906,0.041024952757294564,1,0,0,1
943,943.0,9.43,5.360296180555556,5.246266937637552,5.520971427513401,0.11402924291800431,0.16067524695784474,0.04664600403984043,1,0,0,1
944,944.0,9.44,5.365061574074073,5.254841347738735,5.52644011717966,0.11022022633533801,0.1613785431055872,0.05115831677024918,1,0,0,1
945,945.0,9.45,5.369826967592593,5.263441303442662,5.531438127519951,0.106385664149931,0.1616111599273573,0.0552254957774263,1,0,0,1
946,946.0,9.46,5.374218055555557,5.272192187721309,5.53723025809639,0.10202586783424827,0.16301220254083226,0.06098633470658399,1,0,0,1
947,947.0,9.47,5.378609143518521,5.281070101020982,5.5438525979164,0.0975390424975382,0.16524345439787957,0.06770441190034138,1,0,0,1
948,948.0,9.48,5.383000231481483,5.289362258422775,5.55166457653633,0.09363797305870758,0.1686643450548475,0.07502637199613993,1,0,0,1
949,949.0,9.49,5.387391319444447,5.297403410215713,5.55675447702714,0.0899879092287339,0.16936315758269327,0.07937524835395937,1,0,0,1
950,950.0,9.5,5.391782407407405,5.305479019625607,5.562093053200045,0.0863033877817978,0.17031064579264044,0.08400725801084263,1,0,0,1
951,951.0,9.51,5.395791550925926,5.313694517805155,5.567678677402647,0.0820970331207711,0.17188712647672055,0.08979009335594945,1,0,0,1
952,952.0,9.52,5.399800694444442,5.32208243497322,5.572417129713951,0.07771825947122224,0.17261643526950898,0.09489817579828674,1,0,0,1
953,953.0,9.53,5.403809837962965,5.329907590793501,5.5758893255782365,0.07390224716946392,0.1720794876152718,0.09817724044580789,1,0,0,1
954,954.0,9.54,5.407818981481481,5.337471357609203,5.5800740279391485,0.07034762387227733,0.17225504645766776,0.10190742258539043,1,0,1,0
955,955.0,9.55,5.411828125000003,5.345082378924684,5.586349753762505,0.06674574607531891,0.174521628762502,0.10777588268718308,1,0,1,0
956,956.0,9.56,5.4154476851851845,5.352805201465044,5.59222974323796,0.0626424837201407,0.17678205805277525,0.11413957433263455,1,0,1,0
957,957.0,9.57,5.41906724537037,5.360705952767282,5.596557815520647,0.05836129260308809,0.17749057015027692,0.11912927754718883,1,0,1,0
958,958.0,9.58,5.422686805555557,5.3680701509032,5.6005862444786025,0.05461665465235743,0.1778994389230455,0.12328278427068806,1,0,1,0
959,959.0,9.59,5.426306365740743,5.375184772576773,5.604113393393734,0.05112159316396969,0.1778070276529915,0.1266854344890218,1,0,1,0
960,960.0,9.6,5.429925925925924,5.382337328034814,5.608945780951677,0.04758859789111014,0.17901985502575268,0.13143125713464254,1,0,1,0
961,961.0,9.61,5.433148263888887,5.389588533507827,5.6122667535067965,0.04355973038105976,0.17911848961790966,0.1355587592368499,1,0,1,0
962,962.0,9.62,5.436370601851855,5.39701217030032,5.6163051656714496,0.039358431551534956,0.17993456381959483,0.14057613226805987,1,0,1,0
963,963.0,9.63,5.439592939814816,5.403924421802433,5.620028744113422,0.035668518012383466,0.18043580429860562,0.14476728628622215,1,0,1,0
964,964.0,9.64,5.442815277777779,5.4105955754154635,5.624721553260178,0.03221970236231542,0.18190627548239924,0.14968657312008382,1,0,1,0
965,965.0,9.65,5.4460376157407415,5.417301355710176,5.629892508181175,0.028736260030565397,0.18385489244043374,0.15511863240986834,1,0,1,0
966,966.0,9.66,5.4488550925925905,5.424084077988459,5.633952876755565,0.024771014604131558,0.1850977841629744,0.16032676955884284,1,0,1,0
967,967.0,9.67,5.451672569444446,5.4310410002914775,5.637863436771803,0.020631569152968154,0.18619086732735735,0.1655592981743892,1,0,1,0
968,968.0,9.68,5.4544900462962955,5.437508395258308,5.641579545642927,0.016981651037987433,0.18708949934663188,0.17010784830864445,1,0,1,0
969,969.0,9.69,5.457307523148145,5.443725646394866,5.644401038702069,0.013581876753279154,0.18709351555392395,0.1735116388006448,1,0,1,0
970,970.0,9.7,5.4601250000000014,5.44994680606088,5.648378643475878,0.01017819393912145,0.1882536434758766,0.17807544953675514,1,0,1,0
971,971.0,9.71,5.4625299768518545,5.456226637557879,5.652423381965618,0.006303339293975085,0.1898934051137635,0.18359006581978843,1,0,1,0
972,972.0,9.72,5.464934953703703,5.462683657871378,5.6554485826351915,0.0022512958323250842,0.19051362893148838,0.1882623330991633,1,0,1,0
973,973.0,9.73,5.467339930555557,5.468669989516224,5.659140177193037,0.0013300589606668467,0.19180024663747997,0.19047018767681312,1,0,1,0
974,974.0,9.74,5.469744907407405,5.474409260702428,5.661106549966517,0.00466435329502346,0.19136164255911225,0.1866972892640888,1,0,1,0
975,975.0,9.75,5.4721498842592595,5.480167308304459,5.664479254184512,0.008017424045199562,0.19232936992525218,0.18431194588005262,1,0,1,0
976,976.0,9.76,5.474134722222224,5.485964141133875,5.667894705420694,0.011829418911651679,0.1937599831984702,0.18193056428681853,1,0,1,0
977,977.0,9.77,5.476119560185188,5.491940812842385,5.669914934978332,0.01582125265719725,0.19379537479314468,0.17797412213594743,1,0,1,0
978,978.0,9.78,5.478104398148146,5.497480110080767,5.673073147480163,0.019375711932621442,0.19496874933201713,0.1755930373993957,1,0,1,0
979,979.0,9.79,5.48008923611111,5.502767929222842,5.674788334230502,0.02267869311173243,0.19469909811939257,0.17202040500766014,1,0,1,0
980,980.0,9.8,5.482074074074074,5.508088178894095,5.67800054344904,0.02601410482002109,0.1959264693749665,0.1699123645549454,1,0,1,0
981,981.0,9.81,5.48363113425926,5.513426896179383,5.679679348980737,0.029795761920123454,0.19604821472147727,0.1662524528013538,1,0,1,0
982,982.0,9.82,5.485188194444445,5.51895345515754,5.680771931595743,0.03376526071309449,0.1955837371512974,0.1618184764382029,1,0,1,0
983,983.0,9.83,5.48674525462963,5.52405585122951,5.683139808410933,0.03731059659987945,0.19639455378130233,0.15908395718142287,1,0,1,0
984,984.0,9.84,5.488302314814816,5.528920201805144,5.687186130169638,0.04061788699032842,0.19888381535482225,0.15826592836449382,1,0,1,0
985,985.0,9.85,5.489859375000002,5.533829803183181,5.690351207069385,0.04397042818317942,0.2004918320693836,0.15652140388620417,1,0,1,0
986,986.0,9.86,5.490981018518521,5.53875645326644,5.690533942961564,0.04777543474791912,0.19955292444304362,0.1517774896951245,1,0,1,0
987,987.0,9.87,5.492102662037039,5.543870866336014,5.69285867717803,0.05176820429897511,0.20075601514099173,0.14898781084201662,1,0,1,0
988,988.0,9.88,5.4932243055555565,5.548566672483716,5.696043392361139,0.055342366928159414,0.20281908680558214,0.14747671987742272,1,0,1,0
989,989.0,9.89,5.4943459490740745,5.553039504356149,5.69783489688553,0.05869355528207443,0.2034889478114552,0.14479539252938078,1,0,1,0
990,990.0,9.9,5.495467592592593,5.557548252651005,5.697692473157098,0.0620806600584114,0.20222488056450505,0.14014422050609365,1,0,1,0
991,991.0,9.91,5.496146180555556,5.562062702928948,5.698619533346425,0.06591652237339218,0.20247335279086887,0.13655683041747668,1,0,1,0
992,992.0,9.92,5.496824768518519,5.5667642496308405,5.701929774158213,0.06993948111232129,0.2051050056396937,0.1351655245273724,1,0,1,0
993,993.0,9.93,5.497503356481482,5.571051735845101,5.703609980827774,0.07354837936361935,0.20610662434629212,0.13255824498267277,1,0,1,0
994,994.0,9.94,5.498181944444444,5.57513231120881,5.704946719257382,0.07695036676436562,0.20676477481293798,0.12981440804857236,1,0,1,0
995,995.0,9.95,5.498860532407407,5.5792417370135885,5.70613032401127,0.08038120460618181,0.2072697916038635,0.12688858699768168,1,0,1,0
996,996.0,9.96,5.499088425925925,5.583346776906906,5.707790394471218,0.08425835098098045,0.20870196854529244,0.12444361756431199,1,0,1,0
997,997.0,9.97,5.499316319444444,5.587632262888231,5.710304723432161,0.08831594344378768,0.21098840398771745,0.12267246054392977,1,0,1,0
998,998.0,9.98,5.499544212962962,5.591506809329559,5.711836107925485,0.09196259636659665,0.2122918949625232,0.12032929859592656,1,0,1,0
999,999.0,9.99,5.49977210648148,5.595183620624831,5.713147172253758,0.09541151414335136,0.21337506577227838,0.11796355162892702,1,0,1,0
1000,1000.0,10.0,5.499999999999999,5.598893356155792,5.713684549374544,0.0988933561557932,0.21368454937454473,0.11479119321875153,1,0,1,0
1001,1001.0,10.01,5.499999999999999,5.602589524830023,5.716218993154293,0.10258952483002393,0.2162189931542935,0.11362946832426957,1,0,1,0
1002,1002.0,10.02,5.499999999999999,5.606450218059189,5.718616054939132,0.10645021805918997,0.21861605493913316,0.11216583687994319,1,0,1,0
1003,1003.0,10.03,5.499999999999999,5.60991367474037,5.719489277213336,0.10991367474037084,0.219489277213337,0.10957560247296616,1,0,1,0
1004,1004.0,10.04,5.499999999999999,5.613194461176583,5.7203756315411525,0.11319446117658405,0.22037563154115336,0.10718117036456931,1,0,1,0
1005,1005.0,10.05,5.499999999999999,5.616502879891941,5.72103742050735,0.11650287989194208,0.22103742050735065,0.10453454061540857,1,0,1,0
1006,1006.0,10.06,5.499999999999999,5.6198002944651195,5.723275910583302,0.11980029446512042,0.2232759105833031,0.10347561611818268,1,0,1,0
1007,1007.0,10.07,5.499999999999999,5.623254867701551,5.724896101483225,0.1232548677015517,0.22489610148322559,0.10164123378167389,1,0,1,0
1008,1008.0,10.08,5.499999999999999,5.62633078571091,5.726733897388791,0.12633078571091083,0.22673389738879202,0.10040311167788118,1,0,1,0
1009,1009.0,10.09,5.499999999999999,5.629239991128998,5.72733660403402,0.12923999112899853,0.22733660403402123,0.0980966129050227,1,0,0,1
1010,1010.0,10.1,5.499999999999999,5.6321728139400875,5.72809841050669,0.1321728139400884,0.228098410506691,0.0959255965666026,1,0,0,1
1011,1011.0,10.11,5.499999999999999,5.635099959728363,5.728198056274193,0.13509995972836375,0.2281980562741941,0.09309809654583034,1,0,0,1
1012,1012.0,10.12,5.499999999999999,5.638186858135769,5.728621050378547,0.1381868581357697,0.22862105037854796,0.09043419224277827,1,0,0,1
1013,1013.0,10.13,5.499999999999999,5.640914769692158,5.728114425469305,0.14091476969215933,0.22811442546930571,0.08719965577714639,1,0,0,1
1014,1014.0,10.14,5.499999999999999,5.643490196650186,5.72785234898093,0.1434901966501867,0.22785234898093076,0.08436215233074407,1,0,0,1
1015,1015.0,10.15,5.499999999999999,5.646094238190941,5.728762607011726,0.14609423819094225,0.2287626070117268,0.08266836882078454,1,0,0,1
1016,1016.0,10.16,5.499999999999999,5.648685003898881,5.729043740770367,0.14868500389888162,0.2290437407703676,0.08035873687148598,1,0,0,1
1017,1017.0,10.17,5.499999999999999,5.651443150889294,5.730049000253616,0.15144315088929527,0.23004900025361685,0.07860584936432158,1,0,0,1
1018,1018.0,10.18,5.499999999999999,5.65386784318138,5.729117965112102,0.1538678431813807,0.2291179651121027,0.075250121930722,1,0,0,1
1019,1019.0,10.19,5.499999999999999,5.656158108237851,5.727759624575724,0.15615810823785203,0.22775962457572518,0.07160151633787315,1,0,0,1
1020,1020.0,10.2,5.499999999999999,5.658479645640287,5.727870658239274,0.15847964564028771,0.22787065823927488,0.06939101259898717,1,0,0,1
1021,1021.0,10.21,5.499999999999999,5.660767413579859,5.728533179127541,0.16076741357986002,0.22853317912754179,0.06776576554768177,1,0,0,1
1022,1022.0,10.22,5.499999999999999,5.663229761831989,5.7292190236385885,0.16322976183198978,0.22921902363858937,0.06598926180659959,1,0,0,1
1023,1023.0,10.23,5.499999999999999,5.66538582357521,5.7278064958847485,0.16538582357521125,0.22780649588474944,0.06242067230953818,1,0,0,1
1024,1024.0,10.24,5.499999999999999,5.667415806861906,5.727703968875323,0.16741580686190716,0.22770396887532396,0.0602881620134168,1,0,0,1
1025,1025.0,10.25,5.499999999999999,5.669479165542679,5.728161715231488,0.16947916554267994,0.2281617152314892,0.05868254968880926,1,0,0,1
1026,1026.0,10.26,5.499999999999999,5.671496496145153,5.727985815823947,0.17149649614515372,0.22798581582394828,0.05648931967879456,1,0,0,1
1027,1027.0,10.27,5.499999999999999,5.673692214761506,5.725719454042307,0.1736922147615072,0.22571945404230753,0.05202723928080033,1,0,0,1
1028,1028.0,10.28,5.499999999999999,5.675600575731956,5.724656846980751,0.17560057573195653,0.22465684698075172,0.04905627124879519,1,0,0,1
1029,1029.0,10.29,5.499999999999999,5.677387653827488,5.7258452692926385,0.17738765382748856,0.22584526929263937,0.048457615465150816,1,0,0,1
1030,1030.0,10.3,5.499999999999999,5.679210985573062,5.725864802558743,0.1792109855730626,0.22586480255874353,0.04665381698568094,1,0,0,1
1031,1031.0,10.31,5.499999999999999,5.68099400777492,5.72544228963141,0.18099400777492125,0.22544228963141055,0.0444482818564893,1,0,0,1
1032,1032.0,10.32,5.499999999999999,5.682952813665662,5.72523021806087,0.18295281366566307,0.2252302180608705,0.04227740439520744,1,0,0,1
1033,1033.0,10.33,5.499999999999999,5.684634520659593,5.725833610314685,0.18463452065959363,0.22583361031468563,0.041199089655092,1,0,0,1
1034,1034.0,10.34,5.499999999999999,5.686207103428232,5.727320115647363,0.18620710342823266,0.22732011564736432,0.04111301221913166,1,0,0,1
1035,1035.0,10.35,5.499999999999999,5.68781503738277,5.727302572974682,0.18781503738277117,0.2273025729746827,0.03948753559191154,1,0,0,1
1036,1036.0,10.36,5.499999999999999,5.689392102577647,5.727765948359834,0.1893921025776475,0.22776594835983488,0.03837384578218739,1,0,0,1
1037,1037.0,10.37,5.499999999999999,5.691137122395477,5.72742515730237,0.1911371223954781,0.22742515730237045,0.036288034906892364,1,0,0,1
1038,1038.0,10.38,5.499999999999999,5.692626261005811,5.728799095817174,0.19262626100581226,0.22879909581717506,0.0361728348113628,1,0,0,1
1039,1039.0,10.39,5.499999999999999,5.694012556126916,5.730752702467566,0.1940125561269168,0.23075270246756663,0.036740146340649815,1,0,0,1
1040,1040.0,10.4,5.499999999999999,5.69543358808183,5.731218743632104,0.19543358808183076,0.23121874363210448,0.03578515555027373,1,0,0,1
1041,1041.0,10.41,5.499999999999999,5.696834572522706,5.732850739875704,0.19683457252270653,0.2328507398757047,0.036016167352998174,1,0,0,1
1042,1042.0,10.42,5.499999999999999,5.698398464358107,5.733201932680328,0.1983984643581076,0.23320193268032874,0.03480346832222114,1,0,0,1
1043,1043.0,10.43,5.499999999999999,5.699720208345119,5.734879866459271,0.19972020834511994,0.23487986645927172,0.03515965811415178,1,0,0,1
1044,1044.0,10.44,5.499999999999999,5.700941974889593,5.733705182600649,0.2009419748895942,0.23370518260064976,0.032763207711055564,1,0,0,1
1045,1045.0,10.45,5.499999999999999,5.702200177759144,5.733193557887099,0.20220017775914467,0.23319355788710006,0.030993380127955383,1,0,0,1
1046,1046.0,10.46,5.499999999999999,5.7034411758208305,5.733393915563796,0.20344117582083143,0.23339391556379674,0.029952739742965306,1,0,0,1
1047,1047.0,10.47,5.499999999999999,5.704837986344991,5.733694433663634,0.20483798634499184,0.23369443366363463,0.028856447318642786,1,0,0,1
1048,1048.0,10.48,5.499999999999999,5.706005626309497,5.733642656586731,0.2060056263094978,0.23364265658673222,0.02763703027723441,1,0,0,1
1049,1049.0,10.49,5.499999999999999,5.707079513048351,5.733498436541824,0.2070795130483516,0.2334984365418249,0.0264189234934733,1,0,0,1
1050,1050.0,10.5,5.499999999999999,5.708194565116965,5.732695890403209,0.20819456511696632,0.23269589040320948,0.02450132528624316,1,0,0,1
1051,1051.0,10.51,5.499999999999999,5.7092965619470375,5.7300608420195625,0.20929656194703838,0.23006084201956334,0.020764280072524954,1,0,0,1
1052,1052.0,10.52,5.499999999999999,5.710545181001397,5.729898230651262,0.21054518100139763,0.2298982306512629,0.019353049649865284,1,0,0,1
1053,1053.0,10.53,5.499999999999999,5.711578154160695,5.7300530611406915,0.21157815416069603,0.23005306114069235,0.01847490697999632,1,0,0,1
1054,1054.0,10.54,5.499999999999999,5.712523728684067,5.730142298437907,0.21252372868406777,0.230142298437908,0.01761856975384024,1,0,0,1
1055,1055.0,10.55,5.499999999999999,5.713513313209907,5.730019656670999,0.21351331320990763,0.23001965667099977,0.016506343461092143,1,0,0,1
1056,1056.0,10.56,5.499999999999999,5.714500086581499,5.731747122309963,0.21450008658150033,0.2317471223099643,0.017247035728463977,1,0,0,1
1057,1057.0,10.57,5.499999999999999,5.715618223255328,5.732116118085955,0.21561822325532898,0.23211611808595567,0.01649789483062669,1,0,0,1
1058,1058.0,10.58,5.499999999999999,5.716526961183462,5.732773354045697,0.2165269611834626,0.23277335404569754,0.01624639286223495,1,0,0,1
1059,1059.0,10.59,5.499999999999999,5.717349774283918,5.733288195739019,0.21734977428391922,0.2332881957390196,0.015938421455100382,1,0,0,1
1060,1060.0,10.6,5.499999999999999,5.718232400099449,5.731688586431943,0.21823240009945,0.231688586431944,0.013456186332494013,1,0,0,1
1061,1061.0,10.61,5.499999999999999,5.719110239447892,5.7320695632060055,0.2191102394478932,0.23206956320600636,0.01295932375811315,1,0,0,1
1062,1062.0,10.62,5.499999999999999,5.720111099662068,5.73276993886103,0.220111099662069,0.23276993886103092,0.012658839198961935,1,0,0,1
1063,1063.0,10.63,5.499999999999999,5.7209296302298265,5.732461646809381,0.22092963022982737,0.23246164680938186,0.011532016579554494,1,0,0,1
1064,1064.0,10.64,5.499999999999999,5.721661524232034,5.732292283543991,0.22166152423203478,0.232292283543992,0.010630759311957227,1,0,0,1
1065,1065.0,10.65,5.499999999999999,5.722457003826553,5.731912954280046,0.22245700382655365,0.23191295428004732,0.009455950453493678,1,0,0,1
1066,1066.0,10.66,5.499999999999999,5.723252917967379,5.731824924606204,0.2232529179673799,0.23182492460620452,0.008572006638824625,1,0,0,1
1067,1067.0,10.67,5.499999999999999,5.724169207834178,5.731516678865473,0.22416920783417904,0.2315166788654741,0.007347471031295072,1,0,0,1
1068,1068.0,10.68,5.499999999999999,5.724917683714811,5.731022917903915,0.22491768371481147,0.23102291790391583,0.006105234189104358,1,0,0,1
1069,1069.0,10.69,5.499999999999999,5.725582705484877,5.730626356637433,0.2255827054848778,0.23062635663743425,0.00504365115255645,1,0,0,1
1070,1070.0,10.7,5.499999999999999,5.726312134273391,5.731299987796858,0.22631213427339159,0.23129998779685845,0.0049878535234668675,1,0,0,1
1071,1071.0,10.71,5.499999999999999,5.727041883680917,5.7313321756551865,0.2270418836809176,0.23133217565518738,0.004290291974269778,1,0,0,1
1072,1072.0,10.72,5.499999999999999,5.727889048059855,5.730715891129289,0.22788904805985588,0.23071589112928947,0.0028268430694335933,1,0,0,1
1073,1073.0,10.73,5.499999999999999,5.728581727364491,5.7310411321075465,0.22858172736449145,0.2310411321075474,0.0024594047430559485,1,0,0,1
1074,1074.0,10.74,5.499999999999999,5.729194280978331,5.730387501783414,0.22919428097833183,0.23038750178341516,0.0011932208050833282,1,0,0,1
1075,1075.0,10.75,5.499999999999999,5.729870248875994,5.73121102350962,0.2298702488759945,0.23121102350962097,0.0013407746336264736,1,0,0,1
1076,1076.0,10.76,5.499999999999999,5.730545163565387,5.7306723059748474,0.23054516356538812,0.23067230597484834,0.0001271424094602125,1,0,0,1
1077,1077.0,10.77,5.499999999999999,5.731335351253941,5.730431869178226,0.231335351253942,0.23043186917822656,-0.0009034820757154449,1,0,0,1
1078,1078.0,10.78,5.499999999999999,5.731979598080272,5.731898913703936,0.23197959808027324,0.23189891370393667,-8.068437633657055e-05,1,0,0,1
1079,1079.0,10.79,5.499999999999999,5.732546782542958,5.731817494956764,0.23254678254295857,0.23181749495676485,-0.0007292875861937276,1,0,0,1
1080,1080.0,10.8,5.499999999999999,5.733171987080183,5.733348713617625,0.23317198708018427,0.23334871361762577,0.00017672653744149613,1,0,0,1
1081,1081.0,10.81,5.499999999999999,5.7337955037974195,5.733602238588454,0.23379550379742042,0.23360223858845508,-0.00019326520896534305,1,0,0,1
1082,1082.0,10.82,5.499999999999999,5.7345298098508675,5.733186967989298,0.23452980985086835,0.23318696798929928,-0.0013428418615690774,1,0,0,1
1083,1083.0,10.83,5.499999999999999,5.735125926549887,5.733032336127206,0.2351259265498875,0.23303233612720664,-0.002093590422680869,1,0,0,1
1084,1084.0,10.84,5.499999999999999,5.73564719445602,5.733147527069299,0.23564719445602123,0.23314752706929998,-0.0024996673867212493,1,0,0,1
1085,1085.0,10.85,5.499999999999999,5.736225044260948,5.734466074009236,0.2362250442609488,0.23446607400923725,-0.0017589702517115668,1,0,0,1
1086,1086.0,10.86,5.499999999999999,5.736802348242674,5.734647498809937,0.23680234824267465,0.23464749880993807,-0.002154849432736583,1,0,0,1
1087,1087.0,10.87,5.499999999999999,5.73748638276535,5.733654781854543,0.2374863827653506,0.23365478185454425,-0.0038316009108063653,1,0,0,1
1088,1088.0,10.88,5.499999999999999,5.738049561785055,5.7319220767993535,0.23804956178505599,0.2319220767993544,-0.006127484985701592,1,0,0,1
1089,1089.0,10.89,5.499999999999999,5.738545564378211,5.731986978396213,0.23854556437821195,0.23198697839621385,-0.0065585859819981,1,0,0,1
1090,1090.0,10.9,5.499999999999999,5.739096292394945,5.732068468074186,0.23909629239494556,0.23206846807418646,-0.007027824320759102,1,0,0,1
1091,1091.0,10.91,5.499999999999999,5.739650613103428,5.732382594522575,0.2396506131034286,0.23238259452257548,-0.007268018580853131,1,0,0,1
1092,1092.0,10.92,5.499999999999999,5.74030510736117,5.732205475265594,0.24030510736117083,0.23220547526559532,-0.008099632095575515,1,0,0,1
1093,1093.0,10.93,5.499999999999999,5.740836779672707,5.734559839767481,0.24083677967270756,0.23455983976748218,-0.006276939905225376,1,0,0,1
1094,1094.0,10.94,5.499999999999999,5.74130360010465,5.7362813519104,0.24130360010465068,0.23628135191040123,-0.005022248194249457,1,0,0,1
1095,1095.0,10.95,5.499999999999999,5.741816158758885,5.737266503002513,0.24181615875888607,0.23726650300251428,-0.004549655756371784,1,0,0,1
1096,1096.0,10.96,5.499999999999999,5.7423347118708365,5.737476875675166,0.24233471187083744,0.23747687567516707,-0.004857836195670373,1,0,0,1
1097,1097.0,10.97,5.499999999999999,5.742949717553388,5.735381782623169,0.24294971755338857,0.2353817826231701,-0.007567934930218456,1,0,0,1
1098,1098.0,10.98,5.499999999999999,5.7434297901471645,5.735438595506748,0.24342979014716537,0.23543859550674906,-0.00799119464041631,1,0,0,1
1099,1099.0,10.99,5.499999999999999,5.743843177650569,5.736162750643125,0.24384317765056984,0.23616275064312564,-0.007680427007444202,1,0,0,1
1100,1100.0,11.0,5.499999999999999,5.744300460448578,5.735728456839342,0.24430046044857878,0.23572845683934318,-0.008572003609235601,1,0,0,1
1101,1101.0,11.01,5.499999999999999,5.744768109658472,5.735872138762231,0.24476810965847307,0.23587213876223156,-0.0088959708962415,1,0,0,1
1102,1102.0,11.02,5.499999999999999,5.745325563633583,5.735718470388889,0.2453255636335836,0.23571847038888993,-0.009607093244693665,1,0,0,1
1103,1103.0,11.03,5.499999999999999,5.745753906942929,5.735715148856351,0.2457539069429302,0.23571514885635203,-0.01003875808657817,1,0,0,1
1104,1104.0,11.04,5.499999999999999,5.746114892856264,5.734916073021172,0.24611489285626487,0.23491607302117323,-0.011198819835091633,1,0,0,1
1105,1105.0,11.05,5.499999999999999,5.74651168735278,5.73373745266318,0.24651168735278084,0.23373745266318124,-0.012774234689599595,1,0,0,1
1106,1106.0,11.06,5.499999999999999,5.746923608687381,5.732235687420545,0.24692360868738206,0.23223568742054557,-0.01468792126683649,1,0,0,1
1107,1107.0,11.07,5.499999999999999,5.747419476038892,5.732843337076269,0.24741947603889258,0.23284333707626992,-0.014576138962622665,1,0,0,1
1108,1108.0,11.08,5.499999999999999,5.747788026602326,5.732778126248759,0.24778802660232646,0.2327781262487596,-0.015009900353566863,1,0,0,1
1109,1109.0,11.09,5.499999999999999,5.748091685619095,5.731910568242572,0.24809168561909622,0.23191056824257306,-0.01618111737652317,1,0,0,1
1110,1110.0,11.1,5.499999999999999,5.748429601149776,5.73219478775739,0.24842960114977686,0.23219478775739066,-0.016234813392386194,1,0,0,1
1111,1111.0,11.11,5.499999999999999,5.74878682875012,5.73112535675555,0.24878682875012093,0.2311253567555509,-0.01766147199457002,1,0,0,1
1112,1112.0,11.12,5.499999999999999,5.749214715478224,5.7319156785589715,0.2492147154782245,0.23191567855897244,-0.017299036919252053,1,0,0,1
1113,1113.0,11.13,5.499999999999999,5.749514917020655,5.731437938557911,0.2495149170206563,0.23143793855791195,-0.018076978462744364,1,0,0,1
1114,1114.0,11.14,5.499999999999999,5.749753381991047,5.731198722478754,0.2497533819910478,0.23119872247875506,-0.018554659512292737,1,0,0,1
1115,1115.0,11.15,5.499999999999999,5.750025837975702,5.732439866706483,0.250025837975703,0.23243986670648376,-0.017585971269219236,1,0,0,1
1116,1116.0,11.16,5.499999999999999,5.750345454772569,5.731299943675441,0.2503454547725701,0.2312999436754417,-0.019045511097128376,1,0,0,1
1117,1117.0,11.17,5.499999999999999,5.750727924243436,5.731906788108598,0.2507279242434368,0.23190678810859922,-0.0188211361348376,1,0,0,1
1118,1118.0,11.18,5.499999999999999,5.75096789681997,5.731828419604007,0.25096789681997045,0.23182841960400768,-0.019139477215962764,1,0,0,1
1119,1119.0,11.19,5.499999999999999,5.751144454041621,5.731623659643734,0.2511444540416221,0.2316236596437351,-0.01952079439788701,1,0,0,1
1120,1120.0,11.2,5.499999999999999,5.7513593953761415,5.731763129152838,0.2513593953761424,0.2317631291528386,-0.019596266223303793,1,0,0,1
1121,1121.0,11.21,5.499999999999999,5.751644091271447,5.73121078352258,0.25164409127144793,0.23121078352258095,-0.02043330774886698,1,0,0,1
1122,1122.0,11.22,5.499999999999999,5.751991761071863,5.7317946687237455,0.2519917610718636,0.23179466872374643,-0.020197092348117174,1,0,0,1
1123,1123.0,11.23,5.499999999999999,5.752193429645571,5.7316498351422815,0.2521934296455717,0.23164983514228243,-0.020543594503289242,1,0,0,1
1124,1124.0,11.24,5.499999999999999,5.752330012892959,5.732189400551171,0.2523300128929602,0.23218940055117177,-0.020140612341788433,1,0,0,1
1125,1125.0,11.25,5.499999999999999,5.7525058703904195,5.733540110216529,0.2525058703904204,0.23354011021652976,-0.018965760173890622,1,0,0,1
1126,1126.0,11.26,5.499999999999999,5.7527591740610555,5.733050184349119,0.2527591740610564,0.2330501843491195,-0.01970898971193691,1,0,0,1
1127,1127.0,11.27,5.499999999999999,5.753078461017924,5.73259243429612,0.25307846101792464,0.2325924342961212,-0.02048602672180344,1,0,0,1
1128,1128.0,11.28,5.499999999999999,5.753251739697378,5.732813933555734,0.2532517396973786,0.2328139335557351,-0.020437806141643478,1,0,0,1
1129,1129.0,11.29,5.499999999999999,5.753361289510791,5.732229217310628,0.2533612895107922,0.2322292173106293,-0.021132072200162888,1,0,0,1
1130,1130.0,11.3,5.499999999999999,5.753511274802048,5.734487378665855,0.25351127480204916,0.23448737866585567,-0.019023896136193486,1,0,0,1
1131,1131.0,11.31,5.499999999999999,5.755061389016262,5.735643607856247,0.2550613890162632,0.2356436078562476,-0.01941778116001558,1,0,0,1
1132,1132.0,11.32,5.499999999999999,5.756106025076431,5.736298579350303,0.25610602507643154,0.2362985793503043,-0.01980744572612725,1,0,0,1
1133,1133.0,11.33,5.499999999999999,5.756654217882921,5.736301138126532,0.25665421788292164,0.23630113812653253,-0.020353079756389114,1,0,0,1
1134,1134.0,11.34,5.499999999999999,5.7569032709285874,5.735152824821171,0.25690327092858833,0.2351528248211716,-0.02175044610741672,1,0,0,1
1135,1135.0,11.35,5.499999999999999,5.75640675350959,5.7349768647011246,0.25640675350959086,0.23497686470112544,-0.021429888808465414,1,0,0,1
1136,1136.0,11.36,5.499999999999999,5.757714591847939,5.734335683202321,0.25771459184793954,0.234335683202322,-0.023378908645617535,1,0,0,1
1137,1137.0,11.37,5.499999999999999,5.759702768456699,5.733501424690332,0.25970276845669993,0.23350142469033308,-0.026201343766366847,1,0,0,1
1138,1138.0,11.38,5.499999999999999,5.760737866723938,5.7337207189811155,0.2607378667239386,0.23372071898111635,-0.027017147742822267,1,0,0,1
1139,1139.0,11.39,5.499999999999999,5.761382380617873,5.734365543088209,0.26138238061787344,0.23436554308820945,-0.027016837529663995,1,0,0,1
1140,1140.0,11.4,5.499999999999999,5.762795610264588,5.734421075026317,0.26279561026458875,0.23442107502631782,-0.028374535238270937,1,0,0,1
1141,1141.0,11.41,5.499999999999999,5.765136939390099,5.733090626558873,0.26513693939009997,0.23309062655887391,-0.032046312831226054,1,0,0,1
1142,1142.0,11.42,5.499999999999999,5.766914562261002,5.731287221020288,0.26691456226100296,0.2312872210202892,-0.03562734124071376,1,0,0,1
1143,1143.0,11.43,5.499999999999999,5.767240561241624,5.7300335656636845,0.2672405612416249,0.23003356566368538,-0.037206995577939495,1,0,0,1
1144,1144.0,11.44,5.499999999999999,5.768168888357638,5.730288504818914,0.2681688883576392,0.2302885048189145,-0.03788038353872469,1,0,0,1
1145,1145.0,11.45,5.499999999999999,5.769181716417834,5.730648225808511,0.26918171641783495,0.23064822580851185,-0.038533490609323096,1,0,0,1
1146,1146.0,11.46,5.499999999999999,5.768930001168464,5.72985592375363,0.26893000116846455,0.22985592375363062,-0.03907407741483393,1,0,0,1
1147,1147.0,11.47,5.499999999999999,5.768847521115238,5.731547652889336,0.268847521115239,0.2315476528893372,-0.03729986822590181,1,0,0,1
1148,1148.0,11.48,5.499999999999999,5.768968682779295,5.73144511602628,0.2689686827792963,0.23144511602628093,-0.03752356675301538,1,0,0,1
1149,1149.0,11.49,5.499999999999999,5.768212580644645,5.732893051096876,0.26821258064464626,0.23289305109687675,-0.03531952954776951,1,0,0,1
1150,1150.0,11.5,5.499999999999999,5.766956583029929,5.73120359251516,0.26695658302992964,0.2312035925151612,-0.035752990514768435,1,0,0,1
1151,1151.0,11.51,5.499999999999999,5.768000200305821,5.730492398714517,0.2680002003058215,0.2304923987145182,-0.03750780159130329,1,0,0,1
1152,1152.0,11.52,5.499999999999999,5.768788598247141,5.732028066148005,0.2687885982471423,0.23202806614800586,-0.036760532099136434,1,0,0,1
1153,1153.0,11.53,5.499999999999999,5.770423032790331,5.732343539338734,0.2704230327903323,0.23234353933873475,-0.03807949345159756,1,0,0,1
1154,1154.0,11.54,5.499999999999999,5.773461212626395,5.732495601300394,0.2734612126263958,0.23249560130039448,-0.040965611326001294,1,0,0,1
1155,1155.0,11.55,5.499999999999999,5.775307014093321,5.732019359697355,0.2753070140933218,0.23201935969735565,-0.04328765439596616,1,0,0,1
1156,1156.0,11.56,5.499999999999999,5.776108280429975,5.732502338138321,0.2761082804299759,0.232502338138322,-0.04360594229165393,1,0,0,1
1157,1157.0,11.57,5.499999999999999,5.77562226267365,5.732894515792318,0.2756222626736511,0.232894515792319,-0.042727746881332074,1,0,0,1
1158,1158.0,11.58,5.499999999999999,5.774093725557143,5.732413284218137,0.27409372555714384,0.23241328421813812,-0.041680441339005725,1,0,0,1
1159,1159.0,11.59,5.499999999999999,5.774031443619809,5.730460914898419,0.27403144361981013,0.23046091489842002,-0.04357052872139011,1,0,0,1
1160,1160.0,11.6,5.499999999999999,5.773907509558398,5.7294239491130226,0.2739075095583985,0.22942394911302344,-0.04448356044537505,1,0,0,1
1161,1161.0,11.61,5.499999999999999,5.774919525748971,5.73035249101073,0.27491952574897205,0.23035249101073063,-0.04456703473824142,1,0,0,1
1162,1162.0,11.62,5.499999999999999,5.776359135333426,5.731226661117406,0.2763591353334265,0.23122666111740653,-0.04513247421601996,1,0,0,1
1163,1163.0,11.63,5.499999999999999,5.778130431230499,5.731412358354721,0.2781304312305002,0.23141235835472163,-0.04671807287577856,1,0,0,1
1164,1164.0,11.64,5.499999999999999,5.780492671600498,5.731160454516921,0.2804926716004985,0.2311604545169219,-0.0493322170835766,1,0,0,1
1165,1165.0,11.65,5.499999999999999,5.78163012347368,5.730333847941027,0.2816301234736809,0.23033384794102751,-0.05129627553265337,1,0,0,1
1166,1166.0,11.66,5.499999999999999,5.783536129604843,5.730972978467731,0.283536129604844,0.23097297846773213,-0.05256315113711185,1,0,0,1
1167,1167.0,11.67,5.499999999999999,5.785975800751381,5.7306649418525275,0.2859758007513822,0.2306649418525284,-0.05531085889885379,1,0,0,1
1168,1168.0,11.68,5.499999999999999,5.788694462674842,5.731510063997484,0.2886944626748429,0.23151006399748475,-0.05718439867735814,1,0,0,1
1169,1169.0,11.69,5.499999999999999,5.79126834692715,5.731022917130938,0.29126834692715065,0.2310229171309386,-0.06024542979621206,1,0,0,1
1170,1170.0,11.7,5.499999999999999,5.792639478518147,5.730360932133506,0.2926394785181481,0.2303609321335065,-0.06227854638464159,1,0,0,1
1171,1171.0,11.71,5.499999999999999,5.7939392107770935,5.729761616153724,0.2939392107770944,0.22976161615372526,-0.06417759462336914,1,0,0,1
1172,1172.0,11.72,5.499999999999999,5.7941125033295755,5.730069640085361,0.2941125033295764,0.2300696400853619,-0.06404286324421449,1,0,0,1
1173,1173.0,11.73,5.499999999999999,5.794443290336693,5.7292012578797635,0.2944432903366936,0.22920125787976442,-0.06524203245692917,1,0,0,1
1174,1174.0,11.74,5.499999999999999,5.79549484294025,5.728457906609494,0.29549484294025063,0.22845790660949472,-0.06703693633075591,1,0,0,1
1175,1175.0,11.75,5.499999999999999,5.797472047217756,5.726649843521183,0.2974720472177568,0.22664984352118367,-0.0708222036965731,1,0,0,1
1176,1176.0,11.76,5.499999999999999,5.799946551473652,5.726785738361414,0.2999465514736528,0.22678573836141513,-0.07316081311223765,1,0,0,1
1177,1177.0,11.77,5.499999999999999,5.8010650066570335,5.727137330895676,0.3010650066570344,0.227137330895677,-0.07392767576135739,1,0,0,1
1178,1178.0,11.78,5.499999999999999,5.801170183620572,5.72680919009771,0.3011701836205729,0.22680919009771117,-0.07436099352286174,1,0,0,1
1179,1179.0,11.79,5.499999999999999,5.801834480676886,5.727423846449723,0.3018344806768871,0.22742384644972358,-0.07441063422716354,1,0,0,1
1180,1180.0,11.8,5.499999999999999,5.803042877442763,5.725973641345535,0.30304287744276426,0.22597364134553555,-0.07706923609722871,1,0,0,1
1181,1181.0,11.81,5.499999999999999,5.804475035622112,5.725800831345814,0.3044750356221133,0.22580083134581486,-0.07867420427629845,1,0,0,1
1182,1182.0,11.82,5.499999999999999,5.806076490372959,5.7266129686983795,0.30607649037296003,0.22661296869838043,-0.0794635216745796,1,0,0,1
1183,1183.0,11.83,5.499999999999999,5.807250363248498,5.726080844125392,0.30725036324849864,0.2260808441253932,-0.08116951912310544,1,0,0,1
1184,1184.0,11.84,5.499999999999999,5.807723937301334,5.72650419414753,0.3077239373013345,0.2265041941475312,-0.08121974315380331,1,0,0,1
1185,1185.0,11.85,5.499999999999999,5.8080486191962555,5.725560992037666,0.30804861919625637,0.22556099203766689,-0.08248762715858948,1,0,0,1
1186,1186.0,11.86,5.499999999999999,5.810139213716992,5.726134104775504,0.31013921371699293,0.22613410477550477,-0.08400510894148816,1,0,0,1
1187,1187.0,11.87,5.499999999999999,5.810298994951268,5.725686594442374,0.31029899495126845,0.22568659444237493,-0.08461240050889351,1,0,0,1
1188,1188.0,11.88,5.499999999999999,5.808025765113191,5.725438434737199,0.30802576511319213,0.2254384347371996,-0.08258733037599253,1,0,0,1
1189,1189.0,11.89,5.499999999999999,5.804576877048592,5.727271892285214,0.3045768770485928,0.2272718922852146,-0.07730498476337822,1,0,0,1
1190,1190.0,11.9,5.499999999999999,5.803773945917517,5.727432581519872,0.30377394591751816,0.22743258151987256,-0.0763413643976456,1,0,0,1
1191,1191.0,11.91,5.499999999999999,5.804778934177925,5.728625441831559,0.3047789341779259,0.22862544183155986,-0.07615349234636604,1,0,0,1
1192,1192.0,11.92,5.499999999999999,5.804542257027223,5.7286554575788005,0.30454225702722404,0.22865545757880135,-0.07588679944842269,1,0,0,1
1193,1193.0,11.93,5.499999999999999,5.80431304937678,5.728952769462129,0.3043130493767805,0.22895276946213006,-0.07536027991465044,1,0,0,1
1194,1194.0,11.94,5.499999999999999,5.803756019200961,5.729758787343232,0.3037560192009616,0.22975878734323274,-0.07399723185772888,1,0,0,1
1195,1195.0,11.95,5.499999999999999,5.80412348633581,5.729399953855474,0.3041234863358113,0.22939995385547451,-0.07472353248033681,1,0,0,1
1196,1196.0,11.96,5.499999999999999,5.805436524213151,5.729150611201357,0.30543652421315226,0.2291506112013577,-0.07628591301179455,1,0,0,1
1197,1197.0,11.97,5.499999999999999,5.803289081925505,5.729008637124078,0.30328908192550585,0.22900863712407915,-0.0742804448014267,1,0,0,1
1198,1198.0,11.98,5.499999999999999,5.80029243054341,5.730619239360171,0.3002924305434105,0.2306192393601716,-0.06967319118323889,1,0,0,1
1199,1199.0,11.99,5.499999999999999,5.79898228202863,5.73010052926781,0.2989822820286312,0.2301005292678111,-0.06888175276082009,1,0,0,1
1200,1200.0,12.0,5.499999999999999,5.798338918020827,5.730092351431747,0.29833891802082757,0.23009235143174767,-0.0682465665890799,1,0,0,1
1201,1201.0,12.01,5.499999999999999,5.79776998526601,5.729781776900449,0.29776998526601073,0.22978177690044976,-0.06798820836556096,1,0,0,1
1202,1202.0,12.02,5.499999999999999,5.7942342544793695,5.728775585753596,0.29423425447937035,0.22877558575359647,-0.06545866872577388,1,0,0,1
1203,1203.0,12.03,5.499999999999999,5.790347562068726,5.729518469092352,0.29034756206872725,0.22951846909235307,-0.06082909297637418,1,0,0,1
1204,1204.0,12.04,5.499999999999999,5.787402771160921,5.729064578588577,0.28740277116092194,0.2290645785885781,-0.05833819257234385,1,0,0,1
1205,1205.0,12.05,5.499999999999999,5.783190708802888,5.7286600699056835,0.28319070880288866,0.22866006990568444,-0.05453063889720422,1,0,0,1
1206,1206.0,12.06,5.499999999999999,5.7791306998118035,5.728770425594296,0.2791306998118044,0.2287704255942966,-0.05036027421750777,1,0,0,1
1207,1207.0,12.07,5.499999999999999,5.773284276030823,5.729455792977295,0.2732842760308243,0.229455792977296,-0.04382848305352827,1,0,0,1
1208,1208.0,12.08,5.499999999999999,5.767477614540035,5.729431889834932,0.26747761454003616,0.2294318898349328,-0.03804572470510337,1,0,0,1
1209,1209.0,12.09,5.499999999999999,5.761768673559579,5.729884385903761,0.26176867355957967,0.2298843859037616,-0.03188428765581808,1,0,0,1
1210,1210.0,12.1,5.499999999999999,5.755720404785514,5.729082927974261,0.2557204047855146,0.22908292797426189,-0.026637476811252725,1,0,0,1
1211,1211.0,12.11,5.499999999999999,5.751743780848071,5.728247749921453,0.2517437808480718,0.22824774992145347,-0.02349603092661834,1,0,0,1
1212,1212.0,12.12,5.499999999999999,5.7456289414822574,5.727871496061157,0.24562894148225833,0.22787149606115786,-0.01775744542110047,1,0,0,1
1213,1213.0,12.13,5.499999999999999,5.738953272854011,5.728158749764913,0.2389532728540118,0.2281587497649138,-0.010794523089098007,1,0,0,1
1214,1214.0,12.14,5.499999999999999,5.73278798225202,5.7290467692869145,0.23278798225202113,0.22904676928691536,-0.003741212965105767,1,0,0,1
1215,1215.0,12.15,5.499999999999999,5.727233862039932,5.728292232316783,0.2272338620399328,0.2282922323167842,0.0010583702768514058,1,0,0,1
1216,1216.0,12.16,5.499999999999999,5.724635792009852,5.729915429161266,0.2246357920098525,0.22991542916126662,0.005279637151414107,1,0,0,1
1217,1217.0,12.17,5.499999999999999,5.720072157216933,5.729743299177507,0.22007215721693374,0.2297432991775077,0.009671141960573948,1,0,0,1
1218,1218.0,12.18,5.499999999999999,5.71417109293148,5.730240254693155,0.21417109293148062,0.23024025469315568,0.016069161761675055,1,0,0,1
1219,1219.0,12.19,5.499999999999999,5.708396159747393,5.729525123928845,0.20839615974739356,0.2295251239288456,0.021128964181452048,1,0,0,1
1220,1220.0,12.2,5.499999999999999,5.703273330877818,5.729086716118551,0.20327333087781874,0.2290867161185517,0.025813385240732956,1,0,0,1
1221,1221.0,12.21,5.499999999999999,5.700541184414089,5.729703394810626,0.20054118441408963,0.22970339481062663,0.02916221039653699,1,0,0,1
1222,1222.0,12.22,5.499999999999999,5.6948994209593025,5.729332920621803,0.19489942095930335,0.229332920621804,0.034433499662500644,1,0,0,1
1223,1223.0,12.23,5.499999999999999,5.688720428200311,5.729849301481306,0.18872042820031165,0.22984930148130722,0.04112887328099557,1,0,0,1
1224,1224.0,12.24,5.499999999999999,5.682680580516863,5.729917016647464,0.1826805805168643,0.2299170166474651,0.0472364361306008,1,0,0,1
1225,1225.0,12.25,5.499999999999999,5.67733894881738,5.728210445839203,0.17733894881738088,0.22821044583920358,0.0508714970218227,1,0,0,1
1226,1226.0,12.26,5.499999999999999,5.675158716894491,5.728006371431618,0.17515871689449192,0.2280063714316185,0.05284765453712659,1,0,0,1
1227,1227.0,12.27,5.499999999999999,5.67006816729968,5.7281459244730755,0.17006816729968133,0.22814592447307636,0.05807775717339503,1,0,0,1
1228,1228.0,12.28,5.499999999999999,5.663913951002849,5.7285911006316494,0.16391395100284978,0.22859110063165033,0.06467714962880056,1,0,0,1
1229,1229.0,12.29,5.499999999999999,5.657728496307723,5.72853425269343,0.15772849630772345,0.2285342526934313,0.07080575638570785,1,0,0,1
1230,1230.0,12.3,5.499999999999999,5.652400928284271,5.728926042572761,0.15240092828427176,0.22892604257276172,0.07652511428848996,1,0,0,1
1231,1231.0,12.31,5.499999999999999,5.649599677140428,5.72982297427465,0.14959967714042932,0.2298229742746507,0.08022329713422138,1,0,0,1
1232,1232.0,12.32,5.499999999999999,5.6433215711667,5.7290952800580905,0.14332157116670086,0.22909528005809143,0.08577370889139058,1,0,0,1
1233,1233.0,12.33,5.499999999999999,5.636650450081165,5.7278754588860465,0.1366504500811656,0.22787545888604743,0.09122500880488182,1,0,0,1
1234,1234.0,12.34,5.499999999999999,5.6295021573345245,5.726777648064254,0.12950215733452541,0.22677764806425493,0.09727549072972952,1,0,0,1
1235,1235.0,12.35,5.499999999999999,5.622848022863404,5.726703166625413,0.1228480228634048,0.22670316662541357,0.10385514376200877,1,0,1,0
1236,1236.0,12.36,5.499999999999999,5.619708827462022,5.7256681918183405,0.1197088274620226,0.2256681918183414,0.10595936435631881,1,0,1,0
1237,1237.0,12.37,5.499999999999999,5.613418170312183,5.725438334017469,0.11341817031218415,0.22543833401747015,0.112020163705286,1,0,1,0
1238,1238.0,12.38,5.499999999999999,5.605955958409862,5.725182639367866,0.10595595840986327,0.2251826393678673,0.11922668095800404,1,0,1,0
1239,1239.0,12.39,5.499999999999999,5.598227004752164,5.725781434140386,0.0982270047521645,0.2257814341403872,0.1275544293882227,1,0,1,0
1240,1240.0,12.4,5.499999999999999,5.591122233893078,5.726405218045644,0.09112223389307861,0.22640521804564528,0.13528298415256668,1,0,1,0
1241,1241.0,12.41,5.499999999999999,5.586804899298468,5.725968443938255,0.08680489929846846,0.22596844393825588,0.13916354463978742,1,0,1,0
1242,1242.0,12.42,5.499999999999999,5.578461767681226,5.725773571831339,0.07846176768122692,0.22577357183133984,0.1473118041501129,1,0,1,0
1243,1243.0,12.43,5.499999999999999,5.569497503757601,5.7258166021033645,0.069497503757602,0.2258166021033654,0.1563190983457634,1,0,1,0
1244,1244.0,12.44,5.499999999999999,5.5604829657608645,5.726453123879953,0.060482965760865426,0.22645312387995364,0.16597015811908822,1,0,1,0
1245,1245.0,12.45,5.499999999999999,5.552310578070839,5.726834128779137,0.0523105780708395,0.22683412877913778,0.17452355070829828,1,0,1,0
1246,1246.0,12.46,5.499999999999999,5.548745444297638,5.726522883163688,0.04874544429763894,0.22652288316368896,0.17777743886605002,1,0,1,0
1247,1247.0,12.47,5.499999999999999,5.541570438126538,5.727344927009483,0.04157043812653871,0.22734492700948383,0.18577448888294512,1,0,1,0
1248,1248.0,12.48,5.499999999999999,5.532446318333792,5.728008462562605,0.0324463183337933,0.22800846256260598,0.19556214422881268,1,0,1,0
1249,1249.0,12.49,5.499999999999999,5.522964572413262,5.727296376811248,0.02296457241326255,0.2272963768112488,0.20433180439798626,1,0,1,0
1250,1250.0,12.5,5.499999999999999,5.5146890899681384,5.727651128155519,0.014689089968139335,0.2276511281555198,0.21296203818738046,1,0,1,0
1251,1251.0,12.51,5.499999999999999,5.509824676415745,5.728055404997779,0.009824676415745692,0.22805540499777965,0.21823072858203396,1,0,1,0
1252,1252.0,12.52,5.499999999999999,5.500944870243591,5.726663324169229,0.0009448702435914669,0.22666332416922952,0.22571845392563805,1,0,1,0
1253,1253.0,12.53,5.499999999999999,5.491478154073876,5.728122832121392,0.008521845926122928,0.22812283212139306,0.21960098619527013,1,0,1,0
1254,1254.0,12.54,5.499999999999999,5.481568648490693,5.727317696256206,0.01843135150930575,0.22731769625620668,0.20888634474690093,1,0,1,0
1255,1255.0,12.55,5.499999999999999,5.472246076840847,5.727359900597281,0.02775392315915237,0.22735990059728195,0.19960597743812958,1,0,1,0
1256,1256.0,12.56,5.499999999999999,5.466818537736196,5.727148286100259,0.03318146226380314,0.2271482861002596,0.19396682383645647,1,0,1,0
1257,1257.0,12.57,5.499999999999999,5.45741844816466,5.725171702751806,0.042581551835339404,0.22517170275180654,0.18259015091646713,1,0,1,0
1258,1258.0,12.58,5.499999999999999,5.447274654240528,5.725080063969342,0.05272534575947141,0.22508006396934288,0.17235471820987147,1,0,1,0
1259,1259.0,12.59,5.499999999999999,5.436564880765299,5.725190688984897,0.06343511923470047,0.22519068898489802,0.16175556975019756,1,0,1,0
1260,1260.0,12.6,5.499999999999999,5.427325650961401,5.725865613171559,0.07267434903859815,0.2258656131715595,0.15319126413296136,1,0,1,0
1261,1261.0,12.61,5.499999999999999,5.420706215636325,5.724381034385511,0.07929378436367429,0.2243810343855115,0.1450872500218372,1,0,1,0
1262,1262.0,12.62,5.499999999999999,5.409679632427335,5.721907699915755,0.09032036757266404,0.22190769991575632,0.13158733234309228,1,0,1,0
1263,1263.0,12.63,5.499999999999999,5.398610005617017,5.721709556836181,0.10138999438298235,0.2217095568361822,0.12031956245319986,1,0,1,0
1264,1264.0,12.64,5.499999999999999,5.387457026505386,5.720584508746473,0.11254297349461329,0.22058450874647395,0.10804153525186067,1,0,1,0
1265,1265.0,12.65,5.499999999999999,5.3767600907773705,5.72029013655382,0.12323990922262862,0.22029013655382101,0.0970502273311924,1,0,0,1
1266,1266.0,12.66,5.499999999999999,5.370492959797263,5.7197450483086065,0.1295070402027365,0.21974504830860742,0.0902380081058709,1,0,0,1
1267,1267.0,12.67,5.499999999999999,5.361284262061713,5.720034180850718,0.13871573793828595,0.22003418085071846,0.08131844291243251,1,0,0,1
1268,1268.0,12.68,5.499999999999999,5.351559551169739,5.720754046607631,0.14844044883025997,0.22075404660763187,0.0723135977773719,1,0,0,1
1269,1269.0,12.69,5.499999999999999,5.340606253619339,5.7201669770810195,0.15939374638066006,0.2201669770810204,0.06077323070036034,1,0,0,1
1270,1270.0,12.7,5.499999999999999,5.330638066975673,5.7197592241006365,0.16936193302432567,0.21975922410063742,0.050397291076311745,1,0,0,1
1271,1271.0,12.71,5.499999999999999,5.324523757954715,5.7188250082103185,0.175476242045284,0.21882500821031936,0.04334876616503536,1,0,0,1
1272,1272.0,12.72,5.499999999999999,5.313354365630685,5.719490179677119,0.18664563436931392,0.2194901796771198,0.032844545307805895,1,0,0,1
1273,1273.0,12.73,5.499999999999999,5.301285739827949,5.718662349877235,0.19871426017204996,0.21866234987723576,0.0199480897051858,1,0,0,1
1274,1274.0,12.74,5.499999999999999,5.290597256392538,5.718182459460174,0.2094027436074608,0.21818245946017445,0.008779715852713643,1,0,0,1
1275,1275.0,12.75,5.499999999999999,5.280609145698484,5.717325227807,0.2193908543015155,0.2173252278070006,-0.002065626494514916,1,0,0,1
1276,1276.0,12.76,5.499999999999999,5.274661127171625,5.717983598427314,0.22533887282837384,0.21798359842731507,-0.0073552744010587645,1,0,0,1
1277,1277.0,12.77,5.499999999999999,5.2669442477199055,5.719198771866886,0.23305575228009356,0.2191987718668873,-0.013856980413206266,1,0,0,1
1278,1278.0,12.78,5.499999999999999,5.254888368158209,5.718675297983825,0.24511163184179008,0.21867529798382623,-0.026436333857963845,1,0,0,1
1279,1279.0,12.79,5.499999999999999,5.24211152350872,5.7186529669367205,0.2578884764912788,0.21865296693672143,-0.039235509554557346,1,0,0,1
1280,1280.0,12.8,5.499999999999999,5.231831543824252,5.718675117930791,0.26816845617574714,0.21867511793079153,-0.04949333824495561,1,0,0,1
1281,1281.0,12.81,5.499999999999999,5.225731271916746,5.718682168516669,0.2742687280832534,0.21868216851667022,-0.055586559566583205,1,0,0,1
1282,1282.0,12.82,5.499999999999999,5.214815195273608,5.71744233982997,0.2851848047263914,0.21744233982997052,-0.06774246489642088,1,0,0,1
1283,1283.0,12.83,5.499999999999999,5.202702917857061,5.716439088333492,0.29729708214293815,0.2164390883334928,-0.08085799380944536,1,0,0,1
1284,1284.0,12.84,5.499999999999999,5.19007385276306,5.71772175827413,0.309926147236939,0.21772175827413065,-0.09220438896280836,1,0,0,1
1285,1285.0,12.85,5.499999999999999,5.178627003990703,5.718219237998954,0.3213729960092957,0.21821923799895515,-0.10315375801034055,1,1,0,0
1286,1286.0,12.86,5.499999999999999,5.172463040985238,5.719217078569684,0.3275369590147612,0.21921707856968453,-0.10831988044507668,1,1,0,0
1287,1287.0,12.87,5.499999999999999,5.163566855486325,5.718336023495219,0.33643314451367434,0.21833602349521986,-0.11809712101845449,1,1,0,0
1288,1288.0,12.88,5.499999999999999,5.150909434657856,5.718193637755099,0.3490905653421432,0.2181936377550997,-0.13089692758704352,1,1,0,0
1289,1289.0,12.89,5.499999999999999,5.137762202933394,5.716521572976275,0.3622377970666051,0.2165215729762755,-0.14571622409032958,1,1,0,0
1290,1290.0,12.9,5.499999999999999,5.126481512262902,5.71791562193039,0.3735184877370967,0.21791562193039127,-0.15560286580670546,1,1,0,0
1291,1291.0,12.91,5.499999999999999,5.119768338239885,5.716833347067741,0.38023166176011447,0.21683334706774193,-0.16339831469237254,1,1,0,0
1292,1292.0,12.92,5.499999999999999,5.110206891156247,5.7170232103692085,0.38979310884375185,0.21702321036920935,-0.1727698984745425,1,1,0,0
1293,1293.0,12.93,5.499999999999999,5.097345802879355,5.71665131866901,0.4026541971206443,0.21665131866901088,-0.18600287845163344,1,1,0,0
1294,1294.0,12.94,5.499999999999999,5.084355665752476,5.715779524511706,0.41564433424752334,0.21577952451170646,-0.19986480973581688,1,1,0,0
1295,1295.0,12.95,5.499999999999999,5.072407709904528,5.715838891082805,0.42759229009547095,0.21583889108280552,-0.21175339901266543,1,1,0,0
1296,1296.0,12.96,5.499999999999999,5.0672869630008375,5.71659680039328,0.43271303699916164,0.21659680039328055,-0.21611623660588108,1,1,0,0
1297,1297.0,12.97,5.499999999999999,5.0596483902567115,5.716670865685707,0.4403516097432876,0.2166708656857077,-0.22368074405757987,1,1,0,0
1298,1298.0,12.98,5.499999999999999,5.050544310530441,5.714930920266021,0.4494556894695583,0.21493092026602145,-0.23452476920353682,1,1,0,0
1299,1299.0,12.99,5.499999999999999,5.037049695455721,5.716836188648775,0.462950304544278,0.21683618864877552,-0.24611411589550247,1,1,0,0
1300,1300.0,13.0,5.499999999999999,5.025673522665033,5.717321590232345,0.4743264773349658,0.21732159023234576,-0.25700488710262004,1,1,0,0
1301,1301.0,13.01,5.499999999999999,5.0204972772002785,5.716268124025761,0.4795027227997206,0.21626812402576157,-0.26323459877395905,1,1,0,0
1302,1302.0,13.02,5.499999999999999,5.014199277388289,5.715431795575674,0.48580072261171026,0.21543179557567527,-0.270368927036035,1,1,0,0
1303,1303.0,13.03,5.499999999999999,5.006398488951006,5.715165497345361,0.4936015110489933,0.21516549734536206,-0.27843601370363125,1,1,0,0
1304,1304.0,13.04,5.499999999999999,4.995531216426967,5.715083303784728,0.5044687835730324,0.21508330378472884,-0.28938547978830353,1,1,0,0
1305,1305.0,13.05,5.499999999999999,4.983984739899398,5.715545597763253,0.516015260100601,0.21554559776325366,-0.3004696623373473,1,1,0,0
1306,1306.0,13.06,5.499999999999999,4.979359174223343,5.714513375056395,0.5206408257766562,0.2145133750563959,-0.30612745072026026,1,1,0,0
1307,1307.0,13.07,5.499999999999999,4.971279702768512,5.712364766553074,0.5287202972314873,0.21236476655307523,-0.31635553067841204,1,1,0,0
1308,1308.0,13.08,5.499999999999999,4.96249553061261,5.7102518590111275,0.5375044693873887,0.21025185901112842,-0.3272526103762603,1,1,0,0
1309,1309.0,13.09,5.499999999999999,4.953854796364647,5.70966605397179,0.5461452036353522,0.20966605397179094,-0.3364791496635613,1,1,0,0
1310,1310.0,13.1,5.499999999999999,4.942357752421029,5.70826335696835,0.5576422475789702,0.20826335696835052,-0.34937889061061966,1,1,0,0
1311,1311.0,13.11,5.499999999999999,4.935521228842853,5.707551978696851,0.5644787711571464,0.20755197869685205,-0.35692679246029435,1,1,0,0
1312,1312.0,13.12,5.499999999999999,4.926319543484024,5.706623216607865,0.5736804565159748,0.2066232166078663,-0.36705723990810846,1,1,0,0
1313,1313.0,13.13,5.499999999999999,4.918629234779123,5.706957729800693,0.5813707652208757,0.2069577298006937,-0.374413035420182,1,1,0,0
1314,1314.0,13.14,5.499999999999999,4.908042552209433,5.708026812005124,0.5919574477905662,0.20802681200512474,-0.3839306357854415,1,1,0,0
1315,1315.0,13.15,5.499999999999999,4.896564911959091,5.707361649089855,0.6034350880409081,0.20736164908985621,-0.39607343895105185,1,1,0,0
1316,1316.0,13.16,5.499999999999999,4.892203445387788,5.707151281555884,0.6077965546122108,0.20715128155588491,-0.4006452730563259,1,1,0,0
1317,1317.0,13.17,5.499999999999999,4.886966033431972,5.706972501714858,0.6130339665680271,0.20697250171485848,-0.40606146485316863,1,1,0,0
1318,1318.0,13.18,5.499999999999999,4.880255350410911,5.707970258651464,0.6197446495890881,0.20797025865146512,-0.411774390937623,1,1,0,0
1319,1319.0,13.19,5.499999999999999,4.873445740526112,5.707198904239434,0.6265542594738873,0.20719890423943532,-0.419355355234452,1,1,0,0
1320,1320.0,13.2,5.499999999999999,4.867109861988773,5.7063190775357135,0.6328901380112262,0.20631907753571443,-0.42657106047551174,1,1,0,0
1321,1321.0,13.21,5.499999999999999,4.86231186467171,5.707047415333271,0.6376881353282888,0.20704741533327198,-0.43064071999501685,1,1,0,0
1322,1322.0,13.22,5.499999999999999,4.855157073493604,5.705665117553787,0.6448429265063949,0.2056651175537878,-0.43917780895260705,1,1,0,0
1323,1323.0,13.23,5.499999999999999,4.848783614556782,5.705567755331619,0.6512163854432167,0.20556775533161975,-0.44564863011159694,1,1,0,0
1324,1324.0,13.24,5.499999999999999,4.842667693556528,5.704422768907231,0.6573323064434708,0.2044227689072322,-0.45290953753623864,1,1,0,0
1325,1325.0,13.25,5.499999999999999,4.834259001950099,5.704032149072818,0.6657409980499001,0.20403214907281875,-0.4617088489770813,1,1,0,0
1326,1326.0,13.26,5.499999999999999,4.831830247092952,5.70483084257632,0.6681697529070467,0.204830842576321,-0.4633389103307257,1,1,0,0
1327,1327.0,13.27,5.499999999999999,4.827118879623941,5.704403676022315,0.6728811203760579,0.20440367602231557,-0.4684774443537423,1,1,0,0
1328,1328.0,13.28,5.499999999999999,4.821345522019538,5.705458855422961,0.6786544779804613,0.20545885542296194,-0.47319562255749936,1,1,0,0
1329,1329.0,13.29,5.499999999999999,4.815073771686715,5.706455707737613,0.6849262283132838,0.20645570773761346,-0.4784705205756703,1,1,0,0
1330,1330.0,13.3,5.499999999999999,4.809843857015332,5.706015482201776,0.6901561429846668,0.206015482201777,-0.48414066078288975,1,1,0,0
1331,1331.0,13.31,5.499999999999999,4.8075154134639755,5.704523072280798,0.6924845865360236,0.20452307228079913,-0.4879615142552245,1,1,0,0
1332,1332.0,13.32,5.499999999999999,4.801922393901635,5.704037581346327,0.698077606098364,0.204037581346328,-0.494040024752036,1,1,0,0
1333,1333.0,13.33,5.499999999999999,4.796472737794821,5.704719630684903,0.7035272622051778,0.20471963068490417,-0.49880763152027363,1,1,0,0
1334,1334.0,13.34,5.499999999999999,4.790905027436013,5.704799073089207,0.7090949725639861,0.20479907308920797,-0.5042958994747782,1,1,0,0
1335,1335.0,13.35,5.499999999999999,4.786676730823969,5.702939837832059,0.7133232691760298,0.2029398378320595,-0.5103834313439704,1,1,0,0
1336,1336.0,13.36,5.499999999999999,4.784947387802524,5.702965521835033,0.715052612197475,0.2029655218350337,-0.5120870903624413,1,1,0,0
1337,1337.0,13.37,5.499999999999999,4.779829280264028,5.703197692654538,0.7201707197359708,0.20319769265453846,-0.5169730270814323,1,1,0,0
1338,1338.0,13.38,5.499999999999999,4.773776887923196,5.702153386501606,0.726223112076803,0.20215338650160675,-0.5240697255751963,1,1,0,0
1339,1339.0,13.39,5.499999999999999,4.767349344396558,5.701555147748753,0.7326506556034413,0.2015551477487536,-0.5310955078546877,1,1,0,0
1340,1340.0,13.4,5.499999999999999,4.7617233949825595,5.699979870126036,0.7382766050174396,0.1999798701260369,-0.5382967348914027,1,1,0,0
1341,1341.0,13.41,5.499999999999999,4.7583437931417265,5.699155360919234,0.7416562068582726,0.19915536091923514,-0.5425008459390375,1,1,0,0
1342,1342.0,13.42,5.499999999999999,4.751989394075391,5.697646939530673,0.7480106059246081,0.19764693953067347,-0.5503636663939346,1,1,0,0
1343,1343.0,13.43,5.499999999999999,4.74570958235545,5.69589492170307,0.7542904176445493,0.1958949217030712,-0.5583954959414781,1,1,0,0
1344,1344.0,13.44,5.499999999999999,4.739510668691987,5.693682999808449,0.7604893313080119,0.19368299980845016,-0.5668063314995617,1,1,0,0
1345,1345.0,13.45,5.499999999999999,4.73402175334525,5.691754987230831,0.7659782466547487,0.19175498723083173,-0.5742232594239169,1,1,0,0
1346,1346.0,13.46,5.499999999999999,4.731306638558419,5.6912112620426365,0.7686933614415805,0.1912112620426374,-0.5774820993989431,1,1,0,0
1347,1347.0,13.47,5.499999999999999,4.72617377820734,5.690172559271083,0.7738262217926595,0.19017255927108412,-0.5836536625215754,1,1,0,0
1348,1348.0,13.48,5.499999999999999,4.719975682891748,5.688863320489869,0.7800243171082508,0.18886332048986976,-0.5911609966183811,1,1,0,0
1349,1349.0,13.49,5.499999999999999,4.713462494067891,5.688002531515437,0.7865375059321078,0.1880025315154379,-0.5985349744166699,1,1,0,0
1350,1350.0,13.5,5.499999999999999,4.707534159657856,5.687539768011417,0.7924658403421434,0.18753976801141814,-0.6049260723307253,1,1,0,0
1351,1351.0,13.51,5.499999999999999,4.703816842418952,5.68836278632493,0.796183157581047,0.1883627863249311,-0.6078203712561159,1,1,0,0
1352,1352.0,13.52,5.499999999999999,4.697613872946987,5.6880553753009595,0.8023861270530119,0.1880553753009604,-0.6143307517520515,1,1,0,0
1353,1353.0,13.53,5.499999999999999,4.6915258422284865,5.687826353058107,0.8084741577715127,0.18782635305810746,-0.6206478047134052,1,1,0,0
1354,1354.0,13.54,5.499999999999999,4.685014938293302,5.687548348607464,0.8149850617066967,0.18754834860746517,-0.6274367130992315,1,1,0,0
1355,1355.0,13.55,5.499999999999999,4.679544895439457,5.688182519920742,0.8204551045605424,0.1881825199207432,-0.6322725846397992,1,1,0,0
1356,1356.0,13.56,5.499999999999999,4.676632067164013,5.686497384998596,0.8233679328359864,0.1864973849985967,-0.6368705478373897,1,1,0,0
1357,1357.0,13.57,5.499999999999999,4.6716481137473655,5.685177498678157,0.8283518862526336,0.1851774986781578,-0.6431743875744758,1,1,0,0
1358,1358.0,13.58,5.499999999999999,4.66544685973327,5.684537012201074,0.8345531402667294,0.18453701220107455,-0.6500161280656549,1,1,0,0
1359,1359.0,13.59,5.499999999999999,4.659068498548284,5.682719393545319,0.8409315014517151,0.18271939354531952,-0.6582121079063956,1,1,0,0
1360,1360.0,13.6,5.499999999999999,4.653808161861472,5.68230209443147,0.8461918381385267,0.1823020944314706,-0.6638897437070561,1,1,0,0
1361,1361.0,13.61,5.499999999999999,4.65075822525702,5.681082091520211,0.8492417747429792,0.18108209152021182,-0.6681596832227674,1,1,0,0
1362,1362.0,13.62,5.499999999999999,4.645353492837242,5.6807379632672905,0.8546465071627569,0.1807379632672914,-0.6739085438954655,1,1,0,0
1363,1363.0,13.63,5.499999999999999,4.639690133221568,5.6827707852014635,0.8603098667784312,0.1827707852014644,-0.6775390815769669,1,1,0,0
1364,1364.0,13.64,5.499999999999999,4.633748961907942,5.682443563101143,0.8662510380920567,0.18244356310114362,-0.6838074749909131,1,1,0,0
1365,1365.0,13.65,5.499999999999999,4.629137273682535,5.683411754537731,0.8708627263174638,0.18341175453773229,-0.6874509717797315,1,1,0,0
1366,1366.0,13.66,5.499999999999999,4.62672021157854,5.6833189266239135,0.8732797884214589,0.18331892662391436,-0.6899608617975446,1,1,0,0
1367,1367.0,13.67,5.499999999999999,4.62222393616769,5.6840941567212395,0.8777760638323091,0.1840941567212404,-0.6936819071110687,1,1,0,0
1368,1368.0,13.68,5.499999999999999,4.616507683085281,5.683761582493771,0.883492316914718,0.18376158249377195,-0.699730734420946,1,1,0,0
1369,1369.0,13.69,5.499999999999999,4.610605273730584,5.682643843217052,0.8893947262694155,0.18264384321705318,-0.7067508830523623,1,1,0,0
1370,1370.0,13.7,5.499999999999999,4.6061072619499015,5.683157815504279,0.8938927380500976,0.18315781550427968,-0.7107349225458179,1,1,0,0
1371,1371.0,13.71,5.499999999999999,4.603674773435256,5.682739849413344,0.896325226564743,0.18273984941334476,-0.7135853771513982,1,1,0,0
1372,1372.0,13.72,5.499999999999999,4.598868067164509,5.680220953290577,0.9011319328354901,0.1802209532905783,-0.7209109795449118,1,1,0,0
1373,1373.0,13.73,5.499999999999999,4.594118837869309,5.679971781339392,0.9058811621306901,0.1799717813393933,-0.7259093807912969,1,1,0,0
1374,1374.0,13.74,5.499999999999999,4.588839680437775,5.680411546563806,0.9111603195622244,0.18041154656380698,-0.7307487729984175,1,1,0,0
1375,1375.0,13.75,5.499999999999999,4.584869876386246,5.679301226997916,0.9151301236137535,0.17930122699791706,-0.7358288966158364,1,1,0,0
1376,1376.0,13.76,5.499999999999999,4.582937264796739,5.678276847593,0.9170627352032605,0.17827684759300055,-0.73878588761026,1,1,0,0
1377,1377.0,13.77,5.499999999999999,4.5787057605629835,5.676732435841847,0.9212942394370156,0.17673243584184828,-0.7445618035951673,1,1,0,0
1378,1378.0,13.78,5.499999999999999,4.573926456888322,5.676154612543569,0.9260735431116771,0.17615461254357,-0.7499189305681071,1,1,0,0
1379,1379.0,13.79,5.499999999999999,4.5685008839655,5.675522631373397,0.931499116034499,0.17552263137339796,-0.755976484661101,1,1,0,0
1380,1380.0,13.8,5.499999999999999,4.564516420759281,5.67266227308192,0.9354835792407181,0.1726622730819205,-0.7628213061587976,1,1,0,0
1381,1381.0,13.81,5.499999999999999,4.562642978571909,5.670063316417676,0.93735702142809,0.1700633164176768,-0.7672937050104132,1,1,0,0
1382,1382.0,13.82,5.499999999999999,4.558436085093198,5.669815686747987,0.9415639149068014,0.16981568674798808,-0.7717482281588133,1,1,0,0
1383,1383.0,13.83,5.499999999999999,4.55376077037775,5.6692765224533614,0.9462392296222495,0.16927652245336233,-0.7769627071688872,1,1,0,0
1384,1384.0,13.84,5.499999999999999,4.548760210834989,5.667788156443091,0.95123978916501,0.16778815644309208,-0.7834516327219179,1,1,0,0
1385,1385.0,13.85,5.499999999999999,4.544977408158007,5.666431946291439,0.9550225918419919,0.1664319462914401,-0.7885906455505518,1,1,0,0
1386,1386.0,13.86,5.499999999999999,4.5432065144219855,5.662602903309811,0.9567934855780136,0.16260290330981153,-0.794190582268202,1,1,0,0
1387,1387.0,13.87,5.499999999999999,4.539374341086406,5.662361240638307,0.9606256589135933,0.16236124063830815,-0.7982644182752852,1,1,0,0
1388,1388.0,13.88,5.499999999999999,4.534874310534357,5.66188859788661,0.9651256894656424,0.1618885978866107,-0.8032370915790317,1,1,0,0
1389,1389.0,13.89,5.499999999999999,4.529742398075751,5.660857451070561,0.9702576019242484,0.16085745107056226,-0.8094001508536861,1,1,0,0
1390,1390.0,13.9,5.499999999999999,4.525998937993698,5.660382774892286,0.9740010620063009,0.16038277489228658,-0.8136182871140143,1,1,0,0
1391,1391.0,13.91,5.499999999999999,4.524046684139002,5.659901591813844,0.9759533158609974,0.15990159181384467,-0.8160517240471528,1,1,0,0
1392,1392.0,13.92,5.499999999999999,4.5196476146470665,5.659981338415935,0.9803523853529326,0.15998133841593631,-0.8203710469369963,1,1,0,0
1393,1393.0,13.93,5.499999999999999,4.515424450092489,5.656690374602125,0.9845755499075102,0.15669037460212554,-0.8278851753053846,1,1,0,0
1394,1394.0,13.94,5.499999999999999,4.510798964498847,5.654854746659471,0.9892010355011518,0.1548547466594723,-0.8343462888416795,1,1,0,0
1395,1395.0,13.95,5.499999999999999,4.507459473957347,5.6545748111189935,0.9925405260426521,0.1545748111189944,-0.8379657149236577,1,1,0,0
1396,1396.0,13.96,5.499999999999999,4.505771483145577,5.653229194341227,0.994228516854422,0.15322919434122806,-0.840999322513194,1,1,0,0
1397,1397.0,13.97,5.499999999999999,4.5021499041739315,5.652821746911902,0.9978500958260677,0.1528217469119033,-0.8450283489141643,1,1,0,0
1398,1398.0,13.98,5.499999999999999,4.497685481210937,5.651966434534835,1.0023145187890625,0.1519664345348355,-0.850348084254227,1,1,0,0
1399,1399.0,13.99,5.499999999999999,4.492777785787622,5.651403058848621,1.0072222142123772,0.15140305884862215,-0.8558191553637551,1,1,0,0
1400,1400.0,14.0,5.499999999999999,4.48900287557276,5.651801764035958,1.0109971244272389,0.1518017640359588,-0.8591953603912801,1,1,0,0
1401,1401.0,14.01,5.499999999999999,4.486884560030792,5.651150866368894,1.0131154399692068,0.1511508663688952,-0.8619645736003116,1,1,0,0
1402,1402.0,14.02,5.499999999999999,4.482517600818838,5.647901690226382,1.0174823991811612,0.14790169022638278,-0.8695807089547785,1,1,0,0
1403,1403.0,14.03,5.499999999999999,4.478748651964275,5.64665810532088,1.0212513480357241,0.1466581053208813,-0.8745932427148428,1,1,0,0
1404,1404.0,14.04,5.499999999999999,4.474007680687426,5.647724065480171,1.0259923193125733,0.1477240654801717,-0.8782682538324016,1,1,0,0
1405,1405.0,14.05,5.499999999999999,4.4707692260033935,5.647035441728298,1.0292307739966056,0.14703544172829908,-0.8821953322683065,1,1,0,0
1406,1406.0,14.06,5.499999999999999,4.469090907895808,5.645555888151088,1.0309090921041912,0.14555588815108855,-0.8853532039531027,1,1,0,0
1407,1407.0,14.07,5.499999999999999,4.465668365060532,5.644938851175898,1.0343316349394671,0.14493885117589933,-0.8893927837635678,1,1,0,0
1408,1408.0,14.08,5.499999999999999,4.461833056375285,5.6435469900466675,1.0381669436247138,0.14354699004666838,-0.8946199535780455,1,1,0,0
1409,1409.0,14.09,5.499999999999999,4.457757277782752,5.6435774098856175,1.0422427222172468,0.1435774098856184,-0.8986653123316284,1,1,0,0
1410,1410.0,14.1,5.499999999999999,4.454790959860249,5.643212848272797,1.04520904013975,0.1432128482727979,-0.9019961918669521,1,1,0,0
1411,1411.0,14.11,5.499999999999999,4.45325801389929,5.643001765475938,1.0467419861007095,0.14300176547593857,-0.9037402206247709,1,1,0,0
1412,1412.0,14.12,5.499999999999999,4.4496736287343746,5.641947566924669,1.0503263712656246,0.14194756692466992,-0.9083788043409546,1,1,0,0
1413,1413.0,14.13,5.499999999999999,4.446526548774405,5.640646403143311,1.053473451225594,0.1406464031433119,-0.9128270480822822,1,1,0,0
1414,1414.0,14.14,5.499999999999999,4.442676099303085,5.639190959611268,1.0573239006969137,0.13919095961126882,-0.9181329410856449,1,1,0,0
1415,1415.0,14.15,5.499999999999999,4.439969594105879,5.638112399427825,1.0600304058941203,0.1381123994278255,-0.9219180064662948,1,1,0,0
1416,1416.0,14.16,5.499999999999999,4.438463909150248,5.636989245546636,1.061536090849751,0.13698924554663705,-0.924546845303114,1,1,0,0
1417,1417.0,14.17,5.499999999999999,4.435154188487943,5.634380655548945,1.0648458115120558,0.13438065554894596,-0.9304651559631099,1,1,0,0
1418,1418.0,14.18,5.499999999999999,4.431321051663562,5.631980625308591,1.0686789483364372,0.131980625308592,-0.9366983230278452,1,1,0,0
1419,1419.0,14.19,5.499999999999999,4.42687953613576,5.631163060481021,1.0731204638642389,0.1311630604810219,-0.941957403383217,1,1,0,0
1420,1420.0,14.2,5.499999999999999,4.423736423504695,5.631071582362163,1.076263576495304,0.1310715823621642,-0.9451919941331397,1,1,0,0
1421,1421.0,14.21,5.499999999999999,4.421763447191712,5.6306017753845214,1.0782365528082867,0.13060177538452233,-0.9476347774237643,1,1,0,0
1422,1422.0,14.22,5.499999999999999,4.418165419856352,5.629460931833389,1.0818345801436475,0.12946093183338991,-0.9523736483102576,1,1,0,0
1423,1423.0,14.23,5.499999999999999,4.414765778223061,5.626378744916964,1.085234221776938,0.12637874491696532,-0.9588554768599726,1,1,0,0
1424,1424.0,14.24,5.499999999999999,4.411186304330109,5.625759457303229,1.0888136956698897,0.12575945730322946,-0.9630542383666603,1,1,0,0
1425,1425.0,14.25,5.499999999999999,4.407387356427292,5.624673563350667,1.092612643572707,0.12467356335066793,-0.9679390802220391,1,1,0,0
1426,1426.0,14.26,5.499999999999999,4.405600686803198,5.622929908415513,1.094399313196801,0.12292990841551354,-0.9714694047812875,1,1,0,0
1427,1427.0,14.27,5.499999999999999,4.402145734486659,5.622705586743522,1.09785426551334,0.12270558674352294,-0.9751486787698171,1,1,0,0
1428,1428.0,14.28,5.499999999999999,4.398656154328091,5.62187630880332,1.1013438456719085,0.12187630880332101,-0.9794675368685875,1,1,0,0
1429,1429.0,14.29,5.499999999999999,4.39471238704627,5.621518297406074,1.1052876129537292,0.1215182974060749,-0.9837693155476543,1,1,0,0
1430,1430.0,14.3,5.499999999999999,4.391270906334871,5.620489744426217,1.1087290936651284,0.12048974442621763,-0.9882393492389108,1,1,0,0
1431,1431.0,14.31,5.499999999999999,4.3895956741311535,5.61918605186995,1.1104043258688456,0.11918605186995102,-0.9912182739988946,1,1,0,0
1432,1432.0,14.32,5.499999999999999,4.386317527357252,5.61988606217461,1.113682472642747,0.11988606217461051,-0.9937964104681365,1,1,0,0
1433,1433.0,14.33,5.499999999999999,4.383052024614404,5.618331601347875,1.116947975385595,0.1183316013478759,-0.9986163740377192,1,1,0,0
1434,1434.0,14.34,5.499999999999999,4.379469380420247,5.617801639568272,1.1205306195797524,0.11780163956827305,-1.0027289800114794,1,1,0,0
1435,1435.0,14.35,5.499999999999999,4.3765212896062184,5.616738121909722,1.1234787103937807,0.11673812190972299,-1.0067405884840577,1,1,0,0
1436,1436.0,14.36,5.499999999999999,4.374317607124392,5.616352346511934,1.125682392875607,0.11635234651193471,-1.0093300463636723,1,1,0,0
1437,1437.0,14.37,5.499999999999999,4.370960011238376,5.616639180759665,1.1290399887616234,0.11663918075966606,-1.0124008080019573,1,1,0,0
1438,1438.0,14.38,5.499999999999999,4.367216982089225,5.6151374032265,1.132783017910774,0.1151374032265009,-1.0176456146842732,1,1,0,0
1439,1439.0,14.39,5.499999999999999,4.36283964319008,5.613140780607652,1.1371603568099191,0.11314078060765276,-1.0240195762022664,1,1,0,0
1440,1440.0,14.4,5.499999999999999,4.359315638615791,5.611212687784642,1.1406843613842081,0.11121268778464266,-1.0294716735995655,1,1,0,0
1441,1441.0,14.41,5.499999999999999,4.357334749020919,5.611143992880197,1.1426652509790802,0.11114399288019783,-1.0315212580988824,1,1,0,0
1442,1442.0,14.42,5.499999999999999,4.354040649740075,5.609431188418699,1.1459593502599237,0.10943118841870003,-1.0365281618412236,1,1,0,0
1443,1443.0,14.43,5.499999999999999,4.350765974684209,5.607474367479327,1.1492340253157902,0.1074743674793277,-1.0417596578364625,1,1,0,0
1444,1444.0,14.44,5.499999999999999,4.34727880723054,5.606636967899895,1.1527211927694587,0.10663696789989618,-1.0460842248695625,1,1,0,0
1445,1445.0,14.45,5.499999999999999,4.345111626625679,5.606444360559638,1.1548883733743205,0.1064443605596388,-1.0484440128146817,1,1,0,0
1446,1446.0,14.46,5.499999999999999,4.344206622428491,5.606489808500552,1.1557933775715084,0.10648980850055256,-1.0493035690709558,1,1,0,0
1447,1447.0,14.47,5.499999999999999,4.341499908101241,5.604935147494459,1.158500091898758,0.10493514749445954,-1.0535649444042985,1,1,0,0
1448,1448.0,14.48,5.499999999999999,4.336338602665813,5.603562453393421,1.1636613973341863,0.10356245339342163,-1.0600989439407646,1,1,0,0
1449,1449.0,14.49,5.499999999999999,4.331460675320384,5.602380492355908,1.1685393246796147,0.10238049235590907,-1.0661588323237057,1,1,0,0
1450,1450.0,14.5,5.499999999999999,4.327707481093349,5.600733680254039,1.1722925189066498,0.10073368025403973,-1.07155883865261,1,1,0,0
1451,1451.0,14.51,5.499999999999999,4.324556376474238,5.598439985495313,1.1754436235257613,0.09843998549531374,-1.0770036380304475,1,1,0,0
1452,1452.0,14.52,5.499999999999999,4.321058840702907,5.5973209481867086,1.178941159297092,0.09732094818670944,-1.0816202111103825,1,1,0,0
1453,1453.0,14.53,5.499999999999999,4.3177114055251815,5.596559792233561,1.1822885944748176,0.09655979223356148,-1.0857288022412561,1,1,0,0
1454,1454.0,14.54,5.499999999999999,4.31415130504104,5.594006187829722,1.1858486949589588,0.0940061878297227,-1.0918425071292361,1,1,0,0
1455,1455.0,14.55,5.499999999999999,4.311911271944568,5.591489548588868,1.1880887280554315,0.09148954858886871,-1.0965991794665628,1,1,0,0
1456,1456.0,14.56,5.499999999999999,4.310722280612955,5.59091817436232,1.1892777193870439,0.0909181743623213,-1.0983595450247226,1,1,0,0
1457,1457.0,14.57,5.499999999999999,4.307691606730296,5.589981143772543,1.1923083932697027,0.08998114377254396,-1.1023272494971588,1,1,0,0
1458,1458.0,14.58,5.499999999999999,4.303895076937005,5.587973896949856,1.196104923062994,0.08797389694985647,-1.1081310261131376,1,1,0,0
1459,1459.0,14.59,5.499999999999999,4.300052753585696,5.588138402603601,1.199947246414303,0.08813840260360184,-1.1118088438107012,1,1,0,0
1460,1460.0,14.6,5.499999999999999,4.297495976506299,5.587262201089284,1.2025040234936997,0.08726220108928473,-1.115241822404415,1,1,0,0
1461,1461.0,14.61,5.499999999999999,4.2961219011555025,5.587106580759928,1.2038780988444966,0.0871065807599285,-1.116771518084568,1,1,0,0
1462,1462.0,14.62,5.499999999999999,4.29257711771408,5.585965213295419,1.2074228822859192,0.08596521329542028,-1.121457668990499,1,1,0,0
1463,1463.0,14.63,5.499999999999999,4.289371802957362,5.584183116594401,1.2106281970426371,0.08418311659440203,-1.126445080448235,1,1,0,0
1464,1464.0,14.64,5.499999999999999,4.285884489272838,5.583603941026677,1.2141155107271615,0.08360394102667801,-1.1305115697004835,1,1,0,0
1465,1465.0,14.65,5.499999999999999,4.283639060636154,5.582206268715729,1.2163609393638453,0.08220626871572989,-1.1341546706481154,1,1,0,0
1466,1466.0,14.66,5.499999999999999,4.282612504171164,5.5818514687510445,1.2173874958288353,0.08185146875104543,-1.13553602707779,1,1,0,0
1467,1467.0,14.67,5.499999999999999,4.279575266027145,5.580112411187647,1.2204247339728544,0.08011241118764811,-1.1403123227852063,1,1,0,0
1468,1468.0,14.68,5.499999999999999,4.276619313409405,5.577157216284194,1.2233806865905938,0.0771572162841947,-1.1462234703063992,1,1,0,0
1469,1469.0,14.69,5.499999999999999,4.273360511319186,5.575959548045619,1.2266394886808127,0.07595954804561966,-1.150679940635193,1,1,0,0
1470,1470.0,14.7,5.499999999999999,4.271320455663698,5.575200787363647,1.228679544336301,0.07520078736364777,-1.1534787569726532,1,1,0,0
1471,1471.0,14.71,5.499999999999999,4.270523617195505,5.573695666515292,1.229476382804494,0.07369566651529258,-1.1557807162892013,1,1,0,0
1472,1472.0,14.72,5.499999999999999,4.267595066042667,5.572645938423118,1.2324049339573317,0.07264593842311928,-1.1597589955342125,1,1,0,0
1473,1473.0,14.73,5.499999999999999,4.265166871027396,5.570930281048569,1.2348331289726033,0.07093028104856991,-1.1639028479240334,1,1,0,0
1474,1474.0,14.74,5.499999999999999,4.262321458134645,5.568185712401648,1.2376785418653542,0.0681857124016485,-1.1694928294637057,1,1,0,0
1475,1475.0,14.75,5.499999999999999,4.26064210033023,5.566615677703639,1.239357899669769,0.06661567770363952,-1.1727422219661294,1,1,0,0
1476,1476.0,14.76,5.499999999999999,4.260260450444526,5.5650650469304495,1.2397395495554733,0.06506504693045034,-1.174674502625023,1,1,0,0
1477,1477.0,14.77,5.499999999999999,4.257768547937621,5.564569781955372,1.242231452062378,0.064569781955373,-1.177661670107005,1,1,0,0
1478,1478.0,14.78,5.499999999999999,4.255738914072192,5.562489196902409,1.244261085927807,0.06248919690241017,-1.1817718890253968,1,1,0,0
1479,1479.0,14.79,5.499999999999999,4.25319747734719,5.562957066199247,1.2468025226528088,0.06295706619924779,-1.183845456453561,1,1,0,0
1480,1480.0,14.8,5.499999999999999,4.251793865041585,5.562531829304344,1.248206134958414,0.06253182930434509,-1.1856743056540688,1,1,0,0
1481,1481.0,14.81,5.499999999999999,4.251764332838885,5.560970293664587,1.2482356671611141,0.06097029366458795,-1.1872653734965262,1,1,0,0
1482,1482.0,14.82,5.499999999999999,4.2495499275069655,5.559381150021333,1.2504500724930336,0.05938115002133415,-1.1910689224716995,1,1,0,0
1483,1483.0,14.83,5.499999999999999,4.247920058795965,5.556181680902954,1.252079941204034,0.056181680902954945,-1.195898260301079,1,1,0,0
1484,1484.0,14.84,5.499999999999999,4.245735995072818,5.5550938268580685,1.2542640049271814,0.055093826858069406,-1.199170178069112,1,1,0,0
1485,1485.0,14.85,5.499999999999999,4.244660257049527,5.553647665811094,1.255339742950472,0.053647665811094924,-1.201692077139377,1,1,0,0
1486,1486.0,14.86,5.499999999999999,4.244975178049546,5.551675775216836,1.2550248219504532,0.05167577521683686,-1.2033490467336163,1,1,0,0
1487,1487.0,14.87,5.499999999999999,4.2431541265517225,5.549711415607924,1.2568458734482766,0.04971141560792525,-1.2071344578403513,1,1,0,0
1488,1488.0,14.88,5.499999999999999,4.2418855201468215,5.547572587324938,1.2581144798531776,0.04757258732493863,-1.210541892528239,1,1,0,0
1489,1489.0,14.89,5.499999999999999,4.240066088769062,5.546035855601043,1.2599339112309371,0.04603585560104406,-1.213898055629893,1,1,0,0
1490,1490.0,14.9,5.499999999999999,4.239290686137098,5.546313177350803,1.2607093138629013,0.04631317735080387,-1.2143961365120974,1,1,0,0
1491,1491.0,14.91,5.499999999999999,4.239918424863747,5.546802873332185,1.260081575136252,0.04680287333218569,-1.2132787018040663,1,1,0,0
1492,1492.0,14.92,5.499999999999999,4.238342387853758,5.54571392841754,1.2616576121462408,0.04571392841754118,-1.2159436837286997,1,1,0,0
1493,1493.0,14.93,5.499999999999999,4.237322748680785,5.543956375870476,1.2626772513192144,0.04395637587047663,-1.2187208754487378,1,1,0,0
1494,1494.0,14.94,5.499999999999999,4.235838609092377,5.542492604952976,1.2641613909076224,0.0424926049529768,-1.2216687859546456,1,1,0,0
1495,1495.0,14.95,5.499999999999999,4.2353214047636705,5.542999612617363,1.2646785952363286,0.04299961261736396,-1.2216789826189647,1,1,0,0
1496,1496.0,14.96,5.499999999999999,4.23614948017402,5.540976505942696,1.2638505198259793,0.040976505942697194,-1.222874013883282,1,1,0,0
1497,1497.0,14.97,5.499999999999999,4.234874548589932,5.540782096265701,1.265125451410067,0.04078209626570217,-1.2243433551443648,1,1,0,0
1498,1498.0,14.98,5.499999999999999,4.234091880579922,5.539626450856226,1.265908119420077,0.03962645085622718,-1.2262816685638498,1,1,0,0
1499,1499.0,14.99,5.499999999999999,4.23285411585526,5.538571951191222,1.267145884144739,0.03857195119122281,-1.2285739329535161,1,1,0,0
1500,1500.0,15.0,5.499999999999999,4.23257156568535,5.537568163910938,1.267428434314649,0.03756816391093931,-1.2298602704037096,1,1,0,0
1501,1501.0,15.01,5.499999999999999,4.233578859359143,5.5350891130665225,1.2664211406408565,0.0350891130665234,-1.2313320275743331,1,1,0,0
1502,1502.0,15.02,5.499999999999999,4.232508830494214,5.5344998099414555,1.267491169505785,0.034499809941456405,-1.2329913595643287,1,1,0,0
1503,1503.0,15.03,5.499999999999999,4.231894724836588,5.532932680278571,1.2681052751634114,0.03293268027857188,-1.2351725948848395,1,1,0,0
1504,1504.0,15.04,5.499999999999999,4.230866698256044,5.532010872162079,1.2691333017439552,0.032010872162079984,-1.2371224295818752,1,1,0,0
1505,1505.0,15.05,5.499999999999999,4.230805091041871,5.529808530597003,1.269194908958128,0.029808530597003724,-1.2393863783611243,1,1,0,0
1506,1506.0,15.06,5.499999999999999,4.231966491406212,5.527935034634362,1.2680335085937875,0.0279350346343632,-1.2400984739594243,1,1,0,0
1507,1507.0,15.07,5.499999999999999,4.231141826600528,5.5282028459804256,1.2688581733994715,0.02820284598042644,-1.240655327419045,1,1,0,0
1508,1508.0,15.08,5.499999999999999,4.23072350037033,5.526488490187356,1.2692764996296688,0.026488490187356994,-1.2427880094423118,1,1,0,0
1509,1509.0,15.09,5.499999999999999,4.2299370041737,5.525229436601513,1.270062995826299,0.025229436601513555,-1.2448335592247854,1,1,0,0
1510,1510.0,15.1,5.499999999999999,4.230058914871568,5.523441282340623,1.2699410851284307,0.023441282340623815,-1.246499802787807,1,1,0,0
1511,1511.0,15.11,5.499999999999999,4.231383908573397,5.520985960210616,1.268616091426602,0.02098596021061727,-1.2476301312159848,1,1,0,0
1512,1512.0,15.12,5.499999999999999,4.2307514216652224,5.519441322418458,1.2692485783347767,0.01944132241845864,-1.249807255916318,1,1,0,0
1513,1513.0,15.13,5.499999999999999,4.230503086445467,5.518267744432121,1.2694969135545318,0.01826774443212198,-1.2512291691224098,1,1,0,0
1514,1514.0,15.14,5.499999999999999,4.229901436769838,5.5178863414386745,1.2700985632301611,0.0178863414386754,-1.2522122217914857,1,1,0,0
1515,1515.0,15.15,5.499999999999999,4.230203842351201,5.516599936527387,1.2697961576487984,0.01659993652738745,-1.253196221121411,1,1,0,0
1516,1516.0,15.16,5.499999999999999,4.231027939467511,5.517017556945774,1.2689720605324881,0.017017556945774892,-1.2519545035867132,1,1,0,0
1517,1517.0,15.17,5.499999999999999,4.230798418191613,5.5166089903661755,1.2692015818083862,0.016608990366176357,-1.2525925914422098,1,1,0,0
1518,1518.0,15.18,5.499999999999999,4.231017729344034,5.514905643760128,1.2689822706559655,0.014905643760128484,-1.254076626895837,1,1,0,0
1519,1519.0,15.19,5.499999999999999,4.2305645595502455,5.51316385239838,1.2694354404497536,0.013163852398380804,-1.2562715880513728,1,1,0,0
1520,1520.0,15.2,5.499999999999999,4.231024701293377,5.510382103958037,1.2689752987066223,0.010382103958037625,-1.2585931947485847,1,1,0,0
1521,1521.0,15.21,5.499999999999999,4.2318474778704545,5.508913423852498,1.2681525221295447,0.008913423852498603,-1.259239098277046,1,1,0,0
1522,1522.0,15.22,5.499999999999999,4.231836098480441,5.507442937373698,1.268163901519558,0.0074429373736988325,-1.2607209641458592,1,1,0,0
1523,1523.0,15.23,5.499999999999999,4.2322810563768,5.505630510088878,1.2677189436231995,0.005630510088878715,-1.2620884335343208,1,1,0,0
1524,1524.0,15.24,5.499999999999999,4.232211404518097,5.503365792021004,1.2677885954819024,0.003365792021004843,-1.2644228034608975,1,1,0,0
1525,1525.0,15.25,5.499999999999999,4.232791490410425,5.501834144588982,1.2672085095895742,0.001834144588983122,-1.265374365000591,1,1,0,0
1526,1526.0,15.26,5.499999999999999,4.233700239564298,5.5003865304239055,1.2662997604357011,0.0003865304239063505,-1.2659132300117948,1,1,0,0
1527,1527.0,15.27,5.499999999999999,4.23380428251203,5.49784843367557,1.2661957174879692,0.0021515663244286998,-1.2640441511635405,1,1,0,0
1528,1528.0,15.28,5.499999999999999,4.234267864346921,5.494495065365349,1.265732135653078,0.0055049346346498496,-1.2602272010184281,1,1,0,0
1529,1529.0,15.29,5.499999999999999,4.234476719239913,5.491293130033461,1.2655232807600862,0.008706869966538022,-1.2568164107935482,1,1,0,0
1530,1530.0,15.3,5.499999999999999,4.235093564312223,5.490255791253267,1.2649064356877764,0.009744208746732319,-1.255162226941044,1,1,0,0
1531,1531.0,15.31,5.499999999999999,4.235992278828717,5.488778333371143,1.2640077211712821,0.011221666628856042,-1.252786054542426,1,1,0,0
1532,1532.0,15.32,5.499999999999999,4.236138470700788,5.48954095245973,1.263861529299211,0.010459047540269495,-1.2534024817589415,1,1,0,0
1533,1533.0,15.33,5.499999999999999,4.236605372170662,5.487273498520992,1.2633946278293369,0.012726501479007446,-1.2506681263503294,1,1,0,0
1534,1534.0,15.34,5.499999999999999,4.236825385216763,5.486671183287434,1.2631746147832361,0.013328816712564695,-1.2498457980706714,1,1,0,0
1535,1535.0,15.35,5.499999999999999,4.237449558325003,5.4856272463959,1.2625504416749962,0.014372753604098953,-1.2481776880708972,1,1,0,0
1536,1536.0,15.36,5.499999999999999,4.238388413791614,5.484149833043839,1.2616115862083852,0.015850166956160372,-1.2457614192522248,1,1,0,0
1537,1537.0,15.37,5.499999999999999,4.238641698553968,5.482974748735897,1.2613583014460312,0.01702525126410226,-1.244333050181929,1,1,0,0
1538,1538.0,15.38,5.499999999999999,4.2392744811576835,5.481291114791218,1.2607255188423157,0.018708885208781112,-1.2420166336335345,1,1,0,0
1539,1539.0,15.39,5.499999999999999,4.239589159827656,5.481819641415685,1.2604108401723435,0.018180358584314327,-1.2422304815880292,1,1,0,0
1540,1540.0,15.4,5.499999999999999,4.240306914017577,5.480358127972386,1.2596930859824225,0.019641872027612806,-1.2400512139548097,1,1,0,0
1541,1541.0,15.41,5.499999999999999,4.241357373210508,5.478970127133266,1.2586426267894915,0.02102987286673308,-1.2376127539227584,1,1,0,0
1542,1542.0,15.42,5.499999999999999,4.241757466968257,5.47621378946752,1.2582425330317424,0.02378621053247887,-1.2344563224992635,1,1,0,0
1543,1543.0,15.43,5.499999999999999,4.242603846992011,5.474237138031233,1.2573961530079885,0.025762861968765982,-1.2316332910392225,1,1,0,0
1544,1544.0,15.44,5.499999999999999,4.243074447081261,5.474354989039015,1.2569255529187382,0.025645010960984038,-1.2312805419577542,1,1,0,0
1545,1545.0,15.45,5.499999999999999,4.243930699478837,5.473310958574088,1.2560693005211618,0.026689041425910887,-1.229380259095251,1,1,0,0
1546,1546.0,15.46,5.499999999999999,4.245088033685137,5.4718896015081215,1.2549119663148618,0.028110398491877575,-1.2268015678229842,1,1,0,0
1547,1547.0,15.47,5.499999999999999,4.245596126695356,5.469841244522341,1.2544038733046428,0.03015875547765834,-1.2242451178269844,1,1,0,0
1548,1548.0,15.48,5.499999999999999,4.2466642920662006,5.46837610791335,1.2533357079337986,0.03162389208664873,-1.2217118158471498,1,1,0,0
1549,1549.0,15.49,5.499999999999999,4.247325961737971,5.469410310204011,1.252674038262028,0.030589689795988306,-1.2220843484660397,1,1,0,0
1550,1550.0,15.5,5.499999999999999,4.248334965965992,5.4691660740380765,1.2516650340340068,0.03083392596192258,-1.2208311080720842,1,1,0,0
1551,1551.0,15.51,5.499999999999999,4.2496461147104,5.468603496197392,1.2503538852895995,0.03139650380260672,-1.2189573814869927,1,1,0,0
1552,1552.0,15.52,5.499999999999999,4.250303198204858,5.466608833623032,1.2496968017951415,0.03339116637696726,-1.2163056354181743,1,1,0,0
1553,1553.0,15.53,5.499999999999999,4.251580476024032,5.464772361317719,1.2484195239759668,0.03522763868228029,-1.2131918852936865,1,1,0,0
1554,1554.0,15.54,5.499999999999999,4.252434487626214,5.4639567946550205,1.247565512373785,0.036043205344978624,-1.2115223070288064,1,1,0,0
1555,1555.0,15.55,5.499999999999999,4.253598865813893,5.461603744046439,1.2464011341861063,0.03839625595356022,-1.208004878232546,1,1,0,0
1556,1556.0,15.56,5.499999999999999,4.255069093208265,5.459510801402794,1.2449309067917342,0.040489198597205345,-1.204441708194529,1,1,0,0
1557,1557.0,15.57,5.499999999999999,4.255896056301211,5.456595444549732,1.2441039436987884,0.04340455545026689,-1.2006993882485215,1,1,0,0
1558,1558.0,15.58,5.499999999999999,4.2573387114403625,5.4548553827921875,1.2426612885596366,0.0451446172078116,-1.197516671351825,1,1,0,0
1559,1559.0,15.59,5.499999999999999,4.2583562357870095,5.452962619542488,1.2416437642129896,0.04703738045751127,-1.1946063837554783,1,1,0,0
1560,1560.0,15.6,5.499999999999999,4.259632899813578,5.451185569362669,1.240367100186421,0.048814430637330375,-1.1915526695490906,1,1,0,0
1561,1561.0,15.61,5.499999999999999,4.261196767260928,5.448120534785108,1.2388032327390714,0.05187946521489106,-1.1869237675241804,1,1,0,0
1562,1562.0,15.62,5.499999999999999,4.262174058833054,5.445984913614489,1.2378259411669452,0.05401508638551,-1.1838108547814352,1,1,0,0
1563,1563.0,15.63,5.499999999999999,4.263768417430895,5.444474438834641,1.2362315825691041,0.055525561165358006,-1.1807060214037461,1,1,0,0
1564,1564.0,15.64,5.499999999999999,4.26493377059644,5.4418151189299655,1.235066229403559,0.05818488107003361,-1.1768813483335254,1,1,0,0
1565,1565.0,15.65,5.499999999999999,4.266302956878679,5.442043568898276,1.2336970431213201,0.057956431101723105,-1.175740612019597,1,1,0,0
1566,1566.0,15.66,5.499999999999999,4.267948347536968,5.440225301164814,1.2320516524630314,0.05977469883518527,-1.1722769536278461,1,1,0,0
1567,1567.0,15.67,5.499999999999999,4.268993199382409,5.4390433735214465,1.2310068006175898,0.0609566264785526,-1.1700501741390372,1,1,0,0
1568,1568.0,15.68,5.499999999999999,4.270720097826566,5.437195138952837,1.2292799021734329,0.06280486104716232,-1.1664750411262705,1,1,0,0
1569,1569.0,15.69,5.499999999999999,4.272035748227805,5.434715712432578,1.2279642517721943,0.06528428756742155,-1.1626799642047727,1,1,0,0
1570,1570.0,15.7,5.499999999999999,4.273506372793403,5.432663299066826,1.2264936272065965,0.0673367009331729,-1.1591569262734236,1,1,0,0
1571,1571.0,15.71,5.499999999999999,4.2751872735631675,5.432047366730889,1.2248127264368316,0.06795263326911005,-1.1568600931677215,1,1,0,0
1572,1572.0,15.72,5.499999999999999,4.276254248020166,5.430874725424183,1.2237457519798332,0.06912527457581596,-1.1546204774040172,1,1,0,0
1573,1573.0,15.73,5.499999999999999,4.278085743291587,5.430529976507919,1.2219142567084118,0.0694700234920802,-1.1524442332163316,1,1,0,0
1574,1574.0,15.74,5.499999999999999,4.27953306309876,5.429002031135524,1.2204669369012393,0.07099796886447507,-1.1494689680367642,1,1,0,0
1575,1575.0,15.75,5.499999999999999,4.281093075431211,5.4264440902778555,1.2189069245687882,0.07355590972214365,-1.1453510148466446,1,1,0,0
1576,1576.0,15.76,5.499999999999999,4.282793417948619,5.426830951341915,1.2172065820513804,0.07316904865808382,-1.1440375333932966,1,1,0,0
1577,1577.0,15.77,5.499999999999999,4.283867006299298,5.425151030520528,1.2161329937007013,0.07484896947947117,-1.14128402422123,1,1,0,0
1578,1578.0,15.78,5.499999999999999,4.285759736413947,5.424458338818107,1.2142402635860519,0.07554166118189176,-1.13869860240416,1,1,0,0
1579,1579.0,15.79,5.499999999999999,4.287267018044502,5.42277259040363,1.2127329819554973,0.07722740959636898,-1.1355055723591283,1,1,0,0
1580,1580.0,15.8,5.499999999999999,4.288873669709175,5.4207379743845365,1.2111263302908242,0.07926202561546258,-1.1318643046753616,1,1,0,0
1581,1581.0,15.81,5.499999999999999,4.290572038037703,5.420101270722273,1.2094279619622963,0.07989872927772623,-1.12952923268457,1,1,0,0
1582,1582.0,15.82,5.499999999999999,4.2916596070892625,5.418966153168164,1.2083403929107366,0.08103384683183545,-1.1273065460789011,1,1,0,0
1583,1583.0,15.83,5.499999999999999,4.2935816066447305,5.418907181929057,1.2064183933552686,0.08109281807094249,-1.125325575284326,1,1,0,0
1584,1584.0,15.84,5.499999999999999,4.295128064728228,5.416883455353641,1.204871935271771,0.08311654464635776,-1.1217553906254132,1,1,0,0
1585,1585.0,15.85,5.499999999999999,4.296742030943451,5.415434422148497,1.2032579690565477,0.0845655778515022,-1.1186923912050455,1,1,0,0
1586,1586.0,15.86,5.499999999999999,4.298437507996391,5.415909719816906,1.2015624920036085,0.08409028018309339,-1.1174722118205151,1,1,0,0
1587,1587.0,15.87,5.499999999999999,4.299540208285887,5.415063430888091,1.2004597917141124,0.08493656911190772,-1.1155232226022047,1,1,0,0
1588,1588.0,15.88,5.499999999999999,4.301480114593456,5.412153679645724,1.1985198854065429,0.08784632035427542,-1.1106735650522674,1,1,0,0
1589,1589.0,15.89,5.499999999999999,4.303052081494243,5.4100009242548905,1.1969479185057565,0.08999907574510857,-1.106948842760648,1,1,0,0
1590,1590.0,15.9,5.499999999999999,4.304683173633751,5.409135531473555,1.1953168263662484,0.09086446852644414,-1.1044523578398042,1,1,0,0
1591,1591.0,15.91,5.499999999999999,4.306393640549393,5.408071787756753,1.1936063594506061,0.09192821224324632,-1.1016781472073598,1,1,0,0
1592,1592.0,15.92,5.499999999999999,4.307525402621256,5.405670991786369,1.1924745973787427,0.09432900821362988,-1.0981455891651128,1,1,0,0
1593,1593.0,15.93,5.499999999999999,4.3094982391537355,5.401998900542378,1.1905017608462636,0.09800109945762081,-1.0925006613886428,1,1,0,0
1594,1594.0,15.94,5.499999999999999,4.311142380392537,5.398559383725096,1.1888576196074618,0.1014406162749033,-1.0874170033325585,1,1,0,0
1595,1595.0,15.95,5.499999999999999,4.312833651744643,5.3962611876756075,1.1871663482553565,0.10373881232439164,-1.0834275359309649,1,1,0,0
1596,1596.0,15.96,5.499999999999999,4.314608374335117,5.39382257553296,1.1853916256648818,0.10617742446703904,-1.0792142011978427,1,1,0,0
1597,1597.0,15.97,5.499999999999999,4.315655952219943,5.391846564923478,1.1843440477800558,0.1081534350765212,-1.0761906127035346,1,1,0,0
1598,1598.0,15.98,5.499999999999999,4.317574269136356,5.388020575807958,1.1824257308636428,0.11197942419204132,-1.0704463066716015,1,1,0,0
1599,1599.0,15.99,5.499999999999999,4.319159989763331,5.386263137789295,1.1808400102366683,0.113736862210704,-1.0671031480259643,1,1,0,0
1600,1600.0,16.0,5.499999999999999,4.320729149715237,5.385443131877456,1.1792708502847624,0.11455686812254307,-1.0647139821622194,1,1,0,0
1601,1601.0,16.01,5.499999999999999,4.322435934922639,5.382646648481024,1.1775640650773598,0.1173533515189753,-1.0602107135583845,1,1,0,0
1602,1602.0,16.02,5.499999999999999,4.32349574953608,5.382237952182223,1.1765042504639194,0.11776204781777633,-1.058742202646143,1,1,0,0
1603,1603.0,16.03,5.499999999999999,4.325432738637092,5.379416841395428,1.174567261362907,0.12058315860457114,-1.0539841027583359,1,1,0,0
1604,1604.0,16.04,5.499999999999999,4.327059498385331,5.3780180559506805,1.1729405016146677,0.12198194404931861,-1.050958557565349,1,1,0,0
1605,1605.0,16.05,5.499999999999999,4.328628425271558,5.3762122272032515,1.1713715747284414,0.12378777279674757,-1.0475838019316939,1,1,0,0
1606,1606.0,16.06,5.499999999999999,4.330314783545411,5.3732756384614975,1.169685216454588,0.12672436153850164,-1.0429608549160863,1,1,0,0
1607,1607.0,16.07,5.499999999999999,4.331405547067345,5.371142385476203,1.1685944529326537,0.1288576145237963,-1.0397368384088574,1,1,0,0
1608,1608.0,16.08,5.499999999999999,4.3333501233636476,5.369737782169544,1.1666498766363516,0.1302622178304551,-1.0363876588058965,1,1,0,0
1609,1609.0,16.09,5.499999999999999,4.3349908078783415,5.368437202252616,1.1650091921216577,0.13156279774738344,-1.0334463943742742,1,1,0,0
1610,1610.0,16.1,5.499999999999999,4.336514244881246,5.36576983258212,1.163485755118753,0.1342301674178792,-1.0292555877008738,1,1,0,0
1611,1611.0,16.11,5.499999999999999,4.338130719608216,5.363231875755682,1.161869280391783,0.13676812424431706,-1.0251011561474659,1,1,0,0
1612,1612.0,16.12,5.499999999999999,4.3391594585021,5.360286467793399,1.1608405414978993,0.1397135322066001,-1.0211270092912992,1,1,0,0
1613,1613.0,16.13,5.499999999999999,4.340957518186222,5.3586609622682735,1.1590424818137768,0.14133903773172563,-1.0177034440820512,1,1,0,0
1614,1614.0,16.14,5.499999999999999,4.342451799299267,5.356463302063114,1.1575482007007318,0.14353669793688528,-1.0140115027638466,1,1,0,0
1615,1615.0,16.15,5.499999999999999,4.343849130074674,5.355221593825265,1.156150869925325,0.14477840617473436,-1.0113724637505905,1,1,0,0
1616,1616.0,16.16,5.499999999999999,4.345354582951108,5.353014434050042,1.154645417048891,0.14698556594995704,-1.0076598510989339,1,1,0,0
1617,1617.0,16.17,5.499999999999999,4.346331156302803,5.350503952041073,1.1536688436971962,0.1494960479589258,-1.0041727957382705,1,1,0,0
1618,1618.0,16.18,5.499999999999999,4.348013033945022,5.349330210874987,1.1519869660549773,0.15066978912501217,-1.0013171769299651,1,1,0,0
1619,1619.0,16.19,5.499999999999999,4.349449894141987,5.348547295589812,1.150550105858012,0.151452704410187,-0.9990974014478251,1,1,0,0
1620,1620.0,16.2,5.499999999999999,4.35084098237281,5.347795402369876,1.1491590176271895,0.1522045976301234,-0.9969544199970661,1,1,0,0
1621,1621.0,16.21,5.499999999999999,4.35233483077782,5.345815298167841,1.1476651692221793,0.1541847018321585,-0.9934804673900208,1,1,0,0
1622,1622.0,16.22,5.499999999999999,4.353336183964993,5.34457527442544,1.146663816035006,0.15542472557455955,-0.9912390904604464,1,1,0,0
1623,1623.0,16.23,5.499999999999999,4.355049946384658,5.343168959479875,1.1449500536153412,0.15683104052012453,-0.9881190130952167,1,1,0,0
1624,1624.0,16.24,5.499999999999999,4.356506123103094,5.342588520416717,1.1434938768969047,0.15741147958328217,-0.9860823973136226,1,1,0,0
1625,1625.0,16.25,5.499999999999999,4.357910685706115,5.340656119364711,1.1420893142938837,0.15934388063528804,-0.9827454336585957,1,1,0,0
1626,1626.0,16.26,5.499999999999999,4.359425932545569,5.338672850406723,1.1405740674544305,0.16132714959327643,-0.979246917861154,1,1,0,0
1627,1627.0,16.27,5.499999999999999,4.360468374298264,5.3379511062757565,1.1395316257017347,0.16204889372424258,-0.9774827319774921,1,1,0,0
1628,1628.0,16.28,5.499999999999999,4.362131991972702,5.335058367335073,1.1378680080272972,0.16494163266492645,-0.9729263753623707,1,1,0,0
1629,1629.0,16.29,5.499999999999999,4.363623862157365,5.3323273252086345,1.1363761378426345,0.1676726747913646,-0.9687034630512699,1,1,0,0
1630,1630.0,16.3,5.499999999999999,4.365079450164072,5.329695207420188,1.1349205498359272,0.17030479257981135,-0.9646157572561158,1,1,0,0
1631,1631.0,16.31,5.499999999999999,4.3666894228234945,5.3264743330913324,1.1333105771765046,0.17352566690866666,-0.959784910267838,1,1,0,0
1632,1632.0,16.32,5.499999999999999,4.367877529022402,5.324210471096196,1.1321224709775972,0.1757895289038034,-0.9563329420737938,1,1,0,0
1633,1633.0,16.33,5.499999999999999,4.369791519251549,5.321760669951882,1.1302084807484505,0.17823933004811732,-0.9519691507003332,1,1,0,0
1634,1634.0,16.34,5.499999999999999,4.371393915133989,5.31805348366552,1.1286060848660098,0.1819465163344791,-0.9466595685315307,1,1,0,0
1635,1635.0,16.35,5.499999999999999,4.372968622882559,5.313951666618318,1.12703137711744,0.18604833338168092,-0.9409830437357591,1,1,0,0
1636,1636.0,16.36,5.499999999999999,4.374672170336268,5.312148239179585,1.125327829663731,0.187851760820414,-0.937476068843317,1,1,0,0
1637,1637.0,16.37,5.499999999999999,4.375963253817214,5.311102366942227,1.1240367461827852,0.1888976330577723,-0.9351391131250129,1,1,0,0
1638,1638.0,16.38,5.499999999999999,4.3774966931161945,5.308802716921869,1.1225033068838046,0.19119728307813055,-0.9313060238056741,1,1,0,0
1639,1639.0,16.39,5.499999999999999,4.378595504552535,5.30704857642279,1.1214044954474645,0.19295142357720874,-0.9284530718702557,1,1,0,0
1640,1640.0,16.4,5.499999999999999,4.379719268058875,5.304037674397786,1.1202807319411239,0.19596232560221338,-0.9243184063389105,1,1,0,0
1641,1641.0,16.41,5.499999999999999,4.381028349161269,5.302553217921955,1.1189716508387297,0.19744678207804434,-0.9215248687606854,1,1,0,0
1642,1642.0,16.42,5.499999999999999,4.382118388072979,5.300492011992231,1.1178816119270198,0.1995079880077677,-0.9183736239192521,1,1,0,0
1643,1643.0,16.43,5.499999999999999,4.3834456182323045,5.297686328213888,1.1165543817676946,0.20231367178611137,-0.9142407099815832,1,1,0,0
1644,1644.0,16.44,5.499999999999999,4.3845640443940335,5.295412133327241,1.1154359556059656,0.20458786667275852,-0.9108480889332071,1,1,0,0
1645,1645.0,16.45,5.499999999999999,4.38566962319799,5.294319940603609,1.114330376802009,0.2056800593963901,-0.9086503174056189,1,1,0,0
1646,1646.0,16.46,5.499999999999999,4.38697457379205,5.292661511163088,1.1130254262079493,0.20733848883691142,-0.9056869373710379,1,1,0,0
1647,1647.0,16.47,5.499999999999999,4.388090015546249,5.289434105215567,1.1119099844537503,0.21056589478443222,-0.9013440896693181,1,1,0,0
1648,1648.0,16.48,5.499999999999999,4.389420209349519,5.287445472309074,1.1105797906504797,0.21255452769092553,-0.8980252629595542,1,1,0,0
1649,1649.0,16.49,5.499999999999999,4.390655620040984,5.285158133513721,1.1093443799590155,0.21484186648627812,-0.8945025134727373,1,1,0,0
1650,1650.0,16.5,5.499999999999999,4.391920348210553,5.283435347462915,1.1080796517894465,0.2165646525370839,-0.8915149992523625,1,1,0,0
1651,1651.0,16.51,5.499999999999999,4.393373516921243,5.282065807451632,1.106626483078756,0.2179341925483671,-0.8886922905303889,1,1,0,0
1652,1652.0,16.52,5.499999999999999,4.39466472879673,5.281055227565616,1.105335271203269,0.2189447724343827,-0.8863904987688862,1,1,0,0
1653,1653.0,16.53,5.499999999999999,4.396238295774979,5.278138329524611,1.10376170422502,0.22186167047538774,-0.8819000337496323,1,1,0,0
1654,1654.0,16.54,5.499999999999999,4.397673067448769,5.275759916649742,1.1023269325512297,0.22424008335025736,-0.8780868492009724,1,1,0,0
1655,1655.0,16.55,5.499999999999999,4.399094688091027,5.274743880961557,1.1009053119089725,0.22525611903844212,-0.8756491928705303,1,1,0,0
1656,1656.0,16.56,5.499999999999999,4.400734210977411,5.274023270544655,1.0992657890225885,0.2259767294553443,-0.8732890595672442,1,1,0,0
1657,1657.0,16.57,5.499999999999999,4.402173955649963,5.272713747236174,1.097826044350036,0.2272862527638253,-0.8705397915862108,1,1,0,0
1658,1658.0,16.58,5.499999999999999,4.403846564863191,5.270065103651201,1.0961534351368085,0.22993489634879793,-0.8662185387880106,1,1,0,0
1659,1659.0,16.59,5.499999999999999,4.405371276298342,5.26843278562878,1.094628723701657,0.23156721437121952,-0.8630615093304375,1,1,0,0
1660,1660.0,16.6,5.499999999999999,4.406913466690765,5.267498296772539,1.0930865333092346,0.23250170322746033,-0.8605848300817742,1,1,0,0
1661,1661.0,16.61,5.499999999999999,4.408679846411575,5.2659938910118615,1.0913201535884243,0.23400610898813756,-0.8573140446002867,1,1,0,0
1662,1662.0,16.62,5.499999999999999,4.410249475133176,5.263666527990352,1.0897505248668233,0.2363334720096475,-0.8534170528571758,1,1,0,0
1663,1663.0,16.63,5.499999999999999,4.412066547837089,5.260984275970511,1.0879334521629103,0.23901572402948812,-0.8489177281334221,1,1,0,0
1664,1664.0,16.64,5.499999999999999,4.413717980634773,5.259197811572857,1.0862820193652265,0.24080218842714185,-0.8454798309380847,1,1,0,0
1665,1665.0,16.65,5.499999999999999,4.415370053081324,5.256024603471537,1.0846299469186755,0.24397539652846234,-0.8406545503902132,1,1,0,0
1666,1666.0,16.66,5.499999999999999,4.417254227365375,5.252516167033597,1.082745772634624,0.24748383296640242,-0.8352619396682215,1,1,0,0
1667,1667.0,16.67,5.499999999999999,4.418926531439517,5.249557798846099,1.081073468560482,0.25044220115390026,-0.8306312674065817,1,1,0,0
1668,1668.0,16.68,5.499999999999999,4.42079759344969,5.247762908214546,1.0792024065503094,0.25223709178545306,-0.8269653147648564,1,1,0,0
1669,1669.0,16.69,5.499999999999999,4.42252717635389,5.245620841449029,1.0774728236461089,0.2543791585509698,-0.823093665095139,1,1,0,0
1670,1670.0,16.7,5.499999999999999,4.424288367895577,5.243351280788916,1.0757116321044222,0.2566487192110829,-0.8190629128933393,1,1,0,0
1671,1671.0,16.71,5.499999999999999,4.426292421356723,5.241054868840684,1.0737075786432762,0.25894513115931517,-0.814762447483961,1,1,0,0
1672,1672.0,16.72,5.499999999999999,4.4280605636927,5.236539379095826,1.0719394363072992,0.26346062090417277,-0.8084788154031264,1,1,0,0
1673,1673.0,16.73,5.499999999999999,4.430034824249769,5.234171792192165,1.0699651757502302,0.265828207807834,-0.8041369679423962,1,1,0,0
1674,1674.0,16.74,5.499999999999999,4.431874067571327,5.23276166603762,1.0681259324286723,0.2672383339623794,-0.8008875984662929,1,1,0,0
1675,1675.0,16.75,5.499999999999999,4.4337518339394455,5.230616621688754,1.0662481660605536,0.2693833783112449,-0.7968647877493087,1,1,0,0
1676,1676.0,16.76,5.499999999999999,4.435865768623165,5.22835772267113,1.0641342313768343,0.27164227732886914,-0.7924919540479651,1,1,0,0
1677,1677.0,16.77,5.499999999999999,4.4377168101625015,5.225380015212821,1.0622831898374976,0.2746199847871784,-0.7876632050503192,1,1,0,0
1678,1678.0,16.78,5.499999999999999,4.439725715258805,5.223680443971646,1.060274284741194,0.2763195560283531,-0.7839547287128408,1,1,0,0
1679,1679.0,16.79,5.499999999999999,4.441632553876411,5.220853255624913,1.0583674461235884,0.2791467443750859,-0.7792207017485024,1,1,0,0
1680,1680.0,16.8,5.499999999999999,4.443632428371382,5.216845964036241,1.0563675716286172,0.2831540359637579,-0.7732135356648593,1,1,0,0
1681,1681.0,16.81,5.499999999999999,4.445843972789886,5.214584265348575,1.0541560272101131,0.28541573465142367,-0.7687402925586895,1,1,0,0
1682,1682.0,16.82,5.499999999999999,4.447795561942751,5.211114422350494,1.052204438057248,0.28888557764950473,-0.7633188604077432,1,1,0,0
1683,1683.0,16.83,5.499999999999999,4.449900187568777,5.209313647528425,1.0500998124312222,0.2906863524715737,-0.7594134599596485,1,1,0,0
1684,1684.0,16.84,5.499999999999999,4.451919392144741,5.205360806364647,1.0480806078552583,0.2946391936353523,-0.753441414219906,1,1,0,0
1685,1685.0,16.85,5.499999999999999,4.454045634184367,5.202531735903805,1.045954365815632,0.2974682640961941,-0.748486101719438,1,1,0,0
1686,1686.0,16.86,5.499999999999999,4.456387952429413,5.199804726503613,1.0436120475705861,0.300195273496386,-0.7434167740742001,1,1,0,0
1687,1687.0,16.87,5.499999999999999,4.458472844464199,5.197489221184618,1.0415271555358006,0.3025107788153809,-0.7390163767204196,1,1,0,0
1688,1688.0,16.88,5.499999999999999,4.460667240603079,5.195031426340901,1.0393327593969204,0.3049685736590977,-0.7343641857378227,1,1,0,0
1689,1689.0,16.89,5.499999999999999,4.462801673416287,5.190912667518286,1.0371983265837121,0.30908733248171316,-0.728110994101999,1,1,0,0
1690,1690.0,16.9,5.499999999999999,4.465050250299786,5.188441200965313,1.0349497497002131,0.3115587990346862,-0.7233909506655269,1,1,0,0
1691,1691.0,16.91,5.499999999999999,4.4675213263220686,5.186466387224048,1.0324786736779306,0.3135336127759514,-0.7189450609019792,1,1,0,0
1692,1692.0,16.92,5.499999999999999,4.469734306604697,5.184638008625589,1.030265693395302,0.31536199137441034,-0.7149037020208917,1,1,0,0
1693,1693.0,16.93,5.499999999999999,4.4720186596425755,5.182708448844635,1.0279813403574236,0.317291551155364,-0.7106897892020596,1,1,0,0
1694,1694.0,16.94,5.499999999999999,4.474287587038868,5.180428917664473,1.0257124129611315,0.3195710823355258,-0.7061413306256057,1,1,0,0
1695,1695.0,16.95,5.499999999999999,4.4766652045565705,5.177323287086945,1.0233347954434286,0.32267671291305433,-0.7006580825303743,1,1,0,0
1696,1696.0,16.96,5.499999999999999,4.4792591894243285,5.176078575556271,1.0207408105756706,0.3239214244437285,-0.696819386131942,1,1,0,0
1697,1697.0,16.97,5.499999999999999,4.481611480383607,5.174847370076797,1.0183885196163924,0.3251526299232017,-0.6932358896931907,1,1,0,0
1698,1698.0,16.98,5.499999999999999,4.483981695926103,5.172731599507582,1.0160183040738957,0.3272684004924171,-0.6887499035814786,1,1,0,0
1699,1699.0,16.99,5.499999999999999,4.486395421870555,5.168412070242611,1.0136045781294438,0.33158792975738827,-0.6820166483720556,1,1,0,0
1700,1700.0,17.0,5.499999999999999,4.488931165114784,5.165243764352091,1.011068834885215,0.3347562356479079,-0.6763125992373071,1,1,0,0
1701,1701.0,17.01,5.499999999999999,4.491663881055894,5.165876054441969,1.0083361189441051,0.33412394555803004,-0.6742121733860751,1,1,0,0
1702,1702.0,17.02,5.499999999999999,4.4941602187484415,5.163407082196384,1.0058397812515576,0.3365929178036149,-0.6692468634479427,1,1,0,0
1703,1703.0,17.03,5.499999999999999,4.4966668874592655,5.1595506088749765,1.0033331125407337,0.3404493911250226,-0.6628837214157111,1,1,0,0
1704,1704.0,17.04,5.499999999999999,4.499228721309705,5.156783885451593,1.0007712786902943,0.3432161145484063,-0.657555164141888,1,1,0,0
1705,1705.0,17.05,5.499999999999999,4.501917792199519,5.154677376277568,0.9980822078004801,0.3453226237224314,-0.6527595840780487,1,1,0,0
1706,1706.0,17.06,5.499999999999999,4.5048874756342,5.153599873776603,0.9951125243657994,0.3464001262233962,-0.6487123981424032,1,1,0,0
1707,1707.0,17.07,5.499999999999999,4.507631782022422,5.15107857770505,0.9923682179775772,0.34892142229494905,-0.6434467956826282,1,1,0,0
1708,1708.0,17.08,5.499999999999999,4.510396528702354,5.14933495562871,0.9896034712976451,0.3506650443712891,-0.638938426926356,1,1,0,0
1709,1709.0,17.09,5.499999999999999,4.513182213035339,5.146536464678765,0.9868177869646599,0.3534635353212341,-0.6333542516434258,1,1,0,0
1710,1710.0,17.1,5.499999999999999,4.516094165250775,5.144570242225352,0.9839058347492244,0.35542975777464747,-0.628476076974577,1,1,0,0
1711,1711.0,17.11,5.499999999999999,4.51929628527079,5.141257060431228,0.9807037147292093,0.3587429395687707,-0.6219607751604386,1,1,0,0
1712,1712.0,17.12,5.499999999999999,4.522297533031174,5.137949595423869,0.9777024669688252,0.3620504045761299,-0.6156520623926953,1,1,0,0
1713,1713.0,17.13,5.499999999999999,4.5253006185154465,5.135621681651721,0.9746993814845526,0.36437831834827783,-0.6103210631362748,1,1,0,0
1714,1714.0,17.14,5.499999999999999,4.528303430631326,5.132067633987207,0.9716965693686728,0.3679323660127922,-0.6037642033558805,1,1,0,0
1715,1715.0,17.15,5.499999999999999,4.531430739313848,5.130298229194173,0.9685692606861513,0.36970177080582634,-0.598867489880325,1,1,0,0
1716,1716.0,17.16,5.499999999999999,4.533860214045882,5.127847029613509,0.966139785954117,0.3721529703864901,-0.5939868155676269,1,1,0,0
1717,1717.0,17.17,5.499999999999999,4.537942565021733,5.1239037014773325,0.9620574349782665,0.37609629852266657,-0.5859611364555999,1,1,0,0
1718,1718.0,17.18,5.499999999999999,4.541813482043756,5.12135579317409,0.9581865179562428,0.3786442068259088,-0.5795423111303339,1,1,0,0
1719,1719.0,17.19,5.499999999999999,4.545181529378139,5.117747909692807,0.9548184706218601,0.3822520903071922,-0.5725663803146679,1,1,0,0
1720,1720.0,17.2,5.499999999999999,4.548883239855247,5.115970999840981,0.9511167601447523,0.38402900015901853,-0.5670877599857338,1,1,0,0
1721,1721.0,17.21,5.499999999999999,4.550746783802718,5.112469558465488,0.9492532161972811,0.3875304415345111,-0.56172277466277,1,1,0,0
1722,1722.0,17.22,5.499999999999999,4.554728740822599,5.110210715930376,0.9452712591774004,0.3897892840696233,-0.5554819751077771,1,1,0,0
1723,1723.0,17.23,5.499999999999999,4.558652739024012,5.108825454795144,0.941347260975987,0.39117454520485495,-0.550172715771132,1,1,0,0
1724,1724.0,17.24,5.499999999999999,4.562047258100513,5.1061513995732675,0.937952741899486,0.39384860042673164,-0.5441041414727543,1,1,0,0
1725,1725.0,17.25,5.499999999999999,4.565486189917195,5.103913465550558,0.9345138100828043,0.39608653444944153,-0.5384272756333628,1,1,0,0
1726,1726.0,17.26,5.499999999999999,4.567614388606718,5.101472945491123,0.9323856113932809,0.39852705450887616,-0.5338585568844048,1,1,0,0
1727,1727.0,17.27,5.499999999999999,4.571536195065137,5.099256986571389,0.9284638049348617,0.4007430134286105,-0.5277207915062512,1,1,0,0
1728,1728.0,17.28,5.499999999999999,4.575549575722246,5.0969347530772104,0.9244504242777527,0.40306524692278867,-0.521385177354964,1,1,0,0
1729,1729.0,17.29,5.499999999999999,4.579223932368668,5.09416633142238,0.9207760676313308,0.4058336685776194,-0.5149423990537114,1,1,0,0
1730,1730.0,17.3,5.499999999999999,4.582405767212647,5.091142706350641,0.9175942327873523,0.4088572936493584,-0.5087369391379939,1,1,0,0
1731,1731.0,17.31,5.499999999999999,4.5845098150135035,5.088282309532387,0.9154901849864956,0.4117176904676123,-0.5037724945188833,1,1,0,0
1732,1732.0,17.32,5.499999999999999,4.5882541848126595,5.084664284224815,0.9117458151873397,0.4153357157751838,-0.49641009941215586,1,1,0,0
1733,1733.0,17.33,5.499999999999999,4.592202216245385,5.083990769398157,0.9077977837546145,0.41600923060184236,-0.49178855315277215,1,1,0,0
1734,1734.0,17.34,5.499999999999999,4.595849024953545,5.082881662297941,0.9041509750464538,0.41711833770205775,-0.48703263734439606,1,1,0,0
1735,1735.0,17.35,5.499999999999999,4.5988651317918885,5.081678310135643,0.9011348682081106,0.41832168986435647,-0.48281317834375415,1,1,0,0
1736,1736.0,17.36,5.499999999999999,4.600910038681606,5.078873952741192,0.8990899613183929,0.42112604725880676,-0.47796391405958616,1,1,0,0
1737,1737.0,17.37,5.499999999999999,4.604637371555044,5.076024543092104,0.8953626284449552,0.42397545690789507,-0.4713871715370601,1,1,0,0
1738,1738.0,17.38,5.499999999999999,4.608570733351923,5.075958747669298,0.8914292666480765,0.4240412523307011,-0.4673880143173754,1,1,0,0
1739,1739.0,17.39,5.499999999999999,4.612267571449369,5.072334922999596,0.8877324285506303,0.4276650770004027,-0.4600673515502276,1,1,0,0
1740,1740.0,17.4,5.499999999999999,4.615310694402406,5.067594954895144,0.8846893055975933,0.4324050451048551,-0.4522842604927382,1,1,0,0
1741,1741.0,17.41,5.499999999999999,4.617246670666075,5.0648446881719655,0.8827533293339238,0.4351553118280336,-0.44759801750589023,1,1,0,0
1742,1742.0,17.42,5.499999999999999,4.621035182829992,5.0636025518129415,0.8789648171700071,0.4363974481870576,-0.44256736898294946,1,1,0,0
1743,1743.0,17.43,5.499999999999999,4.625028080884876,5.062033893875964,0.8749719191151231,0.4379661061240352,-0.43700581299108787,1,1,0,0
1744,1744.0,17.44,5.499999999999999,4.628729228945156,5.058941975742991,0.8712707710548431,0.4410580242570079,-0.43021274679783517,1,1,0,0
1745,1745.0,17.45,5.499999999999999,4.631807038352546,5.056808877352784,0.8681929616474529,0.4431911226472147,-0.42500183900023814,1,1,0,0
1746,1746.0,17.46,5.499999999999999,4.633745984006859,5.053536564891244,0.8662540159931398,0.44646343510875486,-0.4197905808843849,1,1,0,0
1747,1747.0,17.47,5.499999999999999,4.6376343006245495,5.050574975359159,0.8623656993754496,0.4494250246408402,-0.4129406747346094,1,1,0,0
1748,1748.0,17.48,5.499999999999999,4.641745375845624,5.047378316500479,0.8582546241543749,0.4526216834995198,-0.4056329406548551,1,1,0,0
1749,1749.0,17.49,5.499999999999999,4.645542284902278,5.044223363948548,0.8544577150977215,0.4557766360514508,-0.3986810790462707,1,1,0,0
1750,1750.0,17.5,5.499999999999999,4.648706486874185,5.042710572407942,0.8512935131258139,0.45728942759205715,-0.39400408553375676,1,1,0,0
1751,1751.0,17.51,5.499999999999999,4.650631749352048,5.0404041901566385,0.8493682506479514,0.45959580984336057,-0.38977244080459084,1,1,0,0
1752,1752.0,17.52,5.499999999999999,4.654587464484015,5.039264197159726,0.845412535515984,0.46073580284027305,-0.384676732675711,1,1,0,0
1753,1753.0,17.53,5.499999999999999,4.6588075681700305,5.036911961901852,0.8411924318299686,0.4630880380981468,-0.3781043937318218,1,1,0,0
1754,1754.0,17.54,5.499999999999999,4.662648021202288,5.032684525236788,0.8373519787977113,0.4673154747632111,-0.37003650403450017,1,1,0,0
1755,1755.0,17.55,5.499999999999999,4.665847849038743,5.029924689227205,0.8341521509612564,0.47007531077279374,-0.36407684018846265,1,1,0,0
1756,1756.0,17.56,5.499999999999999,4.667821152144254,5.026149623944159,0.8321788478557455,0.47385037605584035,-0.3583284717999051,1,1,0,0
1757,1757.0,17.57,5.499999999999999,4.671873124947459,5.02403505532913,0.8281268750525399,0.4759649446708689,-0.352161930381671,1,1,0,0
1758,1758.0,17.58,5.499999999999999,4.67627233694595,5.020561284496565,0.8237276630540489,0.4794387155034343,-0.34428894755061457,1,1,0,0
1759,1759.0,17.59,5.499999999999999,4.680236243697604,5.019023789890878,0.819763756302395,0.4809762101091213,-0.33878754619327367,1,1,0,0
1760,1760.0,17.6,5.499999999999999,4.683574133108025,5.017588582562336,0.8164258668919739,0.482411417437663,-0.3340144494543109,1,1,0,0
1761,1761.0,17.61,5.499999999999999,4.685640641416111,5.013992124260857,0.8143593585838884,0.4860078757391424,-0.328351482844746,1,1,0,0
1762,1762.0,17.62,5.499999999999999,4.689748152346525,5.011302369015772,0.8102518476534737,0.4886976309842268,-0.3215542166692469,1,1,0,0
1763,1763.0,17.63,5.499999999999999,4.6942693714998125,5.008424222992975,0.8057306285001866,0.49157577700702415,-0.31415485149316247,1,1,0,0
1764,1764.0,17.64,5.499999999999999,4.698250755877299,5.006320812467468,0.8017492441226999,0.49367918753253104,-0.30807005659016884,1,1,0,0
1765,1765.0,17.65,5.499999999999999,4.701651497649556,5.003405672629282,0.7983485023504429,0.4965943273707172,-0.3017541749797257,1,1,0,0
1766,1766.0,17.66,5.499999999999999,4.7037965122007375,4.999378420396313,0.7962034877992616,0.5006215796036857,-0.29558190819557595,1,1,0,0
1767,1767.0,17.67,5.499999999999999,4.7079120530572105,4.995835064326928,0.7920879469427886,0.5041649356730709,-0.28792301126971775,1,1,0,0
1768,1768.0,17.68,5.499999999999999,4.712496056424689,4.993034837648234,0.7875039435753104,0.506965162351765,-0.28053878122354536,1,1,0,0
1769,1769.0,17.69,5.499999999999999,4.716504640906617,4.990383964996054,0.783495359093382,0.5096160350039449,-0.27387932408943705,1,1,0,0
1770,1770.0,17.7,5.499999999999999,4.719955418235094,4.987374664859625,0.7800445817649049,0.512625335140374,-0.26741924662453087,1,1,0,0
1771,1771.0,17.71,5.499999999999999,4.722063463157126,4.986542908041098,0.7779365368428728,0.5134570919589008,-0.264479444883972,1,1,0,0
1772,1772.0,17.72,5.499999999999999,4.726074153911041,4.983573837928386,0.7739258460889582,0.5164261620716131,-0.25749968401734513,1,1,0,0
1773,1773.0,17.73,5.499999999999999,4.730672458389654,4.9804578152748515,0.7693275416103456,0.5195421847251476,-0.24978535688519798,1,1,0,0
1774,1774.0,17.74,5.499999999999999,4.734650018228502,4.977286513266778,0.7653499817714975,0.5227134867332213,-0.24263649503827622,1,1,0,0
1775,1775.0,17.75,5.499999999999999,4.73807707861738,4.976447379637753,0.7619229213826193,0.5235526203622465,-0.23837030102037282,1,1,0,0
1776,1776.0,17.76,5.499999999999999,4.740094861249755,4.9734625181285175,0.759905138750244,0.5265374818714816,-0.23336765687876238,1,1,0,0
1777,1777.0,17.77,5.499999999999999,4.744035813924868,4.969008136420185,0.7559641860751309,0.5309918635798141,-0.22497232249531685,1,1,0,0
1778,1778.0,17.78,5.499999999999999,4.748648812538843,4.966040838051422,0.7513511874611565,0.5339591619485775,-0.21739202551257897,1,1,0,0
1779,1779.0,17.79,5.499999999999999,4.752620253417147,4.963546874922501,0.747379746582852,0.5364531250774984,-0.21092662150535357,1,1,0,0
1780,1780.0,17.8,5.499999999999999,4.756027786935137,4.961220072239076,0.743972213064862,0.5387799277609231,-0.20519228530393896,1,1,0,0
1781,1781.0,17.81,5.499999999999999,4.757883238623122,4.9578050259540385,0.7421167613768773,0.5421949740459606,-0.1999217873309167,1,1,0,0
1782,1782.0,17.82,5.499999999999999,4.761767828355621,4.955414372304779,0.7382321716443778,0.5445856276952199,-0.19364654394915792,1,1,0,0
1783,1783.0,17.83,5.499999999999999,4.766397049005278,4.952079002451041,0.7336029509947215,0.5479209975489585,-0.185681953445763,1,1,0,0
1784,1784.0,17.84,5.499999999999999,4.770318695926784,4.9502877447532585,0.7296813040732149,0.5497122552467406,-0.17996904882647424,1,1,0,0
1785,1785.0,17.85,5.499999999999999,4.7736684574469495,4.946287082662165,0.7263315425530497,0.5537129173378341,-0.17261862521521554,1,1,0,0
1786,1786.0,17.86,5.499999999999999,4.775415355965264,4.942934468520922,0.724584644034735,0.5570655314790773,-0.16751911255565766,1,1,0,0
1787,1787.0,17.87,5.499999999999999,4.779293326082339,4.941615108842839,0.7207066739176602,0.5583848911571598,-0.16232178276050035,1,1,0,0
1788,1788.0,17.88,5.499999999999999,4.783932018088256,4.939116079026823,0.7160679819117428,0.5608839209731764,-0.1551840609385664,1,1,0,0
1789,1789.0,17.89,5.499999999999999,4.787807858832024,4.937564987998664,0.712192141167975,0.5624350120013348,-0.1497571291666402,1,1,0,0
1790,1790.0,17.9,5.499999999999999,4.791102137653508,4.934933710023863,0.7088978623464914,0.5650662899761363,-0.14383157237035515,1,1,0,0
1791,1791.0,17.91,5.499999999999999,4.792771905773975,4.932402005052453,0.7072280942260241,0.5675979949475458,-0.13963009927847825,1,1,0,0
1792,1792.0,17.92,5.499999999999999,4.796731184966422,4.931830724278342,0.7032688150335771,0.5681692757216572,-0.13509953931191987,1,1,0,0
1793,1793.0,17.93,5.499999999999999,4.801465032743356,4.929024818374413,0.6985349672566432,0.5709751816255864,-0.12755978563105685,1,1,0,0
1794,1794.0,17.94,5.499999999999999,4.805299275288797,4.927054457604231,0.6947007247112023,0.5729455423957681,-0.12175518231543414,1,1,0,0
1795,1795.0,17.95,5.499999999999999,4.808566985708738,4.922799971366643,0.6914330142912615,0.5772000286333565,-0.11423298565790496,1,1,0,0
1796,1796.0,17.96,5.499999999999999,4.8102596387179934,4.9198071503262115,0.6897403612820057,0.5801928496737876,-0.10954751160821807,1,1,0,0
1797,1797.0,17.97,5.499999999999999,4.814416625225657,4.917201094560926,0.6855833747743425,0.5827989054390734,-0.10278446933526908,1,1,0,0
1798,1798.0,17.98,5.499999999999999,4.819300201853042,4.913994826941194,0.6806997981469571,0.5860051730588047,-0.0946946250881524,1,0,0,1
1799,1799.0,17.99,5.499999999999999,4.8232108899183395,4.9109045580427,0.6767891100816597,0.5890954419572987,-0.08769366812436097,1,0,0,1
1800,1800.0,18.0,5.499999999999999,4.826607455486216,4.907192327700181,0.6733925445137832,0.5928076722998181,-0.08058487221396504,1,0,0,1
1801,1801.0,18.01,5.499999999999999,4.828251105400351,4.904480090333667,0.6717488945996477,0.595519909666332,-0.07622898493331576,1,0,0,1
1802,1802.0,18.02,5.499999999999999,4.8324683276605755,4.901633298339048,0.6675316723394236,0.5983667016609511,-0.06916497067847249,1,0,0,1
1803,1803.0,18.03,5.499999999999999,4.837440740015397,4.8976109827927194,0.6625592599846017,0.6023890172072797,-0.06017024277732208,1,0,0,1
1804,1804.0,18.04,5.499999999999999,4.841449736545751,4.892916575033646,0.6585502634542477,0.607083424966353,-0.051466838487894684,1,0,0,1
1805,1805.0,18.05,5.499999999999999,4.844950885930154,4.890639263360305,0.6550491140698451,0.6093607366396938,-0.045688377430151306,1,0,0,1
1806,1806.0,18.06,5.499999999999999,4.846658124866707,4.888309105006021,0.6533418751332922,0.6116908949939779,-0.04165098013931434,1,0,0,1
1807,1807.0,18.07,5.499999999999999,4.851049514159153,4.885406442528451,0.6489504858408459,0.6145935574715482,-0.03435692836929771,1,0,0,1
1808,1808.0,18.08,5.499999999999999,4.856220990777416,4.882873991572112,0.643779009222583,0.6171260084278867,-0.026653000794696347,1,0,0,1
1809,1809.0,18.09,5.499999999999999,4.860344096738448,4.877784006279194,0.6396559032615512,0.6222159937208049,-0.017439909540746257,1,0,0,1
1810,1810.0,18.1,5.499999999999999,4.863975228774761,4.875215716603652,0.6360247712252383,0.6247842833963473,-0.011240487828890977,1,0,0,1
1811,1811.0,18.11,5.499999999999999,4.865828624007071,4.872744067318057,0.6341713759929277,0.6272559326819422,-0.006915443310985481,1,0,0,1
1812,1812.0,18.12,5.499999999999999,4.870451858488772,4.8696054401554045,0.6295481415112274,0.6303945598445946,0.0008464183333671826,1,0,0,1
1813,1813.0,18.13,5.499999999999999,4.875762571924354,4.865490514621656,0.6242374280756451,0.6345094853783433,0.010272057302698201,1,0,0,1
1814,1814.0,18.14,5.499999999999999,4.879982251248151,4.860798815415301,0.6200177487518479,0.6392011845846985,0.019183435832850648,1,0,0,1
1815,1815.0,18.15,5.499999999999999,4.8836683940223,4.857313248352657,0.6163316059776989,0.642686751647342,0.026355145669643143,1,0,0,1
1816,1816.0,18.16,5.499999999999999,4.885537638429144,4.8552934289857035,0.6144623615708555,0.6447065710142956,0.030244209443440084,1,0,0,1
1817,1817.0,18.17,5.499999999999999,4.8903035608003895,4.853570334848987,0.6096964391996096,0.646429665151012,0.03673322595140238,1,0,0,1
1818,1818.0,18.18,5.499999999999999,4.895593984278996,4.849663793113541,0.6044060157210032,0.6503362068864584,0.04593019116545527,1,0,0,1
1819,1819.0,18.19,5.499999999999999,4.899811502979223,4.84789949859459,0.6001884970207758,0.6521005014054095,0.051912004384633725,1,0,0,1
1820,1820.0,18.2,5.499999999999999,4.903530187742178,4.8450432330695925,0.5964698122578209,0.6549567669304066,0.05848695467258569,1,0,0,1
1821,1821.0,18.21,5.499999999999999,4.905513024371717,4.842672178263171,0.594486975628282,0.6573278217368284,0.06284084610854634,1,0,0,1
1822,1822.0,18.22,5.499999999999999,4.9103887920771605,4.838694127383661,0.5896112079228386,0.6613058726163379,0.07169466469349928,1,0,0,1
1823,1823.0,18.23,5.499999999999999,4.915625118210929,4.835642290290835,0.5843748817890697,0.6643577097091642,0.07998282792009448,1,0,0,1
1824,1824.0,18.24,5.499999999999999,4.919794884003214,4.833616877345197,0.5802051159967849,0.6663831226548025,0.08617800665801756,1,0,0,1
1825,1825.0,18.25,5.499999999999999,4.923530962411257,4.831719131144998,0.5764690375887422,0.6682808688550015,0.09181183126625925,1,0,0,1
1826,1826.0,18.26,5.499999999999999,4.925403047522617,4.830812982476674,0.574596952477382,0.669187017523325,0.09459006504594303,1,0,0,1
1827,1827.0,18.27,5.499999999999999,4.930117628271102,4.827931193292048,0.5698823717288972,0.6720688067079514,0.10218643497905422,1,0,1,0
1828,1828.0,18.28,5.499999999999999,4.93527457255611,4.825071493939684,0.5647254274438893,0.674928506060315,0.11020307861642564,1,0,1,0
1829,1829.0,18.29,5.499999999999999,4.939341821371787,4.822618974136386,0.5606581786282119,0.677381025863613,0.11672284723540116,1,0,1,0
1830,1830.0,18.3,5.499999999999999,4.9429663376256805,4.819156513555229,0.5570336623743186,0.6808434864447701,0.12380982407045149,1,0,1,0
1831,1831.0,18.31,5.499999999999999,4.944623076670228,4.8145599301993425,0.5553769233297707,0.6854400698006566,0.1300631464708859,1,0,1,0
1832,1832.0,18.32,5.499999999999999,4.9493526437425945,4.8108389022810005,0.5506473562574046,0.6891610977189986,0.138513741461594,1,0,1,0
1833,1833.0,18.33,5.499999999999999,4.954551934958989,4.807811231990709,0.5454480650410103,0.6921887680092897,0.14674070296827946,1,0,1,0
1834,1834.0,18.34,5.499999999999999,4.958550496074088,4.805274814549862,0.5414495039259108,0.6947251854501371,0.15327568152422621,1,0,1,0
1835,1835.0,18.35,5.499999999999999,4.9621405155597875,4.801599628992179,0.5378594844402116,0.6984003710078204,0.1605408865676088,1,0,1,0
1836,1836.0,18.36,5.499999999999999,4.963675725391409,4.798353419499645,0.5363242746085897,0.7016465805003538,0.1653223058917641,1,0,1,0
1837,1837.0,18.37,5.499999999999999,4.968418159439949,4.79477194278069,0.5315818405600501,0.7052280572193093,0.17364621665925917,1,0,1,0
1838,1838.0,18.38,5.499999999999999,4.973600130655487,4.791626501207361,0.5263998693445124,0.7083734987926382,0.18197362944812578,1,0,1,0
1839,1839.0,18.39,5.499999999999999,4.977446070305343,4.788720101351733,0.5225539296946557,0.7112798986482662,0.1887259689536105,1,0,1,0
1840,1840.0,18.4,5.499999999999999,4.980904888709007,4.7842934921129885,0.5190951112909925,0.7157065078870106,0.19661139659601812,1,0,1,0
1841,1841.0,18.41,5.499999999999999,4.982173358743339,4.780275026935649,0.5178266412566597,0.7197249730643502,0.20189833180769057,1,0,1,0
1842,1842.0,18.42,5.499999999999999,4.987236653741772,4.7768775561732335,0.5127633462582271,0.7231224438267656,0.21035909756853854,1,0,1,0
1843,1843.0,18.43,5.499999999999999,4.9920184378461885,4.774744733215005,0.5079815621538106,0.7252552667849939,0.21727370463118323,1,0,1,0
1844,1844.0,18.44,5.499999999999999,4.9958476649501256,4.770963985212873,0.5041523350498736,0.729036014787126,0.22488367973725243,1,0,1,0
1845,1845.0,18.45,5.499999999999999,4.999290516480399,4.768099865760669,0.5007094835196,0.7319001342393303,0.23119065071973033,1,0,1,0
1846,1846.0,18.46,5.499999999999999,5.000372807513613,4.764086023840798,0.4996271924863862,0.7359139761592015,0.2362867836728153,1,0,1,0
1847,1847.0,18.47,5.499999999999999,5.005471121555633,4.7617555651141075,0.494528878444366,0.7382444348858916,0.24371555644152565,1,0,1,0
1848,1848.0,18.48,5.499999999999999,5.0100545410842,4.758969960517275,0.4899454589157992,0.7410300394827241,0.25108458056692484,1,0,1,0
1849,1849.0,18.49,5.499999999999999,5.013898746185005,4.755944925762104,0.48610125381499447,0.7440550742378953,0.2579538204229008,1,0,1,0
1850,1850.0,18.5,5.499999999999999,5.0173931628518424,4.752984584159248,0.48260683714815666,0.7470154158407514,0.2644085786925947,1,0,1,0
1851,1851.0,18.51,5.499999999999999,5.018417986708829,4.748967400388657,0.48158201329117034,0.7510325996113423,0.26945058632017194,1,0,1,0
1852,1852.0,18.52,5.499999999999999,5.0236050164123505,4.74670340902456,0.47639498358764865,0.753296590975439,0.27690160738779035,1,0,1,0
1853,1853.0,18.53,5.499999999999999,5.028164318253037,4.744844055137916,0.47183568174696244,0.755155944862083,0.2833202631151206,1,0,1,0
1854,1854.0,18.54,5.499999999999999,5.032041890750648,4.742657279834128,0.4679581092493512,0.7573427201658713,0.2893846109165201,1,0,1,0
1855,1855.0,18.55,5.499999999999999,5.035613517956883,4.7388564876611206,0.46438648204311583,0.7611435123388786,0.2967570302957627,1,0,1,0
1856,1856.0,18.56,5.499999999999999,5.036595709125977,4.737671346262301,0.46340429087402235,0.7623286537376979,0.2989243628636755,1,0,1,0
1857,1857.0,18.57,5.499999999999999,5.041879173045872,4.734691299219277,0.4581208269541275,0.7653087007807224,0.30718787382659496,1,0,1,0
1858,1858.0,18.58,5.499999999999999,5.046427982200476,4.732267591552413,0.45357201779952305,0.7677324084475865,0.31416039064806345,1,0,1,0
1859,1859.0,18.59,5.499999999999999,5.050339961961869,4.728613132547631,0.4496600380381297,0.7713868674523683,0.3217268294142386,1,0,1,0
1860,1860.0,18.6,5.499999999999999,5.053930372368169,4.724948226446406,0.44606962763182967,0.7750517735535931,0.32898214592176345,1,0,1,0
1861,1861.0,18.61,5.499999999999999,5.054852510374674,4.723377852252627,0.4451474896253247,0.7766221477473723,0.33147465812204757,1,0,1,0
1862,1862.0,18.62,5.499999999999999,5.060187003652067,4.72096083706292,0.43981299634793203,0.779039162937079,0.33922616658914695,1,0,1,0
1863,1863.0,18.63,5.499999999999999,5.0647432647534,4.719736594976993,0.43525673524659947,0.780263405023006,0.3450066697764065,1,0,1,0
1864,1864.0,18.64,5.499999999999999,5.068650337998581,4.71671803620718,0.4313496620014181,0.7832819637928194,0.35193230179140134,1,0,1,0
1865,1865.0,18.65,5.499999999999999,5.072234113599038,4.7141801756704425,0.42776588640096147,0.7858198243295567,0.3580539379285952,1,0,1,0
1866,1866.0,18.66,5.499999999999999,5.07310321753872,4.71239972462777,0.42689678246127905,0.7876002753722293,0.3607034929109503,1,0,1,0
1867,1867.0,18.67,5.499999999999999,5.078409604660598,4.708810709346153,0.42159039533940135,0.791189290653846,0.3695988953144447,1,0,1,0
1868,1868.0,18.68,5.499999999999999,5.082940098393036,4.704300921930646,0.4170599016069634,0.7956990780693527,0.3786391764623893,1,0,1,0
1869,1869.0,18.69,5.499999999999999,5.086812127896436,4.700208601110189,0.41318787210356334,0.79979139888981,0.38660352678624665,1,0,1,0
1870,1870.0,18.7,5.499999999999999,5.09036024133948,4.697748164897588,0.4096397586605187,0.8022518351024113,0.39261207644189255,1,0,1,0
1871,1871.0,18.71,5.499999999999999,5.091147586781981,4.694563686766622,0.40885241321801846,0.8054363132333773,0.3965839000153588,1,0,1,0
1872,1872.0,18.72,5.499999999999999,5.096400066641202,4.690947540039545,0.4035999333587972,0.809052459960454,0.40545252660165687,1,0,1,0
1873,1873.0,18.73,5.499999999999999,5.10084411717421,4.687969978368965,0.39915588282578884,0.8120300216310339,0.41287413880524504,1,0,1,0
1874,1874.0,18.74,5.499999999999999,5.104654015326694,4.684930826586855,0.3953459846733054,0.8150691734131446,0.41972318873983916,1,0,1,0
1875,1875.0,18.75,5.499999999999999,5.108126785206288,4.681928962861518,0.3918732147937112,0.8180710371384814,0.4261978223447702,1,0,1,0
1876,1876.0,18.76,5.499999999999999,5.108805882310342,4.677906851162348,0.39119411768965673,0.8220931488376513,0.43089903114799455,1,0,1,0
1877,1877.0,18.77,5.499999999999999,5.113922952485002,4.673330549936098,0.3860770475149975,0.8266694500639007,0.4405924025489032,1,0,1,0
1878,1878.0,18.78,5.499999999999999,5.118272288079375,4.669016842758655,0.3817277119206244,0.8309831572413442,0.4492554453207198,1,0,1,0
1879,1879.0,18.79,5.499999999999999,5.122016015888334,4.665450610891684,0.37798398411166545,0.8345493891083153,0.4565654049966499,1,0,1,0
1880,1880.0,18.8,5.499999999999999,5.1253892219514885,4.6627745157223375,0.3746107780485106,0.8372254842776616,0.462614706229151,1,0,1,0
1881,1881.0,18.81,5.499999999999999,5.1259612397223755,4.6586029243059786,0.3740387602776236,0.8413970756940206,0.46735831541639694,1,0,1,0
1882,1882.0,18.82,5.499999999999999,5.130896702152692,4.657608203490823,0.3691032978473068,0.8423917965091761,0.4732884986618693,1,0,1,0
1883,1883.0,18.83,5.499999999999999,5.135134885932782,4.653447976707989,0.364865114067217,0.8465520232920101,0.48168690922479307,1,0,1,0
1884,1884.0,18.84,5.499999999999999,5.138774875680717,4.650296097059416,0.3612251243192821,0.8497039029405835,0.4884787786213014,1,0,1,0
1885,1885.0,18.85,5.499999999999999,5.142014626998939,4.64717958211297,0.3579853730010605,0.8528204178870293,0.49483504488596886,1,0,1,0
1886,1886.0,18.86,5.499999999999999,5.14242451456694,4.642669823075472,0.35757548543305884,0.8573301769245267,0.4997546914914679,1,0,1,0
1887,1887.0,18.87,5.499999999999999,5.147140420831717,4.63929620621444,0.3528595791682818,0.8607037937855591,0.5078442146172772,1,0,1,0
1888,1888.0,18.88,5.499999999999999,5.151222342258439,4.635433032015019,0.34877765774156,0.8645669679849801,0.5157893102434201,1,0,1,0
1889,1889.0,18.89,5.499999999999999,5.154711234308975,4.632245486652714,0.3452887656910244,0.8677545133472853,0.5224657476562609,1,0,1,0
1890,1890.0,18.9,5.499999999999999,5.15777558226912,4.628885519674008,0.3422244177308791,0.8711144803259909,0.5288900625951118,1,0,1,0
1891,1891.0,18.91,5.499999999999999,5.157995895070427,4.627580112912323,0.3420041049295719,0.872419887087676,0.5304157821581041,1,0,1,0
1892,1892.0,18.92,5.499999999999999,5.1624114024351115,4.624407156839415,0.33758859756488757,0.8755928431605842,0.5380042455956966,1,0,1,0
1893,1893.0,18.93,5.499999999999999,5.166310934337577,4.619888570512418,0.33368906566242185,0.8801114294875809,0.5464223638251591,1,0,1,0
1894,1894.0,18.94,5.499999999999999,5.169606534105362,4.617273564750195,0.3303934658946375,0.8827264352498041,0.5523329693551666,1,0,1,0
1895,1895.0,18.95,5.499999999999999,5.172472519402144,4.614791051763818,0.32752748059785475,0.8852089482361807,0.5576814676383259,1,0,1,0
1896,1896.0,18.96,5.499999999999999,5.1724215224687535,4.6110756397225305,0.3275784775312456,0.8889243602774686,0.561345882746223,1,0,1,0
1897,1897.0,18.97,5.499999999999999,5.176585350754388,4.607134761522644,0.3234146492456107,0.8928652384773548,0.5694505892317441,1,0,1,0
1898,1898.0,18.98,5.499999999999999,5.180273545327639,4.6055571039352845,0.3197264546723604,0.8944428960647146,0.5747164413923542,1,0,1,0
1899,1899.0,18.99,5.499999999999999,5.183360865741263,4.60392611910923,0.316639134258736,0.8960738808907687,0.5794347466320326,1,0,1,0
1900,1900.0,19.0,5.499999999999999,5.186033249746402,4.60157824018787,0.31396675025359677,0.8984217598121287,0.5844550095585319,1,0,1,0
1901,1901.0,19.01,5.499999999999999,5.185872714061007,4.59847776289797,0.31412728593899253,0.9015222371020295,0.587394951163037,1,0,1,0
1902,1902.0,19.02,5.499999999999999,5.189933897115184,4.595902616355513,0.3100661028848153,0.9040973836444861,0.5940312807596708,1,0,1,0
1903,1903.0,19.03,5.499999999999999,5.193397418113994,4.592124427949592,0.306602581886005,0.9078755720504068,0.6012729901644018,1,0,1,0
1904,1904.0,19.04,5.499999999999999,5.196231164813295,4.588441772905345,0.3037688351867045,0.9115582270946545,0.60778939190795,1,0,1,0
1905,1905.0,19.05,5.499999999999999,5.198648240110611,4.583459154043286,0.3013517598893882,0.916540845956713,0.6151890860673248,1,0,1,0
1906,1906.0,19.06,5.499999999999999,5.198411069488937,4.57963587411013,0.3015889305110617,0.9203641258898694,0.6187751953788077,1,0,1,0
1907,1907.0,19.07,5.499999999999999,5.202308429698151,4.577663309716222,0.2976915703018479,0.9223366902837773,0.6246451199819294,1,0,1,0
1908,1908.0,19.08,5.499999999999999,5.205480430329227,4.574028410080523,0.2945195696707721,0.9259715899194765,0.6314520202487044,1,0,1,0
1909,1909.0,19.09,5.499999999999999,5.2080113221063415,4.5698943133326075,0.29198867789365757,0.9301056866673916,0.638117008773734,1,0,1,0
1910,1910.0,19.1,5.499999999999999,5.210097222674036,4.5666240535647,0.28990277732596326,0.9333759464352989,0.6434731691093356,1,0,1,0
1911,1911.0,19.11,5.499999999999999,5.209605851771011,4.562858034043501,0.29039414822898824,0.9371419659564983,0.6467478177275101,1,0,1,0
1912,1912.0,19.12,5.499999999999999,5.2132066738163,4.561364463924819,0.286793326183699,0.9386355360751804,0.6518422098914813,1,0,1,0
1913,1913.0,19.13,5.499999999999999,5.215976167177576,4.557706914674908,0.28402383282242294,0.9422930853250913,0.6582692525026683,1,0,1,0
1914,1914.0,19.14,5.499999999999999,5.2180971553872055,4.5574886185672625,0.2819028446127936,0.9425113814327366,0.660608536819943,1,0,1,0
1915,1915.0,19.15,5.499999999999999,5.219824987684817,4.5542783966482245,0.2801750123151825,0.9457216033517746,0.6655465910365921,1,0,1,0
1916,1916.0,19.16,5.499999999999999,5.218841420530035,4.550831589449166,0.28115857946996403,0.9491684105508327,0.6680098310808686,1,0,1,0
1917,1917.0,19.17,5.499999999999999,5.222091813923206,4.548488232103241,0.27790818607679313,0.9515117678967577,0.6736035818199646,1,0,1,0
1918,1918.0,19.18,5.499999999999999,5.224487412162169,4.544335146639586,0.27551258783782995,0.9556648533604131,0.6801522655225831,1,0,1,0
1919,1919.0,19.19,5.499999999999999,5.226136732534031,4.540248483352874,0.273863267465968,0.9597515166471249,0.6858882491811569,1,0,1,0
1920,1920.0,19.2,5.499999999999999,5.227416126541253,4.53540668145056,0.27258387345874624,0.9645933185494391,0.6920094450906928,1,0,1,0
1921,1921.0,19.21,5.499999999999999,5.225769458787706,4.532185279693055,0.27423054121229296,0.9678147203069445,0.6935841790946515,1,0,1,0
1922,1922.0,19.22,5.499999999999999,5.228624538244214,4.528530976628523,0.27137546175578553,0.9714690233714762,0.7000935616156907,1,0,1,0
1923,1923.0,19.23,5.499999999999999,5.230573348797915,4.524282922020913,0.2694266512020844,0.9757170779790858,0.7062904267770014,1,0,1,0
1924,1924.0,19.24,5.499999999999999,5.231645593127999,4.5204877591042365,0.2683544068720005,0.9795122408957626,0.7111578340237621,1,0,1,0
1925,1925.0,19.25,5.499999999999999,5.232490543957021,4.515868335537963,0.26750945604297804,0.9841316644620361,0.7166222084190581,1,0,1,0
1926,1926.0,19.26,5.499999999999999,5.230094854631874,4.512798698136419,0.26990514536812515,0.9872013018635801,0.717296156495455,1,0,1,0
1927,1927.0,19.27,5.499999999999999,5.23209620976455,4.5083829123303465,0.2679037902354491,0.9916170876696526,0.7237132974342035,1,0,1,0
1928,1928.0,19.28,5.499999999999999,5.233350027448864,4.506801639657298,0.2666499725511349,0.993198360342701,0.7265483877915662,1,0,1,0
1929,1929.0,19.29,5.499999999999999,5.23374282653358,4.5045865018439475,0.2662571734664194,0.9954134981560516,0.7291563246896322,1,0,1,0
1930,1930.0,19.3,5.499999999999999,5.2339224831197235,4.500481768981043,0.2660775168802756,0.9995182310189561,0.7334407141386805,1,0,1,0
1931,1931.0,19.31,5.499999999999999,5.230526950816361,4.496613495278029,0.2694730491836381,1.0033865047219699,0.7339134555383318,1,0,1,0
1932,1932.0,19.32,5.499999999999999,5.2315524261034305,4.49243368987845,0.2684475738965686,1.0075663101215495,0.7391187362249809,1,0,1,0
1933,1933.0,19.33,5.499999999999999,5.232057468266485,4.488568447014611,0.2679425317335138,1.0114315529853881,0.7434890212518743,1,0,1,0
1934,1934.0,19.34,5.499999999999999,5.231738851829447,4.485623656239565,0.26826114817055213,1.0143763437604338,0.7461151955898817,1,0,1,0
1935,1935.0,19.35,5.499999999999999,5.231176240271376,4.483918715439553,0.2688237597286234,1.016081284560446,0.7472575248318227,1,0,1,0
1936,1936.0,19.36,5.499999999999999,5.226526393124698,4.482335267820686,0.2734736068753012,1.0176647321793135,0.7441911253040123,1,0,1,0
1937,1937.0,19.37,5.499999999999999,5.226656114873526,4.479159021841949,0.2733438851264731,1.0208409781580503,0.7474970930315772,1,0,1,0
1938,1938.0,19.38,5.499999999999999,5.226882686521465,4.475914163842755,0.27311731347853385,1.0240858361572442,0.7509685226787104,1,0,1,0
1939,1939.0,19.39,5.499999999999999,5.226668810757064,4.473574742757578,0.27333118924293487,1.0264252572424208,0.753094067999486,1,0,1,0
1940,1940.0,19.4,5.499999999999999,5.2258175105188025,4.4706544948388975,0.2741824894811966,1.0293455051611016,0.755163015679905,1,0,1,0
1941,1941.0,19.41,5.499999999999999,5.219931441071784,4.466505189626437,0.2800685589282148,1.0334948103735622,0.7534262514453474,1,0,1,0
1942,1942.0,19.42,5.499999999999999,5.218028795242256,4.462637378214099,0.28197120475774273,1.0373626217859,0.7553914170281573,1,0,1,0
1943,1943.0,19.43,5.499999999999999,5.2156236075913,4.458522079124983,0.2843763924086993,1.0414779208750158,0.7571015284663165,1,0,1,0
1944,1944.0,19.44,5.499999999999999,5.211216448135719,4.457195568286999,0.28878355186428006,1.0428044317129999,0.7540208798487198,1,0,1,0
1945,1945.0,19.45,5.499999999999999,5.205751407401667,4.453866185860916,0.2942485925983318,1.0461338141390835,0.7518852215407517,1,0,1,0
1946,1946.0,19.46,5.499999999999999,5.202911694237927,4.449468318347993,0.2970883057620721,1.0505316816520063,0.7534433758899342,1,0,1,0
1947,1947.0,19.47,5.499999999999999,5.202960574730837,4.446626347482054,0.29703942526916194,1.0533736525179451,0.7563342272487832,1,0,1,0
1948,1948.0,19.48,5.499999999999999,5.203936315962324,4.443171414741719,0.2960636840376747,1.0568285852582804,0.7607649012206057,1,0,1,0
1949,1949.0,19.49,5.499999999999999,5.206310046623806,4.440012481780176,0.29368995337619275,1.059987518219823,0.7662975648436303,1,0,1,0
1950,1950.0,19.5,5.499999999999999,5.205763285312805,4.435886717167801,0.2942367146871945,1.0641132828321984,0.7698765681450039,1,0,1,0
1951,1951.0,19.51,5.499999999999999,5.20334706006492,4.432700700788681,0.296652939935079,1.0672992992113182,0.7706463592762391,1,0,1,0
1952,1952.0,19.52,5.499999999999999,5.202957295585855,4.429360278751099,0.29704270441414415,1.0706397212489005,0.7735970168347563,1,0,1,0
1953,1953.0,19.53,5.499999999999999,5.200043955767766,4.4255063031116055,0.2999560442322329,1.0744936968883936,0.7745376526561607,1,0,1,0
1954,1954.0,19.54,5.499999999999999,5.196118406959883,4.422362305082615,0.3038815930401162,1.0776376949173843,0.7737561018772681,1,0,1,0
1955,1955.0,19.55,5.499999999999999,5.197656551756312,4.418392543569913,0.3023434482436871,1.0816074564300857,0.7792640081863986,1,0,1,0
1956,1956.0,19.56,5.499999999999999,5.1965971980895596,4.4147194535534275,0.30340280191043956,1.0852805464465716,0.781877744536132,1,0,1,0
1957,1957.0,19.57,5.499999999999999,5.194758660018257,4.412692349123879,0.30524133998174197,1.0873076508761201,0.7820663108943782,1,0,1,0
1958,1958.0,19.58,5.499999999999999,5.194316866043527,4.409873857312841,0.30568313395647184,1.0901261426871578,0.784443008730686,1,0,1,0
1959,1959.0,19.59,5.499999999999999,5.195754199229976,4.405028459069045,0.3042458007700235,1.0949715409309544,0.7907257401609309,1,0,1,0
1960,1960.0,19.6,5.499999999999999,5.194414633462543,4.400286210433848,0.30558536653745616,1.0997137895661515,0.7941284230286954,1,0,1,0
1961,1961.0,19.61,5.499999999999999,5.190105890659226,4.397005154961428,0.30989410934077277,1.1029948450385714,0.7931007356977986,1,0,1,0
1962,1962.0,19.62,5.499999999999999,5.191376275068818,4.392282433824014,0.30862372493118073,1.1077175661759853,0.7990938412448045,1,0,1,0
1963,1963.0,19.63,5.499999999999999,5.192658585761143,4.389983055487769,0.30734141423885575,1.11001694451223,0.8026755302733743,1,0,1,0
1964,1964.0,19.64,5.499999999999999,5.193675209452148,4.386747454058178,0.3063247905478512,1.1132525459418208,0.8069277553939695,1,0,1,0
1965,1965.0,19.65,5.499999999999999,5.19495744649045,4.385272377747231,0.3050425535095487,1.1147276222527678,0.8096850687432191,1,0,1,0
1966,1966.0,19.66,5.499999999999999,5.195811781910571,4.383544194980275,0.3041882180894282,1.116455805019724,0.8122675869302958,1,0,1,0
1967,1967.0,19.67,5.499999999999999,5.195960882177155,4.379803240229411,0.3040391178228443,1.1201967597705877,0.8161576419477434,1,0,1,0
1968,1968.0,19.68,5.499999999999999,5.196921242658104,4.376585239254489,0.30307875734189516,1.1234147607455105,0.8203360034036153,1,0,1,0
1969,1969.0,19.69,5.499999999999999,5.198060115034521,4.371890851087472,0.30193988496547775,1.128109148912527,0.8261692639470493,1,0,1,0
1970,1970.0,19.7,5.499999999999999,5.201529529814169,4.368795342379962,0.29847047018582984,1.131204657620037,0.8327341874342071,1,0,1,0
1971,1971.0,19.71,5.499999999999999,5.201555672073062,4.365578372680116,0.2984443279269371,1.1344216273198828,0.8359772993929457,1,0,1,0
1972,1972.0,19.72,5.499999999999999,5.206610537812807,4.359777550370165,0.293389462187192,1.1402224496298343,0.8468329874426423,1,0,1,0
1973,1973.0,19.73,5.499999999999999,5.211624584474782,4.354774341866777,0.28837541552521717,1.1452256581332225,0.8568502426080054,1,0,1,0
1974,1974.0,19.74,5.499999999999999,5.212793818350458,4.350187824502633,0.28720618164954104,1.1498121754973658,0.8626059938478248,1,0,1,0
1975,1975.0,19.75,5.499999999999999,5.21335405027066,4.346316569758458,0.28664594972933877,1.153683430241541,0.8670374805122023,1,0,1,0
1976,1976.0,19.76,5.499999999999999,5.208479126572305,4.344733260147264,0.29152087342769395,1.1552667398527348,0.8637458664250408,1,0,1,0
1977,1977.0,19.77,5.499999999999999,5.208701379023793,4.342546390820793,0.29129862097620585,1.157453609179206,0.8661549882030002,1,0,1,0
1978,1978.0,19.78,5.499999999999999,5.211571422670353,4.339030608793901,0.288428577329646,1.1609693912060983,0.8725408138764523,1,0,1,0
1979,1979.0,19.79,5.499999999999999,5.213709132391906,4.335515272592591,0.2862908676080931,1.164484727407408,0.8781938597993149,1,0,1,0
1980,1980.0,19.8,5.499999999999999,5.211989869083976,4.331775568598848,0.2880101309160228,1.1682244314011507,0.8802143004851279,1,0,1,0
1981,1981.0,19.81,5.499999999999999,5.206661889721724,4.3296941095829125,0.29333811027827483,1.1703058904170867,0.8769677801388118,1,0,1,0
1982,1982.0,19.82,5.499999999999999,5.206700456247757,4.326034606648969,0.29329954375224254,1.17396539335103,0.8806658495987874,1,0,1,0
1983,1983.0,19.83,5.499999999999999,5.207089533434558,4.3225895026235435,0.2929104665654414,1.1774104973764556,0.8845000308110142,1,0,1,0
1984,1984.0,19.84,5.499999999999999,5.206404047951689,4.31983037757499,0.29359595204831024,1.1801696224250087,0.8865736703766984,1,0,1,0
1985,1985.0,19.85,5.499999999999999,5.206284501175331,4.317813492290722,0.2937154988246684,1.182186507709277,0.8884710088846086,1,0,1,0
1986,1986.0,19.86,5.499999999999999,5.201471058963517,4.31500997469957,0.29852894103648175,1.1849900253004293,0.8864610842639475,1,0,1,0
1987,1987.0,19.87,5.499999999999999,5.200134550534032,4.3113973890597395,0.29986544946596716,1.1886026109402597,0.8887371614742925,1,0,1,0
1988,1988.0,19.88,5.499999999999999,5.2018049891810305,4.309119068408432,0.2981950108189686,1.1908809315915674,0.8926859207725988,1,0,1,0
1989,1989.0,19.89,5.499999999999999,5.2027275349003155,4.305597643591087,0.29727246509968364,1.1944023564089123,0.8971298913092287,1,0,1,0
1990,1990.0,19.9,5.499999999999999,5.203005108315439,4.302962847359249,0.2969948916845597,1.1970371526407497,0.90004226095619,1,0,1,0
1991,1991.0,19.91,5.499999999999999,5.198389054619992,4.300767478254205,0.3016109453800073,1.1992325217457944,0.8976215763657871,1,0,1,0
1992,1992.0,19.92,5.499999999999999,5.198350195686342,4.298418566951042,0.30164980431365684,1.2015814330489567,0.8999316287352999,1,0,1,0
1993,1993.0,19.93,5.499999999999999,5.20362994761771,4.296854238245103,0.2963700523822892,1.2031457617548957,0.9067757093726065,1,0,1,0
1994,1994.0,19.94,5.499999999999999,5.20337044316674,4.29284772884292,0.29662955683325887,1.2071522711570788,0.9105227143238199,1,0,1,0
1995,1995.0,19.95,5.499999999999999,5.204525557645723,4.290715337054352,0.29547444235427633,1.209284662945647,0.9138102205913707,1,0,1,0
1996,1996.0,19.96,5.499999999999999,5.2058707895680705,4.286798629632186,0.29412921043192863,1.2132013703678135,0.9190721599358849,1,0,1,0
1997,1997.0,19.97,5.499999999999999,5.2123748900675775,4.283867291438195,0.28762510993242163,1.2161327085618039,0.9285075986293823,1,0,1,0
1998,1998.0,19.98,5.499999999999999,5.214767820885375,4.28153181871567,0.2852321791146242,1.2184681812843294,0.9332360021697053,1,0,1,0
1999,1999.0,19.99,5.499999999999999,5.218130823927936,4.278660939219022,0.2818691760720631,1.221339060780977,0.939469884708914,1,0,1,0
2000,2000.0,20.0,5.499999999999999,5.217753486304031,4.2772605994257145,0.2822465136959682,1.2227394005742847,0.9404928868783164,1,0,1,0
2001,2001.0,20.01,5.499999999999999,5.215858413569629,4.2723713499239775,0.28414158643037,1.2276286500760216,0.9434870636456516,1,0,1,0
2002,2002.0,20.02,5.499999999999999,5.21556594676152,4.269349599775853,0.2844340532384795,1.230650400224146,0.9462163469856666,1,0,1,0
2003,2003.0,20.03,5.499999999999999,5.216238562487583,4.26701376393505,0.2837614375124158,1.2329862360649493,0.9492247985525335,1,0,1,0
2004,2004.0,20.04,5.499999999999999,5.214910956900773,4.2635886621403545,0.28508904309922567,1.2364113378596446,0.951322294760419,1,0,1,0
2005,2005.0,20.05,5.499999999999999,5.213689866060535,4.261172518181448,0.28631013393946425,1.238827481818551,0.9525173478790867,1,0,1,0
2006,2006.0,20.06,5.499999999999999,5.207773012670408,4.257528179402251,0.29222698732959085,1.242471820597748,0.9502448332681572,1,0,1,0
2007,2007.0,20.07,5.499999999999999,5.209204705734731,4.255554248242171,0.2907952942652683,1.2444457517578282,0.9536504574925599,1,0,1,0
2008,2008.0,20.08,5.499999999999999,5.210518553247709,4.252372041731329,0.2894814467522897,1.2476279582686702,0.9581465115163805,1,0,1,0
2009,2009.0,20.09,5.499999999999999,5.210133560003688,4.249277771107102,0.28986643999631134,1.2507222288928972,0.9608557888965858,1,0,1,0
2010,2010.0,20.1,5.499999999999999,5.207330402490038,4.244709651630418,0.2926695975099607,1.2552903483695808,0.9626207508596201,1,0,1,0
2011,2011.0,20.11,5.499999999999999,5.206163275122883,4.2432044397789825,0.2938367248771163,1.2567955602210166,0.9629588353439003,1,0,1,0
2012,2012.0,20.12,5.499999999999999,5.20717170131802,4.241675954840131,0.2928282986819788,1.2583240451598678,0.965495746477889,1,0,1,0
2013,2013.0,20.13,5.499999999999999,5.213585116742359,4.23901061247463,0.2864148832576401,1.2609893875253695,0.9745745042677294,1,0,1,0
2014,2014.0,20.14,5.499999999999999,5.219146621808425,4.237869855972397,0.2808533781915745,1.2621301440276023,0.9812767658360277,1,0,1,0
2015,2015.0,20.15,5.499999999999999,5.21970235483355,4.234700415687998,0.28029764516644917,1.2652995843120012,0.985001939145552,1,0,1,0
2016,2016.0,20.16,5.499999999999999,5.216509541957428,4.232244445070556,0.28349045804257145,1.267755554929443,0.9842650968868716,1,0,1,0
2017,2017.0,20.17,5.499999999999999,5.223326595713671,4.2307032589174005,0.2766734042863277,1.2692967410825986,0.9926233367962709,1,0,1,0
2018,2018.0,20.18,5.499999999999999,5.226015884825715,4.229558169450593,0.2739841151742839,1.270441830549406,0.9964577153751222,1,0,1,0
2019,2019.0,20.19,5.499999999999999,5.226087080208745,4.227875489542786,0.273912919791254,1.2721245104572132,0.9982115906659592,1,0,1,0
2020,2020.0,20.2,5.499999999999999,5.222487148362058,4.226100645755117,0.27751285163794126,1.2738993542448824,0.9963865026069412,1,0,1,0
2021,2021.0,20.21,5.499999999999999,5.214926863369681,4.2240770075562635,0.2850731366303183,1.2759229924437356,0.9908498558134173,1,0,1,0
2022,2022.0,20.22,5.499999999999999,5.216907681741377,4.222103999830028,0.283092318258622,1.2778960001699708,0.9948036819113488,1,0,1,0
2023,2023.0,20.23,5.499999999999999,5.2169268154066,4.221846576014942,0.28307318459339914,1.2781534239850574,0.9950802393916582,1,0,1,0
2024,2024.0,20.24,5.499999999999999,5.217689051325953,4.220246101600817,0.2823109486740458,1.279753898399182,0.9974429497251363,1,0,1,0
2025,2025.0,20.25,5.499999999999999,5.219177716846606,4.218778083397259,0.28082228315339286,1.2812219166027399,1.000399633449347,1,0,1,0
2026,2026.0,20.26,5.499999999999999,5.221914347982228,4.216020083655641,0.27808565201777125,1.2839799163443582,1.005894264326587,1,0,1,0
2027,2027.0,20.27,5.499999999999999,5.226168965645208,4.21358622439903,0.2738310343547914,1.2864137756009688,1.0125827412461774,1,0,1,0
2028,2028.0,20.28,5.499999999999999,5.225792789171474,4.211650906860314,0.27420721082852495,1.2883490931396855,1.0141418823111605,1,0,1,0
2029,2029.0,20.29,5.499999999999999,5.227395428787383,4.210084288506289,0.27260457121261616,1.2899157114937099,1.0173111402810937,1,0,1,0
2030,2030.0,20.3,5.499999999999999,5.222924388101665,4.209961290979419,0.27707561189833374,1.29003870902058,1.0129630971222463,1,0,1,0
2031,2031.0,20.31,5.499999999999999,5.217108138867877,4.207477545600032,0.2828918611321223,1.2925224543999674,1.009630593267845,1,0,1,0
2032,2032.0,20.32,5.499999999999999,5.216792130861456,4.207774594810035,0.28320786913854334,1.2922254051899644,1.009017536051421,1,0,1,0
2033,2033.0,20.33,5.499999999999999,5.213380233054457,4.205574177454683,0.2866197669455417,1.2944258225453158,1.007806055599774,1,0,1,0
2034,2034.0,20.34,5.499999999999999,5.210437284350406,4.204651912770246,0.289562715649593,1.295348087229753,1.00578537158016,1,0,1,0
2035,2035.0,20.35,5.499999999999999,5.204379824174912,4.203755072872862,0.2956201758250874,1.2962449271271375,1.00062475130205,1,0,1,0
2036,2036.0,20.36,5.499999999999999,5.195607912566547,4.2016452089866565,0.3043920874334525,1.2983547910133426,0.9939627035798901,1,0,1,0
2037,2037.0,20.37,5.499999999999999,5.194047641940039,4.199516451108294,0.3059523580599599,1.3004835488917053,0.9945311908317453,1,0,1,0
2038,2038.0,20.38,5.499999999999999,5.189786651148249,4.1957333063626105,0.3102133488517502,1.3042666936373886,0.9940533447856383,1,0,1,0
2039,2039.0,20.39,5.499999999999999,5.186142202622751,4.194496174649759,0.3138577973772483,1.3055038253502405,0.9916460279729922,1,0,1,0
2040,2040.0,20.4,5.499999999999999,5.17925823766423,4.192999005244918,0.3207417623357687,1.3070009947550814,0.9862592324193127,1,0,1,0
2041,2041.0,20.41,5.499999999999999,5.173026596697546,4.19133500142397,0.3269734033024534,1.3086649985760292,0.9816915952735759,1,0,1,0
2042,2042.0,20.42,5.499999999999999,5.171245992765532,4.189311166077199,0.32875400723446724,1.3106888339228,0.9819348266883328,1,0,1,0
2043,2043.0,20.43,5.499999999999999,5.168261005303048,4.187475753659422,0.3317389946969511,1.312524246340577,0.980785251643626,1,0,1,0
2044,2044.0,20.44,5.499999999999999,5.167079194065161,4.186566856778717,0.3329208059348385,1.3134331432212818,0.9805123372864433,1,0,1,0
2045,2045.0,20.45,5.499999999999999,5.161176778024371,4.1841701025548765,0.33882322197562775,1.3158298974451226,0.9770066754694948,1,0,1,0
2046,2046.0,20.46,5.499999999999999,5.155399476358168,4.180816873407521,0.344600523641831,1.3191831265924785,0.9745826029506475,1,0,1,0
2047,2047.0,20.47,5.499999999999999,5.154046919511606,4.176768922542258,0.34595308048839346,1.3232310774577414,0.9772779969693479,1,0,1,0
2048,2048.0,20.48,5.499999999999999,5.1504432014459045,4.175974230089028,0.3495567985540946,1.3240257699109712,0.9744689713568766,1,0,1,0
2049,2049.0,20.49,5.499999999999999,5.148051991482397,4.1751662776409395,0.3519480085176019,1.3248337223590596,0.9728857138414577,1,0,1,0
2050,2050.0,20.5,5.499999999999999,5.1424268729596525,4.173780526606115,0.3575731270403466,1.3262194733938841,0.9686463463535375,1,0,1,0
2051,2051.0,20.51,5.499999999999999,5.135286458686094,4.174108782716631,0.3647135413139049,1.3258912172833677,0.9611776759694628,1,0,1,0
2052,2052.0,20.52,5.499999999999999,5.132488732599976,4.173406278752621,0.3675112674000234,1.3265937212473782,0.9590824538473548,1,0,1,0
2053,2053.0,20.53,5.499999999999999,5.127328171269168,4.173480794560312,0.37267182873083105,1.3265192054396868,0.9538473767088558,1,0,1,0
2054,2054.0,20.54,5.499999999999999,5.122634979786844,4.171778069071191,0.3773650202131549,1.328221930928808,0.950856910715653,1,0,1,0
2055,2055.0,20.55,5.499999999999999,5.116166365934518,4.171661986888796,0.3838336340654811,1.3283380131112033,0.9445043790457222,1,0,1,0
2056,2056.0,20.56,5.499999999999999,5.1058413528456015,4.170755816198827,0.39415864715439763,1.3292441838011717,0.9350855366467741,1,0,1,0
2057,2057.0,20.57,5.499999999999999,5.103120196148685,4.169924282294746,0.3968798038513137,1.3300757177052533,0.9331959138539396,1,0,1,0
2058,2058.0,20.58,5.499999999999999,5.0999634829959914,4.168869700571288,0.40003651700400766,1.331130299428711,0.9310937824247034,1,0,1,0
2059,2059.0,20.59,5.499999999999999,5.095732402167242,4.167607786648042,0.40426759783275745,1.332392213351957,0.9281246155191996,1,0,1,0
2060,2060.0,20.6,5.499999999999999,5.0891516051884045,4.168168124292634,0.41084839481159463,1.3318318757073655,0.9209834808957709,1,0,1,0
2061,2061.0,20.61,5.499999999999999,5.081216169472442,4.167249177483172,0.4187838305275573,1.332750822516827,0.9139669919892697,1,0,1,0
2062,2062.0,20.62,5.499999999999999,5.079528127198514,4.168018935521551,0.42047187280148535,1.3319810644784482,0.9115091916769629,1,0,1,0
2063,2063.0,20.63,5.499999999999999,5.0732864185804,4.166829307049641,0.42671358141959903,1.3331706929503584,0.9064571115307594,1,0,1,0
2064,2064.0,20.64,5.499999999999999,5.069592762432648,4.16676060855518,0.43040723756735133,1.3332393914448195,0.9028321538774682,1,0,1,0
2065,2065.0,20.65,5.499999999999999,5.062315192309644,4.165772589565646,0.43768480769035545,1.3342274104343534,0.896542602743998,1,0,1,0
2066,2066.0,20.66,5.499999999999999,5.055901875330792,4.164641531194319,0.44409812466920684,1.3353584688056799,0.891260344136473,1,0,1,0
2067,2067.0,20.67,5.499999999999999,5.053686679865059,4.164371690278009,0.44631332013493985,1.33562830972199,0.8893149895870502,1,0,1,0
2068,2068.0,20.68,5.499999999999999,5.048553894552595,4.162765809043287,0.4514461054474044,1.3372341909567123,0.8857880855093079,1,0,1,0
2069,2069.0,20.69,5.499999999999999,5.046074524282891,4.162983402243748,0.4539254757171083,1.337016597756251,0.8830911220391426,1,0,1,0
2070,2070.0,20.7,5.499999999999999,5.039968268855967,4.162022697081135,0.4600317311440323,1.3379773029188637,0.8779455717748315,1,0,1,0
2071,2071.0,20.71,5.499999999999999,5.030040841449899,4.161850245898491,0.4699591585501004,1.338149754101508,0.8681905955514075,1,0,1,0
2072,2072.0,20.72,5.499999999999999,5.0256798310534805,4.1616123077746074,0.4743201689465186,1.3383876922253917,0.864067523278873,1,0,1,0
2073,2073.0,20.73,5.499999999999999,5.0182477534305585,4.160701666128703,0.4817522465694406,1.3392983338712963,0.8575460873018557,1,0,1,0
2074,2074.0,20.74,5.499999999999999,5.012128902901819,4.157439858256145,0.48787109709818033,1.3425601417438537,0.8546890446456734,1,0,1,0
2075,2075.0,20.75,5.499999999999999,4.999081233892702,4.154038120497041,0.5009187661072971,1.3459618795029584,0.8450431133956613,1,0,1,0
2076,2076.0,20.76,5.499999999999999,4.987933220928663,4.153555823037676,0.5120667790713362,1.346444176962323,0.8343773978909867,1,0,1,0
2077,2077.0,20.77,5.499999999999999,4.984544133214542,4.151725109088066,0.515455866785457,1.3482748909119335,0.8328190241264766,1,0,1,0
2078,2078.0,20.78,5.499999999999999,4.979363595363143,4.150576171433799,0.5206364046368561,1.3494238285662004,0.8287874239293442,1,0,1,0
2079,2079.0,20.79,5.499999999999999,4.973007089296627,4.148801890139669,0.5269929107033722,1.3511981098603298,0.8242051991569577,1,0,1,0
2080,2080.0,20.8,5.499999999999999,4.963356220195061,4.147448962193609,0.5366437798049377,1.35255103780639,0.8159072580014524,1,0,1,0
2081,2081.0,20.81,5.499999999999999,4.952055923190824,4.147127538303785,0.5479440768091752,1.3528724616962142,0.804928384887039,1,0,1,0
2082,2082.0,20.82,5.499999999999999,4.946761158312065,4.145329611867856,0.5532388416879339,1.354670388132143,0.801431546444209,1,0,1,0
2083,2083.0,20.83,5.499999999999999,4.942043299374584,4.14290498647822,0.5579567006254154,1.3570950135217794,0.7991383128963641,1,0,1,0
2084,2084.0,20.84,5.499999999999999,4.938818081600786,4.14109118616693,0.561181918399213,1.358908813833069,0.7977268954338559,1,0,1,0
2085,2085.0,20.85,5.499999999999999,4.9292499068311955,4.141164564308066,0.5707500931688037,1.3588354356919332,0.7880853425231296,1,0,1,0
2086,2086.0,20.86,5.499999999999999,4.921246848486515,4.141065875587285,0.5787531515134843,1.3589341244127144,0.7801809728992302,1,0,1,0
2087,2087.0,20.87,5.499999999999999,4.919523150642803,4.139985843373428,0.5804768493571961,1.3600141566265709,0.7795373072693748,1,0,1,0
2088,2088.0,20.88,5.499999999999999,4.917992802693785,4.140742282362383,0.582007197306214,1.3592577176376164,0.7772505203314024,1,0,1,0
2089,2089.0,20.89,5.499999999999999,4.914171641013804,4.1401609571803055,0.5858283589861948,1.3598390428196936,0.7740106838334988,1,0,1,0
2090,2090.0,20.9,5.499999999999999,4.911590960512109,4.140235476403455,0.5884090394878898,1.359764523596544,0.7713554841086543,1,0,1,0
2091,2091.0,20.91,5.499999999999999,4.908342262042006,4.139372801106884,0.591657737957993,1.3606271988931153,0.7689694609351223,1,0,1,0
2092,2092.0,20.92,5.499999999999999,4.909727808507165,4.137485609534516,0.5902721914928337,1.362514390465483,0.7722421989726493,1,0,1,0
2093,2093.0,20.93,5.499999999999999,4.907234500185176,4.1371517133410425,0.5927654998148233,1.3628482866589566,0.7700827868441333,1,0,1,0
2094,2094.0,20.94,5.499999999999999,4.902958246410404,4.136813936323092,0.5970417535895951,1.363186063676907,0.766144310087312,1,0,1,0
2095,2095.0,20.95,5.499999999999999,4.898722798897711,4.136303423278363,0.6012772011022882,1.3636965767216358,0.7624193756193476,1,0,1,0
2096,2096.0,20.96,5.499999999999999,4.899316897046731,4.135964898644862,0.6006831029532682,1.364035101355137,0.7633519984018688,1,0,1,0
2097,2097.0,20.97,5.499999999999999,4.898464982188844,4.134604309184044,0.6015350178111554,1.365395690815955,0.7638606730047997,1,0,1,0
2098,2098.0,20.98,5.499999999999999,4.8951650730797285,4.133722674039992,0.6048349269202706,1.3662773259600067,0.7614423990397361,1,0,1,0
2099,2099.0,20.99,5.499999999999999,4.888335872661159,4.134784773339957,0.6116641273388401,1.365215226660042,0.7535510993212018,1,0,1,0
2100,2100.0,21.0,5.499999999999999,4.887547047582982,4.133905991651506,0.6124529524170175,1.366094008348493,0.7536410559314755,1,0,1,0
2101,2101.0,21.01,5.499999999999999,4.884149721694217,4.134361505776111,0.615850278305782,1.3656384942238882,0.7497882159181062,1,0,1,0
2102,2102.0,21.02,5.499999999999999,4.880137766582447,4.13414208657665,0.6198622334175523,1.3658579134233495,0.7459956800057972,1,0,1,0
2103,2103.0,21.03,5.499999999999999,4.873219127668184,4.132948072778583,0.6267808723318149,1.367051927221416,0.7402710548896012,1,0,1,0
2104,2104.0,21.04,5.499999999999999,4.866003392010783,4.134049202418245,0.6339966079892161,1.3659507975817542,0.7319541895925381,1,0,1,0
2105,2105.0,21.05,5.499999999999999,4.860110456866793,4.132774899015074,0.6398895431332061,1.3672251009849248,0.7273355578517187,1,0,1,0
2106,2106.0,21.06,5.499999999999999,4.851341646388465,4.134151932960414,0.648658353611534,1.3658480670395852,0.7171897134280512,1,0,1,0
2107,2107.0,21.07,5.499999999999999,4.842309092843073,4.133966560622495,0.6576909071569261,1.366033439377504,0.7083425322205779,1,0,1,0
2108,2108.0,21.08,5.499999999999999,4.831467160624468,4.133826862550054,0.6685328393755308,1.3661731374499455,0.6976402980744147,1,0,1,0
2109,2109.0,21.09,5.499999999999999,4.819475039334354,4.133761600034491,0.6805249606656449,1.3662383999655079,0.685713439299863,1,0,1,0
2110,2110.0,21.1,5.499999999999999,4.809683272284937,4.133256641862139,0.6903167277150617,1.3667433581378603,0.6764266304227986,1,0,1,0
2111,2111.0,21.11,5.499999999999999,4.801956131215481,4.130928397568017,0.6980438687845183,1.3690716024319824,0.6710277336474642,1,0,1,0
2112,2112.0,21.12,5.499999999999999,4.794108472378543,4.129916322236711,0.7058915276214561,1.3700836777632883,0.6641921501418322,1,0,1,0
2113,2113.0,21.13,5.499999999999999,4.786099897378772,4.131104982870639,0.7139001026212268,1.3688950171293603,0.6549949145081335,1,0,1,0
2114,2114.0,21.14,5.499999999999999,4.77815749558491,4.12998272622072,0.7218425044150889,1.370017273779279,0.6481747693641902,1,0,1,0
2115,2115.0,21.15,5.499999999999999,4.771719861634915,4.129408078906779,0.7282801383650845,1.3705919210932205,0.6423117827281359,1,0,1,0
2116,2116.0,21.16,5.499999999999999,4.7679196642407256,4.128684134324531,0.7320803357592736,1.3713158656754683,0.6392355299161947,1,0,1,0
2117,2117.0,21.17,5.499999999999999,4.7601969294054856,4.128703393076163,0.7398030705945136,1.3712966069238357,0.6314935363293221,1,0,1,0
2118,2118.0,21.18,5.499999999999999,4.7531283893323195,4.129925874419194,0.7468716106676796,1.370074125580805,0.6232025149131255,1,0,1,0
2119,2119.0,21.19,5.499999999999999,4.749222451949548,4.1287362796710125,0.7507775480504515,1.3712637203289866,0.6204861722785351,1,0,1,0
2120,2120.0,21.2,5.499999999999999,4.744403029362005,4.128070097325394,0.7555969706379937,1.371929902674605,0.6163329320366113,1,0,1,0
2121,2121.0,21.21,5.499999999999999,4.743187739187291,4.127239696452153,0.7568122608127084,1.372760303547846,0.6159480427351376,1,0,1,0
2122,2122.0,21.22,5.499999999999999,4.73729177087628,4.127615816655421,0.762708229123719,1.372384183344578,0.609675954220859,1,0,1,0
2123,2123.0,21.23,5.499999999999999,4.730481542486198,4.128126814174732,0.7695184575138008,1.371873185825267,0.6023547283114663,1,0,1,0
2124,2124.0,21.24,5.499999999999999,4.727109009461049,4.127146013514591,0.7728909905389498,1.3728539864854081,0.5999629959464583,1,0,1,0
2125,2125.0,21.25,5.499999999999999,4.72500538096255,4.128148608103028,0.7749946190374493,1.3718513918969713,0.596856772859522,1,0,1,0
2126,2126.0,21.26,5.499999999999999,4.725472214792637,4.128193262620461,0.7745277852073622,1.3718067373795382,0.597278952172176,1,0,1,0
2127,2127.0,21.27,5.499999999999999,4.7234339035454465,4.129329178845881,0.7765660964545527,1.3706708211541185,0.5941047246995659,1,0,1,0
2128,2128.0,21.28,5.499999999999999,4.716004243455814,4.127261424076277,0.7839957565441855,1.372738575923722,0.5887428193795365,1,0,1,0
2129,2129.0,21.29,5.499999999999999,4.7109636112045825,4.126333189439988,0.7890363887954166,1.3736668105600112,0.5846304217645946,1,0,1,0
2130,2130.0,21.3,5.499999999999999,4.708663136402288,4.126419859411723,0.7913368635977109,1.3735801405882757,0.5822432769905648,1,0,1,0
2131,2131.0,21.31,5.499999999999999,4.712920220976084,4.125457975492187,0.787079779023915,1.3745420245078117,0.5874622454838967,1,0,1,0
2132,2132.0,21.32,5.499999999999999,4.714791787672321,4.125869217403167,0.785208212327678,1.3741307825968319,0.5889225702691538,1,0,1,0
2133,2133.0,21.33,5.499999999999999,4.710148700353439,4.12504527260013,0.7898512996465605,1.374954727399869,0.5851034277533085,1,0,1,0
2134,2134.0,21.34,5.499999999999999,4.710111978313928,4.1247559407959775,0.7898880216860711,1.3752440592040216,0.5853560375179505,1,0,1,0
2135,2135.0,21.35,5.499999999999999,4.709967736192407,4.1248795758099455,0.7900322638075918,1.3751204241900536,0.5850881603824618,1,0,1,0
2136,2136.0,21.36,5.499999999999999,4.713928477601932,4.125095619872949,0.7860715223980668,1.3749043801270497,0.588832857728983,1,0,1,0
2137,2137.0,21.37,5.499999999999999,4.715365296109704,4.124493565884065,0.784634703890295,1.375506434115934,0.590871730225639,1,0,1,0
2138,2138.0,21.38,5.499999999999999,4.711961014147633,4.124621832167584,0.7880389858523662,1.375378167832415,0.5873391819800489,1,0,1,0
2139,2139.0,21.39,5.499999999999999,4.7091219395792,4.123022220202787,0.7908780604207992,1.3769777797972118,0.5860997193764126,1,0,1,0
2140,2140.0,21.4,5.499999999999999,4.7120203154786005,4.1196283847909285,0.7879796845213987,1.3803716152090706,0.5923919306876719,1,0,1,0
2141,2141.0,21.41,5.499999999999999,4.71800950944145,4.119011686422,0.7819904905585489,1.3809883135779994,0.5989978230194506,1,0,1,0
2142,2142.0,21.42,5.499999999999999,4.718872275536122,4.1175445682816925,0.781127724463877,1.3824554317183066,0.6013277072544296,1,0,1,0
2143,2143.0,21.43,5.499999999999999,4.715357578002365,4.117127276615568,0.784642421997634,1.3828727233844313,0.5982303013867973,1,0,1,0
2144,2144.0,21.44,5.499999999999999,4.713416155661325,4.116705721051934,0.7865838443386739,1.383294278948065,0.596710434609391,1,0,1,0
2145,2145.0,21.45,5.499999999999999,4.713661424744406,4.116447681796364,0.7863385752555931,1.383552318203635,0.5972137429480417,1,0,1,0
2146,2146.0,21.46,5.499999999999999,4.720601207996592,4.116711107815687,0.7793987920034073,1.3832888921843125,0.6038901001809052,1,0,1,0
2147,2147.0,21.47,5.499999999999999,4.722835504157219,4.115039351406002,0.7771644958427801,1.3849606485939967,0.6077961527512166,1,0,1,0
2148,2148.0,21.48,5.499999999999999,4.721456934149542,4.114342149412201,0.7785430658504575,1.3856578505877977,0.6071147847373402,1,0,1,0
2149,2149.0,21.49,5.499999999999999,4.724044657156716,4.113034413512289,0.7759553428432833,1.38696558648771,0.6110102436444267,1,0,1,0
2150,2150.0,21.5,5.499999999999999,4.726261872036521,4.112974531244127,0.7737381279634779,1.3870254687558718,0.613287340792394,1,0,1,0
2151,2151.0,21.51,5.499999999999999,4.729263995216673,4.111760033253179,0.770736004783326,1.38823996674682,0.6175039619634939,1,0,1,0
2152,2152.0,21.52,5.499999999999999,4.728875761249921,4.10914572338551,0.7711242387500779,1.3908542766144887,0.6197300378644108,1,0,1,0
2153,2153.0,21.53,5.499999999999999,4.730378146423133,4.108194064168883,0.769621853576866,1.3918059358311163,0.6221840822542504,1,0,1,0
2154,2154.0,21.54,5.499999999999999,4.7327016084761215,4.109352655649997,0.7672983915238776,1.3906473443500023,0.6233489528261247,1,0,1,0
2155,2155.0,21.55,5.499999999999999,4.732330962922287,4.1092998806430145,0.7676690370777122,1.3907001193569846,0.6230310822792724,1,0,1,0
2156,2156.0,21.56,5.499999999999999,4.738975076599164,4.108502797401007,0.7610249234008348,1.391497202598992,0.6304722791981572,1,0,1,0
2157,2157.0,21.57,5.499999999999999,4.743482785451462,4.108280995426275,0.7565172145485368,1.3917190045737238,0.635201790025187,1,0,1,0
2158,2158.0,21.58,5.499999999999999,4.744465930872179,4.107047710050475,0.7555340691278198,1.3929522899495241,0.6374182208217043,1,0,1,0
2159,2159.0,21.59,5.499999999999999,4.745824240149091,4.106838551217176,0.7541757598509085,1.3931614487828234,0.638985688931915,1,0,1,0
2160,2160.0,21.6,5.499999999999999,4.748130074365358,4.105864012727652,0.7518699256346411,1.3941359872723469,0.6422660616377058,1,0,1,0
2161,2161.0,21.61,5.499999999999999,4.752017530983957,4.1045642841548355,0.7479824690160424,1.3954357158451636,0.6474532468291212,1,0,1,0
2162,2162.0,21.62,5.499999999999999,4.7530717738043515,4.1050077860520195,0.7469282261956476,1.3949922139479796,0.648063987752332,1,0,1,0
2163,2163.0,21.63,5.499999999999999,4.758499215894861,4.105216488727743,0.7415007841051384,1.394783511272256,0.6532827271671175,1,0,1,0
2164,2164.0,21.64,5.499999999999999,4.762117057103597,4.105326383376791,0.7378829428964018,1.3946736166232085,0.6567906737268068,1,0,1,0
2165,2165.0,21.65,5.499999999999999,4.766264748277196,4.103980907005971,0.7337352517228029,1.3960190929940284,0.6622838412712255,1,0,1,0
2166,2166.0,21.66,5.499999999999999,4.772032831081885,4.102830722847854,0.7279671689181137,1.3971692771521447,0.6692021082340309,1,0,1,0
2167,2167.0,21.67,5.499999999999999,4.776783835760129,4.102158187134602,0.7232161642398705,1.3978418128653969,0.6746256486255264,1,0,1,0
2168,2168.0,21.68,5.499999999999999,4.781747286524941,4.1016930333477895,0.7182527134750583,1.3983069666522097,0.6800542531771514,1,0,1,0
2169,2169.0,21.69,5.499999999999999,4.789288416417975,4.101561786440556,0.7107115835820244,1.3984382135594435,0.6877266299774192,1,0,1,0
2170,2170.0,21.7,5.499999999999999,4.79203783249707,4.100766037351423,0.7079621675029291,1.3992339626485757,0.6912717951456466,1,0,1,0
2171,2171.0,21.71,5.499999999999999,4.796745094476604,4.100409050297022,0.7032549055233952,1.3995909497029775,0.6963360441795823,1,0,1,0
2172,2172.0,21.72,5.499999999999999,4.799460200201008,4.100985985833505,0.7005397997989915,1.399014014166494,0.6984742143675025,1,0,1,0
2173,2173.0,21.73,5.499999999999999,4.8028877903995815,4.100263687253985,0.6971122096004176,1.3997363127460138,0.7026241031455962,1,0,1,0
2174,2174.0,21.74,5.499999999999999,4.809851721072904,4.098545936588703,0.6901482789270954,1.401454063411296,0.7113057844842006,1,0,1,0
2175,2175.0,21.75,5.499999999999999,4.814558834755599,4.0977967635302806,0.6854411652444004,1.4022032364697186,0.7167620712253182,1,0,1,0
2176,2176.0,21.76,5.499999999999999,4.8209821903405174,4.097261023879484,0.6790178096594817,1.4027389761205153,0.7237211664610337,1,0,1,0
2177,2177.0,21.77,5.499999999999999,4.8272846546681,4.099605949121338,0.6727153453318993,1.4003940508786608,0.7276787055467615,1,0,1,0
2178,2178.0,21.78,5.499999999999999,4.835127384726946,4.100324406634537,0.6648726152730529,1.3996755933654619,0.734802978092409,1,0,1,0
2179,2179.0,21.79,5.499999999999999,4.842410260720456,4.099355434433007,0.6575897392795431,1.4006445655669921,0.743054826287449,1,0,1,0
2180,2180.0,21.8,5.499999999999999,4.851071369223272,4.098330809628687,0.6489286307767275,1.4016691903713125,0.7527405595945851,1,0,1,0
2181,2181.0,21.81,5.499999999999999,4.858106865106136,4.097063730077087,0.6418931348938628,1.402936269922912,0.7610431350290492,1,0,1,0
2182,2182.0,21.82,5.499999999999999,4.865729083334874,4.096249589690386,0.634270916665125,1.4037504103096135,0.7694794936444884,1,0,1,0
2183,2183.0,21.83,5.499999999999999,4.875227588118333,4.097264817986214,0.6247724118816658,1.4027351820137852,0.7779627701321195,1,0,1,0
2184,2184.0,21.84,5.499999999999999,4.8829179154484645,4.09563632831104,0.6170820845515346,1.4043636716889587,0.7872815871374241,1,0,1,0
2185,2185.0,21.85,5.499999999999999,4.891578158433065,4.093716740050228,0.6084218415669342,1.4062832599497712,0.797861418382837,1,0,1,0
2186,2186.0,21.86,5.499999999999999,4.898612389830837,4.092550265256699,0.6013876101691622,1.4074497347432997,0.8060621245741375,1,0,1,0
2187,2187.0,21.87,5.499999999999999,4.908789444955774,4.091849526082722,0.591210555044225,1.408150473917277,0.816939918873052,1,0,1,0
2188,2188.0,21.88,5.499999999999999,4.913741623331053,4.090700352783176,0.5862583766689458,1.409299647216823,0.8230412705478773,1,0,1,0
2189,2189.0,21.89,5.499999999999999,4.922690251667841,4.08853219791252,0.5773097483321585,1.4114678020874791,0.8341580537553206,1,0,1,0
2190,2190.0,21.9,5.499999999999999,4.932522115297698,4.087343773591905,0.567477884702301,1.4126562264080942,0.8451783417057932,1,0,1,0
2191,2191.0,21.91,5.499999999999999,4.943875244566413,4.088344909313038,0.5561247554335864,1.4116550906869607,0.8555303352533743,1,0,1,0
2192,2192.0,21.92,5.499999999999999,4.952715068384904,4.088429687580824,0.5472849316150947,1.4115703124191752,0.8642853808040805,1,0,1,0
2193,2193.0,21.93,5.499999999999999,4.961643386501469,4.086931522908244,0.5383566134985305,1.4130684770917554,0.874711863593225,1,0,1,0
2194,2194.0,21.94,5.499999999999999,4.969552285752225,4.088543348041493,0.5304477142477744,1.4114566519585061,0.8810089377107317,1,0,1,0
2195,2195.0,21.95,5.499999999999999,4.97743803778271,4.087290969018966,0.5225619622172895,1.4127090309810333,0.8901470687637438,1,0,1,0
2196,2196.0,21.96,5.499999999999999,4.983828381867899,4.087958037662696,0.5161716181321001,1.4120419623373035,0.8958703442052034,1,0,1,0
2197,2197.0,21.97,5.499999999999999,4.9902223938096055,4.086855882066609,0.5097776061903936,1.4131441179333901,0.9033665117429965,1,0,1,0
2198,2198.0,21.98,5.499999999999999,4.993760240461751,4.085787163555544,0.5062397595382482,1.414212836444455,0.9079730769062069,1,0,1,0
2199,2199.0,21.99,5.499999999999999,5.00938756942864,4.086096992076564,0.4906124305713595,1.4139030079234347,0.9232905773520752,1,0,1,0
2200,2200.0,22.0,5.499999999999999,5.026957251851748,4.084748735359901,0.4730427481482513,1.4152512646400979,0.9422085164918466,1,0,1,0
2201,2201.0,22.01,5.499999999999999,5.044754193587277,4.085635973423821,0.45524580641272205,1.4143640265761785,0.9591182201634565,1,0,1,0
2202,2202.0,22.02,5.499999999999999,5.059895402573125,4.084772352217828,0.440104597426874,1.4152276477821708,0.9751230503552968,1,0,1,0
2203,2203.0,22.03,5.499999999999999,5.070292578264001,4.084357404841331,0.42970742173599774,1.4156425951586682,0.9859351734226705,1,0,1,0
2204,2204.0,22.04,5.499999999999999,5.078502457299225,4.085206688285458,0.42149754270077455,1.4147933117145408,0.9932957690137663,1,0,1,0
2205,2205.0,22.05,5.499999999999999,5.086244083070363,4.085263205626806,0.4137559169296363,1.4147367943731934,1.0009808774435571,1,0,1,0
2206,2206.0,22.06,5.499999999999999,5.092143305552467,4.085607645076905,0.40785669444753214,1.414392354923094,1.0065356604755618,1,0,1,0
2207,2207.0,22.07,5.499999999999999,5.098290657073042,4.085416311739217,0.40170934292695737,1.414583688260782,1.0128743453338247,1,0,1,0
2208,2208.0,22.08,5.499999999999999,5.105618331041673,4.08551131996618,0.39438166895832616,1.414488680033819,1.0201070110754928,1,0,1,0
2209,2209.0,22.09,5.499999999999999,5.109150218558361,4.086044884207912,0.39084978144163784,1.4139551157920875,1.0231053343504497,1,0,1,0
2210,2210.0,22.1,5.499999999999999,5.110119275991375,4.08536700193111,0.3898807240086244,1.414632998068889,1.0247522740602646,1,0,1,0
2211,2211.0,22.11,5.499999999999999,5.109291139113717,4.083905400813128,0.3907088608862823,1.416094599186871,1.0253857383005887,1,0,1,0
2212,2212.0,22.12,5.499999999999999,5.1112507376776115,4.0832644270801195,0.3887492623223876,1.4167355729198796,1.027986310597492,1,0,1,0
2213,2213.0,22.13,5.499999999999999,5.11658615117279,4.083515482789608,0.3834138488272094,1.4164845172103915,1.033070668383182,1,0,1,0
2214,2214.0,22.14,5.499999999999999,5.123043761632399,4.081827298664296,0.37695623836760017,1.4181727013357035,1.0412164629681033,1,0,1,0
2215,2215.0,22.15,5.499999999999999,5.124351971034384,4.081352461524929,0.3756480289656148,1.4186475384750699,1.042999509509455,1,0,1,0
2216,2216.0,22.16,5.499999999999999,5.123767714936221,4.079802450391357,0.3762322850637778,1.420197549608642,1.0439652645448643,1,0,1,0
2217,2217.0,22.17,5.499999999999999,5.127217314085895,4.079133644409921,0.37278268591410413,1.4208663555900785,1.0480836696759743,1,0,1,0
2218,2218.0,22.18,5.499999999999999,5.1303834076663275,4.078800638119259,0.3696165923336716,1.4211993618807401,1.0515827695470685,1,0,1,0
2219,2219.0,22.19,5.499999999999999,5.129376080710911,4.078381314427243,0.37062391928908855,1.4216186855727564,1.0509947662836678,1,0,1,0
2220,2220.0,22.2,5.499999999999999,5.1309822609882065,4.077884546878948,0.3690177390117926,1.4221154531210507,1.0530977141092581,1,0,1,0
2221,2221.0,22.21,5.499999999999999,5.13081104229507,4.075904593493591,0.369188957704929,1.4240954065064084,1.0549064488014794,1,0,1,0
2222,2222.0,22.22,5.499999999999999,5.133011139788807,4.0741922812636115,0.36698886021119215,1.4258077187363876,1.0588188585251954,1,0,1,0
2223,2223.0,22.23,5.499999999999999,5.1369416048543535,4.072098209088694,0.36305839514564564,1.4279017909113048,1.0648433957656591,1,0,1,0
2224,2224.0,22.24,5.499999999999999,5.14143774623352,4.0714571778502835,0.358562253766479,1.4285428221497156,1.0699805683832366,1,0,1,0
2225,2225.0,22.25,5.499999999999999,5.148472399069602,4.0701973880553,0.3515276009303969,1.429802611944699,1.078275011014302,1,0,1,0
2226,2226.0,22.26,5.499999999999999,5.156585010474597,4.068546354073192,0.34341498952540217,1.4314536459268075,1.0880386564014053,1,0,1,0
2227,2227.0,22.27,5.499999999999999,5.165838757461548,4.067047700559168,0.3341612425384515,1.4329522994408315,1.09879105690238,1,0,1,0
2228,2228.0,22.28,5.499999999999999,5.177570000180332,4.067743333965629,0.3224299998196667,1.4322566660343705,1.1098266662147038,1,0,1,0
2229,2229.0,22.29,5.499999999999999,5.188103936623546,4.0678971826571475,0.31189606337645337,1.4321028173428516,1.1202067539663982,1,0,1,0
2230,2230.0,22.3,5.499999999999999,5.197908775423758,4.066797053167485,0.30209122457624105,1.4332029468325143,1.1311117222562732,1,0,1,0
2231,2231.0,22.31,5.499999999999999,5.209768093270514,4.068736052522376,0.29023190672948473,1.431263947477623,1.1410320407481382,1,0,1,0
2232,2232.0,22.32,5.499999999999999,5.22336873835699,4.070500471245732,0.27663126164300955,1.429499528754267,1.1528682671112573,1,0,1,0
2233,2233.0,22.33,5.499999999999999,5.23570912992151,4.071109804315693,0.26429087007848917,1.428890195684306,1.164599325605817,1,0,1,0
2234,2234.0,22.34,5.499999999999999,5.249433627972624,4.070491029839361,0.2505663720273752,1.4295089701606383,1.178942598133263,1,0,1,0
2235,2235.0,22.35,5.499999999999999,5.262452796031216,4.0692452782021356,0.23754720396878337,1.4307547217978636,1.1932075178290802,1,0,1,0
2236,2236.0,22.36,5.499999999999999,5.27167239680066,4.070447662313879,0.22832760319933953,1.4295523376861201,1.2012247344867806,1,0,1,0
2237,2237.0,22.37,5.499999999999999,5.282607513940674,4.069867596183375,0.21739248605932548,1.430132403816624,1.2127399177572986,1,0,1,0
2238,2238.0,22.38,5.499999999999999,5.295241668684945,4.070079187308057,0.2047583313150545,1.4299208126919423,1.2251624813768878,1,0,1,0
2239,2239.0,22.39,5.499999999999999,5.307697205322453,4.0692830851062505,0.19230279467754574,1.4307169148937486,1.238414120216203,1,0,1,0
2240,2240.0,22.4,5.499999999999999,5.319368184451149,4.069440042649921,0.18063181554884977,1.430559957350078,1.2499281418012282,1,0,1,0
2241,2241.0,22.41,5.499999999999999,5.327490029971588,4.0704698081032005,0.17250997002841117,1.4295301918967986,1.2570202218683875,1,0,1,0
2242,2242.0,22.42,5.499999999999999,5.337265142633554,4.070664056526569,0.16273485736644488,1.42933594347343,1.2666010861069852,1,0,1,0
2243,2243.0,22.43,5.499999999999999,5.348754280185044,4.071899541115455,0.1512457198149555,1.4281004588845443,1.2768547390695888,1,0,1,0
2244,2244.0,22.44,5.499999999999999,5.358138937596591,4.071681154840335,0.14186106240340823,1.428318845159664,1.2864577827562558,1,0,1,0
2245,2245.0,22.45,5.499999999999999,5.368807960479564,4.073209795571963,0.13119203952043534,1.4267902044280358,1.2955981649076005,1,0,1,0
2246,2246.0,22.46,5.499999999999999,5.376356074025594,4.074404537018087,0.1236439259744051,1.4255954629819119,1.3019515370075068,1,0,1,0
2247,2247.0,22.47,5.499999999999999,5.383121762308952,4.073978680734345,0.1168782376910471,1.4260213192656543,1.3091430815746072,1,0,1,0
2248,2248.0,22.48,5.499999999999999,5.393493709172637,4.0730099286391015,0.10650629082736174,1.4269900713608976,1.3204837805335359,1,0,1,0
2249,2249.0,22.49,5.499999999999999,5.404919450759471,4.072434855873373,0.095080549240528,1.4275651441266257,1.3324845948860977,1,0,1,0
2250,2250.0,22.5,5.499999999999999,5.416983425724126,4.072978060367395,0.08301657427587283,1.4270219396326045,1.3440053653567317,1,0,1,0
2251,2251.0,22.51,5.499999999999999,5.426590359123198,4.071933243481018,0.07340964087680124,1.428066756518981,1.3546571156421798,1,0,1,0
2252,2252.0,22.52,5.499999999999999,5.436224122525069,4.071663151862797,0.06377587747492974,1.428336848137202,1.3645609706622723,1,0,1,0
2253,2253.0,22.53,5.499999999999999,5.446771871431681,4.071608564109867,0.05322812856831849,1.4283914358901324,1.375163307321814,1,0,1,0
2254,2254.0,22.54,5.499999999999999,5.4558574842613,4.071925635372236,0.04414251573869876,1.4280743646277632,1.3839318488890644,1,0,1,0
2255,2255.0,22.55,5.499999999999999,5.465006931501862,4.073506158111008,0.03499306849813699,1.4264938418889912,1.3915007733908542,1,0,1,0
2256,2256.0,22.56,5.499999999999999,5.470781797675899,4.073614146565974,0.029218202324099884,1.4263858534340255,1.3971676511099256,1,0,1,0
2257,2257.0,22.57,5.499999999999999,5.476496350768775,4.073061260337369,0.023503649231224166,1.4269387396626305,1.4034350904314064,1,0,1,0
2258,2258.0,22.58,5.499999999999999,5.483778107615672,4.070949420635823,0.01622189238432714,1.4290505793641763,1.4128286869798492,1,0,1,0
2259,2259.0,22.59,5.499999999999999,5.490572155687318,4.069086579611463,0.009427844312680733,1.4309134203885359,1.4214855760758551,1,0,1,0
2260,2260.0,22.6,5.499999999999999,5.494621812571555,4.069260869579573,0.005378187428443759,1.4307391304204264,1.4253609429919827,1,0,1,0
2261,2261.0,22.61,5.499999999999999,5.500038106468514,4.06962513434191,3.810646851487576e-05,1.4303748656580888,1.430336759189574,1,0,1,0
2262,2262.0,22.62,5.499999999999999,5.5070210627233775,4.068982600727082,0.007021062723378435,1.4310173992729167,1.4239963365495383,1,0,1,0
2263,2263.0,22.63,5.499999999999999,5.514651966206833,4.068228656972179,0.014651966206834288,1.4317713430278198,1.4171193768209855,1,0,1,0
2264,2264.0,22.64,5.499999999999999,5.516194613862955,4.065894584717643,0.01619461386295562,1.4341054152823558,1.4179108014194002,1,0,1,0
2265,2265.0,22.65,5.499999999999999,5.518437139493955,4.065812096468057,0.018437139493955534,1.4341879035319423,1.4157507640379867,1,0,1,0
2266,2266.0,22.66,5.499999999999999,5.521069051884583,4.06628296185089,0.021069051884583523,1.4337170381491093,1.4126479862645258,1,0,1,0
2267,2267.0,22.67,5.499999999999999,5.523810972136627,4.065225941605287,0.023810972136628195,1.4347740583947122,1.410963086258084,1,0,1,0
2268,2268.0,22.68,5.499999999999999,5.530174778368379,4.065008998448833,0.030174778368380117,1.4349910015511664,1.4048162231827863,1,0,1,0
2269,2269.0,22.69,5.499999999999999,5.537532907583291,4.066155084569813,0.03753290758329175,1.4338449154301864,1.3963120078468947,1,0,1,0
2270,2270.0,22.7,5.499999999999999,5.541629294813769,4.066640081338268,0.0416292948137702,1.433359918661731,1.3917306238479608,1,0,1,0
2271,2271.0,22.71,5.499999999999999,5.5399916699873115,4.066213771550279,0.039991669987312406,1.43378622844972,1.3937945584624076,1,0,1,0
2272,2272.0,22.72,5.499999999999999,5.5371366218290525,4.065260887632846,0.03713662182905342,1.4347391123671533,1.3976024905381,1,0,1,0
2273,2273.0,22.73,5.499999999999999,5.540953691719595,4.065563916352045,0.040953691719596286,1.4344360836479542,1.3934823919283579,1,0,1,0
2274,2274.0,22.74,5.499999999999999,5.548540301099092,4.064814831393321,0.04854030109909324,1.4351851686066786,1.3866448675075853,1,0,1,0
2275,2275.0,22.75,5.499999999999999,5.550082359059351,4.064938451991802,0.050082359059351766,1.4350615480081972,1.3849791889488454,1,0,1,0
2276,2276.0,22.76,5.499999999999999,5.553674433103596,4.063278472934424,0.05367443310359654,1.4367215270655755,1.383047093961979,1,0,1,0
2277,2277.0,22.77,5.499999999999999,5.55819689208343,4.063604704927081,0.05819689208343082,1.4363952950729182,1.3781984029894874,1,0,1,0
2278,2278.0,22.78,5.499999999999999,5.5593461458247155,4.06465126703842,0.05934614582471642,1.4353487329615788,1.3760025871368624,1,0,1,0
2279,2279.0,22.79,5.499999999999999,5.563526513938447,4.064139265165284,0.06352651393844777,1.4358607348347148,1.372334220896267,1,0,1,0
2280,2280.0,22.8,5.499999999999999,5.568228404384776,4.0621481122884795,0.06822840438477673,1.4378518877115196,1.3696234833267429,1,0,1,0
2281,2281.0,22.81,5.499999999999999,5.570058126304134,4.061141913107189,0.07005812630413466,1.43885808689281,1.3687999605886754,1,0,1,0
2282,2282.0,22.82,5.499999999999999,5.566312703571678,4.062308440051096,0.06631270357167907,1.4376915599489033,1.3713788563772242,1,0,1,0
2283,2283.0,22.83,5.499999999999999,5.567196218567171,4.06304182577416,0.0671962185671715,1.4369581742258388,1.3697619556586673,1,0,1,0
2284,2284.0,22.84,5.499999999999999,5.570419339533328,4.063302781426545,0.0704193395333288,1.4366972185734541,1.3662778790401253,1,0,1,0
2285,2285.0,22.85,5.499999999999999,5.568047292173576,4.062872115459804,0.06804729217357686,1.4371278845401951,1.3690805923666183,1,0,1,0
2286,2286.0,22.86,5.499999999999999,5.564086835007691,4.061928309448952,0.06408683500769197,1.4380716905510473,1.3739848555433554,1,0,1,0
2287,2287.0,22.87,5.499999999999999,5.563163905275345,4.062242151697893,0.06316390527534566,1.4377578483021063,1.3745939430267606,1,0,1,0
2288,2288.0,22.88,5.499999999999999,5.562953146712426,4.061472674910275,0.06295314671242647,1.4385273250897237,1.3755741783772972,1,0,1,0
2289,2289.0,22.89,5.499999999999999,5.561752764114939,4.061181817788292,0.06175276411493957,1.4388181822117074,1.3770654180967679,1,0,1,0
2290,2290.0,22.9,5.499999999999999,5.563771630697695,4.061143792493967,0.06377163069769587,1.4388562075060323,1.3750845768083364,1,0,1,0
2291,2291.0,22.91,5.499999999999999,5.564546283605418,4.061545780253439,0.06454628360541914,1.4384542197465597,1.3739079361411406,1,0,1,0
2292,2292.0,22.92,5.499999999999999,5.5615489004227765,4.062856369306934,0.061548900422777386,1.4371436306930647,1.3755947302702873,1,0,1,0
2293,2293.0,22.93,5.499999999999999,5.55911814055977,4.062476537898435,0.059118140559770715,1.4375234621015638,1.378405321541793,1,0,1,0
2294,2294.0,22.94,5.499999999999999,5.560132304415676,4.062928454295986,0.06013230441567696,1.437071545704013,1.3769392412883361,1,0,1,0
2295,2295.0,22.95,5.499999999999999,5.55674084862727,4.063189982448005,0.056740848627271134,1.436810017551994,1.3800691689247229,1,0,1,0
2296,2296.0,22.96,5.499999999999999,5.555973584913527,4.064088033471186,0.05597358491352811,1.4359119665288134,1.3799383816152853,1,0,1,0
2297,2297.0,22.97,5.499999999999999,5.556459459131518,4.0652397007218735,0.05645945913151884,1.4347602992781257,1.3783008401466068,1,0,1,0
2298,2298.0,22.98,5.499999999999999,5.5531081416059305,4.0664222462369395,0.05310814160593136,1.4335777537630596,1.3804696121571283,1,0,1,0
2299,2299.0,22.99,5.499999999999999,5.550734017587012,4.066480607721447,0.050734017587013014,1.4335193922785523,1.3827853746915393,1,0,1,0
2300,2300.0,23.0,5.499999999999999,5.552117137714485,4.0668772749298086,0.052117137714486006,1.4331227250701906,1.3810055873557046,1,0,1,0
2301,2301.0,23.01,5.499999999999999,5.5506760157117645,4.064985702415569,0.05067601571176539,1.4350142975844298,1.3843382818726644,1,0,1,0
2302,2302.0,23.02,5.499999999999999,5.547293879090372,4.0650263488310685,0.04729387909037275,1.4349736511689306,1.3876797720785579,1,0,1,0
2303,2303.0,23.03,5.499999999999999,5.546605629593792,4.064915792446857,0.04660562959379266,1.4350842075531425,1.3884785779593498,1,0,1,0
2304,2304.0,23.04,5.499999999999999,5.544880668273302,4.063957990072863,0.044880668273302504,1.436042009927136,1.3911613416538335,1,0,1,0
2305,2305.0,23.05,5.499999999999999,5.543976552382099,4.06409877757828,0.043976552382099854,1.4359012224217187,1.3919246700396188,1,0,1,0
2306,2306.0,23.06,5.499999999999999,5.542627275176981,4.064269102676093,0.04262727517698206,1.4357308973239062,1.3931036221469242,1,0,1,0
2307,2307.0,23.07,5.499999999999999,5.539129266418649,4.064509467936596,0.03912926641864978,1.4354905320634028,1.396361265644753,1,0,1,0
2308,2308.0,23.08,5.499999999999999,5.538688293759989,4.063201698440863,0.03868829375999017,1.4367983015591363,1.3981100077991462,1,0,1,0
2309,2309.0,23.09,5.499999999999999,5.538350545043157,4.061530904090692,0.0383505450431576,1.4384690959093067,1.4001185508661491,1,0,1,0
2310,2310.0,23.1,5.499999999999999,5.535302356801505,4.0616180740489884,0.035302356801506285,1.4383819259510107,1.4030795691495044,1,0,1,0
2311,2311.0,23.11,5.499999999999999,5.534190947284044,4.060567780487361,0.034190947284044704,1.4394322195126383,1.4052412722285936,1,0,1,0
2312,2312.0,23.12,5.499999999999999,5.5350125298106425,4.060836619754715,0.0350125298106434,1.439163380245284,1.4041508504346405,1,0,1,0
2313,2313.0,23.13,5.499999999999999,5.535452329673913,4.058632357673332,0.03545232967391421,1.441367642326667,1.4059153126527528,1,0,1,0
2314,2314.0,23.14,5.499999999999999,5.533733111569461,4.058502480453008,0.033733111569461904,1.4414975195469912,1.4077644079775293,1,0,1,0
2315,2315.0,23.15,5.499999999999999,5.533403841634264,4.058478302197202,0.03340384163426524,1.4415216978027967,1.4081178561685315,1,0,1,0
2316,2316.0,23.16,5.499999999999999,5.528581358308845,4.05795659200365,0.028581358308845672,1.4420434079963487,1.413462049687503,1,0,1,0
2317,2317.0,23.17,5.499999999999999,5.525323647446975,4.05580041616394,0.02532364744697624,1.4441995838360588,1.4188759363890826,1,0,1,0
2318,2318.0,23.18,5.499999999999999,5.526970719142809,4.054811244989231,0.026970719142809685,1.4451887550107685,1.4182180358679588,1,0,1,0
2319,2319.0,23.19,5.499999999999999,5.5239345899278165,4.0560326854492095,0.023934589927817385,1.4439673145507896,1.4200327246229723,1,0,1,0
2320,2320.0,23.2,5.499999999999999,5.520016281989572,4.056005139448152,0.02001628198957306,1.4439948605518467,1.4239785785622736,1,0,1,0
2321,2321.0,23.21,5.499999999999999,5.5180988862041085,4.055803612928066,0.018098886204109377,1.4441963870719334,1.426097500867824,1,0,1,0
2322,2322.0,23.22,5.499999999999999,5.517295907095996,4.055397047212056,0.017295907095997265,1.4446029527879434,1.427307045691946,1,0,1,0
2323,2323.0,23.23,5.499999999999999,5.513395754082854,4.05573922811685,0.013395754082854872,1.4442607718831493,1.4308650178002944,1,0,1,0
2324,2324.0,23.24,5.499999999999999,5.513447805611049,4.057027451284473,0.013447805611050079,1.4429725487155265,1.4295247431044764,1,0,1,0
2325,2325.0,23.25,5.499999999999999,5.509366230332316,4.05650716663787,0.00936623033231676,1.4434928333621295,1.4341266030298128,1,0,1,0
2326,2326.0,23.26,5.499999999999999,5.506846733893289,4.055808876093167,0.006846733893289603,1.4441911239068324,1.4373443900135427,1,0,1,0
2327,2327.0,23.27,5.499999999999999,5.507046727182028,4.0558068081659355,0.007046727182029144,1.4441931918340636,1.4371464646520344,1,0,1,0
2328,2328.0,23.28,5.499999999999999,5.505189917892339,4.057332536542902,0.0051899178923395795,1.4426674634570968,1.4374775455647573,1,0,1,0
2329,2329.0,23.29,5.499999999999999,5.502611251968487,4.058808578544334,0.002611251968487771,1.441191421455665,1.4385801694871772,1,0,1,0
2330,2330.0,23.3,5.499999999999999,5.501741161051237,4.059061861056545,0.001741161051238116,1.4409381389434541,1.439196977892216,1,0,1,0
2331,2331.0,23.31,5.499999999999999,5.498460209227525,4.059538621746426,0.0015397907724743476,1.4404613782535733,1.438921587481099,1,0,1,0
2332,2332.0,23.32,5.499999999999999,5.495713509912784,4.059610255647878,0.004286490087214823,1.440389744352121,1.4361032542649061,1,0,1,0
2333,2333.0,23.33,5.499999999999999,5.497078147353111,4.060717850483106,0.0029218526468879347,1.4392821495168935,1.4363602968700055,1,0,1,0
2334,2334.0,23.34,5.499999999999999,5.495801185453216,4.058490500103675,0.0041988145467835025,1.4415094998963243,1.4373106853495408,1,0,1,0
2335,2335.0,23.35,5.499999999999999,5.492923264887357,4.05784374319645,0.007076735112642396,1.4421562568035489,1.4350795216909065,1,0,1,0
2336,2336.0,23.36,5.499999999999999,5.492096585737321,4.057830301582323,0.007903414262678155,1.4421696984176764,1.4342662841549982,1,0,1,0
2337,2337.0,23.37,5.499999999999999,5.493265995359316,4.058215150970226,0.006734004640683189,1.4417848490297729,1.4350508443890897,1,0,1,0
2338,2338.0,23.38,5.499999999999999,5.49199466731019,4.057977706760163,0.008005332689808853,1.4420222932398366,1.4340169605500277,1,0,1,0
2339,2339.0,23.39,5.499999999999999,5.493338078041002,4.058459552157642,0.006661921958997397,1.4415404478423568,1.4348785258833594,1,0,1,0
2340,2340.0,23.4,5.499999999999999,5.493797117047519,4.058618271878763,0.00620288295248006,1.441381728121236,1.435178845168756,1,0,1,0
2341,2341.0,23.41,5.499999999999999,5.494285455392359,4.058097285086408,0.005714544607640093,1.4419027149135912,1.4361881703059511,1,0,1,0
2342,2342.0,23.42,5.499999999999999,5.496089005149159,4.058331919666074,0.003910994850840233,1.4416680803339252,1.437757085483085,1,0,1,0
2343,2343.0,23.43,5.499999999999999,5.496712379604939,4.058569485077658,0.0032876203950600313,1.4414305149223408,1.4381428945272807,1,0,1,0
2344,2344.0,23.44,5.499999999999999,5.49679722558698,4.059141009072045,0.0032027744130189717,1.4408589909279543,1.4376562165149354,1,0,1,0
2345,2345.0,23.45,5.499999999999999,5.495404743579901,4.058860398065428,0.004595256420097726,1.4411396019345712,1.4365443455144735,1,0,1,0
2346,2346.0,23.46,5.499999999999999,5.4965806736052505,4.056916650884675,0.003419326394748623,1.4430833491153239,1.4396640227205753,1,0,1,0
2347,2347.0,23.47,5.499999999999999,5.497755189883167,4.056757824303596,0.0022448101168324186,1.443242175696403,1.4409973655795705,1,0,1,0
2348,2348.0,23.48,5.499999999999999,5.496451843622568,4.055864886673353,0.003548156377431333,1.444135113326646,1.4405869569492147,1,0,1,0
2349,2349.0,23.49,5.499999999999999,5.499456434583768,4.056602764503658,0.0005435654162306847,1.4433972354963407,1.44285367008011,1,0,1,0
2350,2350.0,23.5,5.499999999999999,5.500561649383237,4.054885567274107,0.0005616493832381053,1.4451144327258918,1.4445527833426537,1,0,1,0
2351,2351.0,23.51,5.499999999999999,5.500133748199047,4.055454145208085,0.0001337481990475453,1.4445458547919143,1.4444121065928668,1,0,1,0
2352,2352.0,23.52,5.499999999999999,5.503165398091876,4.0562161289156515,0.003165398091876881,1.4437838710843476,1.4406184729924707,1,0,1,0
2353,2353.0,23.53,5.499999999999999,5.504793695216325,4.055560677844233,0.004793695216325666,1.444439322155766,1.4396456269394404,1,0,1,0
2354,2354.0,23.54,5.499999999999999,5.508410013182708,4.055145051715384,0.008410013182708731,1.4448549482846147,1.436444935101906,1,0,1,0
2355,2355.0,23.55,5.499999999999999,5.50983417953787,4.054231916611468,0.009834179537870469,1.445768083388531,1.4359339038506604,1,0,1,0
2356,2356.0,23.56,5.499999999999999,5.509160208608129,4.054414897627517,0.009160208608129494,1.4455851023724824,1.436424893764353,1,0,1,0
2357,2357.0,23.57,5.499999999999999,5.513216017054582,4.0543819801044,0.01321601705458253,1.4456180198955995,1.432402002841017,1,0,1,0
2358,2358.0,23.58,5.499999999999999,5.518211198236075,4.053911983658552,0.018211198236075532,1.446088016341447,1.4278768181053714,1,0,1,0
2359,2359.0,23.59,5.499999999999999,5.519826173630814,4.053468342986716,0.019826173630814736,1.4465316570132831,1.4267054833824684,1,0,1,0
2360,2360.0,23.6,5.499999999999999,5.524580679263443,4.054666306180647,0.024580679263443983,1.445333693819352,1.420753014555908,1,0,1,0
2361,2361.0,23.61,5.499999999999999,5.526563055874359,4.055880588230431,0.026563055874359698,1.4441194117695684,1.4175563558952087,1,0,1,0
2362,2362.0,23.62,5.499999999999999,5.5274785899997125,4.055423274730542,0.02747858999971342,1.4445767252694575,1.417098135269744,1,0,1,0
2363,2363.0,23.63,5.499999999999999,5.534054331132405,4.055688499543602,0.03405433113240619,1.4443115004563971,1.410257169323991,1,0,1,0
2364,2364.0,23.64,5.499999999999999,5.540203902267958,4.05572497569074,0.040203902267959,1.4442750243092588,1.4040711220412998,1,0,1,0
2365,2365.0,23.65,5.499999999999999,5.545256627313276,4.0561589255047625,0.045256627313277065,1.4438410744952366,1.3985844471819595,1,0,1,0
2366,2366.0,23.66,5.499999999999999,5.549796190098251,4.057052894224754,0.049796190098251536,1.4429471057752448,1.3931509156769932,1,0,1,0
2367,2367.0,23.67,5.499999999999999,5.556037638924369,4.057318690689548,0.05603763892437019,1.4426813093104514,1.3866436703860812,1,0,1,0
2368,2368.0,23.68,5.499999999999999,5.561125407500816,4.057313560936367,0.06112540750081674,1.4426864390636318,1.381561031562815,1,0,1,0
2369,2369.0,23.69,5.499999999999999,5.565151545620474,4.0573402308644955,0.0651515456204752,1.4426597691355036,1.3775082235150284,1,0,1,0
2370,2370.0,23.7,5.499999999999999,5.570590756312745,4.058577819194669,0.07059075631274592,1.44142218080533,1.370831424492584,1,0,1,0
2371,2371.0,23.71,5.499999999999999,5.576854015895038,4.056680276705816,0.07685401589503904,1.4433197232941835,1.3664657073991444,1,0,1,0
2372,2372.0,23.72,5.499999999999999,5.582475142072091,4.055843348830687,0.0824751420720915,1.4441566511693118,1.3616815090972203,1,0,1,0
2373,2373.0,23.73,5.499999999999999,5.588587880478026,4.055615331462254,0.0885878804780269,1.4443846685377455,1.3557967880597186,1,0,1,0
2374,2374.0,23.74,5.499999999999999,5.596801819970887,4.055068634204954,0.09680181997088777,1.4449313657950453,1.3481295458241576,1,0,1,0
2375,2375.0,23.75,5.499999999999999,5.599589429030129,4.055597908896657,0.09958942903012957,1.444402091103342,1.3448126620732124,1,0,1,0
2376,2376.0,23.76,5.499999999999999,5.602028600818728,4.054838291136017,0.10202860081872878,1.4451617088639823,1.3431331080452535,1,0,1,0
2377,2377.0,23.77,5.499999999999999,5.607550751163905,4.05463609800458,0.107550751163906,1.4453639019954192,1.3378131508315132,1,0,1,0
2378,2378.0,23.78,5.499999999999999,5.613063525627541,4.052845466796028,0.11306352562754185,1.447154533203971,1.3340910075764292,1,0,1,0
2379,2379.0,23.79,5.499999999999999,5.617773492577265,4.052904002954133,0.11777349257726577,1.4470959970458663,1.3293225044686006,1,0,1,0
2380,2380.0,23.8,5.499999999999999,5.6214326942473525,4.051776948377535,0.12143269424735337,1.4482230516224641,1.3267903573751108,1,0,1,0
2381,2381.0,23.81,5.499999999999999,5.627045773005739,4.052251260664506,0.12704577300574016,1.447748739335493,1.320702966329753,1,0,1,0
2382,2382.0,23.82,5.499999999999999,5.632920535195706,4.05157413681639,0.1329205351957068,1.4484258631836093,1.3155053279879025,1,0,1,0
2383,2383.0,23.83,5.499999999999999,5.633981984959052,4.052862450406132,0.13398198495905245,1.447137549593867,1.3131555646348145,1,0,1,0
2384,2384.0,23.84,5.499999999999999,5.637749050432072,4.053264145736724,0.13774905043207308,1.4467358542632756,1.3089868038312025,1,0,1,0
2385,2385.0,23.85,5.499999999999999,5.639721614433658,4.052098041004516,0.13972161443365927,1.447901958995483,1.3081803445618236,1,0,1,0
2386,2386.0,23.86,5.499999999999999,5.643273249145434,4.052093243465106,0.1432732491454347,1.447906756534893,1.3046335073894584,1,0,1,0
2387,2387.0,23.87,5.499999999999999,5.645721989376749,4.051588993225087,0.1457219893767503,1.4484110067749123,1.302689017398162,1,0,1,0
2388,2388.0,23.88,5.499999999999999,5.6497791527468,4.051871646377463,0.14977915274680065,1.4481283536225362,1.2983492008757356,1,0,1,0
2389,2389.0,23.89,5.499999999999999,5.654853090676725,4.052646365515406,0.1548530906767258,1.4473536344845934,1.2925005438078676,1,0,1,0
2390,2390.0,23.9,5.499999999999999,5.655358624784201,4.051849676477901,0.15535862478420182,1.448150323522098,1.2927916987378962,1,0,1,0
2391,2391.0,23.91,5.499999999999999,5.656918166769738,4.051352946027277,0.15691816676973858,1.4486470539727225,1.291728887202984,1,0,1,0
2392,2392.0,23.92,5.499999999999999,5.659596368546983,4.050768462638486,0.15959636854698367,1.4492315373615128,1.289635168814529,1,0,1,0
2393,2393.0,23.93,5.499999999999999,5.660478577615146,4.050732430618323,0.16047857761514717,1.449267569381676,1.2887889917665287,1,0,1,0
2394,2394.0,23.94,5.499999999999999,5.663544318138281,4.050273432941934,0.16354431813828185,1.4497265670580655,1.2861822489197836,1,0,1,0
2395,2395.0,23.95,5.499999999999999,5.663918446029762,4.049004230787504,0.16391844602976313,1.4509957692124953,1.2870773231827322,1,0,1,0
2396,2396.0,23.96,5.499999999999999,5.666659201281296,4.047434905395284,0.16665920128129663,1.452565094604715,1.2859058933234184,1,0,1,0
2397,2397.0,23.97,5.499999999999999,5.672807706842879,4.04876866023334,0.17280770684287994,1.4512313397666592,1.2784236329237793,1,0,1,0
2398,2398.0,23.98,5.499999999999999,5.672868336345392,4.049704096068874,0.17286833634539267,1.4502959039311252,1.2774275675857325,1,0,1,0
2399,2399.0,23.99,5.499999999999999,5.6733401814201185,4.04939278069579,0.17334018142011942,1.4506072193042092,1.2772670378840898,1,0,1,0
2400,2400.0,24.0,5.499999999999999,5.672030678504908,4.049945564372954,0.1720306785049086,1.4500544356270453,1.2780237571221367,1,0,1,0
2401,2401.0,24.01,5.499556643518518,5.669507819537524,4.0500478707317376,0.16995117601900667,1.4495087727867801,1.2795575967677735,1,0,1,0
2402,2402.0,24.02,5.499113287037037,5.6699052231145215,4.051028532368717,0.17079193607748433,1.4480847546683204,1.277292818590836,1,0,1,0
2403,2403.0,24.03,5.498669930555556,5.6729473704828495,4.050079903381683,0.17427743992729372,1.4485900271738723,1.2743125872465786,1,0,1,0
2404,2404.0,24.04,5.498226574074075,5.671251757742687,4.049414082919813,0.17302518366861186,1.4488124911542624,1.2757873074856505,1,0,1,0
2405,2405.0,24.05,5.497783217592594,5.671321047194927,4.051484492655564,0.1735378296023331,1.44629872493703,1.272760895334697,1,0,1,0
2406,2406.0,24.06,5.4964630555555525,5.670897952807346,4.053289475558274,0.1744348972517935,1.4431735799972785,1.268738682745485,1,0,1,0
2407,2407.0,24.07,5.495142893518517,5.669112760559225,4.054977865049805,0.17396986704070727,1.4401650284687122,1.266195161428005,1,0,1,0
2408,2408.0,24.08,5.493822731481483,5.670197017350119,4.055153691731389,0.17637428586863546,1.4386690397500939,1.2622947538814584,1,0,1,0
2409,2409.0,24.09,5.492502569444447,5.668778355226665,4.054970960599132,0.17627578578221748,1.4375316088453154,1.261255823063098,1,0,1,0
2410,2410.0,24.1,5.491182407407407,5.667033128464494,4.055717573810101,0.17585072105708743,1.4354648335973055,1.259614112540218,1,0,1,0
2411,2411.0,24.11,5.4890003009259285,5.670682157422693,4.0562942187287145,0.18168185649676438,1.432706082197214,1.2510242257004496,1,0,1,0
2412,2412.0,24.12,5.486818194444445,5.671274001958003,4.056777633562566,0.18445580751355806,1.4300405608818787,1.2455847533683206,1,0,1,0
2413,2413.0,24.13,5.484636087962961,5.671175840124129,4.056160061745594,0.1865397521611678,1.4284760262173677,1.2419362740561999,1,0,1,0
2414,2414.0,24.14,5.482453981481483,5.6699816663136415,4.057084581274672,0.18752768483215831,1.4253694002068116,1.2378417153746533,1,0,1,0
2415,2415.0,24.15,5.480271874999999,5.667191891480053,4.058433412519011,0.1869200164800544,1.4218384624809879,1.2349184460009335,1,0,1,0
2416,2416.0,24.16,5.4772426851851845,5.668242792093186,4.057809945776489,0.1910001069080014,1.4194327394086956,1.2284326325006942,1,0,1,0
2417,2417.0,24.17,5.474213495370369,5.668220447207116,4.057945472647078,0.1940069518367462,1.4162680227232913,1.2222610708865451,1,0,1,0
2418,2418.0,24.18,5.471184305555554,5.667325729406188,4.057709042246213,0.1961414238506336,1.4134752633093415,1.2173338394587079,1,0,1,0
2419,2419.0,24.19,5.468155115740739,5.668547102165118,4.056356321623052,0.20039198642437928,1.4117987941176873,1.211406807693308,1,0,1,0
2420,2420.0,24.2,5.465125925925924,5.671126840967138,4.057211315351177,0.20600091504121387,1.407914610574747,1.2019136955335332,1,0,1,0
2421,2421.0,24.21,5.461264513888889,5.673126700225557,4.057645737464853,0.21186218633666876,1.403618776424036,1.1917565900873672,1,0,1,0
2422,2422.0,24.22,5.457403101851854,5.671383963485853,4.055479490084853,0.2139808616339991,1.4019236117670015,1.1879427501330024,1,0,1,0
2423,2423.0,24.23,5.453541689814814,5.667317453627607,4.053926257359788,0.2137757638127935,1.3996154324550254,1.185839668642232,1,0,1,0
2424,2424.0,24.24,5.449680277777778,5.666642214863309,4.052368173697291,0.21696193708553047,1.3973121040804877,1.1803501669949572,1,0,1,0
2425,2425.0,24.25,5.445818865740738,5.666527888511154,4.050858516459089,0.22070902277041604,1.3949603492816491,1.174251326511233,1,0,1,0
2426,2426.0,24.26,5.441140092592595,5.664349190005944,4.050637250560968,0.22320909741334916,1.3905028420316272,1.167293744618278,1,0,1,0
2427,2427.0,24.27,5.4364613194444456,5.666162842982041,4.0479325084979285,0.22970152353759588,1.388528810946517,1.1588272874089212,1,0,1,0
2428,2428.0,24.28,5.431782546296296,5.666344155700361,4.044372338566364,0.23456160940406434,1.387410207729932,1.1528485983258676,1,0,1,0
2429,2429.0,24.29,5.427103773148148,5.666352899661067,4.041033270655808,0.2392491265129193,1.3860705024923403,1.146821375979421,1,0,1,0
2430,2430.0,24.3,5.422424999999999,5.666009606816266,4.038583117527689,0.2435846068162677,1.3838418824723098,1.140257275656042,1,0,1,0
2431,2431.0,24.31,5.416943726851853,5.665602407329306,4.035200157081852,0.24865868047745288,1.3817435697700011,1.1330848892925482,1,0,1,0
2432,2432.0,24.32,5.4114624537037015,5.664479027828172,4.03091386878682,0.2530165741244703,1.3805485849168813,1.127532010792411,1,0,1,0
2433,2433.0,24.33,5.405981180555556,5.657817019876289,4.026515731628712,0.2518358393207327,1.3794654489268439,1.1276296096061111,1,0,1,0
2434,2434.0,24.34,5.40049990740741,5.653691078081116,4.0240685638152405,0.25319117067370644,1.3764313435921691,1.1232401729184627,1,0,1,0
2435,2435.0,24.35,5.395018634259258,5.648707041290889,4.020919383933978,0.253688407031631,1.3740992503252798,1.1204108432936488,1,0,1,0
2436,2436.0,24.36,5.388749722222221,5.650352836569188,4.016650239984825,0.2616031143469666,1.3720994822373962,1.1104963678904296,1,0,1,0
2437,2437.0,24.37,5.382480810185184,5.652144305690283,4.0158629749228325,0.2696634955050987,1.3666178352623515,1.0969543397572528,1,0,1,0
2438,2438.0,24.38,5.376211898148147,5.652383041600841,4.0120881514540505,0.2761711434526948,1.364123746694096,1.0879526032414013,1,0,1,0
2439,2439.0,24.39,5.36994298611111,5.651814544874367,4.009119977734215,0.28187155876325676,1.3608230083768955,1.0789514496136388,1,0,1,0
2440,2440.0,24.4,5.363674074074074,5.64711661667306,4.002687857889795,0.28344254259898616,1.360986216184279,1.0775436735852928,1,0,1,0
2441,2441.0,24.41,5.356632384259257,5.646931131310759,3.998071454175622,0.2902987470515024,1.3585609300836348,1.0682621830321324,1,0,1,0
2442,2442.0,24.42,5.34959069444444,5.644991134318127,3.993501066446427,0.2954004398736876,1.3560896279980126,1.060689188124325,1,0,1,0
2443,2443.0,24.43,5.342549004629629,5.642834010610697,3.9884155675767796,0.3002850059810678,1.3541334370528495,1.0538484310717817,1,0,1,0
2444,2444.0,24.44,5.335507314814812,5.642174091239865,3.9842755872200057,0.306666776425053,1.3512317275948065,1.0445649511697535,1,0,1,0
2445,2445.0,24.45,5.3284656250000015,5.640443304080068,3.978918369886848,0.31197767908006657,1.3495472551131535,1.037569576033087,1,0,1,0
2446,2446.0,24.46,5.320666018518517,5.641271971129049,3.9745895970324843,0.32060595261053226,1.3460764214860323,1.0254704688755,1,0,1,0
2447,2447.0,24.47,5.312866412037038,5.637074965890301,3.969057413911972,0.3242085538532633,1.3438089981250658,1.0196004442718025,1,0,1,0
2448,2448.0,24.48,5.305066805555552,5.632079457253746,3.9627392896572275,0.32701265169819393,1.3423275158983246,1.0153148642001306,1,0,1,0
2449,2449.0,24.49,5.297267199074073,5.629582698759433,3.958028058939359,0.33231549968535923,1.3392391401347146,1.0069236404493553,1,0,1,0
2450,2450.0,24.5,5.289467592592595,5.6278888973013235,3.952027391788761,0.3384213047087288,1.3374402008038335,0.9990188960951047,1,0,1,0
2451,2451.0,24.51,5.280924930555553,5.631242740588635,3.9476164513845977,0.35031781003308193,1.3333084791709555,0.9829906691378736,1,0,1,0
2452,2452.0,24.52,5.272382268518517,5.630492046191212,3.9418623260795567,0.3581097776726949,1.3305199424389604,0.9724101647662655,1,0,1,0
2453,2453.0,24.53,5.263839606481482,5.629577723769379,3.935057275217504,0.36573811728789707,1.328782331263978,0.9630442139760809,1,0,1,0
2454,2454.0,24.54,5.255296944444446,5.628527456319437,3.930026078291453,0.3732305118749917,1.3252708661529926,0.9520403542780009,1,0,1,0
2455,2455.0,24.55,5.246754282407404,5.628259869264051,3.923088001628942,0.3815055868566466,1.3236662807784625,0.9421606939218159,1,0,1,0
2456,2456.0,24.56,5.237483425925923,5.628577665688283,3.9180035180270654,0.39109423976236,1.3194799078988577,0.9283856681364977,1,0,1,0
2457,2457.0,24.57,5.228212569444443,5.624806871612249,3.9104632454880863,0.3965943021678058,1.3177493239563565,0.9211550217885507,1,0,1,0
2458,2458.0,24.58,5.218941712962961,5.619299078367991,3.9036105918020194,0.4003573654050303,1.3153311211609413,0.914973755755911,1,0,1,0
2459,2459.0,24.59,5.20967085648148,5.617495784641868,3.8952735559059306,0.4078249281603874,1.3143973005755498,0.9065723724151624,1,0,1,0
2460,2460.0,24.6,5.200399999999999,5.618492803615813,3.8870777883064043,0.4180928036158136,1.313322211693595,0.8952294080777814,1,0,1,0
2461,2461.0,24.61,5.1904158101851845,5.619743330595296,3.8795859963119144,0.42932752041011124,1.3108298138732701,0.8815022934631589,1,0,1,0
2462,2462.0,24.62,5.18043162037037,5.618259999846303,3.871932171464794,0.437828379475933,1.3084994489055757,0.8706710694296427,1,0,1,0
2463,2463.0,24.63,5.170447430555555,5.615842293207921,3.8628721060954434,0.44539486265236583,1.3075753244601116,0.8621804618077458,1,0,1,0
2464,2464.0,24.64,5.16046324074074,5.613230774134816,3.8541222981831424,0.45276753339407616,1.3063409425575978,0.8535734091635216,1,0,1,0
2465,2465.0,24.65,5.150479050925926,5.6112616452484225,3.844303122029372,0.46078259432249613,1.3061759288965544,0.8453933345740583,1,0,1,0
2466,2466.0,24.66,5.139796388888889,5.609026672808831,3.837130998993219,0.46923028391994226,1.3026653898956697,0.8334351059757275,1,0,1,0
2467,2467.0,24.67,5.129113726851852,5.6100118662462615,3.828495625924718,0.4808981393944096,1.3006181009271338,0.8197199615327242,1,0,1,0
2468,2468.0,24.68,5.118431064814814,5.611386203428366,3.8187770820856928,0.492955138613552,1.2996539827291214,0.8066988441155694,1,0,1,0
2469,2469.0,24.69,5.107748402777778,5.607967297803853,3.8080964051159008,0.5002188950260749,1.2996519976618774,0.7994331026358026,1,0,1,0
2470,2470.0,24.7,5.0970657407407405,5.605132909406411,3.8007302888404473,0.5080671686656704,1.2963354519002932,0.7882682832346228,1,0,1,0
2471,2471.0,24.71,5.085699467592592,5.607635496863699,3.7932817819057214,0.5219360292711066,1.2924176856868708,0.7704816564157642,1,0,1,0
2472,2472.0,24.72,5.074333194444446,5.6058407742126395,3.7844581278959906,0.5315075797681938,1.289875066548455,0.7583674867802612,1,0,1,0
2473,2473.0,24.73,5.062966921296297,5.604928195443385,3.773889326621777,0.5419612741470878,1.2890775946745205,0.7471163205274327,1,0,1,0
2474,2474.0,24.74,5.051600648148144,5.60266301549435,3.7642860925470956,0.5510623673462067,1.2873145556010481,0.7362521882548414,1,0,1,0
2475,2475.0,24.75,5.040234375000002,5.599320982929089,3.7544994331972266,0.5590866079290873,1.285734941802775,0.7266483338736878,1,0,1,0
2476,2476.0,24.76,5.028199351851849,5.599924084830645,3.7460126212120817,0.5717247329787964,1.2821867306397672,0.7104619976609707,1,0,1,0
2477,2477.0,24.77,5.016164328703702,5.600189301803179,3.7354178551060184,0.5840249730994769,1.280746473597684,0.696721500498207,1,0,1,0
2478,2478.0,24.78,5.004129305555555,5.597489565581218,3.7240348133147987,0.5933602600256629,1.2800944922407562,0.6867342322150933,1,0,1,0
2479,2479.0,24.79,4.9920942824074075,5.595121096887309,3.713053523285562,0.6030268144799011,1.2790407591218456,0.6760139446419444,1,0,1,0
2480,2480.0,24.8,4.98005925925926,5.5924847117601235,3.701715676315629,0.6124254525008634,1.2783435829436312,0.6659181304427677,1,0,1,0
2481,2481.0,24.81,4.96737034722222,5.590928416958082,3.6919056918941817,0.6235580697358625,1.275464655328038,0.6519065855921755,1,0,1,0
2482,2482.0,24.82,4.954681435185186,5.589793510192148,3.6807499147044216,0.6351120750069628,1.273931520480764,0.6388194454738012,1,0,1,0
2483,2483.0,24.83,4.941992523148144,5.58629316247979,3.669883290878391,0.6443006393316457,1.2721092322697531,0.6278085929381074,1,0,1,0
2484,2484.0,24.84,4.929303611111109,5.583025477848926,3.658263524654874,0.6537218667378166,1.2710400864562352,0.6173182197184186,1,0,1,0
2485,2485.0,24.85,4.916614699074074,5.578731222479656,3.6464644207597896,0.6621165234055821,1.2701502783142846,0.6080337549087025,1,0,1,0
2486,2486.0,24.86,4.903286759259258,5.577497449158176,3.6354333451939445,0.674210689898918,1.2678534140653133,0.5936427241663953,1,0,1,0
2487,2487.0,24.87,4.88995881944444,5.575786804214691,3.6229279204660827,0.6858279847702509,1.2670308989783576,0.5812029142081068,1,0,1,0
2488,2488.0,24.88,4.876630879629629,5.572397822830157,3.6119560553609698,0.6957669432005282,1.2646748242686594,0.5689078810681312,1,0,1,0
2489,2489.0,24.89,4.863302939814812,5.567405369556506,3.599989235730425,0.7041024297416945,1.263313704084387,0.5592112743426925,1,0,1,0
2490,2490.0,24.9,4.849974999999995,5.562614572493015,3.5878019748868653,0.7126395724930195,1.26217302511313,0.5495334526201106,1,0,1,0
2491,2491.0,24.91,4.836022893518519,5.559967017732713,3.576507103903425,0.723944124214194,1.2595157896150946,0.5355716654009006,1,0,1,0
2492,2492.0,24.92,4.822070787037037,5.556704814886377,3.5636234246562077,0.7346340278493395,1.2584473623808297,0.5238133345314901,1,0,1,0
2493,2493.0,24.93,4.808118680555555,5.551769268638271,3.551930300436895,0.7436505880827156,1.2561883801186604,0.5125377920359449,1,0,1,0
2494,2494.0,24.94,4.794166574074074,5.546599467843424,3.5388405105494143,0.7524328937693499,1.25532606352466,0.5028931697553101,1,0,1,0
2495,2495.0,24.95,4.780214467592592,5.541966132575521,3.5263558302434594,0.7617516649829286,1.2538586373491327,0.49210697236620415,1,0,1,0
2496,2496.0,24.96,4.765653055555556,5.536712279841578,3.515201203600645,0.7710592242860219,1.250451851954911,0.4793926276688891,1,0,1,0
2497,2497.0,24.97,4.751091643518521,5.531733719078054,3.503475733925175,0.7806420755595331,1.2476159095933457,0.46697383403381254,1,0,1,0
2498,2498.0,24.98,4.7365302314814794,5.525595010529705,3.489505838736333,0.7890647790482257,1.2470243927451463,0.4579596136969206,1,0,1,0
2499,2499.0,24.99,4.721968819444439,5.519530734217195,3.476347610588746,0.7975619147727562,1.245621208855693,0.4480592940829369,1,0,1,0
2500,2500.0,25.0,4.70740740740741,5.514527709804717,3.46292075841731,0.8071203023973075,1.2444866489901,0.4373663465927926,1,0,1,0
2501,2501.0,25.01,4.692251550925921,5.50941393981204,3.449000117586677,0.8171623888861195,1.2432514333392435,0.426089044453124,1,0,1,0
2502,2502.0,25.02,4.677095694444444,5.504025161303038,3.4340812008638886,0.8269294668585943,1.2430144935805552,0.4160850267219609,1,0,1,0
2503,2503.0,25.03,4.661939837962961,5.4974448788225105,3.420511113541502,0.8355050408595499,1.2414287244214588,0.4059236835619089,1,0,1,0
2504,2504.0,25.04,4.646783981481484,5.492437875104705,3.4071821092406296,0.8456538936232212,1.2396018722408542,0.393947978617633,1,0,1,0
2505,2505.0,25.05,4.631628125000001,5.486099013593677,3.3921723877830963,0.854470888593676,1.2394557372169044,0.38498484862322835,1,0,1,0
2506,2506.0,25.06,4.615892685185181,5.479392286420763,3.3801576883344797,0.8634996012355822,1.2357349968507014,0.3722353956151192,1,0,1,0
2507,2507.0,25.07,4.600157245370368,5.472740101409177,3.3671179507629962,0.8725828560388091,1.2330392946073716,0.36045643856856247,1,0,1,0
2508,2508.0,25.08,4.584421805555555,5.4669931783496,3.3531877523155695,0.8825713727940458,1.231234053239985,0.3486626804459392,1,0,1,0
2509,2509.0,25.09,4.568686365740741,5.459889945028401,3.3389230331645776,0.8912035792876596,1.2297633325761637,0.3385597532885041,1,0,1,0
2510,2510.0,25.1,4.552950925925922,5.451813555954973,3.3245646031095006,0.8988626300290514,1.2283863228164211,0.3295236927873697,1,0,1,0
2511,2511.0,25.11,4.53665076388889,5.443647317873343,3.311425807002917,0.9069965539844533,1.2252249568859725,0.3182284029015192,1,0,1,0
2512,2512.0,25.12,4.5203506018518524,5.434699501654142,3.296942906737757,0.91434889980229,1.2234076951140955,0.3090587953118056,1,0,1,0
2513,2513.0,25.13,4.504050439814814,5.426889884528001,3.282376177724146,0.9228394447131869,1.2216742620906684,0.2988348173774815,1,0,1,0
2514,2514.0,25.14,4.487750277777776,5.417826436774917,3.2666926074252514,0.9300761589971414,1.2210576703525247,0.2909815113553833,1,0,1,0
2515,2515.0,25.15,4.471450115740738,5.407250425733844,3.2499069478785536,0.9358003099931063,1.2215431678621842,0.28574285786907794,1,0,1,0
2516,2516.0,25.16,4.454600092592592,5.398446445888206,3.235300642171977,0.9438463532956138,1.2192994504206154,0.27545309712500154,1,0,1,0
2517,2517.0,25.17,4.437750069444441,5.388338446410394,3.220153059427076,0.9505883769659533,1.2175970100173648,0.2670086330514114,1,0,1,0
2518,2518.0,25.18,4.420900046296295,5.376504769425045,3.204030643650702,0.9556047231287499,1.2168694026455933,0.2612646795168434,1,0,1,0
2519,2519.0,25.19,4.404050023148144,5.365500435445211,3.1877354604764143,0.9614504122970677,1.2163145626717293,0.2548641503746616,1,0,1,0
2520,2520.0,25.2,4.3872000000000035,5.353929169689415,3.1727193175621347,0.9667291696894118,1.2144806824378689,0.24775151274845708,1,0,1,0
2521,2521.0,25.21,4.369814976851852,5.34343717252364,3.1593516898102187,0.9736221956717879,1.210463287041633,0.2368410913698451,1,0,1,0
2522,2522.0,25.22,4.352429953703704,5.331717682077234,3.142965583469899,0.9792877283735297,1.2094643702338055,0.23017664186027575,1,0,1,0
2523,2523.0,25.23,4.335044930555557,5.320291592183879,3.1252365046647497,0.985246661628322,1.2098084258908073,0.2245617642624853,1,0,1,0
2524,2524.0,25.24,4.317659907407403,5.309040981515449,3.1076833538246467,0.9913810741080455,1.2099765535827567,0.21859547947471114,1,0,1,0
2525,2525.0,25.25,4.300274884259257,5.2975027733355375,3.0915381929585686,0.9972278890762807,1.2087366913006883,0.2115088022244076,1,0,1,0
2526,2526.0,25.26,4.282369722222219,5.288582685848669,3.0751607728275605,1.0062129636264503,1.2072089493946585,0.2009959857682082,1,0,1,0
2527,2527.0,25.27,4.264464560185187,5.276115660098927,3.05761979877093,1.01165109991374,1.2068447614142572,0.1951936615005172,1,0,1,0
2528,2528.0,25.28,4.246559398148144,5.2615550783967295,3.040653433154819,1.0149956802485853,1.2059059649933253,0.19091028474473992,1,0,1,0
2529,2529.0,25.29,4.228654236111112,5.249040341652708,3.0226401035976846,1.0203861055415961,1.206014132513427,0.1856280269718309,1,0,1,0
2530,2530.0,25.3,4.210749074074075,5.2367313545429335,3.006996516607911,1.0259822804688588,1.2037525574661636,0.17777027699730485,1,0,1,0
2531,2531.0,25.31,4.192338634259253,5.224355983919528,2.990987375196328,1.0320173496602756,1.2013512590629247,0.16933390940264914,1,0,1,0
2532,2532.0,25.32,4.173928194444442,5.211974785828213,2.9737224591833304,1.0380465913837709,1.2002057352611115,0.16215914387734065,1,0,1,0
2533,2533.0,25.33,4.155517754629625,5.19852015283122,2.9556262441879015,1.0430023982015948,1.1998915104417236,0.1568891122401288,1,0,1,0
2534,2534.0,25.34,4.1371073148148145,5.183994199609711,2.9387515765678716,1.0468868847948967,1.198355738246943,0.1514688534520463,1,0,1,0
2535,2535.0,25.35,4.118696874999999,5.171390127287361,2.92202929165265,1.0526932522873622,1.1966675833473488,0.14397433105998658,1,0,1,0
2536,2536.0,25.36,4.0997960185185205,5.158002133216707,2.9050445472237136,1.0582061146981863,1.1947514712948069,0.1365453565966206,1,0,1,0
2537,2537.0,25.37,4.080895162037037,5.144744930777333,2.8873783930648194,1.0638497687402957,1.1935167689722177,0.129667000231922,1,0,1,0
2538,2538.0,25.38,4.061994305555559,5.131553159674865,2.870096791361184,1.0695588541193057,1.191897514194375,0.12233866007506933,1,0,1,0
2539,2539.0,25.39,4.0430934490740755,5.117504836969883,2.850873707913013,1.0744113878958075,1.1922197411610624,0.11780835326525496,1,0,1,0
2540,2540.0,25.4,4.024192592592586,5.104698311173883,2.833745194253691,1.0805057185812972,1.190447398338895,0.10994167975759783,1,0,1,0
2541,2541.0,25.41,4.004816180555553,5.0904394863194415,2.817442652261343,1.0856233057638889,1.1873735282942097,0.10175022253032084,1,0,1,0
2542,2542.0,25.42,3.9854397685185132,5.075809557535705,2.7984423703265526,1.090369789017192,1.1869973981919606,0.09662760917476865,1,0,0,1
2543,2543.0,25.43,3.966063356481479,5.061584265296461,2.7810560368283737,1.095520908814982,1.1850073196531055,0.08948641083812348,1,0,0,1
2544,2544.0,25.44,3.9466869444444397,5.046066722391933,2.7633054400597703,1.099379777947493,1.1833815043846694,0.0840017264371764,1,0,0,1
2545,2545.0,25.45,3.927310532407406,5.029180077496064,2.745660947071406,1.101869545088658,1.1816495853359998,0.07978004024734187,1,0,0,1
2546,2546.0,25.46,3.907473425925922,5.015744904312084,2.7281841361920636,1.1082714783861616,1.1792892897338585,0.07101781134769691,1,0,0,1
2547,2547.0,25.47,3.8876363194444443,5.00296091871451,2.708832502046611,1.1153245992700653,1.1788038173978332,0.06347921812776791,1,0,0,1
2548,2548.0,25.48,3.8677992129629604,4.986515621419279,2.68962595953442,1.118716408456319,1.1781732534285405,0.05945684497222148,1,0,0,1
2549,2549.0,25.49,3.8479621064814764,4.968861363945286,2.6701630378717054,1.1208992574638095,1.177799068609771,0.05689981114596154,1,0,0,1
2550,2550.0,25.5,3.8281249999999987,4.9538585807664335,2.6520269137517087,1.1257335807664348,1.17609808624829,0.050364505481855115,1,0,0,1
2551,2551.0,25.51,3.807842060185182,4.939138942511363,2.633686729576469,1.1312968823261809,1.1741553306087131,0.04285844828253227,1,0,0,1
2552,2552.0,25.52,3.787559120370371,4.924047063904807,2.6124896817710552,1.1364879435344357,1.1750694385993157,0.038581495064879956,1,0,0,1
2553,2553.0,25.53,3.767276180555554,4.908688909112769,2.59223110253071,1.1414127285572149,1.1750450780248438,0.03363234946762894,1,0,0,1
2554,2554.0,25.54,3.7469932407407427,4.8919026679554785,2.572004491619977,1.1449094272147358,1.1749887491207658,0.03007932190603002,1,0,0,1
2555,2555.0,25.55,3.726710300925926,4.876119038840655,2.552889187023593,1.149408737914729,1.1738211139023331,0.02441237598760404,1,0,0,1
2556,2556.0,25.56,3.7059963888888827,4.858895118406869,2.5343222862658243,1.152898729517986,1.1716741026230584,0.01877537310507238,1,0,0,1
2557,2557.0,25.57,3.6852824768518504,4.843096445621083,2.516606468334887,1.1578139687692328,1.1686760085169632,0.010862039747730368,1,0,0,1
2558,2558.0,25.58,3.6645685648148123,4.82517545738912,2.4969369753035164,1.1606068925743078,1.1676315895112959,0.00702469693698804,1,0,0,1
2559,2559.0,25.59,3.64385465277778,4.8089217741662065,2.4759369636739863,1.1650671213884265,1.1679176891037937,0.0028505677153671805,1,0,0,1
2560,2560.0,25.6,3.6231407407407366,4.791026572352388,2.4557871424224693,1.1678858316116516,1.1673535983182672,-0.0005322332933843654,1,0,0,1
2561,2561.0,25.61,3.6020107175925937,4.774529304374854,2.4366946301898613,1.1725185867822598,1.1653160874027324,-0.007202499379527438,1,0,0,1
2562,2562.0,25.62,3.5808806944444402,4.7581981302254315,2.4173371805724466,1.1773174357809912,1.1635435138719936,-0.013773921908997622,1,0,0,1
2563,2563.0,25.63,3.559750671296298,4.740487387987061,2.395374145887869,1.1807367166907632,1.164376525408429,-0.016360191282334124,1,0,0,1
2564,2564.0,25.64,3.538620648148144,4.723759713011168,2.373630282042388,1.1851390648630238,1.164990366105756,-0.02014869875726788,1,0,0,1
2565,2565.0,25.65,3.517490624999996,4.706927220367988,2.353525874907525,1.189436595367992,1.1639647500924712,-0.02547184527552071,1,0,0,1
2566,2566.0,25.66,3.49595935185185,4.689931585470834,2.335087548282409,1.1939722336189842,1.160871803569441,-0.03310043004954322,1,0,0,1
2567,2567.0,25.67,3.474428078703698,4.672561184925838,2.314920701052157,1.1981331062221403,1.1595073776515408,-0.03862572857059954,1,0,0,1
2568,2568.0,25.68,3.452896805555557,4.656082205039976,2.2930961914394037,1.2031853994844188,1.1598006141161532,-0.04338478536826562,1,0,0,1
2569,2569.0,25.69,3.431365532407405,4.6385392949931905,2.271627049347381,1.2071737625857857,1.159738483060024,-0.047435279525761764,1,0,0,1
2570,2570.0,25.7,3.409834259259258,4.6214160696482995,2.2514038007870942,1.2115818103890414,1.1584304584721639,-0.05315135191687759,1,0,0,1
2571,2571.0,25.71,3.3879165972222194,4.606384821935816,2.2329093543421235,1.2184682247135963,1.155007242880096,-0.06346098183350035,1,0,0,1
2572,2572.0,25.72,3.3659989351851856,4.58844153571313,2.2134549106176795,1.2224426005279447,1.152544024567506,-0.06989857596043869,1,0,0,1
2573,2573.0,25.73,3.344081273148147,4.571943562802737,2.1912115294743053,1.22786228965459,1.1528697436738415,-0.07499254598074856,1,0,0,1
2574,2574.0,25.74,3.3221636111111077,4.553160880355948,2.1700467330889524,1.2309972692448405,1.1521168780221553,-0.0788803912226852,1,0,0,1
2575,2575.0,25.75,3.3002459490740743,4.535536620145863,2.1503791618229258,1.2352906710717888,1.1498667872511485,-0.08542388382064026,1,0,0,1
2576,2576.0,25.76,3.277956759259254,4.519358343438351,2.131753284020543,1.2414015841790973,1.146203475238711,-0.09519810894038638,1,0,0,1
2577,2577.0,25.77,3.255667569444445,4.5031769859965225,2.109098134076165,1.2475094165520777,1.1465694353682796,-0.1009399811837981,1,1,0,0
2578,2578.0,25.78,3.2333783796296247,4.48578822045382,2.086373698265839,1.2524098408241953,1.1470046813637857,-0.10540515946040951,1,1,0,0
2579,2579.0,25.79,3.2110891898148157,4.4688207495290575,2.063211423484776,1.2577315597142418,1.1478777663300397,-0.10985379338420209,1,1,0,0
2580,2580.0,25.8,3.188799999999995,4.452942308213528,2.043282332249724,1.2641423082135326,1.145517667750271,-0.1186246404632616,1,1,0,0
2581,2581.0,25.81,3.166154143518511,4.437992729992275,2.024862268066348,1.271838586473764,1.141291875452163,-0.13054671102160098,1,1,0,0
2582,2582.0,25.82,3.1435082870370383,4.4225835186514475,2.0036595982327645,1.2790752316144092,1.1398486888042738,-0.13922654281013536,1,1,0,0
2583,2583.0,25.83,3.120862430555554,4.406686426808365,1.9811204179417683,1.285823996252811,1.1397420126137858,-0.14608198363902525,1,1,0,0
2584,2584.0,25.84,3.0982165740740752,4.3908531696059825,1.956665633813118,1.2926365955319072,1.1415509402609572,-0.15108565527095008,1,1,0,0
2585,2585.0,25.85,3.075570717592591,4.375833559492758,1.9345215434430534,1.300262841900167,1.1410491741495377,-0.15921366775062928,1,1,0,0
2586,2586.0,25.86,3.052583055555554,4.35910356613357,1.91285223767173,1.3065205105780162,1.1397308178838241,-0.16678969269419208,1,1,0,0
2587,2587.0,25.87,3.0295953935185174,4.3409428781093995,1.890991704938022,1.3113474845908821,1.1386036885804953,-0.1727437960103868,1,1,0,0
2588,2588.0,25.88,3.0066077314814863,4.325546491042298,1.8666689674979646,1.3189387595608113,1.1399387639835217,-0.17899999557728963,1,1,0,0
2589,2589.0,25.89,2.9836200694444432,4.311107441357378,1.8415097882267502,1.3274873719129348,1.142110281217693,-0.18537709069524166,1,1,0,0
2590,2590.0,25.9,2.9606324074074006,4.294499339373166,1.8190130336822972,1.3338669319657654,1.1416193737251035,-0.19224755824066198,1,1,0,0
2591,2591.0,25.91,2.937317800925923,4.276061079446686,1.7969540821113734,1.338743278520763,1.1403637188145497,-0.19837955970621324,1,1,0,0
2592,2592.0,25.92,2.9140031944444393,4.260307488508534,1.7744501430258226,1.3463042940640948,1.1395530514186167,-0.20675124264547806,1,1,0,0
2593,2593.0,25.93,2.8906885879629614,4.243830853702076,1.750548669324518,1.3531422657391148,1.1401399186384433,-0.21300234710067145,1,1,0,0
2594,2594.0,25.94,2.8673739814814776,4.2296057741894675,1.7273418496248323,1.3622317927079899,1.1400321318566453,-0.22219966085134457,1,1,0,0
2595,2595.0,25.95,2.844059375,4.2144558489987185,1.7058968078938972,1.3703964739987184,1.1381625671061029,-0.23223390689261558,1,1,0,0
2596,2596.0,25.96,2.820432685185181,4.199052357510032,1.6839041577902165,1.3786196723248514,1.1365285273949643,-0.24209114492988704,1,1,0,0
2597,2597.0,25.97,2.7968059953703737,4.180784225669586,1.660832246639706,1.3839782302992125,1.1359737487306676,-0.24800448156854493,1,1,0,0
2598,2598.0,25.98,2.7731793055555545,4.162561713609029,1.6362478865343044,1.3893824080534745,1.13693141902125,-0.2524509890322244,1,1,0,0
2599,2599.0,25.99,2.7495526157407357,4.14571246873163,1.6127141617107812,1.3961598529908943,1.1368384540299545,-0.25932139896093975,1,1,0,0
2600,2600.0,26.0,2.725925925925928,4.129271218201467,1.5888927972729296,1.4033452922755387,1.1370331286529984,-0.2663121636225403,1,1,0,0
2601,2601.0,26.01,2.7020020138888854,4.11280802166576,1.5671650711445513,1.4108060077768747,1.134836942744334,-0.2759690650325406,1,1,0,0
2602,2602.0,26.02,2.678078101851854,4.094013970985828,1.5442271750775975,1.4159358691339743,1.1338509267742563,-0.28208494235971804,1,1,0,0
2603,2603.0,26.03,2.654154189814811,4.075948448653711,1.5209406028542198,1.4217942588388999,1.1332135869605913,-0.2885806718783086,1,1,0,0
2604,2604.0,26.04,2.63023027777778,4.057376793214514,1.4986785110796494,1.4271465154367342,1.1315517666981305,-0.2955947487386037,1,1,0,0
2605,2605.0,26.05,2.606306365740737,4.039340892708847,1.475478413076994,1.4330345269681106,1.1308279526637428,-0.3022065743043678,1,1,0,0
2606,2606.0,26.06,2.582100092592588,4.019203109464283,1.454317620513815,1.4371030168716952,1.1277824720787728,-0.30932054479292237,1,1,0,0
2607,2607.0,26.07,2.557893819444444,3.998313159738568,1.4329035306564812,1.4404193402941243,1.1249902887879626,-0.31542905150616174,1,1,0,0
2608,2608.0,26.08,2.5336875462962887,3.9793400911645262,1.4104085220680629,1.4456525448682376,1.1232790242282258,-0.3223735206400118,1,1,0,0
2609,2609.0,26.09,2.509481273148151,3.961741435615098,1.3859900645780727,1.4522601624669473,1.1234912085700781,-0.3287689538968692,1,1,0,0
2610,2610.0,26.1,2.4852749999999957,3.943690136501249,1.3618060093928523,1.4584151365012534,1.1234689906071433,-0.3349461458941101,1,1,0,0
2611,2611.0,26.11,2.4608012268518515,3.9242251385087608,1.3406164137569165,1.4634239116569092,1.120184813094935,-0.3432390985619742,1,1,0,0
2612,2612.0,26.12,2.436327453703701,3.904867957821332,1.3184926507168038,1.4685405041176307,1.1178348029868974,-0.3507057011307333,1,1,0,0
2613,2613.0,26.13,2.4118536805555566,3.8853778637815113,1.2949993156180386,1.4735241832259547,1.116854364937518,-0.3566698182884367,1,1,0,0
2614,2614.0,26.14,2.3873799074074062,3.8661287865939995,1.2705760209891015,1.4787488791865933,1.1168038864183047,-0.3619449927682885,1,1,0,0
2615,2615.0,26.15,2.362906134259256,3.844954005840018,1.2469395967106272,1.482047871580762,1.1159665375486287,-0.36608133403213317,1,1,0,0
2616,2616.0,26.16,2.3381797222222223,3.824132987542579,1.2269327540666448,1.4859532653203567,1.1112469681555774,-0.3747062971647792,1,1,0,0
2617,2617.0,26.17,2.3134533101851824,3.8033861249202547,1.2023298516005378,1.4899328147350723,1.1111234585846446,-0.37880935615042777,1,1,0,0
2618,2618.0,26.18,2.2887268981481483,3.783892662351463,1.1760719067289194,1.4951657642033145,1.112654991419229,-0.3825107727840855,1,1,0,0
2619,2619.0,26.19,2.264000486111109,3.7643772803909012,1.1516660623427748,1.5003767942797923,1.1123344237683341,-0.3880423705114582,1,1,0,0
2620,2620.0,26.2,2.239274074074075,3.7452730398442933,1.1276973610943837,1.5059989657702184,1.1115767129796912,-0.39442225279052723,1,1,0,0
2621,2621.0,26.21,2.2143098842592575,3.7244987970025383,1.1040177197685221,1.5101889127432808,1.1102921644907353,-0.3998967482525455,1,1,0,0
2622,2622.0,26.22,2.1893456944444454,3.703780793348631,1.0792929240036997,1.5144350989041855,1.1100527704407457,-0.4043823284634398,1,1,0,0
2623,2623.0,26.23,2.164381504629628,3.6811988335289954,1.053168019590118,1.5168173288993674,1.11121348503951,-0.4056038438598575,1,1,0,0
2624,2624.0,26.24,2.1394173148148106,3.6599517236436503,1.0283278305477694,1.5205344088288397,1.1110894842670411,-0.4094449245617986,1,1,0,0
2625,2625.0,26.25,2.1144531249999985,3.6375501566184463,1.0024114778122015,1.5230970316184478,1.112041647187797,-0.4110553844306508,1,1,0,0
2626,2626.0,26.26,2.0892660185185146,3.615924140983133,0.9800597599939254,1.5266581224646183,1.1092062585245892,-0.4174518639400291,1,1,0,0
2627,2627.0,26.27,2.0640789120370364,3.5946691909915307,0.9558843474152637,1.5305902789544943,1.1081945646217726,-0.4223957143327217,1,1,0,0
2628,2628.0,26.28,2.0388918055555525,3.572195797185118,0.9303175732218092,1.5333039916295657,1.1085742323337433,-0.42472975929582235,1,1,0,0
2629,2629.0,26.29,2.013704699074074,3.5508115824199367,0.9046309259966553,1.5371068833458628,1.1090737730774185,-0.42803311026844426,1,1,0,0
2630,2630.0,26.3,1.98851759259259,3.528295296925893,0.8789674847875087,1.5397777043333032,1.1095501078050813,-0.43022759652822185,1,1,0,0
2631,2631.0,26.31,1.9631224305555512,3.506760890067787,0.8554808485072024,1.5436384595122357,1.1076415820483487,-0.43599687746388693,1,1,0,0
2632,2632.0,26.32,1.9377272685185176,3.4843452268204165,0.8313794731754397,1.5466179583018989,1.106347795343078,-0.4402701629588208,1,1,0,0
2633,2633.0,26.33,1.9123321064814789,3.4605973822185003,0.8046988602124701,1.5482652757370214,1.1076332462690088,-0.4406320294680126,1,1,0,0
2634,2634.0,26.34,1.8869369444444457,3.438012870390959,0.777279354234537,1.5510759259465132,1.1096575902099088,-0.4414183357366044,1,1,0,0
2635,2635.0,26.35,1.8615417824074065,3.4174990646865457,0.7516951001372563,1.5559572822791392,1.1098466822701503,-0.44611060000898894,1,1,0,0
2636,2636.0,26.36,1.8359534259259298,3.393535386016187,0.7286707008916459,1.5575819600902572,1.1072827250342838,-0.45029923505597336,1,1,0,0
2637,2637.0,26.37,1.810365069444442,3.3690452031255727,0.7027675692285739,1.5586801336811307,1.107597500215868,-0.4510826334652627,1,1,0,0
2638,2638.0,26.38,1.784776712962965,3.345493155862279,0.6766287155519964,1.5607164428993139,1.1081479974109687,-0.4525684454883452,1,1,0,0
2639,2639.0,26.39,1.7591883564814825,3.3228138118207005,0.6527110485551074,1.563625455339218,1.106477307926375,-0.45714814741284293,1,1,0,0
2640,2640.0,26.4,1.7335999999999945,3.3002853832786125,0.6284702582981883,1.566685383278618,1.1051297417018062,-0.46155564157681184,1,1,0,0
2641,2641.0,26.41,1.7078333101851857,3.276815204860241,0.60675884691476,1.568981894675055,1.1010744632704257,-0.4679074314046294,1,1,0,0
2642,2642.0,26.42,1.6820666203703656,3.250542636475924,0.581946422223467,1.5684760161055582,1.1001201981468984,-0.46835581795865977,1,1,0,0
2643,2643.0,26.43,1.6562999305555568,3.2259656911360315,0.5564080421068398,1.5696657605804747,1.099891888448717,-0.4697738721317577,1,1,0,0
2644,2644.0,26.44,1.6305332407407367,3.2006505484344734,0.5311496309339527,1.5701173076937367,1.099383609806784,-0.47073369788695274,1,1,0,0
2645,2645.0,26.45,1.6047665509259281,3.1760592028964685,0.5070738299996219,1.5712926519705404,1.097692720926306,-0.47359993104423426,1,1,0,0
2646,2646.0,26.46,1.5788363888888874,3.1506671105160025,0.48180537872625545,1.571830721627115,1.097031010162632,-0.4747997114644831,1,1,0,0
2647,2647.0,26.47,1.5529062268518523,3.126016348749953,0.455757048089895,1.5731101218981005,1.0971491787619574,-0.4759609431361431,1,1,0,0
2648,2648.0,26.48,1.5269760648148116,3.103997969799174,0.43023026986288637,1.5770219049843623,1.0967457949519253,-0.4802761100324371,1,1,0,0
2649,2649.0,26.49,1.501045902777771,3.0794048706393777,0.404047536983607,1.5783589678616068,1.096998365794164,-0.4813606020674428,1,1,0,0
2650,2650.0,26.5,1.4751157407407418,3.0553356697060936,0.3789221565658997,1.5802199289653518,1.096193584174842,-0.48402634479050977,1,1,0,0
2651,2651.0,26.51,1.4490369675925863,3.030162740449624,0.3547384275266599,1.5811257728570378,1.0942985400659264,-0.4868272327911114,1,1,0,0
2652,2652.0,26.52,1.4229581944444478,3.005045418374401,0.32837288822785515,1.582087223929953,1.0945853062165927,-0.4875019177133604,1,1,0,0
2653,2653.0,26.53,1.3968794212962925,2.979878499810125,0.3037921202617549,1.5829990785138326,1.0930873010345377,-0.48991177747929493,1,1,0,0
2654,2654.0,26.54,1.3708006481481485,2.9563181773141585,0.27675264806794136,1.58551752916601,1.094048000080207,-0.4914695290858029,1,1,0,0
2655,2655.0,26.55,1.3447218749999985,2.9332063342342027,0.249582321285626,1.5884844592342042,1.0951395537143724,-0.4933449055198318,1,1,0,0
2656,2656.0,26.56,1.3185093518518458,2.9062934625991645,0.22516056394499528,1.5877841107473187,1.0933487879068506,-0.4944353228404681,1,1,0,0
2657,2657.0,26.57,1.292296828703704,2.8795960243905423,0.19928139756165048,1.5872991956868383,1.0930154311420535,-0.49428376454478484,1,1,0,0
2658,2658.0,26.58,1.266084305555551,2.8552519354446773,0.1733789696548976,1.5891676298891262,1.0927053359006536,-0.49646229398847264,1,1,0,0
2659,2659.0,26.59,1.2398717824074095,2.8315123049241175,0.14620078169041598,1.591640522516708,1.0936710007169934,-0.49796952179971465,1,1,0,0
2660,2660.0,26.6,1.2136592592592566,2.8058622810159495,0.11988043804735919,1.592203021756693,1.0937788212118973,-0.49842420054479564,1,1,0,0
2661,2661.0,26.61,1.1873278472222228,2.7794300040734554,0.09614542156667823,1.5921021568512326,1.0911824256555447,-0.5009197311956879,1,1,0,0
2662,2662.0,26.62,1.1609964351851838,2.750846282257744,0.06887626906132353,1.5898498470725602,1.0921201661238602,-0.49772968094869996,1,1,0,0
2663,2663.0,26.63,1.1346650231481503,2.7228239654716506,0.04237016331935647,1.5881589423235003,1.0922948598287938,-0.4958640824947065,1,1,0,0
2664,2664.0,26.64,1.1083336111111113,2.6956697978626303,0.015971924931067718,1.587336186751519,1.0923616861800436,-0.4949745005714754,1,1,0,0
2665,2665.0,26.65,1.0820021990740665,2.670480084346299,-0.009840867876547687,1.5884778852722323,1.091843066950614,-0.49663481832161827,1,1,0,0
2666,2666.0,26.66,1.0555667592592584,2.643165162199137,-0.034641549203878484,1.5875984029398786,1.0902083084631369,-0.49739009447674176,1,1,0,0
2667,2667.0,26.67,1.029131319444439,2.615714205437687,-0.061992680272817395,1.586582885993248,1.0911239997172564,-0.49545888627599166,1,1,0,0
2668,2668.0,26.68,1.002695879629631,2.5867521002931935,-0.0889877895661916,1.5840562206635624,1.0916836691958227,-0.4923725514677397,1,1,0,0
2669,2669.0,26.69,0.9762604398148115,2.5599265489159557,-0.11599103847548858,1.5836661091011441,1.0922514782903001,-0.491414630810844,1,1,0,0
2670,2670.0,26.7,0.9498250000000034,2.5347883291394715,-0.14281147708808345,1.5849633291394682,1.0926364770880868,-0.4923268520513815,1,1,0,0
2671,2671.0,26.71,0.9233003935185151,2.506045102707074,-0.16937435128408104,1.5827447091885587,1.0926747448025962,-0.4900699643859625,1,1,0,0
2672,2672.0,26.72,0.8967757870370381,2.4766006140614456,-0.1961494884814904,1.5798248270244075,1.0929252755185286,-0.48689955150587894,1,1,0,0
2673,2673.0,26.73,0.8702511805555556,2.447761966359285,-0.22300960298236872,1.5775107858037294,1.0932607835379242,-0.48425000226580517,1,1,0,0
2674,2674.0,26.74,0.8437265740740673,2.4201451888565395,-0.25032718285833183,1.5764186147824724,1.0940537569323991,-0.4823648578500732,1,1,0,0
2675,2675.0,26.75,0.8172019675925903,2.39244749483244,-0.2776509968249672,1.5752455272398498,1.0948529644175575,-0.48039256282229226,1,1,0,0
2676,2676.0,26.76,0.7906030555555503,2.3623417734306993,-0.3006410504314488,1.571738717875149,1.091244105986999,-0.4804946118881499,1,1,0,0
2677,2677.0,26.77,0.7640041435185217,2.331558801520546,-0.32643802829841706,1.5675546580020243,1.0904421718169388,-0.4771124861850855,1,1,0,0
2678,2678.0,26.78,0.737405231481476,2.2993858362932422,-0.3532485323929545,1.5619806048117661,1.0906537638744305,-0.4713268409373357,1,1,0,0
2679,2679.0,26.79,0.7108063194444475,2.268699566377889,-0.3807108041715609,1.5578932469334412,1.0915171236160084,-0.46637612331743283,1,1,0,0
2680,2680.0,26.8,0.6842074074074075,2.2374982727081902,-0.4065430922535499,1.5532908653007826,1.0907504996609574,-0.46254036563982526,1,1,0,0
2681,2681.0,26.81,0.6575490509259216,2.2077250747600425,-0.4301929878311289,1.550176023834121,1.0877420387570504,-0.46243398507707045,1,1,0,0
2682,2682.0,26.82,0.6308906944444413,2.174541373943821,-0.4550095631627734,1.5436506794993794,1.0859002576072148,-0.45775042189216464,1,1,0,0
2683,2683.0,26.83,0.6042323379629613,2.14035927695384,-0.4842089557900137,1.5361269389908787,1.088441293752975,-0.44768564523790366,1,1,0,0
2684,2684.0,26.84,0.577573981481481,2.1086220774753834,-0.5125109213504468,1.5310480959939023,1.090084902831928,-0.4409631931619744,1,1,0,0
2685,2685.0,26.85,0.5509156249999951,2.073622077475384,-0.5382148320412451,1.522706452475389,1.0891304570412403,-0.4335759954341487,1,1,0,0
2686,2686.0,26.86,0.5242126851851863,2.038622077475385,-0.5632370765329405,1.5144093922901987,1.0874497617181267,-0.426959630572072,1,1,0,0
2687,2687.0,26.87,0.49750974537036585,2.003622077475386,-0.588563473754915,1.5061123321050203,1.0860732191252809,-0.4200391129797394,1,1,0,0
2688,2688.0,26.88,0.470806805555557,0.0,-0.616212409385352,0.470806805555557,1.087019214940909,0.616212409385352,1,0,1,0
2689,2689.0,26.89,0.4441038657407366,0.0,-0.642665154140678,0.4441038657407366,1.0867690198814146,0.642665154140678,1,0,1,0
2690,2690.0,26.9,0.41740092592591627,0.0,-0.6665612448738639,0.41740092592591627,1.0839621707997802,0.6665612448738639,1,0,1,0
2691,2691.0,26.91,0.3906682638888844,0.0,-0.6914974957479147,0.3906682638888844,1.082165759636799,0.6914974957479146,1,0,1,0
2692,2692.0,26.92,0.36393560185184687,0.0,-0.7195881600685052,0.36393560185184687,1.0835237619203522,0.7195881600685052,1,0,1,0
2693,2693.0,26.93,0.33720293981481503,0.0,-0.7478214090417425,0.33720293981481503,1.0850243488565576,0.7478214090417425,1,0,1,0
2694,2694.0,26.94,0.3104702777777717,0.0,-0.7744268534982197,0.3104702777777717,1.0848971312759914,0.7744268534982197,1,0,1,0
2695,2695.0,26.95,0.28373761574073986,0.0,-0.8004809976429932,0.28373761574073986,1.084218613383733,0.8004809976429932,1,0,1,0
2696,2696.0,26.96,0.25699009259258504,0.0,-0.8258123482193048,0.25699009259258504,1.08280244081189,0.8258123482193049,1,0,1,0
2697,2697.0,26.97,0.23024256944444751,0.0,-0.8505148807722172,0.23024256944444751,1.0807574502166646,0.850514880772217,1,0,1,0
2698,2698.0,26.98,0.2034950462962927,0.0,-0.8785200129538547,0.2034950462962927,1.0820150592501474,0.8785200129538547,1,0,1,0
2699,2699.0,26.99,0.1767475231481379,0.0,-0.9053610506456256,0.1767475231481379,1.0821085737937635,0.9053610506456256,1,0,1,0
2700,2700.0,27.0,0.15000000000000033,0.0,-0.9308086753750736,0.15000000000000033,1.0808086753750739,0.9308086753750735,1,0,1,0
2701,2701.0,27.01,0.12325247685184554,0.0,-0.9550865973099073,0.12325247685184554,1.078339074161753,0.9550865973099074,1,0,1,0
2702,2702.0,27.02,0.09650495370370223,0.0,-0.9823923866275982,0.09650495370370223,1.0788973403313005,0.9823923866275982,1,0,1,0
2703,2703.0,27.03,0.06975743055555317,0.0,-1.0104946168587565,0.06975743055555317,1.0802520474143096,1.0104946168587565,1,0,1,0
2704,2704.0,27.04,0.04300990740740985,0.0,-1.0395535987664892,0.04300990740740985,1.0825635061738992,1.0395535987664892,1,0,1,0
2705,2705.0,27.05,0.016262384259255067,0.0,-1.0659470824416883,0.016262384259255067,1.0822094667009434,1.0659470824416883,1,0,1,0
2706,2706.0,27.06,-0.010470277777782512,0.0,-1.0908582916067895,0.010470277777782512,1.080388013829007,1.0699177360512244,1,0,1,0
2707,2707.0,27.07,-0.03720293981481435,0.0,-1.1186103486267491,0.03720293981481435,1.0814074088119348,1.0442044689971204,1,0,1,0
2708,2708.0,27.08,-0.06393560185185193,0.0,-1.1479672998474326,0.06393560185185193,1.0840316979955806,1.0200960961437286,1,0,1,0
2709,2709.0,27.09,-0.09066826388888377,0.0,-1.1745571696032058,0.09066826388888377,1.083888905714322,0.9932206418254381,1,0,1,0
2710,2710.0,27.1,-0.11740092592592709,0.0,-1.2004176728832234,0.11740092592592709,1.0830167469572964,0.9656158210313693,1,0,1,0
2711,2711.0,27.11,-0.14410386574073597,0.0,-1.224789310625566,0.14410386574073597,1.0806854448848302,0.9365815791440942,1,0,1,0
2712,2712.0,27.12,-0.1708068055555563,0.0,-1.2514408166297704,0.1708068055555563,1.080634011074214,0.9098272055186578,1,0,1,0
2713,2713.0,27.13,-0.1975097453703652,0.0,-1.2775511747906545,0.1975097453703652,1.0800414294202894,0.8825316840499242,1,0,1,0
2714,2714.0,27.14,-0.22421268518518556,0.0,-1.3041610973120017,0.22421268518518556,1.0799484121268161,0.8557357269416306,1,0,1,0
2715,2715.0,27.15,-0.25091562500000586,0.0,-1.3300291679780267,0.25091562500000586,1.0791135429780208,0.8281979179780149,1,0,1,0
2716,2716.0,27.16,-0.2775739814814803,0.0,-1.3548109480406236,0.2775739814814803,1.0772369665591432,0.7996629850776629,1,0,1,0
2717,2717.0,27.17,-0.3042323379629663,0.0,-1.3807368943829685,0.3042323379629663,1.0765045564200022,0.7722722184570359,1,0,1,0
2718,2718.0,27.18,-0.33089069444444075,0.0,-1.4081228285609144,0.33089069444444075,1.0772321341164737,0.7463414396720329,1,0,1,0
2719,2719.0,27.19,-0.35754905092592665,0.0,-1.4346717136194629,0.35754905092592665,1.0771226626935362,0.7195736117676095,1,0,1,0
2720,2720.0,27.2,-0.3842074074074011,0.0,-1.4627920642403378,0.3842074074074011,1.0785846568329367,0.6943772494255356,1,0,1,0
2721,2721.0,27.21,-0.41080631944444684,0.0,-1.4884161413531503,0.41080631944444684,1.0776098219087034,0.6668035024642565,1,0,1,0
2722,2722.0,27.22,-0.4374052314814754,0.0,-1.5143541730301768,0.4374052314814754,1.0769489415487015,0.6395437100672261,1,0,1,0
2723,2723.0,27.23,-0.4640041435185154,0.0,-1.5424944765580293,0.4640041435185154,1.078490333039514,0.6144861895209985,1,0,1,0
2724,2724.0,27.24,-0.4906030555555554,0.0,-1.5686533202889015,0.4906030555555554,1.078050264733346,0.5874472091777907,1,0,1,0
2725,2725.0,27.25,-0.5172019675925896,0.0,-1.595196987205435,0.5172019675925896,1.0779950196128454,0.5607930520202558,1,0,1,0
2726,2726.0,27.26,-0.5437265740740723,0.0,-1.6190184332675188,0.5437265740740723,1.0752918591934466,0.5315652851193743,1,0,1,0
2727,2727.0,27.27,-0.5702511805555491,0.0,-1.6451546620021522,0.5702511805555491,1.074903481446603,0.5046523008910538,1,0,1,0
2728,2728.0,27.28,-0.5967757870370376,0.0,-1.673492335102689,0.5967757870370376,1.0767165480656513,0.4799407610286137,1,0,1,0
2729,2729.0,27.29,-0.6233003935185144,0.0,-1.6999843951467672,0.6233003935185144,1.0766840016282528,0.45338360810973843,1,0,1,0
2730,2730.0,27.3,-0.6498250000000028,0.0,-1.7263930357505974,0.6498250000000028,1.0765680357505947,0.4267430357505919,1,0,1,0
2731,2731.0,27.31,-0.6762604398148222,0.0,-1.7501919827168084,0.6762604398148222,1.0739315429019862,0.397671103087164,1,0,1,0
2732,2732.0,27.32,-0.7026958796296303,0.0,-1.7753716985748413,0.7026958796296303,1.072675818945211,0.3699799393155807,1,0,1,0
2733,2733.0,27.33,-0.7291313194444498,0.0,-1.8030575100167199,0.7291313194444498,1.0739261905722701,0.34479487112782037,1,0,1,0
2734,2734.0,27.34,-0.7555667592592578,0.0,-1.8302299570931146,0.7555667592592578,1.074663197833857,0.31909643857459924,1,0,1,0
2735,2735.0,27.35,-0.7820021990740773,0.0,-1.8572126315962483,0.7820021990740773,1.075210432522171,0.29320823344809366,1,0,1,0
2736,2736.0,27.36,-0.8083336111111107,0.0,-1.8812039974770198,0.8083336111111107,1.072870386365909,0.26453677525479835,1,0,1,0
2737,2737.0,27.37,-0.8346650231481498,0.0,-1.908265619595397,0.8346650231481498,1.0736005964472473,0.23893557329909743,1,0,1,0
2738,2738.0,27.38,-0.8609964351851832,0.0,-1.9358595220296964,0.8609964351851832,1.074863086844513,0.21386665165932983,1,0,1,0
2739,2739.0,27.39,-0.8873278472222224,0.0,-1.962173570850554,0.8873278472222224,1.0748457236283318,0.1875178764061094,1,0,1,0
2740,2740.0,27.4,-0.9136592592592614,0.0,-1.9886098320118548,0.9136592592592614,1.0749505727525934,0.16129131349333203,1,0,1,0
2741,2741.0,27.41,-0.9398717824074088,0.0,-2.0143617297248064,0.9398717824074088,1.0744899473173977,0.1346181649099889,1,0,1,0
2742,2742.0,27.42,-0.9660843055555618,0.0,-2.0403727532371465,0.9660843055555618,1.0742884476815848,0.10820414212602303,1,0,1,0
2743,2743.0,27.43,-0.9922968287037034,0.0,-2.067651107611502,0.9922968287037034,1.0753542789077986,0.08305745020409516,1,0,0,1
2744,2744.0,27.44,-1.0185093518518564,0.0,-2.0964453980272073,1.0185093518518564,1.0779360461753509,0.059426694323494456,1,0,0,1
2745,2745.0,27.45,-1.044721874999998,0.0,-2.1215391522803286,1.044721874999998,1.0768172772803306,0.032095402280332586,1,0,0,1
2746,2746.0,27.46,-1.0708006481481478,0.0,-2.1444131301545903,1.0708006481481478,1.0736124820064425,0.0028118338582947544,1,0,0,1
2747,2747.0,27.47,-1.0968794212962918,0.0,-2.1702700135298407,1.0968794212962918,1.073390592233549,-0.023488829062742855,1,0,0,1
2748,2748.0,27.48,-1.1229581944444473,0.0,-2.198453896136485,1.1229581944444473,1.0754957016920375,-0.04746249275240988,1,0,0,1
2749,2749.0,27.49,-1.149036967592597,0.0,-2.224057453526827,1.149036967592597,1.0750204859342298,-0.07401648165836727,1,0,0,1
2750,2750.0,27.5,-1.175115740740741,0.0,-2.2481404525386757,1.175115740740741,1.0730247117979346,-0.10209102894280653,1,1,0,0
2751,2751.0,27.51,-1.2010459027777818,0.0,-2.2714454237545665,1.2010459027777818,1.0703995209767847,-0.13064638180099708,1,1,0,0
2752,2752.0,27.52,-1.2269760648148167,0.0,-2.297574185049732,1.2269760648148167,1.0705981202349153,-0.1563779445799014,1,1,0,0
2753,2753.0,27.53,-1.2529062268518574,0.0,-2.324735939248093,1.2529062268518574,1.0718297123962357,-0.18107651445562167,1,1,0,0
2754,2754.0,27.54,-1.2788363888888867,0.0,-2.351471409332532,1.2788363888888867,1.0726350204436452,-0.2062013684452415,1,1,0,0
2755,2755.0,27.55,-1.3047665509259274,0.0,-2.377098099947304,1.3047665509259274,1.0723315490213765,-0.2324350019045509,1,1,0,0
2756,2756.0,27.56,-1.3305332407407475,0.0,-2.4001025016701663,1.3305332407407475,1.0695692609294187,-0.2609639798113288,1,1,0,0
2757,2757.0,27.57,-1.3562999305555563,0.0,-2.4264787286156304,1.3562999305555563,1.070178798060074,-0.2861211324954822,1,1,0,0
2758,2758.0,27.58,-1.3820666203703762,0.0,-2.455070991873539,1.3820666203703762,1.0730043715031627,-0.30906224886721345,1,1,0,0
2759,2759.0,27.59,-1.407833310185185,0.0,-2.4817419374044922,1.407833310185185,1.0739086272193072,-0.33392468296587774,1,1,0,0
2760,2760.0,27.6,-1.4336000000000053,0.0,-2.50677567169762,1.4336000000000053,1.0731756716976146,-0.3604243283023907,1,1,0,0
2761,2761.0,27.61,-1.459188356481482,0.0,-2.531201454950457,1.459188356481482,1.072013098468975,-0.38717525801250696,1,1,0,0
2762,2762.0,27.62,-1.4847767129629645,0.0,-2.556514244126819,1.4847767129629645,1.0717375311638546,-0.4130391817991099,1,1,0,0
2763,2763.0,27.63,-1.5103650694444413,0.0,-2.583510841217362,1.5103650694444413,1.0731457717729207,-0.43721929767152057,1,1,0,0
2764,2764.0,27.64,-1.5359534259259293,0.0,-2.6113451815113495,1.5359534259259293,1.0753917555854202,-0.4605616703405091,1,1,0,0
2765,2765.0,27.65,-1.5615417824074116,0.0,-2.6365685168226762,1.5615417824074116,1.0750267344152646,-0.48651504799214695,1,1,0,0
2766,2766.0,27.66,-1.586936944444445,0.0,-2.6612399601220864,1.586936944444445,1.0743030156776414,-0.5126339287668036,1,1,0,0
2767,2767.0,27.67,-1.612332106481484,0.0,-2.686784590365111,1.612332106481484,1.074452483883627,-0.537879622597857,1,1,0,0
2768,2768.0,27.68,-1.6377272685185171,0.0,-2.713435183981181,1.6377272685185171,1.0757079154626639,-0.5620193530558533,1,1,0,0
2769,2769.0,27.69,-1.663122430555556,0.0,-2.7382858452999717,1.663122430555556,1.0751634147444156,-0.5879590158111405,1,1,0,0
2770,2770.0,27.7,-1.6885175925925893,0.0,-2.762957350977601,1.6885175925925893,1.0744397583850116,-0.6140778342075777,1,1,0,0
2771,2771.0,27.71,-1.7137046990740734,0.0,-2.7867377181174193,1.7137046990740734,1.073033019043346,-0.6406716800307275,1,1,0,0
2772,2772.0,27.72,-1.7388918055555516,0.0,-2.8124967121603244,1.7388918055555516,1.0736049066047728,-0.6652868989507787,1,1,0,0
2773,2773.0,27.73,-1.7640789120370357,0.0,-2.8408871649713396,1.7640789120370357,1.076808252934304,-0.6872706591027318,1,1,0,0
2774,2774.0,27.74,-1.7892660185185196,0.0,-2.866982562999876,1.7892660185185196,1.0777165444813566,-0.7115494740371631,1,1,0,0
2775,2775.0,27.75,-1.814453124999998,0.0,-2.892203410628587,1.814453124999998,1.077750285628589,-0.736702839371409,1,1,0,0
2776,2776.0,27.76,-1.8394173148148152,0.0,-2.9166620946125237,1.8394173148148152,1.0772447797977085,-0.7621725350171067,1,1,0,0
2777,2777.0,27.77,-1.8643815046296273,0.0,-2.9433502474709567,1.8643815046296273,1.0789687428413295,-0.7854127617882978,1,1,0,0
2778,2778.0,27.78,-1.889345694444445,0.0,-2.971013216380417,1.889345694444445,1.081667521935972,-0.807678172508473,1,1,0,0
2779,2779.0,27.79,-1.9143098842592565,0.0,-2.996485361414215,1.9143098842592565,1.0821754771549583,-0.8321344071042982,1,1,0,0
2780,2780.0,27.8,-1.9392740740740742,0.0,-3.021667612294906,1.9392740740740742,1.082393538220832,-0.8568805358532421,1,1,0,0
2781,2781.0,27.81,-1.964000486111114,0.0,-3.0440391898486965,1.964000486111114,1.0800387037375825,-0.8839617823735315,1,1,0,0
2782,2782.0,27.82,-1.9887268981481476,0.0,-3.069312449149901,1.9887268981481476,1.0805855510017532,-0.9081413471463944,1,1,0,0
2783,2783.0,27.83,-2.0134533101851875,0.0,-3.0969183634609654,2.0134533101851875,1.083465053275778,-0.9299882569094096,1,1,0,0
2784,2784.0,27.84,-2.038179722222221,0.0,-3.1233311702786213,2.038179722222221,1.0851514480564002,-0.9530282741658209,1,1,0,0
2785,2785.0,27.85,-2.062906134259261,0.0,-3.14668431659425,2.062906134259261,1.083778182334989,-0.9791279519242719,1,1,0,0
2786,2786.0,27.86,-2.0873799074074055,0.0,-3.1711115450378826,2.0873799074074055,1.083731637630477,-1.0036482697769284,1,1,0,0
2787,2787.0,27.87,-2.111853680555556,0.0,-3.1978445328351452,2.111853680555556,1.0859908522795894,-1.0258628282759665,1,1,0,0
2788,2788.0,27.88,-2.1363274537037005,0.0,-3.223905525452713,2.1363274537037005,1.0875780717490127,-1.0487493819546878,1,1,0,0
2789,2789.0,27.89,-2.160801226851856,0.0,-3.2496088602143516,2.160801226851856,1.0888076333624954,-1.0719935934893607,1,1,0,0
2790,2790.0,27.9,-2.185275000000007,0.0,-3.2720945613033963,2.185275000000007,1.0868195613033893,-1.0984554386966177,1,1,0,0
2791,2791.0,27.91,-2.20948127314815,0.0,-3.2954343846018324,2.20948127314815,1.0859531114536822,-1.123528161694468,1,1,0,0
2792,2792.0,27.92,-2.2336875462963,0.0,-3.3197946078461564,2.2336875462963,1.0861070615498565,-1.1475804847464435,1,1,0,0
2793,2793.0,27.93,-2.257893819444443,0.0,-3.345487759565569,2.257893819444443,1.0875939401211259,-1.1702998793233172,1,1,0,0
2794,2794.0,27.94,-2.2821000925925983,0.0,-3.3705510484865195,2.2821000925925983,1.0884509558939213,-1.193649136698677,1,1,0,0
2795,2795.0,27.95,-2.3063063657407366,0.0,-3.3935043920529,2.3063063657407366,1.0871980263121634,-1.219108339428573,1,1,0,0
2796,2796.0,27.96,-2.3302302777777792,0.0,-3.4167040771754134,2.3302302777777792,1.086473799397634,-1.2437564783801451,1,1,0,0
2797,2797.0,27.97,-2.3541541898148104,0.0,-3.439606238810168,2.3541541898148104,1.0854520489953576,-1.2687021408194528,1,1,0,0
2798,2798.0,27.98,-2.3780781018518535,0.0,-3.465054765882477,2.3780781018518535,1.0869766640306233,-1.2911014378212302,1,1,0,0
2799,2799.0,27.99,-2.402002013888896,0.0,-3.489119400460123,2.402002013888896,1.0871173865712271,-1.3148846273176686,1,1,0,0
2800,2800.0,28.0,-2.4259259259259274,0.0,-3.515411368883282,2.4259259259259274,1.0894854429573546,-1.3364404829685728,1,1,0,0
2801,2801.0,28.01,-2.449552615740746,0.0,-3.5395503575958234,2.449552615740746,1.0899977418550773,-1.3595548738856689,1,1,0,0
2802,2802.0,28.02,-2.4731793055555538,0.0,-3.5640933414507168,2.4731793055555538,1.090914035895163,-1.3822652696603908,1,1,0,0
2803,2803.0,28.03,-2.4968059953703725,0.0,-3.5901726663106133,2.4968059953703725,1.0933666709402408,-1.4034393244301318,1,1,0,0
2804,2804.0,28.04,-2.52043268518518,0.0,-3.6152870125839045,2.52043268518518,1.0948543273987243,-1.4255783577864558,1,1,0,0
2805,2805.0,28.05,-2.5440593749999993,0.0,-3.6401340924337595,2.5440593749999993,1.0960747174337602,-1.4479846575662392,1,1,0,0
2806,2806.0,28.06,-2.5673739814814884,0.0,-3.6614547953280296,2.5673739814814884,1.0940808138465412,-1.4732931676349472,1,1,0,0
2807,2807.0,28.07,-2.5906885879629606,0.0,-3.6840756424367265,2.5906885879629606,1.0933870544737658,-1.4973015334891948,1,1,0,0
2808,2808.0,28.08,-2.61400319444445,0.0,-3.7097700212916256,2.61400319444445,1.0957668268471754,-1.5182363675972748,1,1,0,0
2809,2809.0,28.09,-2.6373178009259224,0.0,-3.7350284606295876,2.6373178009259224,1.0977106597036652,-1.5396071412222572,1,1,0,0
2810,2810.0,28.1,-2.6606324074074115,0.0,-3.7598156886227447,2.6606324074074115,1.0991832812153333,-1.5614491261920782,1,1,0,0
2811,2811.0,28.11,-2.683620069444443,0.0,-3.781784374278369,2.683620069444443,1.0981643048339262,-1.5854557646105167,1,1,0,0
2812,2812.0,28.12,-2.7066077314814856,0.0,-3.8055223785751853,2.7066077314814856,1.0989146470936997,-1.607693084387786,1,1,0,0
2813,2813.0,28.13,-2.7295953935185167,0.0,-3.8308453855667586,2.7295953935185167,1.101249992048242,-1.6283454014702747,1,1,0,0
2814,2814.0,28.14,-2.7525830555555593,0.0,-3.8554415915475655,2.7525830555555593,1.1028585359920062,-1.649724519563553,1,1,0,0
2815,2815.0,28.15,-2.775570717592596,0.0,-3.8799344976314827,2.775570717592596,1.1043637800388866,-1.6712069375537095,1,1,0,0
2816,2816.0,28.16,-2.7982165740740745,0.0,-3.900928983929738,2.7982165740740745,1.1027124098556635,-1.695504164218411,1,1,0,0
2817,2817.0,28.17,-2.820862430555559,0.0,-3.9248229858969648,2.820862430555559,1.1039605553414056,-1.7169018752141536,1,1,0,0
2818,2818.0,28.18,-2.8435082870370376,0.0,-3.9507893692957325,2.8435082870370376,1.107281082258695,-1.7362272047783427,1,1,0,0
2819,2819.0,28.19,-2.866154143518522,0.0,-3.9747900440509145,2.866154143518522,1.1086359005323927,-1.7575182429861291,1,1,0,0
2820,2820.0,28.2,-2.8888000000000007,0.0,-3.996601512645892,2.8888000000000007,1.1078015126458913,-1.7809984873541094,1,1,0,0
2821,2821.0,28.21,-2.911089189814815,0.0,-4.018465264555686,2.911089189814815,1.1073760747408707,-1.8037131150739443,1,1,0,0
2822,2822.0,28.22,-2.933378379629624,0.0,-4.039165145930124,2.933378379629624,1.1057867663004997,-1.8275916133291243,1,1,0,0
2823,2823.0,28.23,-2.9556675694444445,0.0,-4.062924004529753,2.9556675694444445,1.1072564350853087,-1.8484111343591358,1,1,0,0
2824,2824.0,28.24,-2.9779567592592646,0.0,-4.087993527264752,2.9779567592592646,1.1100367680054872,-1.8679199912537774,1,1,0,0
2825,2825.0,28.25,-3.0002459490740736,0.0,-4.111074002784617,3.0002459490740736,1.1108280537105437,-1.8894178953635299,1,1,0,0
2826,2826.0,28.26,-3.0221636111111128,0.0,-4.132289474193343,3.0221636111111128,1.1101258630822306,-1.9120377480288822,1,1,0,0
2827,2827.0,28.27,-3.044081273148146,0.0,-4.15469205804983,3.044081273148146,1.1106107849016835,-1.9334704882464626,1,1,0,0
2828,2828.0,28.28,-3.0659989351851853,0.0,-4.179220154042389,3.0659989351851853,1.1132212188572033,-1.952777716327982,1,1,0,0
2829,2829.0,28.29,-3.0879165972222182,0.0,-4.202399439535979,3.0879165972222182,1.1144828423137607,-1.9734337549084575,1,1,0,0
2830,2830.0,28.3,-3.109834259259258,0.0,-4.224861431206516,3.109834259259258,1.1150271719472578,-1.994807087312,1,1,0,0
2831,2831.0,28.31,-3.13136553240741,0.0,-4.245700467681296,3.13136553240741,1.1143349352738858,-2.017030597133524,1,1,0,0
2832,2832.0,28.32,-3.152896805555556,0.0,-4.268901306617141,3.152896805555556,1.1160045010615849,-2.0368923044939713,1,1,0,0
2833,2833.0,28.33,-3.1744280787037082,0.0,-4.293040013860916,3.1744280787037082,1.1186119351572081,-2.0558161435465,1,1,0,0
2834,2834.0,28.34,-3.195959351851849,0.0,-4.314401206894442,3.195959351851849,1.118441855042593,-2.0775174968092562,1,1,0,0
2835,2835.0,28.35,-3.2174906250000013,0.0,-4.336766821485292,3.2174906250000013,1.1192761964852909,-2.0982144285147104,1,1,0,0
2836,2836.0,28.36,-3.2386206481481437,0.0,-4.356446854915747,3.2386206481481437,1.1178262067676035,-2.12079444138054,1,1,0,0
2837,2837.0,28.37,-3.2597506712962976,0.0,-4.378288087303717,3.2597506712962976,1.118537416007419,-2.1412132552888785,1,1,0,0
2838,2838.0,28.38,-3.2808806944444395,0.0,-4.401629531451084,3.2808806944444395,1.1207488370066443,-2.1601318574377952,1,1,0,0
2839,2839.0,28.39,-3.302010717592593,0.0,-4.422218167059654,3.302010717592593,1.120207449467061,-2.181803268125532,1,1,0,0
2840,2840.0,28.4,-3.323140740740741,0.0,-4.443987501724866,3.323140740740741,1.1208467609841248,-2.2022939797566163,1,1,0,0
2841,2841.0,28.41,-3.3438546527777735,0.0,-4.4643032447732365,3.3438546527777735,1.120448591995463,-2.2234060607823105,1,1,0,0
2842,2842.0,28.42,-3.3645685648148174,0.0,-4.487168246124688,3.3645685648148174,1.1225996813098709,-2.2419688835049465,1,1,0,0
2843,2843.0,28.43,-3.3852824768518497,0.0,-4.508165643511654,3.3852824768518497,1.122883166659804,-2.2623993101920457,1,1,0,0
2844,2844.0,28.44,-3.405996388888888,0.0,-4.528986660837008,3.405996388888888,1.1229902719481202,-2.2830061169407676,1,1,0,0
2845,2845.0,28.45,-3.42671030092592,0.0,-4.550956593596431,3.42671030092592,1.1242462926705108,-2.3024640082554093,1,1,0,0
2846,2846.0,28.46,-3.4469932407407424,-2.0055220899030815,-4.5714103288880255,1.441471150837661,1.124417088147283,-0.31705406269037795,1,1,0,0
2847,2847.0,28.47,-3.4672761805555536,-2.030738173918239,-4.593886120143175,1.4365380066373148,1.1266099395876212,-0.30992806704969356,1,1,0,0
2848,2848.0,28.48,-3.48755912037037,-2.0553362329837777,-4.615992878624573,1.4322228873865925,1.1284337582542032,-0.3037891291323893,1,1,0,0
2849,2849.0,28.49,-3.5078420601851867,-2.0816690847945942,-4.638537022196591,1.4261729753905925,1.130694962011404,-0.29547801337918855,1,1,0,0
2850,2850.0,28.5,-3.5281249999999975,-2.1073501865688087,-4.661138161616518,1.4207748134311888,1.1330131616165202,-0.2877616518146686,1,1,0,0
2851,2851.0,28.51,-3.5479621064814877,-2.131648704641293,-4.682626773494829,1.4163134018401946,1.1346646670133413,-0.28164873482685326,1,1,0,0
2852,2852.0,28.52,-3.5677992129629597,-2.1566827104094624,-4.702916120316844,1.4111165025534973,1.135116907353884,-0.27599959519961326,1,1,0,0
2853,2853.0,28.53,-3.587636319444443,-2.1841689580091073,-4.723108086538082,1.403467361435336,1.1354717670936392,-0.26799559434169673,1,1,0,0
2854,2854.0,28.54,-3.6074734259259214,-2.2117872903226865,-4.745451574857469,1.3956861356032348,1.137978148931548,-0.25770798667168693,1,1,0,0
2855,2855.0,28.55,-3.6273105324074053,-2.2368808269162352,-4.768229943634732,1.39042970549117,1.1409194112273267,-0.2495102942638434,1,1,0,0
2856,2856.0,28.56,-3.6466869444444505,-2.262947484452259,-4.786934816786429,1.3837394599921917,1.1402478723419787,-0.24349158765021306,1,1,0,0
2857,2857.0,28.57,-3.666063356481479,-2.292461332664978,-4.80695970137942,1.3736020238165008,1.1408963448979415,-0.2327056789185593,1,1,0,0
2858,2858.0,28.58,-3.6854397685185183,-2.3218608797630442,-4.827880673591235,1.363578888755474,1.1424409050727165,-0.2211379836827576,1,1,0,0
2859,2859.0,28.59,-3.7048161805555515,-2.346431419052636,-4.8500198375464585,1.3583847615029154,1.145203656990907,-0.21318110451200845,1,1,0,0
2860,2860.0,28.6,-3.7241925925925967,-2.3728393618210126,-4.8704176208886905,1.351353230771584,1.1462250282960937,-0.20512820247549035,1,1,0,0
2861,2861.0,28.61,-3.7430934490740753,-2.4015812918288084,-4.891021166555532,1.3415121572452668,1.147927717481457,-0.1935844397638098,1,1,0,0
2862,2862.0,28.62,-3.7619943055555587,-2.4303650545809687,-4.911276199537008,1.33162925097459,1.1492818939814495,-0.18234735699314042,1,1,0,0
2863,2863.0,28.63,-3.7808951620370364,-2.4572763656975156,-4.931774063819499,1.3236187963395207,1.1508789017824625,-0.17273989455705818,1,1,0,0
2864,2864.0,28.64,-3.79979601851852,-2.48600961109033,-4.952140900178857,1.3137864074281898,1.152344881660337,-0.16144152576785276,1,1,0,0
2865,2865.0,28.65,-3.818696875000003,-2.5168408907428956,-4.9725301119660985,1.3018559842571076,1.1538332369660953,-0.14802274729101228,1,1,0,0
2866,2866.0,28.66,-3.8371073148148143,-2.5469514333432675,-4.99012399998532,1.2901558814715468,1.1530166851705057,-0.1371391963010411,1,1,0,0
2867,2867.0,28.67,-3.8555177546296306,-2.576127132514844,-5.010513392450482,1.2793906221147866,1.1549956378208517,-0.12439498429393492,1,1,0,0
2868,2868.0,28.68,-3.8739281944444413,-2.60534199126319,-5.029502311235003,1.2685862031812514,1.1555741167905618,-0.1130120863906896,1,1,0,0
2869,2869.0,28.69,-3.8923386342592576,-2.6346912021423625,-5.050225402918302,1.2576474321168951,1.157886768659044,-0.09976066345785117,1,0,0,1
2870,2870.0,28.7,-3.9107490740740736,-2.6624330087278154,-5.069861480183573,1.2483160653462582,1.1591124061094997,-0.08920365923675844,1,0,0,1
2871,2871.0,28.71,-3.9286542361111114,-2.6896596272705406,-5.086200857883513,1.2389946088405708,1.157546621772402,-0.0814479870681688,1,0,0,1
2872,2872.0,28.72,-3.9465593981481435,-2.7167263770074457,-5.104536780371527,1.2298330211406978,1.1579773822233834,-0.07185563891731439,1,0,0,1
2873,2873.0,28.73,-3.9644645601851862,-2.74702003339254,-5.123108716813686,1.2174445267926464,1.1586441566284997,-0.05880037016414663,1,0,0,1
2874,2874.0,28.74,-3.982369722222224,-2.777076848282806,-5.142276799019513,1.2052928739394182,1.1599070767972885,-0.04538579714212965,1,0,0,1
2875,2875.0,28.75,-4.000274884259255,-2.8102194169250856,-5.161668724041158,1.1900554673341697,1.161393839781903,-0.028661627552266644,1,0,0,1
2876,2876.0,28.76,-4.017659907407409,-2.8439802576678908,-5.177356986577962,1.173679649739518,1.1596970791705532,-0.013982570568964903,1,0,0,1
2877,2877.0,28.77,-4.035044930555556,-2.8741826226949976,-5.197083757203939,1.1608623078605587,1.1620388266483825,0.001176518787823877,1,0,0,1
2878,2878.0,28.78,-4.052429953703704,-2.903365701978496,-5.215211529585062,1.1490642517252074,1.1627815758813584,0.013717324156151012,1,0,0,1
2879,2879.0,28.79,-4.06981497685185,-2.933867922582648,-5.234680903398176,1.1359470542692023,1.1648659265463257,0.02891887227712342,1,0,0,1
2880,2880.0,28.8,-4.087199999999998,-2.961897205577063,-5.250621155986981,1.1253027944229355,1.163421155986983,0.038118361564047465,1,0,0,1
2881,2881.0,28.81,-4.104050023148149,-2.9899448618887035,-5.266232960184398,1.1141051612594457,1.162182937036249,0.04807777577680339,1,0,0,1
2882,2882.0,28.82,-4.120900046296295,-3.0201212817113636,-5.285311706004966,1.100778764584931,1.164411659708671,0.06363289512374015,1,0,0,1
2883,2883.0,28.83,-4.137750069444446,-3.0521579295978865,-5.3047546599938675,1.0855921398465598,1.1670045905494213,0.08141245070286152,1,0,0,1
2884,2884.0,28.84,-4.154600092592592,-3.080643221041779,-5.324699290596439,1.0739568715508128,1.1700991980038475,0.09614232645303478,1,0,0,1
2885,2885.0,28.85,-4.171450115740742,-3.107883105008454,-5.342854033504176,1.0635670107322883,1.1714039177634339,0.10783690703114557,1,0,1,0
2886,2886.0,28.86,-4.187750277777775,-3.1356248074856197,-5.360155388970405,1.0521254702921556,1.1724051111926297,0.12027964090047405,1,0,1,0
2887,2887.0,28.87,-4.2040504398148135,-3.164194393847203,-5.378942920328366,1.0398560459676105,1.1748924805135523,0.13503643454594183,1,0,1,0
2888,2888.0,28.88,-4.220350601851851,-3.193034827021696,-5.399006640814266,1.027315774830155,1.1786560389624148,0.15134026413225987,1,0,1,0
2889,2889.0,28.89,-4.236650763888889,-3.220115083199098,-5.417399889595903,1.016535680689791,1.1807491257070142,0.16421344501722324,1,0,1,0
2890,2890.0,28.9,-4.252950925925927,-3.2470278948426934,-5.434329868804946,1.0059230310832339,1.181378942879019,0.175455911795785,1,0,1,0
2891,2891.0,28.91,-4.2686863657407415,-3.272901066703968,-5.451540362978918,0.9957852990367733,1.1828539972381762,0.18706869820140293,1,0,1,0
2892,2892.0,28.92,-4.284421805555555,-3.300266401173911,-5.467451862434592,0.9841554043816436,1.183030056879037,0.19887465249739344,1,0,1,0
2893,2893.0,28.93,-4.300157245370367,-3.328892078705993,-5.484063628509991,0.9712651666643741,1.1839063831396235,0.21264121647524936,1,0,1,0
2894,2894.0,28.94,-4.315892685185187,-3.3544999441373724,-5.500697677302976,0.9613927410478142,1.1848049921177894,0.2234122510699752,1,0,1,0
2895,2895.0,28.95,-4.331628125,-3.380161755923602,-5.517479571485562,0.9514663690763978,1.1858514464855618,0.23438507740916403,1,0,1,0
2896,2896.0,28.96,-4.346783981481483,-3.408133619578832,-5.534674896618203,0.9386503619026509,1.1878909151367196,0.24924055323406868,1,0,1,0
2897,2897.0,28.97,-4.36193983796296,-3.435899417460158,-5.551753294303023,0.9260404205028019,1.1898134563400626,0.26377303583726075,1,0,1,0
2898,2898.0,28.98,-4.377095694444443,-3.463578797923843,-5.568119407671392,0.9135168965206,1.191023713226949,0.277506816706349,1,0,1,0
2899,2899.0,28.99,-4.3922515509259314,-3.4901064640265256,-5.584711000799847,0.9021450868994059,1.1924594498739154,0.2903143629745095,1,0,1,0
2900,2900.0,29.0,-4.407407407407409,-3.517111180938033,-5.6023023807285774,0.8902962264693763,1.1948949733211682,0.3045987468517919,1,0,1,0
2901,2901.0,29.01,-4.42196881944445,-3.544346683003998,-5.618325809485687,0.877622136440452,1.1963569900412372,0.31873485360078524,1,0,1,0
2902,2902.0,29.02,-4.43653023148148,-3.5712899977356543,-5.635055267725097,0.8652402337458254,1.198525036243617,0.3332848024977917,1,0,1,0
2903,2903.0,29.03,-4.451091643518521,-3.6011654489663822,-5.6510792983066755,0.8499261945521388,1.1999876547881545,0.3500614602360157,1,0,1,0
2904,2904.0,29.04,-4.465653055555555,-3.6282454046058263,-5.668243009540662,0.837407650949729,1.2025899539851066,0.3651823030353776,1,0,1,0
2905,2905.0,29.05,-4.480214467592591,-3.658145183000676,-5.683547798113516,0.8220692845919144,1.203333330520925,0.38126404592901064,1,0,1,0
2906,2906.0,29.06,-4.494166574074078,-3.687124504381084,-5.698948365850363,0.8070420696929941,1.204781791776285,0.397739722083291,1,0,1,0
2907,2907.0,29.07,-4.508118680555555,-3.714625141359565,-5.714452906645831,0.7934935391959899,1.2063342260902763,0.41284068689428643,1,0,1,0
2908,2908.0,29.08,-4.522070787037037,-3.74275916302742,-5.729721130946294,0.7793116240096167,1.2076503439092576,0.4283387198996409,1,0,1,0
2909,2909.0,29.09,-4.536022893518519,-3.768309292366423,-5.744845692175264,0.7677136011520957,1.2088227986567457,0.44110919750464994,1,0,1,0
2910,2910.0,29.1,-4.549975000000001,-3.794630073156018,-5.757964836808941,0.7553449268439829,1.20798983680894,0.452644909964957,1,0,1,0
2911,2911.0,29.11,-4.563302939814812,-3.824410750781788,-5.771698201855628,0.7388921890330238,1.208395262040816,0.46950307300779226,1,0,1,0
2912,2912.0,29.12,-4.576630879629629,-3.8498639325544635,-5.786405495828424,0.7267669470751659,1.2097746161987946,0.4830076691236287,1,0,1,0
2913,2913.0,29.13,-4.58995881944444,-3.8738916272879997,-5.799158626655897,0.7160671921564399,1.2091998072114576,0.4931326150550177,1,0,1,0
2914,2914.0,29.14,-4.603286759259257,-3.8987907513419873,-5.815291144213559,0.7044960079172697,1.2120043849543016,0.5075083770370319,1,0,1,0
2915,2915.0,29.15,-4.6166146990740735,-3.9256104911882437,-5.830835025788225,0.6910042078858298,1.2142203267141518,0.523216118828322,1,0,1,0
2916,2916.0,29.16,-4.6293036111111086,-3.9520089302679433,-5.84507082331904,0.6772946808431652,1.2157672122079317,0.5384725313647665,1,0,1,0
2917,2917.0,29.17,-4.64199252314815,-3.977738404192641,-5.857333470593727,0.6642541189555087,1.2153409474455774,0.5510868284900687,1,0,1,0
2918,2918.0,29.18,-4.654681435185184,-4.004356142091673,-5.870514293527345,0.6503252930935108,1.2158328583421607,0.5655075652486499,1,0,1,0
2919,2919.0,29.19,-4.667370347222225,-4.032185878475676,-5.885819958437891,0.6351844687465489,1.2184496112156662,0.5832651424691173,1,0,1,0
2920,2920.0,29.2,-4.68005925925926,-4.0625823847200815,-5.900524882861276,0.6174768745391788,1.2204656236020162,0.6029887490628374,1,0,1,0
2921,2921.0,29.21,-4.692094282407408,-4.093469259021507,-5.914573168296465,0.5986250233859005,1.222478885889057,0.6238538625031564,1,0,1,0
2922,2922.0,29.22,-4.704129305555554,-4.122735150722993,-5.9278869091227575,0.5813941548325614,1.2237576035672033,0.6423634487346419,1,0,1,0
2923,2923.0,29.23,-4.716164328703702,-4.150689183977366,-5.942722772749355,0.565475144726336,1.2265584440456534,0.6610832993193174,1,0,1,0
2924,2924.0,29.24,-4.7281993518518535,-4.176837383014322,-5.958436135965243,0.5513619688375311,1.2302367841133899,0.6788748152758588,1,0,1,0
2925,2925.0,29.25,-4.740234375000002,-4.201992598748415,-5.9741286342065365,0.5382417762515868,1.2338942592065347,0.695652482954948,1,0,1,0
2926,2926.0,29.26,-4.751600648148149,-4.228427646915848,-5.986537709464144,0.5231730012323013,1.2349370613159945,0.7117640600836932,1,0,1,0
2927,2927.0,29.27,-4.762966921296297,-4.253242918596111,-5.998953975182109,0.5097240027001853,1.235987053885812,0.7262630511856267,1,0,1,0
2928,2928.0,29.28,-4.774333194444444,-4.280431160514097,-6.0125354815411605,0.4939020339303468,1.2382022870967164,0.7443002531663696,1,0,1,0
2929,2929.0,29.29,-4.785699467592592,-4.305786590314321,-6.025139882233616,0.47991287727827103,1.2394404146410238,0.7595275373627528,1,0,1,0
2930,2930.0,29.3,-4.79706574074074,-4.335701059283968,-6.036897667692463,0.46136468145677156,1.239831926951723,0.7784672454949515,1,0,1,0
2931,2931.0,29.31,-4.807748402777783,-4.3608012242762415,-6.047911682470383,0.4469471785015413,1.2401632796926005,0.7932161011910592,1,0,1,0
2932,2932.0,29.32,-4.818431064814814,-4.38687562524905,-6.060404488115097,0.4315554395657646,1.2419734233002826,0.810417983734518,1,0,1,0
2933,2933.0,29.33,-4.829113726851857,-4.411840790276503,-6.07441776353402,0.4172729365753547,1.245304036682163,0.8280311001068084,1,0,1,0
2934,2934.0,29.34,-4.839796388888888,-4.434683199581506,-6.087408585340789,0.40511318930738227,1.2476121964519011,0.8424990071445189,1,0,1,0
2935,2935.0,29.35,-4.850479050925925,-4.45831472589015,-6.100359999288543,0.3921643250357745,1.2498809483626179,0.8577166233268434,1,0,1,0
2936,2936.0,29.36,-4.8604632407407395,-4.483531794884621,-6.111437583804477,0.37693144585611815,1.2509743430637377,0.8740428972076195,1,0,1,0
2937,2937.0,29.37,-4.870447430555554,-4.508343334826416,-6.124647880172944,0.36210409572913793,1.2542004496173895,0.8920963538882516,1,0,1,0
2938,2938.0,29.38,-4.880431620370369,-4.532359349743048,-6.138916747582714,0.3480722706273207,1.258485127212345,0.9104128565850242,1,0,1,0
2939,2939.0,29.39,-4.890415810185184,-4.554859771763728,-6.150878362541922,0.33555603842145576,1.2604625523567385,0.9249065139352828,1,0,1,0
2940,2940.0,29.4,-4.900399999999999,-4.578004405010608,-6.163052757826263,0.3223955949893913,1.2626527578262632,0.9402571628368719,1,0,1,0
2941,2941.0,29.41,-4.90967085648148,-4.6015124255483935,-6.173681668520105,0.30815843093308626,1.2640108120386255,0.9558523811055393,1,0,1,0
2942,2942.0,29.42,-4.918941712962961,-4.623192495940237,-6.184872764715841,0.29574921702272405,1.2659310517528803,0.9701818347301563,1,0,1,0
2943,2943.0,29.43,-4.928212569444441,-4.644558715565032,-6.196563429109614,0.2836538538794091,1.2683508596651727,0.9846970057857636,1,0,1,0
2944,2944.0,29.44,-4.937483425925923,-4.666110544875259,-6.2081112667063705,0.2713728810506639,1.2706278407804472,0.9992549597297833,1,0,1,0
2945,2945.0,29.45,-4.946754282407404,-4.686714836231609,-6.218236714233597,0.2600394461757949,1.2714824318261932,1.0114429856503984,1,0,1,0
2946,2946.0,29.46,-4.955296944444445,-4.708846082436915,-6.227639339372978,0.24645086200752964,1.2723423949285326,1.025891532921003,1,0,1,0
2947,2947.0,29.47,-4.96383960648148,-4.730155759371627,-6.236209408744478,0.23368384710985346,1.2723698022629977,1.0386859551531442,1,0,1,0
2948,2948.0,29.48,-4.972382268518516,-4.749034208471032,-6.246980584323023,0.22334806004748398,1.2745983158045062,1.0512502557570222,1,0,1,0
2949,2949.0,29.49,-4.980924930555559,-4.767251347279237,-6.256963530124733,0.21367358327632147,1.2760385995691745,1.062365016292853,1,0,1,0
2950,2950.0,29.5,-4.989467592592594,-4.78732075628294,-6.26597293601175,0.20214683630965435,1.2765053434191564,1.074358507109502,1,0,1,0
2951,2951.0,29.51,-4.997267199074073,-4.805863653551417,-6.275406044987713,0.1914035455226557,1.2781388459136407,1.086735300390985,1,0,1,0
2952,2952.0,29.52,-5.005066805555558,-4.824150260336096,-6.2858462925479826,0.18091654521946143,1.280779486992425,1.0998629417729635,1,0,1,0
2953,2953.0,29.53,-5.012866412037036,-4.842309804518866,-6.2964679227227,0.17055660751817037,1.2836015106856635,1.1130449031674932,1,0,1,0
2954,2954.0,29.54,-5.020666018518516,-4.860335478623526,-6.304911627195974,0.16033053989499013,1.284245608677458,1.123915068782468,1,0,1,0
2955,2955.0,29.55,-5.028465625000001,-4.878375640916132,-6.314734478060422,0.15008998408386898,1.2862688530604212,1.1361788689765522,1,0,1,0
2956,2956.0,29.56,-5.035507314814817,-4.896974049653113,-6.324850371835438,0.13853326516170394,1.2893430570206208,1.1508097918589169,1,0,1,0
2957,2957.0,29.57,-5.042549004629628,-4.915240883827472,-6.334895648334508,0.12730812080215603,1.2923466437048798,1.1650385229027238,1,0,1,0
2958,2958.0,29.58,-5.049590694444445,-4.932575069263687,-6.345222761255009,0.11701562518075814,1.2956320668105636,1.1786164416298055,1,0,1,0
2959,2959.0,29.59,-5.056632384259261,-4.948775470222751,-6.3538896301759396,0.10785691403651043,1.2972572459166782,1.1894003318801678,1,0,1,0
2960,2960.0,29.6,-5.063674074074072,-4.966419449457094,-6.362936911479543,0.09725462461697809,1.2992628374054709,1.2020082127884928,1,0,1,0
2961,2961.0,29.61,-5.069942986111109,-4.9828978934085235,-6.371315866384465,0.08704509270258587,1.3013728802733553,1.2143277875707694,1,0,1,0
2962,2962.0,29.62,-5.076211898148147,-4.998406664836438,-6.381365831345549,0.07780523331170919,1.3051539331974018,1.2273486998856926,1,0,1,0
2963,2963.0,29.63,-5.082480810185183,-5.012670662695525,-6.389865352971253,0.06981014748965819,1.3073845427860693,1.2375743952964111,1,0,1,0
2964,2964.0,29.64,-5.088749722222221,-5.027807409958646,-6.397377751676838,0.06094231226357483,1.308628029454617,1.2476857171910423,1,0,1,0
2965,2965.0,29.65,-5.095018634259257,-5.042461851467515,-6.406299555564733,0.052556782791742584,1.3112809213054755,1.2587241385137329,1,0,1,0
2966,2966.0,29.66,-5.100499907407409,-5.057404749574001,-6.413183820167798,0.04309515783340778,1.3126839127603889,1.269588754926981,1,0,1,0
2967,2967.0,29.67,-5.105981180555554,-5.070941849394606,-6.419858862928062,0.035039331160948706,1.3138776823725076,1.2788383512115589,1,0,1,0
2968,2968.0,29.68,-5.111462453703706,-5.084520574605336,-6.426805189292068,0.02694187909836998,1.315342735588362,1.288400856489992,1,0,1,0
2969,2969.0,29.69,-5.116943726851852,-5.097794754292387,-6.43438845193777,0.01914897255946446,1.3174447250859185,1.298295752526454,1,0,1,0
2970,2970.0,29.7,-5.122424999999998,-5.1122858600572165,-6.443061878889333,0.010139139942781483,1.320636878889335,1.3104977389465535,1,0,1,0
2971,2971.0,29.71,-5.127103773148147,-5.126488968509604,-6.4500234383671895,0.0006148046385430206,1.3229196652190423,1.3223048605804992,1,0,1,0
2972,2972.0,29.72,-5.131782546296296,-5.14007534437423,-6.457711026892603,0.008292798077934371,1.325928480596307,1.3176356825183726,1,0,1,0
2973,2973.0,29.73,-5.136461319444446,-5.152750831254296,-6.464233687974684,0.016289511809850055,1.3277723685302378,1.3114828567203878,1,0,1,0
2974,2974.0,29.74,-5.141140092592594,-5.165176439917159,-6.472378591799939,0.024036347324565277,1.3312384992073447,1.3072021518827794,1,0,1,0
2975,2975.0,29.75,-5.145818865740742,-5.178278395654297,-6.478751428699562,0.032459529913554164,1.3329325629588196,1.3004730330452654,1,0,1,0
2976,2976.0,29.76,-5.149680277777778,-5.1896017774023,-6.483954739416106,0.03992149962452274,1.3342744616383282,1.2943529620138055,1,0,1,0
2977,2977.0,29.77,-5.153541689814812,-5.20082168055826,-6.490953420648683,0.0472799907434478,1.337411730833871,1.2901317400904233,1,0,1,0
2978,2978.0,29.78,-5.157403101851854,-5.210923442002993,-6.497275767963604,0.053520340151139045,1.3398726661117504,1.2863523259606113,1,0,1,0
2979,2979.0,29.79,-5.161264513888888,-5.220986304514253,-6.504408715507327,0.05972179062536487,1.343144201618439,1.283422410993074,1,0,1,0
2980,2980.0,29.8,-5.165125925925922,-5.232162189442814,-6.5098156914921255,0.06703626351689174,1.3446897655662031,1.2776535020493114,1,0,1,0
2981,2981.0,29.81,-5.1681551157407375,-5.241399141040542,-6.5146795265743025,0.07324402529980478,1.346524410833565,1.2732803855337602,1,0,1,0
2982,2982.0,29.82,-5.171184305555553,-5.2511304697130505,-6.5196698769604815,0.07994616415749789,1.3484855714049289,1.268539407247431,1,0,1,0
2983,2983.0,29.83,-5.174213495370368,-5.2610380470241624,-6.5242997083410454,0.08682455165379466,1.3500862129706777,1.263261661316883,1,0,1,0
2984,2984.0,29.84,-5.177242685185183,-5.269591788459076,-6.527257022717289,0.09234910327389301,1.350014337532106,1.257665234258213,1,0,1,0
2985,2985.0,29.85,-5.180271874999998,-5.278250936618869,-6.531637945238047,0.09797906161887049,1.3513660702380488,1.2533870086191783,1,0,1,0
2986,2986.0,29.86,-5.182453981481482,-5.2884630245162345,-6.535868476490224,0.10600904303475289,1.3534144950087423,1.2474054519739894,1,0,1,0
2987,2987.0,29.87,-5.184636087962965,-5.298056371121627,-6.539690719670975,0.11342028315866148,1.3550546317080094,1.241634348549348,1,0,1,0
2988,2988.0,29.88,-5.186818194444443,-5.307159048362151,-6.544446274531478,0.12034085391770777,1.3576280800870348,1.237287226169327,1,0,1,0
2989,2989.0,29.89,-5.189000300925928,-5.316320410187485,-6.550649165696127,0.12732010926155723,1.3616488647701992,1.234328755508642,1,0,1,0
2990,2990.0,29.9,-5.191182407407405,-5.325145965374662,-6.555346647376349,0.1339635579672569,1.364164239968944,1.230200682001687,1,0,1,0
2991,2991.0,29.91,-5.192502569444446,-5.333278983070618,-6.5574728419232295,0.14077641362617133,1.364970272478783,1.2241938588526118,1,0,1,0
2992,2992.0,29.92,-5.1938227314814815,-5.341666082019217,-6.561858713595095,0.14784335053773567,1.3680359821136134,1.2201926315758778,1,0,1,0
2993,2993.0,29.93,-5.1951428935185175,-5.350007557432978,-6.566268542366603,0.1548646639144602,1.3711256488480856,1.2162609849336254,1,0,1,0
2994,2994.0,29.94,-5.196463055555558,-5.358095293379236,-6.5704471839656975,0.16163223782367808,1.3739841284101395,1.2123518905864614,1,0,1,0
2995,2995.0,29.95,-5.197783217592594,-5.3672795520918335,-6.573188376025611,0.1694963344992395,1.3754051584330167,1.2059088239337772,1,0,1,0
2996,2996.0,29.96,-5.198226574074074,-5.375552138841911,-6.57490473070263,0.17732556476783756,1.3766781566285564,1.1993525918607189,1,0,1,0
2997,2997.0,29.97,-5.198669930555555,-5.383638398088493,-6.578680657824386,0.18496846753293816,1.3800107272688313,1.1950422597358932,1,0,1,0
2998,2998.0,29.98,-5.199113287037036,-5.389597571236239,-6.581990028914397,0.19048428419920338,1.3828767418773618,1.1923924576781584,1,0,1,0
2999,2999.0,29.99,-5.199556643518517,-5.3973568075661955,-6.5849534938882925,0.19780016404767853,1.3853968503697756,1.187596686322097,1,0,1,0
3000,3000.0,30.0,-5.1999999999999975,-5.405083788722839,-6.586559261509615,0.20508378872284183,1.3865592615096176,1.1814754727867758,1,0,1,0
3001,3001.0,30.01,-5.1999999999999975,-5.411708964354863,-6.587249791141272,0.21170896435486508,1.387249791141275,1.1755408267864098,1,0,1,0
3002,3002.0,30.02,-5.1999999999999975,-5.416869164283168,-6.590029507344021,0.21686916428317016,1.3900295073440239,1.1731603430608537,1,0,1,0
3003,3003.0,30.03,-5.1999999999999975,-5.423151498451234,-6.591618118272894,0.22315149845123639,1.3916181182728966,1.1684666198216602,1,0,1,0
3004,3004.0,30.04,-5.1999999999999975,-5.429618652208362,-6.592515257255129,0.22961865220836408,1.3925152572551314,1.1628966050467673,1,0,1,0
3005,3005.0,30.05,-5.1999999999999975,-5.436618373791645,-6.593175715551913,0.2366183737916474,1.3931757155519158,1.1565573417602684,1,0,1,0
3006,3006.0,30.06,-5.1999999999999975,-5.441779450634016,-6.594624806813583,0.2417794506340183,1.3946248068135851,1.1528453561795668,1,0,1,0
3007,3007.0,30.07,-5.1999999999999975,-5.44813242253891,-6.597006393548779,0.24813242253891232,1.3970063935487813,1.148873971009869,1,0,1,0
3008,3008.0,30.08,-5.1999999999999975,-5.455795784153434,-6.598310190695936,0.2557957841534364,1.3983101906959385,1.1425144065425021,1,0,1,0
3009,3009.0,30.09,-5.1999999999999975,-5.462718266599456,-6.599369805279079,0.2627182665994585,1.3993698052790817,1.1366515386796232,1,0,1,0
3010,3010.0,30.1,-5.1999999999999975,-5.4686582318304655,-6.600057924539401,0.268658231830468,1.4000579245394036,1.1313996927089356,1,0,1,0
3011,3011.0,30.11,-5.1999999999999975,-5.472875727820474,-6.602149736347418,0.27287572782047675,1.402149736347421,1.1292740085269442,1,0,1,0
3012,3012.0,30.12,-5.1999999999999975,-5.4780402011935525,-6.603244963838802,0.278040201193555,1.4032449638388043,1.1252047626452493,1,0,1,0
3013,3013.0,30.13,-5.1999999999999975,-5.483447242786064,-6.602804282556677,0.2834472427860666,1.402804282556679,1.1193570397706125,1,0,1,0
3014,3014.0,30.14,-5.1999999999999975,-5.489308502725993,-6.603752277816087,0.2893085027259952,1.4037522778160891,1.114443775090094,1,0,1,0
3015,3015.0,30.15,-5.1999999999999975,-5.493987310356679,-6.604728780561258,0.29398731035668124,1.4047287805612605,1.1107414702045793,1,0,1,0
3016,3016.0,30.16,-5.1999999999999975,-5.4975381273940815,-6.6059882956414,0.29753812739408403,1.4059882956414027,1.1084501682473187,1,0,1,0
3017,3017.0,30.17,-5.1999999999999975,-5.500380216800239,-6.606105479633455,0.3003802168002414,1.4061054796334576,1.1057252628332161,1,0,1,0
3018,3018.0,30.18,-5.1999999999999975,-5.50326809723056,-6.605653594130878,0.30326809723056236,1.4056535941308805,1.1023854969003182,1,0,1,0
3019,3019.0,30.19,-5.1999999999999975,-5.506978258364025,-6.606397470519254,0.3069782583640279,1.4063974705192566,1.0994192121552286,1,0,1,0
3020,3020.0,30.2,-5.1999999999999975,-5.509082991718751,-6.606763623454162,0.3090829917187534,1.4067636234541645,1.097680631735411,1,0,1,0
3021,3021.0,30.21,-5.1999999999999975,-5.51208688057948,-6.6080028784463245,0.3120868805794821,1.408002878446327,1.095915997866845,1,0,1,0
3022,3022.0,30.22,-5.1999999999999975,-5.5145429671499775,-6.607570393705559,0.31454296714998,1.4075703937055613,1.0930274265555813,1,0,1,0
3023,3023.0,30.23,-5.1999999999999975,-5.518682413273025,-6.60707125519785,0.31868241327302727,1.4070712551978524,1.088388841924825,1,0,1,0
3024,3024.0,30.24,-5.1999999999999975,-5.518795465312635,-6.606255154421523,0.3187954653126379,1.4062551544215252,1.0874596891088872,1,0,1,0
3025,3025.0,30.25,-5.1999999999999975,-5.521175991034549,-6.606643063519492,0.3211759910345515,1.4066430635194944,1.085467072484943,1,0,1,0
3026,3026.0,30.26,-5.1999999999999975,-5.520630021960547,-6.60843428903922,0.32063002196054935,1.4084342890392225,1.0878042670786732,1,0,1,0
3027,3027.0,30.27,-5.1999999999999975,-5.521236908330818,-6.609286282310518,0.3212369083308202,1.4092862823105206,1.0880493739797004,1,0,1,0
3028,3028.0,30.28,-5.1999999999999975,-5.521720883569126,-6.607660589488343,0.3217208835691281,1.4076605894883452,1.085939705919217,1,0,1,0
3029,3029.0,30.29,-5.1999999999999975,-5.522706578450428,-6.607715211429613,0.3227065784504308,1.4077152114296156,1.0850086329791848,1,0,1,0
3030,3030.0,30.3,-5.1999999999999975,-5.5228755971014385,-6.608314411144627,0.322875597101441,1.4083144111446293,1.0854388140431883,1,0,1,0
3031,3031.0,30.31,-5.1999999999999975,-5.522611767204693,-6.608309711783695,0.32261176720469553,1.4083097117836978,1.0856979445790023,1,0,1,0
3032,3032.0,30.32,-5.1999999999999975,-5.521760871978808,-6.6081399979625575,0.3217608719788103,1.40813999796256,1.0863791259837496,1,0,1,0
3033,3033.0,30.33,-5.1999999999999975,-5.523147597086392,-6.606837480144213,0.3231475970863942,1.4068374801442154,1.0836898830578212,1,0,1,0
3034,3034.0,30.34,-5.1999999999999975,-5.522678969321518,-6.607432331917776,0.3226789693215206,1.4074323319177786,1.084753362596258,1,0,1,0
3035,3035.0,30.35,-5.1999999999999975,-5.522287549958266,-6.60721377040827,0.32228754995826847,1.4072137704082728,1.0849262204500043,1,0,1,0
3036,3036.0,30.36,-5.1999999999999975,-5.521094229426476,-6.6074497094432285,0.32109422942647825,1.407449709443231,1.0863554800167528,1,0,1,0
3037,3037.0,30.37,-5.1999999999999975,-5.520456982722617,-6.606678609575703,0.3204569827226198,1.4066786095757058,1.086221626853086,1,0,1,0
3038,3038.0,30.38,-5.1999999999999975,-5.519562347730558,-6.608078353122321,0.31956234773056025,1.408078353122323,1.0885160053917629,1,0,1,0
3039,3039.0,30.39,-5.1999999999999975,-5.5192380021289456,-6.609335001708651,0.31923800212894804,1.4093350017086532,1.0900969995797052,1,0,1,0
3040,3040.0,30.4,-5.1999999999999975,-5.5177413811483,-6.608042100847498,0.3177413811483021,1.4080421008475001,1.090300719699198,1,0,1,0
3041,3041.0,30.41,-5.1999999999999975,-5.517335853919994,-6.607098920051542,0.31733585391999686,1.4070989200515447,1.0897630661315478,1,0,1,0
3042,3042.0,30.42,-5.1999999999999975,-5.515532299394978,-6.605906484288592,0.31553229939498006,1.4059064842885949,1.0903741848936148,1,0,1,0
3043,3043.0,30.43,-5.1999999999999975,-5.514513347715724,-6.606531926407753,0.31451334771572625,1.4065319264077552,1.092018578692029,1,0,1,0
3044,3044.0,30.44,-5.1999999999999975,-5.512915798268252,-6.608015157724962,0.31291579826825444,1.4080151577249644,1.09509935945671,1,0,1,0
3045,3045.0,30.45,-5.1999999999999975,-5.511676025772611,-6.608158268543918,0.31167602577261366,1.4081582685439207,1.096482242771307,1,0,1,0
3046,3046.0,30.46,-5.1999999999999975,-5.50985910529731,-6.608212470070073,0.30985910529731253,1.408212470070075,1.0983533647727626,1,0,1,0
3047,3047.0,30.47,-5.1999999999999975,-5.508749842148126,-6.608195110116949,0.30874984214812873,1.4081951101169512,1.0994452679688225,1,0,1,0
3048,3048.0,30.48,-5.1999999999999975,-5.509698841284809,-6.609056504886149,0.3096988412848116,1.4090565048861512,1.0993576636013396,1,0,1,0
3049,3049.0,30.49,-5.1999999999999975,-5.508974016229012,-6.607594595630583,0.30897401622901466,1.4075945956305853,1.0986205794015707,1,0,1,0
3050,3050.0,30.5,-5.1999999999999975,-5.508118012055575,-6.606333255706735,0.3081180120555773,1.4063332557067376,1.0982152436511603,1,0,1,0
3051,3051.0,30.51,-5.1999999999999975,-5.507637010400219,-6.607374443204237,0.30763701040022173,1.4073744432042394,1.0997374328040177,1,0,1,0
3052,3052.0,30.52,-5.1999999999999975,-5.506636800984422,-6.608079554002439,0.3066368009844247,1.4080795540024411,1.1014427530180164,1,0,1,0
3053,3053.0,30.53,-5.1999999999999975,-5.505917924193979,-6.609555870735948,0.3059179241939818,1.4095558707359501,1.1036379465419683,1,0,1,0
3054,3054.0,30.54,-5.1999999999999975,-5.506294783235246,-6.609333965627695,0.3062947832352485,1.409333965627697,1.1030391823924486,1,0,1,0
3055,3055.0,30.55,-5.1999999999999975,-5.505222667109866,-6.609033206866217,0.30522266710986834,1.4090332068662192,1.103810539756351,1,0,1,0
3056,3056.0,30.56,-5.1999999999999975,-5.503890087728129,-6.609576576487403,0.3038900877281314,1.4095765764874058,1.1056864887592743,1,0,1,0
3057,3057.0,30.57,-5.1999999999999975,-5.502149867539354,-6.608336439169113,0.3021498675393568,1.4083364391691156,1.1061865716297588,1,0,1,0
3058,3058.0,30.58,-5.1999999999999975,-5.501926424947926,-6.6065327269540095,0.3019264249479283,1.406532726954012,1.1046063020060837,1,0,1,0
3059,3059.0,30.59,-5.1999999999999975,-5.502154841005209,-6.605108463599425,0.30215484100521106,1.4051084635994275,1.1029536225942165,1,0,1,0
3060,3060.0,30.6,-5.1999999999999975,-5.503310041106471,-6.606352667481081,0.3033100411064735,1.4063526674810838,1.1030426263746103,1,0,1,0
3061,3061.0,30.61,-5.1999999999999975,-5.503358459949886,-6.606910660378002,0.3033584599498882,1.4069106603780046,1.1035522004281164,1,0,1,0
3062,3062.0,30.62,-5.1999999999999975,-5.502698571333092,-6.606216165731611,0.3026985713330941,1.406216165731614,1.1035175943985198,1,0,1,0
3063,3063.0,30.63,-5.1999999999999975,-5.503190517229477,-6.605987101076651,0.30319051722947954,1.4059871010766534,1.1027965838471738,1,0,1,0
3064,3064.0,30.64,-5.1999999999999975,-5.5030987655759205,-6.606333404626373,0.30309876557592297,1.4063334046263751,1.1032346390504522,1,0,1,0
3065,3065.0,30.65,-5.1999999999999975,-5.5026157092456165,-6.604403029685685,0.302615709245619,1.404403029685687,1.101787320440068,1,0,1,0
3066,3066.0,30.66,-5.1999999999999975,-5.500309041697045,-6.6048547245433165,0.3003090416970471,1.404854724543319,1.1045456828462719,1,0,1,0
3067,3067.0,30.67,-5.1999999999999975,-5.499161956624539,-6.605720946956464,0.29916195662454115,1.4057209469564667,1.1065589903319255,1,0,1,0
3068,3068.0,30.68,-5.1999999999999975,-5.499049247161642,-6.60584586353719,0.29904924716164416,1.4058458635371922,1.106796616375548,1,0,1,0
3069,3069.0,30.69,-5.1999999999999975,-5.498341499144797,-6.6058771777113705,0.2983414991447999,1.405877177711373,1.107535678566573,1,0,1,0
3070,3070.0,30.7,-5.1999999999999975,-5.4972291853759305,-6.605834547134181,0.297229185375933,1.4058345471341838,1.1086053617582508,1,0,1,0
3071,3071.0,30.71,-5.1999999999999975,-5.495876818562136,-6.606827555370489,0.29587681856213877,1.4068275553704916,1.1109507368083529,1,0,1,0
3072,3072.0,30.72,-5.1999999999999975,-5.494925766330421,-6.606576277088584,0.2949257663304232,1.4065762770885861,1.111650510758163,1,0,1,0
3073,3073.0,30.73,-5.1999999999999975,-5.494885496126807,-6.607035927506912,0.2948854961268097,1.4070359275069144,1.1121504313801047,1,0,1,0
3074,3074.0,30.74,-5.1999999999999975,-5.495176480935214,-6.606315358824033,0.29517648093521665,1.4063153588240356,1.111138877888819,1,0,1,0
3075,3075.0,30.75,-5.1999999999999975,-5.495708372520679,-6.607854282211084,0.2957083725206813,1.4078542822110869,1.1121459096904056,1,0,1,0
3076,3076.0,30.76,-5.1999999999999975,-5.495008406743131,-6.6094349149849,0.29500840674313356,1.4094349149849021,1.1144265082417686,1,0,1,0
3077,3077.0,30.77,-5.1999999999999975,-5.494195986565258,-6.607780529146984,0.2941959865652608,1.4077805291469865,1.1135845425817257,1,0,1,0
3078,3078.0,30.78,-5.1999999999999975,-5.493631424144899,-6.60751106248666,0.29363142414490184,1.4075110624866625,1.1138796383417606,1,0,1,0
3079,3079.0,30.79,-5.1999999999999975,-5.493304327996091,-6.607076293806978,0.2933043279960934,1.4070762938069805,1.113771965810887,1,0,1,0
3080,3080.0,30.8,-5.1999999999999975,-5.493364214890698,-6.607213236598275,0.2933642148907003,1.4072132365982775,1.1138490217075772,1,0,1,0
3081,3081.0,30.81,-5.1999999999999975,-5.493349833289289,-6.607724549190888,0.2933498332892919,1.40772454919089,1.1143747159015982,1,0,1,0
3082,3082.0,30.82,-5.1999999999999975,-5.491948216712867,-6.607228029300724,0.2919482167128695,1.4072280293007262,1.1152798125878567,1,0,1,0
3083,3083.0,30.83,-5.1999999999999975,-5.492470831664366,-6.607486018259991,0.29247083166436827,1.407486018259993,1.1150151865956248,1,0,1,0
3084,3084.0,30.84,-5.1999999999999975,-5.492704261816971,-6.6074515138781775,0.29270426181697307,1.40745151387818,1.114747252061207,1,0,1,0
3085,3085.0,30.85,-5.1999999999999975,-5.4918917804232175,-6.609958526532838,0.29189178042321995,1.409958526532841,1.118066746109621,1,0,1,0
3086,3086.0,30.86,-5.1999999999999975,-5.489657205050694,-6.6099663932791755,0.2896572050506965,1.409966393279178,1.1203091882284815,1,0,1,0
3087,3087.0,30.87,-5.1999999999999975,-5.488634252702689,-6.6092738176398695,0.2886342527026917,1.409273817639872,1.1206395649371803,1,0,1,0
3088,3088.0,30.88,-5.1999999999999975,-5.487138754654594,-6.610213866106958,0.28713875465459626,1.41021386610696,1.1230751114523638,1,0,1,0
3089,3089.0,30.89,-5.1999999999999975,-5.487346304593058,-6.61085163005134,0.28734630459306043,1.4108516300513427,1.1235053254582823,1,0,1,0
3090,3090.0,30.9,-5.1999999999999975,-5.486795425447228,-6.612151253235281,0.2867954254472309,1.4121512532352831,1.1253558277880522,1,0,1,0
3091,3091.0,30.91,-5.1999999999999975,-5.485399633409063,-6.611767676470933,0.2853996334090656,1.4117676764709355,1.1263680430618699,1,0,1,0
3092,3092.0,30.92,-5.1999999999999975,-5.484113134043208,-6.611472448618016,0.2841131340432108,1.4114724486180181,1.1273593145748073,1,0,1,0
3093,3093.0,30.93,-5.1999999999999975,-5.4835509745568425,-6.611501878256717,0.28355097455684497,1.4115018782567192,1.1279509036998743,1,0,1,0
3094,3094.0,30.94,-5.1999999999999975,-5.483072070143801,-6.610155854073477,0.2830720701438034,1.410155854073479,1.1270837839296757,1,0,1,0
3095,3095.0,30.95,-5.1999999999999975,-5.4820398082242106,-6.608793313303085,0.28203980822421304,1.4087933133030877,1.1267535050788746,1,0,1,0
3096,3096.0,30.96,-5.1999999999999975,-5.481088656400409,-6.608235698438791,0.2810886564004118,1.4082356984387934,1.1271470420383816,1,0,1,0
3097,3097.0,30.97,-5.1999999999999975,-5.479686190358564,-6.608735393458228,0.2796861903585661,1.4087353934582305,1.1290492030996644,1,0,1,0
3098,3098.0,30.98,-5.1999999999999975,-5.478297072579934,-6.607249070182127,0.2782970725799361,1.4072490701821296,1.1289519976021936,1,0,1,0
3099,3099.0,30.99,-5.1999999999999975,-5.478203832625378,-6.605151598456768,0.2782038326253806,1.4051515984567704,1.1269477658313898,1,0,1,0
3100,3100.0,31.0,-5.1999999999999975,-5.477011956996775,-6.603677740629392,0.2770119569967777,1.4036777406293943,1.1266657836326166,1,0,1,0
3101,3101.0,31.01,-5.1999999999999975,-5.475596902428689,-6.603017365264295,0.27559690242869106,1.4030173652642972,1.1274204628356062,1,0,1,0
3102,3102.0,31.02,-5.1999999999999975,-5.475017620980127,-6.6035349743238845,0.2750176209801296,1.403534974323887,1.1285173533437574,1,0,1,0
3103,3103.0,31.03,-5.1999999999999975,-5.474888842707322,-6.604377595385396,0.27488884270732417,1.404377595385398,1.129488752678074,1,0,1,0
3104,3104.0,31.04,-5.1999999999999975,-5.474543091197965,-6.604606117689221,0.2745430911979678,1.404606117689223,1.1300630264912552,1,0,1,0
3105,3105.0,31.05,-5.1999999999999975,-5.473238771347474,-6.6049100550708895,0.27323877134747665,1.404910055070892,1.1316712837234153,1,0,1,0
3106,3106.0,31.06,-5.1999999999999975,-5.471865783626623,-6.603797887390846,0.27186578362662583,1.4037978873908488,1.131932103764223,1,0,1,0
3107,3107.0,31.07,-5.1999999999999975,-5.47120020631508,-6.602623590118708,0.2712002063150827,1.4026235901187105,1.1314233838036278,1,0,1,0
3108,3108.0,31.08,-5.1999999999999975,-5.469349510519098,-6.6026784625832535,0.26934951051910083,1.402678462583256,1.1333289520641552,1,0,1,0
3109,3109.0,31.09,-5.1999999999999975,-5.468759085580644,-6.602498195084649,0.26875908558064676,1.4024981950846511,1.1337391095040044,1,0,1,0
3110,3110.0,31.1,-5.1999999999999975,-5.467360303550933,-6.603384890430888,0.26736030355093554,1.4033848904308908,1.1360245868799552,1,0,1,0
3111,3111.0,31.11,-5.1999999999999975,-5.465884099462858,-6.6028758542771175,0.26588409946286085,1.40287585427712,1.1369917548142592,1,0,1,0
3112,3112.0,31.12,-5.1999999999999975,-5.466317650266139,-6.604104470966403,0.2663176502661413,1.4041044709664057,1.1377868207002644,1,0,1,0
3113,3113.0,31.13,-5.1999999999999975,-5.4670894522708835,-6.6048591688531175,0.267089452270886,1.40485916885312,1.137769716582234,1,0,1,0
3114,3114.0,31.14,-5.1999999999999975,-5.465829672645596,-6.603750185679892,0.26582967264559887,1.4037501856798942,1.1379205130342953,1,0,1,0
3115,3115.0,31.15,-5.1999999999999975,-5.4649110869373025,-6.604474607547718,0.26491108693730503,1.4044746075477201,1.139563520610415,1,0,1,0
3116,3116.0,31.16,-5.1999999999999975,-5.462563970261507,-6.604425142928877,0.26256397026150946,1.4044251429288792,1.1418611726673698,1,0,1,0
3117,3117.0,31.17,-5.1999999999999975,-5.462576163660824,-6.604712364834559,0.26257616366082637,1.4047123648345616,1.1421362011737353,1,0,1,0
3118,3118.0,31.18,-5.1999999999999975,-5.462139925347995,-6.604655086401458,0.2621399253479977,1.4046550864014602,1.1425151610534625,1,0,1,0
3119,3119.0,31.19,-5.1999999999999975,-5.461595945018241,-6.603413480625342,0.2615959450182439,1.4034134806253444,1.1418175356071005,1,0,1,0
3120,3120.0,31.2,-5.1999999999999975,-5.461743800834005,-6.603419933321925,0.26174380083400717,1.4034199333219277,1.1416761324879205,1,0,1,0
3121,3121.0,31.21,-5.1999999999999975,-5.460286268078742,-6.60205732450569,0.2602862680787448,1.4020573245056926,1.1417710564269479,1,0,1,0
3122,3122.0,31.22,-5.1999999999999975,-5.4604121181855625,-6.602297082456817,0.260412118185565,1.402297082456819,1.141884964271254,1,0,1,0
3123,3123.0,31.23,-5.1999999999999975,-5.460303913007649,-6.6016979669195015,0.2603039130076512,1.401697966919504,1.1413940539118528,1,0,1,0
3124,3124.0,31.24,-5.1999999999999975,-5.459616621740669,-6.601219601779373,0.2596166217406717,1.4012196017793759,1.1416029800387042,1,0,1,0
3125,3125.0,31.25,-5.1999999999999975,-5.461328379449792,-6.601644498159271,0.2613283794497949,1.401644498159273,1.1403161187094781,1,0,1,0
3126,3126.0,31.26,-5.1999999999999975,-5.461859562879291,-6.602104740260514,0.2618595628792937,1.4021047402605165,1.1402451773812228,1,0,1,0
3127,3127.0,31.27,-5.1999999999999975,-5.460945991658573,-6.603334853955307,0.26094599165857524,1.4033348539553092,1.142388862296734,1,0,1,0
3128,3128.0,31.28,-5.1999999999999975,-5.461067498127091,-6.602271076714148,0.26106749812709307,1.4022710767141504,1.1412035785870573,1,0,1,0
3129,3129.0,31.29,-5.1999999999999975,-5.460725506940656,-6.602382434463912,0.2607255069406582,1.4023824344639149,1.1416569275232566,1,0,1,0
3130,3130.0,31.3,-5.1999999999999975,-5.461175750614296,-6.604099925829094,0.26117575061429843,1.4040999258290965,1.142924175214798,1,0,1,0
3131,3131.0,31.31,-5.1999999999999975,-5.462239104092799,-6.604456723365542,0.26223910409280116,1.404456723365544,1.142217619272743,1,0,1,0
3132,3132.0,31.32,-5.1999999999999975,-5.464185714646146,-6.603142553100315,0.2641857146461488,1.4031425531003174,1.1389568384541686,1,0,1,0
3133,3133.0,31.33,-5.1999999999999975,-5.4659479787304255,-6.60221566364914,0.26594797873042797,1.4022156636491427,1.1362676849187148,1,0,1,0
3134,3134.0,31.34,-5.1999999999999975,-5.4651985347128935,-6.602398695364294,0.265198534712896,1.4023986953642966,1.1372001606514006,1,0,1,0
3135,3135.0,31.35,-5.1999999999999975,-5.466641699894341,-6.601229333232611,0.2666416998943433,1.4012293332326138,1.1345876333382705,1,0,1,0
3136,3136.0,31.36,-5.1999999999999975,-5.4679628763274435,-6.5997778296649,0.267962876327446,1.3997778296649024,1.1318149533374564,1,0,1,0
3137,3137.0,31.37,-5.1999999999999975,-5.466836009540881,-6.598726051959689,0.26683600954088327,1.3987260519596916,1.1318900424188083,1,0,1,0
3138,3138.0,31.38,-5.1999999999999975,-5.467841975795811,-6.598709784870733,0.2678419757958137,1.3987097848707357,1.130867809074922,1,0,1,0
3139,3139.0,31.39,-5.1999999999999975,-5.4656858052090005,-6.599212386379415,0.265685805209003,1.3992123863794177,1.1335265811704147,1,0,1,0
3140,3140.0,31.4,-5.1999999999999975,-5.466295818803235,-6.599222340892973,0.26629581880323716,1.3992223408929751,1.132926522089738,1,0,1,0
3141,3141.0,31.41,-5.1999999999999975,-5.4682006354617885,-6.598504231393938,0.26820063546179096,1.3985042313939404,1.1303035959321495,1,0,1,0
3142,3142.0,31.42,-5.1999999999999975,-5.471269832590106,-6.597015383662124,0.2712698325901082,1.3970153836621266,1.1257455510720185,1,0,1,0
3143,3143.0,31.43,-5.1999999999999975,-5.473698896114226,-6.595119101696233,0.2736988961142286,1.3951191016962357,1.121420205582007,1,0,1,0
3144,3144.0,31.44,-5.1999999999999975,-5.476021042644956,-6.593566502691887,0.27602104264495875,1.3935665026918898,1.117545460046931,1,0,1,0
3145,3145.0,31.45,-5.1999999999999975,-5.478822958682285,-6.5929551269403035,0.27882295868228724,1.392955126940306,1.1141321682580188,1,0,1,0
3146,3146.0,31.46,-5.1999999999999975,-5.482859739817901,-6.591365222584533,0.28285973981790313,1.3913652225845352,1.108505482766632,1,0,1,0
3147,3147.0,31.47,-5.1999999999999975,-5.484282426800487,-6.5915987001755,0.2842824268004893,1.3915987001755026,1.1073162733750133,1,0,1,0
3148,3148.0,31.48,-5.1999999999999975,-5.485538728406137,-6.590027493522219,0.2855387284061397,1.3900274935222212,1.1044887651160815,1,0,1,0
3149,3149.0,31.49,-5.1999999999999975,-5.486596087830539,-6.59154136114535,0.28659608783054136,1.3915413611453529,1.1049452733148115,1,0,1,0
3150,3150.0,31.5,-5.1999999999999975,-5.487195096007481,-6.592100289014224,0.2871950960074834,1.3921002890142269,1.1049051930067435,1,0,1,0
3151,3151.0,31.51,-5.1999999999999975,-5.487071932841537,-6.590176649209893,0.2870719328415392,1.390176649209896,1.1031047163683567,1,0,1,0
3152,3152.0,31.52,-5.1999999999999975,-5.489653283806217,-6.59016012523531,0.2896532838062198,1.3901601252353126,1.1005068414290928,1,0,1,0
3153,3153.0,31.53,-5.1999999999999975,-5.493556883364808,-6.589648157008409,0.29355688336481034,1.3896481570084118,1.0960912736436015,1,0,1,0
3154,3154.0,31.54,-5.1999999999999975,-5.498268630037616,-6.589297106653871,0.2982686300376187,1.3892971066538733,1.0910284766162546,1,0,1,0
3155,3155.0,31.55,-5.1999999999999975,-5.499650501665497,-6.588748356728431,0.2996505016654991,1.388748356728433,1.089097855062934,1,0,1,0
3156,3156.0,31.56,-5.1999999999999975,-5.499940271607472,-6.587140724279199,0.2999402716074746,1.3871407242792015,1.087200452671727,1,0,1,0
3157,3157.0,31.57,-5.1999999999999975,-5.501340927779101,-6.586661769269911,0.30134092777910393,1.3866617692699137,1.0853208414908098,1,0,1,0
3158,3158.0,31.58,-5.1999999999999975,-5.505321493815499,-6.589184738880526,0.30532149381550155,1.3891847388805285,1.083863245065027,1,0,1,0
3159,3159.0,31.59,-5.1999999999999975,-5.508539576087565,-6.5894036877546505,0.30853957608756755,1.389403687754653,1.0808641116670854,1,0,1,0
3160,3160.0,31.6,-5.1999999999999975,-5.513382988757512,-6.587246831884734,0.3133829887575148,1.3872468318847364,1.0738638431272216,1,0,1,0
3161,3161.0,31.61,-5.1999999999999975,-5.515484384886517,-6.586090980984514,0.31548438488651964,1.386090980984516,1.0706065960979965,1,0,1,0
3162,3162.0,31.62,-5.1999999999999975,-5.514777683591091,-6.586339456392523,0.31477768359109337,1.386339456392525,1.0715617728014317,1,0,1,0
3163,3163.0,31.63,-5.1999999999999975,-5.51368534481571,-6.586325017694739,0.3136853448157124,1.386325017694742,1.0726396728790295,1,0,1,0
3164,3164.0,31.64,-5.1999999999999975,-5.512524715835146,-6.587067653654814,0.3125247158351483,1.3870676536548165,1.0745429378196683,1,0,1,0
3165,3165.0,31.65,-5.1999999999999975,-5.510824320432073,-6.585717773420923,0.31082432043207575,1.3857177734209252,1.0748934529888494,1,0,1,0
3166,3166.0,31.66,-5.1999999999999975,-5.515125461415731,-6.585401679683613,0.3151254614157333,1.385401679683615,1.0702762182678818,1,0,1,0
3167,3167.0,31.67,-5.1999999999999975,-5.5160111002028165,-6.586830739827851,0.316011100202819,1.3868307398278539,1.070819639625035,1,0,1,0
3168,3168.0,31.68,-5.1999999999999975,-5.51333876613696,-6.585644329220035,0.31333876613696265,1.385644329220037,1.0723055630830745,1,0,1,0
3169,3169.0,31.69,-5.1999999999999975,-5.512475138497667,-6.583880687064674,0.3124751384976694,1.3838806870646767,1.0714055485670073,1,0,1,0
3170,3170.0,31.7,-5.1999999999999975,-5.515258144496294,-6.582878215308814,0.31525814449629674,1.3828782153088168,1.06762007081252,1,0,1,0
3171,3171.0,31.71,-5.1999999999999975,-5.517335626291861,-6.583599060672612,0.3173356262918636,1.3835990606726147,1.066263434380751,1,0,1,0
3172,3172.0,31.72,-5.1999999999999975,-5.52167766575029,-6.583304761603245,0.32167766575029244,1.383304761603248,1.0616270958529554,1,0,1,0
3173,3173.0,31.73,-5.1999999999999975,-5.5226108155391,-6.582089991605277,0.3226108155391021,1.3820899916052793,1.0594791760661773,1,0,1,0
3174,3174.0,31.74,-5.1999999999999975,-5.523199523544025,-6.580557036994826,0.3231995235440275,1.3805570369948281,1.0573575134508006,1,0,1,0
3175,3175.0,31.75,-5.1999999999999975,-5.51947239099416,-6.580317153887944,0.3194723909941626,1.3803171538879466,1.060844762893784,1,0,1,0
3176,3176.0,31.76,-5.1999999999999975,-5.518667463469204,-6.580900054833904,0.3186674634692066,1.3809000548339068,1.0622325913647002,1,0,1,0
3177,3177.0,31.77,-5.1999999999999975,-5.52378234869812,-6.5803965380657665,0.3237823486981224,1.380396538065769,1.0566141893676466,1,0,1,0
3178,3178.0,31.78,-5.1999999999999975,-5.526332238598093,-6.580062274804246,0.3263322385980958,1.3800622748042484,1.0537300362061526,1,0,1,0
3179,3179.0,31.79,-5.1999999999999975,-5.526487565769715,-6.5783565871580905,0.3264875657697175,1.378356587158093,1.0518690213883755,1,0,1,0
3180,3180.0,31.8,-5.1999999999999975,-5.525555187239624,-6.578468658040576,0.32555518723962606,1.3784686580405783,1.0529134708009522,1,0,1,0
3181,3181.0,31.81,-5.1999999999999975,-5.52337455218865,-6.5762116142646825,0.3233745521886524,1.376211614264685,1.0528370620760326,1,0,1,0
3182,3182.0,31.82,-5.1999999999999975,-5.522845159815294,-6.575005728171044,0.32284515981529616,1.3750057281710468,1.0521605683557507,1,0,1,0
3183,3183.0,31.83,-5.1999999999999975,-5.5207703149077485,-6.57511137029965,0.320770314907751,1.3751113702996527,1.0543410553919017,1,0,1,0
3184,3184.0,31.84,-5.1999999999999975,-5.51592857427321,-6.575489447488494,0.3159285742732125,1.3754894474884969,1.0595608732152844,1,0,1,0
3185,3185.0,31.85,-5.1999999999999975,-5.513374258170162,-6.573756042386137,0.31337425817016484,1.3737560423861392,1.0603817842159744,1,0,1,0
3186,3186.0,31.86,-5.1999999999999975,-5.51210806053687,-6.573183861607376,0.3121080605368727,1.3731838616073784,1.0610758010705057,1,0,1,0
3187,3187.0,31.87,-5.1999999999999975,-5.5081965295392665,-6.572690059966674,0.308196529539269,1.3726900599666765,1.0644935304274075,1,0,1,0
3188,3188.0,31.88,-5.1999999999999975,-5.505936140628033,-6.570014105383512,0.3059361406280354,1.3700141053835146,1.0640779647554792,1,0,1,0
3189,3189.0,31.89,-5.1999999999999975,-5.507932626553218,-6.569348639744309,0.30793262655322007,1.3693486397443113,1.0614160131910912,1,0,1,0
3190,3190.0,31.9,-5.1999999999999975,-5.508254079493509,-6.568342376545091,0.30825407949351114,1.368342376545093,1.060088297051582,1,0,1,0
3191,3191.0,31.91,-5.1999999999999975,-5.5078970713353765,-6.5676423072632035,0.307897071335379,1.367642307263206,1.059745235927827,1,0,1,0
3192,3192.0,31.92,-5.1999999999999975,-5.507614180456474,-6.566373255532552,0.3076141804564765,1.3663732555325545,1.058759075076078,1,0,1,0
3193,3193.0,31.93,-5.1999999999999975,-5.503265766592512,-6.564219838062006,0.3032657665925145,1.3642198380620085,1.060954071469494,1,0,1,0
3194,3194.0,31.94,-5.1999999999999975,-5.496368126993489,-6.563231370364104,0.29636812699349147,1.3632313703641064,1.0668632433706149,1,0,1,0
3195,3195.0,31.95,-5.1999999999999975,-5.490081403824527,-6.564604065678963,0.2900814038245292,1.3646040656789653,1.0745226618544361,1,0,1,0
3196,3196.0,31.96,-5.1999999999999975,-5.487350123351096,-6.5646186724374145,0.2873501233510982,1.364618672437417,1.0772685490863187,1,0,1,0
3197,3197.0,31.97,-5.1999999999999975,-5.484747392783239,-6.562301869715532,0.2847473927832418,1.3623018697155347,1.077554476932293,1,0,1,0
3198,3198.0,31.98,-5.1999999999999975,-5.483145987278315,-6.561618594229008,0.2831459872783171,1.3616185942290109,1.0784726069506938,1,0,1,0
3199,3199.0,31.99,-5.1999999999999975,-5.479378411493381,-6.561514481174871,0.2793784114933837,1.3615144811748738,1.0821360696814901,1,0,1,0
3200,3200.0,32.0,-5.1999999999999975,-5.471445834573663,-6.560586988852521,0.2714458345736652,1.360586988852523,1.0891411542788578,1,0,1,0
3201,3201.0,32.01,-5.1999999999999975,-5.46594814282375,-6.55890926483566,0.2659481428237527,1.3589092648356624,1.0929611220119098,1,0,1,0
3202,3202.0,32.02,-5.1999999999999975,-5.463551943166321,-6.556441832166392,0.26355194316632335,1.3564418321663947,1.0928898890000713,1,0,1,0
3203,3203.0,32.03,-5.1999999999999975,-5.461859476029158,-6.556034439073089,0.2618594760291604,1.3560344390730918,1.0941749630439315,1,0,1,0
3204,3204.0,32.04,-5.1999999999999975,-5.4543669482207235,-6.556923860910045,0.25436694822072603,1.3569238609100474,1.1025569126893213,1,0,1,0
3205,3205.0,32.05,-5.1999999999999975,-5.442491911543119,-6.555366235003017,0.24249191154312122,1.3553662350030198,1.1128743234598986,1,0,1,0
3206,3206.0,32.06,-5.1999999999999975,-5.434651695696313,-6.553956904935473,0.23465169569631517,1.3539569049354752,1.11930520923916,1,0,1,0
3207,3207.0,32.07,-5.1999999999999975,-5.429506678405937,-6.552829576493145,0.2295066784059392,1.3528295764931473,1.123322898087208,1,0,1,0
3208,3208.0,32.08,-5.1999999999999975,-5.425585248404812,-6.5526820868586215,0.22558524840481464,1.352682086858624,1.1270968384538094,1,0,1,0
3209,3209.0,32.09,-5.1999999999999975,-5.413508546530507,-6.55175286425415,0.21350854653050977,1.351752864254152,1.1382443177236423,1,0,1,0
3210,3210.0,32.1,-5.1999999999999975,-5.402033578435493,-6.549696829197555,0.2020335784354952,1.3496968291975575,1.1476632507620623,1,0,1,0
3211,3211.0,32.11,-5.1999999999999975,-5.395548209308461,-6.5479946135763445,0.1955482093084635,1.347994613576347,1.1524464042678835,1,0,1,0
3212,3212.0,32.12,-5.1999999999999975,-5.3940832942329875,-6.547054228548462,0.19408329423298998,1.3470542285484646,1.1529709343154746,1,0,1,0
3213,3213.0,32.13,-5.1999999999999975,-5.38895492765778,-6.547570002258364,0.18895492765778243,1.347570002258366,1.1586150746005837,1,0,1,0
3214,3214.0,32.14,-5.1999999999999975,-5.3764745428482605,-6.546640973874436,0.17647454284826303,1.3466409738744387,1.1701664310261757,1,0,1,0
3215,3215.0,32.15,-5.1999999999999975,-5.367674456977782,-6.545794738148763,0.16767445697778438,1.3457947381487658,1.1781202811709814,1,0,1,0
3216,3216.0,32.16,-5.1999999999999975,-5.359513345829192,-6.544463065318584,0.1595133458291942,1.3444630653185863,1.184949719489392,1,0,1,0
3217,3217.0,32.17,-5.1999999999999975,-5.353856555758168,-6.545266523175831,0.15385655575817037,1.3452665231758338,1.1914099674176635,1,0,1,0
3218,3218.0,32.18,-5.1999999999999975,-5.345848449162275,-6.5426771547528615,0.14584844916227713,1.342677154752864,1.1968287055905868,1,0,1,0
3219,3219.0,32.19,-5.1999999999999975,-5.3291170249092055,-6.540463982215367,0.12911702490920796,1.3404639822153692,1.2113469573061613,1,0,1,0
3220,3220.0,32.2,-5.1999999999999975,-5.3131019587701145,-6.539771012727393,0.11310195877011697,1.3397710127273958,1.2266690539572789,1,0,1,0
3221,3221.0,32.21,-5.1999999999999975,-5.303401691057604,-6.539171229200815,0.10340169105760655,1.3391712292008178,1.2357695381432112,1,0,1,0
3222,3222.0,32.22,-5.1999999999999975,-5.296152804091421,-6.539300171343648,0.09615280409142368,1.33930017134365,1.2431473672522264,1,0,1,0
3223,3223.0,32.23,-5.1999999999999975,-5.286618706815943,-6.537812511097002,0.08661870681594586,1.3378125110970043,1.2511938042810584,1,0,1,0
3224,3224.0,32.24,-5.1999999999999975,-5.275648397245722,-6.537012971004606,0.07564839724572447,1.3370129710046088,1.2613645737588843,1,0,1,0
3225,3225.0,32.25,-5.1999999999999975,-5.264803887130944,-6.533529990357114,0.06480388713094687,1.3335299903571167,1.2687261032261699,1,0,1,0
3226,3226.0,32.26,-5.1999999999999975,-5.2532283087164044,-6.5331772889027055,0.053228308716406936,1.333177288902708,1.279948980186301,1,0,1,0
3227,3227.0,32.27,-5.1999999999999975,-5.24144965982889,-6.531900053877421,0.041449659828892926,1.3319000538774235,1.2904503940485306,1,0,1,0
3228,3228.0,32.28,-5.1999999999999975,-5.223966948812833,-6.530455085713953,0.02396694881283512,1.3304550857139557,1.3064881369011205,1,0,1,0
3229,3229.0,32.29,-5.1999999999999975,-5.20699383011414,-6.528667653120398,0.006993830114142341,1.3286676531204007,1.3216738230062584,1,0,1,0
3230,3230.0,32.3,-5.1999999999999975,-5.1919882221937,-6.5264595930467495,0.00801177780629736,1.326459593046752,1.3184478152404546,1,0,1,0
3231,3231.0,32.31,-5.1999999999999975,-5.1786280874819575,-6.52604476125391,0.021371912518040048,1.3260447612539128,1.3046728487358727,1,0,1,0
3232,3232.0,32.32,-5.1999999999999975,-5.168684474904835,-6.525078070069039,0.03131552509516222,1.3250780700690417,1.2937625449738794,1,0,1,0
3233,3233.0,32.33,-5.1999999999999975,-5.159105441890557,-6.524622796218795,0.040894558109440204,1.3246227962187973,1.283728238109357,1,0,1,0
3234,3234.0,32.34,-5.1999999999999975,-5.14341318686873,-6.521437767142677,0.056586813131267455,1.3214377671426796,1.2648509540114121,1,0,1,0
3235,3235.0,32.35,-5.1999999999999975,-5.131708189106251,-6.520231652877535,0.06829181089374625,1.3202316528775375,1.2519398419837913,1,0,1,0
3236,3236.0,32.36,-5.1999999999999975,-5.123288366921774,-6.519389490604245,0.07671163307822315,1.3193894906042472,1.242677857526024,1,0,1,0
3237,3237.0,32.37,-5.1999999999999975,-5.116619906880008,-6.518116219025911,0.08338009311998995,1.3181162190259137,1.2347361259059237,1,0,1,0
3238,3238.0,32.38,-5.1999999999999975,-5.108872347769119,-6.515996934240834,0.09112765223087838,1.3159969342408369,1.2248692820099585,1,0,1,0
3239,3239.0,32.39,-5.1999999999999975,-5.1010066646256185,-6.512951898794928,0.09899333537437904,1.312951898794931,1.2139585634205519,1,0,1,0
3240,3240.0,32.4,-5.1999999999999975,-5.0932770439092145,-6.511774055024562,0.10672295609078297,1.3117740550245642,1.2050510989337813,1,0,1,0
3241,3241.0,32.41,-5.1999999999999975,-5.0847280890612225,-6.510091269395063,0.11527191093877498,1.3100912693950653,1.1948193584562903,1,0,1,0
3242,3242.0,32.42,-5.1999999999999975,-5.07735079091604,-6.508029487098693,0.12264920908395727,1.308029487098695,1.1853802780147378,1,0,1,0
3243,3243.0,32.43,-5.1999999999999975,-5.0660022145783845,-6.50584051564747,0.133997785421613,1.3058405156474722,1.1718427302258592,1,0,1,0
3244,3244.0,32.44,-5.1999999999999975,-5.054897576634814,-6.503670539518797,0.14510242336518342,1.3036705395187997,1.1585681161536163,1,0,1,0
3245,3245.0,32.45,-5.1999999999999975,-5.043703623951849,-6.503113088712774,0.1562963760481484,1.3031130887127764,1.146816712664628,1,0,1,0
3246,3246.0,32.46,-5.1999999999999975,-5.0358024462008935,-6.501642102433672,0.16419755379910406,1.3016421024336742,1.1374445486345701,1,0,1,0
3247,3247.0,32.47,-5.1999999999999975,-5.026039667823611,-6.498565523340837,0.17396033217638696,1.298565523340839,1.1246051911644521,1,0,1,0
3248,3248.0,32.48,-5.1999999999999975,-5.016662997716197,-6.496494881588301,0.18333700228380057,1.2964948815883037,1.1131578793045032,1,0,1,0
3249,3249.0,32.49,-5.1999999999999975,-5.002556879295734,-6.494772333612746,0.1974431207042633,1.2947723336127481,1.0973292129084848,1,0,1,0
3250,3250.0,32.5,-5.1999999999999975,-4.990308822464993,-6.494042370048425,0.20969117753500477,1.2940423700484276,1.0843511925134228,1,0,1,0
3251,3251.0,32.51,-5.1999999999999975,-4.978687897885884,-6.491817583918264,0.22131210211411378,1.2918175839182666,1.0705054818041528,1,0,1,0
3252,3252.0,32.52,-5.1999999999999975,-4.9669449731205475,-6.490506969029019,0.23305502687945,1.2905069690290212,1.0574519421495712,1,0,1,0
3253,3253.0,32.53,-5.1999999999999975,-4.954616666522424,-6.488222928341254,0.2453833334775739,1.2882229283412565,1.0428395948636826,1,0,1,0
3254,3254.0,32.54,-5.1999999999999975,-4.943171637880502,-6.487994212770629,0.2568283621194958,1.2879942127706316,1.0311658506511359,1,0,1,0
3255,3255.0,32.55,-5.1999999999999975,-4.927158499567335,-6.484962167874026,0.2728415004326621,1.2849621678740286,1.0121206674413665,1,0,1,0
3256,3256.0,32.56,-5.1999999999999975,-4.914108636585537,-6.481868437643567,0.28589136341446064,1.2818684376435696,0.995977074229109,1,0,1,0
3257,3257.0,32.57,-5.1999999999999975,-4.904407244135481,-6.481083235945357,0.29559275586451683,1.2810832359453599,0.9854904800808431,1,0,1,0
3258,3258.0,32.58,-5.1999999999999975,-4.893679339142343,-6.47917069649735,0.3063206608576543,1.2791706964973528,0.9728500356396985,1,0,1,0
3259,3259.0,32.59,-5.1999999999999975,-4.879564604431589,-6.4789369451290435,0.32043539556840894,1.278936945129046,0.958501549560637,1,0,1,0
3260,3260.0,32.6,-5.1999999999999975,-4.865871487225816,-6.477345052062435,0.3341285127741811,1.2773450520624374,0.9432165392882563,1,0,1,0
3261,3261.0,32.61,-5.1999999999999975,-4.8529393810514545,-6.475984036162434,0.347060618948543,1.2759840361624368,0.9289234172138938,1,0,1,0
3262,3262.0,32.62,-5.1999999999999975,-4.839764417481667,-6.4752521627519934,0.36023558251833077,1.275252162751996,0.9150165802336652,1,0,1,0
3263,3263.0,32.63,-5.1999999999999975,-4.829041297602376,-6.472604747011771,0.37095870239762174,1.2726047470117736,0.9016460446141519,1,0,1,0
3264,3264.0,32.64,-5.1999999999999975,-4.816969578227377,-6.468454813384964,0.38303042177262014,1.2684548133849667,0.8854243916123465,1,0,1,0
3265,3265.0,32.65,-5.1999999999999975,-4.804923396334983,-6.465716664899032,0.3950766036650144,1.2657166648990348,0.8706400612340204,1,0,1,0
3266,3266.0,32.66,-5.1999999999999975,-4.7924769141061105,-6.462006842644749,0.40752308589388697,1.2620068426447517,0.8544837567508647,1,0,1,0
3267,3267.0,32.67,-5.1999999999999975,-4.780203147507869,-6.45879346776629,0.4197968524921283,1.2587934677662922,0.8389966152741639,1,0,1,0
3268,3268.0,32.68,-5.1999999999999975,-4.767902580745169,-6.45710398057261,0.4320974192548288,1.2571039805726123,0.8250065613177835,1,0,1,0
3269,3269.0,32.69,-5.1999999999999975,-4.755981345410567,-6.4554169413448905,0.44401865458943046,1.255416941344893,0.8113982867554625,1,0,1,0
3270,3270.0,32.7,-5.1999999999999975,-4.741809094349608,-6.453984666437939,0.45819090565038945,1.2539846664379413,0.7957937607875518,1,0,1,0
3271,3271.0,32.71,-5.1999999999999975,-4.729728176748263,-6.451004235132524,0.47027182325173467,1.2510042351325268,0.7807324118807921,1,0,1,0
3272,3272.0,32.72,-5.1999999999999975,-4.718326987565734,-6.449914822320685,0.4816730124342632,1.2499148223206875,0.7682418098864243,1,0,1,0
3273,3273.0,32.73,-5.1999999999999975,-4.705481223786561,-6.447891073684453,0.4945187762134369,1.247891073684455,0.7533722974710182,1,0,1,0
3274,3274.0,32.74,-5.1999999999999975,-4.694502315014548,-6.445722460178963,0.5054976849854498,1.2457224601789658,0.740224775193516,1,0,1,0
3275,3275.0,32.75,-5.1999999999999975,-4.682766061466948,-6.443015988637561,0.5172339385330496,1.2430159886375636,0.725782050104514,1,0,1,0
3276,3276.0,32.76,-5.1999999999999975,-4.671652273054345,-6.440389937056598,0.5283477269456522,1.2403899370566007,0.7120422101109485,1,0,1,0
3277,3277.0,32.77,-5.1999999999999975,-4.659748806096601,-6.438529482539154,0.5402511939033969,1.2385294825391568,0.6982782886357599,1,0,1,0
3278,3278.0,32.78,-5.1999999999999975,-4.650115996455646,-6.435943202982766,0.5498840035443511,1.2359432029827682,0.6860591994384171,1,0,1,0
3279,3279.0,32.79,-5.1999999999999975,-4.638106959239379,-6.433293188857171,0.5618930407606184,1.2332931888571732,0.6714001480965548,1,0,1,0
3280,3280.0,32.8,-5.1999999999999975,-4.629834512858685,-6.430290763038711,0.5701654871413124,1.2302907630387132,0.6601252758974008,1,0,1,0
3281,3281.0,32.81,-5.1999999999999975,-4.619054169007271,-6.4282599252792165,0.5809458309927269,1.228259925279219,0.6473140942864921,1,0,1,0
3282,3282.0,32.82,-5.1999999999999975,-4.610423398611028,-6.427159217109337,0.5895766013889698,1.2271592171093397,0.6375826157203699,1,0,1,0
3283,3283.0,32.83,-5.1999999999999975,-4.6016833443043925,-6.422945884639376,0.598316655695605,1.2229458846393788,0.6246292289437738,1,0,1,0
3284,3284.0,32.84,-5.1999999999999975,-4.591716443954013,-6.418946019833225,0.6082835560459845,1.2189460198332274,0.6106624637872429,1,0,1,0
3285,3285.0,32.85,-5.1999999999999975,-4.580328903851903,-6.415996278245259,0.6196710961480942,1.2159962782452611,0.5963251820971669,1,0,1,0
3286,3286.0,32.86,-5.1999999999999975,-4.5703431882309475,-6.414724860389766,0.62965681176905,1.2147248603897687,0.5850680486207187,1,0,1,0
3287,3287.0,32.87,-5.1999999999999975,-4.5610994838561805,-6.412944212767406,0.638900516143817,1.2129442127674084,0.5740436966235913,1,0,1,0
3288,3288.0,32.88,-5.1999999999999975,-4.5505275660090145,-6.410314338075535,0.649472433990983,1.2103143380755377,0.5608419040845547,1,0,1,0
3289,3289.0,32.89,-5.1999999999999975,-4.539146727291579,-6.408406296107583,0.6608532727084189,1.2084062961075857,0.5475530233991668,1,0,1,0
3290,3290.0,32.9,-5.1999999999999975,-4.528403341927119,-6.4056345304481965,0.6715966580728789,1.205634530448199,0.5340378723753201,1,0,1,0
3291,3291.0,32.91,-5.1999999999999975,-4.51913791893812,-6.4036405337055635,0.6808620810618775,1.203640533705566,0.5227784526436885,1,0,1,0
3292,3292.0,32.92,-5.1999999999999975,-4.508904476864436,-6.400835472895229,0.6910955231355613,1.200835472895231,0.5097399497596697,1,0,1,0
3293,3293.0,32.93,-5.1999999999999975,-4.496227083772738,-6.397922156819313,0.7037729162272592,1.197922156819316,0.49414924059205667,1,0,1,0
3294,3294.0,32.94,-5.1999999999999975,-4.486513969597978,-6.39569257201017,0.7134860304020192,1.1956925720101728,0.48220654160815357,1,0,1,0
3295,3295.0,32.95,-5.1999999999999975,-4.47903357500804,-6.393199142435477,0.7209664249919578,1.1931991424354793,0.47223271744352147,1,0,1,0
3296,3296.0,32.96,-5.1999999999999975,-4.468478757120372,-6.3912983024702905,0.7315212428796256,1.191298302470293,0.4597770595906674,1,0,1,0
3297,3297.0,32.97,-5.1999999999999975,-4.4572457551047595,-6.388708152993202,0.742754244895238,1.1887081529932049,0.44595390809796687,1,0,1,0
3298,3298.0,32.98,-5.1999999999999975,-4.448841687597978,-6.386427118149863,0.7511583124020191,1.1864271181498651,0.435268805747846,1,0,1,0
3299,3299.0,32.99,-5.1999999999999975,-4.441391972059261,-6.385576589467263,0.7586080279407366,1.1855765894672654,0.42696856152652884,1,0,1,0
3300,3300.0,33.0,-5.1999999999999975,-4.432631924195828,-6.3819171593491335,0.7673680758041694,1.181917159349136,0.41454908354496656,1,0,1,0
3301,3301.0,33.01,-5.1999999999999975,-4.421077582235325,-6.378064951771499,0.7789224177646723,1.1780649517715016,0.3991425340068293,1,0,1,0
3302,3302.0,33.02,-5.1999999999999975,-4.413747471606903,-6.374528681590931,0.7862525283930948,1.1745286815909335,0.3882761531978387,1,0,1,0
3303,3303.0,33.03,-5.1999999999999975,-4.406153022834339,-6.372355279954727,0.7938469771656589,1.1723552799547292,0.37850830278907033,1,0,1,0
3304,3304.0,33.04,-5.1999999999999975,-4.396698343256188,-6.371211888332476,0.8033016567438098,1.1712118883324782,0.3679102315886684,1,0,1,0
3305,3305.0,33.05,-5.1999999999999975,-4.386086621054811,-6.369380539787754,0.8139133789451867,1.1693805397877561,0.35546716084256946,1,0,1,0
3306,3306.0,33.06,-5.1999999999999975,-4.3766319053189555,-6.367094727946384,0.823368094681042,1.1670947279463864,0.34372663326534436,1,0,1,0
3307,3307.0,33.07,-5.1999999999999975,-4.3702864963482035,-6.364942189368228,0.829713503651794,1.1649421893682304,0.3352286857164364,1,0,1,0
3308,3308.0,33.08,-5.1999999999999975,-4.361977578503128,-6.361894121882268,0.8380224214968699,1.1618941218822707,0.3238717003854008,1,0,1,0
3309,3309.0,33.09,-5.1999999999999975,-4.35374981023122,-6.360266875660527,0.8462501897687771,1.1602668756605299,0.3140166858917528,1,0,1,0
3310,3310.0,33.1,-5.1999999999999975,-4.346361726780504,-6.357361955173115,0.8536382732194934,1.1573619551731174,0.303723681953624,1,0,1,0
3311,3311.0,33.11,-5.1999999999999975,-4.338745284910914,-6.354392460751888,0.8612547150890837,1.1543924607518905,0.2931377456628068,1,0,1,0
3312,3312.0,33.12,-5.1999999999999975,-4.331729952421145,-6.3512388556964465,0.8682700475788527,1.151238855696449,0.2829688081175963,1,0,1,0
3313,3313.0,33.13,-5.1999999999999975,-4.324301416977305,-6.346313798269386,0.8756985830226922,1.1463137982693885,0.2706152152466963,1,0,1,0
3314,3314.0,33.14,-5.1999999999999975,-4.319412357583395,-6.343545411618112,0.8805876424166028,1.1435454116181143,0.2629577692015115,1,0,1,0
3315,3315.0,33.15,-5.1999999999999975,-4.310546542048149,-6.3403275412832265,0.8894534579518485,1.140327541283229,0.2508740833313805,1,0,1,0
3316,3316.0,33.16,-5.1999999999999975,-4.303929160599965,-6.336620979406545,0.8960708394000321,1.1366209794065476,0.24055014000651553,1,0,1,0
3317,3317.0,33.17,-5.1999999999999975,-4.299338919934409,-6.333473589017297,0.9006610800655883,1.1334735890172993,0.23281250895171102,1,0,1,0
3318,3318.0,33.18,-5.1999999999999975,-4.293870639560482,-6.330543216346148,0.9061293604395155,1.1305432163461502,0.22441385590663465,1,0,1,0
3319,3319.0,33.19,-5.1999999999999975,-4.287410985767172,-6.32829139716704,0.9125890142328252,1.1282913971670423,0.21570238293421706,1,0,1,0
3320,3320.0,33.2,-5.1999999999999975,-4.28137404639952,-6.3233061034525395,0.9186259536004773,1.123306103452542,0.20468014985206473,1,0,1,0
3321,3321.0,33.21,-5.1999999999999975,-4.27556083400381,-6.320964233530616,0.9244391659961879,1.1209642335306187,0.19652506753443078,1,0,1,0
3322,3322.0,33.22,-5.1999999999999975,-4.270442754332931,-6.3172065505999555,0.9295572456670662,1.117206550599958,0.18764930493289178,1,0,1,0
3323,3323.0,33.23,-5.1999999999999975,-4.26511978706551,-6.31447001153173,0.9348802129344875,1.1144700115317328,0.17958979859724522,1,0,1,0
3324,3324.0,33.24,-5.1999999999999975,-4.2607149606856645,-6.311237037576556,0.939285039314333,1.1112370375765588,0.17195199826222574,1,0,1,0
3325,3325.0,33.25,-5.1999999999999975,-4.255768793446087,-6.3076860092928575,0.9442312065539102,1.10768600929286,0.16345480273894974,1,0,1,0
3326,3326.0,33.26,-5.1999999999999975,-4.249817674046564,-6.3044641718246694,0.9501823259534339,1.104464171824672,0.15428184587123805,1,0,1,0
3327,3327.0,33.27,-5.1999999999999975,-4.246949665447097,-6.300688811926718,0.9530503345529002,1.1006888119267204,0.1476384773738202,1,0,1,0
3328,3328.0,33.28,-5.1999999999999975,-4.242173877994698,-6.299642163901246,0.9578261220052999,1.0996421639012484,0.14181604189594843,1,0,1,0
3329,3329.0,33.29,-5.1999999999999975,-4.238943799245442,-6.296083216357277,0.9610562007545553,1.0960832163572798,0.13502701560272445,1,0,1,0
3330,3330.0,33.3,-5.1999999999999975,-4.2330588781942975,-6.292277537690912,0.9669411218057,1.0922775376909142,0.12533641588521416,1,0,1,0
3331,3331.0,33.31,-5.1999999999999975,-4.230811744405938,-6.289316504271633,0.9691882555940596,1.0893165042716353,0.12012824867757566,1,0,1,0
3332,3332.0,33.32,-5.1999999999999975,-4.226932498407927,-6.285781636542893,0.9730675015920704,1.0857816365428956,0.11271413495082516,1,0,1,0
3333,3333.0,33.33,-5.1999999999999975,-4.223166216217866,-6.28345982605403,0.9768337837821317,1.0834598260540327,0.10662604227190098,1,0,1,0
3334,3334.0,33.34,-5.1999999999999975,-4.221611244559018,-6.279250758895437,0.9783887554409798,1.0792507588954399,0.10086200345446006,1,0,1,0
3335,3335.0,33.35,-5.1999999999999975,-4.22093637011313,-6.276596919428238,0.9790636298868671,1.0765969194282405,0.09753328954137341,1,0,0,1
3336,3336.0,33.36,-5.1999999999999975,-4.216375061862774,-6.275848262889475,0.9836249381372237,1.0758482628894779,0.09222332475225414,1,0,0,1
3337,3337.0,33.37,-5.1999999999999975,-4.2133969949434,-6.271739465282258,0.9866030050565975,1.0717394652822607,0.08513646022566324,1,0,0,1
3338,3338.0,33.38,-5.1999999999999975,-4.2120450672372645,-6.267421377573829,0.987954932762733,1.0674213775738313,0.07946644481109821,1,0,0,1
3339,3339.0,33.39,-5.1999999999999975,-4.207748115453599,-6.263546716910533,0.9922518845463983,1.063546716910536,0.07129483236413758,1,0,0,1
3340,3340.0,33.4,-5.1999999999999975,-4.203754952677254,-6.260165358409347,0.9962450473227431,1.0601653584093498,0.06392031108660667,1,0,0,1
3341,3341.0,33.41,-5.1999999999999975,-4.199740075801322,-6.2555578088632595,1.0002599241986756,1.055557808863262,0.055297884664586405,1,0,0,1
3342,3342.0,33.42,-5.1999999999999975,-4.198194877105966,-6.2515953391608825,1.001805122894032,1.051595339160885,0.04979021626685309,1,0,0,1
3343,3343.0,33.43,-5.1999999999999975,-4.195510836515006,-6.246953954420643,1.0044891634849913,1.0469539544206459,0.042464790935654584,1,0,0,1
3344,3344.0,33.44,-5.1999999999999975,-4.193488752463457,-6.243547293265731,1.0065112475365403,1.0435472932657337,0.03703604572919339,1,0,0,1
3345,3345.0,33.45,-5.1999999999999975,-4.189061007144733,-6.239393487710295,1.0109389928552641,1.0393934877102975,0.028454494855033374,1,0,0,1
3346,3346.0,33.46,-5.1999999999999975,-4.184587931624966,-6.235977757255833,1.0154120683750314,1.0359777572558357,0.020565688880804345,1,0,0,1
3347,3347.0,33.47,-5.1999999999999975,-4.181163722042098,-6.232420905634338,1.0188362779578997,1.03242090563434,0.01358462767644042,1,0,0,1
3348,3348.0,33.48,-5.1999999999999975,-4.177790647335,-6.22911836997156,1.0222093526649978,1.0291183699715623,0.006909017306564458,1,0,0,1
3349,3349.0,33.49,-5.1999999999999975,-4.174343549994245,-6.224805012719799,1.0256564500057523,1.0248050127198018,-0.000851437285950496,1,0,0,1
3350,3350.0,33.5,-5.1999999999999975,-4.170421960620567,-6.220030970496031,1.0295780393794303,1.020030970496033,-0.00954706888339718,1,0,0,1
3351,3351.0,33.51,-5.1999999999999975,-4.16735269189357,-6.216534801192372,1.0326473081064274,1.0165348011923747,-0.016112506914052638,1,0,0,1
3352,3352.0,33.52,-5.1999999999999975,-4.164949860816914,-6.212435230381349,1.0350501391830838,1.0124352303813513,-0.022614908801732447,1,0,0,1
3353,3353.0,33.53,-5.1999999999999975,-4.160945360445574,-6.208996514277701,1.0390546395544238,1.0089965142777038,-0.030058125276720027,1,0,0,1
3354,3354.0,33.54,-5.1999999999999975,-4.156510044616883,-6.204437555706527,1.043489955383115,1.00443755570653,-0.039052399676585026,1,0,0,1
3355,3355.0,33.55,-5.1999999999999975,-4.153883281776952,-6.201844300354663,1.046116718223045,1.0018443003546658,-0.04427241786837932,1,0,0,1
3356,3356.0,33.56,-5.1999999999999975,-4.149612898639689,-6.198775911522882,1.0503871013603083,0.9987759115228849,-0.05161118983742341,1,0,0,1
3357,3357.0,33.57,-5.1999999999999975,-4.144222771380589,-6.193423004953864,1.0557772286194087,0.9934230049538666,-0.06235422366554211,1,0,0,1
3358,3358.0,33.58,-5.1999999999999975,-4.141847753954202,-6.190630032844888,1.058152246045796,0.9906300328448907,-0.06752221320090523,1,0,0,1
3359,3359.0,33.59,-5.1999999999999975,-4.13899492040374,-6.18543097491411,1.0610050795962573,0.9854309749141121,-0.0755741046821452,1,0,0,1
3360,3360.0,33.6,-5.1999999999999975,-4.136473156592413,-6.181507872918039,1.0635268434075842,0.9815078729180415,-0.08201897048954265,1,0,0,1
3361,3361.0,33.61,-5.1999999999999975,-4.132294649644635,-6.1777921155206945,1.0677053503553626,0.977792115520697,-0.08991323483466562,1,0,0,1
3362,3362.0,33.62,-5.1999999999999975,-4.1301285742792615,-6.171724514611984,1.069871425720736,0.9717245146119868,-0.09814691110874918,1,0,0,1
3363,3363.0,33.63,-5.1999999999999975,-4.128844063180591,-6.168046069179373,1.0711559368194061,0.9680460691793753,-0.10310986764003083,1,1,0,0
3364,3364.0,33.64,-5.1999999999999975,-4.125285856747116,-6.166476737151293,1.0747141432528817,0.9664767371512957,-0.10823740610158605,1,1,0,0
3365,3365.0,33.65,-5.1999999999999975,-4.119903772856007,-6.164161657499083,1.080096227143991,0.9641616574990852,-0.11593456964490567,1,1,0,0
3366,3366.0,33.66,-5.1999999999999975,-4.118238258648095,-6.160341653641139,1.0817617413519027,0.9603416536411418,-0.12142008771076096,1,1,0,0
3367,3367.0,33.67,-5.1999999999999975,-4.116845711514984,-6.156359093365158,1.0831542884850132,0.9563590933651609,-0.12679519511985227,1,1,0,0
3368,3368.0,33.68,-5.1999999999999975,-4.113372725929133,-6.153780961172131,1.0866272740708647,0.9537809611721331,-0.1328463128987316,1,1,0,0
3369,3369.0,33.69,-5.1999999999999975,-4.110708781924741,-6.149636305937117,1.0892912180752568,0.9496363059371191,-0.13965491213813763,1,1,0,0
3370,3370.0,33.7,-5.1999999999999975,-4.1080024852222925,-6.1472948018961855,1.091997514777705,0.947294801896188,-0.14470271288151704,1,1,0,0
3371,3371.0,33.71,-5.1999999999999975,-4.104854369081472,-6.142710719955969,1.095145630918526,0.9427107199559712,-0.15243491096255468,1,1,0,0
3372,3372.0,33.72,-5.1999999999999975,-4.1022161154352785,-6.139122454904636,1.097783884564719,0.9391224549046386,-0.15866142966008034,1,1,0,0
3373,3373.0,33.73,-5.1999999999999975,-4.102173350446785,-6.136830576630878,1.0978266495532125,0.9368305766308804,-0.1609960729223321,1,1,0,0
3374,3374.0,33.74,-5.1999999999999975,-4.10036597549841,-6.132783141953308,1.0996340245015874,0.9327831419533101,-0.1668508825482773,1,1,0,0
3375,3375.0,33.75,-5.1999999999999975,-4.098848964152995,-6.128759313631817,1.1011510358470025,0.9287593136318195,-0.17239172221518295,1,1,0,0
3376,3376.0,33.76,-5.1999999999999975,-4.09891211792144,-6.124367807909821,1.1010878820785575,0.9243678079098236,-0.1767200741687338,1,1,0,0
3377,3377.0,33.77,-5.1999999999999975,-4.098231732059774,-6.121439882035685,1.1017682679402236,0.9214398820356875,-0.18032838590453615,1,1,0,0
3378,3378.0,33.78,-5.1999999999999975,-4.09605799738301,-6.116746257244697,1.1039420026169875,0.9167462572446992,-0.18719574537228834,1,1,0,0
3379,3379.0,33.79,-5.1999999999999975,-4.096059430957229,-6.11266751309498,1.1039405690427682,0.9126675130949824,-0.19127305594778576,1,1,0,0
3380,3380.0,33.8,-5.1999999999999975,-4.096856755654114,-6.1081866236124585,1.1031432443458833,0.9081866236124609,-0.19495662073342235,1,1,0,0
3381,3381.0,33.81,-5.1999999999999975,-4.0956463659913345,-6.10471916308827,1.104353634008663,0.9047191630882727,-0.19963447092039033,1,1,0,0
3382,3382.0,33.82,-5.1999999999999975,-4.096652295430307,-6.101730265006353,1.103347704569691,0.9017302650063552,-0.20161743956333567,1,1,0,0
3383,3383.0,33.83,-5.1999999999999975,-4.099391558450035,-6.098195664988362,1.1006084415499622,0.8981956649883642,-0.20241277656159795,1,1,0,0
3384,3384.0,33.84,-5.1999999999999975,-4.102356398978599,-6.094775878770615,1.0976436010213986,0.8947758787706173,-0.2028677222507813,1,1,0,0
3385,3385.0,33.85,-5.1999999999999975,-4.102166253104742,-6.091221603920118,1.0978337468952555,0.8912216039201208,-0.20661214297513464,1,1,0,0
3386,3386.0,33.86,-5.1999999999999975,-4.10090283698066,-6.086470029225645,1.0990971630193371,0.8864700292256478,-0.21262713379368936,1,1,0,0
3387,3387.0,33.87,-5.1999999999999975,-4.102505326981412,-6.081165377436808,1.097494673018586,0.8811653774368109,-0.21632929558177505,1,1,0,0
3388,3388.0,33.88,-5.1999999999999975,-4.103385236687432,-6.077040621123194,1.0966147633125658,0.8770406211231965,-0.21957414218936933,1,1,0,0
3389,3389.0,33.89,-5.1999999999999975,-4.10113385959751,-6.071212413479979,1.098866140402487,0.8712124134799817,-0.2276537269225054,1,1,0,0
3390,3390.0,33.9,-5.1999999999999975,-4.09951657391176,-6.066539133836164,1.1004834260882372,0.8665391338361665,-0.2339442922520707,1,1,0,0
3391,3391.0,33.91,-5.1999999999999975,-4.096887450210633,-6.061387910179065,1.1031125497893646,0.8613879101790678,-0.24172463961029678,1,1,0,0
3392,3392.0,33.92,-5.1999999999999975,-4.09427484883032,-6.058789909672846,1.1057251511696773,0.8587899096728489,-0.24693524149682844,1,1,0,0
3393,3393.0,33.93,-5.1999999999999975,-4.0929393155504155,-6.055826411720474,1.107060684449582,0.8558264117204768,-0.25123427272910526,1,1,0,0
3394,3394.0,33.94,-5.1999999999999975,-4.093511712190773,-6.052101425422806,1.1064882878092241,0.8521014254228083,-0.25438686238641584,1,1,0,0
3395,3395.0,33.95,-5.1999999999999975,-4.094950360479027,-6.049552725708744,1.1050496395209706,0.8495527257087465,-0.25549691381222406,1,1,0,0
3396,3396.0,33.96,-5.1999999999999975,-4.097205104928301,-6.044682230498694,1.1027948950716961,0.8446822304986963,-0.25811266457299986,1,1,0,0
3397,3397.0,33.97,-5.1999999999999975,-4.096509733251282,-6.040742386681178,1.1034902667487154,0.8407423866811801,-0.26274788006753536,1,1,0,0
3398,3398.0,33.98,-5.1999999999999975,-4.099404616592569,-6.037030641642069,1.1005953834074287,0.8370306416420714,-0.26356474176535727,1,1,0,0
3399,3399.0,33.99,-5.1999999999999975,-4.1045584282422,-6.032416453486512,1.0954415717577977,0.8324164534865144,-0.2630251182712833,1,1,0,0
3400,3400.0,34.0,-5.1999999999999975,-4.1059150951437635,-6.029062363607533,1.094084904856234,0.8290623636075356,-0.2650225412486984,1,1,0,0
3401,3401.0,34.01,-5.1999999999999975,-4.106031104338646,-6.027536155531346,1.0939688956613516,0.8275361555313481,-0.2664327401300035,1,1,0,0
3402,3402.0,34.02,-5.1999999999999975,-4.108174044377957,-6.023920079335357,1.0918259556220402,0.8239200793353598,-0.2679058762866804,1,1,0,0
3403,3403.0,34.03,-5.1999999999999975,-4.1120423793593055,-6.019186949147995,1.087957620640692,0.8191869491479977,-0.2687706714926943,1,1,0,0
3404,3404.0,34.04,-5.1999999999999975,-4.112715690456628,-6.0155394287718105,1.087284309543369,0.815539428771813,-0.2717448807715561,1,1,0,0
3405,3405.0,34.05,-5.1999999999999975,-4.1113615747584875,-6.012107874396694,1.08863842524151,0.8121078743966965,-0.2765305508448135,1,1,0,0
3406,3406.0,34.06,-5.1999999999999975,-4.114191873543502,-6.008470119235228,1.0858081264564952,0.8084701192352304,-0.2773380072212648,1,1,0,0
3407,3407.0,34.07,-5.1999999999999975,-4.1162399216181305,-6.0052817503325455,1.083760078381867,0.805281750332548,-0.27847832804931905,1,1,0,0
3408,3408.0,34.08,-5.1999999999999975,-4.116491717561159,-6.000155199541412,1.0835082824388387,0.8001551995414147,-0.283353082897424,1,1,0,0
3409,3409.0,34.09,-5.1999999999999975,-4.117503029956194,-5.99695130647676,1.0824969700438034,0.7969513064767622,-0.28554566356704125,1,1,0,0
3410,3410.0,34.1,-5.1999999999999975,-4.119622595061359,-5.993722741873226,1.0803774049386385,0.7937227418732284,-0.2866546630654101,1,1,0,0
3411,3411.0,34.11,-5.1999999999999975,-4.120630572096701,-5.989212883028939,1.0793694279032966,0.7892128830289415,-0.29015654487435505,1,1,0,0
3412,3412.0,34.12,-5.1999999999999975,-4.119976675592642,-5.984325936936759,1.0800233244073558,0.7843259369367619,-0.29569738747059393,1,1,0,0
3413,3413.0,34.13,-5.1999999999999975,-4.12013483872528,-5.979185249535487,1.0798651612747179,0.7791852495354892,-0.3006799117392287,1,1,0,0
3414,3414.0,34.14,-5.1999999999999975,-4.121346303731881,-5.976216160802356,1.0786536962681161,0.7762161608023588,-0.30243753546575736,1,1,0,0
3415,3415.0,34.15,-5.1999999999999975,-4.124676230308388,-5.972629177228428,1.0753237696916091,0.7726291772284304,-0.30269459246317876,1,1,0,0
3416,3416.0,34.16,-5.1999999999999975,-4.124705598920494,-5.968288053237788,1.0752944010795034,0.7682880532377903,-0.3070063478417131,1,1,0,0
3417,3417.0,34.17,-5.1999999999999975,-4.123642773503216,-5.9632468159333385,1.0763572264967811,0.763246815933341,-0.31311041056344013,1,1,0,0
3418,3418.0,34.18,-5.1999999999999975,-4.125684512973082,-5.9609728758641705,1.0743154870269152,0.760972875864173,-0.3133426111627422,1,1,0,0
3419,3419.0,34.19,-5.1999999999999975,-4.126182535238834,-5.957690045201616,1.0738174647611638,0.7576900452016186,-0.31612741955954515,1,1,0,0
3420,3420.0,34.2,-5.1999999999999975,-4.127029067387689,-5.953771126508605,1.072970932612309,0.7537711265086076,-0.31919980610370136,1,1,0,0
3421,3421.0,34.21,-5.1999999999999975,-4.1248994129558945,-5.950015110110892,1.075100587044103,0.7500151101108941,-0.325085476933209,1,1,0,0
3422,3422.0,34.22,-5.1999999999999975,-4.12500742769083,-5.94545657639898,1.0749925723091671,0.7454565763989827,-0.32953599591018445,1,1,0,0
3423,3423.0,34.23,-5.1999999999999975,-4.128515099833439,-5.9418606665455656,1.071484900166559,0.741860666545568,-0.3296242336209909,1,1,0,0
3424,3424.0,34.24,-5.1999999999999975,-4.129017807298656,-5.937117729255858,1.0709821927013419,0.7371177292558606,-0.33386446344548126,1,1,0,0
3425,3425.0,34.25,-5.1999999999999975,-4.1280552241876585,-5.931602860844583,1.071944775812339,0.7316028608445855,-0.34034191496775357,1,1,0,0
3426,3426.0,34.26,-5.1999999999999975,-4.1279100452140405,-5.926334830414683,1.072089954785957,0.726334830414685,-0.345755124371272,1,1,0,0
3427,3427.0,34.27,-5.1999999999999975,-4.1290052903922705,-5.922271499251754,1.070994709607727,0.7222714992517565,-0.34872321035597054,1,1,0,0
3428,3428.0,34.28,-5.1999999999999975,-4.129149629239071,-5.917352523018938,1.070850370760927,0.7173525230189401,-0.3534978477419868,1,1,0,0
3429,3429.0,34.29,-5.1999999999999975,-4.12905872425684,-5.913244895419957,1.0709412757431576,0.7132448954199591,-0.3576963803231985,1,1,0,0
3430,3430.0,34.3,-5.1999999999999975,-4.131248013877714,-5.911130514199747,1.0687519861222832,0.7111305141997493,-0.3576214719225339,1,1,0,0
3431,3431.0,34.31,-5.1999999999999975,-4.127827659476183,-5.907482758129638,1.0721723405238146,0.7074827581296406,-0.36468958239417404,1,1,0,0
3432,3432.0,34.32,-5.1999999999999975,-4.127257729211447,-5.90392291325842,1.0727422707885506,0.7039229132584222,-0.3688193575301284,1,1,0,0
3433,3433.0,34.33,-5.1999999999999975,-4.1285679887055835,-5.899590174274723,1.071432011294414,0.6995901742747259,-0.3718418370196881,1,1,0,0
3434,3434.0,34.34,-5.1999999999999975,-4.128693136886204,-5.895610318121758,1.0713068631137936,0.6956103181217603,-0.3756965449920333,1,1,0,0
3435,3435.0,34.35,-5.1999999999999975,-4.128035551381189,-5.889621495061493,1.0719644486188082,0.6896214950614956,-0.3823429535573126,1,1,0,0
3436,3436.0,34.36,-5.1999999999999975,-4.126912114217175,-5.884905653803807,1.0730878857828223,0.6849056538038099,-0.38818223197901247,1,1,0,0
3437,3437.0,34.37,-5.1999999999999975,-4.128961433468241,-5.8810284791057,1.0710385665317563,0.6810284791057022,-0.39001008742605414,1,1,0,0
3438,3438.0,34.38,-5.1999999999999975,-4.131021540357019,-5.877586131829084,1.0689784596429783,0.6775861318290861,-0.3913923278138922,1,1,0,0
3439,3439.0,34.39,-5.1999999999999975,-4.131662704564868,-5.874911478843944,1.0683372954351293,0.6749114788439465,-0.3934258165911828,1,1,0,0
3440,3440.0,34.4,-5.1999999999999975,-4.133096309060593,-5.870758103611323,1.0669036909394043,0.6707581036113259,-0.39614558732807836,1,1,0,0
3441,3441.0,34.41,-5.1999999999999975,-4.135380571235931,-5.866515695076006,1.0646194287640665,0.6665156950760087,-0.39810373368805774,1,1,0,0
3442,3442.0,34.42,-5.1999999999999975,-4.137363727022258,-5.863108157219579,1.0626362729777394,0.6631081572195816,-0.39952811575815783,1,1,0,0
3443,3443.0,34.43,-5.1999999999999975,-4.139064220052968,-5.858808821678033,1.0609357799470294,0.6588088216780355,-0.4021269582689939,1,1,0,0
3444,3444.0,34.44,-5.1999999999999975,-4.140838805831446,-5.853658955106193,1.059161194168552,0.6536589551061951,-0.40550223906235683,1,1,0,0
3445,3445.0,34.45,-5.1999999999999975,-4.1413188911885515,-5.848134414908014,1.058681108811446,0.6481344149080162,-0.4105466939034299,1,1,0,0
3446,3446.0,34.46,-5.1999999999999975,-4.142080245116019,-5.844298809715268,1.0579197548839785,0.6442988097152709,-0.4136209451687076,1,1,0,0
3447,3447.0,34.47,-5.1999999999999975,-4.143191956034421,-5.840790977705002,1.0568080439655763,0.6407909777050049,-0.41601706626057133,1,1,0,0
3448,3448.0,34.48,-5.1999999999999975,-4.144160009502178,-5.835877419778439,1.0558399904978195,0.6358774197784411,-0.41996257071937837,1,1,0,0
3449,3449.0,34.49,-5.1999999999999975,-4.145985186917648,-5.830853221396283,1.0540148130823495,0.6308532213962854,-0.42316159168606404,1,1,0,0
3450,3450.0,34.5,-5.1999999999999975,-4.148871377025867,-5.82506525050113,1.0511286229741303,0.6250652505011329,-0.4260633724729974,1,1,0,0
3451,3451.0,34.51,-5.1999999999999975,-4.14739405369533,-5.821521301617084,1.0526059463046673,0.6215213016170864,-0.4310846446875809,1,1,0,0
3452,3452.0,34.52,-5.1999999999999975,-4.147611948764679,-5.816838862158361,1.0523880512353188,0.6168388621583638,-0.43554918907695495,1,1,0,0
3453,3453.0,34.53,-5.1999999999999975,-4.150922522806802,-5.811124511042431,1.0490774771931957,0.6111245110424335,-0.4379529661507622,1,1,0,0
3454,3454.0,34.54,-5.1999999999999975,-4.150521217375503,-5.805659726908033,1.0494787826244947,0.6056597269080353,-0.4438190557164594,1,1,0,0
3455,3455.0,34.55,-5.1999999999999975,-4.150971510871083,-5.802417180621461,1.049028489128914,0.6024171806214635,-0.44661130850745057,1,1,0,0
3456,3456.0,34.56,-5.1999999999999975,-4.149969606573002,-5.799095493631126,1.0500303934269954,0.5990954936311281,-0.4509348997958673,1,1,0,0
3457,3457.0,34.57,-5.1999999999999975,-4.151539695414066,-5.7949577502185585,1.048460304585931,0.594957750218561,-0.4535025543673701,1,1,0,0
3458,3458.0,34.58,-5.1999999999999975,-4.152612103100932,-5.7909264619976915,1.0473878968990658,0.5909264619976939,-0.4564614349013718,1,1,0,0
3459,3459.0,34.59,-5.1999999999999975,-4.151970020948645,-5.786456269397765,1.0480299790513525,0.5864562693977673,-0.46157370965358524,1,1,0,0
3460,3460.0,34.6,-5.1999999999999975,-4.152229401263221,-5.782820549732579,1.0477705987367765,0.5828205497325811,-0.46495004900419534,1,1,0,0
3461,3461.0,34.61,-5.1999999999999975,-4.154221203853408,-5.7778283874738285,1.0457787961465899,0.577828387473831,-0.46795040867275883,1,1,0,0
3462,3462.0,34.62,-5.1999999999999975,-4.155618478689564,-5.772930213740688,1.0443815213104335,0.5729302137406904,-0.47145130756974307,1,1,0,0
3463,3463.0,34.63,-5.1999999999999975,-4.156627972648189,-5.769187873704825,1.0433720273518086,0.5691878737048279,-0.47418415364698063,1,1,0,0
3464,3464.0,34.64,-5.1999999999999975,-4.158238237084574,-5.765083390958597,1.0417617629154234,0.5650833909585993,-0.47667837195682417,1,1,0,0
3465,3465.0,34.65,-5.1999999999999975,-4.154545284990192,-5.761397698515037,1.0454547150098055,0.5613976985150391,-0.4840570164947664,1,1,0,0
3466,3466.0,34.66,-5.1999999999999975,-4.153259133097307,-5.757519925288256,1.0467408669026907,0.5575199252882586,-0.4892209416144322,1,1,0,0
3467,3467.0,34.67,-5.1999999999999975,-4.151827438464461,-5.755448075822737,1.0481725615355364,0.5554480758227394,-0.49272448571279703,1,1,0,0
3468,3468.0,34.68,-5.1999999999999975,-4.152018819912992,-5.751694880608358,1.0479811800870058,0.5516948806083608,-0.496286299478645,1,1,0,0
3469,3469.0,34.69,-5.1999999999999975,-4.149254460147293,-5.748881793490904,1.0507455398527048,0.5488817934909065,-0.5018637463617983,1,1,0,0
3470,3470.0,34.7,-5.1999999999999975,-4.146331486132252,-5.744791841189731,1.0536685138677457,0.5447918411897339,-0.5088766726780118,1,1,0,0
3471,3471.0,34.71,-5.1999999999999975,-4.143978904344232,-5.741193441351005,1.0560210956557654,0.5411934413510071,-0.5148276543047583,1,1,0,0
3472,3472.0,34.72,-5.1999999999999975,-4.1411166337343275,-5.736917703408337,1.05888336626567,0.5369177034083394,-0.5219656628573306,1,1,0,0
3473,3473.0,34.73,-5.1999999999999975,-4.139018283800993,-5.732217699173763,1.060981716199005,0.5322176991737653,-0.5287640170252397,1,1,0,0
3474,3474.0,34.74,-5.1999999999999975,-4.137989016438983,-5.728598239476424,1.0620109835610148,0.5285982394764268,-0.5334127440845879,1,1,0,0
3475,3475.0,34.75,-5.1999999999999975,-4.136787467212048,-5.724901351435702,1.0632125327879498,0.5249013514357044,-0.5383111813522454,1,1,0,0
3476,3476.0,34.76,-5.1999999999999975,-4.133024950655303,-5.7217694960846535,1.0669750493446948,0.521769496084656,-0.5452055532600388,1,1,0,0
3477,3477.0,34.77,-5.1999999999999975,-4.131432022348283,-5.717069631480025,1.068567977651714,0.5170696314800276,-0.5514983461716865,1,1,0,0
3478,3478.0,34.78,-5.1999999999999975,-4.130021863573091,-5.712646212640114,1.069978136426906,0.5126462126401163,-0.5573319237867898,1,1,0,0
3479,3479.0,34.79,-5.1999999999999975,-4.126874913763006,-5.7103263623229354,1.0731250862369919,0.5103263623229379,-0.5627987239140539,1,1,0,0
3480,3480.0,34.8,-5.1999999999999975,-4.125920397663681,-5.705234312546366,1.0740796023363162,0.5052343125463681,-0.5688452897899481,1,1,0,0
3481,3481.0,34.81,-5.1999999999999975,-4.123949202306663,-5.699850432847625,1.076050797693335,0.4998504328476274,-0.5762003648457075,1,1,0,0
3482,3482.0,34.82,-5.1999999999999975,-4.124148294139315,-5.695461274116304,1.075851705860683,0.49546127411630625,-0.5803904317443767,1,1,0,0
3483,3483.0,34.83,-5.1999999999999975,-4.124299831043791,-5.692089370803938,1.0757001689562067,0.49208937080394044,-0.5836107981522662,1,1,0,0
3484,3484.0,34.84,-5.1999999999999975,-4.1254561771620635,-5.687220636848736,1.074543822837934,0.48722063684873884,-0.5873231859891952,1,1,0,0
3485,3485.0,34.85,-5.1999999999999975,-4.123776193746126,-5.682172849412198,1.0762238062538714,0.4821728494122004,-0.594050956841671,1,1,0,0
3486,3486.0,34.86,-5.1999999999999975,-4.1230502256845805,-5.67728652930401,1.076949774315417,0.4772865293040125,-0.5996632450114046,1,1,0,0
3487,3487.0,34.87,-5.1999999999999975,-4.1224315110114516,-5.673607769079735,1.077568488988546,0.4736077690797371,-0.6039607199088088,1,1,0,0
3488,3488.0,34.88,-5.1999999999999975,-4.124464553452364,-5.67038678843707,1.0755354465476339,0.4703867884370725,-0.6051486581105614,1,1,0,0
3489,3489.0,34.89,-5.1999999999999975,-4.1243009260052945,-5.66499584882048,1.075699073994703,0.4649958488204824,-0.6107032251742206,1,1,0,0
3490,3490.0,34.9,-5.1999999999999975,-4.122720148656684,-5.65918979853756,1.077279851343314,0.4591897985375626,-0.6180900528057514,1,1,0,0
3491,3491.0,34.91,-5.1999999999999975,-4.125150854824217,-5.653845713291975,1.0748491451757802,0.45384571329197776,-0.6210034318838025,1,1,0,0
3492,3492.0,34.92,-5.1999999999999975,-4.127391885130517,-5.649673380798602,1.0726081148694808,0.44967338079860486,-0.622934734070876,1,1,0,0
3493,3493.0,34.93,-5.1999999999999975,-4.126242763353477,-5.645850608773166,1.0737572366465207,0.44585060877316884,-0.6279066278733518,1,1,0,0
3494,3494.0,34.94,-5.1999999999999975,-4.123793438850524,-5.640243034660392,1.0762065611494736,0.4402430346603943,-0.6359635264890793,1,1,0,0
3495,3495.0,34.95,-5.1999999999999975,-4.124766254544355,-5.63588593973526,1.0752337454556429,0.4358859397352628,-0.6393478057203801,1,1,0,0
3496,3496.0,34.96,-5.1999999999999975,-4.126800037384981,-5.631845483342243,1.0731999626150168,0.4318454833422454,-0.6413544792727714,1,1,0,0
3497,3497.0,34.97,-5.1999999999999975,-4.128740728324332,-5.628446388713782,1.0712592716756655,0.4284463887137848,-0.6428128829618807,1,1,0,0
3498,3498.0,34.98,-5.1999999999999975,-4.1275317498423645,-5.623403313779838,1.072468250157633,0.42340331377984075,-0.6490649363777923,1,1,0,0
3499,3499.0,34.99,-5.1999999999999975,-4.127171781527875,-5.617424359362667,1.0728282184721225,0.41742435936266986,-0.6554038591094526,1,1,0,0
3500,3500.0,35.0,-5.1999999999999975,-4.126118786425489,-5.6131682219501124,1.0738812135745084,0.41316822195011493,-0.6607129916243935,1,1,0,0
3501,3501.0,35.01,-5.1999999999999975,-4.126204927580494,-5.608467032439529,1.0737950724195038,0.40846703243953186,-0.6653280399799719,1,1,0,0
3502,3502.0,35.02,-5.1999999999999975,-4.1264820415240875,-5.604115629206264,1.07351795847591,0.40411562920626665,-0.6694023292696434,1,1,0,0
3503,3503.0,35.03,-5.1999999999999975,-4.126454011935135,-5.5993549824985696,1.0735459880648621,0.39935498249857204,-0.6741910055662901,1,1,0,0
3504,3504.0,35.04,-5.1999999999999975,-4.125449962917021,-5.5958726140417205,1.0745500370829761,0.395872614041723,-0.6786774230412531,1,1,0,0
3505,3505.0,35.05,-5.1999999999999975,-4.124580149510585,-5.592225723084192,1.0754198504894124,0.3922257230841941,-0.6831941274052182,1,1,0,0
3506,3506.0,35.06,-5.1999999999999975,-4.124104635954286,-5.588866026568752,1.0758953640457118,0.38886602656875446,-0.6870293374769574,1,1,0,0
3507,3507.0,35.07,-5.1999999999999975,-4.123750370788723,-5.585003453412325,1.0762496292112749,0.38500345341232745,-0.6912461757989474,1,1,0,0
3508,3508.0,35.08,-5.1999999999999975,-4.12490163741267,-5.581165218755199,1.0750983625873278,0.3811652187552017,-0.6939331438321261,1,1,0,0
3509,3509.0,35.09,-5.1999999999999975,-4.124539674392472,-5.576661391463421,1.0754603256075255,0.3766613914634238,-0.6987989341441017,1,1,0,0
3510,3510.0,35.1,-5.1999999999999975,-4.125268943062792,-5.571887280074868,1.074731056937206,0.37188728007487093,-0.702843776862335,1,1,0,0
3511,3511.0,35.11,-5.1999999999999975,-4.125434799040922,-5.5684064409611835,1.0745652009590758,0.368406440961186,-0.7061587599978898,1,1,0,0
3512,3512.0,35.12,-5.1999999999999975,-4.126120981522538,-5.565967975714791,1.0738790184774594,0.3659679757147938,-0.7079110427626656,1,1,0,0
3513,3513.0,35.13,-5.1999999999999975,-4.127237708134954,-5.562130909699221,1.0727622918650432,0.3621309096992231,-0.7106313821658201,1,1,0,0
3514,3514.0,35.14,-5.1999999999999975,-4.12813695686735,-5.557862373213072,1.0718630431326472,0.35786237321307457,-0.7140006699195727,1,1,0,0
3515,3515.0,35.15,-5.1999999999999975,-4.128477086765048,-5.554507503104083,1.0715229132349497,0.3545075031040854,-0.7170154101308643,1,1,0,0
3516,3516.0,35.16,-5.1999999999999975,-4.128888179459524,-5.551667471423387,1.071111820540474,0.35166747142338917,-0.7194443491170848,1,1,0,0
3517,3517.0,35.17,-5.1999999999999975,-4.129006744493757,-5.546897476489659,1.0709932555062407,0.3468974764896613,-0.7240957790165794,1,1,0,0
3518,3518.0,35.18,-5.1999999999999975,-4.12815564652687,-5.541021148659583,1.0718443534731277,0.34102114865958555,-0.7308232048135421,1,1,0,0
3519,3519.0,35.19,-5.1999999999999975,-4.127991736262441,-5.536165216023563,1.0720082637375565,0.3361652160235655,-0.735843047713991,1,1,0,0
3520,3520.0,35.2,-5.1999999999999975,-4.128841888300565,-5.532868073100922,1.0711581116994324,0.3328680731009248,-0.7382900385985076,1,1,0,0
3521,3521.0,35.21,-5.1999999999999975,-4.127959258303182,-5.527809329782845,1.0720407416968154,0.3278093297828475,-0.7442314119139679,1,1,0,0
3522,3522.0,35.22,-5.1999999999999975,-4.128085149763838,-5.522408654063265,1.0719148502361593,0.3224086540632678,-0.7495061961728915,1,1,0,0
3523,3523.0,35.23,-5.1999999999999975,-4.128579817652733,-5.518025716770156,1.0714201823472642,0.31802571677015834,-0.7533944655771059,1,1,0,0
3524,3524.0,35.24,-5.1999999999999975,-4.126617245394756,-5.513870747303413,1.073382754605242,0.31387074730341524,-0.7595120073018267,1,1,0,0
3525,3525.0,35.25,-5.1999999999999975,-4.1266090767752,-5.510565046776353,1.0733909232247978,0.31056504677635566,-0.7628258764484421,1,1,0,0
3526,3526.0,35.26,-5.1999999999999975,-4.12943681557901,-5.506426381550714,1.0705631844209877,0.30642638155071644,-0.7641368028702713,1,1,0,0
3527,3527.0,35.27,-5.1999999999999975,-4.131734249478114,-5.502926782108849,1.068265750521883,0.3029267821088517,-0.7653389684130314,1,1,0,0
3528,3528.0,35.28,-5.1999999999999975,-4.135660300208841,-5.498005861422144,1.064339699791157,0.2980058614221468,-0.7663338383690101,1,1,0,0
3529,3529.0,35.29,-5.1999999999999975,-4.134802961034837,-5.493349603522104,1.0651970389651604,0.29334960352210615,-0.7718474354430542,1,1,0,0
3530,3530.0,35.3,-5.1999999999999975,-4.13476014054258,-5.489014049278207,1.0652398594574173,0.28901404927820984,-0.7762258101792074,1,1,0,0
3531,3531.0,35.31,-5.1999999999999975,-4.133316254207678,-5.482528829813424,1.0666837457923197,0.2825288298134261,-0.7841549159788936,1,1,0,0
3532,3532.0,35.32,-5.1999999999999975,-4.1341770246696825,-5.4777196602092655,1.065822975330315,0.27771966020926797,-0.788103315121047,1,1,0,0
3533,3533.0,35.33,-5.1999999999999975,-4.133966097272449,-5.474874322185362,1.0660339027275487,0.27487432218536423,-0.7911595805421845,1,1,0,0
3534,3534.0,35.34,-5.1999999999999975,-4.136963983192358,-5.4709258031181465,1.0630360168076392,0.27092580311814896,-0.7921102136894902,1,1,0,0
3535,3535.0,35.35,-5.1999999999999975,-4.135692606059107,-5.466635714121004,1.064307393940891,0.26663571412100673,-0.7976716798198842,1,1,0,0
3536,3536.0,35.36,-5.1999999999999975,-4.134550620434376,-5.461584303813685,1.0654493795656217,0.26158430381368714,-0.8038650757519346,1,1,0,0
3537,3537.0,35.37,-5.1999999999999975,-4.133642033781836,-5.457691078812984,1.0663579662181615,0.2576910788129867,-0.8086668874051748,1,1,0,0
3538,3538.0,35.38,-5.1999999999999975,-4.133181022839562,-5.453498511984863,1.0668189771604357,0.2534985119848656,-0.8133204651755701,1,1,0,0
3539,3539.0,35.39,-5.1999999999999975,-4.133145314242631,-5.449920868900783,1.0668546857573666,0.24992086890078546,-0.8169338168565812,1,1,0,0
3540,3540.0,35.4,-5.1999999999999975,-4.1308830693052485,-5.445274417795157,1.069116930694749,0.24527441779515957,-0.8238425128995894,1,1,0,0
3541,3541.0,35.41,-5.1999999999999975,-4.131275253483167,-5.4414870899755625,1.0687247465168301,0.241487089975565,-0.8272376565412651,1,1,0,0
3542,3542.0,35.42,-5.1999999999999975,-4.130984780804404,-5.437634902352272,1.0690152191955935,0.23763490235227458,-0.8313803168433189,1,1,0,0
3543,3543.0,35.43,-5.1999999999999975,-4.132132922836964,-5.431466779567927,1.0678670771630339,0.2314667795679295,-0.8364002975951044,1,1,0,0
3544,3544.0,35.44,-5.1999999999999975,-4.130569829952647,-5.426693712970876,1.06943017004735,0.2266937129708788,-0.8427364570764713,1,1,0,0
3545,3545.0,35.45,-5.1999999999999975,-4.1284820602454335,-5.4218323288811145,1.071517939754564,0.22183232888111704,-0.849685610873447,1,1,0,0
3546,3546.0,35.46,-5.1999999999999975,-4.129090709956877,-5.417387245432159,1.0709092900431205,0.21738724543216126,-0.8535220446109593,1,1,0,0
3547,3547.0,35.47,-5.1999999999999975,-4.1285438763641205,-5.4136083459584725,1.071456123635877,0.213608345958475,-0.8578477776774021,1,1,0,0
3548,3548.0,35.48,-5.1999999999999975,-4.126619203310425,-5.41043782796582,1.0733807966895723,0.21043782796582278,-0.8629429687237495,1,1,0,0
3549,3549.0,35.49,-5.1999999999999975,-4.126858070150177,-5.407750556340842,1.0731419298498208,0.20775055634084438,-0.8653913735089764,1,1,0,0
3550,3550.0,35.5,-5.1999999999999975,-4.126343887214817,-5.404259910161888,1.073656112785181,0.20425991016189027,-0.8693962026232906,1,1,0,0
3551,3551.0,35.51,-5.1999999999999975,-4.122748772496078,-5.399669301941636,1.0772512275039192,0.1996693019416389,-0.8775819255622803,1,1,0,0
3552,3552.0,35.52,-5.1999999999999975,-4.11883980927116,-5.395831003444516,1.0811601907288377,0.19583100344451854,-0.8853291872843192,1,1,0,0
3553,3553.0,35.53,-5.1999999999999975,-4.117786924179662,-5.391882133502988,1.0822130758203352,0.19188213350299055,-0.8903309423173447,1,1,0,0
3554,3554.0,35.54,-5.1999999999999975,-4.116860926745388,-5.386033990158397,1.0831390732546096,0.18603399015839983,-0.8971050830962097,1,1,0,0
3555,3555.0,35.55,-5.1999999999999975,-4.115334123111818,-5.379826983541657,1.0846658768881792,0.17982698354165905,-0.9048388933465201,1,1,0,0
3556,3556.0,35.56,-5.1999999999999975,-4.1120128883309155,-5.374694655644251,1.087987111669082,0.17469465564425324,-0.9132924560248288,1,1,0,0
3557,3557.0,35.57,-5.1999999999999975,-4.112684589430792,-5.371065714351063,1.0873154105692056,0.17106571435106588,-0.9162496962181397,1,1,0,0
3558,3558.0,35.58,-5.1999999999999975,-4.1121150070995816,-5.364934201983673,1.087884992900416,0.1649342019836757,-0.9229507909167403,1,1,0,0
3559,3559.0,35.59,-5.1999999999999975,-4.112250893389592,-5.359056769962736,1.0877491066104055,0.15905676996273854,-0.9286923366476669,1,1,0,0
3560,3560.0,35.6,-5.1999999999999975,-4.11184622640105,-5.354108979787294,1.0881537735989477,0.15410897978729654,-0.9340447938116512,1,1,0,0
3561,3561.0,35.61,-5.1999999999999975,-4.114316737859419,-5.349666562181206,1.085683262140578,0.1496665621812081,-0.93601669995937,1,1,0,0
3562,3562.0,35.62,-5.1999999999999975,-4.113835929052238,-5.347272349980353,1.0861640709477598,0.14727234998035588,-0.9388917209674039,1,1,0,0
3563,3563.0,35.63,-5.1999999999999975,-4.112819891122573,-5.342847805956567,1.0871801088774244,0.14284780595656965,-0.9443323029208548,1,1,0,0
3564,3564.0,35.64,-5.1999999999999975,-4.111045263063179,-5.338757767303887,1.0889547369368184,0.13875776730388978,-0.9501969696329287,1,1,0,0
3565,3565.0,35.65,-5.1999999999999975,-4.1100267636523835,-5.3343052621464615,1.089973236347614,0.134305262146464,-0.95566797420115,1,1,0,0
3566,3566.0,35.66,-5.1999999999999975,-4.112319141664451,-5.330519137128974,1.0876808583355464,0.13051913712897623,-0.9571617212065702,1,1,0,0
3567,3567.0,35.67,-5.1999999999999975,-4.11356495856911,-5.325878803711897,1.0864350414308879,0.12587880371189986,-0.960556237718988,1,1,0,0
3568,3568.0,35.68,-5.1999999999999975,-4.1150585574202445,-5.318802911317005,1.084941442579753,0.11880291131700726,-0.9661385312627457,1,1,0,0
3569,3569.0,35.69,-5.1999999999999975,-4.114360755941412,-5.31380287329355,1.0856392440585854,0.11380287329355276,-0.9718363707650326,1,1,0,0
3570,3570.0,35.7,-5.1999999999999975,-4.114301558267282,-5.310332312152574,1.0856984417327151,0.11033231215257633,-0.9753661295801388,1,1,0,0
3571,3571.0,35.71,-5.1999999999999975,-4.115635852386211,-5.306122953629874,1.0843641476137869,0.10612295362987645,-0.9782411939839104,1,1,0,0
3572,3572.0,35.72,-5.1999999999999975,-4.116751254929327,-5.300279510905777,1.0832487450706703,0.10027951090577947,-0.9829692341648908,1,1,0,0
3573,3573.0,35.73,-5.1999999999999975,-4.116140673124122,-5.294782031584619,1.0838593268758752,0.0947820315846215,-0.9890772952912537,1,1,0,0
3574,3574.0,35.74,-5.1999999999999975,-4.114729930706555,-5.290313059309986,1.0852700692934425,0.09031305930998812,-0.9949570099834544,1,1,0,0
3575,3575.0,35.75,-5.1999999999999975,-4.113772276631193,-5.2839693718368235,1.086227723368805,0.08396937183682596,-1.002258351531979,1,1,0,0
3576,3576.0,35.76,-5.1999999999999975,-4.11575130568671,-5.279639660725849,1.0842486943132874,0.07963966072585116,-1.0046090335874363,1,1,0,0
3577,3577.0,35.77,-5.1999999999999975,-4.115520617658677,-5.273816738603631,1.0844793823413204,0.07381673860363325,-1.010662643737687,1,1,0,0
3578,3578.0,35.78,-5.1999999999999975,-4.1132294350149206,-5.269505843160096,1.086770564985077,0.06950584316009856,-1.0172647218249784,1,1,0,0
3579,3579.0,35.79,-5.1999999999999975,-4.113830371901179,-5.26562130001786,1.0861696280988182,0.06562130001786226,-1.020548328080956,1,1,0,0
3580,3580.0,35.8,-5.1999999999999975,-4.114401458114151,-5.259033289474106,1.0855985418858465,0.05903328947410813,-1.0265652524117383,1,1,0,0
3581,3581.0,35.81,-5.1999999999999975,-4.113596498158799,-5.2533738408574555,1.0864035018411986,0.053373840857458,-1.0330296609837406,1,1,0,0
3582,3582.0,35.82,-5.1999999999999975,-4.11147537248171,-5.247185529803121,1.0885246275182876,0.04718552980312385,-1.0413390977151638,1,1,0,0
3583,3583.0,35.83,-5.1999999999999975,-4.111316601801259,-5.242661828032668,1.0886833981987385,0.04266182803267071,-1.0460215701660678,1,1,0,0
3584,3584.0,35.84,-5.1999999999999975,-4.113164074247587,-5.2380584146792675,1.0868359257524105,0.03805841467926996,-1.0487775110731405,1,1,0,0
3585,3585.0,35.85,-5.1999999999999975,-4.112650975749732,-5.232293515986014,1.0873490242502655,0.03229351598601671,-1.0550555082642488,1,1,0,0
3586,3586.0,35.86,-5.1999999999999975,-4.115549280703592,-5.2264545089728704,1.084450719296406,0.026454508972872937,-1.057996210323533,1,1,0,0
3587,3587.0,35.87,-5.1999999999999975,-4.116411522804811,-5.220984609055166,1.0835884771951863,0.020984609055168413,-1.0626038681400178,1,1,0,0
3588,3588.0,35.88,-5.1999999999999975,-4.118385421739963,-5.2161232642827775,1.0816145782600346,0.016123264282779992,-1.0654913139772546,1,1,0,0
3589,3589.0,35.89,-5.1999999999999975,-4.116182812303791,-5.211695982525395,1.0838171876962068,0.011695982525397497,-1.0721212051708093,1,1,0,0
3590,3590.0,35.9,-5.1999999999999975,-4.1169923397497294,-5.207099205831844,1.083007660250268,0.0070992058318468665,-1.0759084544184212,1,1,0,0
3591,3591.0,35.91,-5.1999999999999975,-4.120319158869821,-5.200544249742592,1.0796808411301768,0.0005442497425942605,-1.0791365913875826,1,1,0,0
3592,3592.0,35.92,-5.1999999999999975,-4.1210701675335635,-5.1944069074600225,1.078929832466434,0.005593092539974975,-1.073336739926459,1,1,0,0
3593,3593.0,35.93,-5.1999999999999975,-4.1191399514420715,-5.189257505649459,1.080860048557926,0.010742494350538756,-1.0701175542073873,1,1,0,0
3594,3594.0,35.94,-5.1999999999999975,-4.119157807353307,-5.184453542144533,1.0808421926466902,0.015546457855464269,-1.065295734791226,1,1,0,0
3595,3595.0,35.95,-5.1999999999999975,-4.118399186040018,-5.179036571038315,1.0816008139599793,0.02096342896168224,-1.060637384998297,1,1,0,0
3596,3596.0,35.96,-5.1999999999999975,-4.119295923063386,-5.17369591653586,1.0807040769366116,0.026304083464137484,-1.0543999934724742,1,1,0,0
3597,3597.0,35.97,-5.1999999999999975,-4.12118232635761,-5.168819224740977,1.0788176736423871,0.03118077525902052,-1.0476368983833666,1,1,0,0
3598,3598.0,35.98,-5.1999999999999975,-4.124842857827143,-5.164189363082796,1.0751571421728547,0.03581063691720132,-1.0393465052556534,1,1,0,0
3599,3599.0,35.99,-5.1999999999999975,-4.125559509654871,-5.161483552351616,1.0744404903451263,0.03851644764838191,-1.0359240426967444,1,1,0,0
3600,3600.0,36.0,-5.1999999999999975,-4.124784608092329,-5.157176294151382,1.0752153919076681,0.04282370584861539,-1.0323916860590527,1,1,0,0
3601,3601.0,36.01,-5.1999999999999975,-4.126072881376664,-5.15333872529219,1.0739271186233337,0.0466612747078079,-1.0272658439155258,1,1,0,0
3602,3602.0,36.02,-5.1999999999999975,-4.127648520640772,-5.147960093057755,1.0723514793592255,0.05203990694224281,-1.0203115724169827,1,1,0,0
3603,3603.0,36.03,-5.1999999999999975,-4.125588695325341,-5.14297698825244,1.0744113046746566,0.05702301174755764,-1.017388292927099,1,1,0,0
3604,3604.0,36.04,-5.1999999999999975,-4.1259072386280815,-5.137735644027075,1.074092761371916,0.062264355972922125,-1.0118284053989939,1,1,0,0
3605,3605.0,36.05,-5.1999999999999975,-4.129197228176683,-5.131652212085515,1.0708027718233142,0.06834778791448226,-1.002454983908832,1,1,0,0
3606,3606.0,36.06,-5.1999999999999975,-4.129203811717277,-5.126264778024152,1.0707961882827206,0.07373522197584581,-0.9970609663068748,1,1,0,0
3607,3607.0,36.07,-5.1999999999999975,-4.1291966739832215,-5.119391116297288,1.070803326016776,0.08060888370270991,-0.9901944423140661,1,1,0,0
3608,3608.0,36.08,-5.1999999999999975,-4.129220295791773,-5.1145309427090675,1.070779704208224,0.08546905729093002,-0.9853106469172941,1,1,0,0
3609,3609.0,36.09,-5.1999999999999975,-4.129189450490047,-5.108698287755318,1.0708105495099502,0.09130171224467976,-0.9795088372652705,1,1,0,0
3610,3610.0,36.1,-5.1999999999999975,-4.127537127318236,-5.102198669769761,1.0724628726817613,0.09780133023023652,-0.9746615424515248,1,1,0,0
3611,3611.0,36.11,-5.1999999999999975,-4.129499704282495,-5.09728760582266,1.070500295717503,0.10271239417733735,-0.9677879015401656,1,1,0,0
3612,3612.0,36.12,-5.1999999999999975,-4.129238057443218,-5.092636976288316,1.0707619425567794,0.10736302371168183,-0.9633989188450975,1,1,0,0
3613,3613.0,36.13,-5.1999999999999975,-4.130124280608201,-5.088487054517725,1.0698757193917965,0.11151294548227231,-0.9583627739095242,1,1,0,0
3614,3614.0,36.14,-5.1999999999999975,-4.127481251191924,-5.082430196482967,1.0725187488080739,0.11756980351703028,-0.9549489452910436,1,1,0,0
3615,3615.0,36.15,-5.1999999999999975,-4.127666986007501,-5.077291191782237,1.0723330139924965,0.12270880821776053,-0.9496242057747359,1,1,0,0
3616,3616.0,36.16,-5.1999999999999975,-4.12658541652051,-5.072955938311521,1.0734145834794875,0.12704406168847626,-0.9463705217910112,1,1,0,0
3617,3617.0,36.17,-5.1999999999999975,-4.1271986375866305,-5.0662441708854535,1.072801362413367,0.13375582911454398,-0.939045533298823,1,1,0,0
3618,3618.0,36.18,-5.1999999999999975,-4.12567803738612,-5.0600115657721885,1.0743219626138778,0.13998843422780904,-0.9343335283860688,1,1,0,0
3619,3619.0,36.19,-5.1999999999999975,-4.127022427077921,-5.053190182931274,1.0729775729220767,0.1468098170687231,-0.9261677558533536,1,1,0,0
3620,3620.0,36.2,-5.1999999999999975,-4.127542218932898,-5.047604026340036,1.0724577810670999,0.15239597365996183,-0.920061807407138,1,1,0,0
3621,3621.0,36.21,-5.1999999999999975,-4.128616004761743,-5.042456191081964,1.0713839952382544,0.15754380891803343,-0.913840186320221,1,1,0,0
3622,3622.0,36.22,-5.1999999999999975,-4.12957533827267,-5.036897531961786,1.0704246617273272,0.16310246803821116,-0.907322193689116,1,1,0,0
3623,3623.0,36.23,-5.1999999999999975,-4.130680690785301,-5.030705518748606,1.0693193092146966,0.16929448125139146,-0.9000248279633052,1,1,0,0
3624,3624.0,36.24,-5.1999999999999975,-4.132286529074035,-5.0257404512748,1.0677134709259626,0.1742595487251979,-0.8934539222007647,1,1,0,0
3625,3625.0,36.25,-5.1999999999999975,-4.131933304654628,-5.021870707940645,1.0680666953453697,0.1781292920593529,-0.8899374032860168,1,1,0,0
3626,3626.0,36.26,-5.1999999999999975,-4.132744385716257,-5.016171345722654,1.0672556142837406,0.18382865427734352,-0.8834269600063971,1,1,0,0
3627,3627.0,36.27,-5.1999999999999975,-4.134300522115545,-5.010260452439194,1.0656994778844524,0.18973954756080325,-0.8759599303236492,1,1,0,0
3628,3628.0,36.28,-5.1999999999999975,-4.134444691600702,-5.003284988715511,1.0655553083992952,0.19671501128448643,-0.8688402971148088,1,1,0,0
3629,3629.0,36.29,-5.1999999999999975,-4.132467788211501,-4.997095884685576,1.0675322117884969,0.20290411531442132,-0.8646280964740756,1,1,0,0
3630,3630.0,36.3,-5.1999999999999975,-4.1334020185507026,-4.992425997893955,1.066597981449295,0.2075740021060426,-0.8590239793432524,1,1,0,0
3631,3631.0,36.31,-5.1999999999999975,-4.132699558294875,-4.987540205809043,1.0673004417051226,0.21245979419095473,-0.8548406475141679,1,1,0,0
3632,3632.0,36.32,-5.1999999999999975,-4.132294879719533,-4.982100656194595,1.0677051202804648,0.21789934380540288,-0.849805776475062,1,1,0,0
3633,3633.0,36.33,-5.1999999999999975,-4.132836443657678,-4.9767345425969465,1.0671635563423196,0.22326545740305104,-0.8438980989392686,1,1,0,0
3634,3634.0,36.34,-5.1999999999999975,-4.133001594825832,-4.970493524975112,1.0669984051741652,0.22950647502488586,-0.8374919301492794,1,1,0,0
3635,3635.0,36.35,-5.1999999999999975,-4.133332090642945,-4.965966625741851,1.0666679093570526,0.2340333742581464,-0.8326345350989062,1,1,0,0
3636,3636.0,36.36,-5.1999999999999975,-4.134493635955529,-4.962794378657668,1.0655063640444684,0.23720562134232992,-0.8283007427021385,1,1,0,0
3637,3637.0,36.37,-5.1999999999999975,-4.135411952615729,-4.957708324219019,1.0645880473842686,0.24229167578097854,-0.82229637160329,1,1,0,0
3638,3638.0,36.38,-5.1999999999999975,-4.135953063890041,-4.953789410302985,1.064046936109957,0.2462105896970126,-0.8178363464129443,1,1,0,0
3639,3639.0,36.39,-5.1999999999999975,-4.138102731871244,-4.948895589225449,1.061897268128753,0.25110441077454837,-0.8107928573542047,1,1,0,0
3640,3640.0,36.4,-5.1999999999999975,-4.138852408184705,-4.945342714551948,1.0611475918152928,0.2546572854480491,-0.8064903063672437,1,1,0,0
3641,3641.0,36.41,-5.1999999999999975,-4.138586642646896,-4.940100625724316,1.0614133573531017,0.25989937427568144,-0.8015139830774203,1,1,0,0
3642,3642.0,36.42,-5.1999999999999975,-4.137876839994099,-4.934061219248114,1.062123160005899,0.2659387807518838,-0.7961843792540151,1,1,0,0
3643,3643.0,36.43,-5.1999999999999975,-4.1371748141452045,-4.928935346503824,1.062825185854793,0.2710646534961736,-0.7917605323586194,1,1,0,0
3644,3644.0,36.44,-5.1999999999999975,-4.138882282454416,-4.923787039814091,1.0611177175455815,0.2762129601859069,-0.7849047573596746,1,1,0,0
3645,3645.0,36.45,-5.1999999999999975,-4.135912381931574,-4.919755000260946,1.0640876180684238,0.28024499973905126,-0.7838426183293725,1,1,0,0
3646,3646.0,36.46,-5.1999999999999975,-4.134956837969416,-4.9142052463349275,1.0650431620305811,0.28579475366507,-0.7792484083655111,1,1,0,0
3647,3647.0,36.47,-5.1999999999999975,-4.1355716646778236,-4.9094012460721475,1.064428335322174,0.29059875392785006,-0.7738295813943239,1,1,0,0
3648,3648.0,36.48,-5.1999999999999975,-4.13494300784393,-4.904836622361603,1.0650569921560677,0.29516337763839484,-0.7698936145176729,1,1,0,0
3649,3649.0,36.49,-5.1999999999999975,-4.131190237005772,-4.899925672416682,1.068809762994226,0.30007432758331554,-0.7687354354109104,1,1,0,0
3650,3650.0,36.5,-5.1999999999999975,-4.130310676410654,-4.894164603337309,1.0696893235893432,0.30583539666268855,-0.7638539269266547,1,1,0,0
3651,3651.0,36.51,-5.1999999999999975,-4.130658489889238,-4.887679199079364,1.0693415101107595,0.3123208009206335,-0.757020709190126,1,1,0,0
3652,3652.0,36.52,-5.1999999999999975,-4.128013389283002,-4.882656372622228,1.071986610716995,0.31734362737776944,-0.7546429833392256,1,1,0,0
3653,3653.0,36.53,-5.1999999999999975,-4.1262447459503635,-4.878189856305469,1.073755254049634,0.3218101436945284,-0.7519451103551056,1,1,0,0
3654,3654.0,36.54,-5.1999999999999975,-4.12360558564397,-4.8724496046339,1.0763944143560273,0.32755039536609765,-0.7488440189899297,1,1,0,0
3655,3655.0,36.55,-5.1999999999999975,-4.122315309783982,-4.866416005527252,1.0776846902160155,0.3335839944727459,-0.7441006957432696,1,1,0,0
3656,3656.0,36.56,-5.1999999999999975,-4.121230594036545,-4.860045656142781,1.0787694059634525,0.3399543438572161,-0.7388150621062364,1,1,0,0
3657,3657.0,36.57,-5.1999999999999975,-4.121061495324154,-4.855452474802137,1.0789385046758433,0.3445475251978607,-0.7343909794779826,1,1,0,0
3658,3658.0,36.58,-5.1999999999999975,-4.119729599879468,-4.850123752962992,1.0802704001205292,0.34987624703700515,-0.7303941530835241,1,1,0,0
3659,3659.0,36.59,-5.1999999999999975,-4.11941642191729,-4.844819224992301,1.0805835780827078,0.35518077500769607,-0.7254028030750117,1,1,0,0
3660,3660.0,36.6,-5.1999999999999975,-4.120492122056002,-4.838264228034674,1.0795078779439953,0.36173577196532314,-0.7177721059786721,1,1,0,0
3661,3661.0,36.61,-5.1999999999999975,-4.118154794954196,-4.8328798528330825,1.0818452050458012,0.367120147166915,-0.7147250578788862,1,1,0,0
3662,3662.0,36.62,-5.1999999999999975,-4.11875890100804,-4.828456006368511,1.0812410989919572,0.3715439936314864,-0.7096971053604708,1,1,0,0
3663,3663.0,36.63,-5.1999999999999975,-4.1164586599307755,-4.82230505373572,1.083541340069222,0.3776949462642776,-0.7058463938049444,1,1,0,0
3664,3664.0,36.64,-5.1999999999999975,-4.115786846248869,-4.816680208106398,1.0842131537511284,0.38331979189359977,-0.7008933618575286,1,1,0,0
3665,3665.0,36.65,-5.1999999999999975,-4.115545096960357,-4.811854409012796,1.0844549030396404,0.38814559098720114,-0.6963093120524393,1,1,0,0
3666,3666.0,36.66,-5.1999999999999975,-4.116153035703913,-4.806914366166326,1.0838469642960842,0.3930856338336719,-0.6907613304624123,1,1,0,0
3667,3667.0,36.67,-5.1999999999999975,-4.116249452194589,-4.800868775479844,1.0837505478054084,0.39913122452015326,-0.6846193232852551,1,1,0,0
3668,3668.0,36.68,-5.1999999999999975,-4.11535265645709,-4.795370941469073,1.0846473435429074,0.4046290585309249,-0.6800182850119825,1,1,0,0
3669,3669.0,36.69,-5.1999999999999975,-4.115014266980449,-4.789679985914182,1.0849857330195487,0.41032001408581564,-0.6746657189337331,1,1,0,0
3670,3670.0,36.7,-5.1999999999999975,-4.11562288724378,-4.784748532602312,1.0843771127562176,0.4152514673976855,-0.6691256453585321,1,1,0,0
3671,3671.0,36.71,-5.1999999999999975,-4.117519098441604,-4.778363425348024,1.0824809015583936,0.42163657465197346,-0.6608443269064201,1,1,0,0
3672,3672.0,36.72,-5.1999999999999975,-4.116697170408047,-4.77428864265929,1.0833028295919505,0.42571135734070786,-0.6575914722512426,1,1,0,0
3673,3673.0,36.73,-5.1999999999999975,-4.116289782533704,-4.770739181252686,1.0837102174662938,0.4292608187473119,-0.6544493987189819,1,1,0,0
3674,3674.0,36.74,-5.1999999999999975,-4.1184070904012,-4.765750466813132,1.0815929095987977,0.43424953318686565,-0.6473433764119321,1,1,0,0
3675,3675.0,36.75,-5.1999999999999975,-4.119124569160861,-4.761817170111942,1.0808754308391366,0.43818282988805546,-0.6426926009510812,1,1,0,0
3676,3676.0,36.76,-5.1999999999999975,-4.119893622408995,-4.757009110981739,1.0801063775910027,0.4429908890182581,-0.6371154885727446,1,1,0,0
3677,3677.0,36.77,-5.1999999999999975,-4.121933413913855,-4.753204699437429,1.078066586086143,0.44679530056256844,-0.6312712855235745,1,1,0,0
3678,3678.0,36.78,-5.1999999999999975,-4.12428751398238,-4.747801265608354,1.0757124860176175,0.4521987343916436,-0.6235137516259739,1,1,0,0
3679,3679.0,36.79,-5.1999999999999975,-4.125485293642402,-4.7413766548194465,1.0745147063575953,0.45862334518055103,-0.6158913611770442,1,1,0,0
3680,3680.0,36.8,-5.1999999999999975,-4.1235124905624865,-4.736907334969379,1.076487509437511,0.46309266503061863,-0.6133948444068924,1,1,0,0
3681,3681.0,36.81,-5.1999999999999975,-4.123735777449081,-4.731283772346771,1.0762642225509165,0.4687162276532266,-0.6075479948976898,1,1,0,0
3682,3682.0,36.82,-5.1999999999999975,-4.126291476734471,-4.727060143043506,1.0737085232655268,0.47293985695649177,-0.600768666309035,1,1,0,0
3683,3683.0,36.83,-5.1999999999999975,-4.124992238857663,-4.721371478029495,1.0750077611423343,0.4786285219705029,-0.5963792391718314,1,1,0,0
3684,3684.0,36.84,-5.1999999999999975,-4.123151137264209,-4.716070439094733,1.0768488627357886,0.4839295609052643,-0.5929193018305243,1,1,0,0
3685,3685.0,36.85,-5.1999999999999975,-4.121711885670688,-4.71175368042093,1.0782881143293093,0.4882463195790674,-0.5900417947502419,1,1,0,0
3686,3686.0,36.86,-5.1999999999999975,-4.12264303341302,-4.706747995566466,1.0773569665869775,0.4932520044335318,-0.5841049621534458,1,1,0,0
3687,3687.0,36.87,-5.1999999999999975,-4.122412894050123,-4.700184813758448,1.077587105949875,0.4998151862415492,-0.5777719197083258,1,1,0,0
3688,3688.0,36.88,-5.1999999999999975,-4.1208256692338745,-4.693711336241607,1.079174330766123,0.5062886637583901,-0.5728856670077329,1,1,0,0
3689,3689.0,36.89,-5.1999999999999975,-4.119564491479531,-4.688217015731393,1.0804355085204662,0.5117829842686046,-0.5686525242518616,1,1,0,0
3690,3690.0,36.9,-5.1999999999999975,-4.119091145212828,-4.682997585055983,1.08090885478717,0.5170024149440149,-0.563906439843155,1,1,0,0
3691,3691.0,36.91,-5.1999999999999975,-4.117806092010334,-4.67666035889081,1.0821939079896632,0.5233396411091871,-0.5588542668804761,1,1,0,0
3692,3692.0,36.92,-5.1999999999999975,-4.117583935910895,-4.670777550765267,1.0824160640891023,0.5292224492347302,-0.5531936148543721,1,1,0,0
3693,3693.0,36.93,-5.1999999999999975,-4.11700485298875,-4.663939463207448,1.082995147011247,0.53606053679255,-0.5469346102186972,1,1,0,0
3694,3694.0,36.94,-5.1999999999999975,-4.1143682516702365,-4.659053918135362,1.085631748329761,0.5409460818646359,-0.5446856664651252,1,1,0,0
3695,3695.0,36.95,-5.1999999999999975,-4.111119995170735,-4.652440336292302,1.0888800048292628,0.5475596637076956,-0.5413203411215672,1,1,0,0
3696,3696.0,36.96,-5.1999999999999975,-4.110271960439615,-4.645568749253927,1.0897280395603826,0.5544312507460702,-0.5352967888143123,1,1,0,0
3697,3697.0,36.97,-5.1999999999999975,-4.110152973440444,-4.639538847519951,1.0898470265595535,0.5604611524800465,-0.529385874079507,1,1,0,0
3698,3698.0,36.98,-5.1999999999999975,-4.1065496085649205,-4.633908942284855,1.093450391435077,0.5660910577151421,-0.5273593337199349,1,1,0,0
3699,3699.0,36.99,-5.1999999999999975,-4.10250857495721,-4.629081147441548,1.0974914250427874,0.5709188525584494,-0.526572572484338,1,1,0,0
3700,3700.0,37.0,-5.1999999999999975,-4.101784194290682,-4.623797030758285,1.0982158057093159,0.5762029692417121,-0.5220128364676038,1,1,0,0
3701,3701.0,37.01,-5.1999999999999975,-4.10188676076061,-4.617854665445815,1.098113239239387,0.5821453345541823,-0.5159679046852048,1,1,0,0
3702,3702.0,37.02,-5.1999999999999975,-4.097911838335904,-4.614004605048884,1.1020881616640938,0.5859953949511132,-0.5160927667129807,1,1,0,0
3703,3703.0,37.03,-5.1999999999999975,-4.09416845959696,-4.609208236896162,1.1058315404030372,0.5907917631038355,-0.5150397772992017,1,1,0,0
3704,3704.0,37.04,-5.1999999999999975,-4.093221382601178,-4.603274760454025,1.1067786173988194,0.5967252395459726,-0.5100533778528469,1,1,0,0
3705,3705.0,37.05,-5.1999999999999975,-4.091404951511997,-4.596458964688059,1.1085950484880005,0.6035410353119381,-0.5050540131760624,1,1,0,0
3706,3706.0,37.06,-5.1999999999999975,-4.08914509607009,-4.590700563870106,1.1108549039299076,0.6092994361298913,-0.5015554678000163,1,1,0,0
3707,3707.0,37.07,-5.1999999999999975,-4.090089780925268,-4.584900921680873,1.1099102190747292,0.6150990783191244,-0.49481114075560484,1,1,0,0
3708,3708.0,37.08,-5.1999999999999975,-4.089978609926296,-4.57826887634323,1.110021390073702,0.6217311236567671,-0.48829026641693485,1,1,0,0
3709,3709.0,37.09,-5.1999999999999975,-4.088235084618018,-4.573037822696323,1.111764915381979,0.6269621773036747,-0.48480273807830443,1,1,0,0
3710,3710.0,37.1,-5.1999999999999975,-4.0887998090706645,-4.565530627260311,1.111200190929333,0.6344693727396864,-0.4767308181896466,1,1,0,0
3711,3711.0,37.11,-5.1999999999999975,-4.087063615056803,-4.559356636874131,1.1129363849431941,0.6406433631258661,-0.472293021817328,1,1,0,0
3712,3712.0,37.12,-5.1999999999999975,-4.086538651897552,-4.554537261834157,1.1134613481024456,0.6454627381658407,-0.4679986099366049,1,1,0,0
3713,3713.0,37.13,-5.1999999999999975,-4.084283333955071,-4.549401427500608,1.1157166660449267,0.6505985724993897,-0.465118093545537,1,1,0,0
3714,3714.0,37.14,-5.1999999999999975,-4.084931344564088,-4.545595102400189,1.11506865543591,0.6544048975998082,-0.4606637578361017,1,1,0,0
3715,3715.0,37.15,-5.1999999999999975,-4.086096989988265,-4.539952587799179,1.1139030100117324,0.6600474122008189,-0.45385559781091356,1,1,0,0
3716,3716.0,37.16,-5.1999999999999975,-4.090075894316319,-4.533715205429244,1.1099241056836782,0.6662847945707533,-0.4436393111129249,1,1,0,0
3717,3717.0,37.17,-5.1999999999999975,-4.090610624149039,-4.529010588806433,1.1093893758509585,0.6709894111935641,-0.4383999646573944,1,1,0,0
3718,3718.0,37.18,-5.1999999999999975,-4.0894252255537795,-4.523547670124932,1.110574774446218,0.6764523298750653,-0.4341224445711527,1,1,0,0
3719,3719.0,37.19,-5.1999999999999975,-4.088399687055851,-4.518647767590858,1.1116003129441463,0.6813522324091394,-0.43024808053500685,1,1,0,0
3720,3720.0,37.2,-5.1999999999999975,-4.088419943694826,-4.512155807368137,1.1115800563051712,0.6878441926318608,-0.4237358636733104,1,1,0,0
3721,3721.0,37.21,-5.1999999999999975,-4.088085038043052,-4.506904892997838,1.1119149619569457,0.6930951070021596,-0.41881985495478613,1,1,0,0
3722,3722.0,37.22,-5.1999999999999975,-4.09025155877202,-4.501832941066284,1.1097484412279774,0.6981670589337137,-0.4115813822942638,1,1,0,0
3723,3723.0,37.23,-5.1999999999999975,-4.088071543147671,-4.495734564305764,1.1119284568523264,0.7042654356942339,-0.4076630211580925,1,1,0,0
3724,3724.0,37.24,-5.1999999999999975,-4.084950541953447,-4.48892504485311,1.1150494580465509,0.7110749551468878,-0.4039745028996631,1,1,0,0
3725,3725.0,37.25,-5.1999999999999975,-4.080628185865482,-4.482796403875502,1.1193718141345155,0.7172035961244951,-0.40216821801002034,1,1,0,0
3726,3726.0,37.26,-5.1999999999999975,-4.079081837573574,-4.477984834003602,1.120918162426424,0.7220151659963951,-0.3989029964300288,1,1,0,0
3727,3727.0,37.27,-5.1999999999999975,-4.077874759439082,-4.472793371368185,1.1221252405609157,0.7272066286318122,-0.3949186119291035,1,1,0,0
3728,3728.0,37.28,-5.1999999999999975,-4.074100213613432,-4.465677546954408,1.1258997863865652,0.7343224530455892,-0.391577333340976,1,1,0,0
3729,3729.0,37.29,-5.1999999999999975,-4.069511416003406,-4.458622032845602,1.1304885839965912,0.7413779671543956,-0.3891106168421956,1,1,0,0
3730,3730.0,37.3,-5.1999999999999975,-4.06820095011454,-4.452473689195853,1.1317990498854575,0.7475263108041448,-0.38427273908131276,1,1,0,0
3731,3731.0,37.31,-5.1999999999999975,-4.06759766797224,-4.44702180826937,1.1324023320277572,0.7529781917306275,-0.3794241402971297,1,1,0,0
3732,3732.0,37.32,-5.1999999999999975,-4.064891681982111,-4.440496744612666,1.1351083180178865,0.7595032553873313,-0.37560506263055515,1,1,0,0
3733,3733.0,37.33,-5.1999999999999975,-4.063155388467115,-4.433662788278759,1.136844611532882,0.7663372117212388,-0.37050739981164327,1,1,0,0
3734,3734.0,37.34,-5.1999999999999975,-4.061812675503638,-4.426998001545117,1.1381873244963598,0.7730019984548804,-0.36518532604147946,1,1,0,0
3735,3735.0,37.35,-5.1999999999999975,-4.060300135401938,-4.421099747114758,1.1396998645980592,0.7789002528852391,-0.36079961171282005,1,1,0,0
3736,3736.0,37.36,-5.1999999999999975,-4.057421807919471,-4.416178880889944,1.142578192080527,0.7838211191100539,-0.358757072970473,1,1,0,0
3737,3737.0,37.37,-5.1999999999999975,-4.056234332336103,-4.410744779783661,1.143765667663894,0.7892552202163365,-0.35451044744755755,1,1,0,0
3738,3738.0,37.38,-5.1999999999999975,-4.053148252965306,-4.405324684381936,1.1468517470346917,0.7946753156180613,-0.35217643141663046,1,1,0,0
3739,3739.0,37.39,-5.1999999999999975,-4.051239090489731,-4.4011317308748445,1.1487609095102664,0.798868269125153,-0.3498926403851135,1,1,0,0
3740,3740.0,37.4,-5.1999999999999975,-4.049482000136421,-4.396182280604031,1.1505179998635766,0.8038177193959664,-0.34670028046761026,1,1,0,0
3741,3741.0,37.41,-5.1999999999999975,-4.049061080090337,-4.390630170146232,1.1509389199096605,0.8093698298537655,-0.341569090055895,1,1,0,0
3742,3742.0,37.42,-5.1999999999999975,-4.049043003810773,-4.384088577018091,1.1509569961892243,0.8159114229819062,-0.3350455732073181,1,1,0,0
3743,3743.0,37.43,-5.1999999999999975,-4.0490525835239195,-4.378716562041853,1.150947416476078,0.8212834379581446,-0.3296639785179334,1,1,0,0
3744,3744.0,37.44,-5.1999999999999975,-4.044316662911448,-4.372795767289257,1.1556833370885498,0.8272042327107405,-0.32847910437780925,1,1,0,0
3745,3745.0,37.45,-5.1999999999999975,-4.044092413970949,-4.3675764433700195,1.1559075860290484,0.832423556629978,-0.3234840293990704,1,1,0,0
3746,3746.0,37.46,-5.1999999999999975,-4.044833980113837,-4.360520879506796,1.1551660198861606,0.839479120493202,-0.3156868993929587,1,1,0,0
3747,3747.0,37.47,-5.1999999999999975,-4.043299108249122,-4.354875506928932,1.1567008917508756,0.8451244930710651,-0.3115763986798106,1,1,0,0
3748,3748.0,37.48,-5.1999999999999975,-4.040420926840531,-4.348029592650044,1.1595790731594668,0.8519704073499534,-0.3076086658095134,1,1,0,0
3749,3749.0,37.49,-5.1999999999999975,-4.039630432117966,-4.342180222450338,1.1603695678820314,0.8578197775496594,-0.30254979033237195,1,1,0,0
3750,3750.0,37.5,-5.1999999999999975,-4.0406601382823,-4.336814151826857,1.1593398617176973,0.8631858481731403,-0.29615401354455706,1,1,0,0
3751,3751.0,37.51,-5.1999999999999975,-4.040697509820985,-4.332084440888415,1.1593024901790123,0.8679155591115828,-0.2913869310674295,1,1,0,0
3752,3752.0,37.52,-5.1999999999999975,-4.040310107703827,-4.3256996217653825,1.1596898922961705,0.874300378234615,-0.28538951406155544,1,1,0,0
3753,3753.0,37.53,-5.1999999999999975,-4.039123979759793,-4.319902208358487,1.1608760202402042,0.8800977916415107,-0.2807782285986935,1,1,0,0
3754,3754.0,37.54,-5.1999999999999975,-4.0389162289563645,-4.314232305532242,1.161083771043633,0.8857676944677557,-0.2753160765758773,1,1,0,0
3755,3755.0,37.55,-5.1999999999999975,-4.035506877446195,-4.307313223897123,1.1644931225538029,0.8926867761028747,-0.27180634645092816,1,1,0,0
3756,3756.0,37.56,-5.1999999999999975,-4.036677368089238,-4.302568048317818,1.1633226319107592,0.8974319516821794,-0.26589068022857987,1,1,0,0
3757,3757.0,37.57,-5.1999999999999975,-4.036956754210175,-4.295694727757786,1.1630432457898223,0.9043052722422118,-0.2587379735476105,1,1,0,0
3758,3758.0,37.58,-5.1999999999999975,-4.037067293186697,-4.290959052618108,1.1629327068133009,0.9090409473818895,-0.2538917594314114,1,1,0,0
3759,3759.0,37.59,-5.1999999999999975,-4.033725612992255,-4.287436628130893,1.1662743870077428,0.9125633718691049,-0.2537110151386379,1,1,0,0
3760,3760.0,37.6,-5.1999999999999975,-4.033442756229763,-4.28155544800674,1.1665572437702343,0.9184445519932574,-0.24811269177697692,1,1,0,0
3761,3761.0,37.61,-5.1999999999999975,-4.035060160046496,-4.274891693394405,1.1649398399535018,0.9251083066055923,-0.23983153334790952,1,1,0,0
3762,3762.0,37.62,-5.1999999999999975,-4.034171382446918,-4.268051860007164,1.1658286175530792,0.9319481399928335,-0.23388047756024566,1,1,0,0
3763,3763.0,37.63,-5.1999999999999975,-4.032867698371636,-4.2625158675469965,1.167132301628362,0.937484132453001,-0.2296481691753609,1,1,0,0
3764,3764.0,37.64,-5.1999999999999975,-4.031641403833883,-4.2549315326477135,1.1683585961661143,0.945068467352284,-0.22329012881383026,1,1,0,0
3765,3765.0,37.65,-5.1999999999999975,-4.032401877001775,-4.247792849146189,1.1675981229982222,0.9522071508538081,-0.21539097214441405,1,1,0,0
3766,3766.0,37.66,-5.1999999999999975,-4.031157504575217,-4.2409788262682415,1.168842495424781,0.959021173731756,-0.20982132169302492,1,1,0,0
3767,3767.0,37.67,-5.1999999999999975,-4.031639710245251,-4.234757572652867,1.1683602897547463,0.965242427347131,-0.2031178624076153,1,1,0,0
3768,3768.0,37.68,-5.1999999999999975,-4.030935933618459,-4.229081477330767,1.1690640663815381,0.9709185226692307,-0.19814554371230741,1,1,0,0
3769,3769.0,37.69,-5.1999999999999975,-4.029043010395902,-4.2223363981746305,1.1709569896040959,0.977663601825367,-0.19329338777872884,1,1,0,0
3770,3770.0,37.7,-5.1999999999999975,-4.029115987070276,-4.215348181663148,1.1708840129297213,0.9846518183368493,-0.186232194592872,1,1,0,0
3771,3771.0,37.71,-5.1999999999999975,-4.028359867587415,-4.208306076750946,1.1716401324125822,0.9916939232490511,-0.1799462091635311,1,1,0,0
3772,3772.0,37.72,-5.1999999999999975,-4.028896488659841,-4.201891811694511,1.1711035113401564,0.9981081883054861,-0.17299532303467036,1,1,0,0
3773,3773.0,37.73,-5.1999999999999975,-4.026383732434762,-4.194900699363696,1.1736162675652357,1.0050993006363012,-0.1685169669289346,1,1,0,0
3774,3774.0,37.74,-5.1999999999999975,-4.025746981789014,-4.187601566006587,1.1742530182109832,1.0123984339934102,-0.16185458421757293,1,1,0,0
3775,3775.0,37.75,-5.1999999999999975,-4.027441509860254,-4.181101952843645,1.1725584901397434,1.0188980471563527,-0.15366044298339077,1,1,0,0
3776,3776.0,37.76,-5.1999999999999975,-4.025227675595696,-4.174694545786157,1.1747723244043016,1.0253054542138402,-0.14946687019046134,1,1,0,0
3777,3777.0,37.77,-5.1999999999999975,-4.024835849348592,-4.168914937788523,1.1751641506514057,1.0310850622114742,-0.14407908843993145,1,1,0,0
3778,3778.0,37.78,-5.1999999999999975,-4.025103341112715,-4.162063065973829,1.174896658887283,1.0379369340261686,-0.1369597248611143,1,1,0,0
3779,3779.0,37.79,-5.1999999999999975,-4.025539871651929,-4.155212979992982,1.174460128348069,1.044787020007016,-0.12967310834105295,1,1,0,0
3780,3780.0,37.8,-5.1999999999999975,-4.025543778686588,-4.149307086379006,1.1744562213134095,1.050692913620992,-0.12376330769241761,1,1,0,0
3781,3781.0,37.81,-5.1999999999999975,-4.025747149933494,-4.142960490308961,1.1742528500665035,1.0570395096910365,-0.11721334037546693,1,1,0,0
3782,3782.0,37.82,-5.1999999999999975,-4.025420349702674,-4.137540981214936,1.1745796502973231,1.062459018785061,-0.11212063151226204,1,1,0,0
3783,3783.0,37.83,-5.1999999999999975,-4.023497482200135,-4.130321057532096,1.1765025177998627,1.0696789424679016,-0.10682357533196107,1,1,0,0
3784,3784.0,37.84,-5.1999999999999975,-4.021825849937995,-4.123696994944242,1.1781741500620022,1.0763030050557552,-0.10187114500624705,1,1,0,0
3785,3785.0,37.85,-5.1999999999999975,-4.022045420872323,-4.117683974652668,1.1779545791276744,1.0823160253473292,-0.09563855378034525,1,0,0,1
3786,3786.0,37.86,-5.1999999999999975,-4.023310942272131,-4.110236758686611,1.1766890577278666,1.0897632413133866,-0.08692581641447994,1,0,0,1
3787,3787.0,37.87,-5.1999999999999975,-4.02275425545862,-4.103037704449158,1.177245744541377,1.0969622955508394,-0.08028344899053774,1,0,0,1
3788,3788.0,37.88,-5.1999999999999975,-4.022756970251949,-4.094373583708203,1.1772430297480483,1.1056264162917948,-0.07161661345625348,1,0,0,1
3789,3789.0,37.89,-5.1999999999999975,-4.023428047154139,-4.0868580216421275,1.1765719528458582,1.11314197835787,-0.06342997448798826,1,0,0,1
3790,3790.0,37.9,-5.1999999999999975,-4.023884496029192,-4.080966442439183,1.1761155039708058,1.1190335575608144,-0.057081946409991424,1,0,0,1
3791,3791.0,37.91,-5.1999999999999975,-4.021110551161089,-4.075485554213715,1.1788894488389081,1.1245144457862821,-0.05437500305262599,1,0,0,1
3792,3792.0,37.92,-5.1999999999999975,-4.022290722336348,-4.068893626659127,1.1777092776636495,1.1311063733408702,-0.04660290432277936,1,0,0,1
3793,3793.0,37.93,-5.1999999999999975,-4.021938334017555,-4.061077337549149,1.178061665982442,1.1389226624508488,-0.039139003531593275,1,0,0,1
3794,3794.0,37.94,-5.1999999999999975,-4.0196670410140545,-4.05314972390224,1.180332958985943,1.1468502760977577,-0.033482682888185344,1,0,0,1
3795,3795.0,37.95,-5.1999999999999975,-4.018928596657239,-4.0478228137211865,1.1810714033427585,1.152177186278811,-0.028894217063947458,1,0,0,1
3796,3796.0,37.96,-5.1999999999999975,-4.017169683981873,-4.042156982149911,1.1828303160181246,1.1578430178500865,-0.02498729816803813,1,0,0,1
3797,3797.0,37.97,-5.1999999999999975,-4.015234237432043,-4.035745149043514,1.1847657625679542,1.1642548509564836,-0.02051091161147056,1,0,0,1
3798,3798.0,37.98,-5.1999999999999975,-4.014995443794605,-4.028491963564897,1.1850045562053921,1.1715080364351005,-0.013496519770291648,1,0,0,1
3799,3799.0,37.99,-5.1999999999999975,-4.015090439628435,-4.022076317934639,1.1849095603715627,1.1779236820653587,-0.0069858783062040075,1,0,0,1
3800,3800.0,38.0,-5.1999999999999975,-4.016817085972783,-4.0157372688963,1.1831829140272143,1.184262731103698,0.0010798170764836357,1,0,0,1
3801,3801.0,38.01,-5.1999999999999975,-4.015841321974039,-4.007099762228361,1.184158678025958,1.192900237771637,0.008741559745678806,1,0,0,1
3802,3802.0,38.02,-5.1999999999999975,-4.015996928788915,-4.000076535627275,1.184003071211083,1.1999234643727226,0.015920393161639623,1,0,0,1
3803,3803.0,38.03,-5.1999999999999975,-4.0155210665014565,-3.9931185715104673,1.184478933498541,1.2068814284895302,0.02240249499098912,1,0,0,1
3804,3804.0,38.04,-5.1999999999999975,-4.0148475518561675,-3.9865301259365333,1.18515244814383,1.2134698740634642,0.028317425919634154,1,0,0,1
3805,3805.0,38.05,-5.1999999999999975,-4.011448361207743,-3.9815814596569354,1.1885516387922541,1.218418540343062,0.029866901550807956,1,0,0,1
3806,3806.0,38.06,-5.1999999999999975,-4.012514224192034,-3.975470375333652,1.1874857758079633,1.2245296246663453,0.03704384885838197,1,0,0,1
3807,3807.0,38.07,-5.1999999999999975,-4.012409772433616,-3.968654863557168,1.1875902275663819,1.2313451364428296,0.04375490887644773,1,0,0,1
3808,3808.0,38.08,-5.1999999999999975,-4.012032866116851,-3.9627823710052854,1.1879671338831468,1.237217628994712,0.04925049511156532,1,0,0,1
3809,3809.0,38.09,-5.1999999999999975,-4.009944858586664,-3.9569504087066196,1.1900551414133336,1.2430495912933779,0.052994449880044314,1,0,0,1
3810,3810.0,38.1,-5.1999999999999975,-4.010695982280651,-3.949922038742572,1.1893040177193468,1.2500779612574253,0.06077394353807852,1,0,0,1
3811,3811.0,38.11,-5.1999999999999975,-4.00777538991476,-3.942722278088511,1.1922246100852378,1.2572777219114863,0.06505311182624851,1,0,0,1
3812,3812.0,38.12,-5.1999999999999975,-4.008428743718185,-3.935944394132746,1.1915712562818124,1.2640556058672514,0.07248434958543903,1,0,0,1
3813,3813.0,38.13,-5.1999999999999975,-4.005382785707366,-3.9282409746600897,1.1946172142926317,1.2717590253399078,0.07714181104727613,1,0,0,1
3814,3814.0,38.14,-5.1999999999999975,-4.005871344315677,-3.9221869481838834,1.1941286556843203,1.2778130518161142,0.0836843961317939,1,0,0,1
3815,3815.0,38.15,-5.1999999999999975,-4.005591004448543,-3.9158611446486287,1.1944089955514547,1.2841388553513688,0.0897298597999141,1,0,0,1
3816,3816.0,38.16,-5.1999999999999975,-4.0064382889849535,-3.9075220165184037,1.193561711015044,1.2924779834815938,0.09891627246654977,1,0,0,1
3817,3817.0,38.17,-5.1999999999999975,-4.006959352133216,-3.9011830756162347,1.1930406478667814,1.2988169243837628,0.1057762765169814,1,0,1,0
3818,3818.0,38.18,-5.1999999999999975,-4.006934914347657,-3.8936560146031796,1.1930650856523402,1.306343985396818,0.1132788997444778,1,0,1,0
3819,3819.0,38.19,-5.1999999999999975,-4.005480918609438,-3.88774725886349,1.1945190813905597,1.3122527411365077,0.11773365974594796,1,0,1,0
3820,3820.0,38.2,-5.1999999999999975,-4.005287437656607,-3.8804183111412693,1.1947125623433905,1.3195816888587282,0.12486912651533766,1,0,1,0
3821,3821.0,38.21,-5.1999999999999975,-4.004510681092646,-3.873842073858146,1.1954893189073514,1.3261579261418515,0.13066860723450002,1,0,1,0
3822,3822.0,38.22,-5.1999999999999975,-4.005858837474991,-3.867963234062729,1.194141162525007,1.3320367659372687,0.1378956034122618,1,0,1,0
3823,3823.0,38.23,-5.1999999999999975,-4.005517264105291,-3.860869779863366,1.1944827358947068,1.3391302201366315,0.14464748424192475,1,0,1,0
3824,3824.0,38.24,-5.1999999999999975,-4.005687185834605,-3.853259134250773,1.194312814165393,1.3467408657492244,0.15242805158383144,1,0,1,0
3825,3825.0,38.25,-5.1999999999999975,-4.005348395506054,-3.8442907166273455,1.1946516044939433,1.355709283372652,0.1610576788787088,1,0,1,0
3826,3826.0,38.26,-5.1999999999999975,-4.005287324391697,-3.8377377498000778,1.1947126756083009,1.3622622501999198,0.1675495745916189,1,0,1,0
3827,3827.0,38.27,-5.1999999999999975,-4.003987497417682,-3.8311454799094005,1.1960125025823158,1.368854520090597,0.1728420175082812,1,0,1,0
3828,3828.0,38.28,-5.1999999999999975,-4.002707016656062,-3.8234870715656695,1.1972929833439352,1.376512928434328,0.17921994509039285,1,0,1,0
3829,3829.0,38.29,-5.1999999999999975,-4.004245112314542,-3.814774993325593,1.1957548876854558,1.3852250066744043,0.1894701189889485,1,0,1,0
3830,3830.0,38.3,-5.1999999999999975,-4.005456019155211,-3.8065306952030076,1.1945439808447862,1.39346930479699,0.19892532395220375,1,0,1,0
3831,3831.0,38.31,-5.1999999999999975,-4.004153449440997,-3.7985900268020605,1.1958465505590006,1.401409973197937,0.20556342263893645,1,0,1,0
3832,3832.0,38.32,-5.1999999999999975,-4.00430291905199,-3.7934239482816796,1.1956970809480074,1.406576051718318,0.21087897077031048,1,0,1,0
3833,3833.0,38.33,-5.1999999999999975,-4.004525714892348,-3.786543184865477,1.1954742851076494,1.4134568151345204,0.21798253002687096,1,0,1,0
3834,3834.0,38.34,-5.1999999999999975,-4.004804558102101,-3.779333586381746,1.195195441897897,1.4206664136182514,0.22547097172035446,1,0,1,0
3835,3835.0,38.35,-5.1999999999999975,-4.005440923133621,-3.771741739304171,1.1945590768663763,1.4282582606958267,0.23369918382945043,1,0,1,0
3836,3836.0,38.36,-5.1999999999999975,-4.004202184884177,-3.7649729282955655,1.1957978151158208,1.435027071704432,0.23922925658861116,1,0,1,0
3837,3837.0,38.37,-5.1999999999999975,-4.006496827364885,-3.759749455063828,1.1935031726351122,1.4402505449361693,0.24674737230105714,1,0,1,0
3838,3838.0,38.38,-5.1999999999999975,-4.005893799343572,-3.7531747870535046,1.1941062006564254,1.446825212946493,0.25271901229006755,1,0,1,0
3839,3839.0,38.39,-5.1999999999999975,-4.0055868051888375,-3.7465740036414257,1.19441319481116,1.4534259963585718,0.2590128015474118,1,0,1,0
3840,3840.0,38.4,-5.1999999999999975,-4.005061605031829,-3.7395461088499276,1.194938394968169,1.46045389115007,0.26551549618190107,1,0,1,0
3841,3841.0,38.41,-5.1999999999999975,-4.005738783982104,-3.7331025290819273,1.1942612160178934,1.4668974709180702,0.27263625490017684,1,0,1,0
3842,3842.0,38.42,-5.1999999999999975,-4.003848936587378,-3.727997322463034,1.1961510634126196,1.4720026775369637,0.2758516141243441,1,0,1,0
3843,3843.0,38.43,-5.1999999999999975,-4.003490869905108,-3.7215213211924456,1.1965091300948894,1.478478678807552,0.28196954871266255,1,0,1,0
3844,3844.0,38.44,-5.1999999999999975,-4.005010372458652,-3.714452064539358,1.1949896275413456,1.4855479354606396,0.29055830791929393,1,0,1,0
3845,3845.0,38.45,-5.1999999999999975,-4.004155055453523,-3.7076542385079008,1.195844944546475,1.4923457614920967,0.2965008169456218,1,0,1,0
3846,3846.0,38.46,-5.1999999999999975,-4.003666208604371,-3.702696183691876,1.1963337913956265,1.4973038163081216,0.30097002491249514,1,0,1,0
3847,3847.0,38.47,-5.1999999999999975,-4.005267318999815,-3.695229795469109,1.1947326810001826,1.5047702045308884,0.3100375235307058,1,0,1,0
3848,3848.0,38.48,-5.1999999999999975,-4.005371741235466,-3.6879167874705354,1.1946282587645314,1.512083212529462,0.3174549537649307,1,0,1,0
3849,3849.0,38.49,-5.1999999999999975,-4.002240848644554,-3.6811314812706373,1.1977591513554433,1.5188685187293602,0.32110936737391693,1,0,1,0
3850,3850.0,38.5,-5.1999999999999975,-4.002303320735557,-3.673623582454774,1.1976966792644408,1.5263764175452237,0.3286797382807829,1,0,1,0
3851,3851.0,38.51,-5.1999999999999975,-4.00281300024117,-3.6667674516649376,1.1971869997588271,1.53323254833506,0.3360455485762328,1,0,1,0
3852,3852.0,38.52,-5.1999999999999975,-4.003133597178815,-3.660692984210688,1.1968664028211826,1.5393070157893094,0.3424406129681268,1,0,1,0
3853,3853.0,38.53,-5.1999999999999975,-3.9998429379918115,-3.654674395255162,1.200157062008186,1.5453256047448356,0.34516854273664954,1,0,1,0
3854,3854.0,38.54,-5.1999999999999975,-4.000540992298578,-3.6482448374779475,1.199459007701419,1.55175516252205,0.3522961548206309,1,0,1,0
3855,3855.0,38.55,-5.1999999999999975,-4.0014767231284445,-3.640417096705346,1.198523276871553,1.5595829032946513,0.3610596264230983,1,0,1,0
3856,3856.0,38.56,-5.1999999999999975,-4.001626693186445,-3.6334716694230558,1.1983733068135525,1.5665283305769417,0.36815502376338927,1,0,1,0
3857,3857.0,38.57,-5.1999999999999975,-3.9983816831389665,-3.626678114472206,1.201618316861031,1.5733218855277915,0.37170356866676046,1,0,1,0
3858,3858.0,38.58,-5.1999999999999975,-3.999167387635618,-3.6200917188248947,1.2008326123643793,1.5799082811751028,0.3790756688107235,1,0,1,0
3859,3859.0,38.59,-5.1999999999999975,-3.9991676266404528,-3.6139593785327806,1.2008323733595447,1.586040621467217,0.3852082481076722,1,0,1,0
3860,3860.0,38.6,-5.1999999999999975,-3.999231725712409,-3.6064945903814603,1.2007682742875887,1.5935054096185373,0.39273713533094856,1,0,1,0
3861,3861.0,38.61,-5.1999999999999975,-3.9993035341576677,-3.598267337138176,1.2006964658423298,1.6017326628618216,0.4010361970194918,1,0,1,0
3862,3862.0,38.62,-5.1999999999999975,-4.000834163403231,-3.5893837832838456,1.1991658365967668,1.610616216716152,0.4114503801193852,1,0,1,0
3863,3863.0,38.63,-5.1999999999999975,-3.9995292098405506,-3.5823596791585794,1.200470790159447,1.617640320841418,0.41716953068197116,1,0,1,0
3864,3864.0,38.64,-5.1999999999999975,-4.001183544627366,-3.575886725951773,1.198816455372632,1.6241132740482245,0.42529681867559255,1,0,1,0
3865,3865.0,38.65,-5.1999999999999975,-4.001653525334915,-3.5676132025712874,1.1983464746650823,1.63238679742871,0.4340403227636278,1,0,1,0
3866,3866.0,38.66,-5.1999999999999975,-4.002381305071518,-3.5608949601021025,1.1976186949284795,1.639105039897895,0.4414863449694155,1,0,1,0
3867,3867.0,38.67,-5.1999999999999975,-4.005562763424304,-3.5571200661395324,1.194437236575694,1.6428799338604652,0.44844269728477126,1,0,1,0
3868,3868.0,38.68,-5.1999999999999975,-4.00585652937205,-3.5522322770697152,1.1941434706279477,1.6477677229302823,0.4536242523023346,1,0,1,0
3869,3869.0,38.69,-5.1999999999999975,-4.0078799834574,-3.547720987721793,1.1921200165425976,1.6522790122782047,0.46015899573560715,1,0,1,0
3870,3870.0,38.7,-5.1999999999999975,-4.00853241443218,-3.541250209813644,1.1914675855678176,1.6587497901863535,0.46728220461853587,1,0,1,0
3871,3871.0,38.71,-5.1999999999999975,-4.0084212640440064,-3.53516829367629,1.191578735955991,1.6648317063237075,0.4732529703677164,1,0,1,0
3872,3872.0,38.72,-5.1999999999999975,-4.008439314042569,-3.5274514257166545,1.1915606859574286,1.672548574283343,0.48098788832591444,1,0,1,0
3873,3873.0,38.73,-5.1999999999999975,-4.010436875656371,-3.5200242661653793,1.1895631243436267,1.6799757338346182,0.4904126094909915,1,0,1,0
3874,3874.0,38.74,-5.1999999999999975,-4.0094422447192475,-3.513521780704036,1.19055775528075,1.6864782192959615,0.4959204640152115,1,0,1,0
3875,3875.0,38.75,-5.1999999999999975,-4.007976977449392,-3.505442621243179,1.1920230225506057,1.6945573787568184,0.5025343562062128,1,0,1,0
3876,3876.0,38.76,-5.1999999999999975,-4.008051552216365,-3.4972072284568467,1.1919484477836324,1.7027927715431508,0.5108443237595184,1,0,1,0
3877,3877.0,38.77,-5.1999999999999975,-4.007949248569918,-3.490080200204122,1.192050751430079,1.7099197997958755,0.5178690483657964,1,0,1,0
3878,3878.0,38.78,-5.1999999999999975,-4.006764203651438,-3.4839547050798103,1.1932357963485591,1.7160452949201872,0.5228094985716281,1,0,1,0
3879,3879.0,38.79,-5.1999999999999975,-4.004745655554485,-3.479183014612792,1.1952543444455124,1.7208169853872057,0.5255626409416934,1,0,1,0
3880,3880.0,38.8,-5.1999999999999975,-4.003115568024978,-3.473080348031664,1.1968844319750191,1.7269196519683336,0.5300352199933145,1,0,1,0
3881,3881.0,38.81,-5.1999999999999975,-4.002796498777652,-3.46746959568634,1.1972035012223454,1.7325304043136573,0.5353269030913119,1,0,1,0
3882,3882.0,38.82,-5.1999999999999975,-4.001386409165197,-3.4602682513598935,1.1986135908348006,1.739731748640104,0.5411181578053035,1,0,1,0
3883,3883.0,38.83,-5.1999999999999975,-3.9985226761854173,-3.455129854158923,1.2014773238145802,1.7448701458410745,0.5433928220264943,1,0,1,0
3884,3884.0,38.84,-5.1999999999999975,-3.997229327805397,-3.4474008230972792,1.2027706721946005,1.7525991769027183,0.5498285047081177,1,0,1,0
3885,3885.0,38.85,-5.1999999999999975,-3.995771211053356,-3.438699153233925,1.2042287889466414,1.7613008467660727,0.5570720578194313,1,0,1,0
3886,3886.0,38.86,-5.1999999999999975,-3.995174864483326,-3.4311933156536853,1.2048251355166717,1.7688066843463122,0.5639815488296405,1,0,1,0
3887,3887.0,38.87,-5.1999999999999975,-3.993914185160713,-3.4251028402873422,1.2060858148392843,1.7748971597126553,0.5688113448733709,1,0,1,0
3888,3888.0,38.88,-5.1999999999999975,-3.9918217264109,-3.4194022011853034,1.2081782735890974,1.7805977988146942,0.5724195252255968,1,0,1,0
3889,3889.0,38.89,-5.1999999999999975,-3.9910776058168658,-3.4122152993737305,1.2089223941831317,1.787784700626267,0.5788623064431353,1,0,1,0
3890,3890.0,38.9,-5.1999999999999975,-3.989397985240003,-3.406290610199717,1.2106020147599943,1.7937093898002807,0.5831073750402864,1,0,1,0
3891,3891.0,38.91,-5.1999999999999975,-3.9896098255471757,-3.4001598166831677,1.2103901744528218,1.7998401833168298,0.589450008864008,1,0,1,0
3892,3892.0,38.92,-5.1999999999999975,-3.9879669907147086,-3.391467748367333,1.212033009285289,1.8085322516326645,0.5964992423473756,1,0,1,0
3893,3893.0,38.93,-5.1999999999999975,-3.986272342953909,-3.3834887317058078,1.2137276570460886,1.8165112682941897,0.6027836112481011,1,0,1,0
3894,3894.0,38.94,-5.1999999999999975,-3.986649084766698,-3.3747261658865138,1.2133509152332995,1.8252738341134838,0.6119229188801842,1,0,1,0
3895,3895.0,38.95,-5.1999999999999975,-3.98575102501823,-3.366834083654184,1.2142489749817673,1.8331659163458136,0.6189169413640463,1,0,1,0
3896,3896.0,38.96,-5.1999999999999975,-3.9856708906409257,-3.3598675458240943,1.2143291093590718,1.8401324541759032,0.6258033448168314,1,0,1,0
3897,3897.0,38.97,-5.1999999999999975,-3.984089625523793,-3.351761795904235,1.2159103744762043,1.8482382040957623,0.632327829619558,1,0,1,0
3898,3898.0,38.98,-5.1999999999999975,-3.9839408160300978,-3.3439200335173673,1.2160591839698998,1.8560799664826302,0.6400207825127304,1,0,1,0
3899,3899.0,38.99,-5.1999999999999975,-3.9843461826429203,-3.33527036175944,1.2156538173570772,1.8647296382405574,0.6490758208834801,1,0,1,0
3900,3900.0,39.0,-5.1999999999999975,-3.985940916700348,-3.3286616195431162,1.2140590832996496,1.8713383804568813,0.6572792971572317,1,0,1,0
3901,3901.0,39.01,-5.1999999999999975,-3.984502857692036,-3.322186848397759,1.2154971423079615,1.8778131516022385,0.662316009294277,1,0,1,0
3902,3902.0,39.02,-5.1999999999999975,-3.9849382357458856,-3.3130541621983003,1.215061764254112,1.8869458378016972,0.6718840735475853,1,0,1,0
3903,3903.0,39.03,-5.1999999999999975,-3.9876755267556425,-3.3064124764709946,1.212324473244355,1.893587523529003,0.681263050284648,1,0,1,0
3904,3904.0,39.04,-5.1999999999999975,-3.9879012881186577,-3.3006542325076587,1.2120987118813398,1.8993457674923389,0.6872470556109991,1,0,1,0
3905,3905.0,39.05,-5.1999999999999975,-3.9857897910353604,-3.2941052378841293,1.2142102089646372,1.9058947621158682,0.691684553151231,1,0,1,0
3906,3906.0,39.06,-5.1999999999999975,-3.9856780696358434,-3.2847085441264214,1.2143219303641541,1.915291455873576,0.7009695255094219,1,0,1,0
3907,3907.0,39.07,-5.1999999999999975,-3.9845431103257614,-3.277735107167164,1.2154568896742362,1.9222648928328336,0.7068080031585975,1,0,1,0
3908,3908.0,39.08,-5.1999999999999975,-3.9827935123313023,-3.271680437580721,1.2172064876686952,1.9283195624192766,0.7111130747505814,1,0,1,0
3909,3909.0,39.09,-5.1999999999999975,-3.9820127202871807,-3.26482450722553,1.2179872797128168,1.9351754927744675,0.7171882130616507,1,0,1,0
3910,3910.0,39.1,-5.1999999999999975,-3.981235839594749,-3.2589563302630076,1.2187641604052484,1.94104366973699,0.7222795093317416,1,0,1,0
3911,3911.0,39.11,-5.1999999999999975,-3.982125936455903,-3.253412222138719,1.2178740635440946,1.9465877778612786,0.728713714317184,1,0,1,0
3912,3912.0,39.12,-5.1999999999999975,-3.982617030622377,-3.2460083923334118,1.2173829693776206,1.9539916076665858,0.7366086382889652,1,0,1,0
3913,3913.0,39.13,-5.1999999999999975,-3.98292337356501,-3.2387386234174658,1.2170766264349875,1.9612613765825317,0.7441847501475443,1,0,1,0
3914,3914.0,39.14,-5.1999999999999975,-3.9810194807737935,-3.2310004741423834,1.218980519226204,1.968999525857614,0.7500190066314101,1,0,1,0
3915,3915.0,39.15,-5.1999999999999975,-3.9815452755799727,-3.2244952535412006,1.2184547244200248,1.975504746458797,0.7570500220387721,1,0,1,0
3916,3916.0,39.16,-5.1999999999999975,-3.9818735223666435,-3.216128966896068,1.218126477633354,1.9838710331039295,0.7657445554705755,1,0,1,0
3917,3917.0,39.17,-5.1999999999999975,-3.982022284841307,-3.2096277441733556,1.2179777151586904,1.990372255826642,0.7723945406679515,1,0,1,0
3918,3918.0,39.18,-5.1999999999999975,-3.981352161584224,-3.203986849805373,1.2186478384157735,1.9960131501946243,0.7773653117788508,1,0,1,0
3919,3919.0,39.19,-5.1999999999999975,-3.9808219579385717,-3.1980805261989245,1.2191780420614258,2.001919473801073,0.7827414317396473,1,0,1,0
3920,3920.0,39.2,-5.1999999999999975,-3.979406226104646,-3.193493780555807,1.2205937738953514,2.0065062194441907,0.7859124455488393,1,0,1,0
3921,3921.0,39.21,-5.1999999999999975,-3.9794300724519487,-3.186320512537332,1.2205699275480488,2.0136794874626656,0.7931095599146167,1,0,1,0
3922,3922.0,39.22,-5.1999999999999975,-3.97739811639571,-3.1783245139896747,1.2226018836042876,2.0216754860103228,0.7990736024060352,1,0,1,0
3923,3923.0,39.23,-5.1999999999999975,-3.976737953446706,-3.1704782556429634,1.2232620465532915,2.029521744357034,0.8062596978037426,1,0,1,0
3924,3924.0,39.24,-5.1999999999999975,-3.975016611257599,-3.162796640576276,1.2249833887423986,2.0372033594237213,0.8122199706813227,1,0,1,0
3925,3925.0,39.25,-5.1999999999999975,-3.9728925125754424,-3.1561366641748445,1.227107487424555,2.043863335825153,0.8167558484005979,1,0,1,0
3926,3926.0,39.26,-5.1999999999999975,-3.972947695758375,-3.147924539949411,1.2270523042416226,2.0520754600505864,0.8250231558089638,1,0,1,0
3927,3927.0,39.27,-5.1999999999999975,-3.971240328398667,-3.1423437257867652,1.2287596716013307,2.0576562742132323,0.8288966026119016,1,0,1,0
3928,3928.0,39.28,-5.1999999999999975,-3.970103207177652,-3.137779246210504,1.2298967928223457,2.0622207537894934,0.8323239609671478,1,0,1,0
3929,3929.0,39.29,-5.1999999999999975,-3.968235018220231,-3.130908247454775,1.2317649817797665,2.0690917525452224,0.8373267707654559,1,0,1,0
3930,3930.0,39.3,-5.1999999999999975,-3.9679776840697447,-3.124015433503663,1.2320223159302528,2.0759845664963343,0.8439622505660815,1,0,1,0
3931,3931.0,39.31,-5.1999999999999975,-3.968431320502295,-3.1159276035607797,1.2315686794977023,2.084072396439218,0.8525037169415155,1,0,1,0
3932,3932.0,39.32,-5.1999999999999975,-3.968205702029557,-3.108119299564925,1.2317942979704406,2.0918807004350723,0.8600864024646317,1,0,1,0
3933,3933.0,39.33,-5.1999999999999975,-3.9663948396225877,-3.1003226193940114,1.2336051603774099,2.099677380605986,0.8660722202285762,1,0,1,0
3934,3934.0,39.34,-5.1999999999999975,-3.965056981860483,-3.089817347932842,1.2349430181395147,2.1101826520671554,0.8752396339276407,1,0,1,0
3935,3935.0,39.35,-5.1999999999999975,-3.963771507063973,-3.08063606652756,1.2362284929360245,2.1193639334724375,0.8831354405364129,1,0,1,0
3936,3936.0,39.36,-5.1999999999999975,-3.965096256228188,-3.072972231454352,1.2349037437718096,2.1270277685456453,0.8921240247738358,1,0,1,0
3937,3937.0,39.37,-5.1999999999999975,-3.963872735078044,-3.0669319254387544,1.2361272649219535,2.133068074561243,0.8969408096392897,1,0,1,0
3938,3938.0,39.38,-5.1999999999999975,-3.9632165623352553,-3.060382352004786,1.2367834376647422,2.1396176479952116,0.9028342103304694,1,0,1,0
3939,3939.0,39.39,-5.1999999999999975,-3.962331152907009,-3.052908836886297,1.2376688470929884,2.1470911631137004,0.909422316020712,1,0,1,0
3940,3940.0,39.4,-5.1999999999999975,-3.9625259476472694,-3.047643767912028,1.2374740523527281,2.1523562320879694,0.9148821797352413,1,0,1,0
3941,3941.0,39.41,-5.1999999999999975,-3.9636410647327227,-3.0410325084390806,1.2363589352672748,2.158967491560917,0.9226085562936421,1,0,1,0
3942,3942.0,39.42,-5.1999999999999975,-3.9637664625131697,-3.0337092748709416,1.2362335374868278,2.166290725129056,0.9300571876422281,1,0,1,0
3943,3943.0,39.43,-5.1999999999999975,-3.9635561103718184,-3.0239571077209604,1.236443889628179,2.176042892279037,0.939599002650858,1,0,1,0
3944,3944.0,39.44,-5.1999999999999975,-3.964173970424905,-3.0167444778049055,1.2358260295750925,2.183255522195092,0.9474294926199995,1,0,1,0
3945,3945.0,39.45,-5.1999999999999975,-3.96524382977677,-3.009366809460164,1.2347561702232275,2.1906331905398333,0.9558770203166058,1,0,1,0
3946,3946.0,39.46,-5.1999999999999975,-3.968417742815075,-3.0020796293145344,1.2315822571849226,2.197920370685463,0.9663381135005404,1,0,1,0
3947,3947.0,39.47,-5.1999999999999975,-3.9699112775348713,-2.9958248686620124,1.2300887224651262,2.204175131337985,0.9740864088728589,1,0,1,0
3948,3948.0,39.48,-5.1999999999999975,-3.9705747698429428,-2.9882092218716476,1.2294252301570547,2.21179077812835,0.9823655479712952,1,0,1,0
3949,3949.0,39.49,-5.1999999999999975,-3.9714889100145556,-2.981834552022015,1.228511089985442,2.2181654479779827,0.9896543579925408,1,0,1,0
3950,3950.0,39.5,-5.1999999999999975,-3.972307022531296,-2.975505426141533,1.2276929774687013,2.2244945738584647,0.9968015963897634,1,0,1,0
3951,3951.0,39.51,-5.1999999999999975,-3.9744684451200425,-2.96748263468089,1.225531554879955,2.2325173653191075,1.0069858104391525,1,0,1,0
3952,3952.0,39.52,-5.1999999999999975,-3.976027458496929,-2.962162885679336,1.2239725415030684,2.2378371143206617,1.0138645728175932,1,0,1,0
3953,3953.0,39.53,-5.1999999999999975,-3.976608721299584,-2.955350890974065,1.2233912787004133,2.2446491090259326,1.0212578303255193,1,0,1,0
3954,3954.0,39.54,-5.1999999999999975,-3.9780472329913934,-2.948517452575578,1.2219527670086041,2.2514825474244193,1.0295297804158152,1,0,1,0
3955,3955.0,39.55,-5.1999999999999975,-3.978365541703016,-2.9418458687809363,1.2216344582969816,2.258154131219061,1.0365196729220796,1,0,1,0
3956,3956.0,39.56,-5.1999999999999975,-3.979854709378565,-2.934899702514527,1.2201452906214327,2.2651002974854704,1.0449550068640376,1,0,1,0
3957,3957.0,39.57,-5.1999999999999975,-3.98216615145517,-2.929107017766645,1.2178338485448275,2.2708929822333523,1.0530591336885249,1,0,1,0
3958,3958.0,39.58,-5.1999999999999975,-3.983763127536282,-2.9208280569748353,1.2162368724637154,2.2791719430251622,1.0629350705614469,1,0,1,0
3959,3959.0,39.59,-5.1999999999999975,-3.985546377990959,-2.912683866967736,1.2144536220090387,2.2873161330322613,1.0728625110232226,1,0,1,0
3960,3960.0,39.6,-5.1999999999999975,-3.9870004802830286,-2.9054678389535726,1.212999519716969,2.294532161046425,1.081532641329456,1,0,1,0
3961,3961.0,39.61,-5.1999999999999975,-3.9892775061485657,-2.898574412381124,1.2107224938514318,2.3014255876188736,1.0907030937674418,1,0,1,0
3962,3962.0,39.62,-5.1999999999999975,-3.991536574853834,-2.891711602535295,1.2084634251461637,2.3082883974647026,1.099824972318539,1,0,1,0
3963,3963.0,39.63,-5.1999999999999975,-3.992830452979844,-2.8847059591472934,1.2071695470201536,2.315294040852704,1.1081244938325505,1,0,1,0
3964,3964.0,39.64,-5.1999999999999975,-3.994379403378744,-2.878130467055806,1.2056205966212534,2.3218695329441914,1.116248936322938,1,0,1,0
3965,3965.0,39.65,-5.1999999999999975,-3.9968276186838665,-2.8737301779412654,1.203172381316131,2.326269822058732,1.123097440742601,1,0,1,0
3966,3966.0,39.66,-5.1999999999999975,-3.999504052567864,-2.8665376385063275,1.2004959474321337,2.33346236149367,1.1329664140615363,1,0,1,0
3967,3967.0,39.67,-5.1999999999999975,-4.0021312201758565,-2.858933426657689,1.197868779824141,2.3410665733423084,1.1431977935181674,1,0,1,0
3968,3968.0,39.68,-5.1999999999999975,-4.005091397394983,-2.851040897569731,1.1949086026050146,2.3489591024302667,1.154050499825252,1,0,1,0
3969,3969.0,39.69,-5.1999999999999975,-4.0077972280460274,-2.844132827252567,1.19220277195397,2.3558671727474305,1.1636644007934605,1,0,1,0
3970,3970.0,39.7,-5.1999999999999975,-4.010038061622145,-2.837385704145907,1.1899619383778521,2.3626142958540903,1.1726523574762382,1,0,1,0
3971,3971.0,39.71,-5.1999999999999975,-4.013469396549172,-2.8298958892868407,1.1865306034508256,2.370104110713157,1.1835735072623312,1,0,1,0
3972,3972.0,39.72,-5.1999999999999975,-4.017219808119293,-2.821616127967292,1.1827801918807044,2.3783838720327055,1.1956036801520011,1,0,1,0
3973,3973.0,39.73,-5.1999999999999975,-4.020122085164728,-2.81570063921367,1.1798779148352692,2.3842993607863274,1.2044214459510583,1,0,1,0
3974,3974.0,39.74,-5.1999999999999975,-4.023229148029895,-2.8097504635847543,1.1767708519701028,2.390249536415243,1.2134786844451404,1,0,1,0
3975,3975.0,39.75,-5.1999999999999975,-4.027303737169683,-2.8026486765246013,1.1726962628303141,2.3973513234753963,1.2246550606450821,1,0,1,0
3976,3976.0,39.76,-5.1999999999999975,-4.0320144304581005,-2.795623788949171,1.167985569541897,2.4043762110508267,1.2363906415089296,1,0,1,0
3977,3977.0,39.77,-5.1999999999999975,-4.036787573248054,-2.7902915472069694,1.1632124267519437,2.409708452793028,1.2464960260410844,1,0,1,0
3978,3978.0,39.78,-5.1999999999999975,-4.04126923105073,-2.7838097905694563,1.1587307689492672,2.416190209430541,1.257459440481274,1,0,1,0
3979,3979.0,39.79,-5.1999999999999975,-4.045112466274683,-2.778305983103774,1.1548875337253142,2.4216940168962235,1.2668064831709094,1,0,1,0
3980,3980.0,39.8,-5.1999999999999975,-4.04979946482631,-2.7704047732244907,1.1502005351736875,2.4295952267755068,1.2793946916018193,1,0,1,0
3981,3981.0,39.81,-5.1999999999999975,-4.053826117831174,-2.764460904635864,1.1461738821688234,2.4355390953641334,1.28936521319531,1,0,1,0
3982,3982.0,39.82,-5.1999999999999975,-4.0577224656873385,-2.758300982347187,1.142277534312659,2.4416990176528106,1.2994214833401516,1,0,1,0
3983,3983.0,39.83,-5.1999999999999975,-4.061742096314663,-2.7520130477698057,1.1382579036853349,2.447986952230192,1.309729048544857,1,0,1,0
3984,3984.0,39.84,-5.1999999999999975,-4.065730603441307,-2.7453082632899326,1.1342693965586905,2.454691736710065,1.3204223401513744,1,0,1,0
3985,3985.0,39.85,-5.1999999999999975,-4.068901247157074,-2.737990325926266,1.1310987528429237,2.4620096740737316,1.330910921230808,1,0,1,0
3986,3986.0,39.86,-5.1999999999999975,-4.072812245320521,-2.7323134804295157,1.1271877546794764,2.467686519570482,1.3404987648910054,1,0,1,0
3987,3987.0,39.87,-5.1999999999999975,-4.076094540068268,-2.725568934797333,1.1239054599317297,2.4744310652026646,1.350525605270935,1,0,1,0
3988,3988.0,39.88,-5.1999999999999975,-4.0794036197484775,-2.720080207419061,1.12059638025152,2.4799197925809366,1.3593234123294167,1,0,1,0
3989,3989.0,39.89,-5.1999999999999975,-4.083327903164036,-2.713437652691234,1.1166720968359618,2.4865623473087637,1.3698902504728019,1,0,1,0
3990,3990.0,39.9,-5.1999999999999975,-4.087167142519265,-2.7056837120369437,1.1128328574807327,2.494316287963054,1.3814834304823211,1,0,1,0
3991,3991.0,39.91,-5.1999999999999975,-4.090650198847562,-2.698738185489275,1.1093498011524359,2.5012618145107224,1.3919120133582865,1,0,1,0
3992,3992.0,39.92,-5.1999999999999975,-4.094509546227154,-2.6926789855053372,1.1054904537728438,2.5073210144946603,1.4018305607218164,1,0,1,0
3993,3993.0,39.93,-5.1999999999999975,-4.0980326213540925,-2.6865621520546106,1.101967378645905,2.513437847945387,1.411470469299482,1,0,1,0
3994,3994.0,39.94,-5.1999999999999975,-4.1013640112309115,-2.680544577185623,1.098635988769086,2.5194554228143744,1.4208194340452884,1,0,1,0
3995,3995.0,39.95,-5.1999999999999975,-4.105094954529146,-2.673169247483814,1.0949050454708518,2.5268307525161835,1.4319257070453317,1,0,1,0
3996,3996.0,39.96,-5.1999999999999975,-4.1082403621154375,-2.667660711130049,1.09175963788456,2.5323392888699483,1.4405796509853883,1,0,1,0
3997,3997.0,39.97,-5.1999999999999975,-4.111959612353977,-2.6625168093562714,1.0880403876460205,2.537483190643726,1.4494428029977056,1,0,1,0
3998,3998.0,39.98,-5.1999999999999975,-4.115305784203888,-2.6569526336818403,1.0846942157961097,2.543047366318157,1.4583531505220475,1,0,1,0
3999,3999.0,39.99,-5.1999999999999975,-4.118344603797812,-2.6515938061007844,1.0816553962021853,2.548406193899213,1.4667507976970278,1,0,1,0
4000,4000.0,40.0,-5.1999999999999975,-4.121573449165029,-2.645940391884719,1.0784265508349682,2.5540596081152787,1.4756330572803105,1,0,1,0
4001,4001.0,40.01,-5.1999999999999975,-4.1249069409687635,-2.6403338567301926,1.075093059031234,2.559666143269805,1.484573084238571,1,0,1,0
4002,4002.0,40.02,-5.1999999999999975,-4.127897135317576,-2.636336222876077,1.0721028646824218,2.5636637771239204,1.4915609124414986,1,0,1,0
4003,4003.0,40.03,-5.1999999999999975,-4.130095073803565,-2.6309409449654484,1.0699049261964326,2.569059055034549,1.4991541288381165,1,0,1,0
4004,4004.0,40.04,-5.1999999999999975,-4.133412299052024,-2.6246366837861395,1.0665877009479736,2.575363316213858,1.5087756152658844,1,0,1,0
4005,4005.0,40.05,-5.1999999999999975,-4.137562053620477,-2.618016511982265,1.0624379463795206,2.5819834880177326,1.519545541638212,1,0,1,0
4006,4006.0,40.06,-5.1999999999999975,-4.141328367822775,-2.6120674619305246,1.058671632177223,2.587932538069473,1.52926090589225,1,0,1,0
4007,4007.0,40.07,-5.1999999999999975,-4.14538587741217,-2.604976845016055,1.0546141225878278,2.5950231549839424,1.5404090323961146,1,0,1,0
4008,4008.0,40.08,-5.1999999999999975,-4.1491145205033195,-2.598724063074086,1.050885479496678,2.6012759369259113,1.5503904574292333,1,0,1,0
4009,4009.0,40.09,-5.1999999999999975,-4.153662517764954,-2.592307479800596,1.0463374822350433,2.6076925201994015,1.5613550379643582,1,0,1,0
4010,4010.0,40.1,-5.1999999999999975,-4.158585722775671,-2.5870210860419416,1.0414142772243267,2.612978913958056,1.5715646367337293,1,0,1,0
4011,4011.0,40.11,-5.1999999999999975,-4.163203100407858,-2.581966869467235,1.0367968995921393,2.6180331305327624,1.5812362309406232,1,0,1,0
4012,4012.0,40.12,-5.1999999999999975,-4.168075654490563,-2.5765952278718984,1.0319243455094345,2.623404772128099,1.5914804266186646,1,0,1,0
4013,4013.0,40.13,-5.1999999999999975,-4.173198747637024,-2.57194199930726,1.026801252362974,2.6280580006927377,1.6012567483297637,1,0,1,0
4014,4014.0,40.14,-5.1999999999999975,-4.178864151508851,-2.5677694387788277,1.0211358484911468,2.63223056122117,1.611094712730023,1,0,1,0
4015,4015.0,40.15,-5.1999999999999975,-4.1843914995986085,-2.5621841187349497,1.015608500401389,2.637815881265048,1.6222073808636588,1,0,1,0
4016,4016.0,40.16,-5.1999999999999975,-4.190250056216299,-2.5561334208427535,1.0097499437836985,2.643866579157244,1.6341166353735455,1,0,1,0
4017,4017.0,40.17,-5.1999999999999975,-4.196364305500918,-2.550955112387949,1.0036356944990796,2.6490448876120487,1.645409193112969,1,0,1,0
4018,4018.0,40.18,-5.1999999999999975,-4.202754366619842,-2.5461696703794705,0.9972456333801558,2.653830329620527,1.6565846962403712,1,0,1,0
4019,4019.0,40.19,-5.1999999999999975,-4.210007620685769,-2.5413003724420764,0.9899923793142289,2.658699627557921,1.6687072482436922,1,0,1,0
4020,4020.0,40.2,-5.1999999999999975,-4.216797495343561,-2.536638540000872,0.9832025046564361,2.6633614599991255,1.6801589553426894,1,0,1,0
4021,4021.0,40.21,-5.1999999999999975,-4.22341334392006,-2.530636301932072,0.9765866560799372,2.6693636980679254,1.6927770419879882,1,0,1,0
4022,4022.0,40.22,-5.1999999999999975,-4.23048822116658,-2.5250239243378236,0.9695117788334171,2.674976075662174,1.7054642968287568,1,0,1,0
4023,4023.0,40.23,-5.1999999999999975,-4.237756200090314,-2.5205292252258618,0.9622437999096833,2.6794707747741358,1.7172269748644524,1,0,1,0
4024,4024.0,40.24,-5.1999999999999975,-4.24603262972237,-2.514060695896201,0.9539673702776277,2.6859393041037967,1.731971933826169,1,0,1,0
4025,4025.0,40.25,-5.1999999999999975,-4.254571775448181,-2.5098596282043246,0.9454282245518169,2.690140371795673,1.744712147243856,1,0,1,0
4026,4026.0,40.26,-5.1999999999999975,-4.262703308962137,-2.504974545693545,0.9372966910378606,2.6950254543064527,1.757728763268592,1,0,1,0
4027,4027.0,40.27,-5.1999999999999975,-4.271469176289008,-2.500929441820718,0.9285308237109895,2.6990705581792795,1.77053973446829,1,0,1,0
4028,4028.0,40.28,-5.1999999999999975,-4.281336282094313,-2.4965290376998945,0.9186637179056847,2.703470962300103,1.7848072443944183,1,0,1,0
4029,4029.0,40.29,-5.1999999999999975,-4.291472586826377,-2.490816320776685,0.908527413173621,2.7091836792233126,1.8006562660496916,1,0,1,0
4030,4030.0,40.3,-5.1999999999999975,-4.3018172300626425,-2.4859999203232497,0.898182769937355,2.714000079676748,1.8158173097393928,1,0,1,0
4031,4031.0,40.31,-5.1999999999999975,-4.3124653794514956,-2.48248376113107,0.887534620548502,2.7175162388689276,1.8299816183204256,1,0,1,0
4032,4032.0,40.32,-5.1999999999999975,-4.32330005456765,-2.476952412158944,0.8766999454323479,2.7230475878410534,1.8463476424087055,1,0,1,0
4033,4033.0,40.33,-5.1999999999999975,-4.334105099970849,-2.472811629231733,0.8658949000291489,2.7271883707682645,1.8612934707391156,1,0,1,0
4034,4034.0,40.34,-5.1999999999999975,-4.345580959944325,-2.470363553152359,0.8544190400556726,2.7296364468476386,1.875217406791966,1,0,1,0
4035,4035.0,40.35,-5.1999999999999975,-4.3562069891142645,-2.4665523560007383,0.843793010885733,2.733447643999259,1.8896546331135262,1,0,1,0
4036,4036.0,40.36,-5.1999999999999975,-4.36753410536711,-2.4613815564465695,0.8324658946328878,2.738618443553428,1.9061525489205402,1,0,1,0
4037,4037.0,40.37,-5.1999999999999975,-4.379665789849853,-2.4560913466822805,0.8203342101501443,2.743908653317717,1.9235744431675728,1,0,1,0
4038,4038.0,40.38,-5.1999999999999975,-4.39080018448225,-2.4532997850228844,0.8091998155177471,2.746700214977113,1.937500399459366,1,0,1,0
4039,4039.0,40.39,-5.1999999999999975,-4.402958559712805,-2.4499007370927006,0.7970414402871926,2.750099262907297,1.9530578226201043,1,0,1,0
4040,4040.0,40.4,-5.1999999999999975,-4.415761761319015,-2.44632072967445,0.7842382386809827,2.7536792703255477,1.969441031644565,1,0,1,0
4041,4041.0,40.41,-5.1999999999999975,-4.428772856420763,-2.441138454127011,0.7712271435792344,2.7588615458729864,1.987634402293752,1,0,1,0
4042,4042.0,40.42,-5.1999999999999975,-4.441039350363814,-2.4369586236091454,0.7589606496361831,2.763041376390852,2.004080726754669,1,0,1,0
4043,4043.0,40.43,-5.1999999999999975,-4.454573067917531,-2.4337099697337568,0.7454269320824665,2.7662900302662408,2.0208630981837743,1,0,1,0
4044,4044.0,40.44,-5.1999999999999975,-4.46782580729902,-2.4296199417867643,0.7321741927009775,2.770380058213233,2.0382058655122557,1,0,1,0
4045,4045.0,40.45,-5.1999999999999975,-4.4802026150066405,-2.425578101810245,0.719797384993357,2.7744218981897526,2.0546245131963956,1,0,1,0
4046,4046.0,40.46,-5.1999999999999975,-4.491757497815661,-2.4205160312686065,0.7082425021843362,2.779483968731391,2.071241466547055,1,0,1,0
4047,4047.0,40.47,-5.1999999999999975,-4.5034773270790955,-2.4164904027880136,0.696522672920902,2.783509597211984,2.086986924291082,1,0,1,0
4048,4048.0,40.48,-5.1999999999999975,-4.515651595491838,-2.4141749896398226,0.6843484045081594,2.785825010360175,2.1014766058520156,1,0,1,0
4049,4049.0,40.49,-5.1999999999999975,-4.528696372531033,-2.410457655600382,0.6713036274689648,2.7895423443996155,2.1182387169306507,1,0,1,0
4050,4050.0,40.5,-5.1999999999999975,-4.541844333230464,-2.4072060850208623,0.6581556667695336,2.792793914979135,2.1346382482096016,1,0,1,0
4051,4051.0,40.51,-5.1999999999999975,-4.555059746998046,-2.40346662942075,0.6449402530019519,2.7965333705792474,2.1515931175772955,1,0,1,0
4052,4052.0,40.52,-5.1999999999999975,-4.570261662731643,-2.399172435453161,0.6297383372683543,2.8008275645468363,2.171089227278482,1,0,1,0
4053,4053.0,40.53,-5.1999999999999975,-4.584615669487093,-2.396343383744472,0.6153843305129048,2.8036566162555254,2.1882722857426207,1,0,1,0
4054,4054.0,40.54,-5.1999999999999975,-4.599260195403176,-2.394149931278884,0.6007398045968211,2.8058500687211136,2.2051102641242926,1,0,1,0
4055,4055.0,40.55,-5.1999999999999975,-4.6139739953243755,-2.3905210825746104,0.586026004675622,2.809478917425387,2.223452912749765,1,0,1,0
4056,4056.0,40.56,-5.1999999999999975,-4.6282517691401095,-2.387825471368316,0.571748230859888,2.8121745286316817,2.2404262977717937,1,0,1,0
4057,4057.0,40.57,-5.1999999999999975,-4.641647012638113,-2.383818476631604,0.5583529873618849,2.8161815233683933,2.2578285360065085,1,0,1,0
4058,4058.0,40.58,-5.1999999999999975,-4.65508124177227,-2.3824129199263253,0.5449187582277277,2.817587080073672,2.2726683218459445,1,0,1,0
4059,4059.0,40.59,-5.1999999999999975,-4.66927536751128,-2.3771558307937126,0.5307246324887176,2.822844169206285,2.2921195367175673,1,0,1,0
4060,4060.0,40.6,-5.1999999999999975,-4.683227691811663,-2.3727208607500003,0.5167723081883349,2.827279139249997,2.3105068310616623,1,0,1,0
4061,4061.0,40.61,-5.1999999999999975,-4.696679196684834,-2.369847619789454,0.5033208033151633,2.8301523802105435,2.3268315768953802,1,0,1,0
4062,4062.0,40.62,-5.1999999999999975,-4.709298951067895,-2.3667890988267586,0.4907010489321024,2.833210901173239,2.3425098522411365,1,0,1,0
4063,4063.0,40.63,-5.1999999999999975,-4.722143174998895,-2.363523848803287,0.47785682500110216,2.8364761511967105,2.3586193261956083,1,0,1,0
4064,4064.0,40.64,-5.1999999999999975,-4.7355825462980174,-2.359305339875469,0.46441745370198007,2.8406946601245284,2.3762772064225484,1,0,1,0
4065,4065.0,40.65,-5.1999999999999975,-4.748840638291558,-2.3556682462032312,0.45115936170843973,2.8443317537967663,2.3931723920883265,1,0,1,0
4066,4066.0,40.66,-5.1999999999999975,-4.761841446593351,-2.3533499637780806,0.43815855340664633,2.846650036221917,2.4084914828152706,1,0,1,0
4067,4067.0,40.67,-5.1999999999999975,-4.774224344068344,-2.3508008545479417,0.4257756559316537,2.8491991454520558,2.423423489520402,1,0,1,0
4068,4068.0,40.68,-5.1999999999999975,-4.787051514387782,-2.3491954623513758,0.4129484856122154,2.8508045376486217,2.4378560520364063,1,0,1,0
4069,4069.0,40.69,-5.1999999999999975,-4.799971013774677,-2.345866817759061,0.4000289862253208,2.8541331822409366,2.454104196015616,1,0,1,0
4070,4070.0,40.7,-5.1999999999999975,-4.812672932246167,-2.3439661285324984,0.3873270677538301,2.856033871467499,2.468706803713669,1,0,1,0
4071,4071.0,40.71,-5.1999999999999975,-4.825441269236976,-2.341219561915642,0.37455873076302115,2.8587804380843553,2.484221707321334,1,0,1,0
4072,4072.0,40.72,-5.1999999999999975,-4.837607429260048,-2.339379609052112,0.36239257073994935,2.8606203909478856,2.498227820207936,1,0,1,0
4073,4073.0,40.73,-5.1999999999999975,-4.850063999949222,-2.3387999137537814,0.34993600005077585,2.861200086246216,2.5112640861954403,1,0,1,0
4074,4074.0,40.74,-5.1999999999999975,-4.862352266640238,-2.337124226821205,0.3376477333597592,2.8628757731787924,2.525228039819033,1,0,1,0
4075,4075.0,40.75,-5.1999999999999975,-4.8744651410710444,-2.3334227141465576,0.32553485892895306,2.86657728585344,2.541042426924487,1,0,1,0
4076,4076.0,40.76,-5.1999999999999975,-4.886808053681071,-2.330836318190212,0.3131919463189261,2.8691636818097854,2.5559717354908593,1,0,1,0
4077,4077.0,40.77,-5.1999999999999975,-4.8986609307590285,-2.3292683801709284,0.301339069240969,2.870731619829069,2.5693925505881,1,0,1,0
4078,4078.0,40.78,-5.1999999999999975,-4.910494365845336,-2.326627267928959,0.28950563415466135,2.8733727320710387,2.5838670979163774,1,0,1,0
4079,4079.0,40.79,-5.1999999999999975,-4.922020823724853,-2.323511294859347,0.2779791762751449,2.8764887051406505,2.5985095288655056,1,0,1,0
4080,4080.0,40.8,-5.1999999999999975,-4.933366705679212,-2.319846937203786,0.2666332943207852,2.8801530627962113,2.613519768475426,1,0,1,0
4081,4081.0,40.81,-5.1999999999999975,-4.944276430526535,-2.316915462541533,0.25572356947346275,2.8830845374584646,2.627360967985002,1,0,1,0
4082,4082.0,40.82,-5.1999999999999975,-4.954581305208448,-2.31484824113857,0.24541869479154954,2.8851517588614275,2.639733064069878,1,0,1,0
4083,4083.0,40.83,-5.1999999999999975,-4.964856441106176,-2.3118953953592936,0.23514355889382177,2.888104604640704,2.652961045746882,1,0,1,0
4084,4084.0,40.84,-5.1999999999999975,-4.97525056922886,-2.3086817460465228,0.22474943077113707,2.8913182539534747,2.6665688231823377,1,0,1,0
4085,4085.0,40.85,-5.1999999999999975,-4.985816200178282,-2.3050377038749423,0.21418379982171576,2.894962296125055,2.6807784963033394,1,0,1,0
4086,4086.0,40.86,-5.1999999999999975,-4.996572189236276,-2.3027358135475904,0.20342781076372152,2.897264186452407,2.6938363756886856,1,0,1,0
4087,4087.0,40.87,-5.1999999999999975,-5.00688473448328,-2.2997858755375176,0.19311526551671765,2.90021412446248,2.7070988589457623,1,0,1,0
4088,4088.0,40.88,-5.1999999999999975,-5.0172757365321345,-2.2970135091750783,0.18272426346786297,2.902986490824919,2.7202622273570563,1,0,1,0
4089,4089.0,40.89,-5.1999999999999975,-5.027435705351352,-2.2934412977011314,0.17256429464864542,2.906558702298866,2.7339944076502207,1,0,1,0
4090,4090.0,40.9,-5.1999999999999975,-5.037027017596702,-2.293904191388329,0.1629729824032955,2.9060958086116684,2.743122826208373,1,0,1,0
4091,4091.0,40.91,-5.1999999999999975,-5.046504777330866,-2.292813692233671,0.15349522266913151,2.9071863077663265,2.753691085097195,1,0,1,0
4092,4092.0,40.92,-5.1999999999999975,-5.055717508604227,-2.2903858064029214,0.14428249139577076,2.909614193597076,2.7653317022013053,1,0,1,0
4093,4093.0,40.93,-5.1999999999999975,-5.065250994330085,-2.2881377852348086,0.13474900566991277,2.911862214765189,2.777113209095276,1,0,1,0
4094,4094.0,40.94,-5.1999999999999975,-5.074499476866165,-2.2855603290171635,0.12550052313383286,2.914439670982834,2.788939147849001,1,0,1,0
4095,4095.0,40.95,-5.1999999999999975,-5.084093724619302,-2.284690972091692,0.11590627538069587,2.9153090279083056,2.7994027525276097,1,0,1,0
4096,4096.0,40.96,-5.1999999999999975,-5.094079731624945,-2.2800079862376985,0.1059202683750522,2.919992013762299,2.814071745387247,1,0,1,0
4097,4097.0,40.97,-5.1999999999999975,-5.103714470904027,-2.2759509671937566,0.09628552909597055,2.924049032806241,2.8277635037102704,1,0,1,0
4098,4098.0,40.98,-5.1999999999999975,-5.11355410519473,-2.273859619851764,0.08644589480526754,2.9261403801482335,2.839694485342966,1,0,1,0
4099,4099.0,40.99,-5.1999999999999975,-5.124902526215914,-2.2714155204502355,0.07509747378408349,2.928584479549762,2.8534870057656785,1,0,1,0
4100,4100.0,41.0,-5.1999999999999975,-5.137207102877372,-2.2696638403070377,0.06279289712262592,2.93033615969296,2.867543262570334,1,0,1,0
4101,4101.0,41.01,-5.1999999999999975,-5.149796193015632,-2.265202524211234,0.05020380698436533,2.9347974757887636,2.8845936688043983,1,0,1,0
4102,4102.0,41.02,-5.1999999999999975,-5.161756747896087,-2.261241793910879,0.03824325210391066,2.9387582060891186,2.900514953985208,1,0,1,0
4103,4103.0,41.03,-5.1999999999999975,-5.171115880731358,-2.257960626022381,0.028884119268639097,2.9420393739776167,2.9131552547089776,1,0,1,0
4104,4104.0,41.04,-5.1999999999999975,-5.178898642330643,-2.253747204257475,0.021101357669354392,2.9462527957425224,2.925151438073168,1,0,1,0
4105,4105.0,41.05,-5.1999999999999975,-5.186751847964135,-2.2503554345094083,0.013248152035862937,2.949644565490589,2.9363964134547262,1,0,1,0
4106,4106.0,41.06,-5.1999999999999975,-5.195074333610847,-2.2453298738686884,0.004925666389150152,2.954670126131309,2.949744459742159,1,0,1,0
4107,4107.0,41.07,-5.1999999999999975,-5.204631709664259,-2.2413485929683366,0.0046317096642614075,2.958651407031661,2.9540196973673996,1,0,1,0
4108,4108.0,41.08,-5.1999999999999975,-5.213713553794012,-2.2368937810462852,0.013713553794014288,2.9631062189537123,2.949392665159698,1,0,1,0
4109,4109.0,41.09,-5.1999999999999975,-5.221709059163852,-2.232520595382446,0.021709059163854683,2.9674794046175514,2.9457703454536968,1,0,1,0
4110,4110.0,41.1,-5.1999999999999975,-5.22786770081123,-2.22615414960295,0.027867700811232687,2.9738458503970473,2.9459781495858146,1,0,1,0
4111,4111.0,41.11,-5.1999999999999975,-5.232711133457312,-2.22131359190626,0.03271113345731447,2.9786864080937376,2.945975274636423,1,0,1,0
4112,4112.0,41.12,-5.1999999999999975,-5.238336816365451,-2.2146743069210064,0.03833681636545361,2.985325693078991,2.9469888767135375,1,0,1,0
4113,4113.0,41.13,-5.1999999999999975,-5.243915467439587,-2.2098647395507247,0.043915467439589406,2.990135260449273,2.9462197930096834,1,0,1,0
4114,4114.0,41.14,-5.1999999999999975,-5.250073111716809,-2.205223271719957,0.05007311171681117,2.9947767282800406,2.9447036165632294,1,0,1,0
4115,4115.0,41.15,-5.1999999999999975,-5.255266824398145,-2.1998827404644876,0.05526682439814756,3.00011725953551,2.9448504351373623,1,0,1,0
4116,4116.0,41.16,-5.1999999999999975,-5.259719537481307,-2.193805753665538,0.05971953748130954,3.0061942463344593,2.9464747088531498,1,0,1,0
4117,4117.0,41.17,-5.1999999999999975,-5.266287341692427,-2.187014822040627,0.06628734169242989,3.0129851779593704,2.9466978362669405,1,0,1,0
4118,4118.0,41.18,-5.1999999999999975,-5.273757924058386,-2.1814833009684125,0.07375792405838855,3.018516699031585,2.9447587749731965,1,0,1,0
4119,4119.0,41.19,-5.1999999999999975,-5.279616497125952,-2.175373539684302,0.07961649712595431,3.0246264603156954,2.945009963189741,1,0,1,0
4120,4120.0,41.2,-5.1999999999999975,-5.284413238117673,-2.169454148265305,0.08441323811767543,3.0305458517346926,2.946132613617017,1,0,1,0
4121,4121.0,41.21,-5.1999999999999975,-5.290522965050179,-2.1628294497424743,0.09052296505018109,3.0371705502575232,2.946647585207342,1,0,1,0
4122,4122.0,41.22,-5.1999999999999975,-5.297796863472808,-2.1553684421120227,0.09779686347281036,3.044631557887975,2.9468346944151644,1,0,1,0
4123,4123.0,41.23,-5.1999999999999975,-5.303743041873869,-2.1500486760680397,0.10374304187387118,3.049951323931958,2.9462082820580866,1,0,1,0
4124,4124.0,41.24,-5.1999999999999975,-5.310006326014325,-2.143086688255588,0.1100063260143278,3.0569133117444096,2.946906985730082,1,0,1,0
4125,4125.0,41.25,-5.1999999999999975,-5.315807222850954,-2.1360595528158277,0.11580722285095657,3.06394044718417,2.9481332243332132,1,0,1,0
4126,4126.0,41.26,-5.1999999999999975,-5.321744491571856,-2.128973743946464,0.1217444915718584,3.0710262560535333,2.949281764481675,1,0,1,0
4127,4127.0,41.27,-5.1999999999999975,-5.328066615329778,-2.125399406939615,0.12806661532978048,3.0746005930603824,2.946533977730602,1,0,1,0
4128,4128.0,41.28,-5.1999999999999975,-5.334850660432459,-2.1201734573690127,0.13485066043246174,3.0798265426309848,2.944975882198523,1,0,1,0
4129,4129.0,41.29,-5.1999999999999975,-5.340875894850914,-2.112491420807453,0.14087589485091634,3.0875085791925447,2.9466326843416284,1,0,1,0
4130,4130.0,41.3,-5.1999999999999975,-5.346425117959312,-2.106967792442596,0.14642511795931412,3.0930322075574015,2.9466070895980874,1,0,1,0
4131,4131.0,41.31,-5.1999999999999975,-5.35293755907446,-2.1006086880065946,0.15293755907446283,3.099391311993403,2.94645375291894,1,0,1,0
4132,4132.0,41.32,-5.1999999999999975,-5.3591778025259265,-2.0952026229868523,0.15917780252592895,3.104797377013145,2.9456195744872162,1,0,1,0
4133,4133.0,41.33,-5.1999999999999975,-5.365225932753509,-2.0870800839826953,0.16522593275351127,3.1129199160173022,2.947693983263791,1,0,1,0
4134,4134.0,41.34,-5.1999999999999975,-5.371514661976444,-2.0790725877192995,0.17151466197644627,3.120927412280698,2.9494127503042518,1,0,1,0
4135,4135.0,41.35,-5.1999999999999975,-5.376972027627862,-2.0735388834762327,0.17697202762786457,3.126461116523765,2.9494890888959002,1,0,1,0
4136,4136.0,41.36,-5.1999999999999975,-5.383535372979108,-2.067758161539852,0.1835353729791107,3.1322418384601454,2.9487064654810347,1,0,1,0
4137,4137.0,41.37,-5.1999999999999975,-5.389603944007754,-2.062707834976931,0.18960394400775638,3.1372921650230663,2.94768822101531,1,0,1,0
4138,4138.0,41.38,-5.1999999999999975,-5.395887323410687,-2.0554809114983223,0.19588732341068926,3.144519088501675,2.948631765090986,1,0,1,0
4139,4139.0,41.39,-5.1999999999999975,-5.401336991807622,-2.0499169104857726,0.20133699180762488,3.150083089514225,2.9487460977066,1,0,1,0
4140,4140.0,41.4,-5.1999999999999975,-5.4072363638100365,-2.04463822811498,0.20723636381003896,3.1553617718850173,2.9481254080749784,1,0,1,0
4141,4141.0,41.41,-5.1999999999999975,-5.412382314687923,-2.0376865956823225,0.21238231468792534,3.162313404317675,2.9499310896297497,1,0,1,0
4142,4142.0,41.42,-5.1999999999999975,-5.417684167356115,-2.0321768339538626,0.21768416735611762,3.167823166046135,2.9501389986900173,1,0,1,0
4143,4143.0,41.43,-5.1999999999999975,-5.421816848503158,-2.0245085331173316,0.22181684850316064,3.175491466882666,2.9536746183795053,1,0,1,0
4144,4144.0,41.44,-5.1999999999999975,-5.426724852843429,-2.01913308049934,0.22672485284343136,3.1808669195006574,2.954142066657226,1,0,1,0
4145,4145.0,41.45,-5.1999999999999975,-5.430839106541552,-2.0123987235820713,0.2308391065415547,3.1876012764179262,2.9567621698763715,1,0,1,0
4146,4146.0,41.46,-5.1999999999999975,-5.43374249150974,-2.005898473549777,0.23374249150974258,3.1941015264502206,2.960359034940478,1,0,1,0
4147,4147.0,41.47,-5.1999999999999975,-5.437348624463754,-1.997648216742578,0.23734862446375615,3.2023517832574195,2.9650031587936634,1,0,1,0
4148,4148.0,41.48,-5.1999999999999975,-5.440470178695893,-1.9907822400147848,0.2404701786958956,3.2092177599852127,2.968747581289317,1,0,1,0
4149,4149.0,41.49,-5.1999999999999975,-5.443773058344339,-1.9850895138700488,0.24377305834434182,3.2149104861299485,2.9711374277856066,1,0,1,0
4150,4150.0,41.5,-5.1999999999999975,-5.446129734647988,-1.9778841409692223,0.24612973464799026,3.222115859030775,2.9759861243827848,1,0,1,0
4151,4151.0,41.51,-5.1999999999999975,-5.4493183498671005,-1.9709613798250407,0.249318349867103,3.229038620174957,2.979720270307854,1,0,1,0
4152,4152.0,41.52,-5.1999999999999975,-5.452254737454287,-1.9642923438992064,0.2522547374542894,3.235707656100791,2.9834529186465018,1,0,1,0
4153,4153.0,41.53,-5.1999999999999975,-5.455293018669651,-1.9568461588809183,0.25529301866965337,3.2431538411190792,2.987860822449426,1,0,1,0
4154,4154.0,41.54,-5.1999999999999975,-5.458627100793153,-1.9486832067760644,0.25862710079315576,3.251316793223933,2.992689692430777,1,0,1,0
4155,4155.0,41.55,-5.1999999999999975,-5.460866380363953,-1.9419549510661622,0.2608663803639555,3.2580450489338353,2.99717866856988,1,0,1,0
4156,4156.0,41.56,-5.1999999999999975,-5.464159690254716,-1.9339784948001468,0.2641596902547185,3.2660215051998507,3.001861814945132,1,0,1,0
4157,4157.0,41.57,-5.1999999999999975,-5.467657785819563,-1.9260328534628386,0.2676577858195657,3.273967146537159,3.0063093607175935,1,0,1,0
4158,4158.0,41.58,-5.1999999999999975,-5.4715951144186326,-1.9187413000568907,0.27159511441863504,3.281258699943107,3.0096635855244718,1,0,1,0
4159,4159.0,41.59,-5.1999999999999975,-5.474854541857759,-1.911097277558399,0.2748545418577617,3.2889027224415983,3.0140481805838366,1,0,1,0
4160,4160.0,41.6,-5.1999999999999975,-5.477692406946539,-1.9047006551238796,0.2776924069465414,3.295299344876118,3.0176069379295765,1,0,1,0
4161,4161.0,41.61,-5.1999999999999975,-5.480771809886573,-1.8961086511913468,0.28077180988657524,3.3038913488086505,3.0231195389220753,1,0,1,0
4162,4162.0,41.62,-5.1999999999999975,-5.483777435375114,-1.887363138459019,0.2837774353751161,3.3126368615409785,3.0288594261658623,1,0,1,0
4163,4163.0,41.63,-5.1999999999999975,-5.486880779364623,-1.8789580781355715,0.2868807793646253,3.321041921864426,3.0341611424998005,1,0,1,0
4164,4164.0,41.64,-5.1999999999999975,-5.489896477824626,-1.8707722686655275,0.28989647782462846,3.32922773133447,3.0393312535098413,1,0,1,0
4165,4165.0,41.65,-5.1999999999999975,-5.494245847861355,-1.8638841340235208,0.2942458478613572,3.3361158659764767,3.0418700181151195,1,0,1,0
4166,4166.0,41.66,-5.1999999999999975,-5.498225718726439,-1.8556969451964256,0.29822571872644144,3.344303054803572,3.0460773360771305,1,0,1,0
4167,4167.0,41.67,-5.1999999999999975,-5.501269757119721,-1.848703117170486,0.3012697571197238,3.3512968828295113,3.0500271257097875,1,0,1,0
4168,4168.0,41.68,-5.1999999999999975,-5.503282729082705,-1.841490643619988,0.30328272908270737,3.3585093563800097,3.0552266272973023,1,0,1,0
4169,4169.0,41.69,-5.1999999999999975,-5.504927511575315,-1.834083656386457,0.3049275115753174,3.3659163436135406,3.0609888320382233,1,0,1,0
4170,4170.0,41.7,-5.1999999999999975,-5.507822260398848,-1.8261134452335617,0.30782226039885074,3.373886554766436,3.0660642943675853,1,0,1,0
4171,4171.0,41.71,-5.1999999999999975,-5.510508604885056,-1.8173227330204942,0.31050860488505805,3.3826772669795035,3.0721686620944455,1,0,1,0
4172,4172.0,41.72,-5.1999999999999975,-5.5131737169458,-1.8100665207326418,0.3131737169458022,3.3899334792673557,3.0767597623215535,1,0,1,0
4173,4173.0,41.73,-5.1999999999999975,-5.516014952388598,-1.8034589427747336,0.3160149523886009,3.3965410572252637,3.080526104836663,1,0,1,0
4174,4174.0,41.74,-5.1999999999999975,-5.520039081423607,-1.795859068720412,0.3200390814236096,3.404140931279586,3.0841018498559762,1,0,1,0
4175,4175.0,41.75,-5.1999999999999975,-5.524032189717779,-1.7879538765159817,0.3240321897177818,3.412046123484016,3.0880139337662342,1,0,1,0
4176,4176.0,41.76,-5.1999999999999975,-5.526248828864593,-1.7816375025419289,0.3262488288645953,3.4183624974580686,3.0921136685934734,1,0,1,0
4177,4177.0,41.77,-5.1999999999999975,-5.528381652657644,-1.7763439777625023,0.3283816526576464,3.423656022237495,3.095274369579849,1,0,1,0
4178,4178.0,41.78,-5.1999999999999975,-5.531361182672274,-1.7677906492612514,0.33136118267227666,3.432209350738746,3.1008481680664692,1,0,1,0
4179,4179.0,41.79,-5.1999999999999975,-5.53608715250841,-1.7595455752198197,0.33608715250841215,3.440454424780178,3.104367272271766,1,0,1,0
4180,4180.0,41.8,-5.1999999999999975,-5.539386882736095,-1.7512382462182616,0.33938688273609774,3.448761753781736,3.109374871045638,1,0,1,0
4181,4181.0,41.81,-5.1999999999999975,-5.540924579018246,-1.7441670778158427,0.3409245790182487,3.455832922184155,3.114908343165906,1,0,1,0
4182,4182.0,41.82,-5.1999999999999975,-5.542585396111375,-1.7370393216596876,0.34258539611137717,3.46296067834031,3.120375282228933,1,0,1,0
4183,4183.0,41.83,-5.1999999999999975,-5.545701697149849,-1.7295035133949426,0.34570169714985166,3.4704964866050547,3.124794789455203,1,0,1,0
4184,4184.0,41.84,-5.1999999999999975,-5.548279995977935,-1.7213992100560698,0.34827999597793724,3.4786007899439277,3.1303207939659905,1,0,1,0
4185,4185.0,41.85,-5.1999999999999975,-5.550662797559423,-1.7142782542073733,0.3506627975594254,3.485721745792624,3.1350589482331985,1,0,1,0
4186,4186.0,41.86,-5.1999999999999975,-5.551726011949476,-1.708094645371718,0.35172601194947806,3.4919053546282797,3.1401793426788016,1,0,1,0
4187,4187.0,41.87,-5.1999999999999975,-5.553334627636408,-1.7007866962640894,0.35333462763641066,3.499213303735908,3.1458786760994975,1,0,1,0
4188,4188.0,41.88,-5.1999999999999975,-5.555122504824173,-1.6923213707409208,0.35512250482417507,3.5076786292590767,3.1525561244349016,1,0,1,0
4189,4189.0,41.89,-5.1999999999999975,-5.555818926374091,-1.684580649393913,0.3558189263740932,3.5154193506060842,3.159600424231991,1,0,1,0
4190,4190.0,41.9,-5.1999999999999975,-5.555095640829,-1.6781530764100985,0.3550956408290027,3.521846923589899,3.166751282760896,1,0,1,0
4191,4191.0,41.91,-5.1999999999999975,-5.555251443680084,-1.6715120441380067,0.35525144368008643,3.5284879558619906,3.173236512181904,1,0,1,0
4192,4192.0,41.92,-5.1999999999999975,-5.555988432634695,-1.6658381639464817,0.3559884326346978,3.534161836053516,3.178173403418818,1,0,1,0
4193,4193.0,41.93,-5.1999999999999975,-5.556959060506407,-1.6580703257137366,0.35695906050640946,3.541929674286261,3.1849706137798517,1,0,1,0
4194,4194.0,41.94,-5.1999999999999975,-5.556416873967226,-1.650592881892797,0.35641687396722865,3.5494071181072004,3.192990244139972,1,0,1,0
4195,4195.0,41.95,-5.1999999999999975,-5.554607303060963,-1.6428830733047646,0.35460730306096533,3.557116926695233,3.202509623634268,1,0,1,0
4196,4196.0,41.96,-5.1999999999999975,-5.552398758146211,-1.6361137279456528,0.35239875814621335,3.5638862720543445,3.211487513908131,1,0,1,0
4197,4197.0,41.97,-5.1999999999999975,-5.551298681431656,-1.6294141979899788,0.35129868143165854,3.5705858020100187,3.21928712057836,1,0,1,0
4198,4198.0,41.98,-5.1999999999999975,-5.54974741254328,-1.6206134509858257,0.3497474125432829,3.579386549014172,3.229639136470889,1,0,1,0
4199,4199.0,41.99,-5.1999999999999975,-5.548318149442849,-1.6137244372617783,0.3483181494428518,3.5862755627382192,3.2379574132953675,1,0,1,0
4200,4200.0,42.0,-5.1999999999999975,-5.546622248808875,-1.6067612469322785,0.3466222488088775,3.593238753067719,3.2466165042588413,1,0,1,0
4201,4201.0,42.01,-5.1999999999999975,-5.545094138343471,-1.599366619677133,0.34509413834347313,3.6006333803228645,3.2555392419793914,1,0,1,0
4202,4202.0,42.02,-5.1999999999999975,-5.545480211277222,-1.5924410226571277,0.3454802112772244,3.60755897734287,3.2620787660656454,1,0,1,0
4203,4203.0,42.03,-5.1999999999999975,-5.543197754202427,-1.5840969078106832,0.3431977542024294,3.6159030921893143,3.272705337986885,1,0,1,0
4204,4204.0,42.04,-5.1999999999999975,-5.542256186506554,-1.5778141760675577,0.34225618650655676,3.6221858239324396,3.279929637425883,1,0,1,0
4205,4205.0,42.05,-5.1999999999999975,-5.540251707267052,-1.5696595101841224,0.3402517072670541,3.6303404898158753,3.290088782548821,1,0,1,0
4206,4206.0,42.06,-5.1999999999999975,-5.5394837893714515,-1.5624931570317027,0.33948378937145396,3.637506842968295,3.298023053596841,1,0,1,0
4207,4207.0,42.07,-5.1999999999999975,-5.5378177687914505,-1.5533451191310053,0.337817768791453,3.6466548808689923,3.3088371120775393,1,0,1,0
4208,4208.0,42.08,-5.1999999999999975,-5.536823622930687,-1.5451061753859332,0.3368236229306891,3.6548938246140645,3.3180702016833754,1,0,1,0
4209,4209.0,42.09,-5.1999999999999975,-5.533670900820385,-1.5390217777005475,0.33367090082038775,3.66097822229945,3.3273073214790623,1,0,1,0
4210,4210.0,42.1,-5.1999999999999975,-5.530900949969991,-1.533468587328516,0.3309009499699931,3.6665314126714814,3.3356304627014883,1,0,1,0
4211,4211.0,42.11,-5.1999999999999975,-5.527036485047963,-1.5271427444572903,0.3270364850479659,3.6728572555427075,3.3458207704947416,1,0,1,0
4212,4212.0,42.12,-5.1999999999999975,-5.52411299805487,-1.5204287582964326,0.3241129980548729,3.679571241703565,3.355458243648692,1,0,1,0
4213,4213.0,42.13,-5.1999999999999975,-5.520103364863532,-1.5149851557132674,0.3201033648635345,3.68501484428673,3.3649114794231956,1,0,1,0
4214,4214.0,42.14,-5.1999999999999975,-5.516231323233429,-1.5104788696693403,0.3162313232334313,3.6895211303306574,3.373289807097226,1,0,1,0
4215,4215.0,42.15,-5.1999999999999975,-5.511051856945563,-1.5035292775912208,0.31105185694556514,3.696470722408777,3.385418865463212,1,0,1,0
4216,4216.0,42.16,-5.1999999999999975,-5.507199528271952,-1.4968095599638742,0.30719952827195485,3.7031904400361233,3.3959909117641685,1,0,1,0
4217,4217.0,42.17,-5.1999999999999975,-5.501892427677027,-1.4898660281833735,0.3018924276770294,3.710133971816624,3.4082415441395946,1,0,1,0
4218,4218.0,42.18,-5.1999999999999975,-5.498477759087412,-1.4839724230521318,0.29847775908741436,3.716027576947866,3.4175498178604515,1,0,1,0
4219,4219.0,42.19,-5.1999999999999975,-5.493401302747386,-1.4768873837741445,0.2934013027473883,3.723112616225853,3.4297113134784647,1,0,1,0
4220,4220.0,42.2,-5.1999999999999975,-5.4897016777093866,-1.4706328116391871,0.28970167770938904,3.7293671883608104,3.4396655106514213,1,0,1,0
4221,4221.0,42.21,-5.1999999999999975,-5.484721702374229,-1.4633671796605618,0.2847217023742319,3.7366328203394357,3.451911117965204,1,0,1,0
4222,4222.0,42.22,-5.1999999999999975,-5.481476661155698,-1.4578944121222503,0.28147666115570047,3.742105587877747,3.4606289267220465,1,0,1,0
4223,4223.0,42.23,-5.1999999999999975,-5.477548912826169,-1.4535823675467066,0.27754891282617145,3.7464176324532907,3.4688687196271193,1,0,1,0
4224,4224.0,42.24,-5.1999999999999975,-5.473365595790814,-1.4482027629865577,0.27336559579081676,3.75179723701344,3.478431641222623,1,0,1,0
4225,4225.0,42.25,-5.1999999999999975,-5.469513716339801,-1.441873355016963,0.26951371633980337,3.758126644983035,3.4886129286432315,1,0,1,0
4226,4226.0,42.26,-5.1999999999999975,-5.466327176998215,-1.436134743553667,0.2663271769982174,3.7638652564463304,3.497538079448113,1,0,1,0
4227,4227.0,42.27,-5.1999999999999975,-5.4629729344783975,-1.4324425771456288,0.2629729344784,3.7675574228543685,3.5045844883759685,1,0,1,0
4228,4228.0,42.28,-5.1999999999999975,-5.458350142013979,-1.428312881468854,0.2583501420139811,3.7716871185311436,3.5133369765171625,1,0,1,0
4229,4229.0,42.29,-5.1999999999999975,-5.454227441708442,-1.4233776729178955,0.25422744170844425,3.776622327082102,3.5223948853736577,1,0,1,0
4230,4230.0,42.3,-5.1999999999999975,-5.450839972648977,-1.4196888969116357,0.25083997264897917,3.780311103088362,3.529471130439383,1,0,1,0
4231,4231.0,42.31,-5.1999999999999975,-5.447228281782318,-1.4165361348874776,0.2472282817823208,3.7834638651125196,3.536235583330199,1,0,1,0
4232,4232.0,42.32,-5.1999999999999975,-5.443607124148194,-1.4123439503138968,0.24360712414819652,3.7876560496861007,3.544048925537904,1,0,1,0
4233,4233.0,42.33,-5.1999999999999975,-5.441742932307277,-1.4086818866645614,0.24174293230727972,3.791318113335436,3.5495751810281564,1,0,1,0
4234,4234.0,42.34,-5.1999999999999975,-5.440172616878513,-1.4052496248539634,0.24017261687851565,3.794750375146034,3.554577758267518,1,0,1,0
4235,4235.0,42.35,-5.1999999999999975,-5.439707009205169,-1.3995233969595073,0.23970700920517185,3.80047660304049,3.5607695938353183,1,0,1,0
4236,4236.0,42.36,-5.1999999999999975,-5.437922854239835,-1.3959639235313612,0.23792285423983728,3.8040360764686363,3.566113222228799,1,0,1,0
4237,4237.0,42.37,-5.1999999999999975,-5.4354765077061415,-1.3907225385631343,0.23547650770614403,3.809277461436863,3.573800953730719,1,0,1,0
4238,4238.0,42.38,-5.1999999999999975,-5.433136547809415,-1.3871336465175488,0.2331365478094174,3.8128663534824487,3.5797298056730313,1,0,1,0
4239,4239.0,42.39,-5.1999999999999975,-5.430918119184727,-1.383514197636404,0.2309181191847296,3.8164858023635935,3.585567683178864,1,0,1,0
4240,4240.0,42.4,-5.1999999999999975,-5.430122776455753,-1.3787386108043458,0.2301227764557554,3.8212613891956515,3.591138612739896,1,0,1,0
4241,4241.0,42.41,-5.1999999999999975,-5.428103936476124,-1.376014926974233,0.2281039364761268,3.8239850730257645,3.5958811365496377,1,0,1,0
4242,4242.0,42.42,-5.1999999999999975,-5.425855503212334,-1.3735549613670537,0.22585550321233683,3.8264450386329436,3.600589535420607,1,0,1,0
4243,4243.0,42.43,-5.1999999999999975,-5.422302518244596,-1.3708385440769506,0.22230251824459835,3.829161455923047,3.6068589376784486,1,0,1,0
4244,4244.0,42.44,-5.1999999999999975,-5.419157127761267,-1.3667157948844428,0.21915712776126917,3.8332842051155547,3.6141270773542855,1,0,1,0
4245,4245.0,42.45,-5.1999999999999975,-5.416126476290213,-1.3630127878549982,0.2161264762902153,3.836987212144999,3.6208607358547837,1,0,1,0
4246,4246.0,42.46,-5.1999999999999975,-5.412647971327718,-1.3611132837364879,0.21264797132772006,3.8388867162635094,3.6262387449357893,1,0,1,0
4247,4247.0,42.47,-5.1999999999999975,-5.409068205250073,-1.3594923521998696,0.20906820525007586,3.840507647800128,3.631439442550052,1,0,1,0
4248,4248.0,42.48,-5.1999999999999975,-5.4055834800121785,-1.3579203943624503,0.20558348001218096,3.8420796056375472,3.6364961256253663,1,0,1,0
4249,4249.0,42.49,-5.1999999999999975,-5.4015193469720515,-1.3551324014874555,0.20151934697205398,3.844867598512542,3.643348251540488,1,0,1,0
4250,4250.0,42.5,-5.1999999999999975,-5.397891718093326,-1.3547848174963164,0.19789171809332817,3.845215182503681,3.647323464410353,1,0,1,0
4251,4251.0,42.51,-5.1999999999999975,-5.394577697768329,-1.3533559036340579,0.19457769776833178,3.8466440963659396,3.652066398597608,1,0,1,0
4252,4252.0,42.52,-5.1999999999999975,-5.391328333299837,-1.3502025242785918,0.19132833329983967,3.849797475721406,3.6584691424215663,1,0,1,0
4253,4253.0,42.53,-5.1999999999999975,-5.388013390344862,-1.3477146593340386,0.18801339034486464,3.8522853406659587,3.664271950321094,1,0,1,0
4254,4254.0,42.54,-5.1999999999999975,-5.385829096947084,-1.3465780869187,0.18582909694708682,3.8534219130812977,3.667592816134211,1,0,1,0
4255,4255.0,42.55,-5.1999999999999975,-5.385128012141434,-1.345983851787492,0.18512801214143693,3.8540161482125055,3.6688881360710686,1,0,1,0
4256,4256.0,42.56,-5.1999999999999975,-5.384287408605142,-1.3434834272187908,0.1842874086051447,3.8565165727812065,3.672229164176062,1,0,1,0
4257,4257.0,42.57,-5.1999999999999975,-5.3832848793020265,-1.3418340912923052,0.18328487930202897,3.8581659087076923,3.6748810294056633,1,0,1,0
4258,4258.0,42.58,-5.1999999999999975,-5.382644053493703,-1.339839110024071,0.18264405349370527,3.8601608899759263,3.677516836482221,1,0,1,0
4259,4259.0,42.59,-5.1999999999999975,-5.3817852008988085,-1.3396807340380017,0.181785200898811,3.860319265961996,3.678534065063185,1,0,1,0
4260,4260.0,42.6,-5.1999999999999975,-5.381332839543868,-1.340077664850998,0.18133283954387025,3.8599223351489993,3.678589495605129,1,0,1,0
4261,4261.0,42.61,-5.1999999999999975,-5.3799937747016555,-1.3397482773207925,0.179993774701658,3.8602517226792052,3.6802579479775472,1,0,1,0
4262,4262.0,42.62,-5.1999999999999975,-5.378044341773312,-1.3401589251747263,0.1780443417733144,3.859841074825271,3.6817967330519568,1,0,1,0
4263,4263.0,42.63,-5.1999999999999975,-5.3774311696304355,-1.3391726072159098,0.17743116963043803,3.8608273927840875,3.6833962231536495,1,0,1,0
4264,4264.0,42.64,-5.1999999999999975,-5.376441378392475,-1.3393638139835433,0.17644137839247787,3.860636186016454,3.6841948076239763,1,0,1,0
4265,4265.0,42.65,-5.1999999999999975,-5.374639519343183,-1.3392807016753274,0.17463951934318533,3.8607192983246703,3.686079778981485,1,0,1,0
4266,4266.0,42.66,-5.1999999999999975,-5.373863688683339,-1.3385849263524636,0.17386368868334134,3.861415073647534,3.6875513849641925,1,0,1,0
4267,4267.0,42.67,-5.1999999999999975,-5.3719993161145,-1.339362638010249,0.17199931611450214,3.8606373619897485,3.6886380458752464,1,0,1,0
4268,4268.0,42.68,-5.1999999999999975,-5.371908470598865,-1.340677162941822,0.1719084705988676,3.8593228370581754,3.6874143664593078,1,0,1,0
4269,4269.0,42.69,-5.1999999999999975,-5.3718763538226835,-1.3413761110362208,0.17187635382268596,3.858623888963777,3.686747535141091,1,0,1,0
4270,4270.0,42.7,-5.1999999999999975,-5.370855363840338,-1.3404374321490435,0.1708553638403405,3.859562567850954,3.6887072040106137,1,0,1,0
4271,4271.0,42.71,-5.1999999999999975,-5.3706693605066524,-1.3404030209303515,0.17066936050665493,3.859596979069646,3.688927618562991,1,0,1,0
4272,4272.0,42.72,-5.1999999999999975,-5.370714588276605,-1.338708883338031,0.17071458827660724,3.861291116661967,3.6905765283853595,1,0,1,0
4273,4273.0,42.73,-5.1999999999999975,-5.369321993090755,-1.339932104638803,0.16932199309075724,3.8600678953611944,3.690745902270437,1,0,1,0
4274,4274.0,42.74,-5.1999999999999975,-5.367707295737124,-1.3383998773390864,0.1677072957371264,3.861600122660911,3.6938928269237845,1,0,1,0
4275,4275.0,42.75,-5.1999999999999975,-5.365961151602041,-1.339017496161889,0.16596115160204317,3.8609825038381085,3.6950213522360653,1,0,1,0
4276,4276.0,42.76,-5.1999999999999975,-5.365956491087223,-1.3393736715719327,0.16595649108722554,3.860626328428065,3.6946698373408395,1,0,1,0
4277,4277.0,42.77,-5.1999999999999975,-5.366251338738944,-1.3398401604228527,0.16625133873894615,3.860159839577145,3.693908500838199,1,0,1,0
4278,4278.0,42.78,-5.1999999999999975,-5.364965304780173,-1.3416049925825615,0.1649653047801758,3.8583950074174362,3.6934297026372604,1,0,1,0
4279,4279.0,42.79,-5.1999999999999975,-5.363214220145816,-1.3444755899416874,0.16321422014581888,3.85552441005831,3.692310189912491,1,0,1,0
4280,4280.0,42.8,-5.1999999999999975,-5.362829531214595,-1.3455130243492817,0.1628295312145971,3.854486975650716,3.6916574444361188,1,0,1,0
4281,4281.0,42.81,-5.1999999999999975,-5.362948942600728,-1.3449824908241708,0.1629489426007309,3.855017509175827,3.692068566575096,1,0,1,0
4282,4282.0,42.82,-5.1999999999999975,-5.3633199455734,-1.3465974827767717,0.16331994557340224,3.853402517223226,3.690082571649824,1,0,1,0
4283,4283.0,42.83,-5.1999999999999975,-5.362034805453163,-1.3491488206711957,0.16203480545316573,3.850851179328802,3.6888163738756363,1,0,1,0
4284,4284.0,42.84,-5.1999999999999975,-5.360192460893302,-1.3511587966913716,0.1601924608933043,3.848841203308626,3.688648742415322,1,0,1,0
4285,4285.0,42.85,-5.1999999999999975,-5.359600423334205,-1.3529860673241623,0.15960042333420787,3.8470139326758352,3.6874135093416274,1,0,1,0
4286,4286.0,42.86,-5.1999999999999975,-5.360471242537788,-1.3537016196016958,0.1604712425377901,3.8462983803983017,3.6858271378605116,1,0,1,0
4287,4287.0,42.87,-5.1999999999999975,-5.360859887154391,-1.3555439749910616,0.1608598871543938,3.844456025008936,3.683596137854542,1,0,1,0
4288,4288.0,42.88,-5.1999999999999975,-5.361145453529756,-1.3571967343279283,0.16114545352975806,3.842803265672069,3.681657812142311,1,0,1,0
4289,4289.0,42.89,-5.1999999999999975,-5.359746896980205,-1.3589954828463313,0.1597468969802076,3.8410045171536664,3.681257620173459,1,0,1,0
4290,4290.0,42.9,-5.1999999999999975,-5.35889317438143,-1.3601713751260343,0.1588931743814328,3.839828624873963,3.6809354504925302,1,0,1,0
4291,4291.0,42.91,-5.1999999999999975,-5.360368475790226,-1.3602980559260767,0.16036847579022862,3.839701944073921,3.6793334682836925,1,0,1,0
4292,4292.0,42.92,-5.1999999999999975,-5.360648646197713,-1.3626897095013206,0.1606486461977159,3.837310290498677,3.676661644300961,1,0,1,0
4293,4293.0,42.93,-5.1999999999999975,-5.360843063156848,-1.3637126593622078,0.16084306315685026,3.8362873406377895,3.6754442774809393,1,0,1,0
4294,4294.0,42.94,-5.1999999999999975,-5.362047460880519,-1.3652429592640274,0.16204746088052158,3.83475704073597,3.6727095798554483,1,0,1,0
4295,4295.0,42.95,-5.1999999999999975,-5.361183325467269,-1.36625620532564,0.1611833254672712,3.8337437946743576,3.6725604692070863,1,0,1,0
4296,4296.0,42.96,-5.1999999999999975,-5.360938895773294,-1.3686835841538174,0.16093889577329623,3.83131641584618,3.6703775200728836,1,0,1,0
4297,4297.0,42.97,-5.1999999999999975,-5.362045722428902,-1.3724377925797304,0.16204572242890425,3.827562207420267,3.665516484991363,1,0,1,0
4298,4298.0,42.98,-5.1999999999999975,-5.361157103987678,-1.3749658061249388,0.1611571039876809,3.8250341938750587,3.663877089887378,1,0,1,0
4299,4299.0,42.99,-5.1999999999999975,-5.362020823255442,-1.3778774850025164,0.1620208232554443,3.8221225149974813,3.660101691742037,1,0,1,0
4300,4300.0,43.0,-5.1999999999999975,-5.3631116284385465,-1.3801537473158825,0.16311162843854898,3.819846252684115,3.656734624245566,1,0,1,0
4301,4301.0,43.01,-5.1999999999999975,-5.363936493373971,-1.384725910328375,0.1639364933739733,3.8152740896716226,3.6513375962976493,1,0,1,0
4302,4302.0,43.02,-5.1999999999999975,-5.362097277723302,-1.3866441469437154,0.16209727772330407,3.813355853056282,3.651258575332978,1,0,1,0
4303,4303.0,43.03,-5.1999999999999975,-5.362497874420108,-1.3892468752798441,0.16249787442011066,3.8107531247201534,3.6482552503000427,1,0,1,0
4304,4304.0,43.04,-5.1999999999999975,-5.3638395993808885,-1.3929174798340564,0.163839599380891,3.807082520165941,3.64324292078505,1,0,1,0
4305,4305.0,43.05,-5.1999999999999975,-5.364961972732588,-1.396560886635056,0.1649619727325904,3.8034391133649414,3.638477140632351,1,0,1,0
4306,4306.0,43.06,-5.1999999999999975,-5.3664040263973645,-1.4005230194541378,0.16640402639736696,3.79947698054586,3.633072954148493,1,0,1,0
4307,4307.0,43.07,-5.1999999999999975,-5.366774152511748,-1.4028918935517531,0.1667741525117501,3.7971081064482446,3.6303339539364945,1,0,1,0
4308,4308.0,43.08,-5.1999999999999975,-5.366953624971138,-1.4056601389107704,0.16695362497114008,3.7943398610892274,3.6273862361180873,1,0,1,0
4309,4309.0,43.09,-5.1999999999999975,-5.36731527590395,-1.4099362842340737,0.16731527590395245,3.790063715765924,3.6227484398619714,1,0,1,0
4310,4310.0,43.1,-5.1999999999999975,-5.364259419897323,-1.4136025518833657,0.1642594198973253,3.786397448116632,3.6221380282193065,1,0,1,0
4311,4311.0,43.11,-5.1999999999999975,-5.363607741852065,-1.417659749387744,0.1636077418520676,3.782340250612253,3.6187325087601856,1,0,1,0
4312,4312.0,43.12,-5.1999999999999975,-5.36419323115615,-1.4203357084877495,0.16419323115615292,3.779664291512248,3.615471060356095,1,0,1,0
4313,4313.0,43.13,-5.1999999999999975,-5.364487562538589,-1.4237890769983574,0.1644875625385911,3.7762109230016403,3.611723360463049,1,0,1,0
4314,4314.0,43.14,-5.1999999999999975,-5.364634294587758,-1.42625146890283,0.1646342945877608,3.7737485310971675,3.6091142365094067,1,0,1,0
4315,4315.0,43.15,-5.1999999999999975,-5.364388129287911,-1.4298853482180096,0.16438812928791346,3.770114651781988,3.6057265224940744,1,0,1,0
4316,4316.0,43.16,-5.1999999999999975,-5.361966957066685,-1.4346816073455035,0.16196695706668773,3.765318392654494,3.6033514355878062,1,0,1,0
4317,4317.0,43.17,-5.1999999999999975,-5.3624284647504075,-1.4388673510865382,0.16242846475040995,3.7611326489134593,3.5987041841630494,1,0,1,0
4318,4318.0,43.18,-5.1999999999999975,-5.360549846334465,-1.4405229704434177,0.1605498463344679,3.75947702955658,3.598927183222112,1,0,1,0
4319,4319.0,43.19,-5.1999999999999975,-5.361039812777635,-1.443279427616099,0.1610398127776378,3.7567205723838986,3.5956807596062608,1,0,1,0
4320,4320.0,43.2,-5.1999999999999975,-5.362169341518964,-1.445649838054658,0.16216934151896645,3.7543501619453394,3.592180820426373,1,0,1,0
4321,4321.0,43.21,-5.1999999999999975,-5.361233771271989,-1.447993071316237,0.16123377127199134,3.7520069286837607,3.5907731574117694,1,0,1,0
4322,4322.0,43.22,-5.1999999999999975,-5.361759690916711,-1.4501193197313713,0.16175969091671316,3.7498806802686264,3.5881209893519133,1,0,1,0
4323,4323.0,43.23,-5.1999999999999975,-5.361721293881106,-1.451944212622137,0.16172129388110879,3.7480557873778606,3.586334493496752,1,0,1,0
4324,4324.0,43.24,-5.1999999999999975,-5.360766411413081,-1.454811630674938,0.1607664114130838,3.7451883693250596,3.584421957911976,1,0,1,0
4325,4325.0,43.25,-5.1999999999999975,-5.360599766534971,-1.4574650505862745,0.16059976653497365,3.7425349494137228,3.581935182878749,1,0,1,0
4326,4326.0,43.26,-5.1999999999999975,-5.361206370299098,-1.4591699076116351,0.16120637029910068,3.7408300923883626,3.579623722089262,1,0,1,0
4327,4327.0,43.27,-5.1999999999999975,-5.3599651463302145,-1.4598178397223058,0.15996514633021697,3.7401821602776915,3.5802170139474745,1,0,1,0
4328,4328.0,43.28,-5.1999999999999975,-5.3576569066064055,-1.4600656670129248,0.15765690660640796,3.7399343329870725,3.5822774263806645,1,0,1,0
4329,4329.0,43.29,-5.1999999999999975,-5.357547562930167,-1.4624839770620843,0.15754756293016925,3.737516022937913,3.579968460007744,1,0,1,0
4330,4330.0,43.3,-5.1999999999999975,-5.355901029301376,-1.4629228561936551,0.15590102930137828,3.737077143806342,3.581176114504964,1,0,1,0
4331,4331.0,43.31,-5.1999999999999975,-5.356856757439631,-1.4636226869378508,0.15685675743963312,3.736377313062147,3.579520555622514,1,0,1,0
4332,4332.0,43.32,-5.1999999999999975,-5.358777073086217,-1.4642796689954138,0.15877707308621947,3.7357203310045834,3.576943257918364,1,0,1,0
4333,4333.0,43.33,-5.1999999999999975,-5.358993581262877,-1.4661549150252446,0.15899358126287932,3.733845084974753,3.5748515037118738,1,0,1,0
4334,4334.0,43.34,-5.1999999999999975,-5.358073865722749,-1.4691531400211477,0.15807386572275117,3.7308468599788496,3.5727729942560984,1,0,1,0
4335,4335.0,43.35,-5.1999999999999975,-5.359569000353168,-1.4710907809932827,0.15956900035317023,3.728909219006715,3.5693402186535446,1,0,1,0
4336,4336.0,43.36,-5.1999999999999975,-5.361497708581556,-1.4731036920424074,0.16149770858155854,3.72689630795759,3.5653985993760315,1,0,1,0
4337,4337.0,43.37,-5.1999999999999975,-5.362315339491065,-1.4751885540692726,0.1623153394910677,3.724811445930725,3.5624961064396574,1,0,1,0
4338,4338.0,43.38,-5.1999999999999975,-5.362230788695397,-1.4792921823413685,0.16223078869539975,3.720707817658629,3.558477028963229,1,0,1,0
4339,4339.0,43.39,-5.1999999999999975,-5.3644703896594566,-1.4803887759172185,0.16447038965945904,3.719611224082779,3.55514083442332,1,0,1,0
4340,4340.0,43.4,-5.1999999999999975,-5.3650744996553765,-1.481908875043815,0.16507449965537901,3.7180911249561825,3.5530166253008035,1,0,1,0
4341,4341.0,43.41,-5.1999999999999975,-5.364906534533452,-1.4853472188136583,0.16490653453345416,3.7146527811863392,3.549746246652885,1,0,1,0
4342,4342.0,43.42,-5.1999999999999975,-5.366961279112208,-1.4873675687667864,0.16696127911221037,3.712632431233211,3.5456711521210007,1,0,1,0
4343,4343.0,43.43,-5.1999999999999975,-5.369300215689565,-1.4899268761689375,0.16930021568956732,3.71007312383106,3.5407729081414927,1,0,1,0
4344,4344.0,43.44,-5.1999999999999975,-5.370541818268599,-1.4912085190270024,0.17054181826860138,3.7087914809729954,3.538249662704394,1,0,1,0
4345,4345.0,43.45,-5.1999999999999975,-5.372002847487289,-1.493446995068555,0.1720028474872919,3.7065530049314424,3.5345501574441505,1,0,1,0
4346,4346.0,43.46,-5.1999999999999975,-5.371374795580197,-1.4967639203360967,0.1713747955801992,3.703236079663901,3.5318612840837016,1,0,1,0
4347,4347.0,43.47,-5.1999999999999975,-5.37179837574726,-1.4991708034998434,0.17179837574726253,3.700829196500154,3.5290308207528915,1,0,1,0
4348,4348.0,43.48,-5.1999999999999975,-5.373187735656727,-1.5020708623666827,0.17318773565672974,3.6979291376333148,3.524741401976585,1,0,1,0
4349,4349.0,43.49,-5.1999999999999975,-5.376282843972443,-1.5035946252210561,0.1762828439724453,3.6964053747789416,3.5201225308064963,1,0,1,0
4350,4350.0,43.5,-5.1999999999999975,-5.378534748649391,-1.5070168115144187,0.17853474864939312,3.692983188485579,3.514448439836186,1,0,1,0
4351,4351.0,43.51,-5.1999999999999975,-5.378871980827656,-1.5094923802754265,0.1788719808276582,3.690507619724571,3.5116356388969128,1,0,1,0
4352,4352.0,43.52,-5.1999999999999975,-5.377853338103775,-1.5119159703745246,0.17785333810377768,3.6880840296254727,3.510230691521695,1,0,1,0
4353,4353.0,43.53,-5.1999999999999975,-5.3784528059255425,-1.5158380836268568,0.17845280592554502,3.6841619163731405,3.5057091104475955,1,0,1,0
4354,4354.0,43.54,-5.1999999999999975,-5.377789635088563,-1.519628051117708,0.1777896350885655,3.6803719488822892,3.5025823137937238,1,0,1,0
4355,4355.0,43.55,-5.1999999999999975,-5.3798572937550615,-1.5214945085362652,0.17985729375506398,3.6785054914637323,3.4986481977086683,1,0,1,0
4356,4356.0,43.56,-5.1999999999999975,-5.381941661931927,-1.5241141378956689,0.18194166193192984,3.6758858621043284,3.4939442001723986,1,0,1,0
4357,4357.0,43.57,-5.1999999999999975,-5.38480663096802,-1.5270853494597532,0.18480663096802274,3.6729146505402444,3.4881080195722216,1,0,1,0
4358,4358.0,43.58,-5.1999999999999975,-5.387641892699476,-1.5291866699322594,0.18764189269947806,3.6708133300677384,3.4831714373682603,1,0,1,0
4359,4359.0,43.59,-5.1999999999999975,-5.390533810332171,-1.531280659809335,0.1905338103321732,3.6687193401906626,3.4781855298584894,1,0,1,0
4360,4360.0,43.6,-5.1999999999999975,-5.390043869460439,-1.5333262363679587,0.1900438694604416,3.666673763632039,3.476629894171597,1,0,1,0
4361,4361.0,43.61,-5.1999999999999975,-5.389765247297948,-1.536439834238,0.18976524729795052,3.6635601657619974,3.473794918464047,1,0,1,0
4362,4362.0,43.62,-5.1999999999999975,-5.390018783404705,-1.5385747437311528,0.19001878340470757,3.6614252562688447,3.471406472864137,1,0,1,0
4363,4363.0,43.63,-5.1999999999999975,-5.391698150160056,-1.5408526614831568,0.1916981501600583,3.6591473385168407,3.4674491883567824,1,0,1,0
4364,4364.0,43.64,-5.1999999999999975,-5.395143176091793,-1.5425605215464337,0.1951431760917952,3.657439478453564,3.4622963023617688,1,0,1,0
4365,4365.0,43.65,-5.1999999999999975,-5.398805210416318,-1.5467171012666558,0.19880521041632004,3.653282898733342,3.454477688317022,1,0,1,0
4366,4366.0,43.66,-5.1999999999999975,-5.401538621770741,-1.5503512689255388,0.20153862177074355,3.6496487310744588,3.448110109303715,1,0,1,0
4367,4367.0,43.67,-5.1999999999999975,-5.403768084570161,-1.5520377435381405,0.2037680845701635,3.647962256461857,3.4441941718916933,1,0,1,0
4368,4368.0,43.68,-5.1999999999999975,-5.4043723670824635,-1.5537453835972208,0.20437236708246598,3.6462546164027767,3.4418822493203107,1,0,1,0
4369,4369.0,43.69,-5.1999999999999975,-5.404121656474382,-1.5554903379547438,0.20412165647438485,3.6445096620452535,3.4403880055708687,1,0,1,0
4370,4370.0,43.7,-5.1999999999999975,-5.40530564775653,-1.5583914747839835,0.20530564775653293,3.641608525216014,3.436302877459481,1,0,1,0
4371,4371.0,43.71,-5.1999999999999975,-5.407928570573322,-1.5614823675159972,0.20792857057332448,3.6385176324840005,3.430589061910676,1,0,1,0
4372,4372.0,43.72,-5.1999999999999975,-5.408474946436713,-1.564075082676818,0.2084749464367155,3.6359249173231794,3.427449970886464,1,0,1,0
4373,4373.0,43.73,-5.1999999999999975,-5.411757337610094,-1.5680559340238869,0.21175733761009674,3.6319440659761106,3.420186728366014,1,0,1,0
4374,4374.0,43.74,-5.1999999999999975,-5.415097370391582,-1.5710153700007479,0.21509737039158416,3.6289846299992496,3.4138872596076655,1,0,1,0
4375,4375.0,43.75,-5.1999999999999975,-5.4181360050383915,-1.5745311388742302,0.21813600503839403,3.6254688611257673,3.4073328560873732,1,0,1,0
4376,4376.0,43.76,-5.1999999999999975,-5.41967320812588,-1.576979240162579,0.2196732081258821,3.6230207598374182,3.403347551711536,1,0,1,0
4377,4377.0,43.77,-5.1999999999999975,-5.420909924729342,-1.5799955803261867,0.22090992472934445,3.620004419673811,3.3990944949444666,1,0,1,0
4378,4378.0,43.78,-5.1999999999999975,-5.423760809753548,-1.5840255222339803,0.22376080975355084,3.6159744777660174,3.3922136680124666,1,0,1,0
4379,4379.0,43.79,-5.1999999999999975,-5.426725559046175,-1.5872686919263705,0.22672555904617742,3.612731308073627,3.3860057490274498,1,0,1,0
4380,4380.0,43.8,-5.1999999999999975,-5.430461912501844,-1.591779503470779,0.23046191250184656,3.608220496529219,3.3777585840273723,1,0,1,0
4381,4381.0,43.81,-5.1999999999999975,-5.43231458568283,-1.5947774296713462,0.2323145856828326,3.6052225703286513,3.3729079846458188,1,0,1,0
4382,4382.0,43.82,-5.1999999999999975,-5.434067271457646,-1.5981965632147512,0.23406727145764883,3.6018034367852465,3.3677361653275977,1,0,1,0
4383,4383.0,43.83,-5.1999999999999975,-5.433867476894734,-1.6017955444039007,0.2338674768947362,3.598204455596097,3.3643369787013606,1,0,1,0
4384,4384.0,43.84,-5.1999999999999975,-5.4328693630328715,-1.605040000158584,0.23286936303287398,3.5949599998414135,3.3620906368085395,1,0,1,0
4385,4385.0,43.85,-5.1999999999999975,-5.43506516299203,-1.6081415301304987,0.23506516299203284,3.591858469869499,3.3567933068774662,1,0,1,0
4386,4386.0,43.86,-5.1999999999999975,-5.435275378046205,-1.6115907723544922,0.23527537804620735,3.5884092276455055,3.353133849599298,1,0,1,0
4387,4387.0,43.87,-5.1999999999999975,-5.4356624283857204,-1.61628042146939,0.23566242838572293,3.5837195785306077,3.348057150144885,1,0,1,0
4388,4388.0,43.88,-5.1999999999999975,-5.437127358570474,-1.6214050049117117,0.2371273585704765,3.578594995088286,3.3414676365178093,1,0,1,0
4389,4389.0,43.89,-5.1999999999999975,-5.438171231561726,-1.6252373981231456,0.23817123156172837,3.574762601876852,3.3365913703151238,1,0,1,0
4390,4390.0,43.9,-5.1999999999999975,-5.440360065749324,-1.627963980267112,0.24036006574932678,3.5720360197328853,3.3316759539835585,1,0,1,0
4391,4391.0,43.91,-5.1999999999999975,-5.442310043892011,-1.631197680853681,0.24231004389201338,3.5688023191463163,3.326492275254303,1,0,1,0
4392,4392.0,43.92,-5.1999999999999975,-5.442948186374919,-1.6360190319692167,0.24294818637492188,3.563980968030781,3.321032781655859,1,0,1,0
4393,4393.0,43.93,-5.1999999999999975,-5.4435568478458745,-1.6410069068698137,0.24355684784587694,3.5589930931301836,3.3154362452843067,1,0,1,0
4394,4394.0,43.94,-5.1999999999999975,-5.444281652626671,-1.645488971727955,0.24428165262667356,3.5545110282720422,3.3102293756453687,1,0,1,0
4395,4395.0,43.95,-5.1999999999999975,-5.446112811929678,-1.6493360339609793,0.24611281192968093,3.5506639660390182,3.3045511541093373,1,0,1,0
4396,4396.0,43.96,-5.1999999999999975,-5.447716267512069,-1.65315740837352,0.24771626751207165,3.5468425916264774,3.2991263241144058,1,0,1,0
4397,4397.0,43.97,-5.1999999999999975,-5.44898075897104,-1.6555225044905382,0.24898075897104288,3.5444774955094593,3.2954967365384165,1,0,1,0
4398,4398.0,43.98,-5.1999999999999975,-5.448773081323923,-1.6599372212725467,0.24877308132392528,3.540062778727451,3.2912896974035255,1,0,1,0
4399,4399.0,43.99,-5.1999999999999975,-5.447095763074862,-1.663498883062147,0.24709576307486447,3.5365011169378504,3.289405353862986,1,0,1,0
4400,4400.0,44.0,-5.1999999999999975,-5.446218226752297,-1.666889034858491,0.24621822675229943,3.5331109651415065,3.286892738389207,1,0,1,0
4401,4401.0,44.01,-5.1997845370370355,-5.441772283780612,-1.6703867681711393,0.24198774674357626,3.529397768865896,3.28741002212232,1,0,1,0
4402,4402.0,44.02,-5.1995690740740725,-5.438314429641679,-1.6753529284437272,0.23874535556760623,3.524216145630345,3.285470790062739,1,0,1,0
4403,4403.0,44.03,-5.1993536111111105,-5.434342798841479,-1.6811006413734608,0.2349891877303687,3.5182529697376497,3.283263782007281,1,0,1,0
4404,4404.0,44.04,-5.199138148148148,-5.429190037047884,-1.6829643241265995,0.2300518888997365,3.516173824021548,3.2861219351218116,1,0,1,0
4405,4405.0,44.05,-5.1989226851851855,-5.425785701189678,-1.6880520076332808,0.22686301600449266,3.510870677551905,3.2840076615474123,1,0,1,0
4406,4406.0,44.06,-5.198281111111112,-5.4222841011963725,-1.6920337492183535,0.22400299008526048,3.5062473618927585,3.282244371807498,1,0,1,0
4407,4407.0,44.07,-5.197639537037035,-5.417900919908024,-1.6967106174739695,0.22026138287098895,3.5009289195630657,3.280667536692077,1,0,1,0
4408,4408.0,44.08,-5.1969979629629615,-5.412106750746895,-1.701209595706717,0.21510878778393394,3.495788367256244,3.2806795794723103,1,0,1,0
4409,4409.0,44.09,-5.196356388888889,-5.40604357514128,-1.7031309972893915,0.20968718625239102,3.4932253915994975,3.2835382053471065,1,0,1,0
4410,4410.0,44.1,-5.195714814814816,-5.4034599986347445,-1.7081120581377878,0.20774518381992824,3.4876027566770285,3.2798575728571002,1,0,1,0
4411,4411.0,44.11,-5.1946543518518515,-5.400313828460283,-1.711426266860618,0.20565947660843165,3.4832280849912336,3.277568608382802,1,0,1,0
4412,4412.0,44.12,-5.193593888888892,-5.397858843595534,-1.7158562073223933,0.20426495470664197,3.4777376815664987,3.2734727268598567,1,0,1,0
4413,4413.0,44.13,-5.192533425925927,-5.3936446705724235,-1.7198709926902964,0.20111124464649688,3.47266243323563,3.2715511885891333,1,0,1,0
4414,4414.0,44.14,-5.191472962962961,-5.388285296176199,-1.7245774695180318,0.19681233321323788,3.4668954934449294,3.2700831602316915,1,0,1,0
4415,4415.0,44.15,-5.190412500000001,-5.387523238876941,-1.7294003423729567,0.19711073887694042,3.461012157627044,3.2639014187501036,1,0,1,0
4416,4416.0,44.16,-5.188940370370371,-5.383352643845837,-1.7339173744449292,0.1944122734754652,3.455022995925442,3.260610722449977,1,0,1,0
4417,4417.0,44.17,-5.187468240740743,-5.37898783997288,-1.7397190308680766,0.19151959923213724,3.4477492098726663,3.256229610640529,1,0,1,0
4418,4418.0,44.18,-5.185996111111113,-5.3756269600695905,-1.743935380818684,0.18963084895847793,3.442060730292429,3.252429881333951,1,0,1,0
4419,4419.0,44.19,-5.184523981481483,-5.371463519166502,-1.748471079254486,0.18693953768501892,3.436052902226997,3.2491133645419783,1,0,1,0
4420,4420.0,44.2,-5.183051851851854,-5.366650439584359,-1.7532110299917563,0.18359858773250526,3.4298408218600978,3.2462422341275925,1,0,1,0
4421,4421.0,44.21,-5.181175277777776,-5.3608103782330625,-1.757875430811732,0.17963510045528608,3.4232998469660445,3.2436647465107584,1,0,1,0
4422,4422.0,44.22,-5.179298703703706,-5.353006824564415,-1.7613949874502408,0.17370812086070853,3.4179037162534653,3.244195595392757,1,0,1,0
4423,4423.0,44.23,-5.17742212962963,-5.346821931352737,-1.7644642309955825,0.16939980172310776,3.412957898634047,3.2435580969109394,1,0,1,0
4424,4424.0,44.24,-5.175545555555553,-5.341565838765722,-1.7689329349307215,0.1660202832101687,3.4066126206248315,3.240592337414663,1,0,1,0
4425,4425.0,44.25,-5.173668981481482,-5.339567782406164,-1.770515264899313,0.16589880092468157,3.4031537165821693,3.2372549156574877,1,0,1,0
4426,4426.0,44.26,-5.171395185185187,-5.332908142999823,-1.7743997585883649,0.1615129578146366,3.396995426596822,3.2354824687821853,1,0,1,0
4427,4427.0,44.27,-5.169121388888886,-5.329160429160697,-1.7777489481218245,0.16003904027181104,3.3913724407670616,3.2313334004952505,1,0,1,0
4428,4428.0,44.28,-5.166847592592592,-5.326445646128719,-1.7814749200461701,0.15959805353612744,3.3853726725464215,3.225774619010294,1,0,1,0
4429,4429.0,44.29,-5.164573796296296,-5.31992297054703,-1.7861798092937071,0.15534917425073402,3.378393987002589,3.223044812751855,1,0,1,0
4430,4430.0,44.3,-5.162300000000001,-5.314223479233851,-1.7904041127160875,0.15192347923384997,3.3718958872839133,3.2199724080500634,1,0,1,0
4431,4431.0,44.31,-5.159636203703705,-5.309901418036624,-1.7940401709713871,0.15026521433291862,3.365596032732318,3.2153308183993996,1,0,1,0
4432,4432.0,44.32,-5.15697240740741,-5.305727178199375,-1.798653580202201,0.14875477079196564,3.358318827205209,3.2095640564132433,1,0,1,0
4433,4433.0,44.33,-5.154308611111113,-5.303431988524824,-1.8028919041323745,0.1491233774137104,3.3514167069787386,3.202293329565028,1,0,1,0
4434,4434.0,44.34,-5.151644814814817,-5.300426907773098,-1.80519484901903,0.1487820929582817,3.3464499657957867,3.197667872837505,1,0,1,0
4435,4435.0,44.35,-5.14898101851852,-5.299296624793572,-1.8095275855230444,0.15031560627505236,3.3394534329954757,3.1891378267204233,1,0,1,0
4436,4436.0,44.36,-5.145934444444445,-5.29665712799204,-1.8128151964758394,0.15072268354759455,3.3331192479686056,3.182396564421011,1,0,1,0
4437,4437.0,44.37,-5.14288787037037,-5.29325996395434,-1.8162469457459647,0.15037209358396986,3.3266409246244057,3.176268831040436,1,0,1,0
4438,4438.0,44.38,-5.1398412962962965,-5.290217666759583,-1.8190930651928163,0.15037637046328634,3.3207482311034804,3.170371860640194,1,0,1,0
4439,4439.0,44.39,-5.136794722222222,-5.282535257234917,-1.8246326718460089,0.14574053501269546,3.312162050376213,3.1664215153635173,1,0,1,0
4440,4440.0,44.4,-5.133748148148147,-5.276383503587459,-1.8294727550724361,0.14263535543931205,3.3042753930757107,3.1616400376363987,1,0,1,0
4441,4441.0,44.41,-5.130326018518517,-5.269488825537796,-1.8330341970517516,0.13916280701927963,3.2972918214667652,3.1581290144474856,1,0,1,0
4442,4442.0,44.42,-5.126903888888887,-5.264030457335938,-1.8368882537706166,0.13712656844705062,3.2900156351182708,3.15288906667122,1,0,1,0
4443,4443.0,44.43,-5.123481759259256,-5.261817233916187,-1.839515697294851,0.1383354746569303,3.2839660619644055,3.1456305873074752,1,0,1,0
4444,4444.0,44.44,-5.120059629629632,-5.258630041593728,-1.8429441369901651,0.13857041196409536,3.277115492639467,3.138545080675372,1,0,1,0
4445,4445.0,44.45,-5.116637499999997,-5.254379503519846,-1.846198483648453,0.13774200351984955,3.2704390163515438,3.132697012831694,1,0,1,0
4446,4446.0,44.46,-5.112847037037033,-5.250045709582853,-1.8477511130713846,0.13719867254581963,3.2650959239656485,3.127897251419829,1,0,1,0
4447,4447.0,44.47,-5.109056574074076,-5.247759885779103,-1.8511592075247343,0.1387033117050267,3.257897366549342,3.119194054844315,1,0,1,0
4448,4448.0,44.48,-5.105266111111108,-5.239814515404914,-1.8530222843810376,0.1345484042938061,3.2522438267300706,3.1176954224362645,1,0,1,0
4449,4449.0,44.49,-5.101475648148146,-5.230835285157034,-1.855898507139995,0.1293596370088883,3.245577141008151,3.1162175039992626,1,0,1,0
4450,4450.0,44.5,-5.097685185185183,-5.224766159146817,-1.8579197356837203,0.1270809739616343,3.239765449501463,3.1126844755398286,1,0,1,0
4451,4451.0,44.51,-5.093533611111111,-5.217143484275999,-1.8606406716696688,0.12360987316488803,3.232892939441442,3.109283066276554,1,0,1,0
4452,4452.0,44.52,-5.089382037037037,-5.211103202162906,-1.8643571941641253,0.1217211651258685,3.225024842872912,3.1033036777470433,1,0,1,0
4453,4453.0,44.53,-5.085230462962965,-5.207125260005657,-1.8656636520866776,0.12189479704269157,3.2195668108762874,3.097672013833596,1,0,1,0
4454,4454.0,44.54,-5.081078888888888,-5.201739933872774,-1.8697085541861544,0.12066104498388608,3.211370334702733,3.090709289718847,1,0,1,0
4455,4455.0,44.55,-5.076927314814815,-5.196285869992733,-1.871663391576017,0.11935855517791794,3.205263923238798,3.08590536806088,1,0,1,0
4456,4456.0,44.56,-5.07242185185185,-5.189719688406419,-1.8752432580970593,0.11729783655456938,3.1971785937547903,3.079880757200221,1,0,1,0
4457,4457.0,44.57,-5.06791638888889,-5.184327136453465,-1.8787989177953246,0.11641074756457481,3.1891174710935655,3.0727067235289907,1,0,1,0
4458,4458.0,44.58,-5.063410925925925,-5.179032496852632,-1.881401675568581,0.11562157092670766,3.1820092503573436,3.066387679430636,1,0,1,0
4459,4459.0,44.59,-5.05890546296296,-5.173975177569326,-1.8833177583392897,0.11506971460636617,3.17558770462367,3.0605179900173036,1,0,1,0
4460,4460.0,44.6,-5.054400000000001,-5.165407333552804,-1.8862398949853252,0.11100733355280301,3.168160105014676,3.057152771461873,1,0,1,0
4461,4461.0,44.61,-5.049547870370372,-5.158267626020663,-1.8906672455230016,0.10871975565029146,3.15888062484737,3.0501608691970787,1,0,1,0
4462,4462.0,44.62,-5.0446957407407425,-5.152765071586693,-1.8930720749834857,0.10806933084595016,3.1516236657572567,3.0435543349113066,1,0,1,0
4463,4463.0,44.63,-5.039843611111108,-5.14590861062759,-1.8954338213898325,0.10606499951648196,3.1444097897212755,3.0383447902047935,1,0,1,0
4464,4464.0,44.64,-5.0349914814814785,-5.137924101827071,-1.8969535813349254,0.1029326203455927,3.138037900146553,3.0351052798009603,1,0,1,0
4465,4465.0,44.65,-5.030139351851849,-5.131941665255629,-1.8997507309623562,0.10180231340377954,3.1303886208894927,3.028586307485713,1,0,1,0
4466,4466.0,44.66,-5.024947777777774,-5.128416583465439,-1.9038864556892536,0.10346880568766537,3.1210613220885204,3.017592516400855,1,0,1,0
4467,4467.0,44.67,-5.019756203703704,-5.122667967322826,-1.9065154090270247,0.10291176361912235,3.1132407946766794,3.010329031057557,1,0,1,0
4468,4468.0,44.68,-5.014564629629628,-5.115809904970646,-1.9088203847308427,0.10124527534101802,3.105744244898785,3.004498969557767,1,0,1,0
4469,4469.0,44.69,-5.009373055555558,-5.109519991718058,-1.9118999417359512,0.10014693616250003,3.097473113819606,2.997326177657106,1,0,1,0
4470,4470.0,44.7,-5.004181481481481,-5.10273124580847,-1.9161528392637663,0.09854976432698859,3.088028642217715,2.9894788778907264,1,0,1,0
4471,4471.0,44.71,-4.998657685185187,-5.094433495154024,-1.920390220009416,0.09577580996883661,3.078267465175771,2.9824916552069345,1,0,1,0
4472,4472.0,44.72,-4.993133888888888,-5.087281148266051,-1.922804754091753,0.09414725937716284,3.0703291347971353,2.9761818754199725,1,0,1,0
4473,4473.0,44.73,-4.987610092592588,-5.083020225190715,-1.9260045529150456,0.09541013259812736,3.0616055396775423,2.966195407079415,1,0,1,0
4474,4474.0,44.74,-4.982086296296294,-5.075746670755743,-1.9278314297625214,0.09366037445944908,3.0542548665337725,2.9605944920743235,1,0,1,0
4475,4475.0,44.75,-4.9765625,-5.06777017971053,-1.929158248263279,0.09120767971053034,3.047404251736721,2.9561965720261907,1,0,1,0
4476,4476.0,44.76,-4.970713703703705,-5.059763300650359,-1.9327432340817086,0.08904959694665404,3.0379704696219965,2.9489208726753424,1,0,1,0
4477,4477.0,44.77,-4.964864907407404,-5.0531528984462835,-1.9357153323408838,0.08828799103887963,3.02914957506652,2.9408615840276404,1,0,1,0
4478,4478.0,44.78,-4.959016111111109,-5.0472811776200786,-1.9368422766402376,0.0882650665089697,3.0221738344708715,2.933908767961902,1,0,1,0
4479,4479.0,44.79,-4.953167314814813,-5.0384534410954345,-1.9389989165908366,0.08528612628062149,3.014168398223976,2.9288822719433547,1,0,1,0
4480,4480.0,44.8,-4.947318518518518,-5.032707377648077,-1.9403741937922572,0.08538885912955863,3.006944324726261,2.921555465596702,1,0,1,0
4481,4481.0,44.81,-4.941151944444445,-5.026837907978119,-1.9423563080639206,0.08568596353367397,2.9987956363805246,2.9131096728468506,1,0,1,0
4482,4482.0,44.82,-4.934985370370372,-5.022540586394435,-1.943456383591908,0.08755521602406269,2.991528986778464,2.9039737707544013,1,0,1,0
4483,4483.0,44.83,-4.928818796296298,-5.017336896685721,-1.9449755879374035,0.08851810038942265,2.9838432083588944,2.8953251079694717,1,0,1,0
4484,4484.0,44.84,-4.9226522222222195,-5.013510782568835,-1.9471773706834437,0.09085856034661521,2.9754748515387757,2.8846162911921605,1,0,1,0
4485,4485.0,44.85,-4.9164856481481465,-5.008172564133698,-1.9512181145133725,0.09168691598555156,2.965267533634774,2.8735806176492225,1,0,1,0
4486,4486.0,44.86,-4.910008518518517,-4.99950341662887,-1.953585031375477,0.0894948981103525,2.9564234871430406,2.866928589032688,1,0,1,0
4487,4487.0,44.87,-4.903531388888888,-4.993967547291815,-1.9546521606066534,0.09043615840292674,2.9488792282822347,2.858443069879308,1,0,1,0
4488,4488.0,44.88,-4.89705425925926,-4.986213959629718,-1.955788084363099,0.08915970037045806,2.9412661748961613,2.852106474525703,1,0,1,0
4489,4489.0,44.89,-4.890577129629632,-4.980578227714179,-1.9576326489177132,0.0900010980845467,2.9329444807119187,2.842943382627372,1,0,1,0
4490,4490.0,44.9,-4.884100000000003,-4.972092144038788,-1.9589295810907879,0.08799214403878519,2.925170418909215,2.8371782748704297,1,0,1,0
4491,4491.0,44.91,-4.877319537037036,-4.967205831713033,-1.9617254898174674,0.08988629467599729,2.9155940472195687,2.8257077525435714,1,0,1,0
4492,4492.0,44.92,-4.870539074074076,-4.959536911174347,-1.9621205005334754,0.08899783710027087,2.9084185735406,2.819420736440329,1,0,1,0
4493,4493.0,44.93,-4.863758611111114,-4.9546555170132764,-1.963715316164629,0.09089690590216204,2.900043294946485,2.809146389044323,1,0,1,0
4494,4494.0,44.94,-4.856978148148148,-4.944795284924137,-1.9649906018615177,0.08781713677598901,2.89198754628663,2.804170409510641,1,0,1,0
4495,4495.0,44.95,-4.850197685185181,-4.938583902390037,-1.9662290973287027,0.08838621720485573,2.8839685878564785,2.7955823706516227,1,0,1,0
4496,4496.0,44.96,-4.84312111111111,-4.932143342496593,-1.9668608895768298,0.08902223138548315,2.87626022153428,2.787237990148797,1,0,1,0
4497,4497.0,44.97,-4.83604453703704,-4.926986682969185,-1.9674586568136176,0.09094214593214467,2.8685858802234225,2.777643734291278,1,0,1,0
4498,4498.0,44.98,-4.828967962962963,-4.917660574228808,-1.9690993056276613,0.08869261126584504,2.859868657335302,2.7711760460694568,1,0,1,0
4499,4499.0,44.99,-4.821891388888887,-4.911300348372096,-1.9701913867100602,0.08940895948320904,2.851700002178827,2.762291042695618,1,0,1,0
4500,4500.0,45.0,-4.814814814814817,-4.903681881750106,-1.9706663810787803,0.08886706693528978,2.844148433736036,2.7552813668007463,1,0,1,0
4501,4501.0,45.01,-4.807449351851854,-4.896514008938306,-1.971970153356166,0.0890646570864515,2.8354791984956886,2.746414541409237,1,0,1,0
4502,4502.0,45.02,-4.800083888888885,-4.889676891312612,-1.9737717498136178,0.08959300242372681,2.8263121390752675,2.7367191366515407,1,0,1,0
4503,4503.0,45.03,-4.792718425925927,-4.883614328571015,-1.9750567253423366,0.09089590264508818,2.8176617005835904,2.7267657979385023,1,0,1,0
4504,4504.0,45.04,-4.785352962962965,-4.874050767892051,-1.9758004526605812,0.08869780492908586,2.8095525103023835,2.7208547053732977,1,0,1,0
4505,4505.0,45.05,-4.7779874999999965,-4.867424767408683,-1.9770531850383841,0.08943726740868652,2.800934314961612,2.7114970475529256,1,0,1,0
4506,4506.0,45.06,-4.77034037037037,-4.863153525311415,-1.978936716784348,0.09281315494104536,2.791403653586022,2.6985904986449767,1,0,1,0
4507,4507.0,45.07,-4.762693240740743,-4.856009383929753,-1.9817168243063787,0.09331614318900971,2.7809764164343647,2.687660273245355,1,0,1,0
4508,4508.0,45.08,-4.755046111111111,-4.848643226230265,-1.981733215519439,0.09359711511915414,2.7733128955916717,2.6797157804725176,1,0,1,0
4509,4509.0,45.09,-4.747398981481478,-4.839376011078305,-1.9816639878115656,0.09197702959682719,2.7657349936699123,2.673757964073085,1,0,1,0
4510,4510.0,45.1,-4.739751851851851,-4.834202872372532,-1.9828647254787166,0.09445102052068055,2.756887126373135,2.6624361058524544,1,0,1,0
4511,4511.0,45.11,-4.731830277777778,-4.828130094348741,-1.9853499001209187,0.09629981657096298,2.7464803776568596,2.6501805610858966,1,0,1,0
4512,4512.0,45.12,-4.723908703703705,-4.822573584065722,-1.9877710152647527,0.09866488036201737,2.7361376884389523,2.637472808076935,1,0,1,0
4513,4513.0,45.13,-4.715987129629625,-4.812352816843081,-1.9874334404158487,0.09636568721345551,2.7285536892137765,2.632188002000321,1,0,1,0
4514,4514.0,45.14,-4.7080655555555575,-4.803481584409362,-1.988104409017018,0.09541602885380485,2.7199611465385396,2.6245451176847348,1,0,1,0
4515,4515.0,45.15,-4.700143981481484,-4.796971631381585,-1.9884106532397907,0.09682764990010106,2.7117333282416936,2.6149056783415925,1,0,1,0
4516,4516.0,45.16,-4.691955185185183,-4.788138929775882,-1.9900917220454943,0.09618374459069923,2.7018634631396887,2.6056797185489895,1,0,1,0
4517,4517.0,45.17,-4.68376638888889,-4.778521155320995,-1.9892982675637985,0.09475476643210445,2.694468121325092,2.5997133548929874,1,0,1,0
4518,4518.0,45.18,-4.675577592592594,-4.769701824934116,-1.9891562447113442,0.0941242323415219,2.68642134788125,2.5922971155397283,1,0,1,0
4519,4519.0,45.19,-4.667388796296297,-4.759591046859753,-1.9884665523936944,0.09220225056345566,2.678922243902603,2.5867199933391474,1,0,1,0
4520,4520.0,45.2,-4.6592,-4.750895838089431,-1.987339674804264,0.09169583808943038,2.6718603251957362,2.580164487106306,1,0,1,0
4521,4521.0,45.21,-4.650751203703702,-4.742178622413527,-1.9882537946906562,0.09142741870982452,2.662497409013046,2.5710699903032217,1,0,1,0
4522,4522.0,45.22,-4.64230240740741,-4.736129386553561,-1.9880971903353302,0.09382697914615079,2.6542052170720796,2.560378237925929,1,0,1,0
4523,4523.0,45.23,-4.633853611111107,-4.727674775431013,-1.9879245813751094,0.09382116431990628,2.6459290297359974,2.552107865416091,1,0,1,0
4524,4524.0,45.24,-4.625404814814814,-4.7190251909878835,-1.986647398653962,0.09362037617306918,2.6387574161608525,2.5451370399877833,1,0,1,0
4525,4525.0,45.25,-4.616956018518517,-4.709320149647577,-1.9860919096046368,0.09236413112906039,2.6308641089138796,2.538499977784819,1,0,1,0
4526,4526.0,45.26,-4.608254444444446,-4.701167991196745,-1.9864001700900982,0.09291354675229879,2.621854274354348,2.5289407276020492,1,0,1,0
4527,4527.0,45.27,-4.5995528703703705,-4.690123148038279,-1.985629743415874,0.0905702776679087,2.6139231269544965,2.5233528492865878,1,0,1,0
4528,4528.0,45.28,-4.590851296296295,-4.680993911314066,-1.9838329237215118,0.0901426150177711,2.607018372574783,2.516875757557012,1,0,1,0
4529,4529.0,45.29,-4.5821497222222245,-4.67384410215851,-1.9821080121583443,0.09169437993628549,2.60004171006388,2.5083473301275947,1,0,1,0
4530,4530.0,45.3,-4.573448148148143,-4.665284130535843,-1.9824592847575053,0.09183598238770063,2.5909888633906375,2.499152881002937,1,0,1,0
4531,4531.0,45.31,-4.564501018518517,-4.655004178015642,-1.9824243840641544,0.09050315949712484,2.5820766344543626,2.491573474957238,1,0,1,0
4532,4532.0,45.32,-4.555553888888887,-4.644358771996526,-1.980368227439266,0.08880488310763912,2.5751856614496207,2.4863807783419816,1,0,1,0
4533,4533.0,45.33,-4.546606759259262,-4.6363996587623175,-1.9787133041568368,0.08979289950305525,2.5678934551024257,2.4781005555993705,1,0,1,0
4534,4534.0,45.34,-4.5376596296296245,-4.628404061180444,-1.9773439065312375,0.09074443155081902,2.560315723098387,2.469571291547568,1,0,1,0
4535,4535.0,45.35,-4.5287125,-4.619784768417666,-1.977642757699436,0.09107226841766547,2.551069742300564,2.4599974738828987,1,0,1,0
4536,4536.0,45.36,-4.5195270370370375,-4.606532886754523,-1.9772388178460565,0.08700584971748526,2.542288219190981,2.4552823694734958,1,0,1,0
4537,4537.0,45.37,-4.510341574074079,-4.595784119043408,-1.975244301544549,0.08544254496932879,2.53509727252953,2.449654727560201,1,0,1,0
4538,4538.0,45.38,-4.501156111111111,-4.586836186229037,-1.9732134734552935,0.08568007511792608,2.527942637655818,2.4422625625378918,1,0,1,0
4539,4539.0,45.39,-4.491970648148148,-4.579404030778656,-1.972035940561307,0.08743338263050848,2.519934707586841,2.4325013249563323,1,0,1,0
4540,4540.0,45.4,-4.482785185185184,-4.56844694869677,-1.9703957321379515,0.0856617635115855,2.512389453047233,2.4267276895356473,1,0,1,0
4541,4541.0,45.41,-4.473368611111106,-4.559634427821081,-1.968988068513519,0.08626581670997435,2.5043805425975876,2.4181147258876132,1,0,1,0
4542,4542.0,45.42,-4.463952037037034,-4.550552578455469,-1.9683966451691326,0.0866005414184352,2.495555391867901,2.408954850449466,1,0,1,0
4543,4543.0,45.43,-4.454535462962961,-4.543722055929522,-1.9670453294989088,0.08918659296656095,2.4874901334640525,2.3983035404974915,1,0,1,0
4544,4544.0,45.44,-4.4451188888888895,-4.533432948427657,-1.9671579321862045,0.08831405953876725,2.477960956702685,2.3896468971639178,1,0,1,0
4545,4545.0,45.45,-4.435702314814812,-4.524220775290097,-1.964723441090215,0.08851846047528511,2.4709788737245963,2.3824604132493112,1,0,1,0
4546,4546.0,45.46,-4.426061851851853,-4.512888185013689,-1.9635171548143482,0.08682633316183619,2.4625446970375044,2.3757183638756683,1,0,1,0
4547,4547.0,45.47,-4.416421388888887,-4.504282631218382,-1.9623649594219532,0.08786124232949533,2.4540564294669336,2.3661951871374383,1,0,1,0
4548,4548.0,45.48,-4.406780925925923,-4.49634069178504,-1.9593735309790707,0.08955976585911696,2.447407394946852,2.3578476290877353,1,0,1,0
4549,4549.0,45.49,-4.397140462962959,-4.4858955337510995,-1.9601581674106352,0.0887550707881406,2.4369822955523235,2.348227224764183,1,0,1,0
4550,4550.0,45.5,-4.3875,-4.476531848230058,-1.9585829543575175,0.08903184823005805,2.428917045642483,2.339885197412425,1,0,1,0
4551,4551.0,45.51,-4.377642870370371,-4.466476768819988,-1.9567991219818481,0.08883389844961709,2.4208437483885232,2.332009849938906,1,0,1,0
4552,4552.0,45.52,-4.367785740740738,-4.456218524861204,-1.9551743481395893,0.0884327841204664,2.412611392601148,2.3241786084806817,1,0,1,0
4553,4553.0,45.53,-4.3579286111111095,-4.446296273328119,-1.952342077732489,0.08836766221700909,2.405586533378621,2.3172188711616117,1,0,1,0
4554,4554.0,45.54,-4.348071481481481,-4.435570184043092,-1.9498771804321346,0.08749870256161074,2.3981943010493465,2.3106955984877358,1,0,1,0
4555,4555.0,45.55,-4.338214351851848,-4.425273037616804,-1.9478838320352092,0.08705868576495579,2.3903305198166387,2.303271834051683,1,0,1,0
4556,4556.0,45.56,-4.328147777777773,-4.415443435409359,-1.9459114825979862,0.08729565763158575,2.382236295179787,2.2949406375482013,1,0,1,0
4557,4557.0,45.57,-4.318081203703704,-4.4050887107537,-1.9425425551061384,0.0870075070499956,2.3755386485975656,2.28853114154757,1,0,1,0
4558,4558.0,45.58,-4.30801462962963,-4.3929308763320325,-1.9404907932337705,0.08491624670240228,2.3675238363958595,2.2826075896934572,1,0,1,0
4559,4559.0,45.59,-4.297948055555549,-4.382767721939902,-1.938518143538806,0.08481966638435257,2.3594299120167435,2.274610245632391,1,0,1,0
4560,4560.0,45.6,-4.287881481481481,-4.372580009280075,-1.9367286684547025,0.08469852779859366,2.3511528130267783,2.2664542852281846,1,0,1,0
4561,4561.0,45.61,-4.277612685185188,-4.363351430579719,-1.934921758109605,0.08573874539453108,2.342690927075583,2.256952181681052,1,0,1,0
4562,4562.0,45.62,-4.267343888888891,-4.353231351441582,-1.933693095266649,0.08588746255269086,2.333650793622242,2.2477633310695513,1,0,1,0
4563,4563.0,45.63,-4.257075092592592,-4.3421830097022305,-1.9312821801459163,0.08510791710963872,2.3257929124466754,2.2406849953370367,1,0,1,0
4564,4564.0,45.64,-4.246806296296294,-4.330647510179917,-1.9277311948305447,0.08384121388362331,2.319075101465749,2.2352338875821256,1,0,1,0
4565,4565.0,45.65,-4.236537500000002,-4.317954684451959,-1.9241080583180477,0.08141718445195778,2.312429441681954,2.231012257229996,1,0,1,0
4566,4566.0,45.66,-4.226073703703703,-4.306559256848409,-1.920959308893777,0.0804855531447064,2.3051143948099257,2.2246288416652193,1,0,1,0
4567,4567.0,45.67,-4.215609907407405,-4.2934880679373535,-1.918663244014654,0.07787816052994856,2.2969466633927507,2.219068502862802,1,0,1,0
4568,4568.0,45.68,-4.2051461111111115,-4.28208773883139,-1.915328579554364,0.07694162772027813,2.2898175315567473,2.212875903836469,1,0,1,0
4569,4569.0,45.69,-4.194682314814819,-4.268922215380205,-1.9115121611537276,0.07423990056538621,2.283170153661091,2.208930253095705,1,0,1,0
4570,4570.0,45.7,-4.184218518518515,-4.260132499192787,-1.9080668806506542,0.07591398067427235,2.2761516378678603,2.200237657193588,1,0,1,0
4571,4571.0,45.71,-4.173566944444443,-4.252193971547629,-1.9044923603505668,0.07862702710318636,2.269074584093876,2.19044755699069,1,0,1,0
4572,4572.0,45.72,-4.1629153703703725,-4.243785404723827,-1.9020267157203274,0.0808700343534543,2.260888654650045,2.1800186202965905,1,0,1,0
4573,4573.0,45.73,-4.152263796296291,-4.232459182340187,-1.896892404598692,0.0801953860438962,2.255371391697599,2.175176005653703,1,0,1,0
4574,4574.0,45.74,-4.14161222222222,-4.222061082736692,-1.8920871475518126,0.08044886051447264,2.249525074670407,2.1690762141559343,1,0,1,0
4575,4575.0,45.75,-4.130960648148149,-4.21036632098244,-1.8889429813013994,0.0794056728342909,2.24201766684675,2.162611994012459,1,0,1,0
4576,4576.0,45.76,-4.1201285185185235,-4.197968124958799,-1.8867375517659226,0.07783960644027577,2.2333909667526006,2.155551360312325,1,0,1,0
4577,4577.0,45.77,-4.109296388888886,-4.1848422836254455,-1.8835717819858788,0.07554589473655948,2.2257246069030074,2.150178712166448,1,0,1,0
4578,4578.0,45.78,-4.098464259259256,-4.174324980011886,-1.8795231268768924,0.0758607207526305,2.2189411323823633,2.143080411629733,1,0,1,0
4579,4579.0,45.79,-4.08763212962963,-4.165080256557614,-1.8763493730021377,0.07744812692798408,2.211282756627492,2.133834629699508,1,0,1,0
4580,4580.0,45.8,-4.076799999999993,-4.155707937268162,-1.8734308477168142,0.07890793726816892,2.2033691522831793,2.1244612150150104,1,0,1,0
4581,4581.0,45.81,-4.065794537037035,-4.145406809261126,-1.8713603726825874,0.07961227222409129,2.1944341643544476,2.1148218921303563,1,0,1,0
4582,4582.0,45.82,-4.054789074074072,-4.136365173885755,-1.8673892476248768,0.08157609981168346,2.187399826449195,2.1058237266375115,1,0,1,0
4583,4583.0,45.83,-4.043783611111115,-4.1245941398909345,-1.863473904470563,0.08081052877981953,2.1803097066405517,2.099499177860732,1,0,1,0
4584,4584.0,45.84,-4.032778148148145,-4.112187197835757,-1.8610133666454372,0.07940904968761231,2.1717647815027075,2.092355731815095,1,0,1,0
4585,4585.0,45.85,-4.021772685185183,-4.099214476148736,-1.8570300988873647,0.07744179096355364,2.164742586297818,2.087300795334264,1,0,1,0
4586,4586.0,45.86,-4.01060111111111,-4.086958650785292,-1.8566584374085757,0.07635753967418246,2.1539426737025344,2.077585134028352,1,0,1,0
4587,4587.0,45.87,-3.999429537037037,-4.075609598811772,-1.8536367846732342,0.07618006177473458,2.145792752363803,2.0696126905890684,1,0,1,0
4588,4588.0,45.88,-3.9882579629629595,-4.064543099406563,-1.8506695556142285,0.07628513644360391,2.137588407348731,2.061303270905127,1,0,1,0
4589,4589.0,45.89,-3.9770863888888868,-4.049508490496103,-1.8475976019052518,0.07242210160721596,2.129488786983635,2.057066685376419,1,0,1,0
4590,4590.0,45.9,-3.965914814814815,-4.039432739270015,-1.8433978423673514,0.07351792445519978,2.1225169724474635,2.0489990479922637,1,0,1,0
4591,4591.0,45.91,-3.9545843518518504,-4.026685803829846,-1.8403631168034968,0.07210145197799545,2.114221235048354,2.0421197830703584,1,0,1,0
4592,4592.0,45.92,-3.9432538888888855,-4.0169991404627465,-1.8353867732133087,0.07374525157386103,2.107867115675577,2.034121864101716,1,0,1,0
4593,4593.0,45.93,-3.9319234259259277,-4.003689976224637,-1.8323349602959957,0.07176655029870904,2.0995884656299317,2.0278219153312227,1,0,1,0
4594,4594.0,45.94,-3.9205929629629623,-3.993270949612895,-1.8296129061604904,0.07267798664993252,2.090980056802472,2.0183020701525396,1,0,1,0
4595,4595.0,45.95,-3.9092624999999983,-3.9830770438303214,-1.8270615858092776,0.07381454383032304,2.0822009141907207,2.0083863703603977,1,0,1,0
4596,4596.0,45.96,-3.8977803703703704,-3.97277933080819,-1.8231430728641957,0.0749989604378194,2.0746372975061744,1.999638337068355,1,0,1,0
4597,4597.0,45.97,-3.886298240740743,-3.9594716431713954,-1.8194999253714894,0.07317340243065251,2.0667983153692537,1.9936249129386012,1,0,1,0
4598,4598.0,45.98,-3.874816111111104,-3.9480815078370655,-1.8151412970577672,0.07326539672596155,2.059674814053337,1.9864094173273754,1,0,1,0
4599,4599.0,45.99,-3.863333981481482,-3.936170004086908,-1.8119088299059771,0.07283602260542565,2.051425151575505,1.9785891289700794,1,0,1,0
4600,4600.0,46.0,-3.8518518518518543,-3.922562839626596,-1.8080499554466256,0.07071098777474161,2.0438018964052285,1.9730909086304869,1,0,1,0
4601,4601.0,46.01,-3.8402252777777806,-3.908315797215299,-1.8039066385482945,0.06809051943751854,2.036318639229486,1.9682281197919673,1,0,1,0
4602,4602.0,46.02,-3.828598703703701,-3.8973041683846534,-1.799667092562736,0.0687054646809524,2.028931611140965,1.9602261464600126,1,0,1,0
4603,4603.0,46.03,-3.816972129629627,-3.885479667104292,-1.7936042759615825,0.06850753747466509,2.023367853668044,1.954860316193379,1,0,1,0
4604,4604.0,46.04,-3.8053455555555593,-3.870876730002157,-1.7894955364854548,0.06553117444659762,2.0158500190701045,1.950318844623507,1,0,1,0
4605,4605.0,46.05,-3.79371898148148,-3.854563236507061,-1.785057351229917,0.060844255025580996,2.008661630251563,1.947817375225982,1,0,1,0
4606,4606.0,46.06,-3.781955185185182,-3.8415085423746125,-1.7815802704820778,0.05955335718943067,2.0003749147031042,1.9408215575136736,1,0,1,0
4607,4607.0,46.07,-3.7701913888888905,-3.8293510770356662,-1.7766871356454779,0.059159688146775746,1.9935042532434126,1.9343445650966369,1,0,1,0
4608,4608.0,46.08,-3.7584275925925934,-3.8158773869318314,-1.7714473872379095,0.057449794339238025,1.986980205354684,1.9295304110154459,1,0,1,0
4609,4609.0,46.09,-3.746663796296291,-3.801160632351388,-1.7674205708533681,0.05449683605509703,1.9792432254429229,1.9247463893878258,1,0,1,0
4610,4610.0,46.1,-3.7348999999999997,-3.7861736805127757,-1.7613190649392139,0.05127368051277603,1.9735809350607858,1.9223072545480098,1,0,1,0
4611,4611.0,46.11,-3.723006203703707,-3.7739488317426084,-1.756235620950292,0.05094262803890137,1.966770582753415,1.9158279547145136,1,0,1,0
4612,4612.0,46.12,-3.71111240740741,-3.7568844939231005,-1.7511099631330478,0.045772086515690535,1.9600024442743622,1.9142303577586717,1,0,1,0
4613,4613.0,46.13,-3.6992186111111063,-3.7444820000337864,-1.7461277842895921,0.045263388922680114,1.9530908268215141,1.907827437898834,1,0,1,0
4614,4614.0,46.14,-3.6873248148148146,-3.7270449386441924,-1.7410598634976198,0.03972012382937784,1.9462649513171948,1.906544827487817,1,0,1,0
4615,4615.0,46.15,-3.675431018518523,-3.7128933226746343,-1.736584419013294,0.037462304156111514,1.9388465995052289,1.9013842953491173,1,0,1,0
4616,4616.0,46.16,-3.663414444444442,-3.698592347879667,-1.733805089591515,0.035177903435224867,1.9296093548529272,1.8944314514177023,1,0,1,0
4617,4617.0,46.17,-3.6513978703703667,-3.6840815048314393,-1.7300210783407473,0.032683634461072586,1.9213767920296194,1.8886931575685468,1,0,1,0
4618,4618.0,46.18,-3.6393812962962975,-3.668170035770403,-1.7259886150853543,0.02878873947410554,1.9133926812109432,1.8846039417368377,1,0,1,0
4619,4619.0,46.19,-3.627364722222228,-3.6511654785600043,-1.7208439599620302,0.023800756337776452,1.9065207622601976,1.8827200059224212,1,0,1,0
4620,4620.0,46.2,-3.615348148148147,-3.6385538122799095,-1.7160930571780626,0.023205664131762394,1.8992550909700845,1.876049426838322,1,0,1,0
4621,4621.0,46.21,-3.603216018518517,-3.6232887118178696,-1.7133147148359862,0.020072693299352462,1.889901303682531,1.8698286103831785,1,0,1,0
4622,4622.0,46.22,-3.591083888888893,-3.6140662442938782,-1.7066348595289902,0.022982355404985277,1.8844490293599028,1.8614666739549175,1,0,1,0
4623,4623.0,46.23,-3.578951759259252,-3.6007965662272,-1.7019162383870197,0.021844806967948216,1.8770355208722322,1.855190713904284,1,0,1,0
4624,4624.0,46.24,-3.5668196296296277,-3.590828372580334,-1.695761730033873,0.024008742950706097,1.8710578995957547,1.8470491566450487,1,0,1,0
4625,4625.0,46.25,-3.5546874999999982,-3.5771827060050985,-1.6914985042657162,0.022495206005100243,1.863188995734282,1.8406937897291817,1,0,1,0
4626,4626.0,46.26,-3.5424470370370424,-3.564504874991806,-1.6880779219256747,0.02205783795476357,1.8543691151113677,1.8323112771566041,1,0,1,0
4627,4627.0,46.27,-3.5302065740740693,-3.549985321232317,-1.6822933588080489,0.01977874715824779,1.8479132152660205,1.8281344681077727,1,0,1,0
4628,4628.0,46.28,-3.517966111111108,-3.5358755878272703,-1.6760250267966768,0.017909476716162498,1.841941084314431,1.8240316075982685,1,0,1,0
4629,4629.0,46.29,-3.505725648148152,-3.521242616940461,-1.669630157920156,0.015516968792308905,1.836095490227996,1.820578521435687,1,0,1,0
4630,4630.0,46.3,-3.493485185185179,-3.507034850642191,-1.665478145038581,0.013549665457011972,1.828007040146598,1.814457374689586,1,0,1,0
4631,4631.0,46.31,-3.4811436111111083,-3.4924374162527436,-1.6637249545159254,0.01129380514163536,1.8174186565951829,1.8061248514535475,1,0,1,0
4632,4632.0,46.32,-3.468802037037038,-3.4776014497962877,-1.6586626578575017,0.00879941275924967,1.8101393791795364,1.8013399664202867,1,0,1,0
4633,4633.0,46.33,-3.4564604629629674,-3.46272932690277,-1.653089797093244,0.006268863939802749,1.8033706658697233,1.7971018019299205,1,0,1,0
4634,4634.0,46.34,-3.4441188888888856,-3.4485513228322464,-1.647370784148057,0.004432433943360792,1.7967481047408287,1.792315670797468,1,0,1,0
4635,4635.0,46.35,-3.431777314814815,-3.4351076268861442,-1.641677320998582,0.0033303120713292778,1.790099993816233,1.7867696817449037,1,0,1,0
4636,4636.0,46.36,-3.419341851851853,-3.420752615876965,-1.6377436474069862,0.001410764025112421,1.7815982044448666,1.7801874404197542,1,0,1,0
4637,4637.0,46.37,-3.4069063888888906,-3.4062938466612005,-1.6322723389583262,0.0006125422276901382,1.7746340499305644,1.7740215077028743,1,0,1,0
4638,4638.0,46.38,-3.394470925925923,-3.392399934965243,-1.6254613691343764,0.002070990960679975,1.7690095567915467,1.7669385658308667,1,0,1,0
4639,4639.0,46.39,-3.382035462962961,-3.378116042347765,-1.6196995050211618,0.00391942061519579,1.7623359579417992,1.7584165373266034,1,0,1,0
4640,4640.0,46.4,-3.369600000000004,-3.364341124244543,-1.6125730195064387,0.005258875755461023,1.7570269804935654,1.7517681047381044,1,0,1,0
4641,4641.0,46.41,-3.357077870370367,-3.350163725045455,-1.6076670301451328,0.006914145324912191,1.7494108402252344,1.7424966949003222,1,0,1,0
4642,4642.0,46.42,-3.3445557407407365,-3.3370816092352085,-1.601401843006262,0.007474131505528003,1.7431538977344745,1.7356797662289465,1,0,1,0
4643,4643.0,46.43,-3.332033611111111,-3.3237082105909592,-1.5948942392693846,0.008325400520151849,1.7371393718417265,1.7288139713215747,1,0,1,0
4644,4644.0,46.44,-3.3195114814814857,-3.3099583217049404,-1.587897595596601,0.00955315977654525,1.7316138858848846,1.7220607261083394,1,0,1,0
4645,4645.0,46.45,-3.3069893518518487,-3.2965262112553897,-1.5823982538487833,0.01046314059645903,1.7245910980030654,1.7141279574066064,1,0,1,0
4646,4646.0,46.46,-3.2943877777777777,-3.2828196438796438,-1.5777262535389835,0.011568133898133937,1.7166615242387941,1.7050933903406602,1,0,1,0
4647,4647.0,46.47,-3.2817862037037067,-3.2692968540315444,-1.5701407489466197,0.012489349672162309,1.711645454757087,1.6991561050849247,1,0,1,0
4648,4648.0,46.48,-3.269184629629623,-3.256068281374667,-1.5645670071587396,0.013116348254956112,1.7046176224708836,1.6915012742159274,1,0,1,0
4649,4649.0,46.49,-3.256583055555552,-3.2427903272400767,-1.5579896781481175,0.013792728315475511,1.6985933774074347,1.6848006490919591,1,0,1,0
4650,4650.0,46.5,-3.2439814814814807,-3.2300952685481987,-1.5522762855843901,0.01388621293328196,1.6917051958970906,1.6778189829638086,1,0,1,0
4651,4651.0,46.51,-3.2313076851851865,-3.2168130366551666,-1.5472588271441312,0.014494648530019916,1.6840488580410553,1.6695542095110354,1,0,1,0
4652,4652.0,46.52,-3.2186338888888866,-3.204260824969643,-1.5396282128886305,0.014373063919243645,1.679005676000256,1.6646326120810124,1,0,1,0
4653,4653.0,46.53,-3.205960092592592,-3.1919435191038157,-1.533302096242712,0.014016573488776274,1.67265799634988,1.6586414228611037,1,0,1,0
4654,4654.0,46.54,-3.1932862962962973,-3.1790981721023472,-1.5289076568615487,0.014188124193950102,1.6643786394347486,1.6501905152407985,1,0,1,0
4655,4655.0,46.55,-3.180612499999998,-3.1659414284516973,-1.5244737272542455,0.014671071548300496,1.6561387727457524,1.641467701197452,1,0,1,0
4656,4656.0,46.56,-3.1678737037037026,-3.152590922455041,-1.5185362792229824,0.015282781248661781,1.6493374244807202,1.6340546432320584,1,0,1,0
4657,4657.0,46.57,-3.155134907407408,-3.14061315519335,-1.5124373919692469,0.014521752214058381,1.6426975154381613,1.628175763224103,1,0,1,0
4658,4658.0,46.58,-3.142396111111114,-3.1282675135864446,-1.5073955454015662,0.014128597524669217,1.6350005657095477,1.6208719681848784,1,0,1,0
4659,4659.0,46.59,-3.1296573148148132,-3.11586752205668,-1.4999913559961955,0.013789792758133412,1.6296659588186178,1.6158761660604843,1,0,1,0
4660,4660.0,46.6,-3.116918518518519,-3.1035193145408924,-1.4951990721507762,0.013399203977626506,1.6217194463677427,1.6083202423901162,1,0,1,0
4661,4661.0,46.61,-3.104121944444447,-3.0900300204481774,-1.4895320760831758,0.014091923996269351,1.614589868361271,1.6004979443650016,1,0,1,0
4662,4662.0,46.62,-3.0913253703703747,-3.0772249051389755,-1.4834323269928107,0.014100465231399184,1.607893043377564,1.5937925781461648,1,0,1,0
4663,4663.0,46.63,-3.0785287962962915,-3.0651826642760187,-1.4779490291062003,0.013346132020272794,1.6005797671900912,1.5872336351698184,1,0,1,0
4664,4664.0,46.64,-3.0657322222222194,-3.051992647939471,-1.471446925788484,0.013739574282748634,1.5942852964337355,1.5805457221509869,1,0,1,0
4665,4665.0,46.65,-3.0529356481481478,-3.0388632998988787,-1.4644664005692114,0.014072348249269062,1.5884692475789364,1.5743968993296673,1,0,1,0
4666,4666.0,46.66,-3.0400885185185156,-3.025556835683756,-1.4582469399860658,0.014531682834759696,1.5818415785324498,1.56730989569769,1,0,1,0
4667,4667.0,46.67,-3.027241388888889,-3.0130747855130977,-1.4535175431580072,0.014166603375791453,1.573723845730882,1.5595572423550905,1,0,1,0
4668,4668.0,46.68,-3.014394259259257,-3.0002816755507764,-1.4455507904870244,0.014112583708480564,1.5688434687722326,1.554730885063752,1,0,1,0
4669,4669.0,46.69,-3.0015471296296306,-2.9874873109272397,-1.4389306927681857,0.014059818702390814,1.5626164368614448,1.548556618159054,1,0,1,0
4670,4670.0,46.7,-2.9886999999999984,-2.9747214696023603,-1.4333558004963913,0.013978530397638078,1.555344199503607,1.541365669105969,1,0,1,0
4671,4671.0,46.71,-2.9758095370370348,-2.9612567251789415,-1.4286057492706543,0.014552811858093317,1.5472037877663805,1.5326509759082871,1,0,1,0
4672,4672.0,46.72,-2.962919074074077,-2.9485512915012952,-1.4234720746517298,0.014367782572781707,1.5394469994223472,1.5250792168495655,1,0,1,0
4673,4673.0,46.73,-2.950028611111107,-2.9357587454080942,-1.416755436694906,0.014269865703012918,1.5332731744162011,1.5190033087131882,1,0,1,0
4674,4674.0,46.74,-2.937138148148144,-2.9230404854320544,-1.4092704027908836,0.014097662716089587,1.5278677453572604,1.5137700826411709,1,0,1,0
4675,4675.0,46.75,-2.9242476851851857,-2.910593753689338,-1.4035790623389488,0.013653931495847704,1.520668622846237,1.5070146913503892,1,0,1,0
4676,4676.0,46.76,-2.9113211111111137,-2.898071387003547,-1.3971665820742702,0.013249724107566863,1.5141545290368434,1.5009048049292766,1,0,1,0
4677,4677.0,46.77,-2.8983945370370354,-2.8850632046706566,-1.38871377545479,0.013331332366378845,1.5096807615822454,1.4963494292158666,1,0,1,0
4678,4678.0,46.78,-2.8854679629629634,-2.871684638859605,-1.3818875885926227,0.013783324103358474,1.5035803743703406,1.4897970502669822,1,0,1,0
4679,4679.0,46.79,-2.872541388888891,-2.858948508007698,-1.3746403277761399,0.013592880881192926,1.497901061112751,1.484308180231558,1,0,1,0
4680,4680.0,46.8,-2.859614814814807,-2.8458042652574167,-1.3678000957312701,0.01381054955739014,1.4918147190835367,1.4780041695261465,1,0,1,0
4681,4681.0,46.81,-2.846659351851849,-2.832803056184916,-1.361712833698459,0.013856295666932805,1.4849465181533898,1.471090222486457,1,0,1,0
4682,4682.0,46.82,-2.833703888888891,-2.8191552563592204,-1.356484860347566,0.014548632529670424,1.4772190285413247,1.4626703960116543,1,0,1,0
4683,4683.0,46.83,-2.8207484259259266,-2.805594066834204,-1.350544429618543,0.015154359091722469,1.4702039963073836,1.4550496372156612,1,0,1,0
4684,4684.0,46.84,-2.807792962962957,-2.7933707081984833,-1.3431114857550077,0.014422254764473674,1.4646814772079493,1.4502592224434756,1,0,1,0
4685,4685.0,46.85,-2.794837499999999,-2.780618653289928,-1.3370905228774574,0.01421884671007101,1.4577469771225415,1.4435281304124705,1,0,1,0
4686,4686.0,46.86,-2.781860370370372,-2.7676606766450873,-1.3295207000238136,0.014199693725284845,1.4523396703465585,1.4381399766212737,1,0,1,0
4687,4687.0,46.87,-2.7688832407407453,-2.7549481130354265,-1.322240708589956,0.013935127705318795,1.4466425321507894,1.4327074044454706,1,0,1,0
4688,4688.0,46.88,-2.7559061111111074,-2.7416494710652715,-1.3150515413134247,0.014256640045835933,1.4408545697976827,1.4265979297518467,1,0,1,0
4689,4689.0,46.89,-2.74292898148148,-2.7294611151449364,-1.3048754583184623,0.013467866336543732,1.4380535231630178,1.424585656826474,1,0,1,0
4690,4690.0,46.9,-2.7299518518518537,-2.717253091126635,-1.2983387717541,0.012698760725218694,1.4316130800977538,1.418914319372535,1,0,1,0
4691,4691.0,46.91,-2.716960277777775,-2.7041510325273364,-1.2907339609345807,0.012809245250438472,1.4262263168431941,1.4134170715927556,1,0,1,0
4692,4692.0,46.92,-2.7039687037037026,-2.69149074137815,-1.2837499051746823,0.01247796232555265,1.4202187985290202,1.4077408362034676,1,0,1,0
4693,4693.0,46.93,-2.6909771296296303,-2.678249398799624,-1.274863264738159,0.012727730830006223,1.4161138648914713,1.403386134061465,1,0,1,0
4694,4694.0,46.94,-2.6779855555555576,-2.6659821002921387,-1.2675994827082906,0.01200345526341895,1.410386072847267,1.398382617583848,1,0,1,0
4695,4695.0,46.95,-2.664993981481479,-2.653308910260776,-1.261707378214775,0.011685071220703058,1.4032866032667042,1.3916015320460011,1,0,1,0
4696,4696.0,46.96,-2.6519951851851835,-2.640503543271286,-1.254964625130105,0.01149164191389751,1.3970305600550785,1.385538918141181,1,0,1,0
4697,4697.0,46.97,-2.6389963888888883,-2.6273867361889196,-1.249133843181546,0.01160965269996872,1.3898625457073424,1.3782528930073736,1,0,1,0
4698,4698.0,46.98,-2.625997592592587,-2.6144171590930427,-1.2412133248216757,0.011580433499544185,1.3847842677709112,1.373203834271367,1,0,1,0
4699,4699.0,46.99,-2.6129987962962917,-2.6026899778406616,-1.2350173215169795,0.010308818455630142,1.3779814747793122,1.367672656323682,1,0,1,0
4700,4700.0,47.0,-2.600000000000002,-2.5904768397284728,-1.2285089644021827,0.009523160271529107,1.3714910355978192,1.36196787532629,1,0,1,0
4701,4701.0,47.01,-2.5870012037037067,-2.5772806470863956,-1.2229221212302492,0.009720556617311082,1.3640790824734574,1.3543585258561464,1,0,1,0
4702,4702.0,47.02,-2.5740024074074053,-2.564841712089888,-1.2153213592716896,0.009160695317517398,1.3586810481357157,1.3495203528181983,1,0,1,0
4703,4703.0,47.03,-2.5610036111111096,-2.5515675553778254,-1.206506387976348,0.00943605573328421,1.3544972231347616,1.3450611674014774,1,0,1,0
4704,4704.0,47.04,-2.5480048148148144,-2.53912645810948,-1.1995615533694854,0.008878356705334323,1.348443261445329,1.3395649047399947,1,0,1,0
4705,4705.0,47.05,-2.5350060185185135,-2.526370212109031,-1.1922083597900015,0.008635806409482694,1.342797658728512,1.3341618523190293,1,0,1,0
4706,4706.0,47.06,-2.522014444444441,-2.5138571199160333,-1.1858544420462358,0.00815732452840745,1.336160002398205,1.3280026778697975,1,0,1,0
4707,4707.0,47.07,-2.509022870370368,-2.5018628733330925,-1.180119409624415,0.007159997037275545,1.3289034607459531,1.3217434637086776,1,0,1,0
4708,4708.0,47.08,-2.4960312962962954,-2.4893311558263997,-1.1738498611201162,0.0067001404698956435,1.3221814351761791,1.3154812947062835,1,0,1,0
4709,4709.0,47.09,-2.4830397222222174,-2.477454235410356,-1.1673706285553502,0.00558548681186144,1.3156690936668671,1.3100836068550057,1,0,1,0
4710,4710.0,47.1,-2.4700481481481447,-2.4663885538607677,-1.160210747069046,0.003659594287376944,1.3098374010790987,1.3061778067917218,1,0,1,0
4711,4711.0,47.11,-2.4570710185185174,-2.4539398046631007,-1.1555247469224807,0.0031312138554167035,1.3015462715960366,1.29841505774062,1,0,1,0
4712,4712.0,47.12,-2.444093888888891,-2.44223382764149,-1.1495707228776215,0.0018600612474011236,1.2945231660112695,1.2926631047638684,1,0,1,0
4713,4713.0,47.13,-2.4311167592592584,-2.42934461308055,-1.1431519952839433,0.001772146178708578,1.2879647639753151,1.2861926177966065,1,0,1,0
4714,4714.0,47.14,-2.418139629629626,-2.4175449791731554,-1.1361350935392978,0.0005946504564704469,1.282004536090328,1.2814098856338576,1,0,1,0
4715,4715.0,47.15,-2.405162499999999,-2.4054399508370357,-1.1290243491150358,0.0002774508370366746,1.2761381508849632,1.2758607000479265,1,0,1,0
4716,4716.0,47.16,-2.3922070370370294,-2.3939097053439258,-1.1229706901301668,0.00170266830689636,1.2692363469068626,1.2675336785999662,1,0,1,0
4717,4717.0,47.17,-2.3792515740740714,-2.3810288667256128,-1.1160833084204096,0.0017772926515413623,1.2631682656536618,1.2613909730021204,1,0,1,0
4718,4718.0,47.18,-2.366296111111113,-2.370263801705892,-1.1080514971029622,0.003967690594778972,1.2582446140081507,1.2542769234133717,1,0,1,0
4719,4719.0,47.19,-2.3533406481481496,-2.358537623161572,-1.1008825597590066,0.0051969750134222,1.252458088389143,1.2472611133757208,1,0,1,0
4720,4720.0,47.2,-2.3403851851851796,-2.3472357846770793,-1.096086247733677,0.0068505994918997,1.2442989374515026,1.2374483379596029,1,0,1,0
4721,4721.0,47.21,-2.327458611111113,-2.335485088786103,-1.0902909003363122,0.008026477674990318,1.2371677107748007,1.2291412330998104,1,0,1,0
4722,4722.0,47.22,-2.3145320370370404,-2.322500793118403,-1.0842680018045663,0.007968756081362827,1.230264035232474,1.2222952791511112,1,0,1,0
4723,4723.0,47.23,-2.301605462962957,-2.309980423569512,-1.0764390101587056,0.008374960606554627,1.2251664528042516,1.216791492197697,1,0,1,0
4724,4724.0,47.24,-2.2886788888888847,-2.297237108691705,-1.0706695094787773,0.008558219802820233,1.2180093794101075,1.2094511596072872,1,0,1,0
4725,4725.0,47.25,-2.2757523148148175,-2.2843061390621346,-1.0635824788407322,0.008553824247317099,1.2121698359740853,1.2036160117267682,1,0,1,0
4726,4726.0,47.26,-2.2628618518518544,-2.2712862575826636,-1.0577800767470884,0.008424405730809159,1.205081775104766,1.1966573693739568,1,0,1,0
4727,4727.0,47.27,-2.249971388888885,-2.2584656442513156,-1.0510993371138033,0.008494255362430536,1.1988720517750817,1.1903777964126512,1,0,1,0
4728,4728.0,47.28,-2.2370809259259268,-2.2457448097358563,-1.0436511592120314,0.008663883809929551,1.1934297667138953,1.1847658829039658,1,0,1,0
4729,4729.0,47.29,-2.224190462962963,-2.2330798778375502,-1.0372602954158656,0.008889414874587054,1.1869301675470976,1.1780407526725105,1,0,1,0
4730,4730.0,47.3,-2.211299999999994,-2.2210239017224267,-1.0302008588050249,0.00972390172243287,1.181099141194969,1.171375239472536,1,0,1,0
4731,4731.0,47.31,-2.1984528703703674,-2.2086580694153484,-1.0247427933988644,0.010205199044980962,1.173710076971503,1.163504877926522,1,0,1,0
4732,4732.0,47.32,-2.185605740740741,-2.196126225952198,-1.01968173348954,0.010520485211456876,1.165924007251201,1.155403522039744,1,0,1,0
4733,4733.0,47.33,-2.1727586111111146,-2.1825409133968128,-1.0126809389283373,0.009782302285698208,1.1600776721827772,1.150295369897079,1,0,1,0
4734,4734.0,47.34,-2.1599114814814766,-2.1693818701287264,-1.006769583871381,0.009470388647249806,1.1531418976100956,1.1436715089628458,1,0,1,0
4735,4735.0,47.35,-2.1470643518518506,-2.1561233429783173,-0.9992689845240252,0.009058991126466687,1.1477953673278254,1.1387363762013587,1,0,1,0
4736,4736.0,47.36,-2.1342677777777785,-2.1426390945592426,-0.9935893521998016,0.008371316781464078,1.140678425577977,1.1323071087965129,1,0,1,0
4737,4737.0,47.37,-2.121471203703707,-2.1291426958173925,-0.9871022630372939,0.007671492113685563,1.134368940666413,1.1266974485527275,1,0,1,0
4738,4738.0,47.38,-2.1086746296296286,-2.1173334036640017,-0.9792687559093023,0.008658774034373096,1.1294058737203263,1.1207470996859532,1,0,1,0
4739,4739.0,47.39,-2.095878055555557,-2.102830965224838,-0.9708487128771708,0.00695290966928086,1.1250293426783862,1.1180764330091053,1,0,1,0
4740,4740.0,47.4,-2.083081481481485,-2.0888986212009786,-0.9623563246121982,0.0058171397194937136,1.1207251568692866,1.114908017149793,1,0,1,0
4741,4741.0,47.41,-2.070342685185179,-2.0763247975457033,-0.9560900628981616,0.005982112360524372,1.1142526222870175,1.1082705099264931,1,0,1,0
4742,4742.0,47.42,-2.0576038888888846,-2.0628115089223504,-0.9488273726563201,0.005207620033465865,1.1087765162325645,1.1035688961990986,1,0,1,0
4743,4743.0,47.43,-2.0448650925925955,-2.0502521496671884,-0.940466295499391,0.00538705707459286,1.1043987970932045,1.0990117400186117,1,0,1,0
4744,4744.0,47.44,-2.032126296296301,-2.0389255681894003,-0.9332875025427306,0.006799271893099146,1.0988387937535706,1.0920395218604715,1,0,1,0
4745,4745.0,47.45,-2.019387499999995,-2.0261952345909284,-0.9284595604055486,0.006807734590933645,1.0909279395944462,1.0841202050035126,1,0,1,0
4746,4746.0,47.46,-2.0067137037037,-2.016203560106459,-0.9236571666912208,0.00948985640275879,1.0830565370124794,1.0735666806097206,1,0,1,0
4747,4747.0,47.47,-1.994039907407406,-2.004505793322518,-0.9164264872782677,0.010465885915111883,1.0776134201291383,1.0671475342140264,1,0,1,0
4748,4748.0,47.48,-1.9813661111111056,0.0,-0.9104997992437894,1.9813661111111056,1.070866311867316,-0.9104997992437895,1,1,0,0
4749,4749.0,47.49,-1.9686923148148114,0.0,-0.9040303702409707,1.9686923148148114,1.0646619445738408,-0.9040303702409707,1,1,0,0
4750,4750.0,47.5,-1.956018518518517,0.0,-0.8982933818607158,1.956018518518517,1.057725136657801,-0.898293381860716,1,1,0,0
4751,4751.0,47.51,-1.943416944444446,0.0,-0.8920400018549957,1.943416944444446,1.0513769425894504,-0.8920400018549957,1,1,0,0
4752,4752.0,47.52,-1.9308153703703688,0.0,-0.8845340804667816,1.9308153703703688,1.0462812899035872,-0.8845340804667816,1,1,0,0
4753,4753.0,47.53,-1.9182137962962973,0.0,-0.8779367466331953,1.9182137962962973,1.040277049663102,-0.8779367466331953,1,1,0,0
4754,4754.0,47.54,-1.9056122222222205,0.0,-0.8710899330875361,1.9056122222222205,1.0345222891346844,-0.8710899330875361,1,1,0,0
4755,4755.0,47.55,-1.8930106481481435,0.0,-0.8648935866293063,1.8930106481481435,1.028117061518837,-0.8648935866293064,1,1,0,0
4756,4756.0,47.56,-1.880488518518518,0.0,-0.8592839352254165,1.880488518518518,1.0212045832931016,-0.8592839352254165,1,1,0,0
4757,4757.0,47.57,-1.867966388888887,0.0,-0.8550882098434736,1.867966388888887,1.0128781790454136,-0.8550882098434736,1,1,0,0
4758,4758.0,47.58,-1.8554442592592617,0.0,-0.8482592272480001,1.8554442592592617,1.0071850320112616,-0.8482592272480001,1,1,0,0
4759,4759.0,47.59,-1.842922129629625,0.0,-0.8416267040057738,1.842922129629625,1.001295425623851,-0.8416267040057739,1,1,0,0
4760,4760.0,47.6,-1.8303999999999996,0.0,-0.8348485216484322,1.8303999999999996,0.9955514783515674,-0.8348485216484322,1,1,0,0
4761,4761.0,47.61,-1.8179645370370374,0.0,-0.83092227663123,1.8179645370370374,0.9870422604058074,-0.83092227663123,1,1,0,0
4762,4762.0,47.62,-1.8055290740740753,0.0,-0.8240983917434754,1.8055290740740753,0.9814306823305998,-0.8240983917434754,1,1,0,0
4763,4763.0,47.63,-1.793093611111107,0.0,-0.8157557410781113,1.793093611111107,0.9773378700329958,-0.8157557410781113,1,1,0,0
4764,4764.0,47.64,-1.7806581481481452,0.0,-0.8100920786326417,1.7806581481481452,0.9705660695155035,-0.8100920786326417,1,1,0,0
4765,4765.0,47.65,-1.7682226851851885,0.0,-0.8038753307456101,1.7682226851851885,0.9643473544395784,-0.8038753307456101,1,1,0,0
4766,4766.0,47.66,-1.7558811111111068,0.0,-0.7998465009473671,1.7558811111111068,0.9560346101637397,-0.7998465009473671,1,1,0,0
4767,4767.0,47.67,-1.7435395370370361,0.0,-0.7931041421460272,1.7435395370370361,0.9504353948910089,-0.7931041421460272,1,1,0,0
4768,4768.0,47.68,-1.7311979629629657,0.0,-0.786294239000693,1.7311979629629657,0.9449037239622727,-0.786294239000693,1,1,0,0
4769,4769.0,47.69,-1.7188563888888895,0.0,-0.7808531099727583,1.7188563888888895,0.9380032789161312,-0.7808531099727583,1,1,0,0
4770,4770.0,47.7,-1.7065148148148133,0.0,-0.7747008062829241,1.7065148148148133,0.9318140085318891,-0.7747008062829241,1,1,0,0
4771,4771.0,47.71,-1.6942743518518517,0.0,-0.7679235018537834,1.6942743518518517,0.9263508499980683,-0.7679235018537834,1,1,0,0
4772,4772.0,47.72,-1.6820338888888904,0.0,-0.7607927622542615,1.6820338888888904,0.9212411266346289,-0.7607927622542615,1,1,0,0
4773,4773.0,47.73,-1.6697934259259228,0.0,-0.754883644124049,1.6697934259259228,0.9149097818018739,-0.754883644124049,1,1,0,0
4774,4774.0,47.74,-1.6575529629629615,0.0,-0.7486560214919066,1.6575529629629615,0.9088969414710549,-0.7486560214919066,1,1,0,0
4775,4775.0,47.75,-1.6453124999999997,0.0,-0.742808075291442,1.6453124999999997,0.9025044247085577,-0.742808075291442,1,1,0,0
4776,4776.0,47.76,-1.6331803703703758,0.0,-0.7365926281408517,1.6331803703703758,0.8965877422295241,-0.7365926281408517,1,1,0,0
4777,4777.0,47.77,-1.6210482407407345,0.0,-0.7285485296660754,1.6210482407407345,0.8924997110746591,-0.7285485296660754,1,1,0,0
4778,4778.0,47.78,-1.6089161111111105,0.0,-0.7218220338180943,1.6089161111111105,0.8870940772930163,-0.7218220338180943,1,1,0,0
4779,4779.0,47.79,-1.5967839814814806,0.0,-0.7143155345433243,1.5967839814814806,0.8824684469381563,-0.7143155345433243,1,1,0,0
4780,4780.0,47.8,-1.5846518518518453,0.0,-0.7071347021718626,1.5846518518518453,0.8775171496799827,-0.7071347021718626,1,1,0,0
4781,4781.0,47.81,-1.5726352777777757,0.0,-0.7022885997079434,1.5726352777777757,0.8703466780698322,-0.7022885997079434,1,1,0,0
4782,4782.0,47.82,-1.5606187037037065,0.0,-0.6988387775428877,1.5606187037037065,0.8617799261608188,-0.6988387775428877,1,1,0,0
4783,4783.0,47.83,-1.5486021296296313,0.0,-0.6931774230166633,1.5486021296296313,0.855424706612968,-0.6931774230166633,1,1,0,0
4784,4784.0,47.84,-1.5365855555555505,0.0,-0.6844263558909176,1.5365855555555505,0.8521591996646329,-0.6844263558909176,1,1,0,0
4785,4785.0,47.85,-1.524568981481481,0.0,-0.6785053146756045,1.524568981481481,0.8460636668058764,-0.6785053146756045,1,1,0,0
4786,4786.0,47.86,-1.5126751851851834,0.0,-0.6734097256464757,1.5126751851851834,0.8392654595387077,-0.6734097256464757,1,1,0,0
4787,4787.0,47.87,-1.5007813888888857,0.0,-0.6679944525193163,1.5007813888888857,0.8327869363695694,-0.6679944525193163,1,1,0,0
4788,4788.0,47.88,-1.4888875925925882,0.0,-0.6602371120146182,1.4888875925925882,0.82865048057797,-0.6602371120146182,1,1,0,0
4789,4789.0,47.89,-1.4769937962962962,0.0,-0.6522386944605787,1.4769937962962962,0.8247551018357175,-0.6522386944605787,1,1,0,0
4790,4790.0,47.9,-1.4650999999999987,0.0,-0.6457262627411814,1.4650999999999987,0.8193737372588173,-0.6457262627411814,1,1,0,0
4791,4791.0,47.91,-1.4533362037037016,0.0,-0.6404032197929617,1.4533362037037016,0.81293298391074,-0.6404032197929617,1,1,0,0
4792,4792.0,47.92,-1.4415724074074043,0.0,-0.6343501299826991,1.4415724074074043,0.8072222774247052,-0.6343501299826991,1,1,0,0
4793,4793.0,47.93,-1.429808611111113,0.0,-0.6266308110375688,1.429808611111113,0.8031778000735442,-0.6266308110375688,1,1,0,0
4794,4794.0,47.94,-1.418044814814816,0.0,-0.6214585896371397,1.418044814814816,0.7965862251776762,-0.6214585896371397,1,1,0,0
4795,4795.0,47.95,-1.406281018518513,0.0,-0.616332604521141,1.406281018518513,0.789948413997372,-0.616332604521141,1,1,0,0
4796,4796.0,47.96,-1.3946544444444446,0.0,-0.6126686914225478,1.3946544444444446,0.7819857530218969,-0.6126686914225478,1,1,0,0
4797,4797.0,47.97,-1.383027870370371,0.0,-0.6072444576337527,1.383027870370371,0.7757834127366182,-0.6072444576337527,1,1,0,0
4798,4798.0,47.98,-1.3714012962962914,0.0,-0.6021227390731112,1.3714012962962914,0.7692785572231802,-0.6021227390731112,1,1,0,0
4799,4799.0,47.99,-1.3597747222222174,0.0,-0.5959599134376792,1.3597747222222174,0.7638148087845382,-0.5959599134376792,1,1,0,0
4800,4800.0,48.0,-1.3481481481481494,0.0,-0.5887632256271544,1.3481481481481494,0.759384922520995,-0.5887632256271544,1,1,0,0
4801,4801.0,48.01,-1.3366660185185217,0.0,-0.5845733162670758,1.3366660185185217,0.752092702251446,-0.5845733162670758,1,1,0,0
4802,4802.0,48.02,-1.3251838888888825,0.0,-0.579103718651748,1.3251838888888825,0.7460801702371345,-0.579103718651748,1,1,0,0
4803,4803.0,48.03,-1.3137017592592548,0.0,-0.5738388715433528,1.3137017592592548,0.739862887715902,-0.5738388715433528,1,1,0,0
4804,4804.0,48.04,-1.302219629629633,0.0,-0.5678995091541446,1.302219629629633,0.7343201204754883,-0.5678995091541446,1,1,0,0
4805,4805.0,48.05,-1.2907374999999939,0.0,-0.5627897372021364,1.2907374999999939,0.7279477627978574,-0.5627897372021364,1,1,0,0
4806,4806.0,48.06,-1.2794070370370352,0.0,-0.5608110056331996,1.2794070370370352,0.7185960314038355,-0.5608110056331996,1,1,0,0
4807,4807.0,48.07,-1.268076574074071,0.0,-0.5555105486296977,1.268076574074071,0.7125660254443732,-0.5555105486296977,1,1,0,0
4808,4808.0,48.08,-1.2567461111111122,0.0,-0.5487332715230694,1.2567461111111122,0.7080128395880428,-0.5487332715230694,1,1,0,0
4809,4809.0,48.09,-1.245415648148142,0.0,-0.5421923755006396,1.245415648148142,0.7032232726475024,-0.5421923755006396,1,1,0,0
4810,4810.0,48.1,-1.2340851851851835,0.0,-0.5376642559855858,1.2340851851851835,0.6964209291995977,-0.5376642559855858,1,1,0,0
4811,4811.0,48.11,-1.2229136111111112,0.0,-0.5319032651409294,1.2229136111111112,0.6910103459701817,-0.5319032651409294,1,1,0,0
4812,4812.0,48.12,-1.2117420370370329,0.0,-0.5262639096372941,1.2117420370370329,0.6854781273997388,-0.5262639096372941,1,1,0,0
4813,4813.0,48.13,-1.2005704629629605,0.0,-0.5194656769747796,1.2005704629629605,0.6811047859881809,-0.5194656769747796,1,1,0,0
4814,4814.0,48.14,-1.1893988888888882,0.0,-0.5141297583143787,1.1893988888888882,0.6752691305745095,-0.5141297583143787,1,1,0,0
4815,4815.0,48.15,-1.178227314814816,0.0,-0.5111647258739513,1.178227314814816,0.6670625889408646,-0.5111647258739513,1,1,0,0
4816,4816.0,48.16,-1.167221851851847,0.0,-0.5064015781160593,1.167221851851847,0.6608202737357876,-0.5064015781160593,1,1,0,0
4817,4817.0,48.17,-1.1562163888888894,0.0,-0.4997478054955294,1.1562163888888894,0.6564685833933601,-0.49974780549552933,1,1,0,0
4818,4818.0,48.18,-1.145210925925926,0.0,-0.4928597131289728,1.145210925925926,0.6523512127969532,-0.4928597131289728,1,1,0,0
4819,4819.0,48.19,-1.1342054629629628,0.0,-0.4872915581855057,1.1342054629629628,0.646913904777457,-0.48729155818550574,1,1,0,0
4820,4820.0,48.2,-1.1231999999999995,0.0,-0.4822827915917694,1.1231999999999995,0.6409172084082302,-0.48228279159176934,1,1,0,0
4821,4821.0,48.21,-1.1123678703703683,0.0,-0.4758437240892117,1.1123678703703683,0.6365241462811566,-0.4758437240892117,1,1,0,0
4822,4822.0,48.22,-1.1015357407407427,0.0,-0.4705150335149359,1.1015357407407427,0.6310207072258067,-0.47051503351493595,1,1,0,0
4823,4823.0,48.23,-1.0907036111111057,0.0,-0.46520773101089236,1.0907036111111057,0.6254958801002133,-0.4652077310108924,1,1,0,0
4824,4824.0,48.24,-1.07987148148148,0.0,-0.46008487842452606,1.07987148148148,0.619786603056954,-0.46008487842452606,1,1,0,0
4825,4825.0,48.25,-1.0690393518518546,0.0,-0.4541526319677333,1.0690393518518546,0.6148867198841212,-0.45415263196773337,1,1,0,0
4826,4826.0,48.26,-1.0583877777777781,0.0,-0.44993215356850125,1.0583877777777781,0.6084556242092769,-0.44993215356850125,1,1,0,0
4827,4827.0,48.27,-1.0477362037037017,0.0,-0.44450350992013316,1.0477362037037017,0.6032326937835686,-0.4445035099201331,1,1,0,0
4828,4828.0,48.28,-1.037084629629631,0.0,-0.43886091419905254,1.037084629629631,0.5982237154305785,-0.4388609141990525,1,1,0,0
4829,4829.0,48.29,-1.0264330555555545,0.0,-0.4332517209973438,1.0264330555555545,0.5931813345582106,-0.4332517209973439,1,1,0,0
4830,4830.0,48.3,-1.015781481481478,0.0,-0.4267301099889316,1.015781481481478,0.5890513714925465,-0.42673010998893157,1,1,0,0
4831,4831.0,48.31,-1.005317685185185,0.0,-0.4229087687171063,1.005317685185185,0.5824089164680788,-0.42290876871710625,1,1,0,0
4832,4832.0,48.32,-0.9948538888888864,0.0,-0.41852201130804934,0.9948538888888864,0.576331877580837,-0.41852201130804934,1,1,0,0
4833,4833.0,48.33,-0.9843900925925934,0.0,-0.41136531581810254,0.9843900925925934,0.5730247767744908,-0.41136531581810254,1,1,0,0
4834,4834.0,48.34,-0.9739262962962949,0.0,-0.40541320864202696,0.9739262962962949,0.5685130876542679,-0.405413208642027,1,1,0,0
4835,4835.0,48.35,-0.9634624999999962,0.0,-0.3989758428179673,0.9634624999999962,0.564486657182029,-0.3989758428179673,1,1,0,0
4836,4836.0,48.36,-0.9531937037037038,0.0,-0.39435676119524304,0.9531937037037038,0.5588369425084607,-0.3943567611952431,1,1,0,0
4837,4837.0,48.37,-0.9429249074074058,0.0,-0.38780323761834196,0.9429249074074058,0.5551216697890637,-0.387803237618342,1,1,0,0
4838,4838.0,48.38,-0.9326561111111078,0.0,-0.38293761594997405,0.9326561111111078,0.5497184951611338,-0.382937615949974,1,1,0,0
4839,4839.0,48.39,-0.9223873148148154,0.0,-0.3766348995838212,0.9223873148148154,0.5457524152309943,-0.3766348995838211,1,1,0,0
4840,4840.0,48.4,-0.9121185185185232,0.0,-0.3724287040013708,0.9121185185185232,0.5396898145171525,-0.37242870400137074,1,1,0,0
4841,4841.0,48.41,-0.9020519444444428,0.0,-0.36795106498126606,0.9020519444444428,0.5341008794631767,-0.36795106498126606,1,1,0,0
4842,4842.0,48.42,-0.8919853703703684,0.0,-0.36383451277981166,0.8919853703703684,0.5281508575905567,-0.3638345127798117,1,1,0,0
4843,4843.0,48.43,-0.8819187962962997,0.0,-0.36049670963993224,0.8819187962962997,0.5214220866563675,-0.3604967096399322,1,1,0,0
4844,4844.0,48.44,-0.871852222222225,0.0,-0.3550366495487255,0.871852222222225,0.5168155726734995,-0.3550366495487255,1,1,0,0
4845,4845.0,48.45,-0.8617856481481447,0.0,-0.3499602251539496,0.8617856481481447,0.5118254229941952,-0.34996022515394953,1,1,0,0
4846,4846.0,48.46,-0.8519285185185167,0.0,-0.34487089466820303,0.8519285185185167,0.5070576238503137,-0.344870894668203,1,1,0,0
4847,4847.0,48.47,-0.8420713888888886,0.0,-0.3412239999577311,0.8420713888888886,0.5008473889311574,-0.3412239999577311,1,1,0,0
4848,4848.0,48.48,-0.8322142592592546,0.0,-0.33603742617792065,0.8322142592592546,0.496176833081334,-0.33603742617792065,1,1,0,0
4849,4849.0,48.49,-0.8223571296296266,0.0,-0.3297579655073528,0.8223571296296266,0.4925991641222738,-0.3297579655073528,1,1,0,0
4850,4850.0,48.5,-0.8124999999999984,0.0,-0.3240024907026352,0.8124999999999984,0.48849750929736324,-0.3240024907026352,1,1,0,0
4851,4851.0,48.51,-0.8028595370370396,0.0,-0.3203783636398462,0.8028595370370396,0.48248117339719343,-0.3203783636398462,1,1,0,0
4852,4852.0,48.52,-0.7932190740740692,0.0,-0.317864269668496,0.7932190740740692,0.4753548044055732,-0.317864269668496,1,1,0,0
4853,4853.0,48.53,-0.7835786111111105,0.0,-0.31248621834129553,0.7835786111111105,0.47109239276981496,-0.31248621834129553,1,1,0,0
4854,4854.0,48.54,-0.7739381481481515,0.0,-0.30833797488126236,0.7739381481481515,0.4656001732668892,-0.30833797488126236,1,1,0,0
4855,4855.0,48.55,-0.7642976851851813,0.0,-0.30371592780046536,0.7642976851851813,0.4605817573847159,-0.30371592780046536,1,1,0,0
4856,4856.0,48.56,-0.7548811111111088,0.0,-0.3004535502300936,0.7548811111111088,0.45442756088101516,-0.3004535502300936,1,1,0,0
4857,4857.0,48.57,-0.7454645370370365,0.0,-0.2956558945590093,0.7454645370370365,0.4498086424780272,-0.2956558945590093,1,1,0,0
4858,4858.0,48.58,-0.736047962962964,0.0,-0.2889084991881281,0.736047962962964,0.44713946377483593,-0.2889084991881281,1,1,0,0
4859,4859.0,48.59,-0.7266313888888859,0.0,-0.2839782953350686,0.7266313888888859,0.4426530935538173,-0.2839782953350686,1,1,0,0
4860,4860.0,48.6,-0.7172148148148135,0.0,-0.2800913159490999,0.7172148148148135,0.4371234988657136,-0.2800913159490999,1,1,0,0
4861,4861.0,48.61,-0.7080293518518505,0.0,-0.2768005891661349,0.7080293518518505,0.4312287626857155,-0.2768005891661349,1,1,0,0
4862,4862.0,48.62,-0.6988438888888873,0.0,-0.27162411177022444,0.6988438888888873,0.4272197771186628,-0.27162411177022444,1,1,0,0
4863,4863.0,48.63,-0.6896584259259242,0.0,-0.266153929004617,0.6896584259259242,0.4235044969213072,-0.266153929004617,1,1,0,0
4864,4864.0,48.64,-0.6804729629629611,0.0,-0.261576747033243,0.6804729629629611,0.4188962159297181,-0.261576747033243,1,1,0,0
4865,4865.0,48.65,-0.671287499999998,0.0,-0.2569261821578906,0.671287499999998,0.41436131784210745,-0.2569261821578906,1,1,0,0
4866,4866.0,48.66,-0.6623403703703671,0.0,-0.2532362389188249,0.6623403703703671,0.4091041314515422,-0.2532362389188249,1,1,0,0
4867,4867.0,48.67,-0.6533932407407362,0.0,-0.24726931397001653,0.6533932407407362,0.40612392677071973,-0.2472693139700165,1,1,0,0
4868,4868.0,48.68,-0.644446111111111,0.0,-0.2440142892891213,0.644446111111111,0.4004318218219898,-0.24401428928912128,1,1,0,0
4869,4869.0,48.69,-0.6354989814814859,0.0,-0.2401311386877057,0.6354989814814859,0.3953678427937802,-0.2401311386877057,1,1,0,0
4870,4870.0,48.7,-0.6265518518518493,0.0,-0.2342135861246071,0.6265518518518493,0.3923382657272422,-0.23421358612460708,1,1,0,0
4871,4871.0,48.71,-0.6178502777777791,0.0,-0.2299826123700722,0.6178502777777791,0.3878676654077069,-0.22998261237007223,1,1,0,0
4872,4872.0,48.72,-0.6091487037037033,0.0,-0.2238960386976025,0.6091487037037033,0.38525266500610084,-0.2238960386976025,1,1,0,0
4873,4873.0,48.73,-0.6004471296296275,0.0,-0.21892205658069805,0.6004471296296275,0.38152507304892946,-0.21892205658069808,1,1,0,0
4874,4874.0,48.74,-0.5917455555555517,0.0,-0.21329733149926572,0.5917455555555517,0.37844822405628603,-0.21329733149926572,1,1,0,0
4875,4875.0,48.75,-0.5830439814814816,0.0,-0.20649182585581904,0.5830439814814816,0.3765521556256626,-0.20649182585581904,1,1,0,0
4876,4876.0,48.76,-0.5745951851851895,0.0,-0.2032769944742453,0.5745951851851895,0.3713181907109442,-0.2032769944742453,1,1,0,0
4877,4877.0,48.77,-0.5661463888888859,0.0,-0.19873197157966782,0.5661463888888859,0.3674144173092181,-0.19873197157966782,1,1,0,0
4878,4878.0,48.78,-0.5576975925925881,0.0,-0.19380209498511228,0.5576975925925881,0.36389549760747586,-0.19380209498511225,1,1,0,0
4879,4879.0,48.79,-0.549248796296296,0.0,-0.18901835453030716,0.549248796296296,0.36023044176598884,-0.18901835453030713,1,1,0,0
4880,4880.0,48.8,-0.5407999999999923,0.0,-0.18665457195951954,0.5407999999999923,0.3541454280404728,-0.1866545719595195,1,1,0,0
4881,4881.0,48.81,-0.532611203703701,0.0,-0.18273393382847294,0.532611203703701,0.34987726987522805,-0.18273393382847292,1,1,0,0
4882,4882.0,48.82,-0.524422407407404,0.0,-0.17763335811941533,0.524422407407404,0.34678904928798865,-0.17763335811941533,1,1,0,0
4883,4883.0,48.83,-0.5162336111111128,0.0,-0.1716710842551864,0.5162336111111128,0.34456252685592637,-0.1716710842551864,1,1,0,0
4884,4884.0,48.84,-0.50804481481481,0.0,-0.16657709053407566,0.50804481481481,0.34146772428073435,-0.16657709053407566,1,1,0,0
4885,4885.0,48.85,-0.499856018518513,0.0,-0.16051435491394617,0.499856018518513,0.33934166360456686,-0.16051435491394617,1,1,0,0
4886,4886.0,48.86,-0.49193444444444545,0.0,-0.1557518607357434,0.49193444444444545,0.336182583708702,-0.15575186073574343,1,1,0,0
4887,4887.0,48.87,-0.4840128703703664,0.0,-0.15095883686355357,0.4840128703703664,0.33305403350681284,-0.15095883686355355,1,1,0,0
4888,4888.0,48.88,-0.47609129629629315,0.0,-0.14640369097304867,0.47609129629629315,0.3296876053232445,-0.14640369097304867,1,1,0,0
4889,4889.0,48.89,-0.4681697222222199,0.0,-0.14252278623684478,0.4681697222222199,0.32564693598537514,-0.14252278623684478,1,1,0,0
4890,4890.0,48.9,-0.4602481481481465,0.0,-0.13769922278884766,0.4602481481481465,0.32254892535929885,-0.13769922278884766,1,1,0,0
4891,4891.0,48.91,-0.45260101851851414,0.0,-0.13465050903081038,0.45260101851851414,0.31795050948770376,-0.13465050903081038,1,1,0,0
4892,4892.0,48.92,-0.4449538888888875,0.0,-0.13004893679956922,0.4449538888888875,0.31490495208931824,-0.13004893679956925,1,1,0,0
4893,4893.0,48.93,-0.43730675925925505,0.0,-0.12540328899848813,0.43730675925925505,0.3119034702607669,-0.12540328899848813,1,1,0,0
4894,4894.0,48.94,-0.4296596296296284,0.0,-0.11989967880735428,0.4296596296296284,0.30975995082227414,-0.11989967880735425,1,1,0,0
4895,4895.0,48.95,-0.422012499999996,0.0,-0.11498954940076948,0.422012499999996,0.3070229505992265,-0.1149895494007695,1,1,0,0
4896,4896.0,48.96,-0.41464703703703304,0.0,-0.1120969426915075,0.41464703703703304,0.30255009434552554,-0.1120969426915075,1,1,0,0
4897,4897.0,48.97,-0.4072815740740702,0.0,-0.10832192655501556,0.4072815740740702,0.2989596475190546,-0.10832192655501555,1,1,0,0
4898,4898.0,48.98,-0.39991611111110725,0.0,-0.10399137322862545,0.39991611111110725,0.2959247378824818,-0.10399137322862545,1,1,0,0
4899,4899.0,48.99,-0.39255064814814433,0.0,-0.0972581524934308,0.39255064814814433,0.29529249565471355,-0.09725815249343078,1,0,0,1
4900,4900.0,49.0,-0.3851851851851814,0.0,-0.09236710719943504,0.3851851851851814,0.2928180779857464,-0.09236710719943503,1,0,0,1
4901,4901.0,49.01,-0.3781086111111109,0.0,-0.08910252982902807,0.3781086111111109,0.2890060812820828,-0.08910252982902805,1,0,0,1
4902,4902.0,49.02,-0.3710320370370346,0.0,-0.08299271984673676,0.3710320370370346,0.28803931719029785,-0.08299271984673673,1,0,0,1
4903,4903.0,49.03,-0.3639554629629584,0.0,-0.07856817977727076,0.3639554629629584,0.2853872831856876,-0.07856817977727076,1,0,0,1
4904,4904.0,49.04,-0.3568788888888878,0.0,-0.0729700351378307,0.3568788888888878,0.2839088537510571,-0.07297003513783068,1,0,0,1
4905,4905.0,49.05,-0.34980231481481155,0.0,-0.06966777000449029,0.34980231481481155,0.2801345448103213,-0.06966777000449026,1,0,0,1
4906,4906.0,49.06,-0.3430218518518505,0.0,-0.06630429939950722,0.3430218518518505,0.2767175524523433,-0.06630429939950722,1,0,0,1
4907,4907.0,49.07,-0.3362413888888838,0.0,-0.05999027975855536,0.3362413888888838,0.2762511091303284,-0.059990279758555365,1,0,0,1
4908,4908.0,49.08,-0.32946092592592274,0.0,-0.05506532888985937,0.32946092592592274,0.27439559703606337,-0.05506532888985938,1,0,0,1
4909,4909.0,49.09,-0.322680462962956,0.0,-0.05132682888759665,0.322680462962956,0.27135363407535934,-0.051326828887596654,1,0,0,1
4910,4910.0,49.1,-0.315899999999995,0.0,-0.04769223070617534,0.315899999999995,0.2682077692938197,-0.04769223070617534,1,0,0,1
4911,4911.0,49.11,-0.3094228703703664,0.0,-0.043616770912957424,0.3094228703703664,0.265806099457409,-0.0436167709129574,1,0,0,1
4912,4912.0,49.12,-0.30294574074073777,0.0,-0.03846137236223214,0.30294574074073777,0.26448436837850564,-0.03846137236223213,1,0,0,1
4913,4913.0,49.13,-0.2964686111111092,0.0,-0.035372488889053796,0.2964686111111092,0.2610961222220554,-0.03537248888905381,1,0,0,1
4914,4914.0,49.14,-0.28999148148148063,0.0,-0.031727620001157184,0.28999148148148063,0.25826386148032343,-0.0317276200011572,1,0,0,1
4915,4915.0,49.15,-0.283514351851852,0.0,-0.027858406921187594,0.283514351851852,0.2556559449306644,-0.027858406921187573,1,0,0,1
4916,4916.0,49.16,-0.277347777777773,0.0,-0.0238123162035876,0.277347777777773,0.2535354615741854,-0.02381231620358759,1,0,0,1
4917,4917.0,49.17,-0.27118120370369964,0.0,-0.021648058986335462,0.27118120370369964,0.24953314471736418,-0.021648058986335456,1,0,0,1
4918,4918.0,49.18,-0.2650146296296263,0.0,-0.01688260920936867,0.2650146296296263,0.24813202042025762,-0.016882609209368682,1,0,0,1
4919,4919.0,49.19,-0.258848055555553,0.0,-0.012075077346178848,0.258848055555553,0.24677297820937416,-0.012075077346178853,1,0,0,1
4920,4920.0,49.2,-0.25268148148147973,0.0,-0.006539764677860956,0.25268148148147973,0.24614171680361877,-0.006539764677860965,1,0,0,1
4921,4921.0,49.21,-0.24683268518518459,0.0,-0.003135489553080521,0.24683268518518459,0.24369719563210407,-0.003135489553080517,1,0,0,1
4922,4922.0,49.22,-0.24098388888888944,0.0,0.0009647382884879882,0.24098388888888944,0.24194862717737742,0.0009647382884879763,1,0,0,1
4923,4923.0,49.23,-0.23513509259258858,0.0,0.006352350598462336,0.23513509259258858,0.24148744319105092,0.006352350598462342,1,0,0,1
4924,4924.0,49.24,-0.22928629629629343,0.0,0.011575277587890698,0.22928629629629343,0.24086157388418414,0.011575277587890703,1,0,0,1
4925,4925.0,49.25,-0.2234374999999983,0.0,0.01574374590573199,0.2234374999999983,0.23918124590573028,0.015743745905731993,1,0,0,1
4926,4926.0,49.26,-0.21791370370370422,0.0,0.018058817754469405,0.21791370370370422,0.23597252145817363,0.01805881775446941,1,0,0,1
4927,4927.0,49.27,-0.21238990740740438,0.0,0.022398282651070245,0.21238990740740438,0.23478819005847462,0.022398282651070245,1,0,0,1
4928,4928.0,49.28,-0.2068661111111103,0.0,0.026157121917491543,0.2068661111111103,0.23302323302860184,0.026157121917491533,1,0,0,1
4929,4929.0,49.29,-0.2013423148148105,0.0,0.029564524437769316,0.2013423148148105,0.23090683925257982,0.02956452443776933,1,0,0,1
4930,4930.0,49.3,-0.19581851851851068,0.0,0.03202904520550122,0.19581851851851068,0.22784756372401188,0.032029045205501205,1,0,0,1
4931,4931.0,49.31,-0.19062694444444053,0.0,0.0360324843284494,0.19062694444444053,0.22665942877288994,0.03603248432844941,1,0,0,1
4932,4932.0,49.32,-0.18543537037036464,0.0,0.04086265608111272,0.18543537037036464,0.22629802645147737,0.040862656081112725,1,0,0,1
4933,4933.0,49.33,-0.1802437962962945,0.0,0.04384499262300717,0.1802437962962945,0.22408878891930167,0.04384499262300717,1,0,0,1
4934,4934.0,49.34,-0.17505222222221864,0.0,0.04963273436382618,0.17505222222221864,0.22468495658604482,0.049632734363826175,1,0,0,1
4935,4935.0,49.35,-0.16986064814814278,0.0,0.05348199367424759,0.16986064814814278,0.22334264182239036,0.05348199367424758,1,0,0,1
4936,4936.0,49.36,-0.1650085185185137,0.0,0.05781036413230746,0.1650085185185137,0.22281888265082117,0.057810364132307474,1,0,0,1
4937,4937.0,49.37,-0.16015638888888464,0.0,0.061184071386810715,0.16015638888888464,0.22134046027569537,0.06118407138681073,1,0,0,1
4938,4938.0,49.38,-0.1553042592592556,0.0,0.0644738967442434,0.1553042592592556,0.21977815600349898,0.06447389674424339,1,0,0,1
4939,4939.0,49.39,-0.15045212962962654,0.0,0.06892426025213427,0.15045212962962654,0.2193763898817608,0.06892426025213427,1,0,0,1
4940,4940.0,49.4,-0.1455999999999975,0.0,0.07230561767315753,0.1455999999999975,0.21790561767315503,0.07230561767315752,1,0,0,1
4941,4941.0,49.41,-0.14109453703703242,0.0,0.0761694740104728,0.14109453703703242,0.21726401104750523,0.0761694740104728,1,0,0,1
4942,4942.0,49.42,-0.13658907407407306,0.0,0.07949457896682337,0.13658907407407306,0.21608365304089644,0.07949457896682338,1,0,0,1
4943,4943.0,49.43,-0.132083611111108,0.0,0.0830961226808861,0.132083611111108,0.21517973379199412,0.08309612268088612,1,0,0,1
4944,4944.0,49.44,-0.12757814814814863,0.0,0.08746814981294199,0.12757814814814863,0.21504629796109062,0.08746814981294199,1,0,0,1
4945,4945.0,49.45,-0.12307268518518354,0.0,0.0906331309324975,0.12307268518518354,0.21370581611768102,0.09063313093249749,1,0,0,1
4946,4946.0,49.46,-0.11892111111110533,0.0,0.09520495015965036,0.11892111111110533,0.21412606127075567,0.09520495015965035,1,0,0,1
4947,4947.0,49.47,-0.11476953703703281,0.0,0.09826680986145943,0.11476953703703281,0.21303634689849224,0.09826680986145943,1,0,0,1
4948,4948.0,49.48,-0.11061796296296032,0.0,0.10278754090037612,0.11061796296296032,0.21340550386333645,0.10278754090037613,1,0,1,0
4949,4949.0,49.49,-0.10646638888888783,0.0,0.1073392169161436,0.10646638888888783,0.21380560580503144,0.1073392169161436,1,0,1,0
4950,4950.0,49.5,-0.10231481481480961,0.0,0.10974468956690718,0.10231481481480961,0.21205950438171678,0.10974468956690717,1,0,1,0
4951,4951.0,49.51,-0.09852435185185258,0.0,0.11187140066596693,0.09852435185185258,0.2103957525178195,0.11187140066596692,1,0,1,0
4952,4952.0,49.52,-0.0947338888888841,0.0,0.11431897239944284,0.0947338888888841,0.20905286128832695,0.11431897239944286,1,0,1,0
4953,4953.0,49.53,-0.09094342592592133,0.0,0.11912996266669776,0.09094342592592133,0.2100733885926191,0.11912996266669776,1,0,1,0
4954,4954.0,49.54,-0.08715296296295857,0.0,0.12171330523194036,0.08715296296295857,0.20886626819489895,0.12171330523194038,1,0,1,0
4955,4955.0,49.55,-0.08336249999999581,0.0,0.12406419213211785,0.08336249999999581,0.20742669213211368,0.12406419213211786,1,0,1,0
4956,4956.0,49.56,-0.07994037037036568,0.0,0.12595169720009036,0.07994037037036568,0.20589206757045603,0.12595169720009036,1,0,1,0
4957,4957.0,49.57,-0.07651824074073554,0.0,0.13036946781931277,0.07651824074073554,0.20688770856004832,0.13036946781931277,1,0,1,0
4958,4958.0,49.58,-0.07309611111111113,0.0,0.1337201055164738,0.07309611111111113,0.20681621662758493,0.1337201055164738,1,0,1,0
4959,4959.0,49.59,-0.06967398148147527,0.0,0.13695751166987638,0.06967398148147527,0.20663149315135165,0.13695751166987638,1,0,1,0
4960,4960.0,49.6,-0.06625185185185085,0.0,0.14044697317591076,0.06625185185185085,0.2066988250277616,0.14044697317591076,1,0,1,0
4961,4961.0,49.61,-0.06320527777777622,0.0,0.14389700486597698,0.06320527777777622,0.2071022826437532,0.14389700486597695,1,0,1,0
4962,4962.0,49.62,-0.0601587037037016,0.0,0.14497792326039127,0.0601587037037016,0.20513662696409288,0.14497792326039127,1,0,1,0
4963,4963.0,49.63,-0.05711212962962695,0.0,0.14633736831339705,0.05711212962962695,0.203449497943024,0.14633736831339705,1,0,1,0
4964,4964.0,49.64,-0.05406555555555232,0.0,0.14912414194821824,0.05406555555555232,0.20318969750377056,0.14912414194821824,1,0,1,0
4965,4965.0,49.65,-0.05101898148147768,0.0,0.15232786259265296,0.05101898148147768,0.20334684407413064,0.15232786259265296,1,0,1,0
4966,4966.0,49.66,-0.048355185185181435,0.0,0.15485461250183533,0.048355185185181435,0.20320979768701675,0.1548546125018353,1,0,1,0
4967,4967.0,49.67,-0.04569138888888519,0.0,0.15572848539100348,0.04569138888888519,0.20141987427988867,0.15572848539100348,1,0,1,0
4968,4968.0,49.68,-0.04302759259258893,0.0,0.15829418354611843,0.04302759259258893,0.20132177613870736,0.15829418354611843,1,0,1,0
4969,4969.0,49.69,-0.040363796296292685,0.0,0.16236029891150913,0.040363796296292685,0.20272409520780182,0.16236029891150913,1,0,1,0
4970,4970.0,49.7,-0.03769999999999644,0.0,0.16409745517533475,0.03769999999999644,0.20179745517533118,0.16409745517533475,1,0,1,0
4971,4971.0,49.71,-0.03542620370370145,0.0,0.169067111777617,0.03542620370370145,0.20449331548131844,0.169067111777617,1,0,1,0
4972,4972.0,49.72,-0.033152407407406465,0.0,0.17151043291543513,0.033152407407406465,0.2046628403228416,0.17151043291543513,1,0,1,0
4973,4973.0,49.73,-0.030878611111105753,0.0,0.1749138494590142,0.030878611111105753,0.20579246057011996,0.1749138494590142,1,0,1,0
4974,4974.0,49.74,-0.028604814814810774,0.0,0.17713722550740496,0.028604814814810774,0.20574204032221574,0.17713722550740496,1,0,1,0
4975,4975.0,49.75,-0.026331018518515787,0.0,0.17925943508152264,0.026331018518515787,0.20559045360003844,0.17925943508152264,1,0,1,0
4976,4976.0,49.76,-0.024454444444439224,0.0,0.1815287377201304,0.024454444444439224,0.20598318216456962,0.1815287377201304,1,0,1,0
4977,4977.0,49.77,-0.022577870370368392,0.0,0.18483598134972878,0.022577870370368392,0.2074138517200972,0.18483598134972878,1,0,1,0
4978,4978.0,49.78,-0.020701296296291825,0.0,0.1885654482184083,0.020701296296291825,0.20926674451470012,0.1885654482184083,1,0,1,0
4979,4979.0,49.79,-0.018824722222220994,0.0,0.19060692367496102,0.018824722222220994,0.209431645897182,0.19060692367496102,1,0,1,0
4980,4980.0,49.8,-0.01694814814814443,0.0,0.19227638647312392,0.01694814814814443,0.20922453462126836,0.19227638647312392,1,0,1,0
4981,4981.0,49.81,-0.0154760185185149,0.0,0.19403107167899586,0.0154760185185149,0.20950709019751076,0.19403107167899586,1,0,1,0
4982,4982.0,49.82,-0.014003888888885367,0.0,0.19594198262684082,0.014003888888885367,0.2099458715157262,0.19594198262684082,1,0,1,0
4983,4983.0,49.83,-0.012531759259255836,0.0,0.1992811689831461,0.012531759259255836,0.21181292824240194,0.1992811689831461,1,0,1,0
4984,4984.0,49.84,-0.011059629629626304,0.0,0.20124264046124585,0.011059629629626304,0.21230227009087216,0.20124264046124585,1,0,1,0
4985,4985.0,49.85,-0.009587499999996772,0.0,0.20381867823547814,0.009587499999996772,0.21340617823547492,0.20381867823547814,1,0,1,0
4986,4986.0,49.86,-0.008527037037037154,0.0,0.20559128715708697,0.008527037037037154,0.21411832419412413,0.20559128715708697,1,0,1,0
4987,4987.0,49.87,-0.007466574074071806,0.0,0.20769495036811986,0.007466574074071806,0.21516152444219167,0.20769495036811986,1,0,1,0
4988,4988.0,49.88,-0.006406111111106459,0.0,0.20852846627205468,0.006406111111106459,0.21493457738316113,0.20852846627205468,1,0,1,0
4989,4989.0,49.89,-0.005345648148148131,0.0,0.20942863115097068,0.005345648148148131,0.21477427929911883,0.20942863115097068,1,0,1,0
4990,4990.0,49.9,-0.004285185185185362,0.0,0.21151220942517002,0.004285185185185362,0.21579739461035538,0.21151220942517002,1,0,1,0
4991,4991.0,49.91,-0.003643611111110777,0.0,0.21192915826470188,0.003643611111110777,0.21557276937581266,0.21192915826470188,1,0,1,0
4992,4992.0,49.92,-0.0030020370370369425,0.0,0.21294393427194303,0.0030020370370369425,0.21594597130897997,0.21294393427194303,1,0,1,0
4993,4993.0,49.93,-0.0023604629629631136,0.0,0.21359353750205246,0.0023604629629631136,0.21595400046501556,0.21359353750205246,1,0,1,0
4994,4994.0,49.94,-0.0017188888888892793,0.0,0.21614279851013787,0.0017188888888892793,0.21786168739902714,0.21614279851013787,1,0,1,0
4995,4995.0,49.95,-0.0010773148148149922,0.0,0.21828827355890085,0.0010773148148149922,0.21936558837371584,0.21828827355890085,1,0,1,0
4996,4996.0,49.96,-0.0008618518518520236,0.0,0.21907904399340938,0.0008618518518520236,0.2199408958452614,0.21907904399340938,1,0,1,0
4997,4997.0,49.97,-0.0006463888888890549,0.0,0.22065467533175295,0.0006463888888890549,0.221301064220642,0.22065467533175295,1,0,1,0
4998,4998.0,49.98,-0.00043092592592593616,0.0,0.22275416390502525,0.00043092592592593616,0.2231850898309512,0.22275416390502525,1,0,1,0
4999,4999.0,49.99,-0.00021546296296296808,0.0,0.22250053647824364,0.00021546296296296808,0.2227159994412066,0.22250053647824364,1,0,1,0
5000,5000.0,50.0,0.0,0.0,0.22193092694364494,0.0,0.22193092694364494,0.22193092694364494,1,0,1,0
5001,5001.0,50.01,0.0,0.0,0.22296569470863045,0.0,0.22296569470863045,0.22296569470863045,1,0,1,0
5002,5002.0,50.02,0.0,0.0,0.2225735641189506,0.0,0.2225735641189506,0.2225735641189506,1,0,1,0
5003,5003.0,50.03,0.0,0.0,0.22311148485198548,0.0,0.22311148485198548,0.22311148485198548,1,0,1,0
5004,5004.0,50.04,0.0,0.0,0.22169219746568888,0.0,0.22169219746568888,0.22169219746568888,1,0,1,0
5005,5005.0,50.05,0.0,0.0,0.2229748671077246,0.0,0.2229748671077246,0.2229748671077246,1,0,1,0
5006,5006.0,50.06,0.0,0.0,0.2251230456615567,0.0,0.2251230456615567,0.2251230456615567,1,0,1,0
5007,5007.0,50.07,0.0,0.0,0.2253605577815457,0.0,0.2253605577815457,0.2253605577815457,1,0,1,0
5008,5008.0,50.08,0.0,0.0,0.22816792138510714,0.0,0.22816792138510714,0.22816792138510714,1,0,1,0
5009,5009.0,50.09,0.0,0.0,0.22823792243121943,0.0,0.22823792243121943,0.22823792243121943,1,0,1,0
5010,5010.0,50.1,0.0,0.0,0.2295330273451359,0.0,0.2295330273451359,0.2295330273451359,1,0,1,0
5011,5011.0,50.11,0.0,0.0,0.229576449210061,0.0,0.229576449210061,0.229576449210061,1,0,1,0
5012,5012.0,50.12,0.0,0.0,0.22990926671407996,0.0,0.22990926671407996,0.22990926671407996,1,0,1,0
5013,5013.0,50.13,0.0,0.0,0.23034923928146378,0.0,0.23034923928146378,0.23034923928146378,1,0,1,0
5014,5014.0,50.14,0.0,0.0,0.23169453718096156,0.0,0.23169453718096156,0.23169453718096156,1,0,1,0
5015,5015.0,50.15,0.0,0.0,0.23308110837772267,0.0,0.23308110837772267,0.23308110837772267,1,0,1,0
5016,5016.0,50.16,0.0,0.0,0.23290604541008444,0.0,0.23290604541008444,0.23290604541008444,1,0,1,0
5017,5017.0,50.17,0.0,0.0,0.23406881778192262,0.0,0.23406881778192262,0.23406881778192262,1,0,1,0
5018,5018.0,50.18,0.0,0.0,0.23638035374735722,0.0,0.23638035374735722,0.23638035374735722,1,0,1,0
5019,5019.0,50.19,0.0,0.0,0.2362825000237719,0.0,0.2362825000237719,0.2362825000237719,1,0,1,0
5020,5020.0,50.2,0.0,0.0,0.23690729940891597,0.0,0.23690729940891597,0.23690729940891597,1,0,1,0
5021,5021.0,50.21,0.0,0.0,0.2374527616747848,0.0,0.2374527616747848,0.2374527616747848,1,0,1,0
5022,5022.0,50.22,0.0,0.0,0.23845057491192048,0.0,0.23845057491192048,0.23845057491192048,1,0,1,0
5023,5023.0,50.23,0.0,0.0,0.23989065263010345,0.0,0.23989065263010345,0.23989065263010345,1,0,1,0
5024,5024.0,50.24,0.0,0.0,0.24035446446354117,0.0,0.24035446446354117,0.24035446446354117,1,0,1,0
5025,5025.0,50.25,0.0,0.0,0.23963889810574773,0.0,0.23963889810574773,0.23963889810574773,1,0,1,0
5026,5026.0,50.26,0.0,0.0,0.23936335862076485,0.0,0.23936335862076485,0.23936335862076485,1,0,1,0
5027,5027.0,50.27,0.0,0.0,0.23997797275234162,0.0,0.23997797275234162,0.23997797275234162,1,0,1,0
5028,5028.0,50.28,0.0,0.0,0.240939673853095,0.0,0.240939673853095,0.240939673853095,1,0,1,0
5029,5029.0,50.29,0.0,0.0,0.240842049542401,0.0,0.240842049542401,0.240842049542401,1,0,1,0
5030,5030.0,50.3,0.0,0.0,0.2413166530800736,0.0,0.2413166530800736,0.2413166530800736,1,0,1,0
5031,5031.0,50.31,0.0,0.0,0.24203949794977855,0.0,0.24203949794977855,0.24203949794977855,1,0,1,0
5032,5032.0,50.32,0.0,0.0,0.24295271399922522,0.0,0.24295271399922522,0.24295271399922522,1,0,1,0
5033,5033.0,50.33,0.0,0.0,0.24334804073120522,0.0,0.24334804073120522,0.24334804073120522,1,0,1,0
5034,5034.0,50.34,0.0,0.0,0.2443644335654071,0.0,0.2443644335654071,0.2443644335654071,1,0,1,0
5035,5035.0,50.35,0.0,0.0,0.24474346188637527,0.0,0.24474346188637527,0.24474346188637527,1,0,1,0
5036,5036.0,50.36,0.0,0.0,0.24609329934716836,0.0,0.24609329934716836,0.24609329934716836,1,0,1,0
5037,5037.0,50.37,0.0,0.0,0.2461210755269262,0.0,0.2461210755269262,0.2461210755269262,1,0,1,0
5038,5038.0,50.38,0.0,0.0,0.24675402658640552,0.0,0.24675402658640552,0.24675402658640552,1,0,1,0
5039,5039.0,50.39,0.0,0.0,0.24721069347327468,0.0,0.24721069347327468,0.24721069347327468,1,0,1,0
5040,5040.0,50.4,0.0,0.0,0.24737316592003855,0.0,0.24737316592003855,0.24737316592003855,1,0,1,0
5041,5041.0,50.41,0.0,0.0,0.24722902070324201,0.0,0.24722902070324201,0.24722902070324201,1,0,1,0
5042,5042.0,50.42,0.0,0.0,0.24830099830851168,0.0,0.24830099830851168,0.24830099830851168,1,0,1,0
5043,5043.0,50.43,0.0,0.0,0.24976690196771897,0.0,0.24976690196771897,0.24976690196771897,1,0,1,0
5044,5044.0,50.44,0.0,0.0,0.2494255254338878,0.0,0.2494255254338878,0.2494255254338878,1,0,1,0
5045,5045.0,50.45,0.0,0.0,0.25038268660441826,0.0,0.25038268660441826,0.25038268660441826,1,0,1,0
5046,5046.0,50.46,0.0,0.0,0.25008876822611587,0.0,0.25008876822611587,0.25008876822611587,1,0,1,0
5047,5047.0,50.47,0.0,0.0,0.2514135231529057,0.0,0.2514135231529057,0.2514135231529057,1,0,1,0
5048,5048.0,50.48,0.0,0.0,0.2519690003083606,0.0,0.2519690003083606,0.2519690003083606,1,0,1,0
5049,5049.0,50.49,0.0,0.0,0.25128404426180145,0.0,0.25128404426180145,0.25128404426180145,1,0,1,0
5050,5050.0,50.5,0.0,0.0,0.2525736966533133,0.0,0.2525736966533133,0.2525736966533133,1,0,1,0
5051,5051.0,50.51,0.0,0.0,0.2546980924812026,0.0,0.2546980924812026,0.2546980924812026,1,0,1,0
5052,5052.0,50.52,0.0,0.0,0.25566478736216686,0.0,0.25566478736216686,0.25566478736216686,1,0,1,0
5053,5053.0,50.53,0.0,0.0,0.2554103905068901,0.0,0.2554103905068901,0.2554103905068901,1,0,1,0
5054,5054.0,50.54,0.0,0.0,0.25803764372312443,0.0,0.25803764372312443,0.25803764372312443,1,0,1,0
5055,5055.0,50.55,0.0,0.0,0.2604386229210446,0.0,0.2604386229210446,0.2604386229210446,1,0,1,0
5056,5056.0,50.56,0.0,0.0,0.26149830509724525,0.0,0.26149830509724525,0.26149830509724525,1,0,1,0
5057,5057.0,50.57,0.0,0.0,0.2624067453615039,0.0,0.2624067453615039,0.2624067453615039,1,0,1,0
5058,5058.0,50.58,0.0,0.0,0.2625713960478266,0.0,0.2625713960478266,0.2625713960478266,1,0,1,0
5059,5059.0,50.59,0.0,0.0,0.26418519700442633,0.0,0.26418519700442633,0.26418519700442633,1,0,1,0
5060,5060.0,50.6,0.0,0.0,0.26684506714804845,0.0,0.26684506714804845,0.26684506714804845,1,0,1,0
5061,5061.0,50.61,0.0,0.0,0.26784338001370345,0.0,0.26784338001370345,0.26784338001370345,1,0,1,0
5062,5062.0,50.62,0.0,0.0,0.268459393960706,0.0,0.268459393960706,0.268459393960706,1,0,1,0
5063,5063.0,50.63,0.0,0.0,0.2690039516875154,0.0,0.2690039516875154,0.2690039516875154,1,0,1,0
5064,5064.0,50.64,0.0,0.0,0.27028555503137963,0.0,0.27028555503137963,0.27028555503137963,1,0,1,0
5065,5065.0,50.65,0.0,0.0,0.2706511054329563,0.0,0.2706511054329563,0.2706511054329563,1,0,1,0
5066,5066.0,50.66,0.0,0.0,0.271131676495867,0.0,0.271131676495867,0.271131676495867,1,0,1,0
5067,5067.0,50.67,0.0,0.0,0.27196454206637694,0.0,0.27196454206637694,0.27196454206637694,1,0,1,0
5068,5068.0,50.68,0.0,0.0,0.2737300581788577,0.0,0.2737300581788577,0.2737300581788577,1,0,1,0
5069,5069.0,50.69,0.0,0.0,0.27565491981333795,0.0,0.27565491981333795,0.27565491981333795,1,0,1,0
5070,5070.0,50.7,0.0,0.0,0.27630232893297474,0.0,0.27630232893297474,0.27630232893297474,1,0,1,0
5071,5071.0,50.71,0.0,0.0,0.2777936641413349,0.0,0.2777936641413349,0.2777936641413349,1,0,1,0
5072,5072.0,50.72,0.0,0.0,0.2786881978508547,0.0,0.2786881978508547,0.2786881978508547,1,0,1,0
5073,5073.0,50.73,0.0,0.0,0.28080944686808146,0.0,0.28080944686808146,0.28080944686808146,1,0,1,0
5074,5074.0,50.74,0.0,0.0,0.2816053700201816,0.0,0.2816053700201816,0.2816053700201816,1,0,1,0
5075,5075.0,50.75,0.0,0.0,0.2829452536728436,0.0,0.2829452536728436,0.2829452536728436,1,0,1,0
5076,5076.0,50.76,0.0,0.0,0.28520447223443846,0.0,0.28520447223443846,0.28520447223443846,1,0,1,0
5077,5077.0,50.77,0.0,0.0,0.2861055396945942,0.0,0.2861055396945942,0.2861055396945942,1,0,1,0
5078,5078.0,50.78,0.0,0.0,0.2881814720806181,0.0,0.2881814720806181,0.2881814720806181,1,0,1,0
5079,5079.0,50.79,0.0,0.0,0.29025694185402096,0.0,0.29025694185402096,0.29025694185402096,1,0,1,0
5080,5080.0,50.8,0.0,0.0,0.292738859621577,0.0,0.292738859621577,0.292738859621577,1,0,1,0
5081,5081.0,50.81,0.0,0.0,0.29300364783050203,0.0,0.29300364783050203,0.29300364783050203,1,0,1,0
5082,5082.0,50.82,0.0,0.0,0.2940541594791465,0.0,0.2940541594791465,0.2940541594791465,1,0,1,0
5083,5083.0,50.83,0.0,0.0,0.2945526167901873,0.0,0.2945526167901873,0.2945526167901873,1,0,1,0
5084,5084.0,50.84,0.0,0.0,0.29619101222844774,0.0,0.29619101222844774,0.29619101222844774,1,0,1,0
5085,5085.0,50.85,0.0,0.0,0.2967223488825377,0.0,0.2967223488825377,0.2967223488825377,1,0,1,0
5086,5086.0,50.86,0.0,0.0,0.29650009551271833,0.0,0.29650009551271833,0.29650009551271833,1,0,1,0
5087,5087.0,50.87,0.0,0.0,0.2980135106117902,0.0,0.2980135106117902,0.2980135106117902,1,0,1,0
5088,5088.0,50.88,0.0,0.0,0.3003106431240075,0.0,0.3003106431240075,0.3003106431240075,1,0,1,0
5089,5089.0,50.89,0.0,0.0,0.3023283726774061,0.0,0.3023283726774061,0.3023283726774061,1,0,1,0
5090,5090.0,50.9,0.0,0.0,0.30367538972357866,0.0,0.30367538972357866,0.30367538972357866,1,0,1,0
5091,5091.0,50.91,0.0,0.0,0.3071778256920556,0.0,0.3071778256920556,0.3071778256920556,1,0,1,0
5092,5092.0,50.92,0.0,0.0,0.3096646611046979,0.0,0.3096646611046979,0.3096646611046979,1,0,1,0
5093,5093.0,50.93,0.0,0.0,0.3108105085978485,0.0,0.3108105085978485,0.3108105085978485,1,0,1,0
5094,5094.0,50.94,0.0,0.0,0.31216012294900225,0.0,0.31216012294900225,0.31216012294900225,1,0,1,0
5095,5095.0,50.95,0.0,0.0,0.3128036356584791,0.0,0.3128036356584791,0.3128036356584791,1,0,1,0
5096,5096.0,50.96,0.0,0.0,0.3142986163478868,0.0,0.3142986163478868,0.3142986163478868,1,0,1,0
5097,5097.0,50.97,0.0,0.0,0.3152503103097407,0.0,0.3152503103097407,0.3152503103097407,1,0,1,0
5098,5098.0,50.98,0.0,0.0,0.3159966295516153,0.0,0.3159966295516153,0.3159966295516153,1,0,1,0
5099,5099.0,50.99,0.0,0.0,0.31666359579746256,0.0,0.31666359579746256,0.31666359579746256,1,0,1,0
5100,5100.0,51.0,0.0,0.0,0.31916236068340975,0.0,0.31916236068340975,0.31916236068340975,1,0,1,0
5101,5101.0,51.01,0.0,0.0,0.3214590951216251,0.0,0.3214590951216251,0.3214590951216251,1,0,1,0
5102,5102.0,51.02,0.0,0.0,0.3232265250915607,0.0,0.3232265250915607,0.3232265250915607,1,0,1,0
5103,5103.0,51.03,0.0,0.0,0.32463340607454094,0.0,0.32463340607454094,0.32463340607454094,1,0,1,0
5104,5104.0,51.04,0.0,0.0,0.3259827775963492,0.0,0.3259827775963492,0.3259827775963492,1,0,1,0
5105,5105.0,51.05,0.0,0.0,0.3294932191012509,0.0,0.3294932191012509,0.3294932191012509,1,0,1,0
5106,5106.0,51.06,0.0,0.0,0.33261765605823707,0.0,0.33261765605823707,0.33261765605823707,1,0,1,0
5107,5107.0,51.07,0.0,0.0,0.33477370844643833,0.0,0.33477370844643833,0.33477370844643833,1,0,1,0
5108,5108.0,51.08,0.0,0.0,0.336796866593662,0.0,0.336796866593662,0.336796866593662,1,0,1,0
5109,5109.0,51.09,0.0,0.0,0.33941463515991344,0.0,0.33941463515991344,0.33941463515991344,1,0,1,0
5110,5110.0,51.1,0.0,0.0,0.3423289563229535,0.0,0.3423289563229535,0.3423289563229535,1,0,1,0
5111,5111.0,51.11,0.0,0.0,0.34314245101565843,0.0,0.34314245101565843,0.34314245101565843,1,0,1,0
5112,5112.0,51.12,0.0,0.0,0.34475046683619376,0.0,0.34475046683619376,0.34475046683619376,1,0,1,0
5113,5113.0,51.13,0.0,0.0,0.3476565289440478,0.0,0.3476565289440478,0.3476565289440478,1,0,1,0
5114,5114.0,51.14,0.0,0.0,0.3490593544710493,0.0,0.3490593544710493,0.3490593544710493,1,0,1,0
5115,5115.0,51.15,0.0,0.0,0.35206139293287125,0.0,0.35206139293287125,0.35206139293287125,1,0,1,0
5116,5116.0,51.16,0.0,0.0,0.35345387816865875,0.0,0.35345387816865875,0.35345387816865875,1,0,1,0
5117,5117.0,51.17,0.0,0.0,0.35545959252174136,0.0,0.35545959252174136,0.35545959252174136,1,0,1,0
5118,5118.0,51.18,0.0,0.0,0.3589189265482472,0.0,0.3589189265482472,0.3589189265482472,1,0,1,0
5119,5119.0,51.19,0.0,0.0,0.36112276836917856,0.0,0.36112276836917856,0.36112276836917856,1,0,1,0
5120,5120.0,51.2,0.0,0.0,0.36388567462861926,0.0,0.36388567462861926,0.36388567462861926,1,0,1,0
5121,5121.0,51.21,0.0,0.0,0.3662056598768314,0.0,0.3662056598768314,0.3662056598768314,1,0,1,0
5122,5122.0,51.22,0.0,0.0,0.36686119634796005,0.0,0.36686119634796005,0.36686119634796005,1,0,1,0
5123,5123.0,51.23,0.0,0.0,0.36759140718576255,0.0,0.36759140718576255,0.36759140718576255,1,0,1,0
5124,5124.0,51.24,0.0,0.0,0.3697092157976313,0.0,0.3697092157976313,0.3697092157976313,1,0,1,0
5125,5125.0,51.25,0.0,0.0,0.3718267922799293,0.0,0.3718267922799293,0.3718267922799293,1,0,1,0
5126,5126.0,51.26,0.0,0.0,0.3740385576088717,0.0,0.3740385576088717,0.3740385576088717,1,0,1,0
5127,5127.0,51.27,0.0,0.0,0.3740392508171753,0.0,0.3740392508171753,0.3740392508171753,1,0,1,0
5128,5128.0,51.28,0.0,0.0,0.376190683319856,0.0,0.376190683319856,0.376190683319856,1,0,1,0
5129,5129.0,51.29,0.0,0.0,0.37807542486769935,0.0,0.37807542486769935,0.37807542486769935,1,0,1,0
5130,5130.0,51.3,0.0,0.0,0.37830769129687125,0.0,0.37830769129687125,0.37830769129687125,1,0,1,0
5131,5131.0,51.31,0.0,0.0,0.3794819897878282,0.0,0.3794819897878282,0.3794819897878282,1,0,1,0
5132,5132.0,51.32,0.0,0.0,0.3796784421367636,0.0,0.3796784421367636,0.3796784421367636,1,0,1,0
5133,5133.0,51.33,0.0,0.0,0.3810131861190799,0.0,0.3810131861190799,0.3810131861190799,1,0,1,0
5134,5134.0,51.34,0.0,0.0,0.3815589601736496,0.0,0.3815589601736496,0.3815589601736496,1,0,1,0
5135,5135.0,51.35,0.0,0.0,0.3824868764969562,0.0,0.3824868764969562,0.3824868764969562,1,0,1,0
5136,5136.0,51.36,0.0,0.0,0.38238659250022605,0.0,0.38238659250022605,0.38238659250022605,1,0,1,0
5137,5137.0,51.37,0.0,0.0,0.38515569231362085,0.0,0.38515569231362085,0.38515569231362085,1,0,1,0
5138,5138.0,51.38,0.0,0.0,0.38692859992930095,0.0,0.38692859992930095,0.38692859992930095,1,0,1,0
5139,5139.0,51.39,0.0,0.0,0.38846434038558864,0.0,0.38846434038558864,0.38846434038558864,1,0,1,0
5140,5140.0,51.4,0.0,0.0,0.3900719454995486,0.0,0.3900719454995486,0.3900719454995486,1,0,1,0
5141,5141.0,51.41,0.0,0.0,0.390963010965221,0.0,0.390963010965221,0.390963010965221,1,0,1,0
5142,5142.0,51.42,0.0,0.0,0.3935385792154886,0.0,0.3935385792154886,0.3935385792154886,1,0,1,0
5143,5143.0,51.43,0.0,0.0,0.39617127234889005,0.0,0.39617127234889005,0.39617127234889005,1,0,1,0
5144,5144.0,51.44,0.0,0.0,0.3980433223317838,0.0,0.3980433223317838,0.3980433223317838,1,0,1,0
5145,5145.0,51.45,0.0,0.0,0.40105325627468724,0.0,0.40105325627468724,0.40105325627468724,1,0,1,0
5146,5146.0,51.46,0.0,0.0,0.403150213222156,0.0,0.403150213222156,0.403150213222156,1,0,1,0
5147,5147.0,51.47,0.0,0.0,0.4062173224590138,0.0,0.4062173224590138,0.4062173224590138,1,0,1,0
5148,5148.0,51.48,0.0,0.0,0.4051553498136852,0.0,0.4051553498136852,0.4051553498136852,1,0,1,0
5149,5149.0,51.49,0.0,0.0,0.40577309963620606,0.0,0.40577309963620606,0.40577309963620606,1,0,1,0
5150,5150.0,51.5,0.0,0.0,0.40749013873734735,0.0,0.40749013873734735,0.40749013873734735,1,0,1,0
5151,5151.0,51.51,0.0,0.0,0.4080507636830772,0.0,0.4080507636830772,0.4080507636830772,1,0,1,0
5152,5152.0,51.52,0.0,0.0,0.4106645634870667,0.0,0.4106645634870667,0.4106645634870667,1,0,1,0
5153,5153.0,51.53,0.0,0.0,0.4111160478480316,0.0,0.4111160478480316,0.4111160478480316,1,0,1,0
5154,5154.0,51.54,0.0,0.0,0.41256477147710663,0.0,0.41256477147710663,0.41256477147710663,1,0,1,0
5155,5155.0,51.55,0.0,0.0,0.41451842449347803,0.0,0.41451842449347803,0.41451842449347803,1,0,1,0
5156,5156.0,51.56,0.0,0.0,0.4152221763154088,0.0,0.4152221763154088,0.4152221763154088,1,0,1,0
5157,5157.0,51.57,0.0,0.0,0.4143255498700823,0.0,0.4143255498700823,0.4143255498700823,1,0,1,0
5158,5158.0,51.58,0.0,0.0,0.41490489078608117,0.0,0.41490489078608117,0.41490489078608117,1,0,1,0
5159,5159.0,51.59,0.0,0.0,0.41510200754348775,0.0,0.41510200754348775,0.41510200754348775,1,0,1,0
5160,5160.0,51.6,0.0,0.0,0.41600860283766045,0.0,0.41600860283766045,0.41600860283766045,1,0,1,0
5161,5161.0,51.61,0.0,0.0,0.4173508474369778,0.0,0.4173508474369778,0.4173508474369778,1,0,1,0
5162,5162.0,51.62,0.0,0.0,0.41871261213126354,0.0,0.41871261213126354,0.41871261213126354,1,0,1,0
5163,5163.0,51.63,0.0,0.0,0.42026187573532575,0.0,0.42026187573532575,0.42026187573532575,1,0,1,0
5164,5164.0,51.64,0.0,0.0,0.41974754678037113,0.0,0.41974754678037113,0.41974754678037113,1,0,1,0
5165,5165.0,51.65,0.0,0.0,0.42056642398999616,0.0,0.42056642398999616,0.42056642398999616,1,0,1,0
5166,5166.0,51.66,0.0,0.0,0.42244342667878776,0.0,0.42244342667878776,0.42244342667878776,1,0,1,0
5167,5167.0,51.67,0.0,0.0,0.42333922050482575,0.0,0.42333922050482575,0.42333922050482575,1,0,1,0
5168,5168.0,51.68,0.0,0.0,0.42378393452013435,0.0,0.42378393452013435,0.42378393452013435,1,0,1,0
5169,5169.0,51.69,0.0,0.0,0.4232655368441164,0.0,0.4232655368441164,0.4232655368441164,1,0,1,0
5170,5170.0,51.7,0.0,0.0,0.4237425637913406,0.0,0.4237425637913406,0.4237425637913406,1,0,1,0
5171,5171.0,51.71,0.0,0.0,0.4235717357445412,0.0,0.4235717357445412,0.4235717357445412,1,0,1,0
5172,5172.0,51.72,0.0,0.0,0.42297351140476297,0.0,0.42297351140476297,0.42297351140476297,1,0,1,0
5173,5173.0,51.73,0.0,0.0,0.42197623929400735,0.0,0.42197623929400735,0.42197623929400735,1,0,1,0
5174,5174.0,51.74,0.0,0.0,0.42322449316930943,0.0,0.42322449316930943,0.42322449316930943,1,0,1,0
5175,5175.0,51.75,0.0,0.0,0.42512121880905174,0.0,0.42512121880905174,0.42512121880905174,1,0,1,0
5176,5176.0,51.76,0.0,0.0,0.4258215628299196,0.0,0.4258215628299196,0.4258215628299196,1,0,1,0
5177,5177.0,51.77,0.0,0.0,0.4270065311225594,0.0,0.4270065311225594,0.4270065311225594,1,0,1,0
5178,5178.0,51.78,0.0,0.0,0.4256712473657743,0.0,0.4256712473657743,0.4256712473657743,1,0,1,0
5179,5179.0,51.79,0.0,0.0,0.42685444435077885,0.0,0.42685444435077885,0.42685444435077885,1,0,1,0
5180,5180.0,51.8,0.0,0.0,0.4255238479624032,0.0,0.4255238479624032,0.4255238479624032,1,0,1,0
5181,5181.0,51.81,0.0,0.0,0.42563031568220316,0.0,0.42563031568220316,0.42563031568220316,1,0,1,0
5182,5182.0,51.82,0.0,0.0,0.4277488021600956,0.0,0.4277488021600956,0.4277488021600956,1,0,1,0
5183,5183.0,51.83,0.0,0.0,0.428809490830829,0.0,0.428809490830829,0.428809490830829,1,0,1,0
5184,5184.0,51.84,0.0,0.0,0.4308898999095005,0.0,0.4308898999095005,0.4308898999095005,1,0,1,0
5185,5185.0,51.85,0.0,0.0,0.4311161445309717,0.0,0.4311161445309717,0.4311161445309717,1,0,1,0
5186,5186.0,51.86,0.0,0.0,0.43111456510682183,0.0,0.43111456510682183,0.43111456510682183,1,0,1,0
5187,5187.0,51.87,0.0,0.0,0.4311791550360178,0.0,0.4311791550360178,0.4311791550360178,1,0,1,0
5188,5188.0,51.88,0.0,0.0,0.43135147226336407,0.0,0.43135147226336407,0.43135147226336407,1,0,1,0
5189,5189.0,51.89,0.0,0.0,0.43216837595431573,0.0,0.43216837595431573,0.43216837595431573,1,0,1,0
5190,5190.0,51.9,0.0,0.0,0.432126928329074,0.0,0.432126928329074,0.432126928329074,1,0,1,0
5191,5191.0,51.91,0.0,0.0,0.43255179173818875,0.0,0.43255179173818875,0.43255179173818875,1,0,1,0
5192,5192.0,51.92,0.0,0.0,0.4331676944221905,0.0,0.4331676944221905,0.4331676944221905,1,0,1,0
5193,5193.0,51.93,0.0,0.0,0.43340920101626057,0.0,0.43340920101626057,0.43340920101626057,1,0,1,0
5194,5194.0,51.94,0.0,0.0,0.4302171373741575,0.0,0.4302171373741575,0.4302171373741575,1,0,1,0
5195,5195.0,51.95,0.0,0.0,0.4294304032685548,0.0,0.4294304032685548,0.4294304032685548,1,0,1,0
5196,5196.0,51.96,0.0,0.0,0.43133539749872124,0.0,0.43133539749872124,0.43133539749872124,1,0,1,0
5197,5197.0,51.97,0.0,0.0,0.43122613935331283,0.0,0.43122613935331283,0.43122613935331283,1,0,1,0
5198,5198.0,51.98,0.0,0.0,0.43150982819813927,0.0,0.43150982819813927,0.43150982819813927,1,0,1,0
5199,5199.0,51.99,0.0,0.0,0.4318075443861859,0.0,0.4318075443861859,0.4318075443861859,1,0,1,0
5200,5200.0,52.0,0.0,0.0,0.43118406416276867,0.0,0.43118406416276867,0.43118406416276867,1,0,1,0
