iteration,input_index,latency_ms,over_10ms
1,1,13.436,1
2,2,12.8203,1
3,3,12.391,1
4,4,12.3313,1
5,5,12.5252,1
6,6,12.5505,1
7,7,12.3072,1
8,8,12.2858,1
9,9,12.5698,1
10,10,12.9417,1
11,11,12.4438,1
12,12,12.234,1
13,13,12.2418,1
14,14,12.17,1
15,15,12.1691,1
16,16,12.1244,1
17,17,12.0985,1
18,18,12.6428,1
19,19,13.3475,1
20,20,13.2158,1
21,21,13.1733,1
22,22,12.6913,1
23,23,12.4507,1
24,24,12.3996,1
25,25,12.9064,1
26,26,12.3943,1
27,27,12.629,1
28,28,12.4452,1
29,29,12.1324,1
30,30,12.4108,1
31,31,11.8909,1
32,32,12.1666,1
33,33,12.1592,1
34,34,12.6154,1
35,35,12.2612,1
36,36,12.3187,1
37,37,12.897,1
38,38,12.4699,1
39,39,11.9407,1
40,40,12.0713,1
41,41,12.1059,1
42,42,11.9741,1
43,43,11.2836,1
44,44,11.3732,1
45,45,11.078,1
46,46,10.9157,1
47,47,12.1015,1
48,48,11.5273,1
49,49,11.765,1
50,50,11.1889,1
51,51,11.0755,1
52,52,15.1529,1
53,53,11.6575,1
54,54,10.8926,1
55,55,10.7526,1
56,56,10.4943,1
57,57,10.7209,1
58,58,11.7894,1
59,59,10.8971,1
60,60,10.6408,1
61,61,10.4277,1
62,62,11.2517,1
63,63,10.8958,1
64,64,10.4554,1
65,65,10.4759,1
66,66,10.5368,1
67,67,10.5828,1
68,68,10.4275,1
69,69,11.469,1
70,70,11.7995,1
71,71,10.9154,1
72,72,10.8886,1
73,73,10.5918,1
74,74,10.6717,1
75,75,11.4509,1
76,76,11.0755,1
77,77,10.6618,1
78,78,10.5569,1
79,79,10.6706,1
80,80,11.6216,1
81,81,12.604,1
82,82,12.1455,1
83,83,10.9652,1
84,84,10.7719,1
85,85,10.6763,1
86,86,10.5446,1
87,87,10.6001,1
88,88,10.7232,1
89,89,11.1085,1
90,90,11.2581,1
91,91,12.0049,1
92,92,11.1085,1
93,93,10.8783,1
94,94,10.7086,1
95,95,10.6896,1
96,96,10.6589,1
97,97,10.5238,1
98,98,10.6,1
99,99,11.2688,1
100,100,10.9855,1
101,101,12.0388,1
102,102,11.3312,1
103,103,10.8528,1
104,104,10.6354,1
105,105,10.5683,1
106,106,10.5992,1
107,107,10.9398,1
108,108,11.8106,1
109,109,10.6815,1
110,110,11.3509,1
111,111,11.9433,1
112,112,11.2674,1
113,113,10.7883,1
114,114,10.5245,1
115,115,10.7622,1
116,116,10.5407,1
117,117,10.5081,1
118,118,10.74,1
119,119,10.9988,1
120,120,10.4186,1
121,121,11.9256,1
122,122,13.1192,1
123,123,11.153,1
124,124,10.5492,1
125,125,10.4621,1
126,126,10.6591,1
127,127,10.4852,1
128,128,10.3836,1
129,129,10.5415,1
130,130,11.4204,1
131,131,14.9268,1
132,132,12.5079,1
133,133,12.0982,1
134,134,12.0756,1
135,135,11.1369,1
136,136,11.081,1
137,137,10.9932,1
138,138,11.3705,1
139,139,11.7314,1
140,140,11.1167,1
141,141,11.6005,1
142,142,11.5746,1
143,143,11.5542,1
144,144,11.017,1
145,145,10.6517,1
146,146,10.4726,1
147,147,10.7748,1
148,148,10.6691,1
149,149,10.6789,1
150,150,10.7014,1
151,151,11.3376,1
152,152,12.1691,1
153,153,11.1526,1
154,154,11.4133,1
155,155,10.8394,1
156,156,10.5261,1
157,157,10.8184,1
158,158,10.7476,1
159,159,10.5439,1
160,160,10.7246,1
161,161,11.7515,1
162,162,12.4907,1
163,163,11.5797,1
164,164,10.9065,1
165,165,11.1852,1
166,166,10.7886,1
167,167,10.5928,1
168,168,10.6228,1
169,169,11.8643,1
170,170,11.5622,1
171,171,12.5837,1
172,172,11.4562,1
173,173,10.9215,1
174,174,10.597,1
175,175,10.6865,1
176,176,10.5665,1
177,177,10.5327,1
178,178,11.2776,1
179,179,11.5115,1
180,180,11.1202,1
181,181,11.7954,1
182,182,11.4778,1
183,183,10.6676,1
184,184,10.9151,1
185,185,11.3411,1
186,186,11.1862,1
187,187,10.7552,1
188,188,10.9207,1
189,189,10.7489,1
190,190,10.6941,1
191,191,11.8537,1
192,192,11.4217,1
193,193,11.0576,1
194,194,10.6398,1
195,195,10.6102,1
196,196,10.7382,1
197,197,10.6552,1
198,198,10.755,1
199,199,10.5851,1
200,200,10.5306,1
201,201,12.5155,1
202,202,11.7165,1
203,203,10.9913,1
204,204,11.2709,1
205,205,10.6222,1
206,206,10.9901,1
207,207,10.8122,1
208,208,10.7819,1
209,209,11.3498,1
210,210,11.9342,1
211,211,12.2051,1
212,212,11.4582,1
213,213,10.8102,1
214,214,10.6905,1
215,215,10.7701,1
216,216,10.8486,1
217,217,11.0809,1
218,218,10.6798,1
219,219,10.939,1
220,220,10.751,1
221,221,12.4694,1
222,222,11.3954,1
223,223,10.9452,1
224,224,10.9179,1
225,225,10.8933,1
226,226,10.7901,1
227,227,11.2363,1
228,228,12,1
229,229,11.0861,1
230,230,11.0298,1
231,231,11.8562,1
232,232,11.0658,1
233,233,12.8821,1
234,234,11.3782,1
235,235,11.2783,1
236,236,10.7548,1
237,237,11.265,1
238,238,11.1286,1
239,239,10.8022,1
240,240,12.1115,1
241,241,12.6342,1
242,242,12.3002,1
243,243,12.077,1
244,244,11.4687,1
245,245,11.2928,1
246,246,11.0082,1
247,247,11.3253,1
248,248,11.4102,1
249,249,11.2424,1
250,250,10.8682,1
251,251,10.669,1
252,252,11.0066,1
253,253,10.7583,1
254,254,10.7125,1
255,255,10.731,1
256,256,10.9966,1
257,257,10.7137,1
258,258,10.9771,1
259,259,12.5088,1
260,260,11.5909,1
261,261,11.9292,1
262,262,11.538,1
263,263,10.8491,1
264,264,10.5532,1
265,265,10.6944,1
266,266,10.6223,1
267,267,10.5448,1
268,268,11.7965,1
269,269,11.0327,1
270,270,11.3104,1
271,271,11.4593,1
272,272,10.7579,1
273,273,10.5161,1
274,274,10.3631,1
275,275,12.0272,1
276,276,11.6351,1
277,277,10.8689,1
278,278,10.6514,1
279,279,11.3883,1
280,280,11.1837,1
281,281,10.5108,1
282,282,12.1237,1
283,283,11.53,1
284,284,11.0434,1
285,285,10.6483,1
286,286,10.6459,1
287,287,10.7989,1
288,288,10.631,1
289,289,10.8491,1
290,290,10.9233,1
291,291,10.675,1
292,292,10.7756,1
293,293,11.3138,1
294,294,11.9057,1
295,295,11.1774,1
296,296,10.8748,1
297,297,10.5601,1
298,298,10.7171,1
299,299,10.7633,1
300,300,10.833,1
301,301,10.6331,1
302,302,10.5512,1
303,303,10.6131,1
304,304,10.5644,1
305,305,12.0062,1
306,306,12.5018,1
307,307,10.8399,1
308,308,10.613,1
309,309,11.0289,1
310,310,11.0188,1
311,311,11.2523,1
312,312,10.9816,1
313,313,10.6281,1
314,314,11.3891,1
315,315,10.9769,1
316,316,11.5599,1
317,317,11.6858,1
318,318,10.8449,1
319,319,10.7035,1
320,320,10.5231,1
321,321,10.7038,1
322,322,10.9209,1
323,323,11.2004,1
324,324,14.0537,1
325,325,11.3574,1
326,326,11.7457,1
327,327,11.5501,1
328,328,12.3544,1
329,329,12.5473,1
330,330,11.1466,1
331,331,11.5341,1
332,332,11.0823,1
333,333,10.7588,1
334,334,10.945,1
335,335,11.068,1
336,336,12.0761,1
337,337,11.4142,1
338,338,10.82,1
339,339,10.5719,1
340,340,10.6431,1
341,341,10.7276,1
342,342,10.5857,1
343,343,10.7429,1
344,344,11.0423,1
345,345,11.3368,1
346,346,12.2129,1
347,347,11.2466,1
348,348,10.7524,1
349,349,10.8073,1
350,350,10.7536,1
351,351,10.7862,1
352,352,10.5635,1
353,353,10.5858,1
354,354,11.182,1
355,355,11.5409,1
356,356,13.2784,1
357,357,12.5527,1
358,358,12.5226,1
359,359,11.7482,1
360,360,10.872,1
361,361,11.232,1
362,362,11.2464,1
363,363,11.6715,1
364,364,11.1128,1
365,365,11.1416,1
366,366,11.251,1
367,367,10.9612,1
368,368,10.7702,1
369,369,10.7224,1
370,370,10.7995,1
371,371,11.3786,1
372,372,11.9589,1
373,373,11.1396,1
374,374,10.3032,1
375,375,11.4923,1
376,376,11.4232,1
377,377,10.6502,1
378,378,10.5471,1
379,379,10.8265,1
380,380,10.7896,1
381,381,11.2275,1
382,382,10.4082,1
383,383,10.4791,1
384,384,10.4342,1
385,385,12.2194,1
386,386,11.8953,1
387,387,10.8169,1
388,388,10.644,1
389,389,10.6914,1
390,390,10.479,1
391,391,10.6187,1
392,392,10.808,1
393,393,10.553,1
394,394,10.8791,1
395,395,11.646,1
396,396,12.2279,1
397,397,10.8792,1
398,398,11.0517,1
399,399,10.6997,1
400,400,10.9974,1
401,401,10.5001,1
402,402,10.6829,1
403,403,10.6373,1
404,404,10.7496,1
405,405,11.5288,1
406,406,12.0027,1
407,407,11.0292,1
408,408,12.8762,1
409,409,15.3614,1
410,410,11.1651,1
411,411,10.7244,1
412,412,12.0034,1
413,413,10.6796,1
414,414,11.062,1
415,415,11.7939,1
416,416,11.2955,1
417,417,11.0577,1
418,418,11.0358,1
419,419,10.649,1
420,420,11.4381,1
421,421,11.5276,1
422,422,10.8922,1
423,423,10.5016,1
424,424,12.0888,1
425,425,11.8077,1
426,426,10.9229,1
427,427,12.3725,1
428,428,11.4906,1
429,429,11.3999,1
430,430,11.913,1
431,431,11.583,1
432,432,10.8902,1
433,433,10.5688,1
434,434,12.0112,1
435,435,11.5531,1
436,436,10.8928,1
437,437,10.7747,1
438,438,10.7065,1
439,439,10.8625,1
440,440,10.6308,1
441,441,10.6675,1
442,442,10.6439,1
443,443,10.4871,1
444,444,11.923,1
445,445,12.1609,1
446,446,10.9206,1
447,447,10.7226,1
448,448,11.1459,1
449,449,11.2568,1
450,450,10.9422,1
451,451,10.5861,1
452,452,11.019,1
453,453,10.8836,1
454,454,12.0558,1
455,455,11.1766,1
456,456,12.3952,1
457,457,12.2372,1
458,458,11.7069,1
459,459,11.9365,1
460,460,11.6292,1
461,461,11.9752,1
462,462,11.8426,1
463,463,11.1487,1
464,464,11.3379,1
465,465,11.1844,1
466,466,12.7902,1
467,467,13.4797,1
468,468,13.2087,1
469,469,14.0813,1
470,470,12.6876,1
471,471,12.5817,1
472,472,12.8102,1
473,473,11.9473,1
474,474,11.3108,1
475,475,11.0774,1
476,476,11.3853,1
477,477,11.1022,1
478,478,12.2162,1
479,479,12.2268,1
480,480,11.9,1
481,481,12.4889,1
482,482,12.4478,1
483,483,12.1026,1
484,484,12.3667,1
485,485,12.8182,1
486,486,12.706,1
487,487,12.3375,1
488,488,12.5111,1
489,489,12.4377,1
490,490,12.5266,1
491,491,12.4846,1
492,492,12.3942,1
493,493,12.9633,1
494,494,12.7962,1
495,495,12.4177,1
496,496,12.1797,1
497,497,12.4951,1
498,498,14.2164,1
499,499,13.0025,1
500,500,15.2507,1
501,501,13.8064,1
502,502,17.6246,1
503,503,13.843,1
504,504,13.528,1
505,505,12.9662,1
506,506,12.1563,1
507,507,12.4552,1
508,508,12.0743,1
509,509,12.9647,1
510,510,12.8918,1
511,511,12.7364,1
512,512,12.1397,1
513,513,12.5723,1
514,514,12.2207,1
515,515,12.1585,1
516,516,12.1183,1
517,517,12.2813,1
518,518,12.743,1
519,519,12.5845,1
520,520,12.2788,1
521,521,12.132,1
522,522,12.2171,1
523,523,12.1025,1
524,524,12.3299,1
525,525,12.5769,1
526,526,12.3574,1
527,527,12.813,1
528,528,12.8023,1
529,529,12.0542,1
530,530,12.0075,1
531,531,11.9832,1
532,532,12.0759,1
533,533,12.2228,1
534,534,12.4215,1
535,535,12.4082,1
536,536,12.8035,1
537,537,12.6714,1
538,538,12.332,1
539,539,12.25,1
540,540,12.3746,1
541,541,12.3415,1
542,542,12.4084,1
543,543,12.2716,1
544,544,12.4935,1
545,545,13.6155,1
546,546,12.6241,1
547,547,12.6978,1
548,548,12.3596,1
549,549,12.2431,1
550,550,12.2575,1
551,551,12.4688,1
552,552,12.3385,1
553,553,13.3836,1
554,554,13.226,1
555,555,12.1494,1
556,556,12.2087,1
557,557,12.2092,1
558,558,11.9233,1
559,559,12.1308,1
560,560,11.9099,1
561,561,11.6657,1
562,562,12.1393,1
563,563,13.5588,1
564,564,13.8254,1
565,565,13.4737,1
566,566,12.7826,1
567,567,12.433,1
568,568,12.6167,1
569,569,12.7977,1
570,570,13.0974,1
571,571,12.5214,1
572,572,12.4691,1
573,573,12.2823,1
574,574,12.0739,1
575,575,11.8353,1
576,576,12.0751,1
577,577,11.9798,1
578,578,11.9825,1
579,579,11.8917,1
580,580,12.0634,1
581,581,12.5913,1
582,582,12.4669,1
583,583,12.1992,1
584,584,12.0234,1
585,585,12.0497,1
586,586,12.1069,1
587,587,11.9321,1
588,588,11.9995,1
589,589,12.0552,1
590,590,12.5951,1
591,591,12.5742,1
592,592,12.1192,1
593,593,12.4161,1
594,594,12.1203,1
595,595,12.3591,1
596,596,12.0007,1
597,597,12.3704,1
598,598,12.2989,1
599,599,12.7327,1
600,600,12.6633,1
601,601,12.4795,1
602,602,12.1073,1
603,603,12.0175,1
604,604,12.4093,1
605,605,12.1443,1
606,606,11.8981,1
607,607,11.6477,1
608,608,12.5576,1
609,609,12.9616,1
610,610,12.5327,1
611,611,12.3592,1
612,612,12.2503,1
613,613,12.1749,1
614,614,12.0885,1
615,615,12.083,1
616,616,12.0666,1
617,617,12.8198,1
618,618,12.5737,1
619,619,12.196,1
620,620,12.2261,1
621,621,12.1994,1
622,622,12.2166,1
623,623,12.1313,1
624,624,12.051,1
625,625,12.121,1
626,626,12.9847,1
627,627,12.5997,1
628,628,12.3466,1
629,629,12.3461,1
630,630,12.4318,1
631,631,12.3814,1
632,632,12.1945,1
633,633,12.117,1
634,634,12.1077,1
635,635,12.8391,1
636,636,12.7969,1
637,637,11.9805,1
638,638,11.9056,1
639,639,12.4069,1
640,640,12.1991,1
641,641,12.2611,1
642,642,12.6212,1
643,643,12.2403,1
644,644,12.9736,1
645,645,12.7351,1
646,646,12.4647,1
647,647,12.1281,1
648,648,11.9789,1
649,649,12.2751,1
650,650,11.9961,1
651,651,11.8077,1
652,652,11.8579,1
653,653,11.5899,1
654,654,12.1039,1
655,655,12.1853,1
656,656,11.8486,1
657,657,11.7477,1
658,658,11.6924,1
659,659,11.8016,1
660,660,11.7047,1
661,661,11.6809,1
662,662,11.7239,1
663,663,12.072,1
664,664,12.0842,1
665,665,12.9009,1
666,666,13.2164,1
667,667,13.1093,1
668,668,12.7978,1
669,669,12.3784,1
670,670,12.4685,1
671,671,12.3402,1
672,672,12.5997,1
673,673,12.626,1
674,674,12.8211,1
675,675,12.5189,1
676,676,12.1789,1
677,677,12.1135,1
678,678,12.0667,1
679,679,11.9857,1
680,680,11.9764,1
681,681,11.9516,1
682,682,11.9594,1
683,683,12.0706,1
684,684,12.5454,1
685,685,13.2105,1
686,686,12.6264,1
687,687,12.0518,1
688,688,11.9238,1
689,689,12.1111,1
690,690,11.8742,1
691,691,11.8371,1
692,692,11.9069,1
693,693,12.5167,1
694,694,12.2131,1
695,695,11.8958,1
696,696,11.9694,1
697,697,11.9198,1
698,698,12.0407,1
699,699,12.3547,1
700,700,12.5197,1
701,701,12.062,1
702,702,12.7136,1
703,703,12.6986,1
704,704,12.1327,1
705,705,12.0408,1
706,706,12.0423,1
707,707,12.0415,1
708,708,12.2103,1
709,709,12.2943,1
710,710,12.0435,1
711,711,12.4944,1
712,712,12.322,1
713,713,12.2026,1
714,714,12.1045,1
715,715,12.2386,1
716,716,12.1307,1
717,717,12.2097,1
718,718,12.2316,1
719,719,12.0609,1
720,720,12.8336,1
721,721,12.4325,1
722,722,12.0732,1
723,723,11.9981,1
724,724,12.3752,1
725,725,11.8188,1
726,726,11.7782,1
727,727,11.979,1
728,728,12.115,1
729,729,13.2735,1
730,730,12.5022,1
731,731,11.7414,1
732,732,11.9781,1
733,733,11.8155,1
734,734,11.8912,1
735,735,11.8289,1
736,736,11.6744,1
737,737,11.8563,1
738,738,12.4589,1
739,739,12.5022,1
740,740,12.046,1
741,741,11.8374,1
742,742,11.6959,1
743,743,11.6219,1
744,744,11.6542,1
745,745,11.9412,1
746,746,11.8766,1
747,747,12.1569,1
748,748,12.5629,1
749,749,12.028,1
750,750,12.0982,1
751,751,11.7503,1
752,752,11.7796,1
753,753,11.6436,1
754,754,11.6154,1
755,755,11.6992,1
756,756,11.8551,1
757,757,12.7048,1
758,758,12.1378,1
759,759,11.8753,1
760,760,11.8192,1
761,761,11.801,1
762,762,11.8021,1
763,763,11.651,1
764,764,11.6901,1
765,765,11.8881,1
766,766,12.7386,1
767,767,13.5647,1
768,768,12.7859,1
769,769,12.656,1
770,770,12.0699,1
771,771,11.7947,1
772,772,11.9778,1
773,773,12.1551,1
774,774,12.9518,1
775,775,12.3551,1
776,776,12.493,1
777,777,12.1004,1
778,778,11.763,1
779,779,11.661,1
780,780,11.9726,1
781,781,11.8946,1
782,782,11.8634,1
783,783,11.7529,1
784,784,11.4197,1
785,785,12.5381,1
786,786,12.1595,1
787,787,11.768,1
788,788,11.4619,1
789,789,11.6281,1
790,790,12.0207,1
791,791,11.8958,1
792,792,11.943,1
793,793,11.9899,1
794,794,12.3757,1
795,795,12.7343,1
796,796,11.9523,1
797,797,12.0817,1
798,798,12.0517,1
799,799,11.9202,1
800,800,11.9436,1
801,801,11.9156,1
802,802,11.9482,1
803,803,12.2461,1
804,804,12.6903,1
805,805,12.0818,1
806,806,12.0075,1
807,807,12.1516,1
808,808,12.0048,1
809,809,11.8179,1
810,810,11.9766,1
811,811,12.1296,1
812,812,12.5457,1
813,813,13.1871,1
814,814,12.2568,1
815,815,12.076,1
816,816,12.0575,1
817,817,12.0495,1
818,818,11.9,1
819,819,12.3153,1
820,820,11.7521,1
821,821,11.5311,1
822,822,11.7363,1
823,823,12.2769,1
824,824,11.7669,1
825,825,11.5947,1
826,826,11.5951,1
827,827,11.6478,1
828,828,11.4865,1
829,829,11.7614,1
830,830,11.8759,1
831,831,11.8125,1
832,832,12.0325,1
833,833,12.1143,1
834,834,12.7028,1
835,835,12.2541,1
836,836,11.8629,1
837,837,11.4917,1
838,838,11.2929,1
839,839,11.3753,1
840,840,11.3824,1
841,841,11.3305,1
842,842,11.3384,1
843,843,11.4219,1
844,844,12.1175,1
845,845,12.6959,1
846,846,11.9768,1
847,847,11.9636,1
848,848,12.052,1
849,849,12.4519,1
850,850,12.328,1
851,851,12.0811,1
852,852,12.013,1
853,853,12.178,1
854,854,11.8241,1
855,855,12.627,1
856,856,11.8806,1
857,857,11.9116,1
858,858,12.0874,1
859,859,11.7827,1
860,860,11.8001,1
861,861,11.7199,1
862,862,11.7973,1
863,863,11.8054,1
864,864,13.5283,1
865,865,12.1603,1
866,866,11.6731,1
867,867,11.6729,1
868,868,11.5779,1
869,869,11.5548,1
870,870,11.5747,1
871,871,11.5808,1
872,872,11.9787,1
873,873,12.2869,1
874,874,12.7033,1
875,875,12.5987,1
876,876,12.4086,1
877,877,12.0489,1
878,878,11.865,1
879,879,11.8737,1
880,880,12.3249,1
881,881,12.191,1
882,882,12.4621,1
883,883,12.2603,1
884,884,12.0315,1
885,885,11.9562,1
886,886,11.922,1
887,887,11.8258,1
888,888,11.7069,1
889,889,11.764,1
890,890,11.923,1
891,891,12.3809,1
892,892,12.3887,1
893,893,11.9336,1
894,894,12.0357,1
895,895,12.2106,1
896,896,11.866,1
897,897,12.0873,1
898,898,11.7213,1
899,899,11.8917,1
900,900,12.157,1
901,901,12.3649,1
902,902,11.8972,1
903,903,12.1138,1
904,904,11.7503,1
905,905,11.9405,1
906,906,11.8141,1
907,907,11.8233,1
908,908,12.0235,1
909,909,12.5875,1
910,910,13.0194,1
911,911,12.0058,1
912,912,12.0429,1
913,913,11.9907,1
914,914,11.9504,1
915,915,11.8401,1
916,916,11.7456,1
917,917,11.8048,1
918,918,12.1396,1
919,919,12.6315,1
920,920,11.7827,1
921,921,11.8928,1
922,922,11.5724,1
923,923,11.4934,1
924,924,11.5368,1
925,925,11.6294,1
926,926,11.5444,1
927,927,11.5281,1
928,928,12.3283,1
929,929,11.9168,1
930,930,11.7314,1
931,931,11.5957,1
932,932,11.6793,1
933,933,11.537,1
934,934,11.4236,1
935,935,11.614,1
936,936,11.7984,1
937,937,12.1725,1
938,938,12.1715,1
939,939,11.6149,1
940,940,12.3473,1
941,941,11.7368,1
942,942,11.6852,1
943,943,11.5682,1
944,944,11.5006,1
945,945,11.7676,1
946,946,11.7783,1
947,947,12.0602,1
948,948,11.535,1
949,949,11.333,1
950,950,11.3878,1
951,951,11.2795,1
952,952,11.2513,1
953,953,11.3476,1
954,954,11.2953,1
955,955,12.1362,1
956,956,12.2724,1
957,957,12.0114,1
958,958,11.653,1
959,959,11.7054,1
960,960,11.6398,1
961,961,11.5709,1
962,962,11.4965,1
963,963,11.5913,1
964,964,11.5617,1
965,965,11.9267,1
966,966,12.3547,1
967,967,11.683,1
968,968,11.7733,1
969,969,11.6311,1
970,970,11.5831,1
971,971,11.6071,1
972,972,11.5991,1
973,973,11.6169,1
974,974,11.9091,1
975,975,13.1912,1
976,976,13.1434,1
977,977,12.9498,1
978,978,12.7941,1
979,979,12.5035,1
980,980,12.0674,1
981,981,12.1092,1
982,982,12.6221,1
983,983,12.2146,1
984,984,11.9496,1
985,985,11.8914,1
986,986,11.5162,1
987,987,11.3632,1
988,988,11.6309,1
989,989,11.5942,1
990,990,11.8654,1
991,991,11.8489,1
992,992,11.6021,1
993,993,12.0718,1
994,994,12.5987,1
995,995,12.3466,1
996,996,11.831,1
997,997,11.6187,1
998,998,11.8337,1
999,999,11.8187,1
1000,1000,11.8027,1
1001,1001,11.6162,1
1002,1002,11.5315,1
1003,1003,12.2331,1
1004,1004,12.6642,1
1005,1005,11.7442,1
1006,1006,11.8066,1
1007,1007,11.7186,1
1008,1008,11.6365,1
1009,1009,11.7946,1
1010,1010,11.6721,1
1011,1011,11.7676,1
1012,1012,11.7926,1
1013,1013,12.6678,1
1014,1014,12.0462,1
1015,1015,11.8433,1
1016,1016,11.7942,1
1017,1017,11.6436,1
1018,1018,11.5936,1
1019,1019,11.8403,1
1020,1020,11.6431,1
1021,1021,11.5779,1
1022,1022,12.0614,1
1023,1023,12.5101,1
1024,1024,11.7055,1
1025,1025,11.3785,1
1026,1026,11.5199,1
1027,1027,11.4366,1
1028,1028,11.3912,1
1029,1029,11.4163,1
1030,1030,11.3147,1
1031,1031,11.3138,1
1032,1032,11.362,1
1033,1033,11.9033,1
1034,1034,11.8137,1
1035,1035,11.3085,1
1036,1036,11.2998,1
1037,1037,11.2985,1
1038,1038,11.0832,1
1039,1039,11.2094,1
1040,1040,11.3916,1
1041,1041,11.7792,1
1042,1042,11.8564,1
1043,1043,11.641,1
1044,1044,12.2672,1
1045,1045,12.0324,1
1046,1046,12.1133,1
1047,1047,12.1158,1
1048,1048,11.8387,1
1049,1049,11.6798,1
1050,1050,11.7572,1
1051,1051,11.6401,1
1052,1052,11.7413,1
1053,1053,11.7335,1
1054,1054,11.9369,1
1055,1055,12.5399,1
1056,1056,11.7195,1
1057,1057,11.7845,1
1058,1058,11.6481,1
1059,1059,11.5962,1
1060,1060,11.5456,1
1061,1061,11.6138,1
1062,1062,11.6337,1
1063,1063,11.4748,1
1064,1064,11.813,1
1065,1065,12.0062,1
1066,1066,12.303,1
1067,1067,11.7273,1
1068,1068,11.7013,1
1069,1069,11.5482,1
1070,1070,11.718,1
1071,1071,11.4572,1
1072,1072,11.6309,1
1073,1073,11.5865,1
1074,1074,11.7694,1
1075,1075,12.486,1
1076,1076,12.056,1
1077,1077,11.6221,1
1078,1078,11.4371,1
1079,1079,11.3532,1
1080,1080,11.4386,1
1081,1081,11.341,1
1082,1082,11.648,1
1083,1083,11.6359,1
1084,1084,12.4255,1
1085,1085,12.5527,1
1086,1086,12.5925,1
1087,1087,12.4732,1
1088,1088,11.9386,1
1089,1089,12.0885,1
1090,1090,11.9051,1
1091,1091,12.0533,1
1092,1092,12.7681,1
1093,1093,12.1828,1
1094,1094,11.8264,1
1095,1095,11.6368,1
1096,1096,11.4568,1
1097,1097,11.4171,1
1098,1098,11.2139,1
1099,1099,11.2155,1
1100,1100,11.4235,1
1101,1101,11.2909,1
1102,1102,11.1527,1
1103,1103,11.2864,1
1104,1104,12.0815,1
1105,1105,11.7128,1
1106,1106,11.9919,1
1107,1107,11.6116,1
1108,1108,11.6051,1
1109,1109,11.8664,1
1110,1110,11.5533,1
1111,1111,11.5288,1
1112,1112,11.3939,1
1113,1113,12.316,1
1114,1114,12.1428,1
1115,1115,11.6027,1
1116,1116,11.6071,1
1117,1117,11.4906,1
1118,1118,11.9391,1
1119,1119,13.9781,1
1120,1120,11.6574,1
1121,1121,11.5154,1
1122,1122,12.1247,1
1123,1123,12.0574,1
1124,1124,11.4264,1
1125,1125,10.837,1
1126,1126,10.672,1
1127,1127,10.3291,1
1128,1128,10.3298,1
1129,1129,9.8698,0
1130,1130,9.7465,0
1131,1131,10.4741,1
1132,1132,10.7374,1
1133,1133,11.0844,1
1134,1134,10.262,1
1135,1135,9.767,0
1136,1136,9.7245,0
1137,1137,10.4425,1
1138,1138,9.8167,0
1139,1139,9.7546,0
1140,1140,10.3409,1
1141,1141,10.9224,1
1142,1142,10.053,1
1143,1143,10.8223,1
1144,1144,10.8654,1
1145,1145,10.0791,1
1146,1146,9.9482,0
1147,1147,9.7568,0
1148,1148,9.8959,0
1149,1149,10.1828,1
1150,1150,9.8317,0
1151,1151,10.5675,1
1152,1152,10.6062,1
1153,1153,10.339,1
1154,1154,10.7494,1
1155,1155,10.8199,1
1156,1156,10.0292,1
1157,1157,10.0214,1
1158,1158,10.2515,1
1159,1159,10.2698,1
1160,1160,10.0041,1
1161,1161,9.8932,0
1162,1162,9.6802,0
1163,1163,9.7595,0
1164,1164,9.8503,0
1165,1165,10.9071,1
1166,1166,11.28,1
1167,1167,10.496,1
1168,1168,10.4883,1
1169,1169,10.1354,1
1170,1170,9.796,0
1171,1171,9.8919,0
1172,1172,9.9369,0
1173,1173,9.7718,0
1174,1174,10.0493,1
1175,1175,10.315,1
1176,1176,11.0722,1
1177,1177,10.362,1
1178,1178,10.1034,1
1179,1179,9.8548,0
1180,1180,9.8282,0
1181,1181,9.7604,0
1182,1182,9.7244,0
1183,1183,9.6722,0
1184,1184,9.7824,0
1185,1185,10.1548,1
1186,1186,10.7459,1
1187,1187,11.1296,1
1188,1188,10.7024,1
1189,1189,10.0661,1
1190,1190,9.8415,0
1191,1191,9.7902,0
1192,1192,9.7906,0
1193,1193,10.7582,1
1194,1194,10.16,1
1195,1195,10.0818,1
1196,1196,10.0306,1
1197,1197,11.1228,1
1198,1198,12.0874,1
1199,1199,11.2342,1
1200,1200,11.8122,1
1201,1201,11.612,1
1202,1202,10.7479,1
1203,1203,10.5202,1
1204,1204,10.3993,1
1205,1205,10.4666,1
1206,1206,10.5258,1
1207,1207,10.3683,1
1208,1208,10.617,1
1209,1209,10.2415,1
1210,1210,10.0317,1
1211,1211,9.8435,0
1212,1212,9.7985,0
1213,1213,9.9053,0
1214,1214,9.7536,0
1215,1215,10.0262,1
1216,1216,10.3207,1
1217,1217,9.7596,0
1218,1218,9.786,0
1219,1219,10.4549,1
1220,1220,11.4119,1
1221,1221,10.6882,1
1222,1222,9.9621,0
1223,1223,9.7626,0
1224,1224,10.1206,1
1225,1225,11.0566,1
1226,1226,9.8318,0
1227,1227,10.1047,1
1228,1228,9.9986,0
1229,1229,10.2315,1
1230,1230,11.0404,1
1231,1231,10.7695,1
1232,1232,9.9533,0
1233,1233,9.9803,0
1234,1234,10.1636,1
1235,1235,9.7636,0
1236,1236,9.8878,0
1237,1237,9.8271,0
1238,1238,10.6906,1
1239,1239,10.7535,1
1240,1240,10.2284,1
1241,1241,11.1105,1
1242,1242,10.3976,1
1243,1243,10.117,1
1244,1244,9.9797,0
1245,1245,11.0756,1
1246,1246,10.6015,1
1247,1247,9.9903,0
1248,1248,10.0124,1
1249,1249,10.3909,1
1250,1250,10.1455,1
1251,1251,11.9225,1
1252,1252,11.1483,1
1253,1253,10.2673,1
1254,1254,10.5338,1
1255,1255,10.6738,1
1256,1256,10.0949,1
1257,1257,10.2433,1
1258,1258,10.5258,1
1259,1259,10.4793,1
1260,1260,10.5195,1
1261,1261,10.5371,1
1262,1262,11.3038,1
1263,1263,10.613,1
1264,1264,10.5544,1
1265,1265,12.8951,1
1266,1266,9.8221,0
1267,1267,9.8001,0
1268,1268,9.9663,0
1269,1269,10.0423,1
1270,1270,10.1692,1
1271,1271,10.7231,1
1272,1272,10.856,1
1273,1273,10.5344,1
1274,1274,9.8708,0
1275,1275,9.7756,0
1276,1276,9.8659,0
1277,1277,9.8923,0
1278,1278,9.679,0
1279,1279,9.6994,0
1280,1280,10.6958,1
1281,1281,10.3895,1
1282,1282,10.1632,1
1283,1283,11.7522,1
1284,1284,11.386,1
1285,1285,10.3477,1
1286,1286,9.9022,0
1287,1287,9.9063,0
1288,1288,9.8942,0
1289,1289,9.7624,0
1290,1290,10.6342,1
1291,1291,9.9268,0
1292,1292,10.8679,1
1293,1293,10.5851,1
1294,1294,11.292,1
1295,1295,10.9623,1
1296,1296,10.9725,1
1297,1297,10.3544,1
1298,1298,10.2779,1
1299,1299,9.7549,0
1300,1300,9.9853,0
1301,1301,10.0973,1
1302,1302,10.8939,1
1303,1303,10.0288,1
1304,1304,10.8972,1
1305,1305,10.8008,1
1306,1306,10.6442,1
1307,1307,9.8645,0
1308,1308,9.859,0
1309,1309,9.7611,0
1310,1310,9.8643,0
1311,1311,9.8828,0
1312,1312,9.818,0
1313,1313,9.7958,0
1314,1314,9.9782,0
1315,1315,11.3767,1
1316,1316,11.507,1
1317,1317,11.1862,1
1318,1318,10.934,1
1319,1319,10.511,1
1320,1320,10.3938,1
1321,1321,10.2623,1
1322,1322,10.7889,1
1323,1323,11.0325,1
1324,1324,10.4458,1
1325,1325,10.2521,1
1326,1326,10.2825,1
1327,1327,9.807,0
1328,1328,9.7559,0
1329,1329,9.9716,0
1330,1330,9.9355,0
1331,1331,10.2456,1
1332,1332,9.7768,0
1333,1333,9.769,0
1334,1334,10.417,1
1335,1335,11.2596,1
1336,1336,11.3695,1
1337,1337,10.9252,1
1338,1338,9.9291,0
1339,1339,9.7842,0
1340,1340,10.2018,1
1341,1341,9.8483,0
1342,1342,9.7569,0
1343,1343,9.8498,0
1344,1344,9.7246,0
1345,1345,10.8606,1
1346,1346,11.2253,1
1347,1347,10.8438,1
1348,1348,10.0192,1
1349,1349,10.8073,1
1350,1350,11.0689,1
1351,1351,10.0376,1
1352,1352,9.9787,0
1353,1353,10.0056,1
1354,1354,9.9841,0
1355,1355,11.9009,1
1356,1356,10.3767,1
1357,1357,11.0641,1
1358,1358,10.6081,1
1359,1359,10.0736,1
1360,1360,9.9673,0
1361,1361,9.8987,0
1362,1362,9.7884,0
1363,1363,9.8811,0
1364,1364,10.0141,1
1365,1365,9.7925,0
1366,1366,9.8706,0
1367,1367,10.2802,1
1368,1368,11.0449,1
1369,1369,10.3571,1
1370,1370,9.8912,0
1371,1371,9.8247,0
1372,1372,10.703,1
1373,1373,9.984,0
1374,1374,9.7241,0
1375,1375,9.8655,0
1376,1376,9.8249,0
1377,1377,9.7992,0
1378,1378,10.7951,1
1379,1379,10.9013,1
1380,1380,10.0694,1
1381,1381,10.1838,1
1382,1382,10.0003,1
1383,1383,10.1095,1
1384,1384,10.2095,1
1385,1385,9.7054,0
1386,1386,10.7978,1
1387,1387,10.2494,1
1388,1388,9.8787,0
1389,1389,11.6627,1
1390,1390,11.8969,1
1391,1391,10.3948,1
1392,1392,10.4521,1
1393,1393,9.8493,0
1394,1394,9.764,0
1395,1395,9.8976,0
1396,1396,9.9182,0
1397,1397,9.7715,0
1398,1398,11.3344,1
1399,1399,10.5989,1
1400,1400,10.8005,1
1401,1401,10.2506,1
1402,1402,10.7355,1
1403,1403,10.6627,1
1404,1404,10.684,1
1405,1405,10.2492,1
1406,1406,10.8132,1
1407,1407,9.9669,0
1408,1408,10.1848,1
1409,1409,9.8302,0
1410,1410,11.1608,1
1411,1411,11.4139,1
1412,1412,11.4695,1
1413,1413,10.2339,1
1414,1414,10.0694,1
1415,1415,9.8876,0
1416,1416,10.0179,1
1417,1417,9.9638,0
1418,1418,9.8834,0
1419,1419,10.1078,1
1420,1420,11.0518,1
1421,1421,11.7266,1
1422,1422,10.3601,1
1423,1423,10.1667,1
1424,1424,10.0599,1
1425,1425,9.9525,0
1426,1426,9.985,0
1427,1427,9.969,0
1428,1428,9.9193,0
1429,1429,10.3216,1
1430,1430,10.044,1
1431,1431,12.0225,1
1432,1432,10.8804,1
1433,1433,12.0545,1
1434,1434,11.1243,1
1435,1435,12.5484,1
1436,1436,10.7901,1
1437,1437,10.6962,1
1438,1438,10.7463,1
1439,1439,10.7014,1
1440,1440,10.9418,1
1441,1441,10.8008,1
1442,1442,10.2866,1
1443,1443,10.1826,1
1444,1444,10.1675,1
1445,1445,9.9342,0
1446,1446,9.831,0
1447,1447,10.0125,1
1448,1448,9.9585,0
1449,1449,9.9478,0
1450,1450,10.0681,1
1451,1451,9.8609,0
1452,1452,9.8184,0
1453,1453,10.2389,1
1454,1454,11.3653,1
1455,1455,11.3151,1
1456,1456,10.7716,1
1457,1457,9.9934,0
1458,1458,9.986,0
1459,1459,12.78,1
1460,1460,10.3715,1
1461,1461,10.2952,1
1462,1462,12.4765,1
1463,1463,10.7755,1
1464,1464,10.4926,1
1465,1465,9.7668,0
1466,1466,10.6898,1
1467,1467,10.9657,1
1468,1468,9.9655,0
1469,1469,9.8779,0
1470,1470,9.909,0
1471,1471,9.7547,0
1472,1472,10.2983,1
1473,1473,9.6842,0
1474,1474,9.8136,0
1475,1475,9.8995,0
1476,1476,9.8617,0
1477,1477,10.3395,1
1478,1478,10.6992,1
1479,1479,10.9343,1
1480,1480,10.7729,1
1481,1481,10.1947,1
1482,1482,9.8715,0
1483,1483,9.9441,0
1484,1484,10.4584,1
1485,1485,10.4284,1
1486,1486,10.3373,1
1487,1487,10.2956,1
1488,1488,10.0241,1
1489,1489,10.1552,1
1490,1490,10.1191,1
1491,1491,12.0622,1
1492,1492,10.7514,1
1493,1493,10.4092,1
1494,1494,9.9393,0
1495,1495,10.2776,1
1496,1496,10.1578,1
1497,1497,9.9311,0
1498,1498,10.0196,1
1499,1499,10.4874,1
1500,1500,11.4482,1
1501,1501,10.5332,1
1502,1502,10.0871,1
1503,1503,10.7771,1
1504,1504,10.0657,1
1505,1505,10.1377,1
1506,1506,10.6242,1
1507,1507,10.0015,1
1508,1508,10.1974,1
1509,1509,10.2891,1
1510,1510,10.3559,1
1511,1511,9.8728,0
1512,1512,11.2371,1
1513,1513,9.9651,0
1514,1514,10.4315,1
1515,1515,11.4711,1
1516,1516,10.6386,1
1517,1517,10.1218,1
1518,1518,10.198,1
1519,1519,10.1447,1
1520,1520,9.9777,0
1521,1521,10.1296,1
1522,1522,10.1641,1
1523,1523,9.8928,0
1524,1524,9.9349,0
1525,1525,10.5424,1
1526,1526,9.9441,0
1527,1527,11.2572,1
1528,1528,11.14,1
1529,1529,10.6231,1
1530,1530,10.3369,1
1531,1531,10.2706,1
1532,1532,9.8814,0
1533,1533,12.1086,1
1534,1534,12.1154,1
1535,1535,9.8224,0
1536,1536,9.6804,0
1537,1537,11.2518,1
1538,1538,10.7561,1
1539,1539,11.3814,1
1540,1540,11.6047,1
1541,1541,10.5501,1
1542,1542,10.1459,1
1543,1543,10.2684,1
1544,1544,10.924,1
1545,1545,10.732,1
1546,1546,10.4665,1
1547,1547,10.5047,1
1548,1548,10.0649,1
1549,1549,10.2963,1
1550,1550,11.0222,1
1551,1551,11.3048,1
1552,1552,10.1283,1
1553,1553,9.9101,0
1554,1554,9.4138,0
1555,1555,9.5711,0
1556,1556,10.0073,1
1557,1557,10.7688,1
1558,1558,10.4396,1
1559,1559,12.7202,1
1560,1560,10.3627,1
1561,1561,10.0451,1
1562,1562,10.7336,1
1563,1563,12.724,1
1564,1564,11.1235,1
1565,1565,11.0706,1
1566,1566,11.6817,1
1567,1567,10.3832,1
1568,1568,10.907,1
1569,1569,14.5923,1
1570,1570,10.7077,1
1571,1571,10.8522,1
1572,1572,10.4591,1
1573,1573,10.3656,1
1574,1574,10.3519,1
1575,1575,10.0857,1
1576,1576,9.8934,0
1577,1577,9.867,0
1578,1578,10.9712,1
1579,1579,10.4309,1
1580,1580,10.1621,1
1581,1581,10.0597,1
1582,1582,10.1113,1
1583,1583,9.877,0
1584,1584,10.18,1
1585,1585,11.9382,1
1586,1586,11.3251,1
1587,1587,10.4343,1
1588,1588,10.0044,1
1589,1589,9.9172,0
1590,1590,10.0644,1
1591,1591,9.8992,0
1592,1592,9.9316,0
1593,1593,10.8456,1
1594,1594,11.0101,1
1595,1595,10.8653,1
1596,1596,11.1997,1
1597,1597,11.9963,1
1598,1598,11.507,1
1599,1599,10.491,1
1600,1600,10.3803,1
1601,1601,10.4347,1
1602,1602,9.9046,0
1603,1603,9.9731,0
1604,1604,10.0347,1
1605,1605,9.9402,0
1606,1606,9.9927,0
1607,1607,10.0135,1
1608,1608,10.7599,1
1609,1609,11.5715,1
1610,1610,11.4395,1
1611,1611,10.5708,1
1612,1612,10.2999,1
1613,1613,10.1022,1
1614,1614,9.9279,0
1615,1615,10.6507,1
1616,1616,10.6247,1
1617,1617,10.1371,1
1618,1618,10.1356,1
1619,1619,10.0531,1
1620,1620,10.3256,1
1621,1621,10.8702,1
1622,1622,11.2049,1
1623,1623,10.2146,1
1624,1624,10.0449,1
1625,1625,10.0957,1
1626,1626,9.9353,0
1627,1627,10.0338,1
1628,1628,9.8891,0
1629,1629,10.1082,1
1630,1630,10.4295,1
1631,1631,10.1635,1
1632,1632,10.9802,1
1633,1633,11.0018,1
1634,1634,11.1429,1
1635,1635,10.6262,1
1636,1636,10.4763,1
1637,1637,10.5126,1
1638,1638,10.0879,1
1639,1639,10.5796,1
1640,1640,10.7534,1
1641,1641,11.7816,1
1642,1642,9.8214,0
1643,1643,9.8382,0
1644,1644,10.2191,1
1645,1645,10.8024,1
1646,1646,10.9366,1
1647,1647,10.2229,1
1648,1648,9.9297,0
1649,1649,9.7767,0
1650,1650,9.9111,0
1651,1651,9.7313,0
1652,1652,9.722,0
1653,1653,9.8885,0
1654,1654,9.8894,0
1655,1655,9.9799,0
1656,1656,11.2528,1
1657,1657,11.1962,1
1658,1658,10.2248,1
1659,1659,11.1786,1
1660,1660,11.5441,1
1661,1661,10.335,1
1662,1662,9.9882,0
1663,1663,9.8635,0
1664,1664,9.9589,0
1665,1665,9.9451,0
1666,1666,9.9094,0
1667,1667,11.3487,1
1668,1668,10.542,1
1669,1669,9.9334,0
1670,1670,9.9776,0
1671,1671,9.8067,0
1672,1672,9.7235,0
1673,1673,9.8457,0
1674,1674,9.846,0
1675,1675,9.7793,0
1676,1676,12.2885,1
1677,1677,10.5423,1
1678,1678,11.2799,1
1679,1679,11.322,1
1680,1680,10.2553,1
1681,1681,10.3655,1
1682,1682,11.0777,1
1683,1683,10.1923,1
1684,1684,9.8882,0
1685,1685,9.9429,0
1686,1686,9.9542,0
1687,1687,9.834,0
1688,1688,11.584,1
1689,1689,12.0451,1
1690,1690,12.2911,1
1691,1691,11.0582,1
1692,1692,10.6183,1
1693,1693,10.473,1
1694,1694,9.928,0
1695,1695,10.45,1
1696,1696,11.0668,1
1697,1697,10.6295,1
1698,1698,10.179,1
1699,1699,10.0613,1
1700,1700,10.1447,1
1701,1701,9.9702,0
1702,1702,10.7476,1
1703,1703,10.4883,1
1704,1704,9.9065,0
1705,1705,10.3118,1
1706,1706,9.8857,0
1707,1707,10.1364,1
1708,1708,11.869,1
1709,1709,12.4795,1
1710,1710,11.3001,1
1711,1711,11.7694,1
1712,1712,10.5237,1
1713,1713,11.6255,1
1714,1714,12.7436,1
1715,1715,10.4283,1
1716,1716,10.0658,1
1717,1717,9.825,0
1718,1718,9.8503,0
1719,1719,9.7628,0
1720,1720,9.8586,0
1721,1721,10.7566,1
1722,1722,10.8853,1
1723,1723,10.0791,1
1724,1724,9.8651,0
1725,1725,9.8713,0
1726,1726,10.0709,1
1727,1727,10.2775,1
1728,1728,9.8745,0
1729,1729,9.8618,0
1730,1730,10.2231,1
1731,1731,10.0418,1
1732,1732,10.9407,1
1733,1733,11.2579,1
1734,1734,10.2112,1
1735,1735,11.5501,1
1736,1736,11.0028,1
1737,1737,10.19,1
1738,1738,12.4035,1
1739,1739,10.0202,1
1740,1740,9.9255,0
1741,1741,9.8933,0
1742,1742,10.8142,1
1743,1743,10.8331,1
1744,1744,10.1973,1
1745,1745,10.1466,1
1746,1746,9.9127,0
1747,1747,9.8467,0
1748,1748,9.8162,0
1749,1749,9.883,0
1750,1750,10.0894,1
1751,1751,9.8243,0
1752,1752,9.7668,0
1753,1753,10.8966,1
1754,1754,11.1206,1
1755,1755,10.2214,1
1756,1756,10.6546,1
1757,1757,10.5499,1
1758,1758,10.3484,1
1759,1759,10.6704,1
1760,1760,10.2269,1
1761,1761,11.2525,1
1762,1762,11.1247,1
1763,1763,11.9334,1
1764,1764,11.0446,1
1765,1765,10.1176,1
1766,1766,13.8782,1
1767,1767,11.3404,1
1768,1768,10.6359,1
1769,1769,9.8447,0
1770,1770,9.9737,0
1771,1771,9.6593,0
1772,1772,9.7448,0
1773,1773,10.2655,1
1774,1774,11.0365,1
1775,1775,11.8369,1
1776,1776,10.4742,1
1777,1777,10.0316,1
1778,1778,10.2435,1
1779,1779,10.4258,1
1780,1780,10.1825,1
1781,1781,10.552,1
1782,1782,10.0604,1
1783,1783,9.7912,0
1784,1784,11.8593,1
1785,1785,10.9547,1
1786,1786,10.064,1
1787,1787,10.0432,1
1788,1788,10.0425,1
1789,1789,10.0557,1
1790,1790,10.3859,1
1791,1791,10.2006,1
1792,1792,9.9358,0
1793,1793,10.051,1
1794,1794,10.3534,1
1795,1795,11.2295,1
1796,1796,10.5301,1
1797,1797,11.82,1
1798,1798,13.1095,1
1799,1799,11.2395,1
1800,1800,9.5402,0
1801,1801,9.8128,0
1802,1802,10.0991,1
1803,1803,11.074,1
1804,1804,10.3952,1
1805,1805,12.3399,1
1806,1806,11.8059,1
1807,1807,11.1834,1
1808,1808,11.0526,1
1809,1809,10.5232,1
1810,1810,10.9801,1
1811,1811,10.519,1
1812,1812,11.2098,1
1813,1813,12.5863,1
1814,1814,10.5345,1
1815,1815,10.337,1
1816,1816,10.583,1
1817,1817,10.3549,1
1818,1818,9.9864,0
1819,1819,12.5434,1
1820,1820,10.7388,1
1821,1821,10.0757,1
1822,1822,9.6427,0
1823,1823,9.7631,0
1824,1824,9.6696,0
1825,1825,9.9648,0
1826,1826,10.2815,1
1827,1827,11.008,1
1828,1828,10.2514,1
1829,1829,10.0214,1
1830,1830,9.9429,0
1831,1831,9.9375,0
1832,1832,9.8803,0
1833,1833,9.8332,0
1834,1834,9.7328,0
1835,1835,9.9315,0
1836,1836,10.0207,1
1837,1837,12.1539,1
1838,1838,11.4411,1
1839,1839,10.0792,1
1840,1840,10.0304,1
1841,1841,9.9261,0
1842,1842,9.9952,0
1843,1843,10.1772,1
1844,1844,10.1136,1
1845,1845,10.0032,1
1846,1846,10.1325,1
1847,1847,10.5875,1
1848,1848,11.1412,1
1849,1849,11.0646,1
1850,1850,10.5064,1
1851,1851,10.0003,1
1852,1852,9.9065,0
1853,1853,9.8354,0
1854,1854,9.8463,0
1855,1855,10.2649,1
1856,1856,9.9249,0
1857,1857,10.9202,1
1858,1858,11.4971,1
1859,1859,11.1101,1
1860,1860,10.1756,1
1861,1861,9.9827,0
1862,1862,9.7944,0
1863,1863,9.7781,0
1864,1864,9.9701,0
1865,1865,9.7908,0
1866,1866,11.2436,1
1867,1867,10.3749,1
1868,1868,9.8859,0
1869,1869,11.773,1
1870,1870,11.2777,1
1871,1871,10.0439,1
1872,1872,9.772,0
1873,1873,10.012,1
1874,1874,9.8032,0
1875,1875,10.02,1
1876,1876,10.1564,1
1877,1877,9.8477,0
1878,1878,9.9022,0
1879,1879,10.5176,1
1880,1880,11.0467,1
1881,1881,10.3474,1
1882,1882,9.8541,0
1883,1883,9.7586,0
1884,1884,9.8756,0
1885,1885,9.8878,0
1886,1886,9.7925,0
1887,1887,9.8865,0
1888,1888,10.0638,1
1889,1889,9.9058,0
1890,1890,10.2691,1
1891,1891,11.1497,1
1892,1892,10.1309,1
1893,1893,9.954,0
1894,1894,9.7656,0
1895,1895,9.7553,0
1896,1896,9.7784,0
1897,1897,9.8956,0
1898,1898,9.8688,0
1899,1899,9.7735,0
1900,1900,10.4306,1
1901,1901,10.9977,1
1902,1902,11.111,1
1903,1903,10.1665,1
1904,1904,10.4555,1
1905,1905,10.4348,1
1906,1906,10.8915,1
1907,1907,10.3629,1
1908,1908,10.7723,1
1909,1909,11.7544,1
1910,1910,10.0607,1
1911,1911,10.4473,1
1912,1912,11.2183,1
1913,1913,10.5742,1
1914,1914,9.9458,0
1915,1915,9.8142,0
1916,1916,9.7226,0
1917,1917,9.9873,0
1918,1918,9.7877,0
1919,1919,10.8037,1
1920,1920,11.1576,1
1921,1921,10.3254,1
1922,1922,11.3365,1
1923,1923,11.3885,1
1924,1924,10.9717,1
1925,1925,12.0661,1
1926,1926,11.0085,1
1927,1927,10.5381,1
1928,1928,10.1075,1
1929,1929,10.2777,1
1930,1930,10.7246,1
1931,1931,10.7782,1
1932,1932,10.2116,1
1933,1933,10.264,1
1934,1934,10.583,1
1935,1935,10.0076,1
1936,1936,9.9004,0
1937,1937,10.2601,1
1938,1938,10.1002,1
1939,1939,10.6743,1
1940,1940,10.4733,1
1941,1941,10.0118,1
1942,1942,9.8886,0
1943,1943,10.921,1
1944,1944,10.6485,1
1945,1945,10.03,1
1946,1946,10.0282,1
1947,1947,9.8944,0
1948,1948,10.1058,1
1949,1949,9.8722,0
1950,1950,9.9146,0
1951,1951,9.9224,0
1952,1952,9.7892,0
1953,1953,9.7709,0
1954,1954,11.0037,1
1955,1955,10.8781,1
1956,1956,10.068,1
1957,1957,10.0238,1
1958,1958,9.7782,0
1959,1959,9.7907,0
1960,1960,9.9887,0
1961,1961,9.8918,0
1962,1962,9.8094,0
1963,1963,9.8241,0
1964,1964,9.7423,0
1965,1965,11.9875,1
1966,1966,10.8525,1
1967,1967,10.0963,1
1968,1968,9.7698,0
1969,1969,9.9208,0
1970,1970,9.9441,0
1971,1971,10.3329,1
1972,1972,10.8472,1
1973,1973,10.722,1
1974,1974,9.9536,0
1975,1975,11.6584,1
1976,1976,12.8631,1
1977,1977,10.2969,1
1978,1978,9.9045,0
1979,1979,9.94,0
1980,1980,10.0052,1
1981,1981,9.999,0
1982,1982,9.9168,0
1983,1983,10.0382,1
1984,1984,9.9993,0
1985,1985,10.2325,1
1986,1986,11.4006,1
1987,1987,10.8745,1
1988,1988,10.3075,1
1989,1989,9.9921,0
1990,1990,13.3874,1
1991,1991,14.9496,1
1992,1992,10.2157,1
1993,1993,9.6811,0
1994,1994,10.377,1
1995,1995,10.9765,1
1996,1996,11.1787,1
1997,1997,12.6794,1
1998,1998,9.528,0
1999,1999,9.4249,0
2000,2000,9.679,0
2001,2001,9.53,0
2002,2002,9.5536,0
2003,2003,9.5833,0
2004,2004,9.6831,0
2005,2005,9.9863,0
2006,2006,10.7784,1
2007,2007,10.9601,1
2008,2008,10.1165,1
2009,2009,9.915,0
2010,2010,9.7091,0
2011,2011,9.7951,0
2012,2012,9.8388,0
2013,2013,9.7095,0
2014,2014,9.6913,0
2015,2015,10.1543,1
2016,2016,9.8101,0
2017,2017,11.1592,1
2018,2018,11.4685,1
2019,2019,11.1757,1
2020,2020,10.5964,1
2021,2021,10.2295,1
2022,2022,10.0279,1
2023,2023,11.4168,1
2024,2024,10.5556,1
2025,2025,9.9173,0
2026,2026,10.561,1
2027,2027,11.0579,1
2028,2028,11.3937,1
2029,2029,11.3056,1
2030,2030,10.292,1
2031,2031,9.8928,0
2032,2032,10.2462,1
2033,2033,10.1984,1
2034,2034,9.7068,0
2035,2035,13.7081,1
2036,2036,11.1443,1
2037,2037,10.1986,1
2038,2038,12.5687,1
2039,2039,11.2325,1
2040,2040,11.1073,1
2041,2041,11.0611,1
2042,2042,10.5085,1
2043,2043,10.2634,1
2044,2044,10.1977,1
2045,2045,10.5565,1
2046,2046,10.973,1
2047,2047,10.2879,1
2048,2048,10.3093,1
2049,2049,10.3615,1
2050,2050,10.0399,1
2051,2051,9.9466,0
2052,2052,9.7979,0
2053,2053,9.8077,0
2054,2054,9.8919,0
2055,2055,9.7703,0
2056,2056,9.8035,0
2057,2057,9.8398,0
2058,2058,9.7631,0
2059,2059,11.2086,1
2060,2060,11.0179,1
2061,2061,10.8626,1
2062,2062,10.0591,1
2063,2063,9.9861,0
2064,2064,9.8616,0
2065,2065,9.7941,0
2066,2066,9.9438,0
2067,2067,9.7901,0
2068,2068,9.7593,0
2069,2069,10.046,1
2070,2070,9.8336,0
2071,2071,10.7713,1
2072,2072,11.0348,1
2073,2073,10.0932,1
2074,2074,10.7281,1
2075,2075,10.4631,1
2076,2076,10.07,1
2077,2077,10.5003,1
2078,2078,10.3977,1
2079,2079,9.9344,0
2080,2080,9.8326,0
2081,2081,9.9963,0
2082,2082,11.0843,1
2083,2083,10.3609,1
2084,2084,10.0213,1
2085,2085,9.781,0
2086,2086,9.7201,0
2087,2087,9.8368,0
2088,2088,9.8804,0
2089,2089,9.8584,0
2090,2090,10.0322,1
2091,2091,9.8708,0
2092,2092,11.4038,1
2093,2093,11.1995,1
2094,2094,10.334,1
2095,2095,9.9549,0
2096,2096,9.7923,0
2097,2097,9.8387,0
2098,2098,9.9036,0
2099,2099,9.9189,0
2100,2100,9.8585,0
2101,2101,10.0726,1
2102,2102,10.3526,1
2103,2103,11.0149,1
2104,2104,11.4475,1
2105,2105,10.2088,1
2106,2106,10.3858,1
2107,2107,11.2841,1
2108,2108,10.2269,1
2109,2109,9.9257,0
2110,2110,10.6856,1
2111,2111,11.8592,1
2112,2112,9.9521,0
2113,2113,10.2234,1
2114,2114,11.5885,1
2115,2115,10.257,1
2116,2116,9.9933,0
2117,2117,9.8049,0
2118,2118,9.8989,0
2119,2119,9.9968,0
2120,2120,10.5114,1
2121,2121,10.8561,1
2122,2122,10.4661,1
2123,2123,10.137,1
2124,2124,11.087,1
2125,2125,11.2338,1
2126,2126,10.5473,1
2127,2127,11.2967,1
2128,2128,10.8214,1
2129,2129,10.3516,1
2130,2130,10.6776,1
2131,2131,14.6599,1
2132,2132,10.2672,1
2133,2133,9.8983,0
2134,2134,10.7989,1
2135,2135,10.8566,1
2136,2136,10.0962,1
2137,2137,9.8276,0
2138,2138,9.9109,0
2139,2139,9.8485,0
2140,2140,9.8024,0
2141,2141,9.855,0
2142,2142,9.8,0
2143,2143,9.8025,0
2144,2144,9.9075,0
2145,2145,10.8757,1
2146,2146,10.6914,1
2147,2147,10.0918,1
2148,2148,9.9289,0
2149,2149,9.9329,0
2150,2150,9.9219,0
2151,2151,9.7872,0
2152,2152,9.7121,0
2153,2153,9.8332,0
2154,2154,10.7745,1
2155,2155,10.495,1
2156,2156,11.896,1
2157,2157,11.2205,1
2158,2158,11.3422,1
2159,2159,11.1067,1
2160,2160,10.492,1
2161,2161,10.3788,1
2162,2162,10.0561,1
2163,2163,10.8635,1
2164,2164,11.0064,1
2165,2165,10.3768,1
2166,2166,10.4778,1
2167,2167,10.5616,1
2168,2168,10.2222,1
2169,2169,15.7415,1
2170,2170,9.9116,0
2171,2171,9.7739,0
2172,2172,9.9036,0
2173,2173,10.2278,1
2174,2174,9.9034,0
2175,2175,9.91,0
2176,2176,10.719,1
2177,2177,10.7687,1
2178,2178,11.4808,1
2179,2179,10.2896,1
2180,2180,9.8996,0
2181,2181,10.0073,1
2182,2182,10.2765,1
2183,2183,10.2828,1
2184,2184,10.3074,1
2185,2185,11.4477,1
2186,2186,11.0677,1
2187,2187,9.8816,0
2188,2188,11.2403,1
2189,2189,11.1584,1
2190,2190,10.1288,1
2191,2191,9.8172,0
2192,2192,9.8048,0
2193,2193,9.8783,0
2194,2194,9.8087,0
2195,2195,9.9272,0
2196,2196,10.0167,1
2197,2197,10.0882,1
2198,2198,9.9095,0
2199,2199,10.0913,1
2200,2200,10.7144,1
2201,2201,11.1369,1
2202,2202,10.1689,1
2203,2203,9.7915,0
2204,2204,9.8375,0
2205,2205,9.7934,0
2206,2206,9.77,0
2207,2207,10.2215,1
2208,2208,10.8268,1
2209,2209,10.3997,1
2210,2210,10.3463,1
2211,2211,10.4336,1
2212,2212,10.2385,1
2213,2213,13.2397,1
2214,2214,11.2075,1
2215,2215,10.1278,1
2216,2216,10.4125,1
2217,2217,9.915,0
2218,2218,9.795,0
2219,2219,9.9796,0
2220,2220,9.956,0
2221,2221,10.48,1
2222,2222,10.2187,1
2223,2223,11.1546,1
2224,2224,11.0242,1
2225,2225,10.1292,1
2226,2226,9.8007,0
2227,2227,9.8227,0
2228,2228,9.8166,0
2229,2229,9.8098,0
2230,2230,9.7896,0
2231,2231,10.6706,1
2232,2232,11.207,1
2233,2233,10.5553,1
2234,2234,11.2126,1
2235,2235,10.5586,1
2236,2236,10.0464,1
2237,2237,9.7903,0
2238,2238,9.7217,0
2239,2239,9.8373,0
2240,2240,9.7822,0
2241,2241,9.8896,0
2242,2242,10.1111,1
2243,2243,9.8213,0
2244,2244,10.1289,1
2245,2245,12.1512,1
2246,2246,10.8038,1
2247,2247,9.9995,0
2248,2248,9.8127,0
2249,2249,9.7016,0
2250,2250,9.6115,0
2251,2251,9.7885,0
2252,2252,9.7737,0
2253,2253,9.8024,0
2254,2254,10.1072,1
2255,2255,9.9834,0
2256,2256,11.3178,1
2257,2257,10.6822,1
2258,2258,10.8438,1
2259,2259,10.5604,1
2260,2260,10.3006,1
2261,2261,10.0082,1
2262,2262,9.8866,0
2263,2263,10.0653,1
2264,2264,10.5538,1
2265,2265,16.1324,1
2266,2266,11.363,1
2267,2267,10.0932,1
2268,2268,9.7613,0
2269,2269,9.5978,0
2270,2270,9.6809,0
2271,2271,9.6665,0
2272,2272,9.5793,0
2273,2273,9.6172,0
2274,2274,9.7732,0
2275,2275,9.5573,0
2276,2276,9.6306,0
2277,2277,11.2739,1
2278,2278,10.8637,1
2279,2279,12.4722,1
2280,2280,11.1692,1
2281,2281,10.582,1
2282,2282,10.5855,1
2283,2283,10.7504,1
2284,2284,10.7772,1
2285,2285,10.9628,1
2286,2286,10.3091,1
2287,2287,10.2396,1
2288,2288,10.4272,1
2289,2289,9.9262,0
2290,2290,9.8245,0
2291,2291,9.8855,0
2292,2292,9.7675,0
2293,2293,9.7872,0
2294,2294,10.3628,1
2295,2295,10.0936,1
2296,2296,9.8975,0
2297,2297,9.9154,0
2298,2298,9.8303,0
2299,2299,10.3631,1
2300,2300,11.3415,1
2301,2301,10.4762,1
2302,2302,10.0387,1
2303,2303,11.0657,1
2304,2304,14.9925,1
2305,2305,9.9366,0
2306,2306,9.728,0
2307,2307,9.72,0
2308,2308,9.9567,0
2309,2309,10.0891,1
2310,2310,11.1283,1
2311,2311,10.7952,1
2312,2312,10.221,1
2313,2313,9.8404,0
2314,2314,9.9439,0
2315,2315,9.8078,0
2316,2316,9.7875,0
2317,2317,9.7993,0
2318,2318,9.6889,0
2319,2319,9.88,0
2320,2320,11.1501,1
2321,2321,11.2264,1
2322,2322,10.2631,1
2323,2323,9.9731,0
2324,2324,9.6969,0
2325,2325,9.7298,0
2326,2326,9.8732,0
2327,2327,9.7314,0
2328,2328,9.7819,0
2329,2329,9.8851,0
2330,2330,9.7248,0
2331,2331,10.5002,1
2332,2332,11.7328,1
2333,2333,10.7137,1
2334,2334,10.1501,1
2335,2335,10.3253,1
2336,2336,10.9001,1
2337,2337,13.0843,1
2338,2338,10.8079,1
2339,2339,10.0188,1
2340,2340,10.0921,1
2341,2341,9.9402,0
2342,2342,11.0738,1
2343,2343,10.5903,1
2344,2344,10.0431,1
2345,2345,9.8635,0
2346,2346,9.9068,0
2347,2347,9.7397,0
2348,2348,10.0051,1
2349,2349,9.9876,0
2350,2350,10.1299,1
2351,2351,10.0312,1
2352,2352,10.0834,1
2353,2353,11.0639,1
2354,2354,11.2279,1
2355,2355,10.5317,1
2356,2356,9.9274,0
2357,2357,9.8215,0
2358,2358,9.8878,0
2359,2359,9.8231,0
2360,2360,10.0198,1
2361,2361,9.8818,0
2362,2362,9.7864,0
2363,2363,10.4657,1
2364,2364,11.1919,1
2365,2365,10.2169,1
2366,2366,9.807,0
2367,2367,9.8653,0
2368,2368,9.7906,0
2369,2369,9.7982,0
2370,2370,9.8679,0
2371,2371,9.8245,0
2372,2372,9.7661,0
2373,2373,10.0868,1
2374,2374,10.0181,1
2375,2375,9.9658,0
2376,2376,12.0246,1
2377,2377,10.4893,1
2378,2378,10.0678,1
2379,2379,9.8323,0
2380,2380,9.7199,0
2381,2381,9.6719,0
2382,2382,9.8474,0
2383,2383,9.7411,0
2384,2384,9.6976,0
2385,2385,9.8064,0
2386,2386,9.8273,0
2387,2387,9.8848,0
2388,2388,11.2785,1
2389,2389,11.9846,1
2390,2390,10.3671,1
2391,2391,10.1213,1
2392,2392,10.5028,1
2393,2393,13.5357,1
2394,2394,11.1564,1
2395,2395,9.7824,0
2396,2396,9.7758,0
2397,2397,9.6654,0
2398,2398,9.6253,0
2399,2399,9.803,0
2400,2400,10.9107,1
2401,2401,11.2363,1
2402,2402,11.0279,1
2403,2403,11.089,1
2404,2404,10.8999,1
2405,2405,10.3661,1
2406,2406,10.165,1
2407,2407,10.0745,1
2408,2408,10.4362,1
2409,2409,11.2461,1
2410,2410,10.5832,1
2411,2411,10.412,1
2412,2412,10.271,1
2413,2413,10.1691,1
2414,2414,9.9773,0
2415,2415,10.0123,1
2416,2416,11.3336,1
2417,2417,10.5133,1
2418,2418,10.435,1
2419,2419,11.9557,1
2420,2420,15.0396,1
2421,2421,12.2528,1
2422,2422,11.0213,1
2423,2423,10.9953,1
2424,2424,10.4736,1
2425,2425,10.1476,1
2426,2426,12.1766,1
2427,2427,12.0896,1
2428,2428,9.4779,0
2429,2429,9.3753,0
2430,2430,9.4827,0
2431,2431,9.4326,0
2432,2432,10.1069,1
2433,2433,10.1896,1
2434,2434,11.1483,1
2435,2435,10.3564,1
2436,2436,9.8788,0
2437,2437,9.5646,0
2438,2438,9.8812,0
2439,2439,9.9241,0
2440,2440,11.2915,1
2441,2441,11.196,1
2442,2442,9.9682,0
2443,2443,9.8424,0
2444,2444,9.9227,0
2445,2445,9.783,0
2446,2446,10.6615,1
2447,2447,11.3132,1
2448,2448,10.4011,1
2449,2449,10.301,1
2450,2450,10.0772,1
2451,2451,9.8179,0
2452,2452,9.8663,0
2453,2453,9.9006,0
2454,2454,9.774,0
2455,2455,10.6514,1
2456,2456,10.0048,1
2457,2457,11.1869,1
2458,2458,11.4684,1
2459,2459,10.3658,1
2460,2460,11.1195,1
2461,2461,10.3339,1
2462,2462,11.2402,1
2463,2463,9.9409,0
2464,2464,9.8521,0
2465,2465,9.866,0
2466,2466,9.8234,0
2467,2467,10.3894,1
2468,2468,11.3135,1
2469,2469,10.1639,1
2470,2470,9.8807,0
2471,2471,9.8397,0
2472,2472,10.1352,1
2473,2473,10.0784,1
2474,2474,9.8153,0
2475,2475,9.7627,0
2476,2476,9.795,0
2477,2477,9.9373,0
2478,2478,10.7332,1
2479,2479,11.1658,1
2480,2480,10.1373,1
2481,2481,10.1474,1
2482,2482,9.8632,0
2483,2483,9.9948,0
2484,2484,9.88,0
2485,2485,9.9888,0
2486,2486,9.7975,0
2487,2487,9.7651,0
2488,2488,9.8284,0
2489,2489,11.0268,1
2490,2490,11.0338,1
2491,2491,10.1902,1
2492,2492,11.2283,1
2493,2493,10.2664,1
2494,2494,10.0386,1
2495,2495,9.8402,0
2496,2496,10.2536,1
2497,2497,9.8235,0
2498,2498,9.8525,0
2499,2499,9.8222,0
2500,2500,10.968,1
2501,2501,10.4891,1
2502,2502,9.8082,0
2503,2503,9.8052,0
2504,2504,9.7762,0
2505,2505,9.7569,0
2506,2506,10.2499,1
2507,2507,9.9592,0
2508,2508,9.734,0
2509,2509,9.8617,0
2510,2510,9.732,0
2511,2511,10.9811,1
2512,2512,10.542,1
2513,2513,9.8256,0
2514,2514,9.7208,0
2515,2515,9.9868,0
2516,2516,9.8487,0
2517,2517,9.792,0
2518,2518,10.0676,1
2519,2519,10.8898,1
2520,2520,10.4187,1
2521,2521,10.3234,1
2522,2522,12.9315,1
2523,2523,11.2504,1
2524,2524,11.1965,1
2525,2525,11.154,1
2526,2526,10.5149,1
2527,2527,10.2087,1
2528,2528,9.9492,0
2529,2529,10.3059,1
2530,2530,10.9535,1
2531,2531,10.4751,1
2532,2532,10.3201,1
2533,2533,10.7379,1
2534,2534,10.2265,1
2535,2535,9.958,0
2536,2536,9.8313,0
2537,2537,9.7913,0
2538,2538,10.2741,1
2539,2539,9.8952,0
2540,2540,9.849,0
2541,2541,9.9286,0
2542,2542,9.8524,0
2543,2543,9.8208,0
2544,2544,11.5209,1
2545,2545,11.5676,1
2546,2546,11.1868,1
2547,2547,10.1353,1
2548,2548,9.8757,0
2549,2549,9.8982,0
2550,2550,9.9021,0
2551,2551,9.9017,0
2552,2552,10.0676,1
2553,2553,10.3185,1
2554,2554,10.9797,1
2555,2555,11.5821,1
2556,2556,10.5554,1
2557,2557,10.3524,1
2558,2558,11.4269,1
2559,2559,10.2958,1
2560,2560,10.0752,1
2561,2561,9.895,0
2562,2562,9.794,0
2563,2563,9.8132,0
2564,2564,10.0418,1
2565,2565,10.7036,1
2566,2566,11.0609,1
2567,2567,10.2008,1
2568,2568,9.8477,0
2569,2569,9.7704,0
2570,2570,10.0373,1
2571,2571,9.8902,0
2572,2572,9.7782,0
2573,2573,9.8891,0
2574,2574,9.7787,0
2575,2575,9.7011,0
2576,2576,10.6192,1
2577,2577,11.0636,1
2578,2578,10.0903,1
2579,2579,9.8712,0
2580,2580,9.7481,0
2581,2581,9.7795,0
2582,2582,9.9174,0
2583,2583,9.848,0
2584,2584,9.8196,0
2585,2585,9.9169,0
2586,2586,9.8336,0
2587,2587,10.9216,1
2588,2588,11.2812,1
2589,2589,10.1184,1
2590,2590,9.8567,0
2591,2591,9.8904,0
2592,2592,9.7892,0
2593,2593,9.7748,0
2594,2594,10.6745,1
2595,2595,10.2383,1
2596,2596,10.3723,1
2597,2597,9.7807,0
2598,2598,12.3831,1
2599,2599,11.1175,1
2600,2600,10.3043,1
2601,2601,9.9289,0
2602,2602,10.0998,1
2603,2603,10.3258,1
2604,2604,10.0037,1
2605,2605,12.7836,1
2606,2606,11.3009,1
2607,2607,10.4842,1
2608,2608,10.8198,1
2609,2609,10.3283,1
2610,2610,9.7343,0
2611,2611,9.6135,0
2612,2612,9.5952,0
2613,2613,9.5942,0
2614,2614,10.3451,1
2615,2615,10.2031,1
2616,2616,9.7137,0
2617,2617,9.953,0
2618,2618,9.6874,0
2619,2619,10.8593,1
2620,2620,11.1522,1
2621,2621,10.1418,1
2622,2622,10.0054,1
2623,2623,9.8019,0
2624,2624,9.6924,0
2625,2625,9.7445,0
2626,2626,9.7684,0
2627,2627,9.7328,0
2628,2628,9.7903,0
2629,2629,9.9331,0
2630,2630,11.0201,1
2631,2631,10.8056,1
2632,2632,9.9509,0
2633,2633,9.7848,0
2634,2634,9.7863,0
2635,2635,9.7493,0
2636,2636,9.8277,0
2637,2637,9.8826,0
2638,2638,9.9086,0
2639,2639,9.7279,0
2640,2640,9.6962,0
2641,2641,11.1215,1
2642,2642,11.0395,1
2643,2643,11.5052,1
2644,2644,10.9692,1
2645,2645,10.9926,1
2646,2646,10.8319,1
2647,2647,10.2697,1
2648,2648,10.1053,1
2649,2649,10.093,1
2650,2650,10.4183,1
2651,2651,12.3294,1
2652,2652,11.1629,1
2653,2653,10.3404,1
2654,2654,10.0824,1
2655,2655,9.9244,0
2656,2656,9.8379,0
2657,2657,10.1072,1
2658,2658,9.8256,0
2659,2659,9.8125,0
2660,2660,9.7989,0
2661,2661,9.7918,0
2662,2662,9.8206,0
2663,2663,9.7781,0
2664,2664,9.8973,0
2665,2665,11.0087,1
2666,2666,10.8945,1
2667,2667,10.4767,1
2668,2668,10.0112,1
2669,2669,9.8614,0
2670,2670,9.7421,0
2671,2671,9.8411,0
2672,2672,9.9041,0
2673,2673,9.8377,0
2674,2674,9.9256,0
2675,2675,9.9829,0
2676,2676,9.8277,0
2677,2677,10.6962,1
2678,2678,10.9172,1
2679,2679,10.0528,1
2680,2680,10.2405,1
2681,2681,9.9865,0
2682,2682,9.8005,0
2683,2683,9.7739,0
2684,2684,9.8554,0
2685,2685,10.5822,1
2686,2686,9.8954,0
2687,2687,9.9174,0
2688,2688,9.9264,0
2689,2689,10.2528,1
2690,2690,11.5493,1
2691,2691,11.5162,1
2692,2692,10.3071,1
2693,2693,9.8236,0
2694,2694,9.8219,0
2695,2695,10.4795,1
2696,2696,10.5387,1
2697,2697,9.9297,0
2698,2698,9.7596,0
2699,2699,9.8645,0
2700,2700,9.8076,0
2701,2701,9.9637,0
2702,2702,11.2607,1
2703,2703,10.5929,1
2704,2704,10.4345,1
2705,2705,11.0316,1
2706,2706,10.3582,1
2707,2707,9.9733,0
2708,2708,9.8099,0
2709,2709,9.7992,0
2710,2710,9.764,0
2711,2711,10.026,1
2712,2712,9.7978,0
2713,2713,9.7669,0
2714,2714,10.8816,1
2715,2715,10.8244,1
2716,2716,10.0151,1
2717,2717,10.1022,1
2718,2718,9.8143,0
2719,2719,9.82,0
2720,2720,9.8686,0
2721,2721,9.7736,0
2722,2722,9.7406,0
2723,2723,9.857,0
2724,2724,9.8658,0
2725,2725,9.8862,0
2726,2726,10.2369,1
2727,2727,11.1141,1
2728,2728,10.4683,1
2729,2729,10.0059,1
2730,2730,9.866,0
2731,2731,9.9507,0
2732,2732,9.8852,0
2733,2733,9.8003,0
2734,2734,9.9166,0
2735,2735,9.8813,0
2736,2736,9.8766,0
2737,2737,10.7111,1
2738,2738,10.2757,1
2739,2739,11.2563,1
2740,2740,10.5645,1
2741,2741,9.9116,0
2742,2742,10.0528,1
2743,2743,9.9944,0
2744,2744,9.8345,0
2745,2745,9.8243,0
2746,2746,9.8309,0
2747,2747,9.893,0
2748,2748,9.7733,0
2749,2749,10.2615,1
2750,2750,10.0149,1
2751,2751,10.7151,1
2752,2752,11.2434,1
2753,2753,10.2052,1
2754,2754,10.258,1
2755,2755,10.081,1
2756,2756,9.9879,0
2757,2757,10.2341,1
2758,2758,11.4115,1
2759,2759,10.3408,1
2760,2760,10.0959,1
2761,2761,10.6249,1
2762,2762,15.1451,1
2763,2763,11.151,1
2764,2764,10.5035,1
2765,2765,9.7965,0
2766,2766,9.7577,0
2767,2767,9.7537,0
2768,2768,9.7427,0
2769,2769,9.8777,0
2770,2770,9.7188,0
2771,2771,9.7067,0
2772,2772,9.8123,0
2773,2773,9.7617,0
2774,2774,9.6843,0
2775,2775,11.0261,1
2776,2776,14.5757,1
2777,2777,12.5179,1
2778,2778,11.1443,1
2779,2779,10.8223,1
2780,2780,10.6253,1
2781,2781,10.3548,1
2782,2782,10.7883,1
2783,2783,11.3859,1
2784,2784,10.6361,1
2785,2785,10.4232,1
2786,2786,10.3881,1
2787,2787,9.882,0
2788,2788,10.8577,1
2789,2789,10.0611,1
2790,2790,9.8191,0
2791,2791,9.6509,0
2792,2792,9.748,0
2793,2793,9.8652,0
2794,2794,9.8989,0
2795,2795,9.9173,0
2796,2796,10.3555,1
2797,2797,10.6821,1
2798,2798,11.8064,1
2799,2799,10.4988,1
2800,2800,10.2654,1
2801,2801,9.9158,0
2802,2802,9.7878,0
2803,2803,9.7634,0
2804,2804,9.8345,0
2805,2805,9.8579,0
2806,2806,9.7625,0
2807,2807,9.7942,0
2808,2808,10.6625,1
2809,2809,11.3089,1
2810,2810,10.6386,1
2811,2811,10.3769,1
2812,2812,10.5053,1
2813,2813,10.0824,1
2814,2814,9.8182,0
2815,2815,9.8816,0
2816,2816,9.8657,0
2817,2817,9.7877,0
2818,2818,9.8448,0
2819,2819,10.8831,1
2820,2820,10.7388,1
2821,2821,10.1337,1
2822,2822,9.7505,0
2823,2823,9.9091,0
2824,2824,9.95,0
2825,2825,9.731,0
2826,2826,9.7596,0
2827,2827,9.9241,0
2828,2828,9.8344,0
2829,2829,10.0798,1
2830,2830,11.2541,1
2831,2831,10.6886,1
2832,2832,9.9335,0
2833,2833,10.9436,1
2834,2834,10.4206,1
2835,2835,9.9024,0
2836,2836,9.9791,0
2837,2837,10.3414,1
2838,2838,10.1892,1
2839,2839,10.4794,1
2840,2840,10.4954,1
2841,2841,12.6648,1
2842,2842,10.7267,1
2843,2843,13.6568,1
2844,2844,11.9674,1
2845,2845,9.4397,0
2846,2846,9.4876,0
2847,2847,9.6212,0
2848,2848,9.4684,0
2849,2849,10.7616,1
2850,2850,11.0692,1
2851,2851,11.2011,1
2852,2852,10.3188,1
2853,2853,9.9629,0
2854,2854,9.7966,0
2855,2855,9.8867,0
2856,2856,9.9214,0
2857,2857,9.7848,0
2858,2858,9.8088,0
2859,2859,9.9789,0
2860,2860,9.7987,0
2861,2861,10.0323,1
2862,2862,12.1425,1
2863,2863,10.6827,1
2864,2864,11.3596,1
2865,2865,10.2045,1
2866,2866,9.918,0
2867,2867,9.8163,0
2868,2868,9.7569,0
2869,2869,9.7824,0
2870,2870,9.7816,0
2871,2871,9.8093,0
2872,2872,10.7129,1
2873,2873,11.2494,1
2874,2874,10.1945,1
2875,2875,9.9483,0
2876,2876,9.8706,0
2877,2877,9.7757,0
2878,2878,9.7595,0
2879,2879,9.868,0
2880,2880,10.1166,1
2881,2881,9.8829,0
2882,2882,9.923,0
2883,2883,10.6153,1
2884,2884,11.1764,1
2885,2885,10.8022,1
2886,2886,10.2288,1
2887,2887,9.7659,0
2888,2888,9.8664,0
2889,2889,9.8637,0
2890,2890,9.6765,0
2891,2891,9.8171,0
2892,2892,9.6937,0
2893,2893,9.6678,0
2894,2894,11.6109,1
2895,2895,12.2387,1
2896,2896,11.3204,1
2897,2897,12.0353,1
2898,2898,11.2916,1
2899,2899,10.6666,1
2900,2900,10.2771,1
2901,2901,10.5984,1
2902,2902,11.1697,1
2903,2903,10.3633,1
2904,2904,10.2832,1
2905,2905,10.431,1
2906,2906,10.4302,1
2907,2907,10.2432,1
2908,2908,10.769,1
2909,2909,10.4741,1
2910,2910,10.3347,1
2911,2911,9.9745,0
2912,2912,9.792,0
2913,2913,9.8354,0
2914,2914,11.0468,1
2915,2915,12.3032,1
2916,2916,10.2413,1
2917,2917,10.8872,1
2918,2918,10.0179,1
2919,2919,10.2327,1
2920,2920,10.9693,1
2921,2921,9.9244,0
2922,2922,10.0438,1
2923,2923,9.8342,0
2924,2924,9.7841,0
2925,2925,10.8048,1
2926,2926,10.8167,1
2927,2927,9.9749,0
2928,2928,10.5662,1
2929,2929,10.677,1
2930,2930,9.9609,0
2931,2931,9.9882,0
2932,2932,10.2271,1
2933,2933,9.8078,0
2934,2934,10.7957,1
2935,2935,10.2278,1
2936,2936,11.3089,1
2937,2937,11.3843,1
2938,2938,9.9539,0
2939,2939,9.8113,0
2940,2940,9.8865,0
2941,2941,9.8213,0
2942,2942,9.858,0
2943,2943,9.9261,0
2944,2944,9.7626,0
2945,2945,9.7619,0
2946,2946,10.3687,1
2947,2947,11.2197,1
2948,2948,10.32,1
2949,2949,9.9693,0
2950,2950,9.7815,0
2951,2951,9.8026,0
2952,2952,9.9334,0
2953,2953,10.0583,1
2954,2954,10.0456,1
2955,2955,9.8856,0
2956,2956,10.6972,1
2957,2957,10.1261,1
2958,2958,10.9327,1
2959,2959,11.1168,1
2960,2960,9.9443,0
2961,2961,9.8391,0
2962,2962,9.7436,0
2963,2963,9.82,0
2964,2964,9.8174,0
2965,2965,9.7386,0
2966,2966,10.0887,1
2967,2967,11.2403,1
2968,2968,10.5202,1
2969,2969,10.776,1
2970,2970,11.3276,1
2971,2971,10.5504,1
2972,2972,9.9857,0
2973,2973,9.7974,0
2974,2974,10.1613,1
2975,2975,10.1544,1
2976,2976,9.8594,0
2977,2977,10.5448,1
2978,2978,10.4223,1
2979,2979,10.0778,1
2980,2980,9.89,0
2981,2981,9.9689,0
2982,2982,11.3003,1
2983,2983,11.3828,1
2984,2984,10.118,1
2985,2985,9.8738,0
2986,2986,9.7632,0
2987,2987,9.8355,0
2988,2988,10.6111,1
2989,2989,10.5481,1
2990,2990,10.2162,1
2991,2991,10.2073,1
2992,2992,10.0354,1
2993,2993,10.1738,1
2994,2994,11.0922,1
2995,2995,11.1057,1
2996,2996,10.1307,1
2997,2997,10.0926,1
2998,2998,10.777,1
2999,2999,10.164,1
3000,3000,10.0321,1
3001,3001,9.9805,0
3002,3002,9.8232,0
3003,3003,10.0971,1
3004,3004,10.181,1
3005,3005,10.3119,1
3006,3006,10.702,1
3007,3007,11.5198,1
3008,3008,10.2378,1
3009,3009,10.2344,1
3010,3010,9.9751,0
3011,3011,9.9903,0
3012,3012,9.9134,0
3013,3013,11.0568,1
3014,3014,10.6995,1
3015,3015,9.894,0
3016,3016,9.8486,0
3017,3017,12.199,1
3018,3018,11.6118,1
3019,3019,11.1391,1
3020,3020,12.5502,1
3021,3021,10.6335,1
3022,3022,10.865,1
3023,3023,10.2678,1
3024,3024,10.7343,1
3025,3025,11.1261,1
3026,3026,10.4075,1
3027,3027,10.2675,1
3028,3028,10.2185,1
3029,3029,9.8792,0
3030,3030,9.9751,0
3031,3031,9.7897,0
3032,3032,9.8172,0
3033,3033,11.3346,1
3034,3034,10.5486,1
3035,3035,10.0621,1
3036,3036,9.9897,0
3037,3037,10.4283,1
3038,3038,11.8934,1
3039,3039,10.8158,1
3040,3040,9.9918,0
3041,3041,9.8666,0
3042,3042,9.8323,0
3043,3043,9.9334,0
3044,3044,13.1585,1
3045,3045,10.3227,1
3046,3046,9.7581,0
3047,3047,11.6891,1
3048,3048,11.5931,1
3049,3049,10.7497,1
3050,3050,9.9384,0
3051,3051,9.7726,0
3052,3052,10.0749,1
3053,3053,9.882,0
3054,3054,10.584,1
3055,3055,10.53,1
3056,3056,9.9624,0
3057,3057,10.009,1
3058,3058,10.3119,1
3059,3059,11.3263,1
3060,3060,16.0087,1
3061,3061,11.1112,1
3062,3062,10.1661,1
3063,3063,10.8441,1
3064,3064,9.9578,0
3065,3065,9.976,0
3066,3066,10.0435,1
3067,3067,9.982,0
3068,3068,10.747,1
3069,3069,17.798,1
3070,3070,11.5971,1
3071,3071,11.5016,1
3072,3072,10.267,1
3073,3073,10.449,1
3074,3074,10.5682,1
3075,3075,9.9279,0
3076,3076,9.9948,0
3077,3077,10.3818,1
3078,3078,11.2092,1
3079,3079,11.2588,1
3080,3080,10.1576,1
3081,3081,9.8375,0
3082,3082,9.7589,0
3083,3083,9.9433,0
3084,3084,10.0343,1
3085,3085,10.1067,1
3086,3086,9.9407,0
3087,3087,9.7566,0
3088,3088,10.1247,1
3089,3089,11.8133,1
3090,3090,11.1461,1
3091,3091,10.3937,1
3092,3092,10.2873,1
3093,3093,10.1943,1
3094,3094,10.0082,1
3095,3095,11.0023,1
3096,3096,10.4466,1
3097,3097,10.0886,1
3098,3098,10.0979,1
3099,3099,10.7339,1
3100,3100,11.4119,1
3101,3101,10.2503,1
3102,3102,11.4806,1
3103,3103,12.5565,1
3104,3104,10.8002,1
3105,3105,9.6209,0
3106,3106,9.5647,0
3107,3107,9.4932,0
3108,3108,9.5112,0
3109,3109,9.7432,0
3110,3110,11.1387,1
3111,3111,10.3306,1
3112,3112,9.9157,0
3113,3113,9.876,0
3114,3114,9.7905,0
3115,3115,9.7994,0
3116,3116,9.7406,0
3117,3117,9.6951,0
3118,3118,9.8388,0
3119,3119,9.7643,0
3120,3120,9.8035,0
3121,3121,11.1492,1
3122,3122,11.1256,1
3123,3123,10.901,1
3124,3124,10.1981,1
3125,3125,10.7566,1
3126,3126,10.489,1
3127,3127,10.8019,1
3128,3128,11.0222,1
3129,3129,10.1549,1
3130,3130,9.8865,0
3131,3131,11.1989,1
3132,3132,12.4609,1
3133,3133,10.9284,1
3134,3134,11.8578,1
3135,3135,10.8435,1
3136,3136,10.34,1
3137,3137,9.9139,0
3138,3138,10.3988,1
3139,3139,11.3107,1
3140,3140,10.5425,1
3141,3141,10.2511,1
3142,3142,10.2105,1
3143,3143,10.0427,1
3144,3144,9.8157,0
3145,3145,9.7219,0
3146,3146,9.8719,0
3147,3147,10.1856,1
3148,3148,9.8735,0
3149,3149,9.917,0
3150,3150,9.8655,0
3151,3151,9.7795,0
3152,3152,10.7073,1
3153,3153,10.9626,1
3154,3154,10.0093,1
3155,3155,9.8745,0
3156,3156,9.6961,0
3157,3157,10.0059,1
3158,3158,9.9915,0
3159,3159,9.8491,0
3160,3160,9.776,0
3161,3161,10.3577,1
3162,3162,10.4295,1
3163,3163,10.9952,1
3164,3164,11.0286,1
3165,3165,10.1079,1
3166,3166,10.0177,1
3167,3167,11.8705,1
3168,3168,14.1749,1
3169,3169,11.7453,1
3170,3170,9.6978,0
3171,3171,9.571,0
3172,3172,9.9566,0
3173,3173,11.6506,1
3174,3174,11.9152,1
3175,3175,10.5814,1
3176,3176,10.0479,1
3177,3177,10.1409,1
3178,3178,10.2376,1
3179,3179,10.1052,1
3180,3180,9.951,0
3181,3181,10.0313,1
3182,3182,9.9043,0
3183,3183,10.1931,1
3184,3184,15.1062,1
3185,3185,12.736,1
3186,3186,10.2407,1
3187,3187,9.764,0
3188,3188,9.6196,0
3189,3189,9.88,0
3190,3190,9.8587,0
3191,3191,9.8059,0
3192,3192,10.015,1
3193,3193,9.7974,0
3194,3194,10.9683,1
3195,3195,10.9981,1
3196,3196,9.8981,0
3197,3197,9.7801,0
3198,3198,9.7574,0
3199,3199,9.7955,0
3200,3200,9.7708,0
3201,3201,9.8694,0
3202,3202,9.9279,0
3203,3203,10.1912,1
3204,3204,9.9514,0
3205,3205,11.2884,1
3206,3206,10.3452,1
3207,3207,9.8675,0
3208,3208,10.018,1
3209,3209,9.8704,0
3210,3210,10.1261,1
3211,3211,10.021,1
3212,3212,9.8068,0
3213,3213,9.8174,0
3214,3214,9.7953,0
3215,3215,10.003,1
3216,3216,11.2508,1
3217,3217,10.538,1
3218,3218,9.869,0
3219,3219,9.8753,0
3220,3220,9.7454,0
3221,3221,9.6935,0
3222,3222,10.7946,1
3223,3223,10.1556,1
3224,3224,9.9984,0
3225,3225,9.9683,0
3226,3226,12.0362,1
3227,3227,11.7617,1
3228,3228,10.272,1
3229,3229,10.2797,1
3230,3230,9.9473,0
3231,3231,9.6958,0
3232,3232,9.7435,0
3233,3233,9.7961,0
3234,3234,14.2139,1
3235,3235,13.8154,1
3236,3236,10.0337,1
3237,3237,9.8622,0
3238,3238,10.9235,1
3239,3239,10.6547,1
3240,3240,9.888,0
3241,3241,9.8432,0
3242,3242,9.6961,0
3243,3243,9.8338,0
3244,3244,9.8263,0
3245,3245,9.9672,0
3246,3246,9.8458,0
3247,3247,9.963,0
3248,3248,9.7703,0
3249,3249,11.0524,1
3250,3250,11.316,1
3251,3251,11.0152,1
3252,3252,11.0289,1
3253,3253,10.6765,1
3254,3254,10.3162,1
3255,3255,9.9871,0
3256,3256,10.3942,1
3257,3257,10.9498,1
3258,3258,10.1577,1
3259,3259,9.8474,0
3260,3260,9.9212,0
3261,3261,9.8269,0
3262,3262,9.6722,0
3263,3263,9.4787,0
3264,3264,9.4354,0
3265,3265,9.7396,0
3266,3266,9.8559,0
3267,3267,9.7602,0
3268,3268,9.7142,0
3269,3269,10.3828,1
3270,3270,10.9231,1
3271,3271,10.27,1
3272,3272,11.3643,1
3273,3273,10.4735,1
3274,3274,10.0187,1
3275,3275,9.8983,0
3276,3276,9.8005,0
3277,3277,9.7853,0
3278,3278,11.5313,1
3279,3279,10.7927,1
3280,3280,10.3121,1
3281,3281,11.9821,1
3282,3282,11.1304,1
3283,3283,11.2653,1
3284,3284,11.2568,1
3285,3285,10.6126,1
3286,3286,10.033,1
3287,3287,9.8812,0
3288,3288,10.1091,1
3289,3289,10.085,1
3290,3290,10.0871,1
3291,3291,10.3443,1
3292,3292,10.0047,1
3293,3293,9.9066,0
3294,3294,12.7388,1
3295,3295,10.374,1
3296,3296,11.1698,1
3297,3297,10.2213,1
3298,3298,10.4506,1
3299,3299,9.9143,0
3300,3300,9.9122,0
3301,3301,9.7816,0
3302,3302,9.8064,0
3303,3303,9.8214,0
3304,3304,9.8241,0
3305,3305,9.8874,0
3306,3306,9.8547,0
3307,3307,9.8135,0
3308,3308,11.3546,1
3309,3309,10.5746,1
3310,3310,9.8358,0
3311,3311,9.8849,0
3312,3312,9.8059,0
3313,3313,9.7942,0
3314,3314,10.7342,1
3315,3315,10.0091,1
3316,3316,9.8043,0
3317,3317,10.9377,1
3318,3318,10.1852,1
3319,3319,10.8193,1
3320,3320,11.0548,1
3321,3321,11.0715,1
3322,3322,10.2618,1
3323,3323,10.1282,1
3324,3324,10.0216,1
3325,3325,10.0579,1
3326,3326,11.8589,1
3327,3327,12.9041,1
3328,3328,10.1146,1
3329,3329,9.4494,0
3330,3330,9.7506,0
3331,3331,10.6849,1
3332,3332,11.7579,1
3333,3333,11.0526,1
3334,3334,10.3429,1
3335,3335,9.9322,0
3336,3336,11.8165,1
3337,3337,11.9145,1
3338,3338,10.0451,1
3339,3339,9.6267,0
3340,3340,9.6742,0
3341,3341,9.6387,0
3342,3342,9.6325,0
3343,3343,9.7501,0
3344,3344,10.639,1
3345,3345,10.9014,1
3346,3346,10.0232,1
3347,3347,10.4679,1
3348,3348,9.9024,0
3349,3349,9.813,0
3350,3350,9.7569,0
3351,3351,9.6473,0
3352,3352,9.8804,0
3353,3353,9.9062,0
3354,3354,9.7946,0
3355,3355,9.9103,0
3356,3356,10.2307,1
3357,3357,11.1383,1
3358,3358,10.24,1
3359,3359,9.7908,0
3360,3360,9.7607,0
3361,3361,11.1792,1
3362,3362,10.8319,1
3363,3363,9.9924,0
3364,3364,9.7538,0
3365,3365,10.8833,1
3366,3366,10.808,1
3367,3367,10.7344,1
3368,3368,10.2347,1
3369,3369,11.3309,1
3370,3370,10.263,1
3371,3371,9.8284,0
3372,3372,9.8417,0
3373,3373,9.8711,0
3374,3374,10.2153,1
3375,3375,9.9353,0
3376,3376,10.5509,1
3377,3377,10.2886,1
3378,3378,10.0832,1
3379,3379,10.7211,1
3380,3380,13.0103,1
3381,3381,11.0992,1
3382,3382,10.9628,1
3383,3383,11.3573,1
3384,3384,11.4197,1
3385,3385,10.3168,1
3386,3386,11.0952,1
3387,3387,11.4727,1
3388,3388,10.4845,1
3389,3389,10.205,1
3390,3390,10.1686,1
3391,3391,9.9665,0
3392,3392,9.8535,0
3393,3393,9.6572,0
3394,3394,9.6651,0
3395,3395,9.7925,0
3396,3396,10.0939,1
3397,3397,9.8343,0
3398,3398,9.8181,0
3399,3399,9.7434,0
3400,3400,10.4917,1
3401,3401,11.0652,1
3402,3402,10.0723,1
3403,3403,9.7264,0
3404,3404,9.7865,0
3405,3405,9.8443,0
3406,3406,9.825,0
3407,3407,9.7534,0
3408,3408,9.8484,0
3409,3409,9.7243,0
3410,3410,9.8265,0
3411,3411,10.9813,1
3412,3412,11.6029,1
3413,3413,10.3805,1
3414,3414,10.0197,1
3415,3415,9.7439,0
3416,3416,9.7829,0
3417,3417,9.9031,0
3418,3418,9.783,0
3419,3419,9.873,0
3420,3420,12.3322,1
3421,3421,13.4592,1
3422,3422,10.9294,1
3423,3423,10.0492,1
3424,3424,10.232,1
3425,3425,9.9081,0
3426,3426,9.7559,0
3427,3427,9.7772,0
3428,3428,9.7826,0
3429,3429,9.8465,0
3430,3430,9.9049,0
3431,3431,9.7731,0
3432,3432,10.0618,1
3433,3433,11.2746,1
3434,3434,10.2302,1
3435,3435,10.0362,1
3436,3436,11.5026,1
3437,3437,10.4672,1
3438,3438,11.3512,1
3439,3439,11.7439,1
3440,3440,9.8081,0
3441,3441,9.9066,0
3442,3442,9.8081,0
3443,3443,10.9812,1
3444,3444,11.1372,1
3445,3445,10.1069,1
3446,3446,9.8679,0
3447,3447,9.9276,0
3448,3448,9.7913,0
3449,3449,9.9634,0
3450,3450,9.8754,0
3451,3451,9.9021,0
3452,3452,9.7847,0
3453,3453,9.862,0
3454,3454,10.8421,1
3455,3455,12.021,1
3456,3456,10.5136,1
3457,3457,10.035,1
3458,3458,9.9988,0
3459,3459,9.9976,0
3460,3460,12.527,1
3461,3461,11.7206,1
3462,3462,10.2552,1
3463,3463,9.8767,0
3464,3464,10.6885,1
3465,3465,11.3154,1
3466,3466,10.325,1
3467,3467,10.2835,1
3468,3468,10.221,1
3469,3469,11.7765,1
3470,3470,10.2132,1
3471,3471,9.9045,0
3472,3472,9.9615,0
3473,3473,9.9721,0
3474,3474,9.8911,0
3475,3475,11.1367,1
3476,3476,11.486,1
3477,3477,10.9884,1
3478,3478,10.2051,1
3479,3479,10.4549,1
3480,3480,10.3934,1
3481,3481,11.4646,1
3482,3482,9.8339,0
3483,3483,9.7894,0
3484,3484,9.8517,0
3485,3485,9.9463,0
3486,3486,9.7998,0
3487,3487,11.5871,1
3488,3488,11.32,1
3489,3489,10.1603,1
3490,3490,9.9912,0
3491,3491,9.8654,0
3492,3492,9.6765,0
3493,3493,9.8426,0
3494,3494,9.8588,0
3495,3495,9.663,0
3496,3496,9.8676,0
3497,3497,9.7905,0
3498,3498,9.7814,0
3499,3499,10.5373,1
3500,3500,12.6956,1
3501,3501,11.163,1
3502,3502,11.0131,1
3503,3503,11.1172,1
3504,3504,10.3446,1
3505,3505,10.2303,1
3506,3506,11.0555,1
3507,3507,11.1035,1
3508,3508,10.9179,1
3509,3509,10.1735,1
3510,3510,10.0137,1
3511,3511,10.4335,1
3512,3512,10.0648,1
3513,3513,10.0375,1
3514,3514,10.0339,1
3515,3515,11.0499,1
3516,3516,13.89,1
3517,3517,10.7697,1
3518,3518,9.8689,0
3519,3519,9.8514,0
3520,3520,9.7452,0
3521,3521,10.474,1
3522,3522,11.3067,1
3523,3523,10.423,1
3524,3524,10.0307,1
3525,3525,9.9404,0
3526,3526,10.1489,1
3527,3527,10.3106,1
3528,3528,9.7703,0
3529,3529,9.7688,0
3530,3530,9.9586,0
3531,3531,14.5691,1
3532,3532,10.9538,1
3533,3533,10.6267,1
3534,3534,11.0307,1
3535,3535,10.2975,1
3536,3536,10.0054,1
3537,3537,9.7831,0
3538,3538,9.7707,0
3539,3539,10.1372,1
3540,3540,10.6807,1
3541,3541,10.0895,1
3542,3542,10.0247,1
3543,3543,9.8263,0
3544,3544,11.3383,1
3545,3545,11.2235,1
3546,3546,10.117,1
3547,3547,9.9248,0
3548,3548,9.8145,0
3549,3549,9.7545,0
3550,3550,9.8613,0
3551,3551,9.916,0
3552,3552,9.7645,0
3553,3553,9.8664,0
3554,3554,9.9218,0
3555,3555,11.3155,1
3556,3556,11.8227,1
3557,3557,10.6436,1
3558,3558,10.0144,1
3559,3559,10.0155,1
3560,3560,9.9914,0
3561,3561,9.8422,0
3562,3562,9.9869,0
3563,3563,9.7619,0
3564,3564,10.2123,1
3565,3565,10.6717,1
3566,3566,11.9423,1
3567,3567,10.6588,1
3568,3568,10.2121,1
3569,3569,10.8956,1
3570,3570,10.7134,1
3571,3571,10.5683,1
3572,3572,10.1868,1
3573,3573,10.1062,1
3574,3574,10.1256,1
3575,3575,9.8964,0
3576,3576,11.237,1
3577,3577,10.6697,1
3578,3578,9.9008,0
3579,3579,9.8602,0
3580,3580,9.7696,0
3581,3581,9.7596,0
3582,3582,10.3108,1
3583,3583,9.9777,0
3584,3584,9.7598,0
3585,3585,11.1285,1
3586,3586,10.0755,1
3587,3587,11.3648,1
3588,3588,13.0354,1
3589,3589,10.0788,1
3590,3590,9.8059,0
3591,3591,11.5317,1
3592,3592,10.4145,1
3593,3593,9.9913,0
3594,3594,9.967,0
3595,3595,9.815,0
3596,3596,9.9072,0
3597,3597,10.786,1
3598,3598,10.8639,1
3599,3599,10.0546,1
3600,3600,10.8376,1
3601,3601,10.4814,1
3602,3602,10.0171,1
3603,1,9.8061,0
3604,2,9.7441,0
3605,3,9.9154,0
3606,4,9.8217,0
3607,5,9.7805,0
3608,6,10.9203,1
3609,7,10.8177,1
3610,8,10.0609,1
3611,9,9.9813,0
3612,10,10.2155,1
3613,11,9.81,0
3614,12,10.4198,1
3615,13,10.362,1
3616,14,12.3354,1
3617,15,10.0512,1
3618,16,10.3476,1
3619,17,11.4988,1
3620,18,11.1297,1
3621,19,11.0033,1
3622,20,11.0169,1
3623,21,10.2213,1
3624,22,10.2105,1
3625,23,10.0568,1
3626,24,10.5196,1
3627,25,10.9904,1
3628,26,10.2994,1
3629,27,10.124,1
3630,28,10.2839,1
3631,29,11.8275,1
3632,30,12.0406,1
3633,31,10.1906,1
3634,32,10.6662,1
3635,33,9.8329,0
3636,34,9.7961,0
3637,35,9.8883,0
3638,36,9.8085,0
3639,37,10.8665,1
3640,38,11.0713,1
3641,39,10.0528,1
3642,40,9.7755,0
3643,41,9.9586,0
3644,42,11.0602,1
3645,43,10.4783,1
3646,44,10.0898,1
3647,45,9.9648,0
3648,46,9.7722,0
3649,47,9.8963,0
3650,48,11.1248,1
3651,49,10.5325,1
3652,50,10.0604,1
3653,51,10.3849,1
3654,52,10.3798,1
3655,53,9.8332,0
3656,54,10.182,1
3657,55,10.1826,1
3658,56,9.7784,0
3659,57,9.7932,0
3660,58,10.3338,1
3661,59,11.5221,1
3662,60,10.6802,1
3663,61,10.0651,1
3664,62,9.885,0
3665,63,9.8196,0
3666,64,10.3519,1
3667,65,10.0981,1
3668,66,10.0979,1
3669,67,10.1184,1
3670,68,10.0774,1
3671,69,10.9877,1
3672,70,11.3033,1
3673,71,10.5433,1
3674,72,10.2391,1
3675,73,10.114,1
3676,74,9.9098,0
3677,75,10.0527,1
3678,76,10.1324,1
3679,77,10.4899,1
3680,78,10.2298,1
3681,79,10.0471,1
3682,80,11.9795,1
3683,81,13.1696,1
3684,82,9.914,0
3685,83,9.6538,0
3686,84,9.6679,0
3687,85,9.5255,0
3688,86,9.7375,0
3689,87,10.3744,1
3690,88,10.0034,1
3691,89,10.489,1
3692,90,10.3343,1
3693,91,11.2738,1
3694,92,15.4422,1
3695,93,13.3893,1
3696,94,11.455,1
3697,95,10.0854,1
3698,96,9.7646,0
3699,97,9.7657,0
3700,98,9.8184,0
3701,99,9.6695,0
3702,100,10.7051,1
3703,101,11.664,1
3704,102,10.3786,1
3705,103,12.4689,1
3706,104,12.2722,1
3707,105,10.4334,1
3708,106,9.7295,0
3709,107,9.5959,0
3710,108,9.5998,0
3711,109,9.7633,0
3712,110,9.8189,0
3713,111,11.1837,1
3714,112,10.4489,1
3715,113,9.8512,0
3716,114,9.9205,0
3717,115,10.1376,1
3718,116,9.7598,0
3719,117,10.5116,1
3720,118,10.1462,1
3721,119,9.9354,0
3722,120,14.0229,1
3723,121,11.7884,1
3724,122,9.69,0
3725,123,11.0165,1
3726,124,11.1984,1
3727,125,10.5464,1
3728,126,10.1613,1
3729,127,10.0472,1
3730,128,9.959,0
3731,129,10.0125,1
3732,130,10.024,1
3733,131,9.9996,0
3734,132,10.1273,1
3735,133,9.999,0
3736,134,10.9726,1
3737,135,11.5938,1
3738,136,13.0412,1
3739,137,10.9665,1
3740,138,11.3423,1
3741,139,10.5061,1
3742,140,10.2341,1
3743,141,10.0879,1
3744,142,10.382,1
3745,143,11.5467,1
3746,144,11.2913,1
3747,145,10.4053,1
3748,146,10.8288,1
3749,147,10.09,1
3750,148,10.0471,1
3751,149,10.0658,1
3752,150,9.8592,0
3753,151,9.9463,0
3754,152,11.5408,1
3755,153,15.9768,1
3756,154,10.4039,1
3757,155,9.6933,0
3758,156,10.3588,1
3759,157,11.0302,1
3760,158,10.0828,1
3761,159,10.1948,1
3762,160,9.9467,0
3763,161,9.7935,0
3764,162,9.7872,0
3765,163,9.8839,0
3766,164,10.8717,1
3767,165,10.4299,1
3768,166,11.1212,1
3769,167,13.6636,1
3770,168,11.2912,1
3771,169,11.0407,1
3772,170,9.9465,0
3773,171,10.053,1
3774,172,9.9859,0
3775,173,10.0591,1
3776,174,9.9758,0
3777,175,9.7317,0
3778,176,9.7362,0
3779,177,10.0011,1
3780,178,10.1747,1
3781,179,10.8382,1
3782,180,11.0235,1
3783,181,10.0192,1
3784,182,9.9446,0
3785,183,9.8637,0
3786,184,9.7349,0
3787,185,9.7271,0
3788,186,9.7794,0
3789,187,9.9606,0
3790,188,10.1446,1
3791,189,10.0155,1
3792,190,10.8707,1
3793,191,10.6377,1
3794,192,9.9793,0
3795,193,9.7552,0
3796,194,10.0688,1
3797,195,14.7888,1
3798,196,11.148,1
3799,197,10.4641,1
3800,198,10.1852,1
3801,199,9.9182,0
3802,200,10.8397,1
3803,201,11.473,1
3804,202,10.6332,1
3805,203,13.2066,1
3806,204,12.9778,1
3807,205,9.8394,0
3808,206,9.6897,0
3809,207,9.6145,0
3810,208,9.5515,0
3811,209,9.788,0
3812,210,9.9712,0
3813,211,11.1155,1
3814,212,10.4662,1
3815,213,9.9384,0
3816,214,9.7315,0
3817,215,9.7863,0
3818,216,9.751,0
3819,217,9.7498,0
3820,218,9.8849,0
3821,219,9.8105,0
3822,220,9.6725,0
3823,221,10.0194,1
3824,222,11.1451,1
3825,223,10.3823,1
3826,224,10.51,1
3827,225,9.8635,0
3828,226,10.9238,1
3829,227,9.7273,0
3830,228,9.6297,0
3831,229,9.8803,0
3832,230,9.9736,0
3833,231,9.77,0
3834,232,9.9586,0
3835,233,11.2348,1
3836,234,10.2916,1
3837,235,9.9337,0
3838,236,10.1476,1
3839,237,9.9164,0
3840,238,9.8705,0
3841,239,9.7665,0
3842,240,9.7191,0
3843,241,9.8159,0
3844,242,9.754,0
3845,243,10.6008,1
3846,244,11.1621,1
3847,245,10.3107,1
3848,246,9.7929,0
3849,247,9.8238,0
3850,248,10.2788,1
3851,249,10.7607,1
3852,250,10.1702,1
3853,251,9.933,0
3854,252,9.7891,0
3855,253,9.7911,0
3856,254,10.6411,1
3857,255,12.5779,1
3858,256,11.3384,1
3859,257,11.0899,1
3860,258,10.791,1
3861,259,10.3147,1
3862,260,10.0733,1
3863,261,9.924,0
3864,262,10.4,1
3865,263,11.3048,1
3866,264,10.3276,1
3867,265,10.1902,1
3868,266,10.3026,1
3869,267,10.7877,1
3870,268,10.1496,1
3871,269,10.1294,1
3872,270,12.0576,1
3873,271,10.1516,1
3874,272,10.0755,1
3875,273,12.122,1
3876,274,14.4949,1
3877,275,10.6156,1
3878,276,11.2254,1
3879,277,10.4495,1
3880,278,9.9383,0
3881,279,9.8753,0
3882,280,10.3473,1
3883,281,10.429,1
3884,282,10.3483,1
3885,283,10.0268,1
3886,284,9.9121,0
3887,285,9.8775,0
3888,286,10.4738,1
3889,287,11.2149,1
3890,288,10.1295,1
3891,289,9.8212,0
3892,290,9.8444,0
3893,291,10.8256,1
3894,292,10.6107,1
3895,293,10.1102,1
3896,294,10.1195,1
3897,295,11.9918,1
3898,296,10.3819,1
3899,297,11.2063,1
3900,298,11.0514,1
3901,299,10.5427,1
3902,300,12.4688,1
3903,301,12.4641,1
3904,302,9.7999,0
3905,303,9.5331,0
3906,304,10.3886,1
3907,305,10.7454,1
3908,306,9.869,0
3909,307,10.5018,1
3910,308,10.7091,1
3911,309,9.9613,0
3912,310,9.895,0
3913,311,9.9549,0
3914,312,9.7979,0
3915,313,9.8773,0
3916,314,9.6997,0
3917,315,9.7425,0
3918,316,9.8162,0
3919,317,9.7671,0
3920,318,10.5686,1
3921,319,10.9481,1
3922,320,9.9207,0
3923,321,9.7356,0
3924,322,9.8149,0
3925,323,9.7762,0
3926,324,9.7792,0
3927,325,9.7743,0
3928,326,9.7282,0
3929,327,9.844,0
3930,328,10.0004,1
3931,329,10.6886,1
3932,330,10.8106,1
3933,331,10.017,1
3934,332,9.7974,0
3935,333,9.7494,0
3936,334,9.9478,0
3937,335,9.7504,0
3938,336,9.7284,0
3939,337,9.9474,0
3940,338,9.7138,0
3941,339,11.0565,1
3942,340,11.9234,1
3943,341,10.9219,1
3944,342,10.202,1
3945,343,11.2255,1
3946,344,9.8817,0
3947,345,9.8325,0
3948,346,9.7941,0
3949,347,9.7447,0
3950,348,9.881,0
3951,349,9.7821,0
3952,350,9.8104,0
3953,351,9.9779,0
3954,352,12.718,1
3955,353,11.4263,1
3956,354,10.2597,1
3957,355,10.0748,1
3958,356,9.9321,0
3959,357,9.9068,0
3960,358,9.8268,0
3961,359,9.7961,0
3962,360,9.9565,0
3963,361,9.875,0
3964,362,10.2508,1
3965,363,10.4134,1
3966,364,10.5247,1
3967,365,11.0536,1
3968,366,10.2729,1
3969,367,9.8078,0
3970,368,9.6701,0
3971,369,9.7649,0
3972,370,9.6764,0
3973,371,9.7202,0
3974,372,10.1081,1
3975,373,9.8161,0
3976,374,9.7976,0
3977,375,10.1489,1
3978,376,9.8732,0
3979,377,11.8517,1
3980,378,11.5171,1
3981,379,10.8908,1
3982,380,10.8773,1
3983,381,10.5752,1
3984,382,10.4147,1
3985,383,9.9834,0
3986,384,10.6004,1
3987,385,11.1179,1
3988,386,11.0372,1
3989,387,10.1937,1
3990,388,10.162,1
3991,389,10.0998,1
3992,390,9.8335,0
3993,391,9.7601,0
3994,392,9.9057,0
3995,393,9.7478,0
3996,394,9.7198,0
3997,395,9.8302,0
3998,396,9.8183,0
3999,397,9.7961,0
4000,398,10.6798,1
4001,399,11.4258,1
4002,400,10.82,1
4003,401,10.1673,1
4004,402,9.9029,0
4005,403,10.1065,1
4006,404,11.0428,1
4007,405,10.8541,1
4008,406,10.3999,1
4009,407,10.6476,1
4010,408,10.2121,1
4011,409,11.489,1
4012,410,12.796,1
4013,411,10.0765,1
4014,412,9.9345,0
4015,413,9.7803,0
4016,414,9.777,0
4017,415,9.9583,0
4018,416,9.7767,0
4019,417,9.7712,0
4020,418,9.8984,0
4021,419,10.3738,1
4022,420,11.0671,1
4023,421,10.3604,1
4024,422,9.7594,0
4025,423,9.7496,0
4026,424,9.8366,0
4027,425,9.9025,0
4028,426,9.7814,0
4029,427,9.7834,0
4030,428,9.7582,0
4031,429,10.0523,1
4032,430,10.3503,1
4033,431,11.1111,1
4034,432,10.3717,1
4035,433,9.9703,0
4036,434,9.7353,0
4037,435,11.3725,1
4038,436,10.7891,1
4039,437,9.8868,0
4040,438,10.3438,1
4041,439,10.4357,1
4042,440,9.9446,0
4043,441,10.868,1
4044,442,11.4845,1
4045,443,10.1676,1
4046,444,16.1353,1
4047,445,10.8189,1
4048,446,9.7677,0
4049,447,9.7965,0
4050,448,9.7723,0
4051,449,9.8728,0
4052,450,10.0213,1
4053,451,10.7882,1
4054,452,11.3338,1
4055,453,10.0953,1
4056,454,9.9556,0
4057,455,10.1194,1
4058,456,11.427,1
4059,457,10.7179,1
4060,458,10.1167,1
4061,459,9.8352,0
4062,460,9.8539,0
4063,461,9.8938,0
4064,462,11.1881,1
4065,463,10.8437,1
4066,464,10.1259,1
4067,465,9.8354,0
4068,466,9.7051,0
4069,467,9.7442,0
4070,468,9.8439,0
4071,469,9.8412,0
4072,470,9.8966,0
4073,471,10.2536,1
4074,472,9.9154,0
4075,473,11.3031,1
4076,474,10.4888,1
4077,475,10.018,1
4078,476,9.9366,0
4079,477,9.7898,0
4080,478,9.7758,0
4081,479,9.9752,0
4082,480,9.8878,0
4083,481,9.7088,0
4084,482,12.3193,1
4085,483,11.1873,1
4086,484,11.1735,1
4087,485,10.4642,1
4088,486,13.7942,1
4089,487,10.2569,1
4090,488,10.2947,1
4091,489,14.7171,1
4092,490,11.7569,1
4093,491,10.1361,1
4094,492,9.7912,0
4095,493,11.1156,1
4096,494,11.1461,1
4097,495,11.0927,1
4098,496,11.2063,1
4099,497,10.6725,1
4100,498,10.5214,1
4101,499,10.0654,1
4102,500,10.8371,1
4103,501,11.1158,1
4104,502,10.2708,1
4105,503,10.3108,1
4106,504,10.2993,1
4107,505,9.9036,0
4108,506,9.7629,0
4109,507,9.79,0
4110,508,11.2526,1
4111,509,10.7115,1
4112,510,10.5686,1
4113,511,10.0453,1
4114,512,10.0096,1
4115,513,9.7959,0
4116,514,11.0616,1
4117,515,10.5955,1
4118,516,9.9088,0
4119,517,9.8555,0
4120,518,9.8477,0
4121,519,9.7469,0
4122,520,9.7363,0
4123,521,9.8693,0
4124,522,9.7757,0
4125,523,9.7595,0
4126,524,9.8207,0
4127,525,10.9666,1
4128,526,10.6399,1
4129,527,10.0068,1
4130,528,9.7973,0
4131,529,9.8343,0
4132,530,9.8238,0
4133,531,10.7013,1
4134,532,10.4084,1
4135,533,9.8504,0
4136,534,10.3299,1
4137,535,10.1329,1
4138,536,11.11,1
4139,537,10.2237,1
4140,538,9.7406,0
4141,539,9.7631,0
4142,540,9.8158,0
4143,541,9.8913,0
4144,542,9.9794,0
4145,543,9.8201,0
4146,544,9.7047,0
4147,545,9.8596,0
4148,546,10.1804,1
4149,547,11.146,1
4150,548,10.4179,1
4151,549,9.9321,0
4152,550,9.7116,0
4153,551,9.9439,0
4154,552,9.9272,0
4155,553,9.7761,0
4156,554,9.8576,0
4157,555,9.9934,0
4158,556,10.0284,1
4159,557,9.9115,0
4160,558,9.7707,0
4161,559,10.4754,1
4162,560,10.9686,1
4163,561,10.1479,1
4164,562,12.2943,1
4165,563,11.0669,1
4166,564,10.3427,1
4167,565,9.949,0
4168,566,13.3868,1
4169,567,13.5735,1
4170,568,10.0363,1
4171,569,9.8826,0
4172,570,10.8443,1
4173,571,11.4179,1
4174,572,10.6898,1
4175,573,10.4081,1
4176,574,10.3736,1
4177,575,10.063,1
4178,576,10.8396,1
4179,577,10.294,1
4180,578,10.9507,1
4181,579,10.1649,1
4182,580,9.9893,0
4183,581,9.8466,0
4184,582,10.5917,1
4185,583,10.8787,1
4186,584,10.0255,1
4187,585,9.8806,0
4188,586,9.7188,0
4189,587,9.7917,0
4190,588,10.032,1
4191,589,10.0698,1
4192,590,9.8401,0
4193,591,9.9669,0
4194,592,9.9196,0
4195,593,9.9476,0
4196,594,10.2591,1
4197,595,11.4138,1
4198,596,10.5051,1
4199,597,10.06,1
4200,598,9.8185,0
4201,599,9.8192,0
4202,600,9.8972,0
4203,601,9.8385,0
4204,602,9.9856,0
4205,603,9.8851,0
4206,604,9.7539,0
4207,605,10.8201,1
4208,606,11.3572,1
4209,607,10.8214,1
4210,608,9.9647,0
4211,609,9.8566,0
4212,610,14.2693,1
4213,611,10.5624,1
4214,612,9.8027,0
4215,613,9.7537,0
4216,614,10.569,1
4217,615,11.102,1
4218,616,10.0721,1
4219,617,11.4445,1
4220,618,13.137,1
4221,619,11.0241,1
4222,620,11.0524,1
4223,621,10.7255,1
4224,622,10.3445,1
4225,623,10.0148,1
4226,624,10.8026,1
4227,625,11.0218,1
4228,626,10.2392,1
4229,627,11.1263,1
4230,628,10.5561,1
4231,629,9.871,0
4232,630,9.8117,0
4233,631,9.833,0
4234,632,9.6544,0
4235,633,9.6576,0
4236,634,9.7466,0
4237,635,9.7144,0
4238,636,9.8238,0
4239,637,9.7908,0
4240,638,9.7438,0
4241,639,9.6954,0
4242,640,11.3792,1
4243,641,10.5052,1
4244,642,9.9562,0
4245,643,10.1173,1
4246,644,9.746,0
4247,645,9.6575,0
4248,646,10.0445,1
4249,647,9.9066,0
4250,648,9.8071,0
4251,649,10.1568,1
4252,650,9.8772,0
4253,651,9.9207,0
4254,652,10.7913,1
4255,653,10.9543,1
4256,654,10.019,1
4257,655,9.8816,0
4258,656,9.7355,0
4259,657,9.9413,0
4260,658,9.8948,0
4261,659,10.0407,1
4262,660,10.1557,1
4263,661,9.9779,0
4264,662,9.7425,0
4265,663,12.5311,1
4266,664,10.7499,1
4267,665,11.1485,1
4268,666,11.624,1
4269,667,10.5442,1
4270,668,9.8186,0
4271,669,10.8814,1
4272,670,11.0946,1
4273,671,10.8063,1
4274,672,10.4014,1
4275,673,10.074,1
4276,674,9.818,0
4277,675,10.1883,1
4278,676,10.3846,1
4279,677,11.1363,1
4280,678,10.5338,1
4281,679,10.6353,1
4282,680,10.0541,1
4283,681,10.3365,1
4284,682,10.2554,1
4285,683,9.8919,0
4286,684,10.0853,1
4287,685,9.9931,0
4288,686,9.8564,0
4289,687,11.1669,1
4290,688,11.1763,1
4291,689,10.1616,1
4292,690,10.0823,1
4293,691,9.9043,0
4294,692,13.7496,1
4295,693,11.7429,1
4296,694,10.9083,1
4297,695,10.9178,1
4298,696,14.6742,1
4299,697,11.1188,1
4300,698,11.0876,1
4301,699,11.2815,1
4302,700,10.5845,1
4303,701,9.6378,0
4304,702,9.9647,0
4305,703,9.8865,0
4306,704,9.661,0
4307,705,9.6422,0
4308,706,9.7269,0
4309,707,10.3068,1
4310,708,11.0259,1
4311,709,10.1329,1
4312,710,10.368,1
4313,711,9.9049,0
4314,712,10.5831,1
4315,713,10.0476,1
4316,714,9.8931,0
4317,715,10.0427,1
4318,716,10.0036,1
4319,717,9.9033,0
4320,718,12.6481,1
4321,719,14.4715,1
4322,720,10.9264,1
4323,721,9.5904,0
4324,722,9.6606,0
4325,723,10.2769,1
4326,724,9.7792,0
4327,725,9.6445,0
4328,726,9.6252,0
4329,727,10.0506,1
4330,728,9.9119,0
4331,729,11.154,1
4332,730,10.242,1
4333,731,9.7671,0
4334,732,9.785,0
4335,733,9.6887,0
4336,734,9.6588,0
4337,735,9.732,0
4338,736,9.7497,0
4339,737,9.7356,0
4340,738,9.7904,0
4341,739,10.0016,1
4342,740,11.3536,1
4343,741,11.8865,1
4344,742,10.8853,1
4345,743,10.7995,1
4346,744,10.3714,1
4347,745,10.2474,1
4348,746,10.0656,1
4349,747,10.5508,1
4350,748,10.4817,1
4351,749,10.1614,1
4352,750,10.2002,1
4353,751,10.3957,1
4354,752,10.0472,1
4355,753,10.041,1
4356,754,9.7449,0
4357,755,9.6692,0
4358,756,9.7777,0
4359,757,9.6855,0
4360,758,9.7323,0
4361,759,9.8741,0
4362,760,10.2599,1
4363,761,10.7711,1
4364,762,10.9338,1
4365,763,9.9609,0
4366,764,9.6945,0
4367,765,9.7682,0
4368,766,9.6984,0
4369,767,9.7583,0
4370,768,9.9389,0
4371,769,10.0925,1
4372,770,10.6267,1
4373,771,11.1616,1
4374,772,11.0343,1
4375,773,10.432,1
4376,774,9.8252,0
4377,775,9.6541,0
4378,776,10.8687,1
4379,777,11.1352,1
4380,778,10.1043,1
4381,779,10.0638,1
4382,780,9.9123,0
4383,781,9.7944,0
4384,782,13.2261,1
4385,783,12.3601,1
4386,784,9.969,0
4387,785,9.907,0
4388,786,9.697,0
4389,787,9.7935,0
4390,788,9.8457,0
4391,789,9.7091,0
4392,790,9.7122,0
4393,791,9.7787,0
4394,792,9.7146,0
4395,793,11.0056,1
4396,794,10.7569,1
4397,795,10.0363,1
4398,796,9.9157,0
4399,797,10.0471,1
4400,798,9.7954,0
4401,799,9.9134,0
4402,800,9.8966,0
4403,801,9.739,0
4404,802,9.8205,0
4405,803,9.9363,0
4406,804,11.2676,1
4407,805,10.7973,1
4408,806,9.9066,0
4409,807,9.7415,0
4410,808,9.843,0
4411,809,9.788,0
4412,810,9.7308,0
4413,811,9.6322,0
4414,812,9.862,0
4415,813,9.7221,0
4416,814,9.692,0
4417,815,10.9575,1
4418,816,10.8077,1
4419,817,10.8245,1
4420,818,10.1454,1
4421,819,9.8106,0
4422,820,9.7778,0
4423,821,10.0741,1
4424,822,10.324,1
4425,823,11.227,1
4426,824,10.5062,1
4427,825,11.3083,1
4428,826,11.3918,1
4429,827,10.2095,1
4430,828,11.6551,1
4431,829,12.2191,1
4432,830,10.0244,1
4433,831,9.81,0
4434,832,9.9136,0
4435,833,9.8031,0
4436,834,9.8256,0
4437,835,9.8937,0
4438,836,11.2401,1
4439,837,10.8374,1
4440,838,9.9159,0
4441,839,9.9776,0
4442,840,9.9099,0
4443,841,9.8271,0
4444,842,9.9556,0
4445,843,9.9899,0
4446,844,9.7724,0
4447,845,10.0829,1
4448,846,10.2717,1
4449,847,11.3964,1
4450,848,11.1882,1
4451,849,12.619,1
4452,850,13.0096,1
4453,851,10.238,1
4454,852,9.9057,0
4455,853,9.7419,0
4456,854,9.6529,0
4457,855,9.8364,0
4458,856,9.6784,0
4459,857,11.141,1
4460,858,11.5176,1
4461,859,11.0061,1
4462,860,10.8985,1
4463,861,10.4902,1
4464,862,10.0736,1
4465,863,10.0455,1
4466,864,9.9592,0
4467,865,10.1148,1
4468,866,10.9979,1
4469,867,10.3078,1
4470,868,10.1597,1
4471,869,10.2564,1
4472,870,9.844,0
4473,871,9.7389,0
4474,872,10.6638,1
4475,873,10.058,1
4476,874,9.946,0
4477,875,10.4191,1
4478,876,10.6973,1
4479,877,9.9671,0
4480,878,9.9137,0
4481,879,9.875,0
4482,880,10.9872,1
4483,881,12.4117,1
4484,882,11.1824,1
4485,883,9.7735,0
4486,884,11.423,1
4487,885,10.2656,1
4488,886,9.8173,0
4489,887,9.7554,0
4490,888,9.6978,0
4491,889,9.8907,0
4492,890,9.7951,0
4493,891,9.7049,0
4494,892,11.1051,1
4495,893,10.7782,1
4496,894,10.1686,1
4497,895,9.9764,0
4498,896,10.7871,1
4499,897,11.8755,1
4500,898,9.8954,0
4501,899,9.8072,0
4502,900,9.6697,0
4503,901,9.8668,0
4504,902,9.8513,0
4505,903,9.8432,0
4506,904,11.0343,1
4507,905,10.9279,1
4508,906,9.961,0
4509,907,10.0232,1
4510,908,9.9018,0
4511,909,9.8304,0
4512,910,9.9041,0
4513,911,9.8364,0
4514,912,9.8178,0
4515,913,10.2106,1
4516,914,9.945,0
4517,915,9.8592,0
4518,916,10.2153,1
4519,917,11.0941,1
4520,918,10.7528,1
4521,919,10.3616,1
4522,920,9.7985,0
4523,921,9.897,0
4524,922,10.2434,1
4525,923,9.7411,0
4526,924,9.8162,0
4527,925,9.7798,0
4528,926,11.7574,1
4529,927,11.413,1
4530,928,10.6514,1
4531,929,11.1175,1
4532,930,10.3549,1
4533,931,10.5591,1
4534,932,10.2619,1
4535,933,10.3704,1
4536,934,10.1211,1
4537,935,10.2551,1
4538,936,9.9421,0
4539,937,9.8362,0
4540,938,9.7922,0
4541,939,9.9576,0
4542,940,9.7609,0
4543,941,10.9888,1
4544,942,10.8276,1
4545,943,10.9413,1
4546,944,10.1262,1
4547,945,10.447,1
4548,946,10.3881,1
4549,947,10.8272,1
4550,948,11.0856,1
4551,949,10.4122,1
4552,950,9.5994,0
4553,951,10.6239,1
4554,952,10.8402,1
4555,953,10.5188,1
4556,954,10.3727,1
4557,955,9.8685,0
4558,956,9.8918,0
4559,957,9.8368,0
4560,958,9.785,0
4561,959,9.9235,0
4562,960,9.8292,0
4563,961,9.7546,0
4564,962,10.754,1
4565,963,10.9123,1
4566,964,9.8667,0
4567,965,10.1768,1
4568,966,9.7194,0
4569,967,9.69,0
4570,968,10.843,1
4571,969,10.8166,1
4572,970,10.0031,1
4573,971,12.1803,1
4574,972,10.1447,1
4575,973,9.8156,0
4576,974,10.9449,1
4577,975,10.9268,1
4578,976,9.8943,0
4579,977,9.8211,0
4580,978,9.749,0
4581,979,9.797,0
4582,980,10.6131,1
4583,981,10.7836,1
4584,982,10.0226,1
4585,983,9.888,0
4586,984,9.7045,0
4587,985,11.2016,1
4588,986,11.3051,1
4589,987,11.5745,1
4590,988,11.5784,1
4591,989,11.1606,1
4592,990,11.0959,1
4593,991,10.2024,1
4594,992,10.4296,1
4595,993,10.9951,1
4596,994,10.2514,1
4597,995,10.0826,1
4598,996,10.4574,1
4599,997,10.1496,1
4600,998,9.8854,0
4601,999,9.9311,0
4602,1000,9.8737,0
4603,1001,9.8569,0
4604,1002,10.0344,1
4605,1003,9.7223,0
4606,1004,10.1142,1
4607,1005,9.3821,0
4608,1006,11.1917,1
4609,1007,10.2995,1
4610,1008,9.7591,0
4611,1009,9.8253,0
4612,1010,9.7106,0
4613,1011,9.6903,0
4614,1012,10.079,1
4615,1013,9.9075,0
4616,1014,9.7534,0
4617,1015,10.7365,1
4618,1016,9.9534,0
4619,1017,11.1717,1
4620,1018,10.8667,1
4621,1019,9.9531,0
4622,1020,10.1268,1
4623,1021,9.8402,0
4624,1022,9.7292,0
4625,1023,10.2555,1
4626,1024,10.495,1
4627,1025,9.9294,0
4628,1026,10.236,1
4629,1027,10.092,1
4630,1028,11.0588,1
4631,1029,10.5544,1
4632,1030,10.5702,1
4633,1031,9.9267,0
4634,1032,11.5007,1
4635,1033,10.431,1
4636,1034,9.8837,0
4637,1035,10.3413,1
4638,1036,10.6631,1
4639,1037,10.167,1
4640,1038,11.4387,1
4641,1039,10.9245,1
4642,1040,9.8427,0
4643,1041,9.8773,0
4644,1042,10.0043,1
4645,1043,9.422,0
4646,1044,9.5395,0
4647,1045,9.4066,0
4648,1046,9.6882,0
4649,1047,9.6984,0
4650,1048,9.3855,0
4651,1049,10.5379,1
4652,1050,10.8528,1
4653,1051,9.9434,0
4654,1052,10.0752,1
4655,1053,9.8849,0
4656,1054,9.7385,0
4657,1055,9.7591,0
4658,1056,9.7897,0
4659,1057,12.0483,1
4660,1058,10.3558,1
4661,1059,10.6889,1
4662,1060,10.9946,1
4663,1061,10.301,1
4664,1062,9.9043,0
4665,1063,9.6229,0
4666,1064,10.3243,1
4667,1065,10.2345,1
4668,1066,9.9327,0
4669,1067,9.9532,0
4670,1068,9.6316,0
4671,1069,9.8953,0
4672,1070,10.633,1
4673,1071,11.0433,1
4674,1072,11.9344,1
4675,1073,9.7698,0
4676,1074,9.554,0
4677,1075,9.4859,0
4678,1076,9.5511,0
4679,1077,9.5301,0
4680,1078,9.5045,0
4681,1079,9.5304,0
4682,1080,10.0303,1
4683,1081,9.9388,0
4684,1082,11.3524,1
4685,1083,10.3177,1
4686,1084,9.8998,0
4687,1085,11.0209,1
4688,1086,10.1382,1
4689,1087,9.8721,0
4690,1088,9.8488,0
4691,1089,10.9863,1
4692,1090,9.8048,0
4693,1091,10.5691,1
4694,1092,11.3644,1
4695,1093,10.7528,1
4696,1094,10.4233,1
4697,1095,9.9103,0
4698,1096,9.8226,0
4699,1097,9.8803,0
4700,1098,9.7313,0
4701,1099,9.7008,0
4702,1100,9.9898,0
4703,1101,9.7232,0
4704,1102,9.6993,0
4705,1103,11.4472,1
4706,1104,11.6485,1
4707,1105,10.8627,1
4708,1106,11.0816,1
4709,1107,10.5768,1
4710,1108,10.4465,1
4711,1109,10.0393,1
4712,1110,10.2472,1
4713,1111,10.6823,1
4714,1112,10.5984,1
4715,1113,10.212,1
4716,1114,10.4504,1
4717,1115,10.065,1
4718,1116,9.9479,0
4719,1117,9.8019,0
4720,1118,11.3679,1
4721,1119,10.2572,1
4722,1120,9.8274,0
4723,1121,9.7269,0
4724,1122,10.4888,1
4725,1123,11.0074,1
4726,1124,11.7769,1
4727,1125,10.3667,1
4728,1126,9.8764,0
4729,1127,9.7358,0
4730,1128,9.8505,0
4731,1129,10.0052,1
4732,1130,9.7707,0
4733,1131,10.0517,1
4734,1132,9.9865,0
4735,1133,10.1515,1
4736,1134,9.9372,0
4737,1135,11.1801,1
4738,1136,10.436,1
4739,1137,10.1638,1
4740,1138,11.4815,1
4741,1139,10.5961,1
4742,1140,10.0604,1
4743,1141,9.8089,0
4744,1142,9.926,0
4745,1143,10.3638,1
4746,1144,10.0436,1
4747,1145,10.7884,1
4748,1146,10.8696,1
4749,1147,9.9915,0
4750,1148,9.7526,0
4751,1149,10.7116,1
4752,1150,10.158,1
4753,1151,10.4097,1
4754,1152,10.3679,1
4755,1153,9.55,0
4756,1154,9.5643,0
4757,1155,9.6679,0
4758,1156,11.5273,1
4759,1157,11.5043,1
4760,1158,9.8773,0
4761,1159,9.728,0
4762,1160,10.6705,1
4763,1161,11.0597,1
4764,1162,10.5668,1
4765,1163,10.6646,1
4766,1164,9.8242,0
4767,1165,9.6869,0
4768,1166,10.3265,1
4769,1167,11.0308,1
4770,1168,10.2465,1
4771,1169,9.8943,0
4772,1170,9.8227,0
4773,1171,9.7826,0
4774,1172,9.7156,0
4775,1173,9.8254,0
4776,1174,9.6949,0
4777,1175,9.7394,0
4778,1176,9.8331,0
4779,1177,10.3081,1
4780,1178,11.0067,1
4781,1179,10.23,1
4782,1180,9.7199,0
4783,1181,9.7096,0
4784,1182,10.382,1
4785,1183,10.1448,1
4786,1184,9.771,0
4787,1185,9.7883,0
4788,1186,9.8181,0
4789,1187,9.8704,0
4790,1188,10.5596,1
4791,1189,10.9385,1
4792,1190,10.13,1
4793,1191,10.3595,1
4794,1192,10.8032,1
4795,1193,10.1021,1
4796,1194,9.8421,0
4797,1195,9.7871,0
4798,1196,9.8855,0
4799,1197,9.7202,0
4800,1198,9.7191,0
4801,1199,10.9065,1
4802,1200,10.7377,1
4803,1201,9.9225,0
4804,1202,10.0363,1
4805,1203,9.7918,0
4806,1204,9.7954,0
4807,1205,9.8188,0
4808,1206,9.6844,0
4809,1207,9.7497,0
4810,1208,10.6266,1
4811,1209,9.87,0
4812,1210,10.9852,1
4813,1211,10.8277,1
4814,1212,9.8547,0
4815,1213,9.6472,0
4816,1214,9.7077,0
4817,1215,9.6964,0
4818,1216,10.0324,1
4819,1217,9.809,0
4820,1218,9.6302,0
4821,1219,9.6991,0
4822,1220,9.7552,0
4823,1221,11.0865,1
4824,1222,11.7587,1
4825,1223,10.864,1
4826,1224,10.7725,1
4827,1225,10.9432,1
4828,1226,10.0716,1
4829,1227,9.818,0
4830,1228,10.1965,1
4831,1229,9.9123,0
4832,1230,10.2715,1
4833,1231,10.9229,1
4834,1232,10.1812,1
4835,1233,10.1748,1
4836,1234,10.0757,1
4837,1235,9.9179,0
4838,1236,9.8839,0
4839,1237,9.9707,0
4840,1238,10.0065,1
4841,1239,10.2317,1
4842,1240,9.7192,0
4843,1241,9.8334,0
4844,1242,10.9052,1
4845,1243,11.3285,1
4846,1244,11.0018,1
4847,1245,11.3823,1
4848,1246,10.8898,1
4849,1247,9.9341,0
4850,1248,9.9993,0
4851,1249,9.9284,0
4852,1250,9.7116,0
4853,1251,9.7561,0
4854,1252,9.8397,0
4855,1253,9.7743,0
4856,1254,10.4692,1
4857,1255,10.0487,1
4858,1256,12.2476,1
4859,1257,12.3223,1
4860,1258,11.1668,1
4861,1259,10.3048,1
4862,1260,10.5084,1
4863,1261,10.0269,1
4864,1262,10.1852,1
4865,1263,9.4164,0
4866,1264,9.5232,0
4867,1265,9.4163,0
4868,1266,9.3964,0
4869,1267,9.494,0
4870,1268,9.469,0
4871,1269,9.5673,0
4872,1270,10.9039,1
4873,1271,10.1173,1
4874,1272,9.5591,0
4875,1273,9.5763,0
4876,1274,9.4594,0
4877,1275,9.4362,0
4878,1276,9.6888,0
4879,1277,9.6747,0
4880,1278,9.9212,0
4881,1279,9.7802,0
4882,1280,9.4903,0
4883,1281,9.7301,0
4884,1282,10.5134,1
4885,1283,10.8757,1
4886,1284,9.9327,0
4887,1285,9.791,0
4888,1286,9.5145,0
4889,1287,9.748,0
4890,1288,9.7843,0
4891,1289,9.7028,0
4892,1290,10.0332,1
4893,1291,9.8181,0
4894,1292,10.5156,1
4895,1293,10.7532,1
4896,1294,11.2421,1
4897,1295,10.0228,1
4898,1296,9.7074,0
4899,1297,10.1237,1
4900,1298,10.5734,1
4901,1299,9.8894,0
4902,1300,9.8568,0
4903,1301,9.8854,0
4904,1302,9.827,0
4905,1303,11.0865,1
4906,1304,10.332,1
4907,1305,9.9709,0
4908,1306,11.0731,1
4909,1307,10.2803,1
4910,1308,9.7448,0
4911,1309,10.1948,1
4912,1310,9.6694,0
4913,1311,9.6516,0
4914,1312,9.8645,0
4915,1313,10.2093,1
4916,1314,9.8462,0
4917,1315,10.2991,1
4918,1316,9.8011,0
4919,1317,9.7005,0
4920,1318,10.6393,1
4921,1319,10.9297,1
4922,1320,9.9226,0
4923,1321,9.9577,0
4924,1322,9.7851,0
4925,1323,10.07,1
4926,1324,10.262,1
4927,1325,10.7799,1
4928,1326,10.2857,1
4929,1327,9.8536,0
4930,1328,9.7304,0
4931,1329,9.7493,0
4932,1330,9.9566,0
4933,1331,11.1354,1
4934,1332,10.662,1
4935,1333,10.0018,1
4936,1334,9.6931,0
4937,1335,10.1435,1
4938,1336,9.9989,0
4939,1337,10.0206,1
4940,1338,9.8589,0
4941,1339,9.6867,0
4942,1340,9.8878,0
4943,1341,10.3981,1
4944,1342,11.1469,1
4945,1343,10.6072,1
4946,1344,10.0737,1
4947,1345,9.5176,0
4948,1346,9.7945,0
4949,1347,9.8634,0
4950,1348,9.5491,0
4951,1349,9.5297,0
4952,1350,9.5479,0
4953,1351,11.9651,1
4954,1352,10.3853,1
4955,1353,10.2377,1
4956,1354,12.4653,1
4957,1355,11.9931,1
4958,1356,11.1598,1
4959,1357,10.7853,1
4960,1358,10.312,1
4961,1359,10.1601,1
4962,1360,10.759,1
4963,1361,11.1054,1
4964,1362,10.6403,1
4965,1363,10.1762,1
4966,1364,10.1541,1
4967,1365,10.0661,1
4968,1366,9.7991,0
4969,1367,9.8012,0
4970,1368,9.7014,0
4971,1369,9.6487,0
4972,1370,9.8833,0
4973,1371,10.0369,1
4974,1372,9.9767,0
4975,1373,10.0133,1
4976,1374,9.752,0
4977,1375,9.6942,0
4978,1376,10.5675,1
4979,1377,10.8625,1
4980,1378,9.9857,0
4981,1379,9.8178,0
4982,1380,9.6613,0
4983,1381,9.9679,0
4984,1382,9.9954,0
4985,1383,10.3905,1
4986,1384,10.8188,1
4987,1385,10.6911,1
4988,1386,9.7945,0
4989,1387,9.8108,0
4990,1388,10.3178,1
4991,1389,11.0104,1
4992,1390,10.4803,1
4993,1391,9.9913,0
4994,1392,9.8833,0
4995,1393,9.8256,0
4996,1394,10.2335,1
4997,1395,9.8046,0
4998,1396,9.7225,0
4999,1397,9.7648,0
5000,1398,9.7174,0
5001,1399,9.7028,0
5002,1400,9.8113,0
5003,1401,10.7311,1
5004,1402,11.8971,1
5005,1403,11.1531,1
5006,1404,10.4657,1
5007,1405,10.871,1
5008,1406,10.3906,1
5009,1407,11.9955,1
5010,1408,10.2111,1
5011,1409,9.8831,0
5012,1410,9.7101,0
5013,1411,9.8508,0
5014,1412,9.844,0
5015,1413,11.6789,1
5016,1414,10.7399,1
5017,1415,9.6291,0
5018,1416,9.5648,0
5019,1417,9.5618,0
5020,1418,9.3762,0
5021,1419,9.3936,0
5022,1420,9.4436,0
5023,1421,9.4384,0
5024,1422,9.4196,0
5025,1423,9.3519,0
5026,1424,9.51,0
5027,1425,9.8949,0
5028,1426,10.9422,1
5029,1427,10.7475,1
5030,1428,10.0951,1
5031,1429,9.882,0
5032,1430,10.2855,1
5033,1431,10.7275,1
5034,1432,10.6551,1
5035,1433,9.6748,0
5036,1434,9.5621,0
5037,1435,9.7114,0
5038,1436,10.87,1
5039,1437,11.2592,1
5040,1438,10.1037,1
5041,1439,9.4925,0
5042,1440,9.4206,0
5043,1441,9.9075,0
5044,1442,10.3146,1
5045,1443,9.6265,0
5046,1444,9.942,0
5047,1445,10.089,1
5048,1446,10.1867,1
5049,1447,11.0575,1
5050,1448,9.8283,0
5051,1449,10.9566,1
5052,1450,11.3532,1
5053,1451,10.631,1
5054,1452,10.2224,1
5055,1453,10.3769,1
5056,1454,10.756,1
5057,1455,10.0857,1
5058,1456,10.8065,1
5059,1457,10.2518,1
5060,1458,9.9066,0
5061,1459,10.9223,1
5062,1460,10.9225,1
5063,1461,10.1783,1
5064,1462,9.7898,0
5065,1463,9.6615,0
5066,1464,9.8207,0
5067,1465,9.8346,0
5068,1466,9.6868,0
5069,1467,9.7123,0
5070,1468,9.9972,0
5071,1469,10.1119,1
5072,1470,10.729,1
5073,1471,10.9884,1
5074,1472,10.0123,1
5075,1473,9.7899,0
5076,1474,9.6868,0
5077,1475,9.7395,0
5078,1476,9.6817,0
5079,1477,9.8102,0
5080,1478,10.3656,1
5081,1479,9.8402,0
5082,1480,9.8118,0
5083,1481,10.8608,1
5084,1482,12.2474,1
5085,1483,13.3971,1
5086,1484,11.4302,1
5087,1485,10.736,1
5088,1486,10.35,1
5089,1487,10.1101,1
5090,1488,10.6312,1
5091,1489,11.1334,1
5092,1490,10.4473,1
5093,1491,10.3136,1
5094,1492,10.2318,1
5095,1493,10.1197,1
5096,1494,10.0673,1
5097,1495,9.6499,0
5098,1496,9.5571,0
5099,1497,9.4837,0
5100,1498,9.9571,0
5101,1499,10.2359,1
5102,1500,10.5861,1
5103,1501,9.6831,0
5104,1502,11.1362,1
5105,1503,10.3799,1
5106,1504,10.09,1
5107,1505,9.8919,0
5108,1506,9.8458,0
5109,1507,9.677,0
5110,1508,9.8677,0
5111,1509,10.3608,1
5112,1510,11.1401,1
5113,1511,10.7727,1
5114,1512,10.4416,1
5115,1513,10.9399,1
5116,1514,10.2314,1
5117,1515,9.8095,0
5118,1516,9.6866,0
5119,1517,10.1954,1
5120,1518,9.9419,0
5121,1519,9.7119,0
5122,1520,11.5574,1
5123,1521,11.7324,1
5124,1522,13.646,1
5125,1523,11.2415,1
5126,1524,10.0907,1
5127,1525,9.8484,0
5128,1526,9.7004,0
5129,1527,9.7688,0
5130,1528,9.8551,0
5131,1529,9.7611,0
5132,1530,9.6815,0
5133,1531,10.7134,1
5134,1532,9.9631,0
5135,1533,10.4959,1
5136,1534,11.1197,1
5137,1535,10.031,1
5138,1536,9.8395,0
5139,1537,10.05,1
5140,1538,9.9505,0
5141,1539,9.8069,0
5142,1540,9.826,0
5143,1541,9.9021,0
5144,1542,9.8274,0
5145,1543,10.009,1
5146,1544,10.6572,1
5147,1545,10.9628,1
5148,1546,10.1162,1
5149,1547,10.7492,1
5150,1548,10.609,1
5151,1549,9.9302,0
5152,1550,9.7432,0
5153,1551,9.7583,0
5154,1552,9.8398,0
5155,1553,9.707,0
5156,1554,9.6676,0
5157,1555,10.8947,1
5158,1556,10.5941,1
5159,1557,10.089,1
5160,1558,9.9297,0
5161,1559,9.6925,0
5162,1560,9.6493,0
5163,1561,10.4717,1
5164,1562,10.8908,1
5165,1563,10.0362,1
5166,1564,9.9294,0
5167,1565,9.7282,0
5168,1566,10.8954,1
5169,1567,10.561,1
5170,1568,10.1743,1
5171,1569,9.879,0
5172,1570,9.8492,0
5173,1571,9.7444,0
5174,1572,9.6632,0
5175,1573,9.8268,0
5176,1574,9.751,0
5177,1575,9.6861,0
5178,1576,9.788,0
5179,1577,10.9625,1
5180,1578,10.7387,1
5181,1579,11.271,1
5182,1580,10.3429,1
5183,1581,10.6702,1
5184,1582,9.8313,0
5185,1583,9.7578,0
5186,1584,10.6003,1
5187,1585,10.4619,1
5188,1586,10.1567,1
5189,1587,10.7473,1
5190,1588,10.923,1
5191,1589,10.0931,1
5192,1590,10.0762,1
5193,1591,10.116,1
5194,1592,9.8773,0
5195,1593,10.1115,1
5196,1594,9.4212,0
5197,1595,10.2954,1
5198,1596,9.5585,0
5199,1597,9.4473,0
5200,1598,10.3522,1
5201,1599,11.3608,1
5202,1600,10.924,1
5203,1601,10.9879,1
5204,1602,11.0738,1
5205,1603,10.2596,1
5206,1604,9.8106,0
5207,1605,10.3111,1
5208,1606,10.7948,1
5209,1607,10.6726,1
5210,1608,10.5311,1
5211,1609,10.1616,1
5212,1610,9.9084,0
5213,1611,9.8479,0
5214,1612,9.9658,0
5215,1613,9.7918,0
5216,1614,9.802,0
5217,1615,10.6315,1
5218,1616,10.3385,1
5219,1617,9.9043,0
5220,1618,9.9625,0
5221,1619,10.6905,1
5222,1620,13.0442,1
5223,1621,10.5248,1
5224,1622,10.0146,1
5225,1623,10.1343,1
5226,1624,9.859,0
5227,1625,9.8454,0
5228,1626,9.6561,0
5229,1627,9.7907,0
5230,1628,9.8159,0
5231,1629,9.6808,0
5232,1630,10.7132,1
5233,1631,10.9174,1
5234,1632,10.0739,1
5235,1633,10.5582,1
5236,1634,9.9907,0
5237,1635,10.3392,1
5238,1636,9.8606,0
5239,1637,9.9607,0
5240,1638,9.6307,0
5241,1639,10.3994,1
5242,1640,13.1287,1
5243,1641,11.1435,1
5244,1642,10.5314,1
5245,1643,9.6048,0
5246,1644,9.4032,0
5247,1645,9.9758,0
5248,1646,10.3417,1
5249,1647,9.7748,0
5250,1648,9.6636,0
5251,1649,9.6962,0
5252,1650,10.1737,1
5253,1651,11.0917,1
5254,1652,11.1743,1
5255,1653,10.3807,1
5256,1654,11.0575,1
5257,1655,12.3015,1
5258,1656,10.287,1
5259,1657,10.1039,1
5260,1658,9.9281,0
5261,1659,9.8943,0
5262,1660,9.8934,0
5263,1661,9.7536,0
5264,1662,10.786,1
5265,1663,10.9057,1
5266,1664,10.0331,1
5267,1665,9.9125,0
5268,1666,9.9448,0
5269,1667,11.4756,1
5270,1668,10.2393,1
5271,1669,10.0661,1
5272,1670,9.5065,0
5273,1671,9.727,0
5274,1672,9.5691,0
5275,1673,10.47,1
5276,1674,10.4729,1
5277,1675,9.8219,0
5278,1676,10.2482,1
5279,1677,10.1099,1
5280,1678,9.8457,0
5281,1679,10.4885,1
5282,1680,10.5833,1
5283,1681,10.1604,1
5284,1682,9.8206,0
5285,1683,10.5778,1
5286,1684,11.1601,1
5287,1685,10.1225,1
5288,1686,9.6284,0
5289,1687,9.5325,0
5290,1688,9.4339,0
5291,1689,9.4329,0
5292,1690,10.6121,1
5293,1691,10.6226,1
5294,1692,9.7263,0
5295,1693,10.4828,1
5296,1694,11.3961,1
5297,1695,11.1394,1
5298,1696,10.449,1
5299,1697,9.9262,0
5300,1698,9.8604,0
5301,1699,10.1239,1
5302,1700,9.8174,0
5303,1701,9.9594,0
5304,1702,9.7773,0
5305,1703,9.827,0
5306,1704,9.8222,0
5307,1705,10.6022,1
5308,1706,11.0706,1
5309,1707,10.2713,1
5310,1708,9.7732,0
5311,1709,9.6632,0
5312,1710,10.0931,1
5313,1711,9.7627,0
5314,1712,9.5724,0
5315,1713,9.7044,0
5316,1714,9.6595,0
5317,1715,9.6369,0
5318,1716,10.9411,1
5319,1717,12.4646,1
5320,1718,13.0349,1
5321,1719,11.1814,1
5322,1720,11.8379,1
5323,1721,10.8312,1
5324,1722,10.3599,1
5325,1723,10.5234,1
5326,1724,11.1435,1
5327,1725,10.0793,1
5328,1726,10.1675,1
5329,1727,10.1977,1
5330,1728,9.7738,0
5331,1729,9.7581,0
5332,1730,10.3814,1
5333,1731,10.7671,1
5334,1732,10.2402,1
5335,1733,9.9537,0
5336,1734,9.7539,0
5337,1735,9.7321,0
5338,1736,9.7682,0
5339,1737,10.9937,1
5340,1738,11.2174,1
5341,1739,10.3685,1
5342,1740,9.9617,0
5343,1741,9.7972,0
5344,1742,9.723,0
5345,1743,9.9915,0
5346,1744,10.593,1
5347,1745,9.8398,0
5348,1746,9.7535,0
5349,1747,9.7504,0
5350,1748,9.8799,0
5351,1749,10.6652,1
5352,1750,11.365,1
5353,1751,10.8901,1
5354,1752,10.5815,1
5355,1753,10.1411,1
5356,1754,9.8434,0
5357,1755,9.8875,0
5358,1756,9.7082,0
5359,1757,9.97,0
5360,1758,10.5725,1
5361,1759,9.8393,0
5362,1760,10.2355,1
5363,1761,9.8758,0
5364,1762,11.0809,1
5365,1763,10.0769,1
5366,1764,9.7923,0
5367,1765,9.7906,0
5368,1766,10.0289,1
5369,1767,9.9872,0
5370,1768,10.4583,1
5371,1769,9.7747,0
5372,1770,9.6361,0
5373,1771,9.9193,0
5374,1772,10.0426,1
5375,1773,10.0825,1
5376,1774,12.9829,1
5377,1775,11.6485,1
5378,1776,11.2125,1
5379,1777,9.6666,0
5380,1778,9.546,0
5381,1779,9.6353,0
5382,1780,9.621,0
5383,1781,9.5744,0
5384,1782,9.4922,0
5385,1783,9.7163,0
5386,1784,9.9604,0
5387,1785,9.6009,0
5388,1786,10.754,1
5389,1787,10.6394,1
5390,1788,9.7871,0
5391,1789,9.8257,0
5392,1790,9.5191,0
5393,1791,9.61,0
5394,1792,9.6985,0
5395,1793,9.6707,0
5396,1794,9.5531,0
5397,1795,9.6579,0
5398,1796,9.5024,0
5399,1797,9.9826,0
5400,1798,9.9842,0
5401,1799,10.9933,1
5402,1800,10.4735,1
5403,1801,9.8858,0
5404,1802,9.6758,0
5405,1803,9.6198,0
5406,1804,9.7024,0
5407,1805,10.1671,1
5408,1806,9.7408,0
5409,1807,9.7635,0
5410,1808,9.8571,0
5411,1809,9.7242,0
5412,1810,9.7037,0
5413,1811,10.3851,1
5414,1812,10.9524,1
5415,1813,10.1455,1
5416,1814,9.6856,0
5417,1815,9.6559,0
5418,1816,9.8962,0
5419,1817,9.8312,0
5420,1818,9.7262,0
5421,1819,9.7825,0
5422,1820,9.6034,0
5423,1821,9.806,0
5424,1822,10.2406,1
5425,1823,9.7563,0
5426,1824,10.5439,1
5427,1825,10.6735,1
5428,1826,9.8215,0
5429,1827,10.2125,1
5430,1828,10.7324,1
5431,1829,10.3096,1
5432,1830,10.8385,1
5433,1831,9.82,0
5434,1832,9.7175,0
5435,1833,9.7697,0
5436,1834,9.7923,0
5437,1835,9.7127,0
5438,1836,10.2355,1
5439,1837,11.0914,1
5440,1838,10.1355,1
5441,1839,9.7198,0
5442,1840,9.7056,0
5443,1841,10.1494,1
5444,1842,10.0061,1
5445,1843,10.215,1
5446,1844,10.0973,1
5447,1845,9.9408,0
5448,1846,9.8888,0
5449,1847,9.7209,0
5450,1848,9.6662,0
5451,1849,13.095,1
5452,1850,11.9562,1
5453,1851,10.919,1
5454,1852,10.972,1
5455,1853,10.9861,1
5456,1854,10.5761,1
5457,1855,10.2006,1
5458,1856,10.5136,1
5459,1857,11.089,1
5460,1858,10.145,1
5461,1859,10.3674,1
5462,1860,10.7739,1
5463,1861,10.1341,1
5464,1862,9.9688,0
5465,1863,9.8708,0
5466,1864,9.6677,0
5467,1865,9.7904,0
5468,1866,9.8236,0
5469,1867,10.5025,1
5470,1868,10.2517,1
5471,1869,9.9602,0
5472,1870,11.0144,1
5473,1871,10.2894,1
5474,1872,9.9017,0
5475,1873,9.7832,0
5476,1874,10.0148,1
5477,1875,9.8964,0
5478,1876,9.7246,0
5479,1877,10.1687,1
5480,1878,10.0421,1
5481,1879,10.4182,1
5482,1880,12.5148,1
5483,1881,11.433,1
5484,1882,11.5933,1
5485,1883,10.0132,1
5486,1884,9.7389,0
5487,1885,9.7498,0
5488,1886,9.8397,0
5489,1887,9.6904,0
5490,1888,9.6711,0
5491,1889,9.8426,0
5492,1890,9.8544,0
5493,1891,10.5056,1
5494,1892,11.0105,1
5495,1893,10.0506,1
5496,1894,9.7488,0
5497,1895,10.1953,1
5498,1896,9.7125,0
5499,1897,9.7056,0
5500,1898,9.7556,0
5501,1899,9.7206,0
5502,1900,9.7012,0
5503,1901,9.7868,0
5504,1902,10.451,1
5505,1903,11.0251,1
5506,1904,10.6604,1
5507,1905,9.7813,0
5508,1906,9.6154,0
5509,1907,9.7086,0
5510,1908,9.6935,0
5511,1909,9.703,0
5512,1910,9.7658,0
5513,1911,9.6514,0
5514,1912,9.7606,0
5515,1913,10.6934,1
5516,1914,11.3252,1
5517,1915,10.6729,1
5518,1916,10.1627,1
5519,1917,9.7179,0
5520,1918,10.1076,1
5521,1919,10.1125,1
5522,1920,9.7782,0
5523,1921,9.5556,0
5524,1922,9.825,0
5525,1923,9.7681,0
5526,1924,11.7408,1
5527,1925,10.8754,1
5528,1926,9.8975,0
5529,1927,9.6509,0
5530,1928,9.814,0
5531,1929,9.7439,0
5532,1930,9.7686,0
5533,1931,9.798,0
5534,1932,9.8384,0
5535,1933,9.9797,0
5536,1934,10.9335,1
5537,1935,11.0679,1
5538,1936,10.8019,1
5539,1937,10.0657,1
5540,1938,9.7892,0
5541,1939,9.7101,0
5542,1940,9.7298,0
5543,1941,10.1491,1
5544,1942,10.0814,1
5545,1943,10.0511,1
5546,1944,10.5257,1
5547,1945,11.1554,1
5548,1946,11.076,1
5549,1947,10.0848,1
5550,1948,9.7757,0
5551,1949,9.8404,0
5552,1950,9.6967,0
5553,1951,9.6676,0
5554,1952,10.0254,1
5555,1953,10.4746,1
5556,1954,9.9441,0
5557,1955,10.6072,1
5558,1956,10.819,1
5559,1957,10.9197,1
5560,1958,10.1759,1
5561,1959,10.6436,1
5562,1960,10.7103,1
5563,1961,9.9011,0
5564,1962,10.1015,1
5565,1963,9.8314,0
5566,1964,9.7238,0
5567,1965,9.7778,0
5568,1966,9.9057,0
5569,1967,11.3554,1
5570,1968,11.3903,1
5571,1969,11.0807,1
5572,1970,11.1448,1
5573,1971,10.4264,1
5574,1972,10.3074,1
5575,1973,10.0656,1
5576,1974,10.4175,1
5577,1975,10.9183,1
5578,1976,10.0683,1
5579,1977,10.1335,1
5580,1978,10.213,1
5581,1979,9.86,0
5582,1980,10.1005,1
5583,1981,10.0094,1
5584,1982,10.019,1
5585,1983,9.9364,0
5586,1984,10.0716,1
5587,1985,9.7603,0
5588,1986,10.0652,1
5589,1987,11.1348,1
5590,1988,10.9022,1
5591,1989,10.9881,1
5592,1990,9.9873,0
5593,1991,9.7436,0
5594,1992,9.8627,0
5595,1993,9.8127,0
5596,1994,10.4591,1
5597,1995,9.9943,0
5598,1996,9.6708,0
5599,1997,9.8658,0
5600,1998,9.8409,0
5601,1999,10.8501,1
5602,2000,10.6515,1
5603,2001,9.9246,0
5604,2002,9.7466,0
5605,2003,10.035,1
5606,2004,9.8386,0
5607,2005,9.7267,0
5608,2006,9.5959,0
5609,2007,9.8115,0
5610,2008,9.9145,0
5611,2009,9.8847,0
5612,2010,11.2745,1
5613,2011,11.1629,1
5614,2012,9.9002,0
5615,2013,9.8003,0
5616,2014,10.0735,1
5617,2015,9.7601,0
5618,2016,9.966,0
5619,2017,9.7661,0
5620,2018,9.7967,0
5621,2019,9.8968,0
5622,2020,9.7244,0
5623,2021,11.0697,1
5624,2022,10.5669,1
5625,2023,9.8655,0
5626,2024,9.6608,0
5627,2025,9.7586,0
5628,2026,9.6484,0
5629,2027,9.6579,0
5630,2028,9.8624,0
5631,2029,9.7225,0
5632,2030,9.9354,0
5633,2031,9.9343,0
5634,2032,11.0089,1
5635,2033,10.6197,1
5636,2034,9.9935,0
5637,2035,9.7143,0
5638,2036,9.6564,0
5639,2037,9.69,0
5640,2038,9.9194,0
5641,2039,9.9036,0
5642,2040,11.0184,1
5643,2041,10.5317,1
5644,2042,10.9019,1
5645,2043,11.439,1
5646,2044,10.444,1
5647,2045,9.7991,0
5648,2046,9.7522,0
5649,2047,9.9005,0
5650,2048,9.7864,0
5651,2049,9.9547,0
5652,2050,9.8056,0
5653,2051,9.7083,0
5654,2052,10.0741,1
5655,2053,10.4551,1
5656,2054,11.0272,1
5657,2055,10.3138,1
5658,2056,9.7538,0
5659,2057,9.656,0
5660,2058,9.7729,0
5661,2059,9.686,0
5662,2060,9.8669,0
5663,2061,9.8441,0
5664,2062,9.7232,0
5665,2063,9.7524,0
5666,2064,10.0645,1
5667,2065,11.1314,1
5668,2066,10.185,1
5669,2067,9.8377,0
5670,2068,9.7843,0
5671,2069,9.7707,0
5672,2070,9.7868,0
5673,2071,9.68,0
5674,2072,9.8001,0
5675,2073,9.8958,0
5676,2074,9.744,0
5677,2075,10.1665,1
5678,2076,11.1835,1
5679,2077,10.2311,1
5680,2078,9.8945,0
5681,2079,9.7677,0
5682,2080,9.6797,0
5683,2081,9.7428,0
5684,2082,9.8298,0
5685,2083,9.7107,0
5686,2084,9.6294,0
5687,2085,9.7933,0
5688,2086,10.1384,1
5689,2087,12.8785,1
5690,2088,11.6259,1
5691,2089,10.9853,1
5692,2090,10.9113,1
5693,2091,10.3805,1
5694,2092,10.7361,1
5695,2093,11.6691,1
5696,2094,10.7696,1
5697,2095,10.7005,1
5698,2096,10.3588,1
5699,2097,9.9622,0
5700,2098,9.8402,0
5701,2099,10.1039,1
5702,2100,12.1156,1
5703,2101,9.9945,0
5704,2102,10.1061,1
5705,2103,9.792,0
5706,2104,9.6888,0
5707,2105,9.9236,0
5708,2106,9.8185,0
5709,2107,9.7935,0
5710,2108,9.8127,0
5711,2109,11.1533,1
5712,2110,11.2601,1
5713,2111,10.5498,1
5714,2112,9.9756,0
5715,2113,9.7928,0
5716,2114,9.8199,0
5717,2115,10.103,1
5718,2116,10.8373,1
5719,2117,9.8089,0
5720,2118,9.8282,0
5721,2119,10.4244,1
5722,2120,11.2296,1
5723,2121,10.5086,1
5724,2122,11.0401,1
5725,2123,10.5346,1
5726,2124,11.5359,1
5727,2125,10.7499,1
5728,2126,10.2668,1
5729,2127,9.895,0
5730,2128,9.9469,0
5731,2129,9.6783,0
5732,2130,9.7164,0
5733,2131,10.3178,1
5734,2132,10.848,1
5735,2133,10.3589,1
5736,2134,10.0418,1
5737,2135,12.2407,1
5738,2136,11.1771,1
5739,2137,10.6417,1
5740,2138,10.8235,1
5741,2139,10.0627,1
5742,2140,10.6124,1
5743,2141,10.6484,1
5744,2142,9.7626,0
5745,2143,10.2752,1
5746,2144,11.478,1
5747,2145,10.4952,1
5748,2146,9.8565,0
5749,2147,9.4767,0
5750,2148,9.6212,0
5751,2149,9.481,0
5752,2150,9.3966,0
5753,2151,9.8081,0
5754,2152,9.6394,0
5755,2153,9.6175,0
5756,2154,9.7667,0
5757,2155,9.657,0
5758,2156,10.7305,1
5759,2157,10.6665,1
5760,2158,9.8115,0
5761,2159,9.707,0
5762,2160,9.8841,0
5763,2161,9.7319,0
5764,2162,9.6725,0
5765,2163,9.7776,0
5766,2164,9.8436,0
5767,2165,9.7126,0
5768,2166,9.7869,0
5769,2167,9.8733,0
5770,2168,10.1383,1
5771,2169,11.241,1
5772,2170,10.7799,1
5773,2171,9.909,0
5774,2172,9.7209,0
5775,2173,11.633,1
5776,2174,10.5409,1
5777,2175,9.7886,0
5778,2176,9.8979,0
5779,2177,9.7212,0
5780,2178,9.9009,0
5781,2179,9.8374,0
5782,2180,9.7322,0
5783,2181,11.0607,1
5784,2182,10.5412,1
5785,2183,9.8728,0
5786,2184,9.7768,0
5787,2185,9.6993,0
5788,2186,9.7254,0
5789,2187,9.8348,0
5790,2188,9.7359,0
5791,2189,9.7461,0
5792,2190,10.2168,1
5793,2191,10.1128,1
5794,2192,10.1805,1
5795,2193,10.5457,1
5796,2194,10.9645,1
5797,2195,10.3438,1
5798,2196,10.56,1
5799,2197,10.0049,1
5800,2198,11.9728,1
5801,2199,10.4097,1
5802,2200,10.2554,1
5803,2201,10.6125,1
5804,2202,10.3734,1
5805,2203,10.2141,1
5806,2204,9.8266,0
5807,2205,10.6289,1
5808,2206,10.9474,1
5809,2207,10.1909,1
5810,2208,9.8935,0
5811,2209,9.8542,0
5812,2210,10.3425,1
5813,2211,10.1288,1
5814,2212,9.5265,0
5815,2213,10.3931,1
5816,2214,9.3921,0
5817,2215,9.3868,0
5818,2216,9.7832,0
5819,2217,9.5864,0
5820,2218,11.0786,1
5821,2219,11.069,1
5822,2220,10.8375,1
5823,2221,10.727,1
5824,2222,10.3347,1
5825,2223,10.0928,1
5826,2224,9.7265,0
5827,2225,10.4513,1
5828,2226,10.7447,1
5829,2227,10.2265,1
5830,2228,10.0584,1
5831,2229,9.9381,0
5832,2230,9.7092,0
5833,2231,9.5742,0
5834,2232,9.4578,0
5835,2233,9.4282,0
5836,2234,10.1818,1
5837,2235,10.5774,1
5838,2236,10.6167,1
5839,2237,10.2311,1
5840,2238,11.5592,1
5841,2239,10.826,1
5842,2240,12.2682,1
5843,2241,11.1304,1
5844,2242,10.1891,1
5845,2243,9.924,0
5846,2244,9.7469,0
5847,2245,9.8967,0
5848,2246,9.7496,0
5849,2247,9.7537,0
5850,2248,10.814,1
5851,2249,10.2156,1
5852,2250,10.6262,1
5853,2251,10.7759,1
5854,2252,10.7952,1
5855,2253,11.0937,1
5856,2254,10.2866,1
5857,2255,9.7903,0
5858,2256,9.7524,0
5859,2257,9.8472,0
5860,2258,9.7591,0
5861,2259,9.7271,0
5862,2260,10.0643,1
5863,2261,9.8212,0
5864,2262,10.2264,1
5865,2263,10.2642,1
5866,2264,10.9834,1
5867,2265,10.2235,1
5868,2266,9.8704,0
5869,2267,9.743,0
5870,2268,10.3203,1
5871,2269,10.2324,1
5872,2270,9.9971,0
5873,2271,9.7547,0
5874,2272,10.7291,1
5875,2273,9.9223,0
5876,2274,10.5715,1
5877,2275,11.1275,1
5878,2276,10.0769,1
5879,2277,9.7843,0
5880,2278,9.7954,0
5881,2279,9.7554,0
5882,2280,9.971,0
5883,2281,9.8862,0
5884,2282,9.9944,0
5885,2283,9.7694,0
5886,2284,9.9204,0
5887,2285,10.4643,1
5888,2286,10.912,1
5889,2287,10.1726,1
5890,2288,10.0815,1
5891,2289,9.6422,0
5892,2290,9.9259,0
5893,2291,9.8115,0
5894,2292,9.7162,0
5895,2293,9.7888,0
5896,2294,9.6371,0
5897,2295,9.6668,0
5898,2296,10.2991,1
5899,2297,11.1592,1
5900,2298,10.1257,1
5901,2299,10.1981,1
5902,2300,9.8162,0
5903,2301,9.777,0
5904,2302,9.6927,0
5905,2303,9.6478,0
5906,2304,10.2144,1
5907,2305,12.2444,1
5908,2306,10.5503,1
5909,2307,12.1307,1
5910,2308,10.8039,1
5911,2309,10.1019,1
5912,2310,9.9846,0
5913,2311,9.7954,0
5914,2312,9.7298,0
5915,2313,9.8066,0
5916,2314,9.7259,0
5917,2315,9.6878,0
5918,2316,10.3577,1
5919,2317,10.0079,1
5920,2318,11.365,1
5921,2319,10.8472,1
5922,2320,10.0181,1
5923,2321,9.744,0
5924,2322,9.8606,0
5925,2323,9.761,0
5926,2324,9.7914,0
5927,2325,9.9166,0
5928,2326,9.8802,0
5929,2327,10.1766,1
5930,2328,10.5825,1
5931,2329,11.2735,1
5932,2330,10.6214,1
5933,2331,9.9449,0
5934,2332,9.664,0
5935,2333,9.6958,0
5936,2334,9.7579,0
5937,2335,9.7407,0
5938,2336,9.6912,0
5939,2337,9.7774,0
5940,2338,9.818,0
5941,2339,9.9841,0
5942,2340,11.5674,1
5943,2341,14.753,1
5944,2342,11.3635,1
5945,2343,10.7392,1
5946,2344,10.2766,1
5947,2345,10.4585,1
5948,2346,10.5327,1
5949,2347,10.801,1
5950,2348,10.4652,1
5951,2349,10.0568,1
5952,2350,10.1253,1
5953,2351,10.5447,1
5954,2352,9.9558,0
5955,2353,9.8506,0
5956,2354,9.8729,0
5957,2355,9.7165,0
5958,2356,9.8266,0
5959,2357,10.0375,1
5960,2358,10.9264,1
5961,2359,10.0104,1
5962,2360,10.6877,1
5963,2361,11.0806,1
5964,2362,10.1768,1
5965,2363,9.8718,0
5966,2364,9.7349,0
5967,2365,9.6798,0
5968,2366,9.9882,0
5969,2367,9.8481,0
5970,2368,9.6994,0
5971,2369,9.8236,0
5972,2370,9.7765,0
5973,2371,10.3482,1
5974,2372,11.1878,1
5975,2373,10.4815,1
5976,2374,10.0403,1
5977,2375,9.8599,0
5978,2376,9.6774,0
5979,2377,10.3938,1
5980,2378,9.9618,0
5981,2379,9.7853,0
5982,2380,9.6636,0
5983,2381,9.9204,0
5984,2382,10.2342,1
5985,2383,11.0318,1
5986,2384,10.2225,1
5987,2385,9.7976,0
5988,2386,10.6934,1
5989,2387,11.3125,1
5990,2388,10.2402,1
5991,2389,10.2338,1
5992,2390,9.9793,0
5993,2391,9.7961,0
5994,2392,9.8423,0
5995,2393,10.1526,1
5996,2394,10.0889,1
5997,2395,11.343,1
5998,2396,10.2956,1
5999,2397,10.1028,1
6000,2398,10.0295,1
6001,2399,10.0664,1
6002,2400,9.7829,0
6003,2401,10.1188,1
6004,2402,10.1716,1
6005,2403,9.7546,0
6006,2404,10.4747,1
6007,2405,10.4295,1
6008,2406,10.6847,1
6009,2407,10.8676,1
6010,2408,10.5908,1
6011,2409,9.8555,0
6012,2410,11.1261,1
6013,2411,10.8951,1
6014,2412,9.9873,0
6015,2413,9.88,0
6016,2414,9.7952,0
6017,2415,9.7217,0
6018,2416,9.9556,0
6019,2417,10.059,1
6020,2418,11.1921,1
6021,2419,11.2068,1
6022,2420,10.7053,1
6023,2421,9.9786,0
6024,2422,9.9187,0
6025,2423,9.7709,0
6026,2424,9.8977,0
6027,2425,9.8475,0
6028,2426,9.8687,0
6029,2427,9.7251,0
6030,2428,9.7834,0
6031,2429,9.6274,0
6032,2430,9.6657,0
6033,2431,9.9366,0
6034,2432,10.9373,1
6035,2433,10.4934,1
6036,2434,9.9165,0
6037,2435,9.6466,0
6038,2436,9.7475,0
6039,2437,9.8127,0
6040,2438,10.6822,1
6041,2439,10.5172,1
6042,2440,9.7947,0
6043,2441,10.272,1
6044,2442,9.6395,0
6045,2443,9.5297,0
6046,2444,10.7975,1
6047,2445,11.0152,1
6048,2446,9.8849,0
6049,2447,9.8747,0
6050,2448,9.8191,0
6051,2449,9.681,0
6052,2450,9.916,0
6053,2451,9.4524,0
6054,2452,10.4004,1
6055,2453,9.3563,0
6056,2454,9.3943,0
6057,2455,9.541,0
6058,2456,9.5837,0
6059,2457,10.8438,1
6060,2458,10.2427,1
6061,2459,9.6383,0
6062,2460,9.4996,0
6063,2461,9.7905,0
6064,2462,9.6651,0
6065,2463,9.6883,0
6066,2464,9.9558,0
6067,2465,10.7849,1
6068,2466,9.9273,0
6069,2467,9.7578,0
6070,2468,9.6158,0
6071,2469,10.4513,1
6072,2470,11.6484,1
6073,2471,10.8139,1
6074,2472,10.8435,1
6075,2473,11.2194,1
6076,2474,10.427,1
6077,2475,9.985,0
6078,2476,10.2796,1
6079,2477,10.7858,1
6080,2478,10.3767,1
6081,2479,10.0204,1
6082,2480,10.0544,1
6083,2481,10.0945,1
6084,2482,9.8273,0
6085,2483,9.7537,0
6086,2484,10.281,1
6087,2485,9.7744,0
6088,2486,9.7541,0
6089,2487,10.0795,1
6090,2488,9.9234,0
6091,2489,10.1318,1
6092,2490,10.1773,1
6093,2491,10.6158,1
6094,2492,10.826,1
6095,2493,10.9082,1
6096,2494,9.8396,0
6097,2495,9.6384,0
6098,2496,10.4184,1
6099,2497,9.916,0
6100,2498,9.9192,0
6101,2499,9.8948,0
6102,2500,9.7314,0
6103,2501,10.1954,1
6104,2502,10.3945,1
6105,2503,9.8861,0
6106,2504,10.628,1
6107,2505,10.9146,1
6108,2506,9.9852,0
6109,2507,9.6721,0
6110,2508,9.7309,0
6111,2509,9.7154,0
6112,2510,10.0649,1
6113,2511,9.8922,0
6114,2512,9.9187,0
6115,2513,9.7002,0
6116,2514,9.7937,0
6117,2515,9.7427,0
6118,2516,9.6503,0
6119,2517,11.1086,1
6120,2518,10.8211,1
6121,2519,12.2062,1
6122,2520,10.3519,1
6123,2521,10.2511,1
6124,2522,10.7595,1
6125,2523,9.8303,0
6126,2524,10.0354,1
6127,2525,9.7998,0
6128,2526,9.8116,0
6129,2527,9.8151,0
6130,2528,9.8009,0
6131,2529,10.9303,1
6132,2530,10.3515,1
6133,2531,9.8362,0
6134,2532,9.6475,0
6135,2533,9.5713,0
6136,2534,9.767,0
6137,2535,10.2645,1
6138,2536,10.0869,1
6139,2537,9.8677,0
6140,2538,10.1833,1
6141,2539,9.7706,0
6142,2540,10.3664,1
6143,2541,10.4354,1
6144,2542,10.9402,1
6145,2543,10.1291,1
6146,2544,9.7015,0
6147,2545,9.6456,0
6148,2546,10.0166,1
6149,2547,9.9836,0
6150,2548,9.6938,0
6151,2549,9.8766,0
6152,2550,9.6966,0
6153,2551,9.7743,0
6154,2552,9.9117,0
6155,2553,9.7828,0
6156,2554,11.2599,1
6157,2555,10.896,1
6158,2556,9.927,0
6159,2557,9.8886,0
6160,2558,9.8574,0
6161,2559,9.753,0
6162,2560,9.7447,0
6163,2561,9.8854,0
6164,2562,10.2468,1
6165,2563,9.8183,0
6166,2564,9.9276,0
6167,2565,11.712,1
6168,2566,10.5824,1
6169,2567,10.3541,1
6170,2568,10.2116,1
6171,2569,9.7272,0
6172,2570,9.8591,0
6173,2571,10.2943,1
6174,2572,10.9654,1
6175,2573,10.7584,1
6176,2574,10.5289,1
6177,2575,9.7453,0
6178,2576,9.8409,0
6179,2577,11.1849,1
6180,2578,10.3787,1
6181,2579,9.866,0
6182,2580,9.7216,0
6183,2581,9.7731,0
6184,2582,9.7959,0
6185,2583,10.1637,1
6186,2584,9.6905,0
6187,2585,9.7331,0
6188,2586,10.4678,1
6189,2587,10.9212,1
6190,2588,11.2227,1
6191,2589,10.2214,1
6192,2590,9.8707,0
6193,2591,9.7245,0
6194,2592,9.8078,0
6195,2593,9.6878,0
6196,2594,9.9016,0
6197,2595,10.1624,1
6198,2596,9.7683,0
6199,2597,9.9283,0
6200,2598,9.9112,0
6201,2599,12.6764,1
6202,2600,11.4197,1
6203,2601,11.783,1
6204,2602,10.7239,1
6205,2603,10.2393,1
6206,2604,10.0013,1
6207,2605,9.9183,0
6208,2606,9.7311,0
6209,2607,10.2558,1
6210,2608,10.3439,1
6211,2609,11.0684,1
6212,2610,10.1991,1
6213,2611,10.1031,1
6214,2612,10.1623,1
6215,2613,9.9152,0
6216,2614,9.8364,0
6217,2615,9.7145,0
6218,2616,9.6742,0
6219,2617,9.8134,0
6220,2618,10.2425,1
6221,2619,9.8862,0
6222,2620,10.542,1
6223,2621,10.9651,1
6224,2622,9.9005,0
6225,2623,11.0555,1
6226,2624,11.9004,1
6227,2625,10.8287,1
6228,2626,10.0824,1
6229,2627,11.3531,1
6230,2628,10.3711,1
6231,2629,9.7071,0
6232,2630,12.2048,1
6233,2631,10.6852,1
6234,2632,9.884,0
6235,2633,10.7517,1
6236,2634,10.8312,1
6237,2635,9.8555,0
6238,2636,9.7035,0
6239,2637,10.4331,1
6240,2638,10.0594,1
6241,2639,9.9289,0
6242,2640,10.0593,1
6243,2641,9.9817,0
6244,2642,10.0882,1
6245,2643,10.9138,1
6246,2644,10.8642,1
6247,2645,11.3025,1
6248,2646,9.8042,0
6249,2647,9.4829,0
6250,2648,9.5825,0
6251,2649,9.5723,0
6252,2650,10.3274,1
6253,2651,10.0371,1
6254,2652,10.5136,1
6255,2653,9.3766,0
6256,2654,9.5018,0
6257,2655,10.8437,1
6258,2656,10.9277,1
6259,2657,10.0021,1
6260,2658,9.8084,0
6261,2659,9.7612,0
6262,2660,9.769,0
6263,2661,10.6819,1
6264,2662,10.2564,1
6265,2663,10.4566,1
6266,2664,9.6521,0
6267,2665,9.9217,0
6268,2666,11.2688,1
6269,2667,10.8315,1
6270,2668,10.5335,1
6271,2669,9.6127,0
6272,2670,10.1487,1
6273,2671,9.6029,0
6274,2672,9.7126,0
6275,2673,9.5881,0
6276,2674,9.5655,0
6277,2675,9.7677,0
6278,2676,10.0319,1
6279,2677,12.5341,1
6280,2678,11.5487,1
6281,2679,10.1292,1
6282,2680,10.1944,1
6283,2681,9.8601,0
6284,2682,9.9212,0
6285,2683,9.7376,0
6286,2684,9.8647,0
6287,2685,9.7716,0
6288,2686,9.6983,0
6289,2687,10.8966,1
6290,2688,11.447,1
6291,2689,9.8822,0
6292,2690,10.8252,1
6293,2691,10.6166,1
6294,2692,9.6534,0
6295,2693,10.5164,1
6296,2694,10.3532,1
6297,2695,9.6059,0
6298,2696,9.7927,0
6299,2697,9.6039,0
6300,2698,10.7325,1
6301,2699,10.6172,1
6302,2700,9.797,0
6303,2701,10.1288,1
6304,2702,10.2641,1
6305,2703,9.7438,0
6306,2704,9.6021,0
6307,2705,9.7378,0
6308,2706,9.5,0
6309,2707,9.567,0
6310,2708,9.578,0
6311,2709,11.6155,1
6312,2710,11.0964,1
6313,2711,9.9369,0
6314,2712,9.7183,0
6315,2713,10.5174,1
6316,2714,9.9693,0
6317,2715,10.7598,1
6318,2716,10.2347,1
6319,2717,9.6131,0
6320,2718,9.6259,0
6321,2719,10.4969,1
6322,2720,11.971,1
6323,2721,11.2463,1
6324,2722,11.1182,1
6325,2723,10.7543,1
6326,2724,10.2072,1
6327,2725,10.3451,1
6328,2726,9.9264,0
6329,2727,11.2202,1
6330,2728,11.1465,1
6331,2729,10.2355,1
6332,2730,10.8313,1
6333,2731,10.5811,1
6334,2732,10.3146,1
6335,2733,9.9719,0
6336,2734,9.7446,0
6337,2735,10.5781,1
6338,2736,10.345,1
6339,2737,10.0445,1
6340,2738,9.8599,0
6341,2739,12.4354,1
6342,2740,10.4025,1
6343,2741,10.4409,1
6344,2742,11.6095,1
6345,2743,10.2071,1
6346,2744,9.7424,0
6347,2745,9.8151,0
6348,2746,9.8516,0
6349,2747,9.9463,0
6350,2748,9.9911,0
6351,2749,9.7136,0
6352,2750,9.576,0
6353,2751,9.7967,0
6354,2752,11.1631,1
6355,2753,10.6633,1
6356,2754,10.9838,1
6357,2755,9.612,0
6358,2756,9.4616,0
6359,2757,9.5333,0
6360,2758,9.8277,0
6361,2759,10.4865,1
6362,2760,9.9547,0
6363,2761,9.5449,0
6364,2762,9.5157,0
6365,2763,10.3145,1
6366,2764,10.7338,1
6367,2765,9.9726,0
6368,2766,9.7992,0
6369,2767,9.7212,0
6370,2768,9.6644,0
6371,2769,9.6697,0
6372,2770,9.945,0
6373,2771,9.66,0
6374,2772,9.6181,0
6375,2773,9.485,0
6376,2774,9.6965,0
6377,2775,10.8657,1
6378,2776,10.0857,1
6379,2777,9.5468,0
6380,2778,9.8642,0
6381,2779,9.5033,0
6382,2780,9.4075,0
6383,2781,9.6289,0
6384,2782,9.6353,0
6385,2783,9.839,0
6386,2784,10.0121,1
6387,2785,10.8052,1
6388,2786,11.1535,1
6389,2787,10.5255,1
6390,2788,9.8086,0
6391,2789,9.7277,0
6392,2790,9.803,0
6393,2791,9.6697,0
6394,2792,10.137,1
6395,2793,10.0012,1
6396,2794,9.7973,0
6397,2795,10.1189,1
6398,2796,10.1008,1
6399,2797,9.7477,0
6400,2798,10.4851,1
6401,2799,10.7899,1
6402,2800,9.9775,0
6403,2801,9.8417,0
6404,2802,9.815,0
6405,2803,9.7948,0
6406,2804,9.6626,0
6407,2805,9.7541,0
6408,2806,9.6836,0
6409,2807,9.9241,0
6410,2808,9.9952,0
6411,2809,10.0711,1
6412,2810,9.7464,0
6413,2811,11.0456,1
6414,2812,10.5695,1
6415,2813,10.0411,1
6416,2814,9.8524,0
6417,2815,9.6704,0
6418,2816,9.7521,0
6419,2817,9.9865,0
6420,2818,10.3164,1
6421,2819,9.8425,0
6422,2820,10.0743,1
6423,2821,9.9303,0
6424,2822,9.7566,0
6425,2823,10.5629,1
6426,2824,11.2222,1
6427,2825,10.6304,1
6428,2826,10.3543,1
6429,2827,9.7668,0
6430,2828,9.7524,0
6431,2829,9.9507,0
6432,2830,9.8697,0
6433,2831,9.9824,0
6434,2832,9.7859,0
6435,2833,9.6595,0
6436,2834,9.7388,0
6437,2835,10.0325,1
6438,2836,11.1454,1
6439,2837,10.6152,1
6440,2838,11.2384,1
6441,2839,10.4094,1
6442,2840,10.446,1
6443,2841,10.9829,1
6444,2842,10.4707,1
6445,2843,12.0582,1
6446,2844,9.9275,0
6447,2845,9.7295,0
6448,2846,9.8837,0
6449,2847,10.1431,1
6450,2848,11.4565,1
6451,2849,11.1115,1
6452,2850,10.9666,1
6453,2851,10.736,1
6454,2852,10.3831,1
6455,2853,10.0246,1
6456,2854,10.161,1
6457,2855,10.8817,1
6458,2856,10.8929,1
6459,2857,10.3129,1
6460,2858,10.0748,1
6461,2859,10.1098,1
6462,2860,9.9975,0
6463,2861,9.8047,0
6464,2862,9.6753,0
6465,2863,9.8912,0
6466,2864,9.879,0
6467,2865,9.7613,0
6468,2866,9.7359,0
6469,2867,10.1306,1
6470,2868,9.8689,0
6471,2869,9.9504,0
6472,2870,10.56,1
6473,2871,10.9806,1
6474,2872,10.1163,1
6475,2873,9.7729,0
6476,2874,10.146,1
6477,2875,15.2193,1
6478,2876,15.766,1
6479,2877,13.9109,1
6480,2878,10.3374,1
6481,2879,10.0604,1
6482,2880,10.9204,1
6483,2881,12.0701,1
6484,2882,11.9687,1
6485,2883,10.8042,1
6486,2884,10.4228,1
6487,2885,10.7932,1
6488,2886,10.7203,1
6489,2887,10.7172,1
6490,2888,12.4201,1
6491,2889,11.0338,1
6492,2890,10.8102,1
6493,2891,11.5586,1
6494,2892,11.5233,1
6495,2893,11.0949,1
6496,2894,10.5645,1
6497,2895,10.3495,1
6498,2896,10.1863,1
6499,2897,10.0964,1
6500,2898,10.1275,1
6501,2899,10.0521,1
6502,2900,10.2889,1
6503,2901,10.8068,1
6504,2902,10.5741,1
6505,2903,11.5166,1
6506,2904,12.3842,1
6507,2905,10.7394,1
6508,2906,9.9456,0
6509,2907,9.8521,0
6510,2908,9.8251,0
6511,2909,9.798,0
6512,2910,9.8063,0
6513,2911,9.8652,0
6514,2912,9.7922,0
6515,2913,9.8936,0
6516,2914,9.8274,0
6517,2915,10.1781,1
6518,2916,10.4198,1
6519,2917,11.0534,1
6520,2918,11.213,1
6521,2919,10.5087,1
6522,2920,10.0258,1
6523,2921,9.8338,0
6524,2922,10.0303,1
6525,2923,9.7921,0
6526,2924,9.6769,0
6527,2925,9.8911,0
6528,2926,9.9665,0
6529,2927,9.8875,0
6530,2928,9.8131,0
6531,2929,11.1203,1
6532,2930,10.4928,1
6533,2931,9.9727,0
6534,2932,9.7192,0
6535,2933,10.0085,1
6536,2934,9.9073,0
6537,2935,9.7568,0
6538,2936,9.7538,0
6539,2937,9.8882,0
6540,2938,10.1016,1
6541,2939,9.6484,0
6542,2940,12.6302,1
6543,2941,10.7031,1
6544,2942,10.2958,1
6545,2943,9.9669,0
6546,2944,11.0542,1
6547,2945,9.9445,0
6548,2946,9.9706,0
6549,2947,9.859,0
6550,2948,9.9205,0
6551,2949,9.9419,0
6552,2950,10.0568,1
6553,2951,10.9981,1
6554,2952,10.3005,1
6555,2953,9.8221,0
6556,2954,9.6596,0
6557,2955,10.037,1
6558,2956,9.7551,0
6559,2957,9.7378,0
6560,2958,9.9619,0
6561,2959,9.7556,0
6562,2960,9.753,0
6563,2961,10.1636,1
6564,2962,11.1375,1
6565,2963,10.4356,1
6566,2964,9.9257,0
6567,2965,10.2474,1
6568,2966,9.9536,0
6569,2967,9.7875,0
6570,2968,9.6853,0
6571,2969,11.4299,1
6572,2970,10.5067,1
6573,2971,10.4274,1
6574,2972,11.9349,1
6575,2973,11.5238,1
6576,2974,10.8338,1
6577,2975,10.9939,1
6578,2976,10.4114,1
6579,2977,10.1097,1
6580,2978,10.2443,1
6581,2979,10.5285,1
6582,2980,10.8765,1
6583,2981,10.5022,1
6584,2982,10.1529,1
6585,2983,10.1268,1
6586,2984,10.1017,1
6587,2985,10.1533,1
6588,2986,9.8808,0
6589,2987,9.8774,0
6590,2988,9.7904,0
6591,2989,9.7744,0
6592,2990,10.4526,1
6593,2991,9.8738,0
6594,2992,10.5813,1
6595,2993,11.033,1
6596,2994,11.2532,1
6597,2995,10.2227,1
6598,2996,9.7942,0
6599,2997,9.6497,0
6600,2998,10.0965,1
6601,2999,10.644,1
6602,3000,9.7489,0
6603,3001,9.7678,0
6604,3002,9.6839,0
6605,3003,9.7435,0
6606,3004,10.6732,1
6607,3005,10.8284,1
6608,3006,9.9638,0
6609,3007,9.7891,0
6610,3008,9.6451,0
6611,3009,9.8658,0
6612,3010,9.9568,0
6613,3011,9.7329,0
6614,3012,9.9522,0
6615,3013,9.6502,0
6616,3014,11.5547,1
6617,3015,11.8002,1
6618,3016,11.2075,1
6619,3017,9.9288,0
6620,3018,9.771,0
6621,3019,9.9229,0
6622,3020,9.7297,0
6623,3021,10.0676,1
6624,3022,9.9492,0
6625,3023,9.9192,0
6626,3024,9.985,0
6627,3025,10.1489,1
6628,3026,10.7784,1
6629,3027,10.7267,1
6630,3028,10.0238,1
6631,3029,9.7662,0
6632,3030,9.7217,0
6633,3031,9.7797,0
6634,3032,9.7183,0
6635,3033,9.6746,0
6636,3034,9.7448,0
6637,3035,9.7659,0
6638,3036,9.7649,0
6639,3037,10.8223,1
6640,3038,11.0418,1
6641,3039,10.0287,1
6642,3040,9.8459,0
6643,3041,9.6428,0
6644,3042,9.6977,0
6645,3043,10.2419,1
6646,3044,10.2663,1
6647,3045,9.9023,0
6648,3046,10.3176,1
6649,3047,11.1714,1
6650,3048,11.0931,1
6651,3049,10.5637,1
6652,3050,10.0031,1
6653,3051,9.7668,0
6654,3052,9.8353,0
6655,3053,9.7388,0
6656,3054,10.1398,1
6657,3055,10.0775,1
6658,3056,9.7621,0
6659,3057,9.7016,0
6660,3058,10.7032,1
6661,3059,10.258,1
6662,3060,13.388,1
6663,3061,10.7778,1
6664,3062,9.9711,0
6665,3063,10.1992,1
6666,3064,10.5749,1
6667,3065,9.3991,0
6668,3066,10.4701,1
6669,3067,9.3562,0
6670,3068,9.4417,0
6671,3069,10.1347,1
6672,3070,9.9934,0
6673,3071,10.8145,1
6674,3072,10.8946,1
6675,3073,11.1445,1
6676,3074,10.128,1
6677,3075,10.0197,1
6678,3076,9.8617,0
6679,3077,10.169,1
6680,3078,10.1737,1
6681,3079,10.0291,1
6682,3080,10.3128,1
6683,3081,10.1422,1
6684,3082,9.8821,0
6685,3083,9.9159,0
6686,3084,11.1379,1
6687,3085,12.1412,1
6688,3086,10.9608,1
6689,3087,9.781,0
6690,3088,9.6691,0
6691,3089,9.982,0
6692,3090,9.8341,0
6693,3091,10.0236,1
6694,3092,10.1153,1
6695,3093,10.4918,1
6696,3094,9.8147,0
6697,3095,9.8835,0
6698,3096,9.6998,0
6699,3097,10.9367,1
6700,3098,13.2306,1
6701,3099,12.1322,1
6702,3100,11.1366,1
6703,3101,10.6542,1
6704,3102,10.3876,1
6705,3103,10.8661,1
6706,3104,10.8944,1
6707,3105,10.4759,1
6708,3106,10.2548,1
6709,3107,10.607,1
6710,3108,10.1941,1
6711,3109,10.0149,1
6712,3110,11.0679,1
6713,3111,10.1425,1
6714,3112,9.9701,0
6715,3113,9.8112,0
6716,3114,9.7082,0
6717,3115,9.6343,0
6718,3116,9.678,0
6719,3117,10.0223,1
6720,3118,10.8443,1
6721,3119,11.2251,1
6722,3120,10.623,1
6723,3121,10.1428,1
6724,3122,11.0109,1
6725,3123,10.2321,1
6726,3124,11.1649,1
6727,3125,9.5306,0
6728,3126,9.469,0
6729,3127,9.6278,0
6730,3128,10.6457,1
6731,3129,12.1325,1
6732,3130,10.174,1
6733,3131,9.7419,0
6734,3132,9.5402,0
6735,3133,9.6298,0
6736,3134,10.1714,1
6737,3135,12.7814,1
6738,3136,10.7041,1
6739,3137,10.3765,1
6740,3138,10.5004,1
6741,3139,10.6253,1
6742,3140,10.2248,1
6743,3141,10.1541,1
6744,3142,9.5435,0
6745,3143,10.0511,1
6746,3144,10.0335,1
6747,3145,10.9805,1
6748,3146,10.0889,1
6749,3147,10.1003,1
6750,3148,11.9634,1
6751,3149,11.0032,1
6752,3150,11.1667,1
6753,3151,11.6932,1
6754,3152,10.3819,1
6755,3153,10.7417,1
6756,3154,11.747,1
6757,3155,10.4267,1
6758,3156,9.8544,0
6759,3157,9.4431,0
6760,3158,10.0911,1
6761,3159,10.7228,1
6762,3160,10.7875,1
6763,3161,10.1782,1
6764,3162,9.6329,0
6765,3163,9.7832,0
6766,3164,9.7466,0
6767,3165,9.9997,0
6768,3166,10.0829,1
6769,3167,10.1647,1
6770,3168,9.6306,0
6771,3169,9.6357,0
6772,3170,9.9457,0
6773,3171,10.9575,1
6774,3172,10.2284,1
6775,3173,10.1428,1
6776,3174,9.8572,0
6777,3175,9.9985,0
6778,3176,9.8901,0
6779,3177,9.9655,0
6780,3178,9.8766,0
6781,3179,9.9403,0
6782,3180,9.9255,0
6783,3181,10.089,1
6784,3182,11.8185,1
6785,3183,10.8046,1
6786,3184,10.1475,1
6787,3185,10.046,1
6788,3186,9.8645,0
6789,3187,10.0982,1
6790,3188,9.6749,0
6791,3189,10.3336,1
6792,3190,9.909,0
6793,3191,10.1799,1
6794,3192,10.3708,1
6795,3193,11.2817,1
6796,3194,11.6041,1
6797,3195,10.0412,1
6798,3196,9.8596,0
6799,3197,10.0897,1
6800,3198,9.9529,0
6801,3199,9.8306,0
6802,3200,10.0375,1
6803,3201,9.9875,0
6804,3202,9.9531,0
6805,3203,11.662,1
6806,3204,11.5247,1
6807,3205,10.3462,1
6808,3206,9.9688,0
6809,3207,9.9566,0
6810,3208,10.003,1
6811,3209,10.077,1
6812,3210,10.1819,1
6813,3211,10.1249,1
6814,3212,9.8478,0
6815,3213,9.8579,0
6816,3214,11.6947,1
6817,3215,12.235,1
6818,3216,11.3098,1
6819,3217,11.4651,1
6820,3218,11.1884,1
6821,3219,10.3397,1
6822,3220,10.346,1
6823,3221,10.0701,1
6824,3222,10.5515,1
6825,3223,10.5678,1
6826,3224,10.3409,1
6827,3225,10.2064,1
6828,3226,10.2717,1
6829,3227,10.1127,1
6830,3228,10.1898,1
6831,3229,10.1499,1
6832,3230,9.9676,0
6833,3231,9.9201,0
6834,3232,9.9252,0
6835,3233,9.8142,0
6836,3234,9.9993,0
6837,3235,9.9572,0
6838,3236,10.3804,1
6839,3237,11.5788,1
6840,3238,11.003,1
6841,3239,10.7592,1
6842,3240,10.0365,1
6843,3241,9.9483,0
6844,3242,9.8842,0
6845,3243,9.9682,0
6846,3244,9.9722,0
6847,3245,9.9257,0
6848,3246,10.0082,1
6849,3247,9.9343,0
6850,3248,9.875,0
6851,3249,11.5041,1
6852,3250,11.0399,1
6853,3251,10.0955,1
6854,3252,9.9407,0
6855,3253,10.7605,1
6856,3254,9.8859,0
6857,3255,11.9846,1
6858,3256,11.3405,1
6859,3257,10.3449,1
6860,3258,10.3335,1
6861,3259,11.898,1
6862,3260,10.75,1
6863,3261,11.1117,1
6864,3262,10.5385,1
6865,3263,11.6267,1
6866,3264,11.4476,1
6867,3265,10.4257,1
6868,3266,9.6405,0
6869,3267,9.6092,0
6870,3268,9.8165,0
6871,3269,9.712,0
6872,3270,9.7052,0
6873,3271,9.8278,0
6874,3272,10.273,1
6875,3273,12.4335,1
6876,3274,11.222,1
6877,3275,9.9708,0
6878,3276,9.6786,0
6879,3277,9.9052,0
6880,3278,10.0065,1
6881,3279,9.9137,0
6882,3280,9.8998,0
6883,3281,9.6737,0
6884,3282,9.7908,0
6885,3283,10.198,1
6886,3284,11.0356,1
6887,3285,10.1622,1
6888,3286,9.9657,0
6889,3287,9.7839,0
6890,3288,9.8214,0
6891,3289,9.8613,0
6892,3290,9.755,0
6893,3291,10.1679,1
6894,3292,9.8748,0
6895,3293,9.9987,0
6896,3294,10.3195,1
6897,3295,11.2538,1
6898,3296,10.36,1
6899,3297,9.8555,0
6900,3298,9.9186,0
6901,3299,9.8054,0
6902,3300,9.7222,0
6903,3301,9.8649,0
6904,3302,9.6436,0
6905,3303,9.677,0
6906,3304,9.8217,0
6907,3305,10.5019,1
6908,3306,11.0034,1
6909,3307,11.1882,1
6910,3308,10.5568,1
6911,3309,10.0128,1
6912,3310,10.7051,1
6913,3311,10.1752,1
6914,3312,9.7954,0
6915,3313,10.1769,1
6916,3314,9.6984,0
6917,3315,9.7372,0
6918,3316,10.9101,1
6919,3317,10.6693,1
6920,3318,9.9512,0
6921,3319,9.9565,0
6922,3320,10.3127,1
6923,3321,9.8673,0
6924,3322,9.9245,0
6925,3323,9.6698,0
6926,3324,9.7221,0
6927,3325,10.0703,1
6928,3326,10.0067,1
6929,3327,10.7638,1
6930,3328,10.9189,1
6931,3329,10.2273,1
6932,3330,10.1631,1
6933,3331,9.9623,0
6934,3332,9.8164,0
6935,3333,10.2906,1
6936,3334,10.0018,1
6937,3335,9.7792,0
6938,3336,9.836,0
6939,3337,9.7432,0
6940,3338,10.9599,1
6941,3339,11.1697,1
6942,3340,10.9451,1
6943,3341,11.4599,1
6944,3342,10.8558,1
6945,3343,10.1979,1
6946,3344,11.026,1
6947,3345,10.1274,1
6948,3346,10.3831,1
6949,3347,10.4248,1
6950,3348,10.1424,1
6951,3349,9.9148,0
6952,3350,10.0331,1
6953,3351,9.9423,0
6954,3352,9.68,0
6955,3353,10.8392,1
6956,3354,10.2238,1
6957,3355,9.7556,0
6958,3356,9.8656,0
6959,3357,9.9014,0
6960,3358,11.0131,1
6961,3359,10.8432,1
6962,3360,11.5276,1
6963,3361,11.0972,1
6964,3362,12.2186,1
6965,3363,10.0715,1
6966,3364,9.6601,0
6967,3365,9.8229,0
6968,3366,10.0121,1
6969,3367,9.7098,0
6970,3368,10.3791,1
6971,3369,10.022,1
6972,3370,9.759,0
6973,3371,10.8681,1
6974,3372,12.7786,1
6975,3373,10.0574,1
6976,3374,9.9158,0
6977,3375,9.7367,0
6978,3376,9.6899,0
6979,3377,10.1994,1
6980,3378,10.2998,1
6981,3379,10.0921,1
6982,3380,10.2568,1
6983,3381,9.8862,0
6984,3382,11.5042,1
6985,3383,10.7618,1
6986,3384,10.4938,1
6987,3385,10.5537,1
6988,3386,10.0433,1
6989,3387,9.7314,0
6990,3388,9.8343,0
6991,3389,9.9571,0
6992,3390,9.8192,0
6993,3391,9.8557,0
6994,3392,10.432,1
6995,3393,11.1516,1
6996,3394,10.4237,1
6997,3395,9.8751,0
6998,3396,9.5092,0
6999,3397,10.2229,1
7000,3398,10.2378,1
7001,3399,10.9274,1
7002,3400,10.3805,1
7003,3401,9.8289,0
7004,3402,9.7641,0
7005,3403,10.9083,1
7006,3404,11.0451,1
7007,3405,10.1421,1
7008,3406,10.8481,1
7009,3407,10.0305,1
7010,3408,9.8643,0
7011,3409,9.8362,0
7012,3410,9.8242,0
7013,3411,9.8911,0
7014,3412,10.6992,1
7015,3413,10.4172,1
7016,3414,11.3267,1
7017,3415,11.6233,1
7018,3416,10.5592,1
7019,3417,9.715,0
7020,3418,11.0966,1
7021,3419,9.9804,0
7022,3420,9.7928,0
7023,3421,9.7906,0
7024,3422,10.2213,1
7025,3423,10.0713,1
7026,3424,11.044,1
7027,3425,10.9189,1
7028,3426,10.0323,1
7029,3427,9.9054,0
7030,3428,9.7452,0
7031,3429,9.8389,0
7032,3430,9.738,0
7033,3431,9.7242,0
7034,3432,9.7712,0
7035,3433,9.7967,0
7036,3434,9.7394,0
7037,3435,11.3956,1
7038,3436,10.8291,1
7039,3437,10.0317,1
7040,3438,9.9564,0
7041,3439,9.7621,0
7042,3440,9.7562,0
7043,3441,9.823,0
7044,3442,9.7644,0
7045,3443,10.6121,1
7046,3444,10.5379,1
7047,3445,10.431,1
7048,3446,11.2686,1
7049,3447,10.5053,1
7050,3448,9.9101,0
7051,3449,9.7282,0
7052,3450,10.76,1
7053,3451,10.0517,1
7054,3452,9.8065,0
7055,3453,9.8197,0
7056,3454,9.8569,0
7057,3455,9.8083,0
7058,3456,10.5348,1
7059,3457,12.1183,1
7060,3458,11.2891,1
7061,3459,11.2982,1
7062,3460,10.7813,1
7063,3461,10.2925,1
7064,3462,9.7241,0
7065,3463,10.111,1
7066,3464,10.6753,1
7067,3465,11.1344,1
7068,3466,10.5434,1
7069,3467,10.4505,1
7070,3468,13.0464,1
7071,3469,10.487,1
7072,3470,10.1289,1
7073,3471,10.092,1
7074,3472,9.8254,0
7075,3473,9.8233,0
7076,3474,10.2317,1
7077,3475,10.8993,1
7078,3476,10.1048,1
7079,3477,10.8619,1
7080,3478,11.0158,1
7081,3479,10.0975,1
7082,3480,10.4525,1
7083,3481,10.0349,1
7084,3482,9.738,0
7085,3483,9.7422,0
7086,3484,9.7725,0
7087,3485,9.6776,0
7088,3486,10.427,1
7089,3487,9.8699,0
7090,3488,10.2276,1
7091,3489,10.0153,1
7092,3490,11.2019,1
7093,3491,10.5967,1
7094,3492,11.4723,1
7095,3493,10.2616,1
7096,3494,11.2324,1
7097,3495,10.479,1
7098,3496,10.3287,1
7099,3497,9.6734,0
7100,3498,9.9401,0
7101,3499,9.8942,0
7102,3500,10.842,1
7103,3501,11.6169,1
7104,3502,10.7562,1
7105,3503,10.9954,1
7106,3504,10.9707,1
7107,3505,9.7435,0
7108,3506,9.9345,0
7109,3507,10.3978,1
7110,3508,9.7246,0
7111,3509,9.9838,0
7112,3510,9.9681,0
7113,3511,9.8164,0
7114,3512,10.6457,1
7115,3513,11.0017,1
7116,3514,10.9298,1
7117,3515,10.4608,1
7118,3516,10.0842,1
7119,3517,10.6715,1
7120,3518,10.1335,1
7121,3519,9.9233,0
7122,3520,9.8921,0
7123,3521,10.2386,1
7124,3522,10.831,1
7125,3523,9.5237,0
7126,3524,11.1722,1
7127,3525,10.7779,1
7128,3526,9.8842,0
7129,3527,10.405,1
7130,3528,10.1259,1
7131,3529,9.5918,0
7132,3530,9.6434,0
7133,3531,9.7223,0
7134,3532,9.737,0
7135,3533,9.8996,0
7136,3534,9.8787,0
7137,3535,10.9185,1
7138,3536,10.3372,1
7139,3537,9.7627,0
7140,3538,9.4126,0
7141,3539,9.8499,0
7142,3540,9.7463,0
7143,3541,9.5158,0
7144,3542,9.4702,0
7145,3543,10.2264,1
7146,3544,10.2852,1
7147,3545,9.7157,0
7148,3546,9.782,0
7149,3547,9.8868,0
7150,3548,10.9659,1
7151,3549,10.834,1
7152,3550,10.1802,1
7153,3551,9.8417,0
7154,3552,10.064,1
7155,3553,9.8769,0
7156,3554,10.185,1
7157,3555,10.0389,1
7158,3556,9.7316,0
7159,3557,9.6491,0
7160,3558,9.7653,0
7161,3559,9.6701,0
7162,3560,10.8796,1
7163,3561,11.2051,1
7164,3562,9.9498,0
7165,3563,10.0793,1
7166,3564,10.0318,1
7167,3565,9.5548,0
7168,3566,9.8537,0
7169,3567,9.8423,0
7170,3568,9.6388,0
7171,3569,11.0671,1
7172,3570,9.586,0
7173,3571,11.0839,1
7174,3572,10.628,1
7175,3573,11.2574,1
7176,3574,10.5068,1
7177,3575,9.9786,0
7178,3576,9.7867,0
7179,3577,9.685,0
7180,3578,9.7255,0
7181,3579,9.7157,0
7182,3580,9.614,0
7183,3581,9.5551,0
7184,3582,9.7271,0
7185,3583,9.5797,0
7186,3584,9.5645,0
7187,3585,12.5351,1
7188,3586,13.1794,1
7189,3587,11.5048,1
7190,3588,10.8932,1
7191,3589,10.5807,1
7192,3590,10.2603,1
7193,3591,10.1176,1
7194,3592,10.5557,1
7195,3593,11.2624,1
7196,3594,10.3953,1
7197,3595,10.1902,1
7198,3596,10.2659,1
7199,3597,9.8029,0
7200,3598,11.1281,1
7201,3599,10.76,1
7202,3600,10.2342,1
7203,3601,10.6138,1
7204,3602,9.8014,0
7205,1,9.6684,0
7206,2,9.8434,0
7207,3,9.9581,0
7208,4,11.1334,1
7209,5,10.7524,1
7210,6,10.2227,1
7211,7,9.8596,0
7212,8,9.8631,0
7213,9,9.7341,0
7214,10,9.7985,0
7215,11,9.8946,0
7216,12,9.7609,0
7217,13,10.0081,1
7218,14,10.1826,1
7219,15,11.3153,1
7220,16,10.5667,1
7221,17,10.3401,1
7222,18,10.16,1
7223,19,9.9688,0
7224,20,9.8514,0
7225,21,10.1825,1
7226,22,10.1995,1
7227,23,9.9696,0
7228,24,9.8515,0
7229,25,10.5023,1
7230,26,11.1056,1
7231,27,10.0336,1
7232,28,9.97,0
7233,29,10.1359,1
7234,30,9.7656,0
7235,31,10.2307,1
7236,32,10.03,1
7237,33,10.611,1
7238,34,9.7989,0
7239,35,9.8042,0
7240,36,10.7096,1
7241,37,10.7002,1
7242,38,10.1011,1
7243,39,9.9881,0
7244,40,9.8278,0
7245,41,9.7844,0
7246,42,9.6396,0
7247,43,9.7158,0
7248,44,10.1416,1
7249,45,9.9855,0
7250,46,9.7574,0
7251,47,10.8081,1
7252,48,11.8953,1
7253,49,10.5267,1
7254,50,10.3838,1
7255,51,9.8487,0
7256,52,9.7214,0
7257,53,9.775,0
7258,54,9.7873,0
7259,55,10.0191,1
7260,56,9.886,0
7261,57,9.7603,0
7262,58,11.0387,1
7263,59,10.7646,1
7264,60,10.0777,1
7265,61,11.5102,1
7266,62,10.0689,1
7267,63,9.6943,0
7268,64,9.5281,0
7269,65,9.3945,0
7270,66,9.3431,0
7271,67,9.9287,0
7272,68,10.9507,1
7273,69,11.1813,1
7274,70,10.5981,1
7275,71,9.9326,0
7276,72,9.7675,0
7277,73,10.2385,1
7278,74,11.2064,1
7279,75,10.0614,1
7280,76,9.9341,0
7281,77,9.8255,0
7282,78,9.7667,0
7283,79,10.5863,1
7284,80,10.9408,1
7285,81,10.0331,1
7286,82,10.3498,1
7287,83,10.0234,1
7288,84,9.9295,0
7289,85,10.2193,1
7290,86,9.8379,0
7291,87,9.9087,0
7292,88,9.9296,0
7293,89,9.7391,0
7294,90,10.678,1
7295,91,11.1255,1
7296,92,10.0558,1
7297,93,10.5891,1
7298,94,10.3714,1
7299,95,9.8319,0
7300,96,12.0984,1
7301,97,10.526,1
7302,98,9.9368,0
7303,99,9.7791,0
7304,100,9.6697,0
7305,101,11.3498,1
7306,102,11.2939,1
7307,103,10.9144,1
7308,104,10.7761,1
7309,105,10.5236,1
7310,106,10.9936,1
7311,107,10.5676,1
7312,108,11.432,1
7313,109,10.5069,1
7314,110,9.7578,0
7315,111,10.478,1
7316,112,10.2418,1
7317,113,9.8059,0
7318,114,10.1591,1
7319,115,9.4995,0
7320,116,9.4332,0
7321,117,9.4719,0
7322,118,9.3321,0
7323,119,10.0904,1
7324,120,10.7481,1
7325,121,10.2343,1
7326,122,11.0586,1
7327,123,11.3633,1
7328,124,10.1946,1
7329,125,10.2825,1
7330,126,11.4418,1
7331,127,9.955,0
7332,128,9.9296,0
7333,129,10.014,1
7334,130,9.7174,0
7335,131,10.3346,1
7336,132,10.3964,1
7337,133,13.3841,1
7338,134,10.7041,1
7339,135,9.9405,0
7340,136,10.243,1
7341,137,10.2173,1
7342,138,10.253,1
7343,139,9.5579,0
7344,140,9.6469,0
7345,141,9.5736,0
7346,142,9.8682,0
7347,143,11.8843,1
7348,144,11.8103,1
7349,145,11.0544,1
7350,146,10.3422,1
7351,147,10.0005,1
7352,148,9.5554,0
7353,149,9.9658,0
7354,150,10.3871,1
7355,151,9.6644,0
7356,152,9.5807,0
7357,153,9.7153,0
7358,154,11.0647,1
7359,155,11.0967,1
7360,156,10.2922,1
7361,157,9.9431,0
7362,158,10.1118,1
7363,159,10.4305,1
7364,160,10.3197,1
7365,161,9.9774,0
7366,162,10.131,1
7367,163,9.4815,0
7368,164,10.0898,1
7369,165,10.7363,1
7370,166,9.9485,0
7371,167,10.1775,1
7372,168,9.76,0
7373,169,9.7194,0
7374,170,9.9146,0
7375,171,10.1651,1
7376,172,10.2964,1
7377,173,9.7674,0
7378,174,9.6893,0
7379,175,11.3153,1
7380,176,11.0547,1
7381,177,10.2816,1
7382,178,11.6671,1
7383,179,10.5005,1
7384,180,9.9909,0
7385,181,10.1963,1
7386,182,10.1948,1
7387,183,9.5523,0
7388,184,9.7006,0
7389,185,9.5818,0
7390,186,11.0481,1
7391,187,10.5433,1
7392,188,9.7528,0
7393,189,10.1793,1
7394,190,9.9064,0
7395,191,9.7141,0
7396,192,9.645,0
7397,193,9.7685,0
7398,194,9.8633,0
7399,195,10.0838,1
7400,196,9.7868,0
7401,197,11.8582,1
7402,198,10.5395,1
7403,199,9.9062,0
7404,200,9.9487,0
7405,201,9.8708,0
7406,202,9.6653,0
7407,203,9.6729,0
7408,204,9.7513,0
7409,205,9.684,0
7410,206,9.6883,0
7411,207,9.6661,0
7412,208,11.1581,1
7413,209,10.4796,1
7414,210,9.9592,0
7415,211,10.1034,1
7416,212,9.957,0
7417,213,9.905,0
7418,214,10.106,1
7419,215,9.8181,0
7420,216,9.7807,0
7421,217,9.6744,0
7422,218,9.6499,0
7423,219,11.2604,1
7424,220,11.1032,1
7425,221,13.5341,1
7426,222,10.9646,1
7427,223,10.1111,1
7428,224,10.1619,1
7429,225,10.1126,1
7430,226,10.2271,1
7431,227,10.7449,1
7432,228,10.2093,1
7433,229,10.0441,1
7434,230,10.0995,1
7435,231,9.8562,0
7436,232,10.5373,1
7437,233,10.2614,1
7438,234,9.9391,0
7439,235,9.714,0
7440,236,9.7107,0
7441,237,9.7362,0
7442,238,9.725,0
7443,239,9.76,0
7444,240,9.7903,0
7445,241,9.8791,0
7446,242,11.0949,1
7447,243,10.4836,1
7448,244,10.0346,1
7449,245,10.2512,1
7450,246,10.1019,1
7451,247,9.6697,0
7452,248,11.4404,1
7453,249,10.5416,1
7454,250,9.758,0
7455,251,9.8143,0
7456,252,9.8684,0
7457,253,9.7265,0
7458,254,10.857,1
7459,255,11.0197,1
7460,256,10.015,1
7461,257,9.8244,0
7462,258,11.6673,1
7463,259,10.8164,1
7464,260,10.2055,1
7465,261,9.8647,0
7466,262,10.2503,1
7467,263,9.8819,0
7468,264,9.6457,0
7469,265,9.6261,0
7470,266,10.5971,1
7471,267,10.8363,1
7472,268,9.9023,0
7473,269,10.7212,1
7474,270,10.1586,1
7475,271,9.9459,0
7476,272,10.2925,1
7477,273,9.7839,0
7478,274,9.7509,0
7479,275,9.8754,0
7480,276,9.7888,0
7481,277,11.3096,1
7482,278,11.0281,1
7483,279,10.0729,1
7484,280,11.1785,1
7485,281,10.3314,1
7486,282,10.0645,1
7487,283,9.795,0
7488,284,9.9163,0
7489,285,11.309,1
7490,286,10.6081,1
7491,287,10.4864,1
7492,288,11.1047,1
7493,289,10.8777,1
7494,290,10.1535,1
7495,291,9.812,0
7496,292,11.852,1
7497,293,10.1606,1
7498,294,9.8025,0
7499,295,9.9012,0
7500,296,10.7665,1
7501,297,10.1976,1
7502,298,11.2686,1
7503,299,10.6908,1
7504,300,10.1599,1
7505,301,9.965,0
7506,302,10.823,1
7507,303,11.8392,1
7508,304,10.0567,1
7509,305,9.8634,0
7510,306,9.9261,0
7511,307,9.8302,0
7512,308,10.454,1
7513,309,11.2537,1
7514,310,10.1849,1
7515,311,9.7999,0
7516,312,9.807,0
7517,313,9.7921,0
7518,314,9.7116,0
7519,315,9.9212,0
7520,316,10.033,1
7521,317,9.9041,0
7522,318,10.3984,1
7523,319,10.6223,1
7524,320,11.0676,1
7525,321,10.2883,1
7526,322,9.8445,0
7527,323,9.7111,0
7528,324,9.9238,0
7529,325,9.8452,0
7530,326,9.8399,0
7531,327,9.96,0
7532,328,9.8423,0
7533,329,9.8397,0
7534,330,11.121,1
7535,331,11.0025,1
7536,332,10.1055,1
7537,333,9.8958,0
7538,334,9.8273,0
7539,335,9.821,0
7540,336,9.9183,0
7541,337,10.8169,1
7542,338,10.0269,1
7543,339,10.8227,1
7544,340,9.8973,0
7545,341,12.3253,1
7546,342,12.3608,1
7547,343,11.3798,1
7548,344,11.4647,1
7549,345,10.5423,1
7550,346,10.4116,1
7551,347,10.1675,1
7552,348,10.6009,1
7553,349,10.9163,1
7554,350,10.2756,1
7555,351,10.1973,1
7556,352,10.217,1
7557,353,10.0408,1
7558,354,9.9447,0
7559,355,9.8763,0
7560,356,9.9706,0
7561,357,9.8257,0
7562,358,10.0365,1
7563,359,9.9727,0
7564,360,9.9664,0
7565,361,9.819,0
7566,362,11.5938,1
7567,363,11.0632,1
7568,364,10.5915,1
7569,365,10.348,1
7570,366,10.3613,1
7571,367,10.0719,1
7572,368,9.8392,0
7573,369,10.1744,1
7574,370,10.5253,1
7575,371,10.6706,1
7576,372,10.8768,1
7577,373,11.0352,1
7578,374,10.124,1
7579,375,9.8401,0
7580,376,9.8792,0
7581,377,9.7278,0
7582,378,9.948,0
7583,379,10.1482,1
7584,380,9.8871,0
7585,381,9.7675,0
7586,382,9.9504,0
7587,383,11.1774,1
7588,384,11.2294,1
7589,385,10.5381,1
7590,386,10.2551,1
7591,387,9.8553,0
7592,388,10.1623,1
7593,389,11.7617,1
7594,390,10.4032,1
7595,391,10.1204,1
7596,392,10.7993,1
7597,393,11.1749,1
7598,394,11.1315,1
7599,395,10.3463,1
7600,396,9.998,0
7601,397,9.8506,0
7602,398,9.8434,0
7603,399,10.6073,1
7604,400,9.9913,0
7605,401,10.3201,1
7606,402,9.9556,0
7607,403,9.9019,0
7608,404,10.7166,1
7609,405,11.0298,1
7610,406,10.0636,1
7611,407,9.8074,0
7612,408,10.4584,1
7613,409,9.9416,0
7614,410,9.8832,0
7615,411,9.5406,0
7616,412,9.6303,0
7617,413,10.4939,1
7618,414,14.9683,1
7619,415,11.2985,1
7620,416,10.6604,1
7621,417,10.0151,1
7622,418,9.8004,0
7623,419,9.9597,0
7624,420,9.8654,0
7625,421,9.8551,0
7626,422,9.9813,0
7627,423,9.9449,0
7628,424,10.0164,1
7629,425,10.6206,1
7630,426,11.1179,1
7631,427,10.2169,1
7632,428,10.2483,1
7633,429,9.6572,0
7634,430,10.0616,1
7635,431,9.587,0
7636,432,9.5455,0
7637,433,9.6457,0
7638,434,9.5366,0
7639,435,10.1337,1
7640,436,10.7371,1
7641,437,11.1531,1
7642,438,10.509,1
7643,439,10.0964,1
7644,440,10.0215,1
7645,441,10.0328,1
7646,442,11.0702,1
7647,443,10.558,1
7648,444,9.8567,0
7649,445,9.825,0
7650,446,9.8527,0
7651,447,11.043,1
7652,448,11.6019,1
7653,449,10.0904,1
7654,450,9.7759,0
7655,451,9.7448,0
7656,452,9.9147,0
7657,453,9.7641,0
7658,454,9.7787,0
7659,455,9.9238,0
7660,456,9.8239,0
7661,457,9.8537,0
7662,458,10.958,1
7663,459,11.1924,1
7664,460,10.7836,1
7665,461,11.882,1
7666,462,10.646,1
7667,463,10.5852,1
7668,464,10.1469,1
7669,465,10.4024,1
7670,466,11.0452,1
7671,467,10.1402,1
7672,468,9.943,0
7673,469,10.0267,1
7674,470,10.1678,1
7675,471,10,0
7676,472,9.9463,0
7677,473,9.9252,0
7678,474,9.842,0
7679,475,9.9648,0
7680,476,10.4615,1
7681,477,10.1643,1
7682,478,10.0292,1
7683,479,9.8294,0
7684,480,9.961,0
7685,481,11.2371,1
7686,482,10.8377,1
7687,483,10.048,1
7688,484,9.9118,0
7689,485,10.0599,1
7690,486,10.092,1
7691,487,10.0979,1
7692,488,10.8456,1
7693,489,10.29,1
7694,490,10.0603,1
7695,491,9.9421,0
7696,492,9.8015,0
7697,493,11.3374,1
7698,494,11.1159,1
7699,495,11.0791,1
7700,496,10.241,1
7701,497,10.1435,1
7702,498,9.8949,0
7703,499,10.3704,1
7704,500,10.386,1
7705,501,13.1596,1
7706,502,10.0068,1
7707,503,9.7678,0
7708,504,9.8238,0
7709,505,10.902,1
7710,506,10.8673,1
7711,507,10.1571,1
7712,508,9.8199,0
7713,509,9.804,0
7714,510,9.8846,0
7715,511,9.8387,0
7716,512,9.7868,0
7717,513,10.1428,1
7718,514,9.9604,0
7719,515,9.8039,0
7720,516,10.008,1
7721,517,10.7914,1
7722,518,11.0492,1
7723,519,10.3391,1
7724,520,9.8779,0
7725,521,9.8746,0
7726,522,9.9166,0
7727,523,9.8507,0
7728,524,9.8143,0
7729,525,9.8897,0
7730,526,9.9815,0
7731,527,10.1407,1
7732,528,11.5592,1
7733,529,11.1446,1
7734,530,10.1825,1
7735,531,9.9596,0
7736,532,9.7753,0
7737,533,9.8055,0
7738,534,10.2842,1
7739,535,9.7796,0
7740,536,10.7434,1
7741,537,10.1089,1
7742,538,10.4927,1
7743,539,11.326,1
7744,540,10.5215,1
7745,541,9.7589,0
7746,542,9.7388,0
7747,543,9.6904,0
7748,544,9.5378,0
7749,545,9.7263,0
7750,546,12.0844,1
7751,547,11.1905,1
7752,548,10.9064,1
7753,549,10.2069,1
7754,550,10.9348,1
7755,551,10.4768,1
7756,552,9.9278,0
7757,553,9.7256,0
7758,554,9.8346,0
7759,555,9.7251,0
7760,556,9.7852,0
7761,557,9.8307,0
7762,558,9.7657,0
7763,559,10.5493,1
7764,560,10.447,1
7765,561,11.1733,1
7766,562,10.3404,1
7767,563,10.0713,1
7768,564,9.8571,0
7769,565,9.8311,0
7770,566,10.1878,1
7771,567,9.9357,0
7772,568,9.9872,0
7773,569,10.2182,1
7774,570,10.1946,1
7775,571,11.6002,1
7776,572,10.9787,1
7777,573,9.9818,0
7778,574,9.888,0
7779,575,9.7367,0
7780,576,9.9136,0
7781,577,9.8533,0
7782,578,9.8271,0
7783,579,9.7659,0
7784,580,9.7691,0
7785,581,9.9587,0
7786,582,11.8285,1
7787,583,12.2657,1
7788,584,12.1471,1
7789,585,18.2865,1
7790,586,10.7155,1
7791,587,11.3277,1
7792,588,10.3711,1
7793,589,11.3645,1
7794,590,10.2977,1
7795,591,10.0873,1
7796,592,9.9682,0
7797,593,10.5457,1
7798,594,10.1397,1
7799,595,9.9238,0
7800,596,10.8024,1
7801,597,10.1829,1
7802,598,9.8608,0
7803,599,10.3671,1
7804,600,10.9529,1
7805,601,10.0878,1
7806,602,11.1069,1
7807,603,10.8987,1
7808,604,10.0657,1
7809,605,9.9184,0
7810,606,9.8976,0
7811,607,9.8078,0
7812,608,9.9031,0
7813,609,9.8702,0
7814,610,9.8671,0
7815,611,10.079,1
7816,612,9.9468,0
7817,613,11.4824,1
7818,614,11.3026,1
7819,615,10.347,1
7820,616,9.9459,0
7821,617,9.8927,0
7822,618,9.7806,0
7823,619,9.8648,0
7824,620,9.9354,0
7825,621,9.8516,0
7826,622,10.4507,1
7827,623,10.9701,1
7828,624,11.2095,1
7829,625,10.6929,1
7830,626,10.1062,1
7831,627,9.8458,0
7832,628,9.7876,0
7833,629,9.8775,0
7834,630,9.8697,0
7835,631,9.8617,0
7836,632,10.1497,1
7837,633,9.9737,0
7838,634,10.4739,1
7839,635,11.3082,1
7840,636,10.3799,1
7841,637,9.9086,0
7842,638,9.8611,0
7843,639,9.8679,0
7844,640,9.8023,0
7845,641,9.9063,0
7846,642,9.8522,0
7847,643,9.7889,0
7848,644,10.3298,1
7849,645,10.5639,1
7850,646,11.3487,1
7851,647,10.9854,1
7852,648,10.2595,1
7853,649,9.8671,0
7854,650,9.8186,0
7855,651,9.8236,0
7856,652,11.1788,1
7857,653,10.3829,1
7858,654,10.0503,1
7859,655,10.0785,1
7860,656,10.888,1
7861,657,10.7739,1
7862,658,10.3238,1
7863,659,9.867,0
7864,660,9.8238,0
7865,661,9.9185,0
7866,662,9.8334,0
7867,663,9.7756,0
7868,664,10.0943,1
7869,665,9.9063,0
7870,666,9.8122,0
7871,667,10.0483,1
7872,668,10.2677,1
7873,669,11.1783,1
7874,670,10.7615,1
7875,671,10.5338,1
7876,672,10.4068,1
7877,673,9.9688,0
7878,674,10.7204,1
7879,675,9.9969,0
7880,676,10.8233,1
7881,677,9.8304,0
7882,678,9.8165,0
7883,679,11.3079,1
7884,680,12.1792,1
7885,681,11.7583,1
7886,682,10.9048,1
7887,683,10.5259,1
7888,684,10.0018,1
7889,685,9.8497,0
7890,686,9.9469,0
7891,687,9.9496,0
7892,688,9.9784,0
7893,689,10.1622,1
7894,690,9.7458,0
7895,691,10.5298,1
7896,692,10.4688,1
7897,693,11.1021,1
7898,694,11.3232,1
7899,695,10.3999,1
7900,696,10.4531,1
7901,697,9.9171,0
7902,698,9.8151,0
7903,699,9.8219,0
7904,700,10.3419,1
7905,701,10.1109,1
7906,702,9.8874,0
7907,703,9.8648,0
7908,704,10.5262,1
7909,705,13.5941,1
7910,706,11.2871,1
7911,707,11.1468,1
7912,708,10.7276,1
7913,709,10.2238,1
7914,710,10.1877,1
7915,711,10.3082,1
7916,712,10.8393,1
7917,713,10.4341,1
7918,714,9.9938,0
7919,715,10.2537,1
7920,716,10.0663,1
7921,717,10.1933,1
7922,718,9.6978,0
7923,719,9.706,0
7924,720,9.4803,0
7925,721,9.8261,0
7926,722,9.9212,0
7927,723,9.7393,0
7928,724,10.5151,1
7929,725,10.1632,1
7930,726,11.1695,1
7931,727,10.7214,1
7932,728,9.8693,0
7933,729,10.0093,1
7934,730,9.7464,0
7935,731,9.8168,0
7936,732,11.5856,1
7937,733,10.1271,1
7938,734,9.7766,0
7939,735,9.8357,0
7940,736,10.1955,1
7941,737,11.2135,1
7942,738,10.9114,1
7943,739,10.3262,1
7944,740,9.7773,0
7945,741,10.4024,1
7946,742,10.5132,1
7947,743,9.8297,0
7948,744,9.7612,0
7949,745,9.9351,0
7950,746,9.9145,0
7951,747,10.9117,1
7952,748,11.2214,1
7953,749,10.2614,1
7954,750,10.5892,1
7955,751,10.179,1
7956,752,10.2035,1
7957,753,9.9344,0
7958,754,10.1091,1
7959,755,10.4656,1
7960,756,10.781,1
7961,757,10.5824,1
7962,758,11.0195,1
7963,759,10.4954,1
7964,760,9.932,0
7965,761,9.8161,0
7966,762,9.8648,0
7967,763,9.8214,0
7968,764,9.7958,0
7969,765,10.0503,1
7970,766,9.9161,0
7971,767,9.8022,0
7972,768,9.7167,0
7973,769,11.584,1
7974,770,10.6968,1
7975,771,10.2501,1
7976,772,9.8303,0
7977,773,11.287,1
7978,774,10.9782,1
7979,775,9.8327,0
7980,776,11.4249,1
7981,777,10.5607,1
7982,778,9.5888,0
7983,779,10.549,1
7984,780,11.1592,1
7985,781,10.0336,1
7986,782,10.1209,1
7987,783,9.968,0
7988,784,10.3875,1
7989,785,10.7672,1
7990,786,10.9824,1
7991,787,9.9717,0
7992,788,9.8604,0
7993,789,10.264,1
7994,790,11.2253,1
7995,791,10.7627,1
7996,792,10.1525,1
7997,793,9.8874,0
7998,794,10.0326,1
7999,795,9.8387,0
8000,796,9.9121,0
8001,797,10.0971,1
8002,798,9.7957,0
8003,799,9.8173,0
8004,800,10.3916,1
8005,801,11.2225,1
8006,802,10.7197,1
8007,803,10.3312,1
8008,804,9.9529,0
8009,805,9.8651,0
8010,806,9.9367,0
8011,807,9.9195,0
8012,808,9.8687,0
8013,809,9.9923,0
8014,810,11.1345,1
8015,811,11.1805,1
8016,812,11.4181,1
8017,813,10.1503,1
8018,814,9.8895,0
8019,815,9.9482,0
8020,816,9.7873,0
8021,817,9.782,0
8022,818,9.8466,0
8023,819,9.8079,0
8024,820,9.8082,0
8025,821,9.9114,0
8026,822,11.1624,1
8027,823,11.2109,1
8028,824,11.2124,1
8029,825,11.9229,1
8030,826,10.7976,1
8031,827,10.6641,1
8032,828,10.1089,1
8033,829,10.7762,1
8034,830,10.8262,1
8035,831,10.0472,1
8036,832,10.5111,1
8037,833,10.2259,1
8038,834,9.9466,0
8039,835,9.874,0
8040,836,9.7745,0
8041,837,9.9025,0
8042,838,9.9222,0
8043,839,9.7895,0
8044,840,9.7863,0
8045,841,9.8618,0
8046,842,10.4037,1
8047,843,11.3849,1
8048,844,11.233,1
8049,845,10.0873,1
8050,846,10.1433,1
8051,847,10.2854,1
8052,848,9.8575,0
8053,849,9.7988,0
8054,850,10.4211,1
8055,851,10.1168,1
8056,852,10.2002,1
8057,853,10.3065,1
8058,854,11.0716,1
8059,855,10.2951,1
8060,856,9.9191,0
8061,857,9.7361,0
8062,858,9.7537,0
8063,859,9.8704,0
8064,860,9.84,0
8065,861,9.9159,0
8066,862,10.8222,1
8067,863,10.3854,1
8068,864,11.1042,1
8069,865,11.1793,1
8070,866,10.5719,1
8071,867,10.3289,1
8072,868,10.4828,1
8073,869,10.818,1
8074,870,10.0816,1
8075,871,10.045,1
8076,872,10.019,1
8077,873,11.4265,1
8078,874,10.3456,1
8079,875,11.5858,1
8080,876,11.0638,1
8081,877,10.5258,1
8082,878,10.6394,1
8083,879,9.9491,0
8084,880,10.0405,1
8085,881,10.0985,1
8086,882,9.9316,0
8087,883,10.0391,1
8088,884,10.9108,1
8089,885,10.7961,1
8090,886,10.7554,1
8091,887,10.1722,1
8092,888,9.7892,0
8093,889,9.8037,0
8094,890,9.9886,0
8095,891,9.8169,0
8096,892,9.7284,0
8097,893,9.8301,0
8098,894,9.8256,0
8099,895,9.9719,0
8100,896,10.6942,1
8101,897,11.0165,1
8102,898,10.0498,1
8103,899,9.9071,0
8104,900,9.8235,0
8105,901,9.8234,0
8106,902,9.795,0
8107,903,9.708,0
8108,904,10.0776,1
8109,905,10.0233,1
8110,906,9.7851,0
8111,907,11.1484,1
8112,908,10.982,1
8113,909,9.9483,0
8114,910,10.1733,1
8115,911,10.5074,1
8116,912,10.8662,1
8117,913,10.0009,1
8118,914,9.9182,0
8119,915,10.7305,1
8120,916,10.3221,1
8121,917,10.4686,1
8122,918,11.1939,1
8123,919,10.3614,1
8124,920,9.9693,0
8125,921,9.9751,0
8126,922,9.7672,0
8127,923,10.0967,1
8128,924,9.9109,0
8129,925,9.749,0
8130,926,9.8311,0
8131,927,10.0767,1
8132,928,10.0723,1
8133,929,11.4463,1
8134,930,10.5822,1
8135,931,10.2832,1
8136,932,9.8417,0
8137,933,9.8147,0
8138,934,9.9567,0
8139,935,9.9845,0
8140,936,9.7942,0
8141,937,9.801,0
8142,938,9.8974,0
8143,939,9.8299,0
8144,940,9.7421,0
8145,941,10.9534,1
8146,942,11.1889,1
8147,943,10.9044,1
8148,944,11.8606,1
8149,945,10.776,1
8150,946,10.5224,1
8151,947,10.4454,1
8152,948,11.0617,1
8153,949,10.9314,1
8154,950,10.2539,1
8155,951,10.1669,1
8156,952,10.3266,1
8157,953,9.9442,0
8158,954,9.8295,0
8159,955,9.9176,0
8160,956,9.8355,0
8161,957,9.8164,0
8162,958,9.8564,0
8163,959,9.9038,0
8164,960,9.8531,0
8165,961,10.0413,1
8166,962,10.6762,1
8167,963,11.4733,1
8168,964,10.1069,1
8169,965,10.6275,1
8170,966,9.947,0
8171,967,11.0755,1
8172,968,10.6636,1
8173,969,10.1194,1
8174,970,9.9862,0
8175,971,9.7872,0
8176,972,9.8974,0
8177,973,9.85,0
8178,974,10.4505,1
8179,975,11.1017,1
8180,976,10.3884,1
8181,977,9.895,0
8182,978,9.8461,0
8183,979,9.9241,0
8184,980,9.9626,0
8185,981,9.9679,0
8186,982,9.9255,0
8187,983,10.0908,1
8188,984,10.1281,1
8189,985,10.0483,1
8190,986,9.6654,0
8191,987,11.4141,1
8192,988,10.5775,1
8193,989,10.128,1
8194,990,10.0474,1
8195,991,10.1339,1
8196,992,9.8595,0
8197,993,10.171,1
8198,994,9.9145,0
8199,995,9.8197,0
8200,996,10.0059,1
8201,997,9.8174,0
8202,998,9.8677,0
8203,999,10.738,1
8204,1000,11.1439,1
8205,1001,10.2005,1
8206,1002,9.9363,0
8207,1003,10.5012,1
8208,1004,10.2384,1
8209,1005,10.4809,1
8210,1006,9.6813,0
8211,1007,9.9151,0
8212,1008,10.2393,1
8213,1009,10.6794,1
8214,1010,11.0199,1
8215,1011,10.8882,1
8216,1012,10.1605,1
8217,1013,10.1658,1
8218,1014,9.9988,0
8219,1015,9.5549,0
8220,1016,10.1718,1
8221,1017,10.594,1
8222,1018,9.8502,0
8223,1019,9.9171,0
8224,1020,10.702,1
8225,1021,11.0867,1
8226,1022,11.6384,1
8227,1023,10.8098,1
8228,1024,10.0525,1
8229,1025,10.1352,1
8230,1026,10.0096,1
8231,1027,9.8445,0
8232,1028,9.9256,0
8233,1029,9.8089,0
8234,1030,9.7423,0
8235,1031,9.8745,0
8236,1032,9.802,0
8237,1033,10.9759,1
8238,1034,10.7844,1
8239,1035,9.9573,0
8240,1036,9.839,0
8241,1037,9.8724,0
8242,1038,9.8323,0
8243,1039,9.8279,0
8244,1040,9.9784,0
8245,1041,10.0072,1
8246,1042,9.9037,0
8247,1043,9.8989,0
8248,1044,11.0762,1
8249,1045,10.6913,1
8250,1046,10.08,1
8251,1047,10.4632,1
8252,1048,9.9129,0
8253,1049,9.9947,0
8254,1050,9.8347,0
8255,1051,9.8882,0
8256,1052,9.9564,0
8257,1053,9.8511,0
8258,1054,9.9244,0
8259,1055,11.0927,1
8260,1056,10.8123,1
8261,1057,10.0136,1
8262,1058,10.0079,1
8263,1059,9.8254,0
8264,1060,9.7638,0
8265,1061,10.0162,1
8266,1062,9.8697,0
8267,1063,9.8232,0
8268,1064,10.2404,1
8269,1065,9.7516,0
8270,1066,12.1962,1
8271,1067,11.4457,1
8272,1068,11.0565,1
8273,1069,10.4014,1
8274,1070,10.258,1
8275,1071,10.5466,1
8276,1072,10.8477,1
8277,1073,12.2016,1
8278,1074,10.7816,1
8279,1075,10.4694,1
8280,1076,10.186,1
8281,1077,9.827,0
8282,1078,9.8171,0
8283,1079,10.1327,1
8284,1080,10.2837,1
8285,1081,9.839,0
8286,1082,9.7627,0
8287,1083,9.8435,0
8288,1084,9.9582,0
8289,1085,9.839,0
8290,1086,9.7277,0
8291,1087,11.2026,1
8292,1088,10.402,1
8293,1089,9.8852,0
8294,1090,9.778,0
8295,1091,9.717,0
8296,1092,9.7385,0
8297,1093,9.863,0
8298,1094,9.8637,0
8299,1095,9.847,0
8300,1096,9.9623,0
8301,1097,9.9251,0
8302,1098,11.3135,1
8303,1099,10.7931,1
8304,1100,9.9778,0
8305,1101,10.1607,1
8306,1102,10.1619,1
8307,1103,10.0212,1
8308,1104,9.9002,0
8309,1105,9.9033,0
8310,1106,9.8562,0
8311,1107,9.9414,0
8312,1108,10.2497,1
8313,1109,11.1733,1
8314,1110,10.3768,1
8315,1111,9.9028,0
8316,1112,9.8361,0
8317,1113,9.8305,0
8318,1114,10.2091,1
8319,1115,10.1892,1
8320,1116,10.2903,1
8321,1117,9.975,0
8322,1118,10.1789,1
8323,1119,10.7292,1
8324,1120,11.0388,1
8325,1121,10.4809,1
8326,1122,9.9645,0
8327,1123,9.7682,0
8328,1124,9.9164,0
8329,1125,9.9122,0
8330,1126,11.1787,1
8331,1127,10.2478,1
8332,1128,9.9598,0
8333,1129,9.8303,0
8334,1130,10.7018,1
8335,1131,11.0115,1
8336,1132,10.2678,1
8337,1133,10.0534,1
8338,1134,9.8682,0
8339,1135,9.7379,0
8340,1136,9.8279,0
8341,1137,9.8724,0
8342,1138,9.7951,0
8343,1139,9.7863,0
8344,1140,9.8728,0
8345,1141,11.0374,1
8346,1142,11.9485,1
8347,1143,10.725,1
8348,1144,10.1241,1
8349,1145,10.5195,1
8350,1146,10.0328,1
8351,1147,9.9382,0
8352,1148,9.9411,0
8353,1149,9.7869,0
8354,1150,9.819,0
8355,1151,9.9551,0
8356,1152,9.8922,0
8357,1153,10.713,1
8358,1154,11.0262,1
8359,1155,10.1685,1
8360,1156,9.9106,0
8361,1157,9.9618,0
8362,1158,10.2412,1
8363,1159,9.9298,0
8364,1160,9.9116,0
8365,1161,10.0097,1
8366,1162,10.3612,1
8367,1163,10.0662,1
8368,1164,10.2025,1
8369,1165,10.0678,1
8370,1166,11.3894,1
8371,1167,10.6306,1
8372,1168,11.0794,1
8373,1169,10.3964,1
8374,1170,9.9691,0
8375,1171,9.9641,0
8376,1172,10.0048,1
8377,1173,10.0737,1
8378,1174,9.7723,0
8379,1175,10.4016,1
8380,1176,10.0302,1
8381,1177,12.1668,1
8382,1178,12.1386,1
8383,1179,11.1278,1
8384,1180,10.5453,1
8385,1181,10.1275,1
8386,1182,10.0333,1
8387,1183,10.2757,1
8388,1184,10.1056,1
8389,1185,9.9372,0
8390,1186,10.1378,1
8391,1187,10.7502,1
8392,1188,10.39,1
8393,1189,10.3768,1
8394,1190,11.7656,1
8395,1191,11.2917,1
8396,1192,11.1128,1
8397,1193,11.3797,1
8398,1194,10.4461,1
8399,1195,10.8249,1
8400,1196,10.5986,1
8401,1197,10.8355,1
8402,1198,10.9149,1
8403,1199,10.2924,1
8404,1200,10.3809,1
8405,1201,10.0773,1
8406,1202,9.9298,0
8407,1203,10.0301,1
8408,1204,9.8843,0
8409,1205,9.8761,0
8410,1206,9.9079,0
8411,1207,9.7282,0
8412,1208,9.7923,0
8413,1209,9.9033,0
8414,1210,9.8253,0
8415,1211,9.9264,0
8416,1212,10.7952,1
8417,1213,10.9402,1
8418,1214,10.0232,1
8419,1215,10.3236,1
8420,1216,9.8872,0
8421,1217,9.7629,0
8422,1218,9.8236,0
8423,1219,9.7548,0
8424,1220,9.9016,0
8425,1221,10.3571,1
8426,1222,9.9388,0
8427,1223,11.1079,1
8428,1224,11.6597,1
8429,1225,10.1613,1
8430,1226,9.782,0
8431,1227,9.9048,0
8432,1228,9.8444,0
8433,1229,10.1273,1
8434,1230,10.0813,1
8435,1231,11.7395,1
8436,1232,10.7957,1
8437,1233,9.8972,0
8438,1234,9.6393,0
8439,1235,10.5675,1
8440,1236,10.5402,1
8441,1237,9.7557,0
8442,1238,9.6777,0
8443,1239,9.603,0
8444,1240,9.5708,0
8445,1241,9.5529,0
8446,1242,9.8278,0
8447,1243,10.6535,1
8448,1244,9.9349,0
8449,1245,9.7802,0
8450,1246,10.826,1
8451,1247,11.1301,1
8452,1248,10.0099,1
8453,1249,9.7189,0
8454,1250,9.8496,0
8455,1251,9.8556,0
8456,1252,9.8533,0
8457,1253,9.926,0
8458,1254,10.0832,1
8459,1255,9.9346,0
8460,1256,9.876,0
8461,1257,10.7569,1
8462,1258,10.9265,1
8463,1259,10.1231,1
8464,1260,9.81,0
8465,1261,9.7332,0
8466,1262,9.826,0
8467,1263,10.9021,1
8468,1264,10.4839,1
8469,1265,10.2154,1
8470,1266,10.146,1
8471,1267,10.3728,1
8472,1268,11.3137,1
8473,1269,10.7707,1
8474,1270,10.0711,1
8475,1271,10.0433,1
8476,1272,9.9581,0
8477,1273,9.4608,0
8478,1274,12.6351,1
8479,1275,10.7509,1
8480,1276,9.7132,0
8481,1277,9.7971,0
8482,1278,10.6544,1
8483,1279,10.8806,1
8484,1280,10.1003,1
8485,1281,9.7844,0
8486,1282,9.7427,0
8487,1283,11.2215,1
8488,1284,10.5135,1
8489,1285,10.4022,1
8490,1286,10.605,1
8491,1287,9.8021,0
8492,1288,9.8843,0
8493,1289,10.818,1
8494,1290,10.7546,1
8495,1291,10.1497,1
8496,1292,9.8733,0
8497,1293,9.7805,0
8498,1294,9.8916,0
8499,1295,9.8726,0
8500,1296,9.8706,0
8501,1297,9.9438,0
8502,1298,10.0459,1
8503,1299,9.9158,0
8504,1300,11.1814,1
8505,1301,10.532,1
8506,1302,9.8876,0
8507,1303,10.2741,1
8508,1304,10.0234,1
8509,1305,9.8531,0
8510,1306,9.9196,0
8511,1307,9.8832,0
8512,1308,9.886,0
8513,1309,9.9276,0
8514,1310,9.8213,0
8515,1311,11.2051,1
8516,1312,11.2854,1
8517,1313,11.4285,1
8518,1314,11.0144,1
8519,1315,10.6154,1
8520,1316,10.2577,1
8521,1317,10.0533,1
8522,1318,10.4133,1
8523,1319,10.8591,1
8524,1320,10.2455,1
8525,1321,10.41,1
8526,1322,10.2279,1
8527,1323,9.803,0
8528,1324,9.7307,0
8529,1325,9.6366,0
8530,1326,9.8807,0
8531,1327,10.8221,1
8532,1328,10.7873,1
8533,1329,10.2471,1
8534,1330,9.8343,0
8535,1331,9.6497,0
8536,1332,11.5221,1
8537,1333,11.577,1
8538,1334,10.106,1
8539,1335,11.3278,1
8540,1336,10.068,1
8541,1337,9.7364,0
8542,1338,9.8756,0
8543,1339,9.6602,0
8544,1340,9.7501,0
8545,1341,10.3257,1
8546,1342,10.5204,1
8547,1343,11.2506,1
8548,1344,10.6251,1
8549,1345,9.6723,0
8550,1346,9.6161,0
8551,1347,9.6514,0
8552,1348,9.7289,0
8553,1349,9.6637,0
8554,1350,9.7553,0
8555,1351,9.6886,0
8556,1352,9.6878,0
8557,1353,9.7955,0
8558,1354,10.9809,1
8559,1355,10.138,1
8560,1356,9.7099,0
8561,1357,9.5538,0
8562,1358,9.7617,0
8563,1359,9.8998,0
8564,1360,10.9637,1
8565,1361,10.5664,1
8566,1362,9.9689,0
8567,1363,10.0466,1
8568,1364,10.0722,1
8569,1365,11.282,1
8570,1366,10.3783,1
8571,1367,9.9465,0
8572,1368,9.9143,0
8573,1369,10.0973,1
8574,1370,10.0057,1
8575,1371,10.0625,1
8576,1372,9.7873,0
8577,1373,9.7703,0
8578,1374,9.852,0
8579,1375,9.8675,0
8580,1376,9.7853,0
8581,1377,10.7996,1
8582,1378,10.9287,1
8583,1379,10.141,1
8584,1380,9.8219,0
8585,1381,9.7667,0
8586,1382,10.0132,1
8587,1383,9.9022,0
8588,1384,9.7771,0
8589,1385,9.7944,0
8590,1386,9.8777,0
8591,1387,9.7815,0
8592,1388,9.9237,0
8593,1389,10.2292,1
8594,1390,11.941,1
8595,1391,10.7896,1
8596,1392,10.1506,1
8597,1393,9.7631,0
8598,1394,11.5396,1
8599,1395,10.3689,1
8600,1396,9.8406,0
8601,1397,9.9053,0
8602,1398,9.8127,0
8603,1399,9.8278,0
8604,1400,9.92,0
8605,1401,9.842,0
8606,1402,11.4876,1
8607,1403,11.0948,1
8608,1404,10.2782,1
8609,1405,11.5519,1
8610,1406,9.9216,0
8611,1407,9.9682,0
8612,1408,10.0143,1
8613,1409,9.9391,0
8614,1410,9.8346,0
8615,1411,9.9977,0
8616,1412,9.9753,0
8617,1413,9.7689,0
8618,1414,10.894,1
8619,1415,11.0367,1
8620,1416,9.9686,0
8621,1417,9.9537,0
8622,1418,10.067,1
8623,1419,9.7712,0
8624,1420,9.7396,0
8625,1421,9.8391,0
8626,1422,9.7779,0
8627,1423,10.1794,1
8628,1424,9.9577,0
8629,1425,10.1223,1
8630,1426,10.105,1
8631,1427,11.0858,1
8632,1428,10.2936,1
8633,1429,9.931,0
8634,1430,9.7133,0
8635,1431,9.7712,0
8636,1432,9.7438,0
8637,1433,9.8946,0
8638,1434,10.3441,1
8639,1435,10.0065,1
8640,1436,10.7164,1
8641,1437,10.0632,1
8642,1438,11.5251,1
8643,1439,11.5398,1
8644,1440,11.6406,1
8645,1441,11.8473,1
8646,1442,12.1121,1
8647,1443,10.8726,1
8648,1444,10.229,1
8649,1445,10.6095,1
8650,1446,11.023,1
8651,1447,10.195,1
8652,1448,10.0343,1
8653,1449,10.2357,1
8654,1450,10.0062,1
8655,1451,9.8595,0
8656,1452,10.0892,1
8657,1453,9.9474,0
8658,1454,9.7404,0
8659,1455,15.3789,1
8660,1456,10.4641,1
8661,1457,9.9812,0
8662,1458,9.8005,0
8663,1459,9.7039,0
8664,1460,9.9727,0
8665,1461,11.2668,1
8666,1462,10.4219,1
8667,1463,9.9096,0
8668,1464,9.9153,0
8669,1465,10.1697,1
8670,1466,9.6999,0
8671,1467,10.1747,1
8672,1468,10.6585,1
8673,1469,11.8252,1
8674,1470,9.6256,0
8675,1471,10.4255,1
8676,1472,11.4087,1
8677,1473,10.3806,1
8678,1474,10.3291,1
8679,1475,9.8079,0
8680,1476,9.6996,0
8681,1477,9.6788,0
8682,1478,9.685,0
8683,1479,9.6156,0
8684,1480,9.6788,0
8685,1481,9.7319,0
8686,1482,10.7814,1
8687,1483,10.8771,1
8688,1484,10.1198,1
8689,1485,9.77,0
8690,1486,9.67,0
8691,1487,10.039,1
8692,1488,9.8018,0
8693,1489,9.6914,0
8694,1490,9.8313,0
8695,1491,9.8486,0
8696,1492,9.8102,0
8697,1493,10.9284,1
8698,1494,11.7327,1
8699,1495,10.3512,1
8700,1496,10.3473,1
8701,1497,10.0054,1
8702,1498,9.8039,0
8703,1499,9.7681,0
8704,1500,9.5279,0
8705,1501,9.5583,0
8706,1502,9.7604,0
8707,1503,9.5949,0
8708,1504,11.6801,1
8709,1505,10.6627,1
8710,1506,10.0771,1
8711,1507,11.7868,1
8712,1508,10.9728,1
8713,1509,9.6529,0
8714,1510,9.5495,0
8715,1511,9.8966,0
8716,1512,9.6031,0
8717,1513,9.482,0
8718,1514,9.9562,0
8719,1515,10.8269,1
8720,1516,10.4753,1
8721,1517,10.056,1
8722,1518,9.5707,0
8723,1519,9.5968,0
8724,1520,9.6572,0
8725,1521,9.8764,0
8726,1522,9.7561,0
8727,1523,9.6121,0
8728,1524,9.5587,0
8729,1525,9.6831,0
8730,1526,11.0154,1
8731,1527,11.669,1
8732,1528,10.4381,1
8733,1529,10.0729,1
8734,1530,9.537,0
8735,1531,9.5536,0
8736,1532,9.6601,0
8737,1533,9.5591,0
8738,1534,9.5691,0
8739,1535,9.6625,0
8740,1536,10.0863,1
8741,1537,10.9047,1
8742,1538,11.2548,1
8743,1539,9.9825,0
8744,1540,9.7235,0
8745,1541,10.259,1
8746,1542,9.7573,0
8747,1543,10.1532,1
8748,1544,9.7644,0
8749,1545,9.5769,0
8750,1546,9.7615,0
8751,1547,11.2363,1
8752,1548,12.1244,1
8753,1549,10.6554,1
8754,1550,10.0659,1
8755,1551,9.7541,0
8756,1552,11.2426,1
8757,1553,10.708,1
8758,1554,9.6492,0
8759,1555,9.6937,0
8760,1556,9.5393,0
8761,1557,9.5469,0
8762,1558,10.6806,1
8763,1559,11.1249,1
8764,1560,10.5304,1
8765,1561,10.6975,1
8766,1562,10.3067,1
8767,1563,10.0189,1
8768,1564,9.835,0
8769,1565,10.171,1
8770,1566,10.693,1
8771,1567,10.3378,1
8772,1568,10.0862,1
8773,1569,10.1316,1
8774,1570,10.2398,1
8775,1571,9.9482,0
8776,1572,9.745,0
8777,1573,10.1055,1
8778,1574,9.9079,0
8779,1575,9.7697,0
8780,1576,9.9012,0
8781,1577,9.778,0
8782,1578,9.8658,0
8783,1579,10.3192,1
8784,1580,11.1616,1
8785,1581,10.9023,1
8786,1582,10.4466,1
8787,1583,9.8306,0
8788,1584,9.8414,0
8789,1585,9.8729,0
8790,1586,9.8125,0
8791,1587,9.748,0
8792,1588,9.8698,0
8793,1589,10.0307,1
8794,1590,10.756,1
8795,1591,11.585,1
8796,1592,10.3232,1
8797,1593,9.8242,0
8798,1594,9.8799,0
8799,1595,9.8708,0
8800,1596,9.8211,0
8801,1597,9.8739,0
8802,1598,9.8139,0
8803,1599,9.8112,0
8804,1600,9.9229,0
8805,1601,11.7024,1
8806,1602,11.5725,1
8807,1603,10.2022,1
8808,1604,10.6458,1
8809,1605,10.6812,1
8810,1606,9.9976,0
8811,1607,9.8072,0
8812,1608,9.9127,0
8813,1609,9.8134,0
8814,1610,9.7926,0
8815,1611,10.2404,1
8816,1612,11.0547,1
8817,1613,10.3804,1
8818,1614,10.2427,1
8819,1615,9.7198,0
8820,1616,9.7525,0
8821,1617,9.8461,0
8822,1618,10.8653,1
8823,1619,10.0071,1
8824,1620,9.8868,0
8825,1621,9.7388,0
8826,1622,10.7112,1
8827,1623,11.1044,1
8828,1624,10.1407,1
8829,1625,9.8952,0
8830,1626,9.703,0
8831,1627,10.1216,1
8832,1628,10.0396,1
8833,1629,9.8927,0
8834,1630,9.9648,0
8835,1631,9.816,0
8836,1632,9.8258,0
8837,1633,10.5331,1
8838,1634,11.1023,1
8839,1635,10.3259,1
8840,1636,10.2401,1
8841,1637,9.9103,0
8842,1638,9.9839,0
8843,1639,9.9965,0
8844,1640,9.7872,0
8845,1641,9.9919,0
8846,1642,10.6146,1
8847,1643,9.996,0
8848,1644,11.537,1
8849,1645,11.7915,1
8850,1646,10.512,1
8851,1647,10.2599,1
8852,1648,9.8013,0
8853,1649,11.6559,1
8854,1650,10.3434,1
8855,1651,9.9929,0
8856,1652,9.9621,0
8857,1653,10.1433,1
8858,1654,11.1376,1
8859,1655,11.1962,1
8860,1656,10.1018,1
8861,1657,10.5312,1
8862,1658,10.7539,1
8863,1659,10.4241,1
8864,1660,10.2197,1
8865,1661,10.6214,1
8866,1662,10.0196,1
8867,1663,10.0247,1
8868,1664,10.0532,1
8869,1665,10.9767,1
8870,1666,10.6061,1
8871,1667,9.8941,0
8872,1668,9.8317,0
8873,1669,9.9096,0
8874,1670,9.9864,0
8875,1671,10.6457,1
8876,1672,10.4626,1
8877,1673,10.0667,1
8878,1674,9.8963,0
8879,1675,11.0746,1
8880,1676,12.8449,1
8881,1677,10.9632,1
8882,1678,11.3446,1
8883,1679,10.6737,1
8884,1680,10.1635,1
8885,1681,10.3879,1
8886,1682,10.249,1
8887,1683,10.7604,1
8888,1684,10.3148,1
8889,1685,9.9538,0
8890,1686,10.1159,1
8891,1687,10.3306,1
8892,1688,10.0973,1
8893,1689,10.0143,1
8894,1690,9.8163,0
8895,1691,9.8156,0
8896,1692,10.2564,1
8897,1693,9.9972,0
8898,1694,9.6796,0
8899,1695,10.2287,1
8900,1696,11.6246,1
8901,1697,11.1641,1
8902,1698,10.3288,1
8903,1699,9.8102,0
8904,1700,9.7697,0
8905,1701,9.8942,0
8906,1702,10.1229,1
8907,1703,10.1317,1
8908,1704,9.9448,0
8909,1705,10.5521,1
8910,1706,10.8549,1
8911,1707,11.9061,1
8912,1708,11.1352,1
8913,1709,10.1751,1
8914,1710,10.063,1
8915,1711,9.9861,0
8916,1712,9.8551,0
8917,1713,10.422,1
8918,1714,9.8494,0
8919,1715,9.7762,0
8920,1716,9.9233,0
8921,1717,9.8083,0
8922,1718,11.1566,1
8923,1719,10.7002,1
8924,1720,9.9453,0
8925,1721,9.8346,0
8926,1722,9.9731,0
8927,1723,9.8539,0
8928,1724,9.7615,0
8929,1725,9.8907,0
8930,1726,9.805,0
8931,1727,10.0304,1
8932,1728,9.7476,0
8933,1729,11.3091,1
8934,1730,10.8076,1
8935,1731,11.5889,1
8936,1732,10.6566,1
8937,1733,10.6072,1
8938,1734,9.8612,0
8939,1735,9.8384,0
8940,1736,9.8378,0
8941,1737,9.7794,0
8942,1738,9.8565,0
8943,1739,10.5744,1
8944,1740,11.3174,1
8945,1741,10.7208,1
8946,1742,10.2085,1
8947,1743,9.841,0
8948,1744,10.0553,1
8949,1745,10.0904,1
8950,1746,9.742,0
8951,1747,11.4909,1
8952,1748,10.8555,1
8953,1749,9.7538,0
8954,1750,9.8063,0
8955,1751,11.1665,1
8956,1752,11.1871,1
8957,1753,10.3219,1
8958,1754,10.5133,1
8959,1755,10.1288,1
8960,1756,10.1344,1
8961,1757,9.8888,0
8962,1758,10.7602,1
8963,1759,10.4815,1
8964,1760,10.0589,1
8965,1761,9.8652,0
8966,1762,9.8711,0
8967,1763,9.7962,0
8968,1764,11.1819,1
8969,1765,10.865,1
8970,1766,9.9922,0
8971,1767,9.9071,0
8972,1768,9.8805,0
8973,1769,9.7989,0
8974,1770,9.8108,0
8975,1771,9.9837,0
8976,1772,9.8069,0
8977,1773,9.7968,0
8978,1774,11.1661,1
8979,1775,9.9613,0
8980,1776,10.5879,1
8981,1777,10.9977,1
8982,1778,10.0287,1
8983,1779,9.7538,0
8984,1780,9.8422,0
8985,1781,10.1725,1
8986,1782,10.1712,1
8987,1783,10.0617,1
8988,1784,9.8148,0
8989,1785,9.8966,0
8990,1786,10.0805,1
8991,1787,10.9183,1
8992,1788,10.7391,1
8993,1789,11.2144,1
8994,1790,10.8514,1
8995,1791,10.1494,1
8996,1792,9.8993,0
8997,1793,9.9238,0
8998,1794,9.8792,0
8999,1795,9.9662,0
9000,1796,9.8037,0
9001,1797,9.7029,0
9002,1798,10.0212,1
9003,1799,9.8931,0
9004,1800,9.9148,0
9005,1801,12.8549,1
9006,1802,11.6754,1
9007,1803,11.2144,1
9008,1804,11.0485,1
9009,1805,10.4016,1
9010,1806,10.3624,1
9011,1807,9.8369,0
9012,1808,10.0576,1
9013,1809,11.2267,1
9014,1810,11.0996,1
9015,1811,10.3025,1
9016,1812,10.3074,1
9017,1813,10.0028,1
9018,1814,9.8846,0
9019,1815,9.9668,0
9020,1816,9.787,0
9021,1817,9.7749,0
9022,1818,9.904,0
9023,1819,9.8343,0
9024,1820,9.9277,0
9025,1821,9.9174,0
9026,1822,10.8779,1
9027,1823,10.8399,1
9028,1824,10.052,1
9029,1825,9.8292,0
9030,1826,9.8184,0
9031,1827,9.9123,0
9032,1828,9.9388,0
9033,1829,10.1451,1
9034,1830,11.0148,1
9035,1831,10.3327,1
9036,1832,10.2379,1
9037,1833,11.1143,1
9038,1834,10.5371,1
9039,1835,9.983,0
9040,1836,9.7956,0
9041,1837,9.7675,0
9042,1838,9.8291,0
9043,1839,9.8842,0
9044,1840,9.85,0
9045,1841,9.8651,0
9046,1842,9.8771,0
9047,1843,10.331,1
9048,1844,11.2584,1
9049,1845,10.4573,1
9050,1846,9.9481,0
9051,1847,9.9629,0
9052,1848,9.7742,0
9053,1849,9.8561,0
9054,1850,11.1495,1
9055,1851,10.1061,1
9056,1852,10.2226,1
9057,1853,10.6356,1
9058,1854,11.3181,1
9059,1855,10.9088,1
9060,1856,10.1427,1
9061,1857,9.9995,0
9062,1858,10.0981,1
9063,1859,10.045,1
9064,1860,9.8288,0
9065,1861,9.851,0
9066,1862,9.9109,0
9067,1863,10.1046,1
9068,1864,11.0375,1
9069,1865,11.2973,1
9070,1866,10.4552,1
9071,1867,9.9293,0
9072,1868,9.8011,0
9073,1869,9.8147,0
9074,1870,9.801,0
9075,1871,10.1484,1
9076,1872,9.9042,0
9077,1873,9.826,0
9078,1874,9.943,0
9079,1875,9.8969,0
9080,1876,11.2705,1
9081,1877,10.7903,1
9082,1878,10.2232,1
9083,1879,10.1173,1
9084,1880,10.1189,1
9085,1881,9.8969,0
9086,1882,9.9714,0
9087,1883,10.158,1
9088,1884,9.7214,0
9089,1885,10.6397,1
9090,1886,10.6005,1
9091,1887,11.9355,1
9092,1888,10.5043,1
9093,1889,9.9673,0
9094,1890,9.8355,0
9095,1891,9.9423,0
9096,1892,9.8381,0
9097,1893,9.8241,0
9098,1894,9.9872,0
9099,1895,9.8596,0
9100,1896,9.8302,0
9101,1897,10.5157,1
9102,1898,11.1645,1
9103,1899,10.2217,1
9104,1900,10.2224,1
9105,1901,9.8924,0
9106,1902,9.7408,0
9107,1903,9.8374,0
9108,1904,9.7898,0
9109,1905,9.7679,0
9110,1906,9.8321,0
9111,1907,9.8039,0
9112,1908,10.6715,1
9113,1909,10.9509,1
9114,1910,10.1368,1
9115,1911,9.8829,0
9116,1912,9.8869,0
9117,1913,9.9544,0
9118,1914,9.875,0
9119,1915,10.2903,1
9120,1916,10.1004,1
9121,1917,10.8021,1
9122,1918,10.1702,1
9123,1919,10.816,1
9124,1920,11.4574,1
9125,1921,11.0896,1
9126,1922,10.9321,1
9127,1923,10.5925,1
9128,1924,10.1862,1
9129,1925,9.9444,0
9130,1926,10.4921,1
9131,1927,10.5431,1
9132,1928,10.1377,1
9133,1929,10.0318,1
9134,1930,10.385,1
9135,1931,10.2281,1
9136,1932,9.9905,0
9137,1933,9.7616,0
9138,1934,9.7886,0
9139,1935,9.8902,0
9140,1936,9.9301,0
9141,1937,9.8276,0
9142,1938,9.9068,0
9143,1939,10.0744,1
9144,1940,10.0573,1
9145,1941,9.9122,0
9146,1942,10.851,1
9147,1943,10.9275,1
9148,1944,10.0826,1
9149,1945,9.776,0
9150,1946,10.3845,1
9151,1947,10.7043,1
9152,1948,10.2736,1
9153,1949,9.9647,0
9154,1950,9.9502,0
9155,1951,9.938,0
9156,1952,10.2451,1
9157,1953,11.2322,1
9158,1954,10.4233,1
9159,1955,9.8974,0
9160,1956,9.9646,0
9161,1957,9.9699,0
9162,1958,9.78,0
9163,1959,10.2618,1
9164,1960,10.0673,1
9165,1961,9.8922,0
9166,1962,10.7408,1
9167,1963,10.631,1
9168,1964,11.2165,1
9169,1965,10.2173,1
9170,1966,9.7459,0
9171,1967,10.0903,1
9172,1968,10.0602,1
9173,1969,9.9022,0
9174,1970,10.4061,1
9175,1971,10.3532,1
9176,1972,9.9413,0
9177,1973,9.9851,0
9178,1974,10.5865,1
9179,1975,10.9158,1
9180,1976,10.2235,1
9181,1977,9.8031,0
9182,1978,9.7494,0
9183,1979,9.9627,0
9184,1980,9.9105,0
9185,1981,9.7923,0
9186,1982,9.8565,0
9187,1983,9.8151,0
9188,1984,9.7259,0
9189,1985,10.696,1
9190,1986,10.9863,1
9191,1987,10.2403,1
9192,1988,10.0388,1
9193,1989,9.8318,0
9194,1990,9.8303,0
9195,1991,9.9105,0
9196,1992,9.7572,0
9197,1993,9.8502,0
9198,1994,9.7905,0
9199,1995,9.8506,0
9200,1996,10.1103,1
9201,1997,10.3132,1
9202,1998,11.1945,1
9203,1999,10.4864,1
9204,2000,10.2411,1
9205,2001,9.7824,0
9206,2002,9.9279,0
9207,2003,9.8036,0
9208,2004,9.7572,0
9209,2005,9.863,0
9210,2006,9.8801,0
9211,2007,10.4046,1
9212,2008,9.8359,0
9213,2009,9.8601,0
9214,2010,10.8874,1
9215,2011,11.0088,1
9216,2012,10.0742,1
9217,2013,9.7411,0
9218,2014,9.7389,0
9219,2015,9.8743,0
9220,2016,9.7572,0
9221,2017,9.7621,0
9222,2018,9.932,0
9223,2019,9.8115,0
9224,2020,9.9041,0
9225,2021,10.0772,1
9226,2022,10.0075,1
9227,2023,11.0627,1
9228,2024,10.9772,1
9229,2025,10.7168,1
9230,2026,9.9868,0
9231,2027,9.9772,0
9232,2028,10.0686,1
9233,2029,10.0217,1
9234,2030,9.9338,0
9235,2031,9.8106,0
9236,2032,9.9756,0
9237,2033,9.9576,0
9238,2034,9.8125,0
9239,2035,10.8638,1
9240,2036,10.9659,1
9241,2037,10.0062,1
9242,2038,9.7973,0
9243,2039,9.8543,0
9244,2040,9.8371,0
9245,2041,9.914,0
9246,2042,9.8718,0
9247,2043,9.7658,0
9248,2044,10.8692,1
9249,2045,10.6515,1
9250,2046,10.0336,1
9251,2047,10.4791,1
9252,2048,11.4925,1
9253,2049,11.156,1
9254,2050,10.9905,1
9255,2051,10.7406,1
9256,2052,10.4271,1
9257,2053,10.3124,1
9258,2054,10.1905,1
9259,2055,10.7298,1
9260,2056,10.7257,1
9261,2057,10.3528,1
9262,2058,10.3178,1
9263,2059,10.1487,1
9264,2060,9.7893,0
9265,2061,9.6752,0
9266,2062,9.9093,0
9267,2063,9.67,0
9268,2064,10.1684,1
9269,2065,10.0693,1
9270,2066,9.7602,0
9271,2067,10.0332,1
9272,2068,10.1317,1
9273,2069,9.8284,0
9274,2070,11.0145,1
9275,2071,12.1644,1
9276,2072,11.0699,1
9277,2073,9.913,0
9278,2074,9.6023,0
9279,2075,9.5379,0
9280,2076,10.871,1
9281,2077,10.434,1
9282,2078,9.945,0
9283,2079,9.9584,0
9284,2080,10.1539,1
9285,2081,11.0235,1
9286,2082,10.3763,1
9287,2083,9.8467,0
9288,2084,9.6971,0
9289,2085,9.7914,0
9290,2086,9.7909,0
9291,2087,9.9265,0
9292,2088,9.9418,0
9293,2089,9.7904,0
9294,2090,9.7522,0
9295,2091,10.167,1
9296,2092,11.2149,1
9297,2093,10.3861,1
9298,2094,10.004,1
9299,2095,9.7502,0
9300,2096,9.9331,0
9301,2097,9.9202,0
9302,2098,9.8044,0
9303,2099,10.4047,1
9304,2100,10.6399,1
9305,2101,10.0685,1
9306,2102,10.783,1
9307,2103,11.1316,1
9308,2104,10.0836,1
9309,2105,9.8819,0
9310,2106,9.87,0
9311,2107,9.839,0
9312,2108,9.7529,0
9313,2109,9.8976,0
9314,2110,10.7159,1
9315,2111,9.9808,0
9316,2112,9.9735,0
9317,2113,10.8625,1
9318,2114,10.9372,1
9319,2115,10.1746,1
9320,2116,10.0158,1
9321,2117,9.8184,0
9322,2118,9.8659,0
9323,2119,9.8155,0
9324,2120,9.7614,0
9325,2121,10.1261,1
9326,2122,9.9332,0
9327,2123,11.0569,1
9328,2124,11.3403,1
9329,2125,10.6737,1
9330,2126,9.9714,0
9331,2127,10.3136,1
9332,2128,9.8509,0
9333,2129,9.8298,0
9334,2130,10.4688,1
9335,2131,10.5705,1
9336,2132,10.1344,1
9337,2133,10.0938,1
9338,2134,10.2215,1
9339,2135,11.4077,1
9340,2136,10.5544,1
9341,2137,9.9619,0
9342,2138,9.9224,0
9343,2139,10.4624,1
9344,2140,10.1738,1
9345,2141,10.0271,1
9346,2142,9.9713,0
9347,2143,9.8313,0
9348,2144,9.9193,0
9349,2145,10.7646,1
9350,2146,11.016,1
9351,2147,10.3759,1
9352,2148,10.5148,1
9353,2149,10.4772,1
9354,2150,10.3739,1
9355,2151,10.199,1
9356,2152,10.1639,1
9357,2153,10.4866,1
9358,2154,10.0793,1
9359,2155,9.802,0
9360,2156,10.8947,1
9361,2157,10.8504,1
9362,2158,10.1224,1
9363,2159,10.1013,1
9364,2160,9.8443,0
9365,2161,9.7465,0
9366,2162,9.9837,0
9367,2163,9.874,0
9368,2164,9.8915,0
9369,2165,10.1081,1
9370,2166,9.8222,0
9371,2167,11.9799,1
9372,2168,12.9541,1
9373,2169,11.2174,1
9374,2170,11.0808,1
9375,2171,10.6703,1
9376,2172,10.2633,1
9377,2173,10.2528,1
9378,2174,10.6459,1
9379,2175,10.8192,1
9380,2176,10.1839,1
9381,2177,10.1833,1
9382,2178,10.335,1
9383,2179,10.1073,1
9384,2180,9.9664,0
9385,2181,9.9014,0
9386,2182,11.1152,1
9387,2183,10.2721,1
9388,2184,10.7154,1
9389,2185,10.2631,1
9390,2186,9.8129,0
9391,2187,10.2236,1
9392,2188,11.0897,1
9393,2189,10.224,1
9394,2190,9.9598,0
9395,2191,9.9547,0
9396,2192,9.7742,0
9397,2193,9.9433,0
9398,2194,9.7633,0
9399,2195,9.7453,0
9400,2196,9.8556,0
9401,2197,10.805,1
9402,2198,10.9505,1
9403,2199,11.2463,1
9404,2200,10.1501,1
9405,2201,9.9537,0
9406,2202,9.9077,0
9407,2203,10.141,1
9408,2204,10.1204,1
9409,2205,9.802,0
9410,2206,10.0396,1
9411,2207,9.7897,0
9412,2208,9.8941,0
9413,2209,10.9751,1
9414,2210,10.8601,1
9415,2211,10.0818,1
9416,2212,9.7979,0
9417,2213,9.7496,0
9418,2214,9.9751,0
9419,2215,10.3741,1
9420,2216,10.0971,1
9421,2217,10.1617,1
9422,2218,9.8552,0
9423,2219,9.8545,0
9424,2220,11.2125,1
9425,2221,11.6448,1
9426,2222,10.0622,1
9427,2223,9.8402,0
9428,2224,10.1729,1
9429,2225,10.0111,1
9430,2226,9.8835,0
9431,2227,9.8404,0
9432,2228,9.8787,0
9433,2229,9.9823,0
9434,2230,10.0503,1
9435,2231,11.2301,1
9436,2232,10.4908,1
9437,2233,9.9795,0
9438,2234,9.912,0
9439,2235,11.4811,1
9440,2236,11.3836,1
9441,2237,10.2282,1
9442,2238,9.8889,0
9443,2239,10.0681,1
9444,2240,9.9705,0
9445,2241,12.1698,1
9446,2242,11.4131,1
9447,2243,10.2108,1
9448,2244,9.9321,0
9449,2245,9.8587,0
9450,2246,9.9318,0
9451,2247,9.8878,0
9452,2248,9.8637,0
9453,2249,10.0205,1
9454,2250,9.9425,0
9455,2251,9.827,0
9456,2252,11.184,1
9457,2253,10.6006,1
9458,2254,9.836,0
9459,2255,9.9038,0
9460,2256,9.7832,0
9461,2257,9.7818,0
9462,2258,9.9056,0
9463,2259,9.8939,0
9464,2260,9.8654,0
9465,2261,9.8972,0
9466,2262,9.777,0
9467,2263,11.1604,1
9468,2264,10.7016,1
9469,2265,9.8752,0
9470,2266,10.0407,1
9471,2267,9.8625,0
9472,2268,9.7852,0
9473,2269,9.8184,0
9474,2270,9.9357,0
9475,2271,9.853,0
9476,2272,10.0997,1
9477,2273,10.1931,1
9478,2274,11.0522,1
9479,2275,10.4929,1
9480,2276,10.1231,1
9481,2277,9.8978,0
9482,2278,9.9021,0
9483,2279,9.8126,0
9484,2280,9.8074,0
9485,2281,10.1468,1
9486,2282,9.7967,0
9487,2283,9.8636,0
9488,2284,10.2528,1
9489,2285,12.6127,1
9490,2286,11.0683,1
9491,2287,11.3761,1
9492,2288,12.2083,1
9493,2289,10.3561,1
9494,2290,9.8435,0
9495,2291,9.9542,0
9496,2292,9.838,0
9497,2293,10.1567,1
9498,2294,11.3123,1
9499,2295,10.3119,1
9500,2296,10.2456,1
9501,2297,10.1843,1
9502,2298,10.0453,1
9503,2299,10.084,1
9504,2300,9.8826,0
9505,2301,10.1663,1
9506,2302,9.7558,0
9507,2303,9.49,0
9508,2304,9.8793,0
9509,2305,10.4378,1
9510,2306,9.8451,0
9511,2307,9.8783,0
9512,2308,9.8811,0
9513,2309,11.0724,1
9514,2310,10.7616,1
9515,2311,9.9558,0
9516,2312,10.4563,1
9517,2313,10.3377,1
9518,2314,9.9048,0
9519,2315,9.7973,0
9520,2316,9.8858,0
9521,2317,10.2408,1
9522,2318,10.4669,1
9523,2319,10.2464,1
9524,2320,9.8767,0
9525,2321,10.745,1
9526,2322,11.4509,1
9527,2323,10.2672,1
9528,2324,9.9478,0
9529,2325,9.947,0
9530,2326,9.7644,0
9531,2327,9.9532,0
9532,2328,10.3829,1
9533,2329,9.7453,0
9534,2330,10.3965,1
9535,2331,9.7044,0
9536,2332,11.0528,1
9537,2333,11.1637,1
9538,2334,11.2188,1
9539,2335,10.0974,1
9540,2336,10.0464,1
9541,2337,9.9092,0
9542,2338,9.9168,0
9543,2339,9.8901,0
9544,2340,9.9275,0
9545,2341,11.4354,1
9546,2342,10.786,1
9547,2343,9.925,0
9548,2344,10.2553,1
9549,2345,10.6682,1
9550,2346,10.9408,1
9551,2347,10.2137,1
9552,2348,10.0857,1
9553,2349,9.7848,0
9554,2350,9.8581,0
9555,2351,10.4291,1
9556,2352,9.8219,0
9557,2353,10.5002,1
9558,2354,9.8944,0
9559,2355,10.3497,1
9560,2356,10.2795,1
9561,2357,9.8164,0
9562,2358,10.907,1
9563,2359,10.2703,1
9564,2360,9.7367,0
9565,2361,9.6028,0
9566,2362,9.5897,0
9567,2363,9.6731,0
9568,2364,10.2233,1
9569,2365,9.7548,0
9570,2366,10.083,1
9571,2367,9.534,0
9572,2368,9.4556,0
9573,2369,11.1155,1
9574,2370,10.7297,1
9575,2371,9.9095,0
9576,2372,9.987,0
9577,2373,10.6166,1
9578,2374,9.9304,0
9579,2375,11.4064,1
9580,2376,12.0775,1
9581,2377,10.0202,1
9582,2378,9.8938,0
9583,2379,10.1379,1
9584,2380,9.5968,0
9585,2381,11.0327,1
9586,2382,10.1533,1
9587,2383,9.6075,0
9588,2384,9.8092,0
9589,2385,9.5967,0
9590,2386,9.9749,0
9591,2387,10.3058,1
9592,2388,9.7641,0
9593,2389,9.752,0
9594,2390,10.0992,1
9595,2391,9.6917,0
9596,2392,10.8511,1
9597,2393,10.794,1
9598,2394,10.3793,1
9599,2395,11.2976,1
9600,2396,10.2525,1
9601,2397,10.1358,1
9602,2398,11.0607,1
9603,2399,10.8593,1
9604,2400,9.9067,0
9605,2401,9.9306,0
9606,2402,10.175,1
9607,2403,10.1499,1
9608,2404,11.0439,1
9609,2405,10.6701,1
9610,2406,9.9734,0
9611,2407,9.9265,0
9612,2408,9.8132,0
9613,2409,10.5684,1
9614,2410,9.8887,0
9615,2411,10.5725,1
9616,2412,9.8384,0
9617,2413,9.9492,0
9618,2414,10.9823,1
9619,2415,11.251,1
9620,2416,10.9878,1
9621,2417,11.6115,1
9622,2418,11.17,1
9623,2419,9.9913,0
9624,2420,9.8102,0
9625,2421,10.2755,1
9626,2422,10.2394,1
9627,2423,9.9855,0
9628,2424,9.7581,0
9629,2425,9.9405,0
9630,2426,9.8426,0
9631,2427,9.7955,0
9632,2428,9.7459,0
9633,2429,9.6601,0
9634,2430,9.5732,0
9635,2431,9.7205,0
9636,2432,10.4452,1
9637,2433,10.4539,1
9638,2434,9.7555,0
9639,2435,9.7308,0
9640,2436,11.1305,1
9641,2437,10.9821,1
9642,2438,9.9371,0
9643,2439,10.7997,1
9644,2440,10.0787,1
9645,2441,9.7989,0
9646,2442,9.948,0
9647,2443,9.8803,0
9648,2444,9.8489,0
9649,2445,10.0138,1
9650,2446,9.9577,0
9651,2447,12.0306,1
9652,2448,10.7789,1
9653,2449,10.0371,1
9654,2450,9.8608,0
9655,2451,9.9526,0
9656,2452,9.8134,0
9657,2453,9.8029,0
9658,2454,9.9038,0
9659,2455,9.7677,0
9660,2456,10.4443,1
9661,2457,10.7496,1
9662,2458,11.0911,1
9663,2459,10.2879,1
9664,2460,10.1433,1
9665,2461,9.8684,0
9666,2462,10.4956,1
9667,2463,10.1621,1
9668,2464,9.7718,0
9669,2465,9.5665,0
9670,2466,9.9703,0
9671,2467,9.7199,0
9672,2468,10.5771,1
9673,2469,11.0014,1
9674,2470,10.012,1
9675,2471,9.6011,0
9676,2472,9.6462,0
9677,2473,9.9444,0
9678,2474,9.7817,0
9679,2475,9.8258,0
9680,2476,10.0374,1
9681,2477,9.9483,0
9682,2478,10.5659,1
9683,2479,11.5246,1
9684,2480,11.3062,1
9685,2481,10.1989,1
9686,2482,9.8687,0
9687,2483,9.9566,0
9688,2484,10.0017,1
9689,2485,9.856,0
9690,2486,9.9242,0
9691,2487,9.7893,0
9692,2488,10.0851,1
9693,2489,9.6387,0
9694,2490,11.108,1
9695,2491,10.568,1
9696,2492,9.9877,0
9697,2493,10.2059,1
9698,2494,10.635,1
9699,2495,10.0122,1
9700,2496,9.8545,0
9701,2497,9.8172,0
9702,2498,9.9224,0
9703,2499,10.1831,1
9704,2500,11.8732,1
9705,2501,11.8837,1
9706,2502,11.073,1
9707,2503,10.2983,1
9708,2504,10.0238,1
9709,2505,10.0695,1
9710,2506,9.9065,0
9711,2507,10.0099,1
9712,2508,10.0866,1
9713,2509,9.8859,0
9714,2510,10.1746,1
9715,2511,11.5203,1
9716,2512,10.8452,1
9717,2513,10.1277,1
9718,2514,13.1,1
9719,2515,10.7123,1
9720,2516,9.852,0
9721,2517,9.8957,0
9722,2518,10.2347,1
9723,2519,9.8686,0
9724,2520,9.9036,0
9725,2521,10.3657,1
9726,2522,11.0734,1
9727,2523,10.4821,1
9728,2524,10.5775,1
9729,2525,10.1082,1
9730,2526,10.017,1
9731,2527,10.7666,1
9732,2528,10.1029,1
9733,2529,9.8501,0
9734,2530,9.9057,0
9735,2531,9.8686,0
9736,2532,10.5816,1
9737,2533,12.8279,1
9738,2534,10.9769,1
9739,2535,12.3591,1
9740,2536,11.5132,1
9741,2537,10.4198,1
9742,2538,10.182,1
9743,2539,10.3401,1
9744,2540,10.8268,1
9745,2541,10.2868,1
9746,2542,10.0626,1
9747,2543,10.1151,1
9748,2544,10.1928,1
9749,2545,10.0336,1
9750,2546,9.9302,0
9751,2547,10.1292,1
9752,2548,9.8772,0
9753,2549,9.707,0
9754,2550,10.0502,1
9755,2551,10.0085,1
9756,2552,11.4242,1
9757,2553,11.885,1
9758,2554,10.7214,1
9759,2555,10.2389,1
9760,2556,9.9978,0
9761,2557,10.4512,1
9762,2558,9.9406,0
9763,2559,10.2331,1
9764,2560,10.4296,1
9765,2561,9.5686,0
9766,2562,9.994,0
9767,2563,11.5438,1
9768,2564,11.1766,1
9769,2565,10.1144,1
9770,2566,9.8321,0
9771,2567,9.8894,0
9772,2568,9.7526,0
9773,2569,9.8606,0
9774,2570,10.3815,1
9775,2571,10.114,1
9776,2572,10.0042,1
9777,2573,9.6554,0
9778,2574,11.0353,1
9779,2575,11.8505,1
9780,2576,10.1165,1
9781,2577,10.004,1
9782,2578,10.0352,1
9783,2579,9.9237,0
9784,2580,9.8473,0
9785,2581,9.8379,0
9786,2582,9.8062,0
9787,2583,9.6578,0
9788,2584,9.7319,0
9789,2585,11.2979,1
9790,2586,10.6087,1
9791,2587,9.9453,0
9792,2588,9.9177,0
9793,2589,9.7617,0
9794,2590,9.666,0
9795,2591,9.8587,0
9796,2592,9.7519,0
9797,2593,9.9129,0
9798,2594,9.8292,0
9799,2595,9.7598,0
9800,2596,11.401,1
9801,2597,11.3039,1
9802,2598,10.092,1
9803,2599,9.8874,0
9804,2600,9.9281,0
9805,2601,9.717,0
9806,2602,9.7798,0
9807,2603,10.0647,1
9808,2604,11.3947,1
9809,2605,10.5347,1
9810,2606,11.0673,1
9811,2607,11.0993,1
9812,2608,10.5223,1
9813,2609,9.9612,0
9814,2610,9.7598,0
9815,2611,10.1729,1
9816,2612,9.8954,0
9817,2613,9.7907,0
9818,2614,9.8785,0
9819,2615,9.8334,0
9820,2616,9.8776,0
9821,2617,11.4625,1
9822,2618,11.2733,1
9823,2619,11.3496,1
9824,2620,10.1768,1
9825,2621,9.8211,0
9826,2622,9.7834,0
9827,2623,9.876,0
9828,2624,9.8193,0
9829,2625,9.8258,0
9830,2626,9.9667,0
9831,2627,9.8171,0
9832,2628,11.1822,1
9833,2629,10.825,1
9834,2630,9.6874,0
9835,2631,11.4571,1
9836,2632,10.2029,1
9837,2633,9.81,0
9838,2634,11.1463,1
9839,2635,11.0503,1
9840,2636,9.7437,0
9841,2637,9.9819,0
9842,2638,10.3479,1
9843,2639,11.3881,1
9844,2640,10.4168,1
9845,2641,10.0715,1
9846,2642,9.5679,0
9847,2643,10.1644,1
9848,2644,10.3685,1
9849,2645,9.914,0
9850,2646,10.0703,1
9851,2647,9.8854,0
9852,2648,9.7719,0
9853,2649,11.5628,1
9854,2650,11.3795,1
9855,2651,11.9365,1
9856,2652,10.8401,1
9857,2653,10.247,1
9858,2654,9.7102,0
9859,2655,10.095,1
9860,2656,10.5798,1
9861,2657,11.4127,1
9862,2658,10.9735,1
9863,2659,10.331,1
9864,2660,10.2067,1
9865,2661,10.1544,1
9866,2662,9.9218,0
9867,2663,9.914,0
9868,2664,9.8213,0
9869,2665,9.765,0
9870,2666,9.8818,0
9871,2667,10.0144,1
9872,2668,9.8004,0
9873,2669,9.8661,0
9874,2670,9.8301,0
9875,2671,9.7768,0
9876,2672,10.9658,1
9877,2673,10.5486,1
9878,2674,9.8959,0
9879,2675,9.8725,0
9880,2676,9.8322,0
9881,2677,9.8544,0
9882,2678,9.9409,0
9883,2679,9.9106,0
9884,2680,9.8346,0
9885,2681,9.8166,0
9886,2682,9.8022,0
9887,2683,11.3221,1
9888,2684,10.8793,1
9889,2685,11.9945,1
9890,2686,10.1992,1
9891,2687,9.9479,0
9892,2688,9.7482,0
9893,2689,9.8121,0
9894,2690,10.34,1
9895,2691,10.0073,1
9896,2692,10.2054,1
9897,2693,10.0352,1
9898,2694,9.8782,0
9899,2695,10.0274,1
9900,2696,10.877,1
9901,2697,11.1289,1
9902,2698,10.4118,1
9903,2699,10.7469,1
9904,2700,11.4772,1
9905,2701,10.5945,1
9906,2702,9.7299,0
9907,2703,9.5054,0
9908,2704,10.3562,1
9909,2705,10.4557,1
9910,2706,9.7354,0
9911,2707,9.9386,0
9912,2708,12.1679,1
9913,2709,13.9416,1
9914,2710,11.0404,1
9915,2711,10.0971,1
9916,2712,9.8888,0
9917,2713,9.8084,0
9918,2714,9.8752,0
9919,2715,9.8969,0
9920,2716,9.9236,0
9921,2717,9.8151,0
9922,2718,10.4093,1
9923,2719,12.5463,1
9924,2720,11.6748,1
9925,2721,10.7421,1
9926,2722,9.7361,0
9927,2723,9.5799,0
9928,2724,9.6297,0
9929,2725,9.5731,0
9930,2726,10.6545,1
9931,2727,10.7762,1
9932,2728,9.9973,0
9933,2729,9.8437,0
9934,2730,10.0311,1
9935,2731,9.9103,0
9936,2732,10.4933,1
9937,2733,11.1518,1
9938,2734,10.2431,1
9939,2735,10.4172,1
9940,2736,9.7215,0
9941,2737,10.1498,1
9942,2738,9.9246,0
9943,2739,9.937,0
9944,2740,9.7497,0
9945,2741,9.8255,0
9946,2742,10.3827,1
9947,2743,10.3968,1
9948,2744,10.1951,1
9949,2745,11.1524,1
9950,2746,10.416,1
9951,2747,10.0901,1
9952,2748,9.9973,0
9953,2749,9.8161,0
9954,2750,9.8101,0
9955,2751,9.8698,0
9956,2752,9.89,0
9957,2753,9.8198,0
9958,2754,9.9018,0
9959,2755,9.7973,0
9960,2756,9.7377,0
9961,2757,10.876,1
9962,2758,10.9985,1
9963,2759,9.9558,0
9964,2760,9.9413,0
9965,2761,10.9183,1
9966,2762,10.5863,1
9967,2763,10.3497,1
9968,2764,9.9579,0
9969,2765,10.9382,1
9970,2766,10.1898,1
9971,2767,9.9664,0
9972,2768,9.8838,0
9973,2769,10.7876,1
9974,2770,10.885,1
9975,2771,10.1622,1
9976,2772,9.9225,0
9977,2773,9.8183,0
9978,2774,9.8594,0
9979,2775,9.8843,0
9980,2776,9.7974,0
9981,2777,10.4653,1
9982,2778,10.0442,1
9983,2779,9.7734,0
9984,2780,10.0462,1
9985,2781,12.1397,1
9986,2782,12.5132,1
9987,2783,11.2046,1
9988,2784,11.0631,1
9989,2785,10.5842,1
9990,2786,10.3404,1
9991,2787,9.9945,0
9992,2788,10.2901,1
9993,2789,11.1009,1
9994,2790,10.6769,1
9995,2791,10.2783,1
9996,2792,10.3197,1
9997,2793,10.0898,1
9998,2794,10.4325,1
9999,2795,10.0367,1
10000,2796,9.9783,0
