iteration,input_index,latency_ms,over_10ms
1,1,2.233,0
2,2,2.1983,0
3,3,2.2719,0
4,4,2.1792,0
5,5,2.4066,0
6,6,2.1795,0
7,7,2.1598,0
8,8,2.1377,0
9,9,2.1277,0
10,10,2.1311,0
11,11,2.1349,0
12,12,2.1248,0
13,13,2.1197,0
14,14,2.1338,0
15,15,2.1398,0
16,16,2.1399,0
17,17,2.2166,0
18,18,2.1617,0
19,19,2.1458,0
20,20,2.1275,0
21,21,2.1212,0
22,22,2.1284,0
23,23,2.1522,0
24,24,2.1235,0
25,25,2.1311,0
26,26,2.1081,0
27,27,2.098,0
28,28,2.1015,0
29,29,2.1123,0
30,30,2.1099,0
31,31,2.2439,0
32,32,2.2859,0
33,33,2.4195,0
34,34,2.3539,0
35,35,2.2329,0
36,36,2.13,0
37,37,2.1288,0
38,38,2.1307,0
39,39,2.129,0
40,40,2.1099,0
41,41,2.0991,0
42,42,2.1146,0
43,43,2.1181,0
44,44,2.181,0
45,45,2.179,0
46,46,2.1623,0
47,47,2.1521,0
48,48,2.1239,0
49,49,2.1395,0
50,50,2.1363,0
51,51,2.1444,0
52,52,2.1095,0
53,53,2.1305,0
54,54,2.1138,0
55,55,2.143,0
56,56,2.1255,0
57,57,2.1664,0
58,58,2.1634,0
59,59,2.1514,0
60,60,2.1177,0
61,61,2.1148,0
62,62,2.11,0
63,63,2.1304,0
64,64,2.1,0
65,65,2.104,0
66,66,2.1463,0
67,67,2.1455,0
68,68,2.1297,0
69,69,2.1063,0
70,70,2.0946,0
71,71,2.1186,0
72,72,2.0997,0
73,73,2.1321,0
74,74,2.0977,0
75,75,2.132,0
76,76,2.1287,0
77,77,2.1269,0
78,78,2.1275,0
79,79,2.1072,0
80,80,2.1269,0
81,81,2.1386,0
82,82,2.1598,0
83,83,2.3214,0
84,84,2.4172,0
85,85,2.3619,0
86,86,2.2065,0
87,87,2.1437,0
88,88,2.1186,0
89,89,2.1317,0
90,90,2.1167,0
91,91,2.1346,0
92,92,2.1293,0
93,93,2.2071,0
94,94,2.0992,0
95,95,2.1031,0
96,96,2.1194,0
97,97,2.145,0
98,98,2.129,0
99,99,2.1252,0
100,100,2.1632,0
101,101,2.1256,0
102,102,2.1204,0
103,103,2.0942,0
104,104,2.0892,0
105,105,2.1174,0
106,106,2.1117,0
107,107,2.1248,0
108,108,2.16,0
109,109,2.1494,0
110,110,2.1193,0
111,111,2.143,0
112,112,2.1267,0
113,113,2.1257,0
114,114,2.1833,0
115,115,2.1093,0
116,116,2.1101,0
117,117,2.103,0
118,118,2.1418,0
119,119,2.1872,0
120,120,2.1555,0
121,121,2.1418,0
122,122,2.1228,0
123,123,2.1301,0
124,124,2.1275,0
125,125,2.1127,0
126,126,2.1479,0
127,127,2.1778,0
128,128,2.1539,0
129,129,2.1255,0
130,130,2.1115,0
131,131,2.0985,0
132,132,2.093,0
133,133,2.0901,0
134,134,2.2542,0
135,135,2.324,0
136,136,2.3973,0
137,137,2.2635,0
138,138,2.1216,0
139,139,2.1086,0
140,140,2.1014,0
141,141,2.1001,0
142,142,2.1601,0
143,143,2.1219,0
144,144,2.1047,0
145,145,2.1074,0
146,146,2.091,0
147,147,2.095,0
148,148,2.1116,0
149,149,2.137,0
150,150,2.1301,0
151,151,2.0973,0
152,152,2.0967,0
153,153,2.0919,0
154,154,2.125,0
155,155,2.169,0
156,156,2.2044,0
157,157,2.1351,0
158,158,2.1237,0
159,159,2.1179,0
160,160,2.1232,0
161,161,2.1329,0
162,162,2.1263,0
163,163,2.1051,0
164,164,1.9955,0
165,165,1.9451,0
166,166,1.9376,0
167,167,1.9615,0
168,168,1.9684,0
169,169,1.9736,0
170,170,1.9403,0
171,171,2.2546,0
172,172,2.0276,0
173,173,2.0572,0
174,174,2.0113,0
175,175,1.9527,0
176,176,1.9476,0
177,177,1.936,0
178,178,1.9326,0
179,179,2.0113,0
180,180,1.9273,0
181,181,1.909,0
182,182,1.9206,0
183,183,1.933,0
184,184,1.9398,0
185,185,1.9553,0
186,186,2.0173,0
187,187,2.0735,0
188,188,2.1651,0
189,189,2.1622,0
190,190,2.1037,0
191,191,2.0437,0
192,192,2.0154,0
193,193,1.9401,0
194,194,1.93,0
195,195,1.962,0
196,196,1.9214,0
197,197,1.9694,0
198,198,1.9732,0
199,199,1.9354,0
200,200,1.9593,0
201,201,2.0393,0
202,202,2.0964,0
203,203,2.1669,0
204,204,2.5019,0
205,205,2.1576,0
206,206,2.2253,0
207,207,2.2452,0
208,208,2.1613,0
209,209,2.1311,0
210,210,2.0923,0
211,211,2.0902,0
212,212,2.1403,0
213,213,2.1265,0
214,214,2.0994,0
215,215,2.1456,0
216,216,2.0766,0
217,217,2.1129,0
218,218,2.0741,0
219,219,2.0675,0
220,220,2.0775,0
221,221,2.0737,0
222,222,2.1316,0
223,223,2.1052,0
224,224,2.1337,0
225,225,2.1928,0
226,226,2.2265,0
227,227,2.2703,0
228,228,2.2716,0
229,229,2.3938,0
230,230,2.2618,0
231,231,2.159,0
232,232,2.1411,0
233,233,2.1022,0
234,234,2.1102,0
235,235,2.1164,0
236,236,2.1261,0
237,237,2.1126,0
238,238,2.1033,0
239,239,2.0761,0
240,240,2.3031,0
241,241,2.3496,0
242,242,2.4104,0
243,243,2.4736,0
244,244,2.2981,0
245,245,2.2052,0
246,246,2.2021,0
247,247,2.209,0
248,248,2.2333,0
249,249,2.2593,0
250,250,2.301,0
251,251,2.2985,0
252,252,2.3079,0
253,253,2.2771,0
254,254,2.3282,0
255,255,2.3267,0
256,256,2.3051,0
257,257,2.2418,0
258,258,2.2847,0
259,259,2.1436,0
260,260,2.1854,0
261,261,2.1782,0
262,262,2.1481,0
263,263,2.1452,0
264,264,2.1157,0
265,265,2.1096,0
266,266,2.1255,0
267,267,2.1362,0
268,268,2.2436,0
269,269,2.2423,0
270,270,2.149,0
271,271,2.0954,0
272,272,2.1032,0
273,273,2.0935,0
274,274,2.1685,0
275,275,2.1277,0
276,276,2.0974,0
277,277,2.0995,0
278,278,2.0692,0
279,279,1.9786,0
280,280,1.9772,0
281,281,1.9906,0
282,282,1.9949,0
283,283,2.0251,0
284,284,2.0537,0
285,285,1.9969,0
286,286,1.9998,0
287,287,1.9828,0
288,288,1.9846,0
289,289,1.9843,0
290,290,1.9937,0
291,291,2.015,0
292,292,1.9917,0
293,293,1.9851,0
294,294,2.0164,0
295,295,1.9538,0
296,296,2.1001,0
297,297,1.9673,0
298,298,1.983,0
299,299,2.0077,0
300,300,1.9311,0
301,301,1.939,0
302,302,1.9408,0
303,303,1.9377,0
304,304,1.9436,0
305,305,1.936,0
306,306,1.9553,0
307,307,1.9727,0
308,308,1.952,0
309,309,1.9306,0
310,310,1.9581,0
311,311,1.921,0
312,312,1.9361,0
313,313,1.9367,0
314,314,2.2604,0
315,315,2.2259,0
316,316,2.1562,0
317,317,2.1701,0
318,318,2.1206,0
319,319,2.0987,0
320,320,2.1042,0
321,321,2.0865,0
322,322,2.125,0
323,323,2.1322,0
324,324,2.0728,0
325,325,2.1709,0
326,326,2.1891,0
327,327,2.7446,0
328,328,2.7514,0
329,329,2.6134,0
330,330,2.2652,0
331,331,3.5365,0
332,332,2.2141,0
333,333,2.0971,0
334,334,2.0731,0
335,335,2.0904,0
336,336,2.0816,0
337,337,2.0968,0
338,338,2.0901,0
339,339,2.0936,0
340,340,2.1315,0
341,341,2.1528,0
342,342,2.1305,0
343,343,2.1164,0
344,344,2.2086,0
345,345,2.117,0
346,346,2.0963,0
347,347,2.1327,0
348,348,2.1111,0
349,349,2.1444,0
350,350,2.2386,0
351,351,2.348,0
352,352,2.3059,0
353,353,2.1809,0
354,354,2.1124,0
355,355,2.1937,0
356,356,2.0815,0
357,357,2.0834,0
358,358,2.0972,0
359,359,2.0844,0
360,360,2.1113,0
361,361,2.1313,0
362,362,2.1119,0
363,363,2.1094,0
364,364,2.1113,0
365,365,2.1053,0
366,366,2.0985,0
367,367,2.107,0
368,368,2.0768,0
369,369,2.1657,0
370,370,2.1152,0
371,371,2.1135,0
372,372,2.1137,0
373,373,2.0818,0
374,374,2.0828,0
375,375,2.097,0
376,376,2.1047,0
377,377,2.1237,0
378,378,2.1138,0
379,379,2.0896,0
380,380,2.0867,0
381,381,2.0812,0
382,382,2.068,0
383,383,2.1355,0
384,384,2.1124,0
385,385,2.0754,0
386,386,2.0905,0
387,387,2.0961,0
388,388,2.1041,0
389,389,2.0772,0
390,390,2.1051,0
391,391,2.0922,0
392,392,2.0992,0
393,393,2.0976,0
394,394,2.0762,0
395,395,2.0738,0
396,396,2.0691,0
397,397,2.1147,0
398,398,2.0751,0
399,399,2.0864,0
400,400,2.0664,0
401,401,2.1126,0
402,402,2.2066,0
403,403,2.3349,0
404,404,2.2902,0
405,405,2.1772,0
406,406,2.0835,0
407,407,2.0796,0
408,408,2.0851,0
409,409,2.1065,0
410,410,2.0938,0
411,411,2.2499,0
412,412,2.2752,0
413,413,2.0875,0
414,414,2.0791,0
415,415,2.0897,0
416,416,2.0676,0
417,417,2.0674,0
418,418,2.0914,0
419,419,2.0907,0
420,420,2.0903,0
421,421,2.0765,0
422,422,2.088,0
423,423,2.0649,0
424,424,2.0786,0
425,425,2.1165,0
426,426,2.0835,0
427,427,2.1303,0
428,428,2.1405,0
429,429,2.1269,0
430,430,2.107,0
431,431,2.0795,0
432,432,2.0601,0
433,433,2.0724,0
434,434,2.1105,0
435,435,2.1217,0
436,436,2.0968,0
437,437,2.1089,0
438,438,2.0873,0
439,439,2.098,0
440,440,2.1441,0
441,441,2.0925,0
442,442,2.0903,0
443,443,2.0976,0
444,444,2.086,0
445,445,2.0781,0
446,446,2.1053,0
447,447,2.1089,0
448,448,2.1145,0
449,449,2.0851,0
450,450,2.0924,0
451,451,2.0723,0
452,452,2.0687,0
453,453,2.1372,0
454,454,2.2307,0
455,455,2.3457,0
456,456,2.3889,0
457,457,2.2222,0
458,458,2.1224,0
459,459,2.0943,0
460,460,2.4858,0
461,461,2.163,0
462,462,2.1839,0
463,463,2.1423,0
464,464,2.1141,0
465,465,2.379,0
466,466,2.1802,0
467,467,2.1283,0
468,468,2.2086,0
469,469,2.1053,0
470,470,2.1015,0
471,471,2.093,0
472,472,2.0968,0
473,473,2.0851,0
474,474,2.0866,0
475,475,2.1334,0
476,476,2.0899,0
477,477,2.0751,0
478,478,2.0748,0
479,479,2.0815,0
480,480,2.0783,0
481,481,2.0664,0
482,482,2.2304,0
483,483,2.0895,0
484,484,2.0838,0
485,485,2.1024,0
486,486,2.2776,0
487,487,2.1651,0
488,488,2.0951,0
489,489,2.0914,0
490,490,2.0744,0
491,491,2.0657,0
492,492,2.0933,0
493,493,2.0764,0
494,494,2.0845,0
495,495,2.0663,0
496,496,2.1159,0
497,497,2.1001,0
498,498,2.0875,0
499,499,2.0697,0
500,500,2.0663,0
501,501,2.0614,0
502,502,2.0683,0
503,503,2.0597,0
504,504,2.2453,0
505,505,2.0934,0
506,506,2.0752,0
507,507,2.0802,0
508,508,2.055,0
509,509,2.1066,0
510,510,2.126,0
511,511,2.0597,0
512,512,2.1407,0
513,513,2.3238,0
514,514,2.3953,0
515,515,2.2009,0
516,516,2.1054,0
517,517,2.0763,0
518,518,2.0663,0
519,519,2.0817,0
520,520,2.063,0
521,521,2.0804,0
522,522,2.0608,0
523,523,2.0523,0
524,524,2.0706,0
525,525,2.052,0
526,526,2.0686,0
527,527,2.0759,0
528,528,2.0971,0
529,529,2.0575,0
530,530,2.0534,0
531,531,2.0662,0
532,532,2.0545,0
533,533,2.0515,0
534,534,2.0663,0
535,535,2.0614,0
536,536,2.0814,0
537,537,2.0513,0
538,538,2.0514,0
539,539,2.0983,0
540,540,2.0596,0
541,541,2.09,0
542,542,2.0978,0
543,543,2.1002,0
544,544,2.0807,0
545,545,2.0833,0
546,546,2.0549,0
547,547,2.0803,0
548,548,2.1124,0
549,549,2.0836,0
550,550,2.0852,0
551,551,2.0986,0
552,552,2.0947,0
553,553,2.1115,0
554,554,2.0934,0
555,555,2.0928,0
556,556,2.0846,0
557,557,2.0599,0
558,558,2.0574,0
559,559,2.0843,0
560,560,2.0692,0
561,561,2.1068,0
562,562,2.0823,0
563,563,2.071,0
564,564,2.2245,0
565,565,2.2978,0
566,566,2.3862,0
567,567,2.2194,0
568,568,2.0739,0
569,569,2.0799,0
570,570,2.063,0
571,571,2.0715,0
572,572,2.0731,0
573,573,2.0595,0
574,574,2.0833,0
575,575,2.0893,0
576,576,2.0953,0
577,577,2.08,0
578,578,2.1115,0
579,579,2.0676,0
580,580,2.0898,0
581,581,2.0718,0
582,582,2.0868,0
583,583,2.0802,0
584,584,2.0687,0
585,585,2.0634,0
586,586,2.0713,0
587,587,2.0619,0
588,588,2.0427,0
589,589,2.066,0
590,590,2.0535,0
591,591,2.0737,0
592,592,2.0796,0
593,593,2.0721,0
594,594,2.0658,0
595,595,2.0741,0
596,596,2.0914,0
597,597,2.0838,0
598,598,2.0537,0
599,599,2.0447,0
600,600,2.0736,0
601,601,2.0998,0
602,602,2.0754,0
603,603,2.0801,0
604,604,2.0655,0
605,605,2.0648,0
606,606,2.0719,0
607,607,2.0669,0
608,608,2.0571,0
609,609,2.0849,0
610,610,2.0862,0
611,611,2.045,0
612,612,2.0478,0
613,613,2.0459,0
614,614,2.0709,0
615,615,2.085,0
616,616,2.0973,0
617,617,2.2825,0
618,618,2.3516,0
619,619,2.3219,0
620,620,2.1851,0
621,621,2.1011,0
622,622,2.0773,0
623,623,2.0477,0
624,624,2.1372,0
625,625,2.0684,0
626,626,2.0604,0
627,627,2.0564,0
628,628,2.0784,0
629,629,2.0761,0
630,630,2.0465,0
631,631,2.0639,0
632,632,2.0701,0
633,633,2.0514,0
634,634,2.0669,0
635,635,2.0336,0
636,636,2.056,0
637,637,2.0827,0
638,638,2.2705,0
639,639,2.4458,0
640,640,2.3212,0
641,641,2.0758,0
642,642,2.0511,0
643,643,2.0417,0
644,644,2.0207,0
645,645,2.1858,0
646,646,2.0868,0
647,647,2.0403,0
648,648,2.0265,0
649,649,2.0314,0
650,650,2.0624,0
651,651,2.0694,0
652,652,2.0226,0
653,653,2.1255,0
654,654,2.0195,0
655,655,2.0146,0
656,656,2.0603,0
657,657,2.0304,0
658,658,2.0222,0
659,659,2.0362,0
660,660,2.0365,0
661,661,2.0398,0
662,662,2.0296,0
663,663,2.0392,0
664,664,2.0358,0
665,665,2.0608,0
666,666,2.0968,0
667,667,2.0618,0
668,668,2.3062,0
669,669,2.3664,0
670,670,2.4348,0
671,671,2.3227,0
672,672,2.1732,0
673,673,2.0548,0
674,674,2.0566,0
675,675,2.0216,0
676,676,2.022,0
677,677,2.0282,0
678,678,2.0161,0
679,679,2.0333,0
680,680,2.0214,0
681,681,2.0341,0
682,682,2.1505,0
683,683,2.065,0
684,684,2.0376,0
685,685,2.0048,0
686,686,2.0057,0
687,687,2.0368,0
688,688,2.0198,0
689,689,2.0132,0
690,690,2.0091,0
691,691,2.0299,0
692,692,2.0473,0
693,693,2.0517,0
694,694,2.0559,0
695,695,2.0385,0
696,696,2.0222,0
697,697,2.1253,0
698,698,2.0214,0
699,699,2.0231,0
700,700,2.0128,0
701,701,2.0103,0
702,702,2.0507,0
703,703,2.038,0
704,704,2.0633,0
705,705,2.0185,0
706,706,2.0371,0
707,707,2.1252,0
708,708,2.2001,0
709,709,2.1167,0
710,710,2.0711,0
711,711,2.0762,0
712,712,2.0616,0
713,713,2.3788,0
714,714,2.3083,0
715,715,2.1432,0
716,716,2.0894,0
717,717,2.0857,0
718,718,2.0826,0
719,719,2.0786,0
720,720,2.135,0
721,721,2.56,0
722,722,2.4039,0
723,723,2.4502,0
724,724,2.4876,0
725,725,2.2782,0
726,726,2.079,0
727,727,2.0599,0
728,728,2.0562,0
729,729,2.0276,0
730,730,2.0356,0
731,731,2.0133,0
732,732,2.0477,0
733,733,2.0244,0
734,734,2.0113,0
735,735,2.2693,0
736,736,2.0941,0
737,737,2.0577,0
738,738,2.077,0
739,739,2.1763,0
740,740,2.0542,0
741,741,2.0595,0
742,742,2.057,0
743,743,2.0651,0
744,744,2.0627,0
745,745,2.0312,0
746,746,2.0332,0
747,747,2.0405,0
748,748,2.0741,0
749,749,2.0656,0
750,750,2.0547,0
751,751,2.0627,0
752,752,2.0785,0
753,753,2.0828,0
754,754,2.0797,0
755,755,2.063,0
756,756,2.0813,0
757,757,2.0879,0
758,758,2.0614,0
759,759,2.0383,0
760,760,2.0359,0
761,761,2.0537,0
762,762,2.03,0
763,763,2.0287,0
764,764,2.0247,0
765,765,2.0297,0
766,766,2.0491,0
767,767,2.0621,0
768,768,2.1273,0
769,769,2.0318,0
770,770,2.0446,0
771,771,2.0579,0
772,772,2.0929,0
773,773,2.2857,0
774,774,2.365,0
775,775,2.3369,0
776,776,2.1513,0
777,777,2.0723,0
778,778,2.0646,0
779,779,2.0594,0
780,780,2.0614,0
781,781,2.0706,0
782,782,2.1426,0
783,783,2.0438,0
784,784,2.0607,0
785,785,2.0442,0
786,786,2.0431,0
787,787,2.0445,0
788,788,2.0625,0
789,789,2.0565,0
790,790,2.0532,0
791,791,2.0601,0
792,792,2.0929,0
793,793,2.057,0
794,794,2.0684,0
795,795,2.0536,0
796,796,2.0476,0
797,797,2.1769,0
798,798,2.0415,0
799,799,2.0329,0
800,800,2.0579,0
801,801,2.0402,0
802,802,2.0678,0
803,803,2.0697,0
804,804,2.0488,0
805,805,2.0385,0
806,806,2.0458,0
807,807,2.0467,0
808,808,2.095,0
809,809,2.0504,0
810,810,2.0409,0
811,811,2.0834,0
812,812,2.0572,0
813,813,2.0395,0
814,814,2.0553,0
815,815,2.0318,0
816,816,2.0452,0
817,817,2.1048,0
818,818,2.0698,0
819,819,2.061,0
820,820,2.0543,0
821,821,2.0346,0
822,822,2.0698,0
823,823,2.053,0
824,824,2.0504,0
825,825,2.1646,0
826,826,2.3365,0
827,827,2.3848,0
828,828,2.3835,0
829,829,2.2634,0
830,830,2.2197,0
831,831,2.1926,0
832,832,2.2402,0
833,833,2.1849,0
834,834,2.1524,0
835,835,2.1566,0
836,836,2.1682,0
837,837,2.159,0
838,838,2.1661,0
839,839,2.2274,0
840,840,2.288,0
841,841,2.183,0
842,842,2.1767,0
843,843,2.1573,0
844,844,2.0984,0
845,845,2.0544,0
846,846,2.0635,0
847,847,2.1097,0
848,848,2.1378,0
849,849,2.099,0
850,850,2.1038,0
851,851,2.0913,0
852,852,2.0773,0
853,853,2.0841,0
854,854,2.0864,0
855,855,2.1021,0
856,856,2.0781,0
857,857,2.08,0
858,858,2.0312,0
859,859,2.0433,0
860,860,2.1049,0
861,861,2.1225,0
862,862,2.0839,0
863,863,2.0816,0
864,864,2.1196,0
865,865,2.1423,0
866,866,2.1641,0
867,867,2.1092,0
868,868,2.1852,0
869,869,2.1271,0
870,870,2.1795,0
871,871,2.0955,0
872,872,2.0617,0
873,873,2.038,0
874,874,2.0439,0
875,875,2.062,0
876,876,2.0399,0
877,877,2.0749,0
878,878,2.0544,0
879,879,2.037,0
880,880,2.0511,0
881,881,2.0577,0
882,882,2.1596,0
883,883,2.0501,0
884,884,2.0469,0
885,885,2.0475,0
886,886,2.024,0
887,887,2.1441,0
888,888,2.0334,0
889,889,2.0298,0
890,890,2.0308,0
891,891,2.0394,0
892,892,2.1026,0
893,893,2.0939,0
894,894,2.0826,0
895,895,2.045,0
896,896,2.0506,0
897,897,2.0448,0
898,898,2.0206,0
899,899,2.0622,0
900,900,2.0447,0
901,901,2.0474,0
902,902,2.0473,0
903,903,2.0479,0
904,904,2.0754,0
905,905,2.0376,0
906,906,2.0307,0
907,907,2.2026,0
908,908,2.1423,0
909,909,2.1096,0
910,910,2.0891,0
911,911,2.1233,0
912,912,2.1562,0
913,913,2.3386,0
914,914,2.1031,0
915,915,2.1238,0
916,916,2.0933,0
917,917,2.0675,0
918,918,2.0708,0
919,919,2.0674,0
920,920,2.0897,0
921,921,2.0762,0
922,922,2.1585,0
923,923,2.0928,0
924,924,2.0788,0
925,925,2.0973,0
926,926,2.0614,0
927,927,2.0844,0
928,928,2.0962,0
929,929,2.0476,0
930,930,2.0986,0
931,931,2.0933,0
932,932,2.06,0
933,933,2.0364,0
934,934,2.0376,0
935,935,2.0423,0
936,936,2.05,0
937,937,2.089,0
938,938,2.2631,0
939,939,2.4049,0
940,940,2.4245,0
941,941,2.2667,0
942,942,2.1106,0
943,943,2.0823,0
944,944,2.0757,0
945,945,2.278,0
946,946,2.0587,0
947,947,2.0328,0
948,948,2.0305,0
949,949,2.0486,0
950,950,2.0469,0
951,951,2.0343,0
952,952,2.0588,0
953,953,2.04,0
954,954,2.0774,0
955,955,2.0429,0
956,956,2.0233,0
957,957,2.031,0
958,958,2.052,0
959,959,2.0404,0
960,960,2.0475,0
961,961,2.0643,0
962,962,2.0489,0
963,963,2.0419,0
964,964,2.0173,0
965,965,2.0459,0
966,966,2.0163,0
967,967,2.0198,0
968,968,2.0368,0
969,969,2.0492,0
970,970,2.0656,0
971,971,2.0441,0
972,972,2.0405,0
973,973,2.015,0
974,974,2.0129,0
975,975,2.0508,0
976,976,2.0444,0
977,977,2.1292,0
978,978,2.0709,0
979,979,2.1201,0
980,980,2.1114,0
981,981,2.0516,0
982,982,2.0529,0
983,983,2.1333,0
984,984,2.062,0
985,985,2.0375,0
986,986,2.0343,0
987,987,2.0067,0
988,988,2.0254,0
989,989,2.0069,0
990,990,2.0119,0
991,991,2.0708,0
992,992,2.0364,0
993,993,2.0134,0
994,994,2.0021,0
995,995,2.0403,0
996,996,2.0532,0
997,997,2.0411,0
998,998,2.0648,0
999,999,2.1106,0
1000,1000,2.2874,0
1001,1001,2.2815,0
1002,1002,2.1546,0
1003,1003,2.0576,0
1004,1004,2.0892,0
1005,1005,2.0397,0
1006,1006,2.0435,0
1007,1007,2.0461,0
1008,1008,2.0105,0
1009,1009,2.0111,0
1010,1010,2.032,0
1011,1011,2.0409,0
1012,1012,2.0831,0
1013,1013,2.1281,0
1014,1014,2.0981,0
1015,1015,2.0279,0
1016,1016,2.0214,0
1017,1017,2.0307,0
1018,1018,2.1332,0
1019,1019,2.1644,0
1020,1020,2.0339,0
1021,1021,2.0154,0
1022,1022,2.0235,0
1023,1023,2.0298,0
1024,1024,2.0379,0
1025,1025,2.0077,0
1026,1026,2.034,0
1027,1027,2.0105,0
1028,1028,2.0009,0
1029,1029,2.0239,0
1030,1030,2.0245,0
1031,1031,1.9984,0
1032,1032,2.0021,0
1033,1033,2.0196,0
1034,1034,2.0311,0
1035,1035,2.0087,0
1036,1036,2.0057,0
1037,1037,2.0019,0
1038,1038,2.0132,0
1039,1039,2.0111,0
1040,1040,2.0088,0
1041,1041,2.1502,0
1042,1042,2.0139,0
1043,1043,2.0111,0
1044,1044,2.0383,0
1045,1045,2.0299,0
1046,1046,2.0012,0
1047,1047,2.0064,0
1048,1048,2.0227,0
1049,1049,2.0365,0
1050,1050,2.0216,0
1051,1051,2.0132,0
1052,1052,2.0268,0
1053,1053,2.0309,0
1054,1054,2.0489,0
1055,1055,2.0276,0
1056,1056,2.0562,0
1057,1057,2.0481,0
1058,1058,2.0471,0
1059,1059,2.0701,0
1060,1060,2.1696,0
1061,1061,2.2838,0
1062,1062,2.2967,0
1063,1063,2.1797,0
1064,1064,2.0522,0
1065,1065,2.0759,0
1066,1066,2.0441,0
1067,1067,2.0533,0
1068,1068,2.0715,0
1069,1069,2.048,0
1070,1070,2.1041,0
1071,1071,2.01,0
1072,1072,2.0087,0
1073,1073,2.0323,0
1074,1074,2.0186,0
1075,1075,2.0325,0
1076,1076,2.0116,0
1077,1077,2.0032,0
1078,1078,2.0363,0
1079,1079,1.9983,0
1080,1080,2.0214,0
1081,1081,2.0105,0
1082,1082,2.047,0
1083,1083,2.0485,0
1084,1084,2.033,0
1085,1085,2.1019,0
1086,1086,2.0321,0
1087,1087,2.0379,0
1088,1088,2.0607,0
1089,1089,2.0497,0
1090,1090,2.0651,0
1091,1091,2.0509,0
1092,1092,2.0398,0
1093,1093,2.0232,0
1094,1094,2.0292,0
1095,1095,2.0552,0
1096,1096,2.0376,0
1097,1097,2.1984,0
1098,1098,2.1893,0
1099,1099,2.0915,0
1100,1100,2.0666,0
1101,1101,2.0333,0
1102,1102,2.0273,0
1103,1103,2.1994,0
1104,1104,2.0564,0
1105,1105,2.2177,0
1106,1106,2.3781,0
1107,1107,2.0935,0
1108,1108,2.107,0
1109,1109,2.0606,0
1110,1110,2.0907,0
1111,1111,2.0974,0
1112,1112,2.1315,0
1113,1113,2.307,0
1114,1114,2.1722,0
1115,1115,2.0005,0
1116,1116,1.9853,0
1117,1117,1.9919,0
1118,1118,1.9922,0
1119,1119,1.9851,0
1120,1120,2.2546,0
1121,1121,2.3757,0
1122,1122,2.4025,0
1123,1123,2.4168,0
1124,1124,2.1933,0
1125,1125,2.1026,0
1126,1126,2.063,0
1127,1127,2.135,0
1128,1128,2.0988,0
1129,1129,2.0502,0
1130,1130,2.0307,0
1131,1131,2.0753,0
1132,1132,2.0663,0
1133,1133,2.0741,0
1134,1134,2.1114,0
1135,1135,2.1131,0
1136,1136,2.0499,0
1137,1137,2.0831,0
1138,1138,2.0719,0
1139,1139,2.0412,0
1140,1140,2.0902,0
1141,1141,2.02,0
1142,1142,2.0857,0
1143,1143,2.0516,0
1144,1144,2.0657,0
1145,1145,2.0539,0
1146,1146,2.0242,0
1147,1147,2.0324,0
1148,1148,2.0765,0
1149,1149,2.0614,0
1150,1150,2.13,0
1151,1151,2.1231,0
1152,1152,2.1103,0
1153,1153,2.0683,0
1154,1154,2.053,0
1155,1155,2.0415,0
1156,1156,2.0563,0
1157,1157,2.0762,0
1158,1158,2.0888,0
1159,1159,2.1001,0
1160,1160,2.0744,0
1161,1161,2.0388,0
1162,1162,2.0536,0
1163,1163,2.0601,0
1164,1164,2.0628,0
1165,1165,2.0768,0
1166,1166,2.0767,0
1167,1167,2.0437,0
1168,1168,2.0233,0
1169,1169,2.0314,0
1170,1170,2.0203,0
1171,1171,2.1047,0
1172,1172,2.0303,0
1173,1173,2.1155,0
1174,1174,2.1961,0
1175,1175,2.2775,0
1176,1176,2.1771,0
1177,1177,2.0507,0
1178,1178,2.0779,0
1179,1179,2.0488,0
1180,1180,2.0476,0
1181,1181,2.0552,0
1182,1182,2.0321,0
1183,1183,2.0166,0
1184,1184,2.0171,0
1185,1185,2.1142,0
1186,1186,2.051,0
1187,1187,2.0398,0
1188,1188,2.0555,0
1189,1189,2.039,0
1190,1190,2.0225,0
1191,1191,2.0226,0
1192,1192,2.0483,0
1193,1193,2.0555,0
1194,1194,2.0416,0
1195,1195,2.0663,0
1196,1196,2.0811,0
1197,1197,2.0339,0
1198,1198,2.038,0
1199,1199,2.02,0
1200,1200,2.0424,0
1201,1201,2.0477,0
1202,1202,2.0169,0
1203,1203,2.3301,0
1204,1204,2.0409,0
1205,1205,2.0433,0
1206,1206,2.0256,0
1207,1207,2.0179,0
1208,1208,2.0286,0
1209,1209,2.0538,0
1210,1210,2.0432,0
1211,1211,2.0522,0
1212,1212,2.0291,0
1213,1213,2.0493,0
1214,1214,2.1001,0
1215,1215,2.0436,0
1216,1216,2.065,0
1217,1217,2.0517,0
1218,1218,2.0634,0
1219,1219,2.0995,0
1220,1220,2.0574,0
1221,1221,2.0219,0
1222,1222,2.029,0
1223,1223,2.0255,0
1224,1224,2.0411,0
1225,1225,2.0215,0
1226,1226,2.0712,0
1227,1227,2.305,0
1228,1228,2.7643,0
1229,1229,2.5467,0
1230,1230,2.2634,0
1231,1231,2.1186,0
1232,1232,2.0555,0
1233,1233,2.082,0
1234,1234,2.0571,0
1235,1235,2.0509,0
1236,1236,2.0473,0
1237,1237,2.0121,0
1238,1238,2.0322,0
1239,1239,2.0307,0
1240,1240,2.2134,0
1241,1241,2.2209,0
1242,1242,2.0415,0
1243,1243,2.0358,0
1244,1244,1.9773,0
1245,1245,1.9969,0
1246,1246,1.9852,0
1247,1247,1.9751,0
1248,1248,2.0244,0
1249,1249,1.9935,0
1250,1250,1.9755,0
1251,1251,1.9791,0
1252,1252,1.9675,0
1253,1253,1.9878,0
1254,1254,1.989,0
1255,1255,1.9878,0
1256,1256,2.0213,0
1257,1257,1.973,0
1258,1258,2.0641,0
1259,1259,1.9872,0
1260,1260,1.9815,0
1261,1261,2.0143,0
1262,1262,2.0182,0
1263,1263,2.0115,0
1264,1264,1.9859,0
1265,1265,1.9924,0
1266,1266,2.0058,0
1267,1267,1.9881,0
1268,1268,1.9832,0
1269,1269,1.9868,0
1270,1270,1.969,0
1271,1271,1.9971,0
1272,1272,1.9917,0
1273,1273,2.1,0
1274,1274,2.0201,0
1275,1275,2.0097,0
1276,1276,2.0082,0
1277,1277,1.9904,0
1278,1278,1.9957,0
1279,1279,1.9981,0
1280,1280,1.9777,0
1281,1281,1.975,0
1282,1282,1.9707,0
1283,1283,1.9798,0
1284,1284,2.0017,0
1285,1285,1.9876,0
1286,1286,2.0398,0
1287,1287,2.255,0
1288,1288,2.3062,0
1289,1289,2.2337,0
1290,1290,2.1221,0
1291,1291,2.0288,0
1292,1292,2.0166,0
1293,1293,1.981,0
1294,1294,1.9787,0
1295,1295,1.9825,0
1296,1296,1.9862,0
1297,1297,1.9795,0
1298,1298,1.965,0
1299,1299,1.9871,0
1300,1300,2.0077,0
1301,1301,1.9741,0
1302,1302,1.9638,0
1303,1303,2.0583,0
1304,1304,1.9604,0
1305,1305,1.9704,0
1306,1306,1.9935,0
1307,1307,2.0026,0
1308,1308,1.9556,0
1309,1309,1.9569,0
1310,1310,1.9546,0
1311,1311,1.9612,0
1312,1312,1.9497,0
1313,1313,1.946,0
1314,1314,1.9686,0
1315,1315,1.9536,0
1316,1316,1.9598,0
1317,1317,2.0363,0
1318,1318,2.0007,0
1319,1319,2.0485,0
1320,1320,1.9813,0
1321,1321,1.9581,0
1322,1322,1.9667,0
1323,1323,1.9562,0
1324,1324,1.9636,0
1325,1325,1.9979,0
1326,1326,1.9603,0
1327,1327,1.959,0
1328,1328,1.9611,0
1329,1329,1.9605,0
1330,1330,1.9526,0
1331,1331,1.9794,0
1332,1332,1.9484,0
1333,1333,2.054,0
1334,1334,2.0063,0
1335,1335,1.9804,0
1336,1336,1.9916,0
1337,1337,1.9595,0
1338,1338,1.9538,0
1339,1339,1.9564,0
1340,1340,1.9747,0
1341,1341,1.974,0
1342,1342,1.9993,0
1343,1343,1.9761,0
1344,1344,1.9798,0
1345,1345,1.9868,0
1346,1346,1.9559,0
1347,1347,1.9714,0
1348,1348,2.137,0
1349,1349,2.0194,0
1350,1350,2.158,0
1351,1351,2.2058,0
1352,1352,2.1335,0
1353,1353,2.0138,0
1354,1354,1.9823,0
1355,1355,1.9998,0
1356,1356,1.9731,0
1357,1357,1.9714,0
1358,1358,1.9731,0
1359,1359,1.9803,0
1360,1360,1.9629,0
1361,1361,1.967,0
1362,1362,2.0185,0
1363,1363,1.9983,0
1364,1364,1.9746,0
1365,1365,1.9906,0
1366,1366,1.9821,0
1367,1367,1.9737,0
1368,1368,1.9651,0
1369,1369,1.9949,0
1370,1370,1.9743,0
1371,1371,1.9873,0
1372,1372,2.0125,0
1373,1373,2.0788,0
1374,1374,2.0131,0
1375,1375,1.9608,0
1376,1376,1.9594,0
1377,1377,1.9868,0
1378,1378,2.2372,0
1379,1379,2.0098,0
1380,1380,1.9734,0
1381,1381,2.2881,0
1382,1382,2.0167,0
1383,1383,2.0253,0
1384,1384,2.0231,0
1385,1385,2.0185,0
1386,1386,2.0226,0
1387,1387,2.0206,0
1388,1388,1.9817,0
1389,1389,2.1593,0
1390,1390,2.0742,0
1391,1391,2.0849,0
1392,1392,2.0544,0
1393,1393,2.0971,0
1394,1394,2.0726,0
1395,1395,2.0294,0
1396,1396,2.0405,0
1397,1397,2.072,0
1398,1398,2.107,0
1399,1399,2.0381,0
1400,1400,2.0171,0
1401,1401,2.0559,0
1402,1402,2.0098,0
1403,1403,2.0321,0
1404,1404,2.0718,0
1405,1405,2.1283,0
1406,1406,2.3357,0
1407,1407,2.4374,0
1408,1408,2.1654,0
1409,1409,2.0517,0
1410,1410,2.0244,0
1411,1411,2.0684,0
1412,1412,1.9893,0
1413,1413,2.0418,0
1414,1414,2.0138,0
1415,1415,1.9918,0
1416,1416,1.9913,0
1417,1417,1.9995,0
1418,1418,2.0255,0
1419,1419,2.0791,0
1420,1420,2.0431,0
1421,1421,2.0391,0
1422,1422,2.0053,0
1423,1423,2.0213,0
1424,1424,2.0112,0
1425,1425,1.9933,0
1426,1426,1.9845,0
1427,1427,2.0266,0
1428,1428,2.0168,0
1429,1429,1.9971,0
1430,1430,2.0073,0
1431,1431,1.9892,0
1432,1432,2.0096,0
1433,1433,2.0073,0
1434,1434,2.0297,0
1435,1435,2.0288,0
1436,1436,2.0566,0
1437,1437,2.0507,0
1438,1438,2.0109,0
1439,1439,2.0334,0
1440,1440,2.0061,0
1441,1441,1.9916,0
1442,1442,2.0527,0
1443,1443,2.0063,0
1444,1444,1.9993,0
1445,1445,2.0015,0
1446,1446,2.0031,0
1447,1447,2.0266,0
1448,1448,2.0101,0
1449,1449,1.9993,0
1450,1450,2.0497,0
1451,1451,2.0619,0
1452,1452,2.043,0
1453,1453,2.0059,0
1454,1454,1.9987,0
1455,1455,1.9964,0
1456,1456,2.0336,0
1457,1457,2.0468,0
1458,1458,2.1015,0
1459,1459,2.2049,0
1460,1460,2.3282,0
1461,1461,2.2758,0
1462,1462,2.1864,0
1463,1463,2.1221,0
1464,1464,2.1137,0
1465,1465,2.17,0
1466,1466,2.1252,0
1467,1467,2.1624,0
1468,1468,2.144,0
1469,1469,2.2064,0
1470,1470,2.1875,0
1471,1471,2.2445,0
1472,1472,2.3981,0
1473,1473,2.3039,0
1474,1474,2.2135,0
1475,1475,2.1995,0
1476,1476,2.1715,0
1477,1477,2.1318,0
1478,1478,2.0567,0
1479,1479,2.1084,0
1480,1480,2.0197,0
1481,1481,2.0074,0
1482,1482,2.0279,0
1483,1483,2.007,0
1484,1484,2.0095,0
1485,1485,2.0179,0
1486,1486,2.0132,0
1487,1487,2.0955,0
1488,1488,2.0171,0
1489,1489,2.0002,0
1490,1490,2.0032,0
1491,1491,2.0085,0
1492,1492,2.0829,0
1493,1493,2.088,0
1494,1494,2.0643,0
1495,1495,2.0996,0
1496,1496,2.0515,0
1497,1497,2.0565,0
1498,1498,2.0994,0
1499,1499,2.1581,0
1500,1500,2.161,0
1501,1501,2.1861,0
1502,1502,2.2107,0
1503,1503,2.3116,0
1504,1504,2.3895,0
1505,1505,2.361,0
1506,1506,2.3358,0
1507,1507,2.4266,0
1508,1508,2.2882,0
1509,1509,2.2391,0
1510,1510,2.2471,0
1511,1511,2.2136,0
1512,1512,2.1908,0
1513,1513,2.1713,0
1514,1514,2.1978,0
1515,1515,2.2008,0
1516,1516,2.21,0
1517,1517,2.1854,0
1518,1518,2.2342,0
1519,1519,2.2103,0
1520,1520,2.2527,0
1521,1521,2.329,0
1522,1522,2.2427,0
1523,1523,2.2054,0
1524,1524,2.2341,0
1525,1525,2.2216,0
1526,1526,2.2454,0
1527,1527,2.2317,0
1528,1528,2.2311,0
1529,1529,2.1975,0
1530,1530,2.234,0
1531,1531,2.2411,0
1532,1532,2.2493,0
1533,1533,2.2131,0
1534,1534,2.3128,0
1535,1535,2.2564,0
1536,1536,2.2372,0
1537,1537,2.1992,0
1538,1538,2.2238,0
1539,1539,2.2057,0
1540,1540,2.2112,0
1541,1541,2.2458,0
1542,1542,2.2563,0
1543,1543,2.2527,0
1544,1544,2.3004,0
1545,1545,2.2738,0
1546,1546,2.269,0
1547,1547,2.3391,0
1548,1548,2.277,0
1549,1549,2.2618,0
1550,1550,2.2831,0
1551,1551,2.2839,0
1552,1552,2.3068,0
1553,1553,2.3015,0
1554,1554,2.2984,0
1555,1555,2.2753,0
1556,1556,2.2728,0
1557,1557,2.2602,0
1558,1558,2.3091,0
1559,1559,2.2655,0
1560,1560,2.6004,0
1561,1561,2.4433,0
1562,1562,2.3171,0
1563,1563,2.2996,0
1564,1564,2.283,0
1565,1565,2.3916,0
1566,1566,2.5789,0
1567,1567,2.6241,0
1568,1568,2.5147,0
1569,1569,2.3934,0
1570,1570,2.3689,0
1571,1571,2.3289,0
1572,1572,2.3598,0
1573,1573,2.4175,0
1574,1574,2.3392,0
1575,1575,2.3459,0
1576,1576,2.3293,0
1577,1577,2.3181,0
1578,1578,2.3454,0
1579,1579,2.3047,0
1580,1580,2.3514,0
1581,1581,2.3687,0
1582,1582,2.3478,0
1583,1583,2.3303,0
1584,1584,2.348,0
1585,1585,2.3838,0
1586,1586,2.4272,0
1587,1587,2.3502,0
1588,1588,2.3283,0
1589,1589,2.313,0
1590,1590,2.3313,0
1591,1591,2.3633,0
1592,1592,2.4035,0
1593,1593,2.4017,0
1594,1594,2.3864,0
1595,1595,2.402,0
1596,1596,2.4304,0
1597,1597,2.3877,0
1598,1598,2.4547,0
1599,1599,2.3823,0
1600,1600,2.375,0
1601,1601,2.3827,0
1602,1602,2.4046,0
1603,1603,2.3902,0
1604,1604,2.3978,0
1605,1605,2.4228,0
1606,1606,2.3849,0
1607,1607,2.3678,0
1608,1608,2.4254,0
1609,1609,2.3851,0
1610,1610,2.4871,0
1611,1611,2.4771,0
1612,1612,2.6719,0
1613,1613,2.7371,0
1614,1614,2.5863,0
1615,1615,2.4746,0
1616,1616,2.4222,0
1617,1617,2.3773,0
1618,1618,2.4138,0
1619,1619,2.3744,0
1620,1620,2.4097,0
1621,1621,2.3893,0
1622,1622,2.3898,0
1623,1623,2.512,0
1624,1624,2.429,0
1625,1625,2.414,0
1626,1626,2.3766,0
1627,1627,2.3712,0
1628,1628,2.3893,0
1629,1629,2.3898,0
1630,1630,2.448,0
1631,1631,2.4031,0
1632,1632,2.3902,0
1633,1633,2.3739,0
1634,1634,2.3836,0
1635,1635,2.5178,0
1636,1636,2.4048,0
1637,1637,2.3927,0
1638,1638,2.4092,0
1639,1639,2.3739,0
1640,1640,2.4557,0
1641,1641,2.4229,0
1642,1642,2.4204,0
1643,1643,2.4056,0
1644,1644,2.4221,0
1645,1645,2.4508,0
1646,1646,2.4175,0
1647,1647,2.4135,0
1648,1648,2.4817,0
1649,1649,2.3709,0
1650,1650,2.4178,0
1651,1651,2.4003,0
1652,1652,2.4296,0
1653,1653,2.4002,0
1654,1654,2.3972,0
1655,1655,2.4108,0
1656,1656,2.3943,0
1657,1657,2.4818,0
1658,1658,2.6302,0
1659,1659,2.6249,0
1660,1660,2.5831,0
1661,1661,2.4051,0
1662,1662,2.7447,0
1663,1663,2.4898,0
1664,1664,2.4482,0
1665,1665,2.4402,0
1666,1666,2.4685,0
1667,1667,2.4622,0
1668,1668,2.5,0
1669,1669,2.5929,0
1670,1670,2.3904,0
1671,1671,2.407,0
1672,1672,2.4677,0
1673,1673,2.3691,0
1674,1674,2.4173,0
1675,1675,2.4083,0
1676,1676,2.3894,0
1677,1677,2.3991,0
1678,1678,2.3681,0
1679,1679,2.4064,0
1680,1680,2.3981,0
1681,1681,2.3971,0
1682,1682,2.4287,0
1683,1683,2.4026,0
1684,1684,2.5138,0
1685,1685,2.3731,0
1686,1686,2.3874,0
1687,1687,2.4144,0
1688,1688,2.3775,0
1689,1689,2.5306,0
1690,1690,2.3982,0
1691,1691,2.3843,0
1692,1692,2.3576,0
1693,1693,2.3728,0
1694,1694,2.3996,0
1695,1695,2.3708,0
1696,1696,2.4607,0
1697,1697,2.3771,0
1698,1698,2.3607,0
1699,1699,2.4042,0
1700,1700,2.3696,0
1701,1701,2.3587,0
1702,1702,2.4255,0
1703,1703,2.5067,0
1704,1704,2.5967,0
1705,1705,2.4905,0
1706,1706,2.4084,0
1707,1707,2.404,0
1708,1708,2.3643,0
1709,1709,2.5175,0
1710,1710,2.3733,0
1711,1711,2.372,0
1712,1712,2.3632,0
1713,1713,2.3969,0
1714,1714,2.4164,0
1715,1715,2.4475,0
1716,1716,2.384,0
1717,1717,2.5981,0
1718,1718,2.4264,0
1719,1719,2.3693,0
1720,1720,2.4029,0
1721,1721,2.4309,0
1722,1722,2.3957,0
1723,1723,2.4122,0
1724,1724,2.3671,0
1725,1725,2.3753,0
1726,1726,2.4126,0
1727,1727,2.4132,0
1728,1728,2.4533,0
1729,1729,2.4099,0
1730,1730,2.6013,0
1731,1731,2.6183,0
1732,1732,2.7233,0
1733,1733,2.5991,0
1734,1734,2.5987,0
1735,1735,2.5178,0
1736,1736,3.095,0
1737,1737,2.6384,0
1738,1738,2.5529,0
1739,1739,2.5658,0
1740,1740,2.7515,0
1741,1741,2.4884,0
1742,1742,2.5079,0
1743,1743,2.4978,0
1744,1744,2.4706,0
1745,1745,2.5405,0
1746,1746,2.7387,0
1747,1747,2.8228,0
1748,1748,2.7554,0
1749,1749,2.6017,0
1750,1750,2.565,0
1751,1751,2.5144,0
1752,1752,2.6157,0
1753,1753,2.4962,0
1754,1754,2.5471,0
1755,1755,2.5022,0
1756,1756,2.5454,0
1757,1757,2.6077,0
1758,1758,2.5684,0
1759,1759,2.4979,0
1760,1760,2.4992,0
1761,1761,2.4291,0
1762,1762,2.4694,0
1763,1763,2.4903,0
1764,1764,2.5153,0
1765,1765,2.4698,0
1766,1766,2.5223,0
1767,1767,2.456,0
1768,1768,2.4944,0
1769,1769,2.4954,0
1770,1770,2.4763,0
1771,1771,2.4892,0
1772,1772,2.4788,0
1773,1773,2.4649,0
1774,1774,2.4496,0
1775,1775,2.4487,0
1776,1776,2.4507,0
1777,1777,2.5048,0
1778,1778,2.6793,0
1779,1779,2.5065,0
1780,1780,2.5248,0
1781,1781,2.436,0
1782,1782,2.4936,0
1783,1783,2.459,0
1784,1784,2.4836,0
1785,1785,2.4213,0
1786,1786,2.4443,0
1787,1787,2.4246,0
1788,1788,2.4792,0
1789,1789,2.4395,0
1790,1790,2.571,0
1791,1791,2.5386,0
1792,1792,2.6934,0
1793,1793,2.5724,0
1794,1794,2.4771,0
1795,1795,2.5229,0
1796,1796,2.5908,0
1797,1797,2.3984,0
1798,1798,2.5046,0
1799,1799,2.3763,0
1800,1800,2.3807,0
1801,1801,2.4007,0
1802,1802,2.447,0
1803,1803,2.4667,0
1804,1804,2.531,0
1805,1805,2.3931,0
1806,1806,2.3537,0
1807,1807,2.3746,0
1808,1808,2.4269,0
1809,1809,2.3292,0
1810,1810,2.3976,0
1811,1811,2.3237,0
1812,1812,2.312,0
1813,1813,2.2983,0
1814,1814,2.3484,0
1815,1815,2.2804,0
1816,1816,2.2738,0
1817,1817,2.3419,0
1818,1818,2.2528,0
1819,1819,2.2987,0
1820,1820,2.2601,0
1821,1821,2.2367,0
1822,1822,2.3273,0
1823,1823,2.2751,0
1824,1824,2.2304,0
1825,1825,2.1785,0
1826,1826,2.2255,0
1827,1827,2.2052,0
1828,1828,2.2141,0
1829,1829,2.2344,0
1830,1830,2.2147,0
1831,1831,2.2484,0
1832,1832,2.2106,0
1833,1833,2.2051,0
1834,1834,2.1898,0
1835,1835,2.1333,0
1836,1836,2.4757,0
1837,1837,2.2,0
1838,1838,2.1727,0
1839,1839,2.1245,0
1840,1840,2.1677,0
1841,1841,2.1833,0
1842,1842,2.1657,0
1843,1843,2.1538,0
1844,1844,3.1768,0
1845,1845,2.3074,0
1846,1846,2.2545,0
1847,1847,2.1382,0
1848,1848,2.118,0
1849,1849,2.952,0
1850,1850,2.2604,0
1851,1851,2.069,0
1852,1852,2.1647,0
1853,1853,2.3791,0
1854,1854,2.1611,0
1855,1855,2.0418,0
1856,1856,2.0572,0
1857,1857,2.1914,0
1858,1858,2.1173,0
1859,1859,2.1165,0
1860,1860,2.0088,0
1861,1861,1.9923,0
1862,1862,1.9924,0
1863,1863,2.0092,0
1864,1864,1.9991,0
1865,1865,2.0285,0
1866,1866,2.0188,0
1867,1867,2.0434,0
1868,1868,2.0282,0
1869,1869,1.9915,0
1870,1870,1.9935,0
1871,1871,1.9911,0
1872,1872,2.1581,0
1873,1873,2.0471,0
1874,1874,2.0411,0
1875,1875,2.0288,0
1876,1876,1.9966,0
1877,1877,1.9873,0
1878,1878,2.022,0
1879,1879,2.002,0
1880,1880,2.0083,0
1881,1881,1.9978,0
1882,1882,1.9954,0
1883,1883,1.9975,0
1884,1884,1.9843,0
1885,1885,1.9646,0
1886,1886,1.9396,0
1887,1887,2.0172,0
1888,1888,2.0413,0
1889,1889,1.9614,0
1890,1890,1.9688,0
1891,1891,1.9676,0
1892,1892,1.9436,0
1893,1893,1.9511,0
1894,1894,1.9413,0
1895,1895,1.9471,0
1896,1896,1.9773,0
1897,1897,2.1025,0
1898,1898,2.1395,0
1899,1899,2.1637,0
1900,1900,2.0485,0
1901,1901,2.0136,0
1902,1902,2.1643,0
1903,1903,1.9892,0
1904,1904,1.9684,0
1905,1905,1.9561,0
1906,1906,1.9738,0
1907,1907,1.9515,0
1908,1908,1.9493,0
1909,1909,1.956,0
1910,1910,1.9528,0
1911,1911,1.9594,0
1912,1912,1.9769,0
1913,1913,1.9743,0
1914,1914,1.9586,0
1915,1915,1.9722,0
1916,1916,1.9644,0
1917,1917,2.05,0
1918,1918,1.964,0
1919,1919,1.9561,0
1920,1920,1.9816,0
1921,1921,1.9662,0
1922,1922,1.941,0
1923,1923,1.8658,0
1924,1924,1.8623,0
1925,1925,1.8684,0
1926,1926,1.8783,0
1927,1927,1.8778,0
1928,1928,1.9157,0
1929,1929,1.8819,0
1930,1930,1.8929,0
1931,1931,1.9935,0
1932,1932,1.8801,0
1933,1933,2.0128,0
1934,1934,1.8798,0
1935,1935,1.8669,0
1936,1936,2.0547,0
1937,1937,1.9754,0
1938,1938,1.9378,0
1939,1939,1.8941,0
1940,1940,1.8995,0
1941,1941,1.8911,0
1942,1942,1.8892,0
1943,1943,1.9004,0
1944,1944,1.9456,0
1945,1945,2.0416,0
1946,1946,2.385,0
1947,1947,2.11,0
1948,1948,2.0238,0
1949,1949,1.8854,0
1950,1950,1.8999,0
1951,1951,1.904,0
1952,1952,2.2987,0
1953,1953,1.8895,0
1954,1954,1.8809,0
1955,1955,1.9175,0
1956,1956,2.1728,0
1957,1957,2.3293,0
1958,1958,2.0417,0
1959,1959,1.9653,0
1960,1960,2.0386,0
1961,1961,2.1009,0
1962,1962,2.0372,0
1963,1963,2.0072,0
1964,1964,1.927,0
1965,1965,1.8898,0
1966,1966,1.8691,0
1967,1967,1.8757,0
1968,1968,1.88,0
1969,1969,1.872,0
1970,1970,1.8852,0
1971,1971,1.8661,0
1972,1972,1.8589,0
1973,1973,1.8856,0
1974,1974,1.8711,0
1975,1975,1.8414,0
1976,1976,2.0537,0
1977,1977,1.8694,0
1978,1978,2.1485,0
1979,1979,2.1599,0
1980,1980,1.9678,0
1981,1981,1.8489,0
1982,1982,1.8851,0
1983,1983,1.9111,0
1984,1984,1.869,0
1985,1985,1.8505,0
1986,1986,1.8793,0
1987,1987,1.9815,0
1988,1988,1.973,0
1989,1989,1.9409,0
1990,1990,1.863,0
1991,1991,1.836,0
1992,1992,2.0519,0
1993,1993,2.4487,0
1994,1994,2.4471,0
1995,1995,2.1444,0
1996,1996,2.1874,0
1997,1997,1.9967,0
1998,1998,1.8427,0
1999,1999,1.84,0
2000,2000,1.8288,0
2001,2001,1.8528,0
2002,2002,1.847,0
2003,2003,1.8254,0
2004,2004,1.8894,0
2005,2005,1.8293,0
2006,2006,1.828,0
2007,2007,1.8359,0
2008,2008,1.8446,0
2009,2009,1.9089,0
2010,2010,1.8412,0
2011,2011,1.8365,0
2012,2012,1.8236,0
2013,2013,1.8384,0
2014,2014,1.8176,0
2015,2015,1.813,0
2016,2016,1.8688,0
2017,2017,2.1153,0
2018,2018,2.0173,0
2019,2019,2.047,0
2020,2020,2.0707,0
2021,2021,1.9618,0
2022,2022,1.87,0
2023,2023,1.8944,0
2024,2024,1.9145,0
2025,2025,2.5057,0
2026,2026,2.3086,0
2027,2027,2.1814,0
2028,2028,2.011,0
2029,2029,1.9606,0
2030,2030,1.9106,0
2031,2031,1.9493,0
2032,2032,2.0981,0
2033,2033,2.1164,0
2034,2034,2.1269,0
2035,2035,2.1187,0
2036,2036,2.0263,0
2037,2037,1.8804,0
2038,2038,1.8798,0
2039,2039,1.892,0
2040,2040,1.9417,0
2041,2041,1.9369,0
2042,2042,1.8692,0
2043,2043,1.8806,0
2044,2044,1.8934,0
2045,2045,1.8988,0
2046,2046,1.9504,0
2047,2047,1.9751,0
2048,2048,2.0311,0
2049,2049,1.8767,0
2050,2050,1.8887,0
2051,2051,1.8931,0
2052,2052,1.875,0
2053,2053,1.9333,0
2054,2054,1.9102,0
2055,2055,1.9165,0
2056,2056,1.9166,0
2057,2057,1.928,0
2058,2058,1.9447,0
2059,2059,1.9329,0
2060,2060,1.8857,0
2061,2061,1.8749,0
2062,2062,1.9119,0
2063,2063,1.9162,0
2064,2064,1.9804,0
2065,2065,1.9482,0
2066,2066,1.9364,0
2067,2067,1.9341,0
2068,2068,1.9157,0
2069,2069,1.9219,0
2070,2070,1.9224,0
2071,2071,1.9587,0
2072,2072,1.9582,0
2073,2073,1.9261,0
2074,2074,1.9264,0
2075,2075,1.9251,0
2076,2076,1.943,0
2077,2077,1.9671,0
2078,2078,1.977,0
2079,2079,1.938,0
2080,2080,1.9952,0
2081,2081,1.9484,0
2082,2082,1.9264,0
2083,2083,1.9533,0
2084,2084,1.9199,0
2085,2085,1.9147,0
2086,2086,2.029,0
2087,2087,1.9254,0
2088,2088,2.205,0
2089,2089,1.9759,0
2090,2090,1.8733,0
2091,2091,2.2693,0
2092,2092,1.882,0
2093,2093,1.8783,0
2094,2094,1.989,0
2095,2095,2.0271,0
2096,2096,1.9854,0
2097,2097,1.8712,0
2098,2098,1.8697,0
2099,2099,1.8774,0
2100,2100,1.8618,0
2101,2101,1.8549,0
2102,2102,1.9712,0
2103,2103,1.8778,0
2104,2104,1.88,0
2105,2105,1.8825,0
2106,2106,1.8707,0
2107,2107,1.864,0
2108,2108,1.8716,0
2109,2109,1.8763,0
2110,2110,1.8726,0
2111,2111,1.8712,0
2112,2112,1.8675,0
2113,2113,1.9027,0
2114,2114,1.8863,0
2115,2115,1.8671,0
2116,2116,1.8603,0
2117,2117,1.9434,0
2118,2118,1.8746,0
2119,2119,1.8771,0
2120,2120,1.8961,0
2121,2121,1.8699,0
2122,2122,1.872,0
2123,2123,1.8745,0
2124,2124,1.8731,0
2125,2125,1.8787,0
2126,2126,1.883,0
2127,2127,1.8691,0
2128,2128,1.8724,0
2129,2129,1.8658,0
2130,2130,1.9731,0
2131,2131,1.887,0
2132,2132,1.8816,0
2133,2133,1.9455,0
2134,2134,1.8476,0
2135,2135,1.8956,0
2136,2136,1.8742,0
2137,2137,1.8866,0
2138,2138,2.2201,0
2139,2139,2.1186,0
2140,2140,2.079,0
2141,2141,2.0776,0
2142,2142,1.9912,0
2143,2143,1.9404,0
2144,2144,1.8906,0
2145,2145,1.9179,0
2146,2146,1.8803,0
2147,2147,1.8725,0
2148,2148,1.9754,0
2149,2149,1.8767,0
2150,2150,1.8763,0
2151,2151,1.8861,0
2152,2152,1.9057,0
2153,2153,1.8833,0
2154,2154,1.8997,0
2155,2155,1.8771,0
2156,2156,1.8858,0
2157,2157,1.8737,0
2158,2158,1.8791,0
2159,2159,1.8649,0
2160,2160,1.8925,0
2161,2161,1.9318,0
2162,2162,1.9087,0
2163,2163,1.892,0
2164,2164,2.0011,0
2165,2165,1.9499,0
2166,2166,1.9231,0
2167,2167,1.8888,0
2168,2168,1.8774,0
2169,2169,1.8835,0
2170,2170,2.479,0
2171,2171,1.9331,0
2172,2172,1.8532,0
2173,2173,1.8506,0
2174,2174,1.8389,0
2175,2175,1.8299,0
2176,2176,1.8792,0
2177,2177,1.8514,0
2178,2178,1.948,0
2179,2179,2.0973,0
2180,2180,2.0372,0
2181,2181,1.8614,0
2182,2182,1.8414,0
2183,2183,1.8378,0
2184,2184,1.8598,0
2185,2185,1.8541,0
2186,2186,2.3523,0
2187,2187,2.1951,0
2188,2188,2.421,0
2189,2189,2.2574,0
2190,2190,2.1439,0
2191,2191,2.213,0
2192,2192,2.1371,0
2193,2193,1.9214,0
2194,2194,1.9301,0
2195,2195,1.8441,0
2196,2196,1.8513,0
2197,2197,1.8324,0
2198,2198,1.8193,0
2199,2199,1.8416,0
2200,2200,1.8411,0
2201,2201,1.9138,0
2202,2202,2.0903,0
2203,2203,2.0821,0
2204,2204,2.074,0
2205,2205,1.9496,0
2206,2206,1.9131,0
2207,2207,1.873,0
2208,2208,1.8486,0
2209,2209,1.8443,0
2210,2210,1.9319,0
2211,2211,1.8446,0
2212,2212,1.8467,0
2213,2213,1.8569,0
2214,2214,1.8452,0
2215,2215,1.8285,0
2216,2216,1.8506,0
2217,2217,1.9052,0
2218,2218,1.8327,0
2219,2219,1.8611,0
2220,2220,1.8603,0
2221,2221,1.8402,0
2222,2222,1.8496,0
2223,2223,1.834,0
2224,2224,1.8474,0
2225,2225,1.8595,0
2226,2226,1.9536,0
2227,2227,1.8787,0
2228,2228,1.8388,0
2229,2229,1.8393,0
2230,2230,1.8296,0
2231,2231,1.8181,0
2232,2232,1.8179,0
2233,2233,1.8483,0
2234,2234,1.8561,0
2235,2235,1.8423,0
2236,2236,1.8396,0
2237,2237,1.857,0
2238,2238,1.8481,0
2239,2239,1.8428,0
2240,2240,1.8402,0
2241,2241,1.8356,0
2242,2242,1.912,0
2243,2243,1.8402,0
2244,2244,1.8289,0
2245,2245,1.8296,0
2246,2246,1.8486,0
2247,2247,1.8342,0
2248,2248,1.8389,0
2249,2249,1.8422,0
2250,2250,1.8467,0
2251,2251,1.8413,0
2252,2252,1.8688,0
2253,2253,2.0046,0
2254,2254,1.8598,0
2255,2255,2.1725,0
2256,2256,2.0477,0
2257,2257,1.8483,0
2258,2258,1.9161,0
2259,2259,1.8567,0
2260,2260,1.834,0
2261,2261,1.8246,0
2262,2262,1.8533,0
2263,2263,1.8319,0
2264,2264,1.8384,0
2265,2265,1.8567,0
2266,2266,1.8402,0
2267,2267,1.8486,0
2268,2268,2.285,0
2269,2269,2.0339,0
2270,2270,2.0565,0
2271,2271,1.9579,0
2272,2272,1.9085,0
2273,2273,2.0108,0
2274,2274,1.8802,0
2275,2275,2.2284,0
2276,2276,1.8723,0
2277,2277,1.8467,0
2278,2278,1.8661,0
2279,2279,1.8446,0
2280,2280,1.8541,0
2281,2281,1.8631,0
2282,2282,1.8542,0
2283,2283,1.8444,0
2284,2284,1.9093,0
2285,2285,1.8851,0
2286,2286,1.8677,0
2287,2287,1.8758,0
2288,2288,1.8406,0
2289,2289,1.8381,0
2290,2290,1.9622,0
2291,2291,1.8411,0
2292,2292,1.8253,0
2293,2293,1.8756,0
2294,2294,1.8614,0
2295,2295,1.8605,0
2296,2296,1.8497,0
2297,2297,1.8392,0
2298,2298,1.8375,0
2299,2299,1.8591,0
2300,2300,1.8645,0
2301,2301,1.8681,0
2302,2302,1.858,0
2303,2303,1.8357,0
2304,2304,1.8352,0
2305,2305,1.82,0
2306,2306,1.8932,0
2307,2307,1.8382,0
2308,2308,1.8455,0
2309,2309,1.9252,0
2310,2310,1.9008,0
2311,2311,1.9968,0
2312,2312,1.8649,0
2313,2313,1.8298,0
2314,2314,1.8396,0
2315,2315,1.835,0
2316,2316,1.8332,0
2317,2317,1.8398,0
2318,2318,1.8738,0
2319,2319,1.8395,0
2320,2320,1.837,0
2321,2321,1.8883,0
2322,2322,1.8422,0
2323,2323,1.8469,0
2324,2324,1.8223,0
2325,2325,1.8158,0
2326,2326,1.87,0
2327,2327,1.8436,0
2328,2328,1.8319,0
2329,2329,1.8518,0
2330,2330,1.8321,0
2331,2331,1.822,0
2332,2332,1.8161,0
2333,2333,1.8133,0
2334,2334,1.8277,0
2335,2335,1.9793,0
2336,2336,2.0512,0
2337,2337,2.0585,0
2338,2338,2.0708,0
2339,2339,1.9171,0
2340,2340,1.9192,0
2341,2341,1.8427,0
2342,2342,1.8646,0
2343,2343,1.8575,0
2344,2344,1.8367,0
2345,2345,1.8336,0
2346,2346,1.8493,0
2347,2347,1.8263,0
2348,2348,1.8391,0
2349,2349,1.8413,0
2350,2350,1.8092,0
2351,2351,1.824,0
2352,2352,1.8385,0
2353,2353,1.8254,0
2354,2354,1.9167,0
2355,2355,1.8375,0
2356,2356,1.8234,0
2357,2357,1.8347,0
2358,2358,1.8446,0
2359,2359,1.827,0
2360,2360,1.8368,0
2361,2361,1.8426,0
2362,2362,1.8144,0
2363,2363,1.8094,0
2364,2364,1.8234,0
2365,2365,1.8305,0
2366,2366,1.8235,0
2367,2367,1.8317,0
2368,2368,1.8356,0
2369,2369,1.8434,0
2370,2370,1.9059,0
2371,2371,1.8199,0
2372,2372,1.8253,0
2373,2373,1.8363,0
2374,2374,1.7984,0
2375,2375,1.8179,0
2376,2376,1.8323,0
2377,2377,1.8929,0
2378,2378,1.8334,0
2379,2379,1.8209,0
2380,2380,1.8215,0
2381,2381,1.8261,0
2382,2382,1.8542,0
2383,2383,1.8209,0
2384,2384,1.8251,0
2385,2385,1.9874,0
2386,2386,2.116,0
2387,2387,1.8362,0
2388,2388,1.8501,0
2389,2389,1.8166,0
2390,2390,1.8197,0
2391,2391,1.8238,0
2392,2392,1.8361,0
2393,2393,1.8468,0
2394,2394,1.8479,0
2395,2395,1.827,0
2396,2396,1.8441,0
2397,2397,1.8277,0
2398,2398,1.9421,0
2399,2399,1.8607,0
2400,2400,1.8326,0
2401,2401,1.8216,0
2402,2402,2.0653,0
2403,2403,2.0323,0
2404,2404,2.0472,0
2405,2405,1.9511,0
2406,2406,1.9199,0
2407,2407,1.827,0
2408,2408,1.8383,0
2409,2409,1.8354,0
2410,2410,1.8459,0
2411,2411,1.8236,0
2412,2412,1.824,0
2413,2413,1.8368,0
2414,2414,1.8311,0
2415,2415,1.8268,0
2416,2416,1.8355,0
2417,2417,1.8225,0
2418,2418,1.9792,0
2419,2419,1.8622,0
2420,2420,1.8114,0
2421,2421,1.8229,0
2422,2422,1.8345,0
2423,2423,1.8229,0
2424,2424,1.8247,0
2425,2425,1.844,0
2426,2426,1.8347,0
2427,2427,1.8567,0
2428,2428,1.8733,0
2429,2429,1.8168,0
2430,2430,1.8263,0
2431,2431,1.8388,0
2432,2432,1.8001,0
2433,2433,1.8211,0
2434,2434,1.8361,0
2435,2435,1.9022,0
2436,2436,1.8369,0
2437,2437,1.8348,0
2438,2438,1.8266,0
2439,2439,1.8292,0
2440,2440,1.844,0
2441,2441,1.8246,0
2442,2442,1.8247,0
2443,2443,1.7988,0
2444,2444,1.8185,0
2445,2445,1.8402,0
2446,2446,1.84,0
2447,2447,1.8186,0
2448,2448,1.8199,0
2449,2449,1.8444,0
2450,2450,1.8274,0
2451,2451,1.8826,0
2452,2452,1.8561,0
2453,2453,1.8267,0
2454,2454,1.826,0
2455,2455,1.8269,0
2456,2456,1.8419,0
2457,2457,1.8898,0
2458,2458,1.8804,0
2459,2459,1.8329,0
2460,2460,1.8321,0
2461,2461,1.8351,0
2462,2462,1.8459,0
2463,2463,1.8437,0
2464,2464,1.8446,0
2465,2465,1.8242,0
2466,2466,1.8216,0
2467,2467,1.9481,0
2468,2468,1.8237,0
2469,2469,1.807,0
2470,2470,1.8837,0
2471,2471,2.0429,0
2472,2472,1.9874,0
2473,2473,2.0471,0
2474,2474,2.008,0
2475,2475,1.9698,0
2476,2476,1.9534,0
2477,2477,1.8594,0
2478,2478,1.8642,0
2479,2479,1.8343,0
2480,2480,1.8258,0
2481,2481,1.846,0
2482,2482,1.8356,0
2483,2483,1.9042,0
2484,2484,1.8415,0
2485,2485,1.8298,0
2486,2486,1.8342,0
2487,2487,1.8326,0
2488,2488,1.8309,0
2489,2489,1.8329,0
2490,2490,1.8516,0
2491,2491,1.8213,0
2492,2492,1.836,0
2493,2493,1.8546,0
2494,2494,1.8362,0
2495,2495,1.8346,0
2496,2496,1.85,0
2497,2497,1.8325,0
2498,2498,1.8267,0
2499,2499,1.8978,0
2500,2500,1.8173,0
2501,2501,1.8338,0
2502,2502,1.8388,0
2503,2503,1.8246,0
2504,2504,2.227,0
2505,2505,1.9409,0
2506,2506,1.8371,0
2507,2507,1.8066,0
2508,2508,1.8172,0
2509,2509,1.8206,0
2510,2510,1.8298,0
2511,2511,1.8048,0
2512,2512,1.8265,0
2513,2513,1.9903,0
2514,2514,1.8221,0
2515,2515,1.9001,0
2516,2516,1.8379,0
2517,2517,1.8531,0
2518,2518,1.8231,0
2519,2519,1.8279,0
2520,2520,1.8309,0
2521,2521,1.8564,0
2522,2522,1.9589,0
2523,2523,1.8266,0
2524,2524,1.83,0
2525,2525,1.8435,0
2526,2526,1.8305,0
2527,2527,1.8024,0
2528,2528,1.8625,0
2529,2529,2.0117,0
2530,2530,2.2767,0
2531,2531,2.1613,0
2532,2532,2.0295,0
2533,2533,1.9161,0
2534,2534,1.9182,0
2535,2535,1.8447,0
2536,2536,1.846,0
2537,2537,1.84,0
2538,2538,1.8956,0
2539,2539,1.8445,0
2540,2540,1.8686,0
2541,2541,1.8655,0
2542,2542,1.855,0
2543,2543,1.8456,0
2544,2544,1.8636,0
2545,2545,1.8264,0
2546,2546,2.0647,0
2547,2547,2.2113,0
2548,2548,1.885,0
2549,2549,1.8847,0
2550,2550,1.9308,0
2551,2551,1.84,0
2552,2552,1.8314,0
2553,2553,1.8246,0
2554,2554,1.8603,0
2555,2555,2.019,0
2556,2556,1.8559,0
2557,2557,1.834,0
2558,2558,1.844,0
2559,2559,1.8774,0
2560,2560,1.8874,0
2561,2561,1.861,0
2562,2562,1.8653,0
2563,2563,1.9588,0
2564,2564,1.8618,0
2565,2565,1.8614,0
2566,2566,1.8365,0
2567,2567,1.844,0
2568,2568,1.8386,0
2569,2569,1.8523,0
2570,2570,1.8621,0
2571,2571,1.8785,0
2572,2572,1.9495,0
2573,2573,1.8328,0
2574,2574,1.8396,0
2575,2575,1.8323,0
2576,2576,1.8384,0
2577,2577,1.854,0
2578,2578,1.8328,0
2579,2579,1.9187,0
2580,2580,1.868,0
2581,2581,1.8334,0
2582,2582,1.8048,0
2583,2583,1.8422,0
2584,2584,1.8365,0
2585,2585,1.8305,0
2586,2586,1.8429,0
2587,2587,1.8355,0
2588,2588,1.8426,0
2589,2589,2.0134,0
2590,2590,2.0217,0
2591,2591,2.0095,0
2592,2592,1.9655,0
2593,2593,1.9237,0
2594,2594,1.9465,0
2595,2595,1.9365,0
2596,2596,1.8804,0
2597,2597,2.2459,0
2598,2598,1.8798,0
2599,2599,1.8713,0
2600,2600,1.8663,0
2601,2601,1.8287,0
2602,2602,1.8418,0
2603,2603,1.8389,0
2604,2604,1.8345,0
2605,2605,1.8816,0
2606,2606,1.8485,0
2607,2607,1.8486,0
2608,2608,1.8538,0
2609,2609,1.8382,0
2610,2610,1.8331,0
2611,2611,1.9552,0
2612,2612,1.848,0
2613,2613,1.873,0
2614,2614,1.886,0
2615,2615,1.8554,0
2616,2616,1.8642,0
2617,2617,1.8508,0
2618,2618,1.8319,0
2619,2619,1.8315,0
2620,2620,1.8463,0
2621,2621,1.8337,0
2622,2622,1.8707,0
2623,2623,1.8667,0
2624,2624,1.8348,0
2625,2625,1.8331,0
2626,2626,1.8518,0
2627,2627,1.8976,0
2628,2628,1.8144,0
2629,2629,1.8525,0
2630,2630,1.869,0
2631,2631,1.8299,0
2632,2632,1.8508,0
2633,2633,1.8283,0
2634,2634,1.8355,0
2635,2635,1.8349,0
2636,2636,1.8363,0
2637,2637,1.835,0
2638,2638,1.9804,0
2639,2639,1.9678,0
2640,2640,1.8178,0
2641,2641,1.8156,0
2642,2642,1.8041,0
2643,2643,1.8933,0
2644,2644,1.8178,0
2645,2645,1.8239,0
2646,2646,1.8056,0
2647,2647,2.0767,0
2648,2648,2.0858,0
2649,2649,2.3105,0
2650,2650,2.008,0
2651,2651,1.9387,0
2652,2652,1.8988,0
2653,2653,1.8856,0
2654,2654,1.8608,0
2655,2655,2.2424,0
2656,2656,1.8487,0
2657,2657,1.8342,0
2658,2658,1.9391,0
2659,2659,1.8504,0
2660,2660,1.8507,0
2661,2661,1.8495,0
2662,2662,1.8357,0
2663,2663,1.8735,0
2664,2664,1.876,0
2665,2665,1.8498,0
2666,2666,1.8513,0
2667,2667,1.8609,0
2668,2668,1.8311,0
2669,2669,1.8417,0
2670,2670,1.8206,0
2671,2671,1.8294,0
2672,2672,1.8629,0
2673,2673,1.8491,0
2674,2674,1.9132,0
2675,2675,1.8427,0
2676,2676,1.8557,0
2677,2677,1.8431,0
2678,2678,1.843,0
2679,2679,1.8509,0
2680,2680,1.8482,0
2681,2681,1.8337,0
2682,2682,1.8483,0
2683,2683,1.8062,0
2684,2684,1.8339,0
2685,2685,1.8529,0
2686,2686,1.8347,0
2687,2687,1.8312,0
2688,2688,1.8395,0
2689,2689,1.8425,0
2690,2690,1.834,0
2691,2691,1.913,0
2692,2692,1.8305,0
2693,2693,1.8298,0
2694,2694,1.8443,0
2695,2695,1.8115,0
2696,2696,1.8317,0
2697,2697,1.855,0
2698,2698,1.8501,0
2699,2699,1.8322,0
2700,2700,1.8524,0
2701,2701,1.8349,0
2702,2702,1.8309,0
2703,2703,1.8439,0
2704,2704,1.8271,0
2705,2705,1.834,0
2706,2706,2.0537,0
2707,2707,2.087,0
2708,2708,2.0497,0
2709,2709,2.0814,0
2710,2710,1.954,0
2711,2711,1.8902,0
2712,2712,1.8757,0
2713,2713,2.0167,0
2714,2714,1.9991,0
2715,2715,1.9457,0
2716,2716,1.9517,0
2717,2717,1.949,0
2718,2718,1.9198,0
2719,2719,1.9014,0
2720,2720,1.9155,0
2721,2721,1.9788,0
2722,2722,1.929,0
2723,2723,1.9458,0
2724,2724,1.9416,0
2725,2725,1.8859,0
2726,2726,1.9933,0
2727,2727,1.9369,0
2728,2728,1.8929,0
2729,2729,1.9081,0
2730,2730,1.9205,0
2731,2731,1.8901,0
2732,2732,1.9546,0
2733,2733,1.9333,0
2734,2734,1.9416,0
2735,2735,2.0631,0
2736,2736,2.0427,0
2737,2737,2.1088,0
2738,2738,2.0749,0
2739,2739,2.0747,0
2740,2740,2.0003,0
2741,2741,1.979,0
2742,2742,1.9975,0
2743,2743,1.9861,0
2744,2744,1.9855,0
2745,2745,2.0503,0
2746,2746,2.0054,0
2747,2747,2.0374,0
2748,2748,2.0305,0
2749,2749,2.0089,0
2750,2750,1.9878,0
2751,2751,2.0018,0
2752,2752,2.1353,0
2753,2753,2.074,0
2754,2754,2.0735,0
2755,2755,2.0162,0
2756,2756,2.0285,0
2757,2757,2.0156,0
2758,2758,2.0053,0
2759,2759,2.0186,0
2760,2760,1.9971,0
2761,2761,1.9927,0
2762,2762,1.9905,0
2763,2763,1.9955,0
2764,2764,2.006,0
2765,2765,1.991,0
2766,2766,1.9928,0
2767,2767,2.0225,0
2768,2768,1.9928,0
2769,2769,1.9976,0
2770,2770,2.0183,0
2771,2771,2.0761,0
2772,2772,2.0106,0
2773,2773,1.9989,0
2774,2774,2.0082,0
2775,2775,1.9995,0
2776,2776,1.9982,0
2777,2777,2.0073,0
2778,2778,2.0122,0
2779,2779,2.0249,0
2780,2780,2.0044,0
2781,2781,2.0311,0
2782,2782,2.0809,0
2783,2783,2.0476,0
2784,2784,2.0543,0
2785,2785,2.0741,0
2786,2786,2.0402,0
2787,2787,2.0271,0
2788,2788,2.0125,0
2789,2789,2.0034,0
2790,2790,2.0002,0
2791,2791,1.9953,0
2792,2792,1.9925,0
2793,2793,2.0161,0
2794,2794,2.0083,0
2795,2795,1.998,0
2796,2796,1.9907,0
2797,2797,2.0956,0
2798,2798,1.9924,0
2799,2799,1.9985,0
2800,2800,1.9911,0
2801,2801,1.9981,0
2802,2802,1.9821,0
2803,2803,1.9233,0
2804,2804,1.9239,0
2805,2805,1.9089,0
2806,2806,1.9168,0
2807,2807,1.928,0
2808,2808,1.9076,0
2809,2809,1.9106,0
2810,2810,1.9245,0
2811,2811,1.9126,0
2812,2812,2.0025,0
2813,2813,1.9268,0
2814,2814,1.9178,0
2815,2815,1.9175,0
2816,2816,1.9377,0
2817,2817,1.9183,0
2818,2818,1.9152,0
2819,2819,1.9236,0
2820,2820,1.9074,0
2821,2821,1.9058,0
2822,2822,1.9288,0
2823,2823,1.9072,0
2824,2824,1.9072,0
2825,2825,2.2077,0
2826,2826,2.2152,0
2827,2827,2.5821,0
2828,2828,2.3059,0
2829,2829,2.0098,0
2830,2830,2.3506,0
2831,2831,2.0074,0
2832,2832,2.0158,0
2833,2833,2.8408,0
2834,2834,1.9701,0
2835,2835,1.9818,0
2836,2836,1.9466,0
2837,2837,2.4931,0
2838,2838,1.989,0
2839,2839,2.0119,0
2840,2840,2.0699,0
2841,2841,2.1615,0
2842,2842,1.9529,0
2843,2843,1.9645,0
2844,2844,1.9212,0
2845,2845,1.9197,0
2846,2846,1.928,0
2847,2847,2.0151,0
2848,2848,1.9339,0
2849,2849,1.9257,0
2850,2850,1.9271,0
2851,2851,1.9406,0
2852,2852,1.9377,0
2853,2853,1.9311,0
2854,2854,1.9377,0
2855,2855,1.9173,0
2856,2856,1.982,0
2857,2857,1.927,0
2858,2858,1.9137,0
2859,2859,1.9105,0
2860,2860,1.9303,0
2861,2861,1.9284,0
2862,2862,1.9223,0
2863,2863,1.9265,0
2864,2864,1.9334,0
2865,2865,1.9238,0
2866,2866,1.9408,0
2867,2867,1.9198,0
2868,2868,1.9233,0
2869,2869,1.9291,0
2870,2870,1.9225,0
2871,2871,1.92,0
2872,2872,2.0043,0
2873,2873,1.9214,0
2874,2874,1.919,0
2875,2875,1.8886,0
2876,2876,1.8683,0
2877,2877,1.8798,0
2878,2878,1.9131,0
2879,2879,1.8829,0
2880,2880,1.9072,0
2881,2881,2.066,0
2882,2882,2.0715,0
2883,2883,2.072,0
2884,2884,1.9889,0
2885,2885,1.9656,0
2886,2886,1.9118,0
2887,2887,1.9445,0
2888,2888,1.953,0
2889,2889,1.9223,0
2890,2890,1.9043,0
2891,2891,1.9016,0
2892,2892,1.8907,0
2893,2893,1.8893,0
2894,2894,1.914,0
2895,2895,1.9025,0
2896,2896,1.8911,0
2897,2897,1.8846,0
2898,2898,1.8968,0
2899,2899,1.8772,0
2900,2900,1.8777,0
2901,2901,1.8752,0
2902,2902,1.8866,0
2903,2903,1.9769,0
2904,2904,1.9041,0
2905,2905,1.8977,0
2906,2906,1.8853,0
2907,2907,1.8808,0
2908,2908,1.8765,0
2909,2909,1.8814,0
2910,2910,1.8862,0
2911,2911,1.8768,0
2912,2912,1.8807,0
2913,2913,2.0809,0
2914,2914,1.9693,0
2915,2915,1.8801,0
2916,2916,1.8837,0
2917,2917,1.8817,0
2918,2918,1.8977,0
2919,2919,1.9583,0
2920,2920,1.8824,0
2921,2921,1.8693,0
2922,2922,1.8702,0
2923,2923,1.8811,0
2924,2924,1.9066,0
2925,2925,1.8816,0
2926,2926,1.8832,0
2927,2927,1.8813,0
2928,2928,1.8708,0
2929,2929,1.8834,0
2930,2930,1.9141,0
2931,2931,1.8994,0
2932,2932,1.8805,0
2933,2933,1.8841,0
2934,2934,1.8715,0
2935,2935,1.9537,0
2936,2936,1.8971,0
2937,2937,1.8711,0
2938,2938,2.0383,0
2939,2939,2.109,0
2940,2940,2.0745,0
2941,2941,1.9902,0
2942,2942,1.9323,0
2943,2943,1.9544,0
2944,2944,1.9174,0
2945,2945,1.8724,0
2946,2946,2.2415,0
2947,2947,1.8391,0
2948,2948,1.8515,0
2949,2949,1.8748,0
2950,2950,1.9327,0
2951,2951,1.8373,0
2952,2952,1.8682,0
2953,2953,1.8377,0
2954,2954,1.9796,0
2955,2955,2.0889,0
2956,2956,1.9329,0
2957,2957,1.8642,0
2958,2958,1.853,0
2959,2959,1.8405,0
2960,2960,1.8383,0
2961,2961,1.8472,0
2962,2962,1.9945,0
2963,2963,1.8606,0
2964,2964,1.87,0
2965,2965,1.8415,0
2966,2966,1.902,0
2967,2967,1.8423,0
2968,2968,1.8667,0
2969,2969,1.8435,0
2970,2970,1.9624,0
2971,2971,1.846,0
2972,2972,1.8419,0
2973,2973,1.8535,0
2974,2974,1.8488,0
2975,2975,1.8514,0
2976,2976,2.0576,0
2977,2977,2.1682,0
2978,2978,2.5472,0
2979,2979,2.1422,0
2980,2980,2.8748,0
2981,2981,2.983,0
2982,2982,1.8823,0
2983,2983,1.9325,0
2984,2984,2.2578,0
2985,2985,2.2028,0
2986,2986,1.944,0
2987,2987,1.7615,0
2988,2988,1.7848,0
2989,2989,1.7446,0
2990,2990,1.7506,0
2991,2991,1.7733,0
2992,2992,1.7521,0
2993,2993,1.7678,0
2994,2994,2.4115,0
2995,2995,2.2226,0
2996,2996,2.0721,0
2997,2997,1.9785,0
2998,2998,1.9211,0
2999,2999,1.8658,0
3000,3000,1.8884,0
3001,3001,1.935,0
3002,3002,1.8547,0
3003,3003,1.8409,0
3004,3004,1.828,0
3005,3005,1.8103,0
3006,3006,1.8274,0
3007,3007,1.856,0
3008,3008,1.8363,0
3009,3009,1.8346,0
3010,3010,1.9021,0
3011,3011,1.9165,0
3012,3012,1.8255,0
3013,3013,1.827,0
3014,3014,1.8346,0
3015,3015,1.8137,0
3016,3016,1.818,0
3017,3017,1.8172,0
3018,3018,2.0494,0
3019,3019,1.8414,0
3020,3020,1.8088,0
3021,3021,1.8585,0
3022,3022,1.81,0
3023,3023,1.7938,0
3024,3024,1.8026,0
3025,3025,1.7674,0
3026,3026,1.7934,0
3027,3027,1.9994,0
3028,3028,2.0171,0
3029,3029,1.8026,0
3030,3030,1.8159,0
3031,3031,1.7944,0
3032,3032,1.7995,0
3033,3033,1.8184,0
3034,3034,1.8026,0
3035,3035,1.809,0
3036,3036,1.8285,0
3037,3037,1.8039,0
3038,3038,1.79,0
3039,3039,1.8005,0
3040,3040,1.7997,0
3041,3041,1.8141,0
3042,3042,1.821,0
3043,3043,1.8244,0
3044,3044,1.8613,0
3045,3045,1.8294,0
3046,3046,1.7967,0
3047,3047,1.8027,0
3048,3048,1.7927,0
3049,3049,1.8081,0
3050,3050,1.8327,0
3051,3051,1.8144,0
3052,3052,1.819,0
3053,3053,1.9606,0
3054,3054,2.0907,0
3055,3055,2.0651,0
3056,3056,1.9548,0
3057,3057,1.8827,0
3058,3058,1.8831,0
3059,3059,1.8384,0
3060,3060,1.8871,0
3061,3061,2.0225,0
3062,3062,1.9079,0
3063,3063,1.7816,0
3064,3064,1.7711,0
3065,3065,1.7955,0
3066,3066,1.7871,0
3067,3067,1.7675,0
3068,3068,1.8061,0
3069,3069,1.7777,0
3070,3070,2.1982,0
3071,3071,1.9078,0
3072,3072,1.8082,0
3073,3073,1.8112,0
3074,3074,1.8013,0
3075,3075,1.8019,0
3076,3076,1.8678,0
3077,3077,1.7916,0
3078,3078,1.8051,0
3079,3079,1.8414,0
3080,3080,1.8031,0
3081,3081,1.7995,0
3082,3082,1.8181,0
3083,3083,1.8005,0
3084,3084,1.8162,0
3085,3085,1.8083,0
3086,3086,1.8005,0
3087,3087,1.7842,0
3088,3088,1.8226,0
3089,3089,1.8145,0
3090,3090,1.8029,0
3091,3091,1.8129,0
3092,3092,1.8198,0
3093,3093,1.9094,0
3094,3094,1.8366,0
3095,3095,1.7945,0
3096,3096,1.8338,0
3097,3097,1.8142,0
3098,3098,1.7817,0
3099,3099,1.8159,0
3100,3100,1.8477,0
3101,3101,1.8169,0
3102,3102,1.8169,0
3103,3103,1.8485,0
3104,3104,1.8191,0
3105,3105,1.8417,0
3106,3106,1.9723,0
3107,3107,1.884,0
3108,3108,2.0421,0
3109,3109,2.2781,0
3110,3110,1.8751,0
3111,3111,1.8951,0
3112,3112,1.8751,0
3113,3113,2.3458,0
3114,3114,2.2892,0
3115,3115,2.1128,0
3116,3116,2.0085,0
3117,3117,2.001,0
3118,3118,1.8896,0
3119,3119,1.8893,0
3120,3120,2.0797,0
3121,3121,1.9263,0
3122,3122,1.8501,0
3123,3123,1.8407,0
3124,3124,1.9506,0
3125,3125,1.8472,0
3126,3126,1.8407,0
3127,3127,1.8256,0
3128,3128,1.835,0
3129,3129,1.841,0
3130,3130,1.8566,0
3131,3131,1.8356,0
3132,3132,1.8317,0
3133,3133,1.8485,0
3134,3134,1.8466,0
3135,3135,1.8416,0
3136,3136,1.8504,0
3137,3137,1.8527,0
3138,3138,1.8493,0
3139,3139,1.8358,0
3140,3140,1.9083,0
3141,3141,1.8472,0
3142,3142,1.858,0
3143,3143,1.8425,0
3144,3144,1.8424,0
3145,3145,1.8488,0
3146,3146,1.8462,0
3147,3147,1.8479,0
3148,3148,1.8627,0
3149,3149,1.8359,0
3150,3150,1.8344,0
3151,3151,1.8391,0
3152,3152,1.8284,0
3153,3153,1.8214,0
3154,3154,1.9038,0
3155,3155,1.8586,0
3156,3156,1.9083,0
3157,3157,1.853,0
3158,3158,1.8349,0
3159,3159,1.8381,0
3160,3160,1.8652,0
3161,3161,1.8402,0
3162,3162,1.8421,0
3163,3163,1.859,0
3164,3164,1.8419,0
3165,3165,1.8402,0
3166,3166,1.8219,0
3167,3167,1.8347,0
3168,3168,1.8423,0
3169,3169,1.8459,0
3170,3170,1.8353,0
3171,3171,1.8308,0
3172,3172,2.0831,0
3173,3173,1.8939,0
3174,3174,1.8251,0
3175,3175,1.8324,0
3176,3176,1.7922,0
3177,3177,1.8178,0
3178,3178,1.8166,0
3179,3179,1.8021,0
3180,3180,2.2036,0
3181,3181,2.1294,0
3182,3182,2.0747,0
3183,3183,2.0235,0
3184,3184,1.9589,0
3185,3185,1.9245,0
3186,3186,1.8626,0
3187,3187,1.8509,0
3188,3188,2.1494,0
3189,3189,1.9445,0
3190,3190,1.8164,0
3191,3191,1.8196,0
3192,3192,1.8317,0
3193,3193,1.8414,0
3194,3194,1.8074,0
3195,3195,1.8838,0
3196,3196,1.8397,0
3197,3197,1.9436,0
3198,3198,1.8268,0
3199,3199,1.8109,0
3200,3200,1.8246,0
3201,3201,1.8313,0
3202,3202,1.8313,0
3203,3203,1.8331,0
3204,3204,1.8887,0
3205,3205,1.9854,0
3206,3206,1.8875,0
3207,3207,1.8242,0
3208,3208,1.8187,0
3209,3209,1.8306,0
3210,3210,1.8138,0
3211,3211,1.8782,0
3212,3212,1.8679,0
3213,3213,2.0181,0
3214,3214,1.9656,0
3215,3215,1.8221,0
3216,3216,1.8198,0
3217,3217,1.8356,0
3218,3218,1.8263,0
3219,3219,1.8302,0
3220,3220,1.8963,0
3221,3221,1.8237,0
3222,3222,1.8344,0
3223,3223,1.8167,0
3224,3224,1.8096,0
3225,3225,1.8188,0
3226,3226,1.8409,0
3227,3227,1.8172,0
3228,3228,1.8204,0
3229,3229,1.8423,0
3230,3230,1.8261,0
3231,3231,2.0473,0
3232,3232,1.8791,0
3233,3233,1.833,0
3234,3234,1.8297,0
3235,3235,1.8252,0
3236,3236,1.8713,0
3237,3237,1.818,0
3238,3238,1.842,0
3239,3239,1.8593,0
3240,3240,1.8397,0
3241,3241,1.8387,0
3242,3242,1.8308,0
3243,3243,1.8285,0
3244,3244,1.8332,0
3245,3245,1.8216,0
3246,3246,1.8213,0
3247,3247,1.8297,0
3248,3248,1.9756,0
3249,3249,2.0199,0
3250,3250,2.0734,0
3251,3251,1.9295,0
3252,3252,2.0051,0
3253,3253,1.877,0
3254,3254,1.8344,0
3255,3255,1.8394,0
3256,3256,1.8451,0
3257,3257,1.8315,0
3258,3258,1.8288,0
3259,3259,1.8432,0
3260,3260,1.8438,0
3261,3261,1.8392,0
3262,3262,1.8592,0
3263,3263,1.832,0
3264,3264,1.8307,0
3265,3265,1.8575,0
3266,3266,1.8233,0
3267,3267,1.8332,0
3268,3268,1.9303,0
3269,3269,1.8331,0
3270,3270,1.831,0
3271,3271,1.8465,0
3272,3272,1.8283,0
3273,3273,1.8371,0
3274,3274,1.8704,0
3275,3275,1.8255,0
3276,3276,1.8292,0
3277,3277,1.8405,0
3278,3278,1.8114,0
3279,3279,1.8268,0
3280,3280,1.8473,0
3281,3281,1.8269,0
3282,3282,1.928,0
3283,3283,1.8372,0
3284,3284,1.8206,0
3285,3285,1.9059,0
3286,3286,1.8452,0
3287,3287,1.8281,0
3288,3288,1.8327,0
3289,3289,1.8499,0
3290,3290,1.8342,0
3291,3291,1.8072,0
3292,3292,1.8305,0
3293,3293,1.8345,0
3294,3294,1.8313,0
3295,3295,1.8316,0
3296,3296,1.8224,0
3297,3297,1.8244,0
3298,3298,1.8367,0
3299,3299,1.8367,0
3300,3300,1.8305,0
3301,3301,1.9429,0
3302,3302,1.8539,0
3303,3303,1.8176,0
3304,3304,1.8554,0
3305,3305,1.8321,0
3306,3306,1.8256,0
3307,3307,1.8301,0
3308,3308,1.9925,0
3309,3309,2.0318,0
3310,3310,2.0448,0
3311,3311,1.9197,0
3312,3312,1.8921,0
3313,3313,1.9355,0
3314,3314,1.8661,0
3315,3315,1.8468,0
3316,3316,1.8663,0
3317,3317,1.9243,0
3318,3318,1.842,0
3319,3319,1.8418,0
3320,3320,1.8205,0
3321,3321,1.8161,0
3322,3322,1.8567,0
3323,3323,1.8393,0
3324,3324,1.8334,0
3325,3325,1.8625,0
3326,3326,1.8332,0
3327,3327,1.831,0
3328,3328,1.8426,0
3329,3329,1.8338,0
3330,3330,1.8262,0
3331,3331,1.834,0
3332,3332,1.8131,0
3333,3333,1.9078,0
3334,3334,1.8461,0
3335,3335,1.8288,0
3336,3336,1.825,0
3337,3337,1.8618,0
3338,3338,1.8784,0
3339,3339,1.8436,0
3340,3340,1.8852,0
3341,3341,1.8366,0
3342,3342,1.8331,0
3343,3343,1.8499,0
3344,3344,1.8269,0
3345,3345,1.8138,0
3346,3346,1.8227,0
3347,3347,1.8343,0
3348,3348,1.834,0
3349,3349,1.9038,0
3350,3350,1.8563,0
3351,3351,1.8331,0
3352,3352,1.8472,0
3353,3353,1.8333,0
3354,3354,1.8341,0
3355,3355,1.8424,0
3356,3356,1.8329,0
3357,3357,1.8393,0
3358,3358,1.8199,0
3359,3359,1.8283,0
3360,3360,1.8395,0
3361,3361,1.8392,0
3362,3362,1.8239,0
3363,3363,1.821,0
3364,3364,1.8496,0
3365,3365,1.8833,0
3366,3366,2.0264,0
3367,3367,2.0466,0
3368,3368,1.9786,0
3369,3369,2.0209,0
3370,3370,2.0501,0
3371,3371,1.9949,0
3372,3372,1.9213,0
3373,3373,1.9189,0
3374,3374,1.987,0
3375,3375,1.8964,0
3376,3376,1.893,0
3377,3377,1.8921,0
3378,3378,1.907,0
3379,3379,1.9092,0
3380,3380,1.8869,0
3381,3381,2.0046,0
3382,3382,1.9748,0
3383,3383,1.9551,0
3384,3384,1.8885,0
3385,3385,1.8711,0
3386,3386,1.9124,0
3387,3387,1.899,0
3388,3388,1.8605,0
3389,3389,1.895,0
3390,3390,1.9174,0
3391,3391,1.9734,0
3392,3392,1.9689,0
3393,3393,2.3577,0
3394,3394,1.8832,0
3395,3395,1.8545,0
3396,3396,1.9708,0
3397,3397,1.9368,0
3398,3398,1.9689,0
3399,3399,1.9282,0
3400,3400,1.911,0
3401,3401,1.861,0
3402,3402,1.8912,0
3403,3403,1.856,0
3404,3404,1.8142,0
3405,3405,1.9065,0
3406,3406,1.8599,0
3407,3407,1.9866,0
3408,3408,1.8878,0
3409,3409,1.9647,0
3410,3410,1.9085,0
3411,3411,1.8857,0
3412,3412,1.9734,0
3413,3413,1.9014,0
3414,3414,1.944,0
3415,3415,1.9463,0
3416,3416,1.9118,0
3417,3417,1.872,0
3418,3418,1.8996,0
3419,3419,1.8753,0
3420,3420,1.8722,0
3421,3421,1.8762,0
3422,3422,1.8625,0
3423,3423,1.8715,0
3424,3424,1.8467,0
3425,3425,1.8679,0
3426,3426,1.858,0
3427,3427,1.8669,0
3428,3428,1.9809,0
3429,3429,1.8879,0
3430,3430,1.9321,0
3431,3431,1.8681,0
3432,3432,2.1201,0
3433,3433,1.8977,0
3434,3434,1.9228,0
3435,3435,1.8694,0
3436,3436,1.8423,0
3437,3437,1.8518,0
3438,3438,1.8745,0
3439,3439,1.8516,0
3440,3440,1.8956,0
3441,3441,1.8522,0
3442,3442,1.8395,0
3443,3443,1.8482,0
3444,3444,1.9299,0
3445,3445,1.8634,0
3446,3446,1.8541,0
3447,3447,1.8441,0
3448,3448,2.2479,0
3449,3449,2.0518,0
3450,3450,1.8793,0
3451,3451,1.8715,0
3452,3452,1.8712,0
3453,3453,1.8663,0
3454,3454,1.9211,0
3455,3455,1.9812,0
3456,3456,1.8712,0
3457,3457,1.8673,0
3458,3458,1.891,0
3459,3459,1.9371,0
3460,3460,1.8702,0
3461,3461,1.879,0
3462,3462,1.8694,0
3463,3463,1.872,0
3464,3464,1.8849,0
3465,3465,1.8843,0
3466,3466,1.8708,0
3467,3467,1.8838,0
3468,3468,1.8641,0
3469,3469,1.8686,0
3470,3470,1.881,0
3471,3471,1.8577,0
3472,3472,1.8496,0
3473,3473,1.877,0
3474,3474,1.8681,0
3475,3475,1.9854,0
3476,3476,1.9013,0
3477,3477,1.8591,0
3478,3478,1.8628,0
3479,3479,1.8842,0
3480,3480,1.8802,0
3481,3481,1.9116,0
3482,3482,2.1599,0
3483,3483,2.048,0
3484,3484,2.0883,0
3485,3485,1.946,0
3486,3486,1.9309,0
3487,3487,1.9476,0
3488,3488,1.9018,0
3489,3489,1.888,0
3490,3490,1.8929,0
3491,3491,1.958,0
3492,3492,1.8762,0
3493,3493,1.8767,0
3494,3494,1.873,0
3495,3495,1.8762,0
3496,3496,1.864,0
3497,3497,1.9884,0
3498,3498,1.9113,0
3499,3499,1.886,0
3500,3500,1.8722,0
3501,3501,1.8717,0
3502,3502,1.8699,0
3503,3503,1.8772,0
3504,3504,1.8752,0
3505,3505,1.8962,0
3506,3506,1.9592,0
3507,3507,1.9125,0
3508,3508,1.9277,0
3509,3509,1.9499,0
3510,3510,1.8908,0
3511,3511,1.8827,0
3512,3512,1.8738,0
3513,3513,1.8748,0
3514,3514,2.111,0
3515,3515,1.948,0
3516,3516,1.8183,0
3517,3517,1.8,0
3518,3518,1.8377,0
3519,3519,1.8291,0
3520,3520,1.7987,0
3521,3521,1.8271,0
3522,3522,1.8242,0
3523,3523,2.0112,0
3524,3524,2.2262,0
3525,3525,2.0558,0
3526,3526,1.8675,0
3527,3527,1.8216,0
3528,3528,1.8074,0
3529,3529,1.8242,0
3530,3530,1.7888,0
3531,3531,1.9185,0
3532,3532,1.8404,0
3533,3533,1.82,0
3534,3534,1.8156,0
3535,3535,1.8249,0
3536,3536,1.8031,0
3537,3537,1.8045,0
3538,3538,1.8377,0
3539,3539,1.8738,0
3540,3540,2.2743,0
3541,3541,2.1402,0
3542,3542,2.0763,0
3543,3543,1.9567,0
3544,3544,1.9388,0
3545,3545,1.8738,0
3546,3546,1.8546,0
3547,3547,1.8302,0
3548,3548,1.8481,0
3549,3549,1.8932,0
3550,3550,1.8692,0
3551,3551,1.8347,0
3552,3552,1.8597,0
3553,3553,1.8552,0
3554,3554,1.9573,0
3555,3555,1.8674,0
3556,3556,1.8437,0
3557,3557,1.8323,0
3558,3558,1.8503,0
3559,3559,1.8381,0
3560,3560,1.8157,0
3561,3561,1.8461,0
3562,3562,1.8385,0
3563,3563,1.8246,0
3564,3564,1.8377,0
3565,3565,1.8441,0
3566,3566,1.841,0
3567,3567,1.8548,0
3568,3568,1.8534,0
3569,3569,1.84,0
3570,3570,1.92,0
3571,3571,1.8368,0
3572,3572,1.8378,0
3573,3573,1.8316,0
3574,3574,1.8374,0
3575,3575,1.8374,0
3576,3576,1.8451,0
3577,3577,1.831,0
3578,3578,1.8363,0
3579,3579,1.8606,0
3580,3580,1.8858,0
3581,3581,1.8414,0
3582,3582,1.8372,0
3583,3583,1.827,0
3584,3584,1.8397,0
3585,3585,1.8191,0
3586,3586,1.83,0
3587,3587,1.896,0
3588,3588,1.8514,0
3589,3589,1.8318,0
3590,3590,1.8277,0
3591,3591,1.8541,0
3592,3592,1.837,0
3593,3593,1.8345,0
3594,3594,1.8608,0
3595,3595,1.8315,0
3596,3596,1.8291,0
3597,3597,1.8211,0
3598,3598,1.8144,0
3599,3599,1.9581,0
3600,3600,2.0077,0
3601,3601,2.0224,0
3602,3602,1.9873,0
3603,3603,1.9629,0
3604,3604,1.9347,0
3605,3605,1.9037,0
3606,3606,1.8492,0
3607,3607,2.1536,0
3608,3608,1.9945,0
3609,3609,1.835,0
3610,3610,1.856,0
3611,3611,1.8718,0
3612,3612,1.848,0
3613,3613,1.8554,0
3614,3614,1.862,0
3615,3615,1.9178,0
3616,3616,2.0332,0
3617,3617,2.0353,0
3618,3618,1.9154,0
3619,3619,1.8331,0
3620,3620,1.8791,0
3621,3621,1.8471,0
3622,3622,1.8526,0
3623,3623,1.8449,0
3624,3624,2.0826,0
3625,3625,1.8653,0
3626,3626,1.8327,0
3627,3627,1.831,0
3628,3628,1.8394,0
3629,3629,2.0755,0
3630,3630,2.2066,0
3631,3631,1.9514,0
3632,3632,1.9582,0
3633,3633,2.1186,0
3634,3634,1.8959,0
3635,3635,1.876,0
3636,3636,1.8512,0
3637,3637,1.8358,0
3638,3638,1.8391,0
3639,3639,1.8336,0
3640,3640,1.8791,0
3641,3641,1.8645,0
3642,3642,1.8434,0
3643,3643,1.84,0
3644,3644,1.8455,0
3645,3645,1.8371,0
3646,3646,1.8379,0
3647,3647,1.8629,0
3648,3648,1.8409,0
3649,3649,1.8509,0
3650,3650,1.9518,0
3651,3651,1.8376,0
3652,3652,1.8347,0
3653,3653,1.83,0
3654,3654,1.8196,0
3655,3655,1.8338,0
3656,3656,1.8479,0
3657,3657,1.8434,0
3658,3658,1.9959,0
3659,3659,2.0731,0
3660,3660,2.0307,0
3661,3661,1.9428,0
3662,3662,1.9097,0
3663,3663,1.8506,0
3664,3664,1.8725,0
3665,3665,1.8538,0
3666,3666,1.9421,0
3667,3667,1.8504,0
3668,3668,1.837,0
3669,3669,1.8337,0
3670,3670,1.8507,0
3671,3671,1.8128,0
3672,3672,1.8466,0
3673,3673,1.859,0
3674,3674,1.86,0
3675,3675,1.8517,0
3676,3676,1.8628,0
3677,3677,1.8485,0
3678,3678,1.8427,0
3679,3679,1.861,0
3680,3680,1.8386,0
3681,3681,1.8366,0
3682,3682,1.9539,0
3683,3683,2.017,0
3684,3684,1.857,0
3685,3685,2.065,0
3686,3686,1.8408,0
3687,3687,2.1078,0
3688,3688,1.897,0
3689,3689,1.8241,0
3690,3690,1.96,0
3691,3691,1.898,0
3692,3692,1.9998,0
3693,3693,1.8439,0
3694,3694,1.8248,0
3695,3695,1.8264,0
3696,3696,1.8667,0
3697,3697,2.0246,0
3698,3698,1.8249,0
3699,3699,1.9164,0
3700,3700,1.832,0
3701,3701,1.8292,0
3702,3702,1.8125,0
3703,3703,1.8155,0
3704,3704,2.0619,0
3705,3705,2.39,0
3706,3706,2.6394,0
3707,3707,1.8527,0
3708,3708,1.8201,0
3709,3709,1.8793,0
3710,3710,2.1396,0
3711,3711,1.9904,0
3712,3712,1.8806,0
3713,3713,1.8166,0
3714,3714,1.7834,0
3715,3715,2.2298,0
3716,3716,1.9577,0
3717,3717,1.9872,0
3718,3718,1.87,0
3719,3719,1.8611,0
3720,3720,1.8414,0
3721,3721,1.7891,0
3722,3722,1.7946,0
3723,3723,1.9673,0
3724,3724,1.8068,0
3725,3725,1.8071,0
3726,3726,1.8067,0
3727,3727,1.7828,0
3728,3728,1.8643,0
3729,3729,1.8184,0
3730,3730,1.7795,0
3731,3731,1.8037,0
3732,3732,1.881,0
3733,3733,1.7906,0
3734,3734,1.8082,0
3735,3735,1.811,0
3736,3736,1.8222,0
3737,3737,1.819,0
3738,3738,1.8253,0
3739,3739,1.8246,0
3740,3740,1.8759,0
3741,3741,1.8361,0
3742,3742,1.816,0
3743,3743,1.8067,0
3744,3744,1.8241,0
3745,3745,1.9171,0
3746,3746,1.8298,0
3747,3747,1.8418,0
3748,3748,1.8131,0
3749,3749,2.0748,0
3750,3750,1.8793,0
3751,3751,1.7962,0
3752,3752,1.8062,0
3753,3753,1.794,0
3754,3754,1.7927,0
3755,3755,1.7976,0
3756,3756,1.7878,0
3757,3757,1.7888,0
3758,3758,2.073,0
3759,3759,2.2691,0
3760,3760,2.0747,0
3761,3761,1.9158,0
3762,3762,1.7733,0
3763,3763,1.7879,0
3764,3764,1.796,0
3765,3765,1.7921,0
3766,3766,1.7942,0
3767,3767,1.7927,0
3768,3768,1.7962,0
3769,3769,1.8157,0
3770,3770,1.7974,0
3771,3771,1.7991,0
3772,3772,1.783,0
3773,3773,1.8137,0
3774,3774,1.8903,0
3775,3775,2.0008,0
3776,3776,2.0396,0
3777,3777,2.0758,0
3778,3778,1.9545,0
3779,3779,1.9492,0
3780,3780,1.9147,0
3781,3781,1.8852,0
3782,3782,1.8766,0
3783,3783,1.8522,0
3784,3784,1.8377,0
3785,3785,1.8374,0
3786,3786,1.8567,0
3787,3787,1.8283,0
3788,3788,1.8434,0
3789,3789,1.8342,0
3790,3790,1.8101,0
3791,3791,1.8403,0
3792,3792,1.8433,0
3793,3793,1.9131,0
3794,3794,1.831,0
3795,3795,1.8436,0
3796,3796,1.8269,0
3797,3797,1.8467,0
3798,3798,1.8474,0
3799,3799,1.8387,0
3800,3800,1.8362,0
3801,3801,1.8234,0
3802,3802,1.8171,0
3803,3803,1.8045,0
3804,3804,1.8414,0
3805,3805,1.8305,0
3806,3806,1.8308,0
3807,3807,1.8423,0
3808,3808,2.1137,0
3809,3809,1.9232,0
3810,3810,1.7905,0
3811,3811,1.816,0
3812,3812,1.7881,0
3813,3813,1.8162,0
3814,3814,1.8,0
3815,3815,1.779,0
3816,3816,1.8783,0
3817,3817,2.0196,0
3818,3818,2.1794,0
3819,3819,2.0036,0
3820,3820,1.7862,0
3821,3821,1.7607,0
3822,3822,1.7968,0
3823,3823,1.779,0
3824,3824,1.8903,0
3825,3825,1.8783,0
3826,3826,1.8055,0
3827,3827,1.8112,0
3828,3828,1.8169,0
3829,3829,1.8093,0
3830,3830,1.8036,0
3831,3831,1.8336,0
3832,3832,1.8152,0
3833,3833,2.2709,0
3834,3834,2.0676,0
3835,3835,2.0084,0
3836,3836,1.967,0
3837,3837,1.8707,0
3838,3838,1.8471,0
3839,3839,1.8744,0
3840,3840,2.2332,0
3841,3841,1.9574,0
3842,3842,1.9018,0
3843,3843,1.8642,0
3844,3844,1.8377,0
3845,3845,1.8293,0
3846,3846,1.8363,0
3847,3847,1.8562,0
3848,3848,1.8356,0
3849,3849,1.8442,0
3850,3850,1.8613,0
3851,3851,1.8502,0
3852,3852,1.8434,0
3853,3853,1.848,0
3854,3854,1.8347,0
3855,3855,1.8307,0
3856,3856,1.8356,0
3857,3857,1.9025,0
3858,3858,1.842,0
3859,3859,1.8559,0
3860,3860,1.8351,0
3861,3861,1.8256,0
3862,3862,1.8515,0
3863,3863,1.8376,0
3864,3864,1.8364,0
3865,3865,1.8359,0
3866,3866,1.8313,0
3867,3867,1.8497,0
3868,3868,1.8645,0
3869,3869,1.8358,0
3870,3870,1.8474,0
3871,3871,1.849,0
3872,3872,1.8295,0
3873,3873,1.9009,0
3874,3874,1.8558,0
3875,3875,1.8419,0
3876,3876,1.8712,0
3877,3877,1.8589,0
3878,3878,1.8379,0
3879,3879,1.8343,0
3880,3880,1.8502,0
3881,3881,1.8228,0
3882,3882,1.8171,0
3883,3883,1.8375,0
3884,3884,1.8378,0
3885,3885,1.8387,0
3886,3886,1.8397,0
3887,3887,1.8296,0
3888,3888,1.8367,0
3889,3889,1.9197,0
3890,3890,1.8397,0
3891,3891,1.8249,0
3892,3892,1.8427,0
3893,3893,2.0111,0
3894,3894,2.0344,0
3895,3895,2.2081,0
3896,3896,1.9494,0
3897,3897,2.029,0
3898,3898,1.8553,0
3899,3899,1.8371,0
3900,3900,1.8159,0
3901,3901,1.8323,0
3902,3902,2.0204,0
3903,3903,1.8877,0
3904,3904,1.8206,0
3905,3905,1.9303,0
3906,3906,1.9021,0
3907,3907,1.818,0
3908,3908,1.797,0
3909,3909,2.1813,0
3910,3910,1.9329,0
3911,3911,1.8285,0
3912,3912,1.8347,0
3913,3913,1.8315,0
3914,3914,1.8285,0
3915,3915,1.8543,0
3916,3916,1.8527,0
3917,3917,1.8732,0
3918,3918,1.9283,0
3919,3919,1.8308,0
3920,3920,1.8377,0
3921,3921,1.9474,0
3922,3922,1.8442,0
3923,3923,1.8339,0
3924,3924,1.8456,0
3925,3925,1.8351,0
3926,3926,1.8794,0
3927,3927,1.8523,0
3928,3928,1.8255,0
3929,3929,1.8298,0
3930,3930,1.8495,0
3931,3931,1.8211,0
3932,3932,1.8135,0
3933,3933,1.8402,0
3934,3934,1.856,0
3935,3935,1.8434,0
3936,3936,1.8473,0
3937,3937,1.8975,0
3938,3938,1.8428,0
3939,3939,1.8589,0
3940,3940,1.8382,0
3941,3941,1.826,0
3942,3942,1.8487,0
3943,3943,1.8322,0
3944,3944,1.8073,0
3945,3945,1.8468,0
3946,3946,1.8414,0
3947,3947,1.8331,0
3948,3948,1.8384,0
3949,3949,1.8248,0
3950,3950,1.8313,0
3951,3951,1.8646,0
3952,3952,1.8762,0
3953,3953,1.8889,0
3954,3954,1.8895,0
3955,3955,1.8303,0
3956,3956,1.8304,0
3957,3957,1.828,0
3958,3958,1.8233,0
3959,3959,1.8377,0
3960,3960,1.9376,0
3961,3961,2.0254,0
3962,3962,2.0614,0
3963,3963,1.9942,0
3964,3964,1.9327,0
3965,3965,1.9649,0
3966,3966,1.8834,0
3967,3967,1.8405,0
3968,3968,1.9338,0
3969,3969,1.9509,0
3970,3970,2.0839,0
3971,3971,2.2572,0
3972,3972,1.8592,0
3973,3973,1.8394,0
3974,3974,1.8581,0
3975,3975,1.8364,0
3976,3976,1.9469,0
3977,3977,2.0061,0
3978,3978,1.8476,0
3979,3979,1.8423,0
3980,3980,1.8881,0
3981,3981,1.835,0
3982,3982,1.836,0
3983,3983,1.8655,0
3984,3984,1.8571,0
3985,3985,2.5374,0
3986,3986,2.0843,0
3987,3987,1.9017,0
3988,3988,1.8184,0
3989,3989,1.8574,0
3990,3990,1.848,0
3991,3991,1.8173,0
3992,3992,1.905,0
3993,3993,1.9679,0
3994,3994,1.8577,0
3995,3995,1.8523,0
3996,3996,1.8432,0
3997,3997,1.8508,0
3998,3998,1.8413,0
3999,3999,1.8375,0
4000,4000,1.898,0
4001,4001,1.8793,0
4002,4002,1.8654,0
4003,4003,1.8472,0
4004,4004,1.8566,0
4005,4005,1.8407,0
4006,4006,1.8449,0
4007,4007,1.842,0
4008,4008,1.8344,0
4009,4009,1.8286,0
4010,4010,1.944,0
4011,4011,1.8559,0
4012,4012,1.8375,0
4013,4013,1.8533,0
4014,4014,1.8335,0
4015,4015,1.8311,0
4016,4016,1.8473,0
4017,4017,1.9215,0
4018,4018,2.1157,0
4019,4019,2.1558,0
4020,4020,2.0902,0
4021,4021,1.8891,0
4022,4022,1.859,0
4023,4023,1.8322,0
4024,4024,1.8584,0
4025,4025,1.8488,0
4026,4026,2.1224,0
4027,4027,2.0525,0
4028,4028,2.0065,0
4029,4029,1.9612,0
4030,4030,2.4773,0
4031,4031,2.1128,0
4032,4032,2.0192,0
4033,4033,1.9135,0
4034,4034,1.9198,0
4035,4035,1.9909,0
4036,4036,2.2638,0
4037,4037,1.8984,0
4038,4038,1.8925,0
4039,4039,1.8882,0
4040,4040,1.9268,0
4041,4041,1.8761,0
4042,4042,2.1093,0
4043,4043,1.9645,0
4044,4044,1.8875,0
4045,4045,1.8591,0
4046,4046,1.87,0
4047,4047,1.9305,0
4048,4048,1.844,0
4049,4049,1.8565,0
4050,4050,1.8498,0
4051,4051,1.8033,0
4052,4052,1.8649,0
4053,4053,1.843,0
4054,4054,1.8589,0
4055,4055,1.8752,0
4056,4056,1.9344,0
4057,4057,1.8445,0
4058,4058,1.8934,0
4059,4059,1.88,0
4060,4060,1.8715,0
4061,4061,1.8805,0
4062,4062,1.8657,0
4063,4063,2.0014,0
4064,4064,1.8839,0
4065,4065,1.8732,0
4066,4066,2.1191,0
4067,4067,1.9863,0
4068,4068,1.9242,0
4069,4069,1.9294,0
4070,4070,1.9656,0
4071,4071,1.9042,0
4072,4072,1.9463,0
4073,4073,1.9215,0
4074,4074,1.9569,0
4075,4075,1.952,0
4076,4076,1.9089,0
4077,4077,1.8856,0
4078,4078,1.9669,0
4079,4079,1.9222,0
4080,4080,1.9509,0
4081,4081,1.9632,0
4082,4082,1.9933,0
4083,4083,1.9351,0
4084,4084,1.9988,0
4085,4085,1.9777,0
4086,4086,1.9716,0
4087,4087,1.9512,0
4088,4088,1.9423,0
4089,4089,1.9344,0
4090,4090,1.9965,0
4091,4091,1.9842,0
4092,4092,1.9455,0
4093,4093,1.9955,0
4094,4094,1.9775,0
4095,4095,1.9706,0
4096,4096,1.9296,0
4097,4097,1.9507,0
4098,4098,1.9409,0
4099,4099,2.241,0
4100,4100,1.8731,0
4101,4101,1.8532,0
4102,4102,1.8467,0
4103,4103,1.8564,0
4104,4104,1.8596,0
4105,4105,1.9585,0
4106,4106,1.8846,0
4107,4107,1.8539,0
4108,4108,1.8653,0
4109,4109,1.9305,0
4110,4110,1.8655,0
4111,4111,1.8763,0
4112,4112,1.8658,0
4113,4113,1.8525,0
4114,4114,1.8639,0
4115,4115,1.8504,0
4116,4116,1.8562,0
4117,4117,1.8341,0
4118,4118,1.8376,0
4119,4119,1.8478,0
4120,4120,1.8585,0
4121,4121,1.837,0
4122,4122,1.8513,0
4123,4123,1.8641,0
4124,4124,1.8666,0
4125,4125,1.8925,0
4126,4126,1.8695,0
4127,4127,1.8505,0
4128,4128,1.8459,0
4129,4129,1.8643,0
4130,4130,1.8441,0
4131,4131,1.8473,0
4132,4132,1.8801,0
4133,4133,1.8691,0
4134,4134,1.8574,0
4135,4135,1.8602,0
4136,4136,1.8549,0
4137,4137,1.8635,0
4138,4138,1.8693,0
4139,4139,1.8636,0
4140,4140,1.858,0
4141,4141,2.1478,0
4142,4142,2.1622,0
4143,4143,2.1346,0
4144,4144,2.0059,0
4145,4145,1.9483,0
4146,4146,1.9335,0
4147,4147,1.8846,0
4148,4148,2.0697,0
4149,4149,2.3368,0
4150,4150,1.9919,0
4151,4151,1.9758,0
4152,4152,1.9894,0
4153,4153,2.0561,0
4154,4154,1.9333,0
4155,4155,1.9207,0
4156,4156,2.0447,0
4157,4157,1.9229,0
4158,4158,1.9087,0
4159,4159,1.9126,0
4160,4160,1.9084,0
4161,4161,1.9074,0
4162,4162,1.9273,0
4163,4163,1.9059,0
4164,4164,2.0164,0
4165,4165,2.0337,0
4166,4166,1.9037,0
4167,4167,1.8916,0
4168,4168,1.9029,0
4169,4169,1.8816,0
4170,4170,1.8821,0
4171,4171,1.8752,0
4172,4172,2.0574,0
4173,4173,2.0419,0
4174,4174,1.8796,0
4175,4175,1.8615,0
4176,4176,1.873,0
4177,4177,1.8536,0
4178,4178,1.8515,0
4179,4179,1.8717,0
4180,4180,1.8707,0
4181,4181,2.1267,0
4182,4182,2.0326,0
4183,4183,1.9,0
4184,4184,1.9092,0
4185,4185,1.9007,0
4186,4186,1.9015,0
4187,4187,2.2167,0
4188,4188,2.0812,0
4189,4189,1.9086,0
4190,4190,1.8898,0
4191,4191,1.8734,0
4192,4192,1.8787,0
4193,4193,1.8888,0
4194,4194,1.8878,0
4195,4195,1.8868,0
4196,4196,1.8948,0
4197,4197,2.2594,0
4198,4198,2.155,0
4199,4199,2.154,0
4200,4200,2.0003,0
4201,4201,2.073,0
4202,4202,2.3901,0
4203,4203,1.8608,0
4204,4204,1.9431,0
4205,4205,1.8548,0
4206,4206,1.8479,0
4207,4207,1.854,0
4208,4208,1.8442,0
4209,4209,1.847,0
4210,4210,1.8593,0
4211,4211,1.8423,0
4212,4212,1.8552,0
4213,4213,2.0408,0
4214,4214,1.8942,0
4215,4215,1.8468,0
4216,4216,1.8454,0
4217,4217,1.8425,0
4218,4218,1.9754,0
4219,4219,1.9106,0
4220,4220,1.8797,0
4221,4221,1.8796,0
4222,4222,1.8429,0
4223,4223,1.8525,0
4224,4224,1.8552,0
4225,4225,1.878,0
4226,4226,1.8868,0
4227,4227,1.8515,0
4228,4228,1.8585,0
4229,4229,1.8271,0
4230,4230,1.9133,0
4231,4231,1.8747,0
4232,4232,1.8515,0
4233,4233,1.8386,0
4234,4234,1.9139,0
4235,4235,1.8348,0
4236,4236,1.8717,0
4237,4237,1.8512,0
4238,4238,2.1726,0
4239,4239,1.9509,0
4240,4240,1.8262,0
4241,4241,1.8546,0
4242,4242,1.8304,0
4243,4243,1.8231,0
4244,4244,1.8267,0
4245,4245,1.9027,0
4246,4246,2.4921,0
4247,4247,2.1396,0
4248,4248,1.9445,0
4249,4249,1.911,0
4250,4250,1.892,0
4251,4251,2.3101,0
4252,4252,1.9541,0
4253,4253,2.0946,0
4254,4254,2.1763,0
4255,4255,2.097,0
4256,4256,2.0316,0
4257,4257,1.944,0
4258,4258,1.9469,0
4259,4259,1.905,0
4260,4260,1.883,0
4261,4261,1.9,0
4262,4262,1.9143,0
4263,4263,1.8857,0
4264,4264,1.9178,0
4265,4265,1.9943,0
4266,4266,1.8771,0
4267,4267,1.8676,0
4268,4268,1.8555,0
4269,4269,1.8697,0
4270,4270,1.9131,0
4271,4271,1.8945,0
4272,4272,1.8664,0
4273,4273,1.864,0
4274,4274,1.8688,0
4275,4275,1.8603,0
4276,4276,1.8885,0
4277,4277,1.8992,0
4278,4278,1.8775,0
4279,4279,1.8639,0
4280,4280,1.9261,0
4281,4281,1.8798,0
4282,4282,1.8647,0
4283,4283,1.8741,0
4284,4284,1.8419,0
4285,4285,1.8595,0
4286,4286,1.8891,0
4287,4287,1.8668,0
4288,4288,1.8649,0
4289,4289,1.8767,0
4290,4290,1.8636,0
4291,4291,1.863,0
4292,4292,1.883,0
4293,4293,1.8673,0
4294,4294,1.8661,0
4295,4295,1.8773,0
4296,4296,1.8676,0
4297,4297,1.9384,0
4298,4298,1.8682,0
4299,4299,1.8545,0
4300,4300,1.8518,0
4301,4301,1.87,0
4302,4302,1.8666,0
4303,4303,1.8679,0
4304,4304,1.8907,0
4305,4305,1.8697,0
4306,4306,1.8748,0
4307,4307,1.886,0
4308,4308,1.8702,0
4309,4309,1.8796,0
4310,4310,1.8814,0
4311,4311,1.9216,0
4312,4312,2.102,0
4313,4313,2.0891,0
4314,4314,2.0214,0
4315,4315,1.9781,0
4316,4316,1.9456,0
4317,4317,1.8841,0
4318,4318,1.8821,0
4319,4319,1.8904,0
4320,4320,1.8832,0
4321,4321,1.8634,0
4322,4322,1.8609,0
4323,4323,1.8639,0
4324,4324,1.9024,0
4325,4325,2.07,0
4326,4326,2.0289,0
4327,4327,2.1533,0
4328,4328,1.9353,0
4329,4329,2.3551,0
4330,4330,2.0179,0
4331,4331,1.8735,0
4332,4332,1.8301,0
4333,4333,1.8564,0
4334,4334,1.8365,0
4335,4335,1.8496,0
4336,4336,1.883,0
4337,4337,1.838,0
4338,4338,1.8316,0
4339,4339,1.8343,0
4340,4340,1.8135,0
4341,4341,1.8271,0
4342,4342,1.8506,0
4343,4343,1.8363,0
4344,4344,2.0686,0
4345,4345,1.8475,0
4346,4346,1.8311,0
4347,4347,1.835,0
4348,4348,1.8567,0
4349,4349,1.838,0
4350,4350,1.8306,0
4351,4351,1.8328,0
4352,4352,1.8335,0
4353,4353,1.8124,0
4354,4354,1.8519,0
4355,4355,1.8363,0
4356,4356,1.8341,0
4357,4357,1.8408,0
4358,4358,1.8313,0
4359,4359,1.8306,0
4360,4360,1.9187,0
4361,4361,2.2539,0
4362,4362,1.8763,0
4363,4363,1.8376,0
4364,4364,1.8509,0
4365,4365,1.8565,0
4366,4366,1.8361,0
4367,4367,1.8613,0
4368,4368,1.8482,0
4369,4369,2.4801,0
4370,4370,2.0117,0
4371,4371,2.1129,0
4372,4372,1.95,0
4373,4373,1.9354,0
4374,4374,1.8669,0
4375,4375,1.9223,0
4376,4376,1.8419,0
4377,4377,1.8546,0
4378,4378,1.8474,0
4379,4379,1.8561,0
4380,4380,1.8524,0
4381,4381,1.8357,0
4382,4382,1.8385,0
4383,4383,1.8914,0
4384,4384,1.8452,0
4385,4385,1.8693,0
4386,4386,1.8519,0
4387,4387,1.8336,0
4388,4388,1.8308,0
4389,4389,1.8255,0
4390,4390,1.8207,0
4391,4391,1.9065,0
4392,4392,1.8542,0
4393,4393,1.8339,0
4394,4394,1.8389,0
4395,4395,1.8483,0
4396,4396,1.8384,0
4397,4397,1.8287,0
4398,4398,1.8782,0
4399,4399,1.8543,0
4400,4400,1.8316,0
4401,4401,1.8588,0
4402,4402,1.8099,0
4403,4403,1.856,0
4404,4404,1.8523,0
4405,4405,1.8341,0
4406,4406,1.8311,0
4407,4407,1.9261,0
4408,4408,1.8412,0
4409,4409,1.8452,0
4410,4410,1.8685,0
4411,4411,1.8353,0
4412,4412,1.8309,0
4413,4413,1.8429,0
4414,4414,1.8328,0
4415,4415,1.808,0
4416,4416,1.8402,0
4417,4417,1.8319,0
4418,4418,1.9221,0
4419,4419,1.9959,0
4420,4420,1.8583,0
4421,4421,1.8462,0
4422,4422,1.8394,0
4423,4423,1.83,0
4424,4424,1.8971,0
4425,4425,1.8435,0
4426,4426,1.8727,0
4427,4427,1.8682,0
4428,4428,1.8414,0
4429,4429,1.8071,0
4430,4430,1.8273,0
4431,4431,1.8446,0
4432,4432,1.8311,0
4433,4433,1.8259,0
4434,4434,1.8545,0
4435,4435,2.0984,0
4436,4436,2.1051,0
4437,4437,2.0252,0
4438,4438,1.9387,0
4439,4439,1.9999,0
4440,4440,1.9204,0
4441,4441,1.8502,0
4442,4442,1.8682,0
4443,4443,1.9163,0
4444,4444,1.8605,0
4445,4445,1.9052,0
4446,4446,1.8455,0
4447,4447,1.8322,0
4448,4448,1.8575,0
4449,4449,1.8223,0
4450,4450,1.8384,0
4451,4451,1.8887,0
4452,4452,1.8433,0
4453,4453,1.8338,0
4454,4454,1.8495,0
4455,4455,1.9048,0
4456,4456,1.8654,0
4457,4457,1.8688,0
4458,4458,1.8401,0
4459,4459,1.8344,0
4460,4460,1.8695,0
4461,4461,1.8283,0
4462,4462,1.8428,0
4463,4463,1.8513,0
4464,4464,1.836,0
4465,4465,1.8375,0
4466,4466,1.8436,0
4467,4467,1.825,0
4468,4468,2.0503,0
4469,4469,1.8662,0
4470,4470,1.7801,0
4471,4471,1.8438,0
4472,4472,1.7686,0
4473,4473,1.7839,0
4474,4474,1.7951,0
4475,4475,1.7555,0
4476,4476,1.8157,0
4477,4477,1.859,0
4478,4478,2.1364,0
4479,4479,2.1343,0
4480,4480,1.8804,0
4481,4481,1.7613,0
4482,4482,1.7977,0
4483,4483,1.7794,0
4484,4484,1.8081,0
4485,4485,1.7778,0
4486,4486,1.7572,0
4487,4487,1.771,0
4488,4488,1.831,0
4489,4489,1.7909,0
4490,4490,1.7827,0
4491,4491,1.7797,0
4492,4492,1.7766,0
4493,4493,2.3165,0
4494,4494,1.7769,0
4495,4495,1.787,0
4496,4496,1.7781,0
4497,4497,1.7786,0
4498,4498,1.7674,0
4499,4499,1.7797,0
4500,4500,1.7851,0
4501,4501,1.7552,0
4502,4502,2.2111,0
4503,4503,1.9266,0
4504,4504,2.0411,0
4505,4505,1.87,0
4506,4506,2.0734,0
4507,4507,1.7914,0
4508,4508,1.7728,0
4509,4509,1.7707,0
4510,4510,2.1068,0
4511,4511,1.8131,0
4512,4512,1.7916,0
4513,4513,1.8692,0
4514,4514,1.8165,0
4515,4515,1.8013,0
4516,4516,1.7986,0
4517,4517,1.8036,0
4518,4518,1.779,0
4519,4519,1.7863,0
4520,4520,1.8893,0
4521,4521,1.8011,0
4522,4522,1.8122,0
4523,4523,1.8029,0
4524,4524,1.8217,0
4525,4525,1.8014,0
4526,4526,1.8133,0
4527,4527,1.8076,0
4528,4528,1.8371,0
4529,4529,1.7723,0
4530,4530,1.8061,0
4531,4531,1.8334,0
4532,4532,1.8098,0
4533,4533,1.803,0
4534,4534,1.8131,0
4535,4535,1.8017,0
4536,4536,1.9825,0
4537,4537,1.96,0
4538,4538,2.0113,0
4539,4539,1.8635,0
4540,4540,1.7848,0
4541,4541,2.1471,0
4542,4542,1.8058,0
4543,4543,1.7806,0
4544,4544,1.8195,0
4545,4545,1.7939,0
4546,4546,1.7958,0
4547,4547,1.823,0
4548,4548,1.7981,0
4549,4549,1.8089,0
4550,4550,1.8211,0
4551,4551,1.7882,0
4552,4552,1.8016,0
4553,4553,2.1831,0
4554,4554,1.8391,0
4555,4555,1.8202,0
4556,4556,1.8225,0
4557,4557,1.8026,0
4558,4558,1.7979,0
4559,4559,1.8136,0
4560,4560,1.8834,0
4561,4561,2.8979,0
4562,4562,2.2083,0
4563,4563,2.0199,0
4564,4564,1.9166,0
4565,4565,1.8558,0
4566,4566,1.8593,0
4567,4567,1.8253,0
4568,4568,1.8767,0
4569,4569,1.8538,0
4570,4570,1.947,0
4571,4571,1.8166,0
4572,4572,1.8391,0
4573,4573,1.7938,0
4574,4574,1.8085,0
4575,4575,1.8124,0
4576,4576,1.8163,0
4577,4577,1.7933,0
4578,4578,1.8675,0
4579,4579,1.8326,0
4580,4580,1.8122,0
4581,4581,1.8064,0
4582,4582,1.8206,0
4583,4583,1.8255,0
4584,4584,1.8809,0
4585,4585,1.8175,0
4586,4586,1.8009,0
4587,4587,1.8685,0
4588,4588,1.8378,0
4589,4589,1.8159,0
4590,4590,1.8062,0
4591,4591,1.8461,0
4592,4592,1.817,0
4593,4593,1.799,0
4594,4594,1.8224,0
4595,4595,1.8435,0
4596,4596,1.8004,0
4597,4597,1.8299,0
4598,4598,1.8044,0
4599,4599,1.8115,0
4600,4600,1.8226,0
4601,4601,1.8864,0
4602,4602,1.8229,0
4603,4603,1.8565,0
4604,4604,1.8308,0
4605,4605,1.7951,0
4606,4606,1.8492,0
4607,4607,1.7843,0
4608,4608,1.8157,0
4609,4609,1.8388,0
4610,4610,1.8003,0
4611,4611,1.8118,0
4612,4612,1.8532,0
4613,4613,1.8245,0
4614,4614,1.8286,0
4615,4615,1.839,0
4616,4616,1.8045,0
4617,4617,1.8891,0
4618,4618,1.7904,0
4619,4619,1.8087,0
4620,4620,1.8264,0
4621,4621,1.9699,0
4622,4622,2.0136,0
4623,4623,2.0486,0
4624,4624,1.9724,0
4625,4625,1.932,0
4626,4626,1.9989,0
4627,4627,1.8483,0
4628,4628,1.8164,0
4629,4629,1.9108,0
4630,4630,1.8316,0
4631,4631,1.8184,0
4632,4632,1.8431,0
4633,4633,1.8997,0
4634,4634,1.8197,0
4635,4635,1.8445,0
4636,4636,1.8185,0
4637,4637,1.818,0
4638,4638,1.8539,0
4639,4639,1.8256,0
4640,4640,1.8136,0
4641,4641,1.8221,0
4642,4642,1.8626,0
4643,4643,1.8145,0
4644,4644,1.8366,0
4645,4645,1.7967,0
4646,4646,1.8346,0
4647,4647,1.7946,0
4648,4648,1.8036,0
4649,4649,1.8825,0
4650,4650,1.8507,0
4651,4651,1.8209,0
4652,4652,1.8083,0
4653,4653,1.8351,0
4654,4654,1.8112,0
4655,4655,1.8271,0
4656,4656,1.8462,0
4657,4657,1.7956,0
4658,4658,1.8115,0
4659,4659,1.8207,0
4660,4660,1.8183,0
4661,4661,1.8097,0
4662,4662,1.8265,0
4663,4663,1.8453,0
4664,4664,1.8158,0
4665,4665,1.8319,0
4666,4666,1.8973,0
4667,4667,1.8321,0
4668,4668,1.8429,0
4669,4669,1.7983,0
4670,4670,1.7813,0
4671,4671,1.8298,0
4672,4672,2.1383,0
4673,4673,2.3447,0
4674,4674,1.8455,0
4675,4675,1.8392,0
4676,4676,1.8256,0
4677,4677,1.8236,0
4678,4678,1.8538,0
4679,4679,1.8206,0
4680,4680,2.0381,0
4681,4681,2.2132,0
4682,4682,2.1025,0
4683,4683,2.6736,0
4684,4684,1.9571,0
4685,4685,1.8444,0
4686,4686,1.9061,0
4687,4687,2.0105,0
4688,4688,1.8358,0
4689,4689,1.8728,0
4690,4690,1.9278,0
4691,4691,1.9113,0
4692,4692,1.9057,0
4693,4693,1.9013,0
4694,4694,1.9006,0
4695,4695,1.9061,0
4696,4696,1.9271,0
4697,4697,1.9893,0
4698,4698,1.8881,0
4699,4699,1.9344,0
4700,4700,1.9048,0
4701,4701,1.8564,0
4702,4702,1.8643,0
4703,4703,1.8461,0
4704,4704,1.8841,0
4705,4705,1.858,0
4706,4706,1.8387,0
4707,4707,1.8299,0
4708,4708,1.8433,0
4709,4709,1.8663,0
4710,4710,1.939,0
4711,4711,1.8721,0
4712,4712,1.9439,0
4713,4713,1.8422,0
4714,4714,1.8471,0
4715,4715,1.8416,0
4716,4716,1.8862,0
4717,4717,1.9233,0
4718,4718,1.8543,0
4719,4719,1.8232,0
4720,4720,1.9049,0
4721,4721,1.8915,0
4722,4722,1.8976,0
4723,4723,1.858,0
4724,4724,1.8738,0
4725,4725,1.8818,0
4726,4726,1.8979,0
4727,4727,1.8958,0
4728,4728,1.8709,0
4729,4729,2.0019,0
4730,4730,1.8849,0
4731,4731,1.8678,0
4732,4732,1.883,0
4733,4733,1.8709,0
4734,4734,1.8682,0
4735,4735,1.8902,0
4736,4736,1.8642,0
4737,4737,1.9536,0
4738,4738,1.9096,0
4739,4739,1.9193,0
4740,4740,1.8611,0
4741,4741,1.9367,0
4742,4742,1.8864,0
4743,4743,1.8753,0
4744,4744,1.8822,0
4745,4745,1.9608,0
4746,4746,1.866,0
4747,4747,1.8746,0
4748,4748,1.8693,0
4749,4749,1.8812,0
4750,4750,1.895,0
4751,4751,1.8751,0
4752,4752,1.8704,0
4753,4753,1.8835,0
4754,4754,1.8804,0
4755,4755,1.8739,0
4756,4756,1.8912,0
4757,4757,1.8533,0
4758,4758,1.8724,0
4759,4759,2.1388,0
4760,4760,1.9931,0
4761,4761,1.9162,0
4762,4762,1.8748,0
4763,4763,1.8353,0
4764,4764,1.8363,0
4765,4765,1.8509,0
4766,4766,1.8327,0
4767,4767,1.8545,0
4768,4768,1.8585,0
4769,4769,1.871,0
4770,4770,1.871,0
4771,4771,1.8518,0
4772,4772,1.8486,0
4773,4773,1.8466,0
4774,4774,1.8571,0
4775,4775,1.8365,0
4776,4776,1.892,0
4777,4777,1.8394,0
4778,4778,2.0348,0
4779,4779,1.9158,0
4780,4780,1.9218,0
4781,4781,1.9634,0
4782,4782,2.2686,0
4783,4783,2.3842,0
4784,4784,1.9021,0
4785,4785,2.2289,0
4786,4786,2.0769,0
4787,4787,1.8595,0
4788,4788,1.8539,0
4789,4789,1.8421,0
4790,4790,1.826,0
4791,4791,1.9036,0
4792,4792,1.8478,0
4793,4793,2.0348,0
4794,4794,2.0123,0
4795,4795,1.9697,0
4796,4796,2.0529,0
4797,4797,1.925,0
4798,4798,1.9082,0
4799,4799,1.8485,0
4800,4800,1.8255,0
4801,4801,1.8336,0
4802,4802,1.8949,0
4803,4803,1.8414,0
4804,4804,1.8312,0
4805,4805,1.8262,0
4806,4806,1.847,0
4807,4807,1.923,0
4808,4808,1.8373,0
4809,4809,1.8406,0
4810,4810,1.8287,0
4811,4811,1.8262,0
4812,4812,1.8303,0
4813,4813,1.8146,0
4814,4814,1.8345,0
4815,4815,1.8416,0
4816,4816,1.8285,0
4817,4817,1.8233,0
4818,4818,1.86,0
4819,4819,1.8548,0
4820,4820,1.8441,0
4821,4821,1.8521,0
4822,4822,1.8381,0
4823,4823,1.92,0
4824,4824,1.8559,0
4825,4825,1.8148,0
4826,4826,1.8255,0
4827,4827,1.8656,0
4828,4828,1.9842,0
4829,4829,1.8692,0
4830,4830,2.3469,0
4831,4831,1.8905,0
4832,4832,1.8293,0
4833,4833,1.8697,0
4834,4834,2.0254,0
4835,4835,2.1022,0
4836,4836,1.9653,0
4837,4837,1.842,0
4838,4838,1.8293,0
4839,4839,1.8787,0
4840,4840,1.8724,0
4841,4841,1.981,0
4842,4842,1.9058,0
4843,4843,1.8321,0
4844,4844,1.9855,0
4845,4845,1.8301,0
4846,4846,1.8639,0
4847,4847,2.1132,0
4848,4848,1.9533,0
4849,4849,1.8066,0
4850,4850,1.8205,0
4851,4851,1.816,0
4852,4852,1.9366,0
4853,4853,1.9547,0
4854,4854,2.0755,0
4855,4855,2.0582,0
4856,4856,1.8812,0
4857,4857,1.8885,0
4858,4858,1.8404,0
4859,4859,1.8254,0
4860,4860,1.8255,0
4861,4861,1.814,0
4862,4862,1.8135,0
4863,4863,1.8108,0
4864,4864,1.8217,0
4865,4865,1.8336,0
4866,4866,1.8443,0
4867,4867,1.8412,0
4868,4868,1.8472,0
4869,4869,1.8365,0
4870,4870,1.8414,0
4871,4871,1.8794,0
4872,4872,1.8233,0
4873,4873,1.8243,0
4874,4874,1.8348,0
4875,4875,1.8288,0
4876,4876,1.8286,0
4877,4877,1.8804,0
4878,4878,1.8457,0
4879,4879,1.8839,0
4880,4880,1.8386,0
4881,4881,1.8639,0
4882,4882,1.8732,0
4883,4883,1.8108,0
4884,4884,1.8217,0
4885,4885,1.8438,0
4886,4886,1.8127,0
4887,4887,1.8854,0
4888,4888,1.8382,0
4889,4889,1.8199,0
4890,4890,1.8241,0
4891,4891,1.8825,0
4892,4892,1.8819,0
4893,4893,1.8643,0
4894,4894,1.8744,0
4895,4895,1.8178,0
4896,4896,1.8163,0
4897,4897,1.8306,0
4898,4898,1.8192,0
4899,4899,1.8174,0
4900,4900,1.8878,0
4901,4901,2.2597,0
4902,4902,1.8654,0
4903,4903,1.8616,0
4904,4904,1.8134,0
4905,4905,1.795,0
4906,4906,1.7806,0
4907,4907,1.8231,0
4908,4908,1.7703,0
4909,4909,1.7951,0
4910,4910,2.2126,0
4911,4911,2.2797,0
4912,4912,2.0819,0
4913,4913,1.9279,0
4914,4914,1.8692,0
4915,4915,1.8987,0
4916,4916,1.8406,0
4917,4917,1.8315,0
4918,4918,2.0585,0
4919,4919,1.8329,0
4920,4920,1.818,0
4921,4921,1.8425,0
4922,4922,1.8251,0
4923,4923,1.8022,0
4924,4924,1.8504,0
4925,4925,1.8233,0
4926,4926,2.1369,0
4927,4927,1.9,0
4928,4928,1.8099,0
4929,4929,1.8027,0
4930,4930,1.8108,0
4931,4931,1.7988,0
4932,4932,1.8103,0
4933,4933,1.8576,0
4934,4934,2.0974,0
4935,4935,2.0367,0
4936,4936,1.8177,0
4937,4937,1.8074,0
4938,4938,1.8174,0
4939,4939,1.7949,0
4940,4940,1.7996,0
4941,4941,1.8219,0
4942,4942,1.8089,0
4943,4943,2.0695,0
4944,4944,1.864,0
4945,4945,1.7846,0
4946,4946,1.8004,0
4947,4947,1.7776,0
4948,4948,1.932,0
4949,4949,2.1926,0
4950,4950,1.9883,0
4951,4951,2.3213,0
4952,4952,1.8149,0
4953,4953,1.7876,0
4954,4954,1.817,0
4955,4955,1.7984,0
4956,4956,1.7951,0
4957,4957,1.8074,0
4958,4958,1.9503,0
4959,4959,1.8021,0
4960,4960,1.8818,0
4961,4961,1.8062,0
4962,4962,1.7973,0
4963,4963,1.8039,0
4964,4964,1.7808,0
4965,4965,1.8025,0
4966,4966,1.8083,0
4967,4967,1.8547,0
4968,4968,2.3514,0
4969,4969,2.0301,0
4970,4970,1.9967,0
4971,4971,1.9298,0
4972,4972,1.8786,0
4973,4973,1.8505,0
4974,4974,1.8276,0
4975,4975,1.7981,0
4976,4976,1.8072,0
4977,4977,1.9955,0
4978,4978,1.8474,0
4979,4979,1.8391,0
4980,4980,1.8101,0
4981,4981,1.784,0
4982,4982,1.8023,0
4983,4983,1.9115,0
4984,4984,1.808,0
4985,4985,1.797,0
4986,4986,1.8133,0
4987,4987,1.8103,0
4988,4988,1.8094,0
4989,4989,1.8152,0
4990,4990,1.8026,0
4991,4991,1.7881,0
4992,4992,1.8253,0
4993,4993,1.8185,0
4994,4994,1.8645,0
4995,4995,1.851,0
4996,4996,1.8481,0
4997,4997,1.8183,0
4998,4998,1.8473,0
4999,4999,1.8874,0
5000,5000,1.8024,0
5001,5001,1.8342,0
5002,5002,1.8026,0
5003,5003,1.775,0
5004,5004,1.8201,0
5005,5005,1.7943,0
5006,5006,1.8217,0
5007,5007,1.8078,0
5008,5008,1.8029,0
5009,5009,1.8134,0
5010,5010,2.0311,0
5011,5011,1.9077,0
5012,5012,2.0443,0
5013,5013,1.7999,0
5014,5014,1.7983,0
5015,5015,1.8569,0
5016,5016,1.8347,0
5017,5017,1.8023,0
5018,5018,1.8463,0
5019,5019,1.9781,0
5020,5020,2.0887,0
5021,5021,1.8608,0
5022,5022,1.8406,0
5023,5023,1.8024,0
5024,5024,1.7932,0
5025,5025,1.7966,0
5026,5026,1.8015,0
5027,5027,2.0899,0
5028,5028,2.2734,0
5029,5029,2.0854,0
5030,5030,1.9234,0
5031,5031,2.0278,0
5032,5032,1.8313,0
5033,5033,1.8104,0
5034,5034,1.8164,0
5035,5035,2.1132,0
5036,5036,1.7997,0
5037,5037,1.7788,0
5038,5038,1.8177,0
5039,5039,1.789,0
5040,5040,1.7858,0
5041,5041,1.8722,0
5042,5042,1.8767,0
5043,5043,2.0185,0
5044,5044,1.8995,0
5045,5045,1.7994,0
5046,5046,1.7947,0
5047,5047,1.8774,0
5048,5048,1.7881,0
5049,5049,1.784,0
5050,5050,1.8085,0
5051,5051,1.7982,0
5052,5052,2.0975,0
5053,5053,1.8834,0
5054,5054,1.808,0
5055,5055,1.8009,0
5056,5056,1.8125,0
5057,5057,1.8074,0
5058,5058,2.1162,0
5059,5059,2.1725,0
5060,5060,2.116,0
5061,5061,2.0324,0
5062,5062,2.3719,0
5063,5063,2.1233,0
5064,5064,1.8831,0
5065,5065,1.7895,0
5066,5066,1.793,0
5067,5067,1.7981,0
5068,5068,1.8918,0
5069,5069,1.8014,0
5070,5070,1.8223,0
5071,5071,1.8035,0
5072,5072,1.8016,0
5073,5073,1.8014,0
5074,5074,1.7914,0
5075,5075,1.7984,0
5076,5076,1.8176,0
5077,5077,1.7953,0
5078,5078,1.7984,0
5079,5079,1.9019,0
5080,5080,1.8144,0
5081,5081,1.8164,0
5082,5082,1.817,0
5083,5083,1.8015,0
5084,5084,1.7883,0
5085,5085,1.9195,0
5086,5086,2.1486,0
5087,5087,2.0963,0
5088,5088,1.9479,0
5089,5089,1.8793,0
5090,5090,1.8632,0
5091,5091,1.8099,0
5092,5092,1.8254,0
5093,5093,1.8083,0
5094,5094,1.8879,0
5095,5095,1.8012,0
5096,5096,1.8357,0
5097,5097,1.7977,0
5098,5098,1.7926,0
5099,5099,1.801,0
5100,5100,1.7854,0
5101,5101,1.8042,0
5102,5102,1.8241,0
5103,5103,1.8417,0
5104,5104,1.7983,0
5105,5105,1.8254,0
5106,5106,1.7923,0
5107,5107,1.8165,0
5108,5108,1.8243,0
5109,5109,1.7939,0
5110,5110,1.8214,0
5111,5111,1.9076,0
5112,5112,2.2067,0
5113,5113,1.8292,0
5114,5114,2.1223,0
5115,5115,2.0752,0
5116,5116,1.8156,0
5117,5117,1.8391,0
5118,5118,1.9118,0
5119,5119,1.8006,0
5120,5120,1.7958,0
5121,5121,1.8721,0
5122,5122,1.9851,0
5123,5123,1.8106,0
5124,5124,1.8383,0
5125,5125,1.8073,0
5126,5126,1.8047,0
5127,5127,2.1065,0
5128,5128,1.8228,0
5129,5129,1.7903,0
5130,5130,1.8024,0
5131,5131,2.0135,0
5132,5132,2.0844,0
5133,5133,1.8526,0
5134,5134,1.8006,0
5135,5135,1.8641,0
5136,5136,1.8027,0
5137,5137,1.7947,0
5138,5138,1.8087,0
5139,5139,1.774,0
5140,5140,1.7944,0
5141,5141,1.8085,0
5142,5142,1.7939,0
5143,5143,1.8553,0
5144,5144,2.3193,0
5145,5145,2.1838,0
5146,5146,2.0569,0
5147,5147,1.9296,0
5148,5148,1.8942,0
5149,5149,1.8495,0
5150,5150,1.8187,0
5151,5151,1.8135,0
5152,5152,2.1452,0
5153,5153,1.8925,0
5154,5154,1.7924,0
5155,5155,1.8347,0
5156,5156,1.8492,0
5157,5157,1.7876,0
5158,5158,1.8228,0
5159,5159,2.0595,0
5160,5160,1.8797,0
5161,5161,1.8208,0
5162,5162,1.8208,0
5163,5163,1.7998,0
5164,5164,1.7998,0
5165,5165,1.8078,0
5166,5166,1.8175,0
5167,5167,1.8196,0
5168,5168,1.8086,0
5169,5169,1.8283,0
5170,5170,1.8013,0
5171,5171,1.7773,0
5172,5172,1.8108,0
5173,5173,1.8327,0
5174,5174,1.8215,0
5175,5175,1.8886,0
5176,5176,1.8091,0
5177,5177,1.7902,0
5178,5178,1.917,0
5179,5179,1.8827,0
5180,5180,1.8153,0
5181,5181,1.8103,0
5182,5182,1.8561,0
5183,5183,1.809,0
5184,5184,1.8021,0
5185,5185,1.8241,0
5186,5186,1.8295,0
5187,5187,1.8088,0
5188,5188,1.8341,0
5189,5189,1.7993,0
5190,5190,1.7998,0
5191,5191,1.7947,0
5192,5192,1.8762,0
5193,5193,1.8034,0
5194,5194,1.8293,0
5195,5195,2.2653,0
5196,5196,2.0583,0
5197,5197,1.8255,0
5198,5198,1.7871,0
5199,5199,1.8639,0
5200,5200,1.8133,0
5201,5201,1.801,0
5202,5202,1.8774,0
5203,5203,1.9382,0
5204,5204,1.9663,0
5205,5205,2.0798,0
5206,5206,1.9423,0
5207,5207,1.9497,0
5208,5208,1.8604,0
5209,5209,1.8474,0
5210,5210,1.8123,0
5211,5211,2.0439,0
5212,5212,1.8703,0
5213,5213,1.7898,0
5214,5214,1.8151,0
5215,5215,1.793,0
5216,5216,1.7786,0
5217,5217,1.8148,0
5218,5218,2.5288,0
5219,5219,2.005,0
5220,5220,1.8556,0
5221,5221,1.9199,0
5222,5222,1.8093,0
5223,5223,1.8587,0
5224,5224,1.776,0
5225,5225,1.7929,0
5226,5226,1.7863,0
5227,5227,1.7868,0
5228,5228,1.9039,0
5229,5229,1.7963,0
5230,5230,1.8022,0
5231,5231,1.829,0
5232,5232,1.8031,0
5233,5233,1.8026,0
5234,5234,1.8038,0
5235,5235,1.7738,0
5236,5236,1.8077,0
5237,5237,1.7985,0
5238,5238,1.7946,0
5239,5239,1.8732,0
5240,5240,1.8225,0
5241,5241,1.8166,0
5242,5242,1.8028,0
5243,5243,1.8061,0
5244,5244,1.8032,0
5245,5245,1.8016,0
5246,5246,1.8428,0
5247,5247,1.8085,0
5248,5248,1.8014,0
5249,5249,1.8043,0
5250,5250,1.7953,0
5251,5251,1.8046,0
5252,5252,1.8094,0
5253,5253,1.7982,0
5254,5254,1.8064,0
5255,5255,1.7767,0
5256,5256,1.8786,0
5257,5257,1.8116,0
5258,5258,1.8249,0
5259,5259,1.7844,0
5260,5260,1.7878,0
5261,5261,1.8289,0
5262,5262,1.7899,0
5263,5263,1.9657,0
5264,5264,2.1791,0
5265,5265,2.0517,0
5266,5266,1.956,0
5267,5267,1.8645,0
5268,5268,1.8752,0
5269,5269,1.8433,0
5270,5270,1.8042,0
5271,5271,1.812,0
5272,5272,1.904,0
5273,5273,1.8037,0
5274,5274,1.7983,0
5275,5275,1.8155,0
5276,5276,1.8062,0
5277,5277,1.8154,0
5278,5278,1.8448,0
5279,5279,1.8427,0
5280,5280,1.9209,0
5281,5281,2.124,0
5282,5282,1.9943,0
5283,5283,1.9317,0
5284,5284,2.0108,0
5285,5285,1.8363,0
5286,5286,1.857,0
5287,5287,1.8359,0
5288,5288,1.9084,0
5289,5289,1.8771,0
5290,5290,1.9118,0
5291,5291,1.8308,0
5292,5292,1.8352,0
5293,5293,1.8131,0
5294,5294,1.8102,0
5295,5295,1.8512,0
5296,5296,1.8565,0
5297,5297,1.8621,0
5298,5298,1.8597,0
5299,5299,1.8227,0
5300,5300,1.8111,0
5301,5301,1.8101,0
5302,5302,1.8268,0
5303,5303,1.8235,0
5304,5304,1.8959,0
5305,5305,1.839,0
5306,5306,1.8189,0
5307,5307,1.8266,0
5308,5308,1.8115,0
5309,5309,1.8144,0
5310,5310,1.8289,0
5311,5311,1.817,0
5312,5312,1.8007,0
5313,5313,1.91,0
5314,5314,1.8361,0
5315,5315,1.8093,0
5316,5316,1.8302,0
5317,5317,1.8289,0
5318,5318,1.8071,0
5319,5319,1.8749,0
5320,5320,1.8823,0
5321,5321,1.8145,0
5322,5322,1.9509,0
5323,5323,1.9719,0
5324,5324,1.9883,0
5325,5325,2.0091,0
5326,5326,1.9803,0
5327,5327,1.939,0
5328,5328,1.8551,0
5329,5329,1.8246,0
5330,5330,1.9005,0
5331,5331,1.889,0
5332,5332,1.8808,0
5333,5333,2.065,0
5334,5334,1.9011,0
5335,5335,1.8875,0
5336,5336,2.0363,0
5337,5337,1.9765,0
5338,5338,1.9691,0
5339,5339,2.0041,0
5340,5340,1.9104,0
5341,5341,2.2011,0
5342,5342,2.1435,0
5343,5343,1.8438,0
5344,5344,1.7935,0
5345,5345,1.7988,0
5346,5346,1.8153,0
5347,5347,1.8637,0
5348,5348,2.1742,0
5349,5349,1.7867,0
5350,5350,1.8591,0
5351,5351,1.8598,0
5352,5352,1.8754,0
5353,5353,1.8545,0
5354,5354,1.9154,0
5355,5355,1.8082,0
5356,5356,1.8013,0
5357,5357,1.8074,0
5358,5358,1.8137,0
5359,5359,1.7961,0
5360,5360,1.8247,0
5361,5361,1.8568,0
5362,5362,1.8321,0
5363,5363,1.8047,0
5364,5364,1.8339,0
5365,5365,1.8987,0
5366,5366,1.814,0
5367,5367,1.7833,0
5368,5368,1.8975,0
5369,5369,1.8146,0
5370,5370,1.858,0
5371,5371,1.8332,0
5372,5372,2.0491,0
5373,5373,1.7836,0
5374,5374,1.7707,0
5375,5375,1.7749,0
5376,5376,1.7759,0
5377,5377,1.777,0
5378,5378,1.7919,0
5379,5379,1.781,0
5380,5380,1.8151,0
5381,5381,1.793,0
5382,5382,1.7632,0
5383,5383,1.7795,0
5384,5384,1.865,0
5385,5385,1.7792,0
5386,5386,1.7917,0
5387,5387,1.7935,0
5388,5388,1.8016,0
5389,5389,1.8485,0
5390,5390,1.8426,0
5391,5391,1.7838,0
5392,5392,1.7717,0
5393,5393,1.795,0
5394,5394,1.7837,0
5395,5395,1.7856,0
5396,5396,1.776,0
5397,5397,1.8268,0
5398,5398,1.9281,0
5399,5399,1.8272,0
5400,5400,1.7783,0
5401,5401,1.8807,0
5402,5402,1.7998,0
5403,5403,1.764,0
5404,5404,1.798,0
5405,5405,1.7841,0
5406,5406,2.1345,0
5407,5407,2.0491,0
5408,5408,1.8327,0
5409,5409,2.052,0
5410,5410,2.1043,0
5411,5411,1.8757,0
5412,5412,1.8291,0
5413,5413,1.8579,0
5414,5414,1.9367,0
5415,5415,1.8216,0
5416,5416,1.8258,0
5417,5417,1.9303,0
5418,5418,1.8248,0
5419,5419,1.8137,0
5420,5420,1.8522,0
5421,5421,1.806,0
5422,5422,1.8234,0
5423,5423,1.9676,0
5424,5424,1.8216,0
5425,5425,1.8441,0
5426,5426,1.8882,0
5427,5427,1.8183,0
5428,5428,1.819,0
5429,5429,1.8458,0
5430,5430,1.8465,0
5431,5431,1.9461,0
5432,5432,1.8965,0
5433,5433,1.8624,0
5434,5434,1.821,0
5435,5435,1.8401,0
5436,5436,1.816,0
5437,5437,1.8314,0
5438,5438,1.8394,0
5439,5439,2.2082,0
5440,5440,2.0573,0
5441,5441,2.2308,0
5442,5442,1.9435,0
5443,5443,1.8618,0
5444,5444,2.6107,0
5445,5445,1.7826,0
5446,5446,1.7659,0
5447,5447,1.8975,0
5448,5448,1.8499,0
5449,5449,1.7746,0
5450,5450,1.7713,0
5451,5451,1.8445,0
5452,5452,2.0901,0
5453,5453,1.9405,0
5454,5454,1.7628,0
5455,5455,1.7554,0
5456,5456,1.7917,0
5457,5457,1.7706,0
5458,5458,1.7694,0
5459,5459,1.792,0
5460,5460,1.7903,0
5461,5461,1.7664,0
5462,5462,1.7828,0
5463,5463,1.7623,0
5464,5464,1.871,0
5465,5465,2.1838,0
5466,5466,1.8611,0
5467,5467,1.841,0
5468,5468,1.8432,0
5469,5469,1.8165,0
5470,5470,1.8228,0
5471,5471,2.0517,0
5472,5472,2.1493,0
5473,5473,1.8487,0
5474,5474,1.838,0
5475,5475,1.8392,0
5476,5476,1.8552,0
5477,5477,1.8427,0
5478,5478,1.8444,0
5479,5479,1.8241,0
5480,5480,1.8438,0
5481,5481,1.987,0
5482,5482,1.8587,0
5483,5483,1.8264,0
5484,5484,1.8276,0
5485,5485,1.8496,0
5486,5486,2.2191,0
5487,5487,2.1338,0
5488,5488,1.8483,0
5489,5489,2.1458,0
5490,5490,1.7599,0
5491,5491,1.7658,0
5492,5492,1.7696,0
5493,5493,1.7558,0
5494,5494,1.7617,0
5495,5495,1.8304,0
5496,5496,2.1411,0
5497,5497,2.3715,0
5498,5498,2.3122,0
5499,5499,2.123,0
5500,5500,1.9016,0
5501,5501,1.8317,0
5502,5502,1.8342,0
5503,5503,1.7999,0
5504,5504,1.786,0
5505,5505,1.8001,0
5506,5506,1.789,0
5507,5507,1.785,0
5508,5508,1.7628,0
5509,5509,1.7787,0
5510,5510,1.7951,0
5511,5511,1.7923,0
5512,5512,1.9154,0
5513,5513,1.7878,0
5514,5514,1.8175,0
5515,5515,1.7799,0
5516,5516,1.7766,0
5517,5517,1.7979,0
5518,5518,1.7522,0
5519,5519,1.7893,0
5520,5520,1.8065,0
5521,5521,1.7732,0
5522,5522,1.8066,0
5523,5523,1.8547,0
5524,5524,1.7863,0
5525,5525,1.8195,0
5526,5526,1.8055,0
5527,5527,1.7944,0
5528,5528,1.7572,0
5529,5529,1.8855,0
5530,5530,1.7994,0
5531,5531,1.878,0
5532,5532,1.8229,0
5533,5533,1.7976,0
5534,5534,1.8126,0
5535,5535,1.8134,0
5536,5536,1.7823,0
5537,5537,1.7858,0
5538,5538,1.7892,0
5539,5539,1.8027,0
5540,5540,1.788,0
5541,5541,1.7956,0
5542,5542,1.7917,0
5543,5543,1.8014,0
5544,5544,1.7948,0
5545,5545,1.8644,0
5546,5546,1.8145,0
5547,5547,1.7983,0
5548,5548,1.79,0
5549,5549,1.7735,0
5550,5550,1.8209,0
5551,5551,1.7712,0
5552,5552,1.8004,0
5553,5553,1.8324,0
5554,5554,1.7931,0
5555,5555,1.8054,0
5556,5556,1.8111,0
5557,5557,1.9329,0
5558,5558,2.1413,0
5559,5559,2.0474,0
5560,5560,2.0045,0
5561,5561,1.9814,0
5562,5562,1.8832,0
5563,5563,2.5006,0
5564,5564,1.8484,0
5565,5565,1.9034,0
5566,5566,1.8577,0
5567,5567,1.8288,0
5568,5568,1.8182,0
5569,5569,1.8649,0
5570,5570,1.8318,0
5571,5571,1.8346,0
5572,5572,1.8416,0
5573,5573,1.9153,0
5574,5574,1.8486,0
5575,5575,1.9043,0
5576,5576,1.8359,0
5577,5577,1.9108,0
5578,5578,1.856,0
5579,5579,1.8749,0
5580,5580,1.8252,0
5581,5581,1.8371,0
5582,5582,2.4027,0
5583,5583,1.9379,0
5584,5584,1.8392,0
5585,5585,1.818,0
5586,5586,1.8116,0
5587,5587,1.8291,0
5588,5588,1.8133,0
5589,5589,1.9022,0
5590,5590,2.1157,0
5591,5591,1.8955,0
5592,5592,1.7986,0
5593,5593,1.8976,0
5594,5594,1.817,0
5595,5595,1.8115,0
5596,5596,1.8163,0
5597,5597,2.0919,0
5598,5598,2.0344,0
5599,5599,1.8304,0
5600,5600,1.8595,0
5601,5601,1.8466,0
5602,5602,1.8412,0
5603,5603,1.8466,0
5604,5604,1.8219,0
5605,5605,1.8335,0
5606,5606,1.8208,0
5607,5607,1.8483,0
5608,5608,1.8484,0
5609,5609,1.9185,0
5610,5610,1.8058,0
5611,5611,1.8251,0
5612,5612,1.8163,0
5613,5613,1.8465,0
5614,5614,1.8431,0
5615,5615,1.9569,0
5616,5616,2.0484,0
5617,5617,2.1218,0
5618,5618,1.9509,0
5619,5619,1.8781,0
5620,5620,1.9109,0
5621,5621,1.8531,0
5622,5622,1.8451,0
5623,5623,1.8821,0
5624,5624,1.8394,0
5625,5625,1.9156,0
5626,5626,1.8469,0
5627,5627,1.8201,0
5628,5628,1.8063,0
5629,5629,1.8546,0
5630,5630,1.8158,0
5631,5631,1.819,0
5632,5632,1.8638,0
5633,5633,1.8305,0
5634,5634,1.8142,0
5635,5635,1.8383,0
5636,5636,1.8442,0
5637,5637,1.817,0
5638,5638,1.8392,0
5639,5639,1.8661,0
5640,5640,1.8149,0
5641,5641,1.9041,0
5642,5642,1.8087,0
5643,5643,1.8238,0
5644,5644,1.8411,0
5645,5645,1.8255,0
5646,5646,1.8333,0
5647,5647,1.8352,0
5648,5648,1.85,0
5649,5649,1.8407,0
5650,5650,1.8469,0
5651,5651,1.8291,0
5652,5652,1.8136,0
5653,5653,1.8607,0
5654,5654,1.8418,0
5655,5655,1.8159,0
5656,5656,1.8373,0
5657,5657,1.898,0
5658,5658,1.8268,0
5659,5659,1.8505,0
5660,5660,1.8522,0
5661,5661,1.8111,0
5662,5662,1.8405,0
5663,5663,1.8225,0
5664,5664,1.8152,0
5665,5665,1.8359,0
5666,5666,2.0551,0
5667,5667,1.9118,0
5668,5668,1.8065,0
5669,5669,1.8079,0
5670,5670,1.8219,0
5671,5671,1.7703,0
5672,5672,1.802,0
5673,5673,1.8605,0
5674,5674,1.9089,0
5675,5675,2.2268,0
5676,5676,2.093,0
5677,5677,1.9985,0
5678,5678,1.9188,0
5679,5679,1.8968,0
5680,5680,1.8611,0
5681,5681,1.8304,0
5682,5682,1.8464,0
5683,5683,1.9988,0
5684,5684,1.8382,0
5685,5685,1.8287,0
5686,5686,1.8358,0
5687,5687,1.8251,0
5688,5688,1.8161,0
5689,5689,1.9852,0
5690,5690,1.8748,0
5691,5691,1.8695,0
5692,5692,1.9834,0
5693,5693,1.8316,0
5694,5694,1.9472,0
5695,5695,2.0241,0
5696,5696,1.8674,0
5697,5697,1.8354,0
5698,5698,1.8834,0
5699,5699,1.8719,0
5700,5700,1.827,0
5701,5701,1.8744,0
5702,5702,1.8177,0
5703,5703,1.827,0
5704,5704,1.8442,0
5705,5705,1.9245,0
5706,5706,1.8276,0
5707,5707,1.8309,0
5708,5708,1.8452,0
5709,5709,1.8177,0
5710,5710,1.8436,0
5711,5711,1.8551,0
5712,5712,1.8375,0
5713,5713,1.8399,0
5714,5714,1.8186,0
5715,5715,1.8158,0
5716,5716,1.8348,0
5717,5717,1.955,0
5718,5718,1.8558,0
5719,5719,1.8631,0
5720,5720,1.8539,0
5721,5721,1.8741,0
5722,5722,1.843,0
5723,5723,1.8341,0
5724,5724,1.8262,0
5725,5725,1.8946,0
5726,5726,2.2669,0
5727,5727,1.9727,0
5728,5728,1.9157,0
5729,5729,1.8207,0
5730,5730,1.8512,0
5731,5731,1.8584,0
5732,5732,1.8114,0
5733,5733,1.835,0
5734,5734,2.4869,0
5735,5735,2.1067,0
5736,5736,2.0751,0
5737,5737,1.9123,0
5738,5738,1.8747,0
5739,5739,1.8253,0
5740,5740,1.8213,0
5741,5741,1.7915,0
5742,5742,2.1096,0
5743,5743,2.1452,0
5744,5744,1.8207,0
5745,5745,1.8047,0
5746,5746,1.7863,0
5747,5747,1.7997,0
5748,5748,1.7873,0
5749,5749,1.8044,0
5750,5750,1.8979,0
5751,5751,1.8105,0
5752,5752,1.7955,0
5753,5753,1.8424,0
5754,5754,1.7819,0
5755,5755,1.7839,0
5756,5756,1.8032,0
5757,5757,1.783,0
5758,5758,1.9231,0
5759,5759,1.9037,0
5760,5760,2.0603,0
5761,5761,1.8091,0
5762,5762,1.7961,0
5763,5763,1.7985,0
5764,5764,1.8041,0
5765,5765,1.8123,0
5766,5766,1.8996,0
5767,5767,2.1995,0
5768,5768,2.244,0
5769,5769,1.9066,0
5770,5770,1.8044,0
5771,5771,1.8109,0
5772,5772,1.8041,0
5773,5773,1.8034,0
5774,5774,1.8125,0
5775,5775,1.876,0
5776,5776,1.8058,0
5777,5777,1.8209,0
5778,5778,1.7884,0
5779,5779,1.8031,0
5780,5780,1.8103,0
5781,5781,1.8018,0
5782,5782,1.8156,0
5783,5783,1.8314,0
5784,5784,1.8216,0
5785,5785,1.8993,0
5786,5786,2.0465,0
5787,5787,1.812,0
5788,5788,1.9807,0
5789,5789,1.8822,0
5790,5790,1.8121,0
5791,5791,1.8008,0
5792,5792,2.711,0
5793,5793,2.1198,0
5794,5794,1.9968,0
5795,5795,1.9013,0
5796,5796,1.8932,0
5797,5797,1.9368,0
5798,5798,1.8257,0
5799,5799,1.8468,0
5800,5800,2.2555,0
5801,5801,1.8114,0
5802,5802,1.8608,0
5803,5803,1.7958,0
5804,5804,1.7663,0
5805,5805,1.7706,0
5806,5806,1.797,0
5807,5807,1.7762,0
5808,5808,1.7764,0
5809,5809,1.7926,0
5810,5810,1.7575,0
5811,5811,1.7575,0
5812,5812,1.7937,0
5813,5813,1.7746,0
5814,5814,1.7713,0
5815,5815,1.7816,0
5816,5816,1.7771,0
5817,5817,1.857,0
5818,5818,1.7868,0
5819,5819,1.775,0
5820,5820,1.777,0
5821,5821,1.7797,0
5822,5822,1.7951,0
5823,5823,1.7863,0
5824,5824,1.7844,0
5825,5825,1.777,0
5826,5826,1.779,0
5827,5827,1.8002,0
5828,5828,1.7654,0
5829,5829,1.7504,0
5830,5830,1.8034,0
5831,5831,1.7787,0
5832,5832,1.7823,0
5833,5833,1.8107,0
5834,5834,1.8552,0
5835,5835,1.8023,0
5836,5836,1.7959,0
5837,5837,1.7821,0
5838,5838,1.7798,0
5839,5839,1.7924,0
5840,5840,1.7717,0
5841,5841,1.798,0
5842,5842,1.8049,0
5843,5843,1.7878,0
5844,5844,1.9025,0
5845,5845,1.8126,0
5846,5846,1.7785,0
5847,5847,1.792,0
5848,5848,1.7786,0
5849,5849,1.7711,0
5850,5850,1.882,0
5851,5851,1.8108,0
5852,5852,1.7919,0
5853,5853,1.9746,0
5854,5854,2.0285,0
5855,5855,2.1078,0
5856,5856,1.9367,0
5857,5857,1.841,0
5858,5858,1.8596,0
5859,5859,1.8547,0
5860,5860,1.8296,0
5861,5861,1.847,0
5862,5862,1.8314,0
5863,5863,1.7871,0
5864,5864,1.7764,0
5865,5865,1.8065,0
5866,5866,1.7857,0
5867,5867,1.8913,0
5868,5868,1.8154,0
5869,5869,1.8225,0
5870,5870,1.859,0
5871,5871,1.8351,0
5872,5872,1.8122,0
5873,5873,1.8303,0
5874,5874,1.8122,0
5875,5875,1.7731,0
5876,5876,1.7963,0
5877,5877,1.8084,0
5878,5878,1.842,0
5879,5879,1.8441,0
5880,5880,1.8238,0
5881,5881,1.8136,0
5882,5882,1.8079,0
5883,5883,1.8721,0
5884,5884,1.7983,0
5885,5885,1.7794,0
5886,5886,1.8242,0
5887,5887,1.8854,0
5888,5888,1.8074,0
5889,5889,1.7885,0
5890,5890,1.7973,0
5891,5891,1.8019,0
5892,5892,1.7931,0
5893,5893,1.7724,0
5894,5894,1.795,0
5895,5895,1.7962,0
5896,5896,1.7891,0
5897,5897,1.7827,0
5898,5898,1.7685,0
5899,5899,1.865,0
5900,5900,1.7993,0
5901,5901,1.8129,0
5902,5902,1.7982,0
5903,5903,1.7784,0
5904,5904,1.8222,0
5905,5905,1.7952,0
5906,5906,1.7844,0
5907,5907,1.8248,0
5908,5908,1.7732,0
5909,5909,1.79,0
5910,5910,1.8119,0
5911,5911,1.7823,0
5912,5912,1.7817,0
5913,5913,1.8113,0
5914,5914,1.798,0
5915,5915,1.7545,0
5916,5916,1.87,0
5917,5917,1.778,0
5918,5918,1.775,0
5919,5919,1.8071,0
5920,5920,1.7923,0
5921,5921,1.7804,0
5922,5922,1.9964,0
5923,5923,1.9826,0
5924,5924,1.9933,0
5925,5925,1.8988,0
5926,5926,1.847,0
5927,5927,1.876,0
5928,5928,1.7774,0
5929,5929,1.77,0
5930,5930,1.8159,0
5931,5931,1.7861,0
5932,5932,1.8718,0
5933,5933,1.7722,0
5934,5934,1.7911,0
5935,5935,1.7718,0
5936,5936,1.8132,0
5937,5937,1.7819,0
5938,5938,1.7642,0
5939,5939,1.8036,0
5940,5940,1.7916,0
5941,5941,1.7845,0
5942,5942,1.8051,0
5943,5943,1.7709,0
5944,5944,1.7869,0
5945,5945,1.7907,0
5946,5946,1.7877,0
5947,5947,1.8624,0
5948,5948,1.9683,0
5949,5949,1.8645,0
5950,5950,1.7945,0
5951,5951,1.8326,0
5952,5952,1.8163,0
5953,5953,1.8048,0
5954,5954,1.8247,0
5955,5955,1.7854,0
5956,5956,1.8472,0
5957,5957,1.8429,0
5958,5958,1.8159,0
5959,5959,1.7966,0
5960,5960,1.7822,0
5961,5961,1.8101,0
5962,5962,1.8219,0
5963,5963,1.8261,0
5964,5964,1.8268,0
5965,5965,1.9196,0
5966,5966,1.8688,0
5967,5967,1.8276,0
5968,5968,1.8785,0
5969,5969,1.8218,0
5970,5970,1.8185,0
5971,5971,1.8318,0
5972,5972,1.7997,0
5973,5973,1.8338,0
5974,5974,1.8217,0
5975,5975,1.8379,0
5976,5976,1.8189,0
5977,5977,1.8127,0
5978,5978,1.8256,0
5979,5979,1.8306,0
5980,5980,1.8146,0
5981,5981,1.8404,0
5982,5982,1.9116,0
5983,5983,1.7943,0
5984,5984,1.8147,0
5985,5985,1.7949,0
5986,5986,1.8161,0
5987,5987,1.8313,0
5988,5988,1.9119,0
5989,5989,1.8541,0
5990,5990,2.0224,0
5991,5991,2.2067,0
5992,5992,2.1079,0
5993,5993,2.0951,0
5994,5994,2.1036,0
5995,5995,1.9586,0
5996,5996,1.9462,0
5997,5997,1.9869,0
5998,5998,1.9551,0
5999,5999,1.9105,0
6000,6000,1.969,0
6001,6001,1.9369,0
6002,6002,1.9302,0
6003,6003,1.9539,0
6004,6004,1.9266,0
6005,6005,1.9455,0
6006,6006,1.9887,0
6007,6007,1.939,0
6008,6008,1.9887,0
6009,6009,1.9132,0
6010,6010,1.9029,0
6011,6011,1.8947,0
6012,6012,1.9244,0
6013,6013,1.9251,0
6014,6014,1.9107,0
6015,6015,1.9164,0
6016,6016,1.8689,0
6017,6017,1.8736,0
6018,6018,1.8624,0
6019,6019,1.859,0
6020,6020,1.8898,0
6021,6021,1.9355,0
6022,6022,1.8784,0
6023,6023,1.844,0
6024,6024,2.0641,0
6025,6025,1.8217,0
6026,6026,1.8141,0
6027,6027,1.8288,0
6028,6028,2.1092,0
6029,6029,1.8244,0
6030,6030,1.8113,0
6031,6031,1.9488,0
6032,6032,2.2079,0
6033,6033,2.3204,0
6034,6034,1.8134,0
6035,6035,1.8,0
6036,6036,1.8539,0
6037,6037,1.8387,0
6038,6038,1.799,0
6039,6039,1.8343,0
6040,6040,1.8449,0
6041,6041,1.8305,0
6042,6042,1.8146,0
6043,6043,1.814,0
6044,6044,1.8987,0
6045,6045,1.8207,0
6046,6046,1.8312,0
6047,6047,1.818,0
6048,6048,1.8266,0
6049,6049,1.8279,0
6050,6050,1.8216,0
6051,6051,1.8581,0
6052,6052,1.8406,0
6053,6053,2.0711,0
6054,6054,2.1829,0
6055,6055,1.8174,0
6056,6056,1.8283,0
6057,6057,1.8022,0
6058,6058,1.7733,0
6059,6059,1.7699,0
6060,6060,1.8859,0
6061,6061,1.7786,0
6062,6062,1.7796,0
6063,6063,1.7744,0
6064,6064,1.7732,0
6065,6065,1.8656,0
6066,6066,1.7979,0
6067,6067,1.7807,0
6068,6068,1.7752,0
6069,6069,1.7862,0
6070,6070,1.7858,0
6071,6071,1.788,0
6072,6072,1.7932,0
6073,6073,1.9621,0
6074,6074,1.861,0
6075,6075,1.8412,0
6076,6076,1.8139,0
6077,6077,1.8676,0
6078,6078,1.8082,0
6079,6079,1.8217,0
6080,6080,1.8089,0
6081,6081,1.8133,0
6082,6082,2.0142,0
6083,6083,1.875,0
6084,6084,1.8785,0
6085,6085,1.8714,0
6086,6086,1.8047,0
6087,6087,1.8942,0
6088,6088,1.8695,0
6089,6089,1.8205,0
6090,6090,2.2007,0
6091,6091,1.829,0
6092,6092,1.8172,0
6093,6093,1.8723,0
6094,6094,1.8234,0
6095,6095,1.8296,0
6096,6096,1.8072,0
6097,6097,1.8018,0
6098,6098,1.8268,0
6099,6099,1.964,0
6100,6100,1.8342,0
6101,6101,1.8308,0
6102,6102,2.1524,0
6103,6103,2.5986,0
6104,6104,2.4882,0
6105,6105,1.7606,0
6106,6106,1.9519,0
6107,6107,1.9527,0
6108,6108,2.0189,0
6109,6109,1.933,0
6110,6110,1.8813,0
6111,6111,1.8731,0
6112,6112,1.8198,0
6113,6113,1.8043,0
6114,6114,1.8006,0
6115,6115,1.8714,0
6116,6116,1.8159,0
6117,6117,1.8397,0
6118,6118,1.8051,0
6119,6119,1.8035,0
6120,6120,1.8317,0
6121,6121,1.8269,0
6122,6122,1.8195,0
6123,6123,1.9557,0
6124,6124,1.9319,0
6125,6125,1.8294,0
6126,6126,1.8309,0
6127,6127,1.7972,0
6128,6128,1.8164,0
6129,6129,1.8334,0
6130,6130,1.8206,0
6131,6131,1.8065,0
6132,6132,1.8318,0
6133,6133,1.8303,0
6134,6134,1.8238,0
6135,6135,1.8453,0
6136,6136,1.8296,0
6137,6137,1.8367,0
6138,6138,1.7976,0
6139,6139,1.8323,0
6140,6140,1.8246,0
6141,6141,1.9331,0
6142,6142,1.8194,0
6143,6143,1.8283,0
6144,6144,1.8583,0
6145,6145,1.8257,0
6146,6146,1.8236,0
6147,6147,1.8197,0
6148,6148,1.8415,0
6149,6149,1.8162,0
6150,6150,1.8343,0
6151,6151,1.8159,0
6152,6152,1.8365,0
6153,6153,1.8489,0
6154,6154,1.8185,0
6155,6155,1.8143,0
6156,6156,2.0144,0
6157,6157,1.9013,0
6158,6158,1.8516,0
6159,6159,1.8325,0
6160,6160,1.8338,0
6161,6161,1.8304,0
6162,6162,1.836,0
6163,6163,1.7995,0
6164,6164,1.8014,0
6165,6165,1.8259,0
6166,6166,1.9139,0
6167,6167,1.9888,0
6168,6168,2.0196,0
6169,6169,1.9891,0
6170,6170,1.9146,0
6171,6171,1.921,0
6172,6172,1.8425,0
6173,6173,1.9254,0
6174,6174,1.8596,0
6175,6175,1.8574,0
6176,6176,1.8667,0
6177,6177,2.1192,0
6178,6178,1.845,0
6179,6179,1.8639,0
6180,6180,1.8482,0
6181,6181,1.8338,0
6182,6182,1.8142,0
6183,6183,1.8531,0
6184,6184,1.8406,0
6185,6185,1.8375,0
6186,6186,1.8245,0
6187,6187,1.8679,0
6188,6188,1.8496,0
6189,6189,1.9001,0
6190,6190,1.8717,0
6191,6191,2.0157,0
6192,6192,1.9064,0
6193,6193,1.7863,0
6194,6194,1.7967,0
6195,6195,1.817,0
6196,6196,1.8,0
6197,6197,1.8009,0
6198,6198,1.7859,0
6199,6199,1.7927,0
6200,6200,2.0047,0
6201,6201,1.9424,0
6202,6202,2.0565,0
6203,6203,1.8124,0
6204,6204,1.7991,0
6205,6205,1.8632,0
6206,6206,1.7972,0
6207,6207,1.8607,0
6208,6208,2.0638,0
6209,6209,2.1834,0
6210,6210,2.8045,0
6211,6211,2.1581,0
6212,6212,2.0152,0
6213,6213,2.2236,0
6214,6214,2.0124,0
6215,6215,1.9106,0
6216,6216,1.8368,0
6217,6217,1.8379,0
6218,6218,1.8181,0
6219,6219,1.8633,0
6220,6220,1.8141,0
6221,6221,1.7908,0
6222,6222,1.8188,0
6223,6223,1.8382,0
6224,6224,2.012,0
6225,6225,2.0687,0
6226,6226,2.0627,0
6227,6227,1.9457,0
6228,6228,1.8975,0
6229,6229,1.877,0
6230,6230,1.8396,0
6231,6231,1.8663,0
6232,6232,1.8544,0
6233,6233,1.8297,0
6234,6234,1.8332,0
6235,6235,1.9042,0
6236,6236,1.8269,0
6237,6237,1.8466,0
6238,6238,1.814,0
6239,6239,1.8324,0
6240,6240,1.8634,0
6241,6241,1.8307,0
6242,6242,1.8312,0
6243,6243,1.8467,0
6244,6244,1.8498,0
6245,6245,1.8263,0
6246,6246,1.8341,0
6247,6247,1.8351,0
6248,6248,1.8449,0
6249,6249,1.8528,0
6250,6250,1.8252,0
6251,6251,1.8368,0
6252,6252,1.9304,0
6253,6253,1.8381,0
6254,6254,1.8221,0
6255,6255,1.8525,0
6256,6256,1.847,0
6257,6257,2.0535,0
6258,6258,2.531,0
6259,6259,2.1269,0
6260,6260,1.8273,0
6261,6261,1.869,0
6262,6262,1.8418,0
6263,6263,1.8328,0
6264,6264,1.823,0
6265,6265,1.9968,0
6266,6266,1.9532,0
6267,6267,1.8704,0
6268,6268,1.8004,0
6269,6269,1.8529,0
6270,6270,1.788,0
6271,6271,1.8005,0
6272,6272,1.8165,0
6273,6273,1.815,0
6274,6274,2.1394,0
6275,6275,2.2207,0
6276,6276,2.0758,0
6277,6277,1.8407,0
6278,6278,1.8012,0
6279,6279,2.0908,0
6280,6280,1.8787,0
6281,6281,1.8436,0
6282,6282,2.6866,0
6283,6283,2.4288,0
6284,6284,2.1291,0
6285,6285,1.9098,0
6286,6286,1.884,0
6287,6287,1.8567,0
6288,6288,1.8416,0
6289,6289,1.8543,0
6290,6290,1.809,0
6291,6291,2.1317,0
6292,6292,2.092,0
6293,6293,2.2115,0
6294,6294,2.0852,0
6295,6295,1.8512,0
6296,6296,1.9323,0
6297,6297,1.8663,0
6298,6298,1.902,0
6299,6299,1.8238,0
6300,6300,1.8334,0
6301,6301,1.8415,0
6302,6302,1.826,0
6303,6303,1.8271,0
6304,6304,1.8663,0
6305,6305,1.8372,0
6306,6306,1.8631,0
6307,6307,1.8528,0
6308,6308,1.8466,0
6309,6309,1.8346,0
6310,6310,1.8286,0
6311,6311,1.8314,0
6312,6312,1.8357,0
6313,6313,1.846,0
6314,6314,1.9368,0
6315,6315,1.8422,0
6316,6316,1.8625,0
6317,6317,1.8329,0
6318,6318,1.8494,0
6319,6319,1.854,0
6320,6320,1.8266,0
6321,6321,1.8372,0
6322,6322,1.8734,0
6323,6323,2.2364,0
6324,6324,1.8109,0
6325,6325,1.812,0
6326,6326,1.8435,0
6327,6327,1.8033,0
6328,6328,1.8062,0
6329,6329,1.7986,0
6330,6330,1.878,0
6331,6331,2.1576,0
6332,6332,2.2939,0
6333,6333,2.0126,0
6334,6334,1.8255,0
6335,6335,1.8179,0
6336,6336,1.8057,0
6337,6337,1.8565,0
6338,6338,1.7824,0
6339,6339,1.8009,0
6340,6340,2.6346,0
6341,6341,2.0425,0
6342,6342,2.072,0
6343,6343,1.9139,0
6344,6344,1.9225,0
6345,6345,1.9384,0
6346,6346,1.8621,0
6347,6347,1.8312,0
6348,6348,1.9188,0
6349,6349,2.0179,0
6350,6350,1.9718,0
6351,6351,2.3395,0
6352,6352,2.2524,0
6353,6353,1.8237,0
6354,6354,1.8248,0
6355,6355,1.8452,0
6356,6356,1.9781,0
6357,6357,2.0523,0
6358,6358,1.8663,0
6359,6359,1.8319,0
6360,6360,1.9259,0
6361,6361,1.8329,0
6362,6362,1.8252,0
6363,6363,1.8154,0
6364,6364,1.8323,0
6365,6365,1.8296,0
6366,6366,1.8363,0
6367,6367,1.821,0
6368,6368,1.831,0
6369,6369,1.8454,0
6370,6370,1.8411,0
6371,6371,1.8257,0
6372,6372,1.8588,0
6373,6373,1.8683,0
6374,6374,1.8604,0
6375,6375,1.8488,0
6376,6376,1.8335,0
6377,6377,1.9042,0
6378,6378,1.8429,0
6379,6379,1.8422,0
6380,6380,1.8494,0
6381,6381,1.9114,0
6382,6382,1.8457,0
6383,6383,1.8593,0
6384,6384,1.8702,0
6385,6385,1.8402,0
6386,6386,1.8321,0
6387,6387,1.8532,0
6388,6388,1.8661,0
6389,6389,1.8252,0
6390,6390,1.8616,0
6391,6391,1.8477,0
6392,6392,1.8582,0
6393,6393,1.9321,0
6394,6394,1.8388,0
6395,6395,1.8386,0
6396,6396,1.8879,0
6397,6397,1.8449,0
6398,6398,2.1455,0
6399,6399,2.1521,0
6400,6400,2.2293,0
6401,6401,2.1228,0
6402,6402,1.9381,0
6403,6403,1.8766,0
6404,6404,1.9324,0
6405,6405,1.8597,0
6406,6406,1.9908,0
6407,6407,2.1474,0
6408,6408,1.9619,0
6409,6409,1.8689,0
6410,6410,1.8744,0
6411,6411,1.8723,0
6412,6412,1.8427,0
6413,6413,1.8377,0
6414,6414,1.9768,0
6415,6415,2.1616,0
6416,6416,2.0861,0
6417,6417,2.0312,0
6418,6418,1.9783,0
6419,6419,2.1068,0
6420,6420,1.8688,0
6421,6421,1.8469,0
6422,6422,1.8755,0
6423,6423,1.9066,0
6424,6424,1.8439,0
6425,6425,1.8384,0
6426,6426,1.8377,0
6427,6427,1.8373,0
6428,6428,1.8563,0
6429,6429,1.8361,0
6430,6430,2.0494,0
6431,6431,1.8851,0
6432,6432,1.8026,0
6433,6433,1.839,0
6434,6434,1.82,0
6435,6435,1.8307,0
6436,6436,2.1154,0
6437,6437,1.8848,0
6438,6438,1.8826,0
6439,6439,1.9627,0
6440,6440,1.813,0
6441,6441,1.8135,0
6442,6442,1.8418,0
6443,6443,1.8261,0
6444,6444,1.8286,0
6445,6445,1.8218,0
6446,6446,1.8263,0
6447,6447,1.8651,0
6448,6448,1.8333,0
6449,6449,1.8042,0
6450,6450,1.8899,0
6451,6451,1.8424,0
6452,6452,1.8253,0
6453,6453,1.8609,0
6454,6454,1.8226,0
6455,6455,1.9577,0
6456,6456,2.3042,0
6457,6457,2.0776,0
6458,6458,2.0419,0
6459,6459,2.0067,0
6460,6460,1.9028,0
6461,6461,1.8589,0
6462,6462,1.927,0
6463,6463,2.0822,0
6464,6464,1.8612,0
6465,6465,1.8528,0
6466,6466,1.8544,0
6467,6467,1.8711,0
6468,6468,1.833,0
6469,6469,1.8613,0
6470,6470,1.8644,0
6471,6471,2.2323,0
6472,6472,2.1625,0
6473,6473,2.0458,0
6474,6474,1.8467,0
6475,6475,1.8287,0
6476,6476,1.8207,0
6477,6477,1.8337,0
6478,6478,1.817,0
6479,6479,1.8056,0
6480,6480,1.9334,0
6481,6481,2.2208,0
6482,6482,1.9679,0
6483,6483,1.805,0
6484,6484,1.8189,0
6485,6485,1.8272,0
6486,6486,1.8919,0
6487,6487,1.8319,0
6488,6488,1.8578,0
6489,6489,1.8566,0
6490,6490,1.8294,0
6491,6491,1.8488,0
6492,6492,1.8361,0
6493,6493,1.8265,0
6494,6494,1.8576,0
6495,6495,1.7976,0
6496,6496,1.8239,0
6497,6497,1.8695,0
6498,6498,1.8425,0
6499,6499,1.8306,0
6500,6500,1.8359,0
6501,6501,1.8375,0
6502,6502,1.8281,0
6503,6503,1.9229,0
6504,6504,1.8505,0
6505,6505,1.8423,0
6506,6506,1.8523,0
6507,6507,1.8362,0
6508,6508,1.8169,0
6509,6509,1.8363,0
6510,6510,1.8353,0
6511,6511,1.8247,0
6512,6512,1.8482,0
6513,6513,1.8258,0
6514,6514,1.9954,0
6515,6515,2.0731,0
6516,6516,2.0815,0
6517,6517,1.9914,0
6518,6518,1.9255,0
6519,6519,1.9656,0
6520,6520,1.8875,0
6521,6521,1.8502,0
6522,6522,2.2674,0
6523,6523,1.9018,0
6524,6524,1.8568,0
6525,6525,1.8646,0
6526,6526,1.8559,0
6527,6527,1.8407,0
6528,6528,1.8651,0
6529,6529,1.8455,0
6530,6530,2.0798,0
6531,6531,1.9376,0
6532,6532,1.8396,0
6533,6533,1.8371,0
6534,6534,1.9144,0
6535,6535,1.8467,0
6536,6536,1.8344,0
6537,6537,1.8603,0
6538,6538,2.0822,0
6539,6539,1.8498,0
6540,6540,1.8511,0
6541,6541,1.8265,0
6542,6542,1.8246,0
6543,6543,1.8157,0
6544,6544,1.8369,0
6545,6545,1.8394,0
6546,6546,1.8484,0
6547,6547,1.8545,0
6548,6548,1.8374,0
6549,6549,1.8627,0
6550,6550,1.9354,0
6551,6551,2.091,0
6552,6552,1.8497,0
6553,6553,1.8543,0
6554,6554,1.8475,0
6555,6555,1.9416,0
6556,6556,1.9,0
6557,6557,1.9543,0
6558,6558,2.3417,0
6559,6559,1.9241,0
6560,6560,1.8354,0
6561,6561,1.8492,0
6562,6562,1.8383,0
6563,6563,2.0289,0
6564,6564,1.8893,0
6565,6565,1.8522,0
6566,6566,1.9166,0
6567,6567,1.8596,0
6568,6568,1.9095,0
6569,6569,1.852,0
6570,6570,1.8664,0
6571,6571,1.985,0
6572,6572,2.2381,0
6573,6573,2.0958,0
6574,6574,2.0643,0
6575,6575,1.9464,0
6576,6576,1.9747,0
6577,6577,1.9057,0
6578,6578,1.886,0
6579,6579,2.0714,0
6580,6580,1.8953,0
6581,6581,1.922,0
6582,6582,1.8493,0
6583,6583,1.8745,0
6584,6584,1.8489,0
6585,6585,1.8478,0
6586,6586,1.8618,0
6587,6587,1.8609,0
6588,6588,1.8909,0
6589,6589,1.8478,0
6590,6590,2.0003,0
6591,6591,1.8429,0
6592,6592,2.1051,0
6593,6593,2.2087,0
6594,6594,1.8896,0
6595,6595,1.9511,0
6596,6596,1.8495,0
6597,6597,1.9133,0
6598,6598,1.8769,0
6599,6599,1.9972,0
6600,6600,1.8903,0
6601,6601,1.8592,0
6602,6602,1.8604,0
6603,6603,1.9251,0
6604,6604,1.8762,0
6605,6605,1.8322,0
6606,6606,1.8666,0
6607,6607,1.8569,0
6608,6608,1.8626,0
6609,6609,1.8643,0
6610,6610,1.8477,0
6611,6611,1.8561,0
6612,6612,1.9781,0
6613,6613,1.8835,0
6614,6614,1.8581,0
6615,6615,1.8823,0
6616,6616,1.8697,0
6617,6617,1.8488,0
6618,6618,1.8677,0
6619,6619,1.8826,0
6620,6620,2.0166,0
6621,6621,1.8746,0
6622,6622,1.8547,0
6623,6623,1.8555,0
6624,6624,1.8582,0
6625,6625,1.8313,0
6626,6626,1.8671,0
6627,6627,1.879,0
6628,6628,2.1725,0
6629,6629,2.1521,0
6630,6630,2.0653,0
6631,6631,2.2358,0
6632,6632,2.5322,0
6633,6633,2.3558,0
6634,6634,2.7295,0
6635,6635,1.958,0
6636,6636,1.9604,0
6637,6637,2.3945,0
6638,6638,1.9912,0
6639,6639,1.9328,0
6640,6640,1.9229,0
6641,6641,1.9213,0
6642,6642,1.9536,0
6643,6643,2.1756,0
6644,6644,1.9539,0
6645,6645,1.9417,0
6646,6646,1.9454,0
6647,6647,1.9067,0
6648,6648,1.8802,0
6649,6649,1.9014,0
6650,6650,1.88,0
6651,6651,2.0934,0
6652,6652,1.8684,0
6653,6653,1.8529,0
6654,6654,1.8802,0
6655,6655,1.87,0
6656,6656,1.8758,0
6657,6657,1.9426,0
6658,6658,2.0379,0
6659,6659,2.113,0
6660,6660,1.8611,0
6661,6661,1.85,0
6662,6662,1.8557,0
6663,6663,1.8886,0
6664,6664,1.8979,0
6665,6665,1.8884,0
6666,6666,1.8357,0
6667,6667,2.0197,0
6668,6668,2.0695,0
6669,6669,2.0015,0
6670,6670,2.0296,0
6671,6671,2.0116,0
6672,6672,2.0211,0
6673,6673,2.0613,0
6674,6674,2.001,0
6675,6675,2.0734,0
6676,6676,1.994,0
6677,6677,1.9865,0
6678,6678,2.0004,0
6679,6679,1.8481,0
6680,6680,1.8618,0
6681,6681,1.8371,0
6682,6682,1.8322,0
6683,6683,1.9008,0
6684,6684,1.8521,0
6685,6685,1.8266,0
6686,6686,1.8432,0
6687,6687,1.852,0
6688,6688,1.824,0
6689,6689,1.9327,0
6690,6690,1.8476,0
6691,6691,1.8749,0
6692,6692,1.8181,0
6693,6693,1.826,0
6694,6694,1.7967,0
6695,6695,1.815,0
6696,6696,1.8553,0
6697,6697,1.8471,0
6698,6698,1.8134,0
6699,6699,1.8157,0
6700,6700,1.9618,0
6701,6701,1.8815,0
6702,6702,1.848,0
6703,6703,1.8404,0
6704,6704,1.8182,0
6705,6705,1.805,0
6706,6706,1.8885,0
6707,6707,1.8165,0
6708,6708,1.9447,0
6709,6709,1.8286,0
6710,6710,1.7917,0
6711,6711,1.8253,0
6712,6712,1.8102,0
6713,6713,1.8115,0
6714,6714,1.8117,0
6715,6715,1.8041,0
6716,6716,1.8083,0
6717,6717,1.9022,0
6718,6718,1.8276,0
6719,6719,1.8059,0
6720,6720,1.8112,0
6721,6721,1.7886,0
6722,6722,1.8651,0
6723,6723,1.8265,0
6724,6724,1.7889,0
6725,6725,1.9962,0
6726,6726,2.1817,0
6727,6727,1.7515,0
6728,6728,1.7449,0
6729,6729,1.776,0
6730,6730,1.7479,0
6731,6731,2.1172,0
6732,6732,2.8049,0
6733,6733,2.8415,0
6734,6734,1.8095,0
6735,6735,2.015,0
6736,6736,2.2697,0
6737,6737,1.9588,0
6738,6738,1.7794,0
6739,6739,1.7599,0
6740,6740,1.7513,0
6741,6741,1.7762,0
6742,6742,1.9284,0
6743,6743,1.8901,0
6744,6744,1.9521,0
6745,6745,1.8561,0
6746,6746,1.807,0
6747,6747,1.8159,0
6748,6748,1.7828,0
6749,6749,1.7995,0
6750,6750,2.1864,0
6751,6751,1.8232,0
6752,6752,1.8953,0
6753,6753,1.8573,0
6754,6754,1.8057,0
6755,6755,1.8595,0
6756,6756,1.9523,0
6757,6757,1.8082,0
6758,6758,2.0359,0
6759,6759,1.8153,0
6760,6760,1.8038,0
6761,6761,2.0138,0
6762,6762,1.8923,0
6763,6763,1.7861,0
6764,6764,1.7973,0
6765,6765,1.7829,0
6766,6766,1.7694,0
6767,6767,1.7991,0
6768,6768,1.8527,0
6769,6769,1.7954,0
6770,6770,1.789,0
6771,6771,1.7989,0
6772,6772,1.7964,0
6773,6773,1.8131,0
6774,6774,1.783,0
6775,6775,1.7789,0
6776,6776,1.8052,0
6777,6777,1.7898,0
6778,6778,1.7941,0
6779,6779,1.807,0
6780,6780,1.7964,0
6781,6781,1.7938,0
6782,6782,1.8147,0
6783,6783,1.8023,0
6784,6784,1.989,0
6785,6785,1.9889,0
6786,6786,1.7848,0
6787,6787,1.776,0
6788,6788,1.7804,0
6789,6789,1.7529,0
6790,6790,1.7709,0
6791,6791,1.7725,0
6792,6792,1.9132,0
6793,6793,2.4079,0
6794,6794,2.219,0
6795,6795,1.998,0
6796,6796,1.7781,0
6797,6797,1.8236,0
6798,6798,1.8345,0
6799,6799,1.7801,0
6800,6800,1.7762,0
6801,6801,2.0288,0
6802,6802,1.8471,0
6803,6803,1.783,0
6804,6804,1.7848,0
6805,6805,1.8572,0
6806,6806,2.1617,0
6807,6807,2.1122,0
6808,6808,1.8676,0
6809,6809,1.9842,0
6810,6810,2.0107,0
6811,6811,1.9685,0
6812,6812,2.0006,0
6813,6813,1.8784,0
6814,6814,1.8728,0
6815,6815,1.8194,0
6816,6816,1.8678,0
6817,6817,1.9554,0
6818,6818,1.8588,0
6819,6819,1.7945,0
6820,6820,1.808,0
6821,6821,1.8083,0
6822,6822,1.7959,0
6823,6823,1.7881,0
6824,6824,1.8079,0
6825,6825,1.7973,0
6826,6826,1.8045,0
6827,6827,1.8177,0
6828,6828,1.8088,0
6829,6829,1.7886,0
6830,6830,1.8032,0
6831,6831,1.7916,0
6832,6832,1.8023,0
6833,6833,1.9077,0
6834,6834,1.7983,0
6835,6835,2.26,0
6836,6836,2.0441,0
6837,6837,1.8894,0
6838,6838,1.8173,0
6839,6839,1.8173,0
6840,6840,1.8706,0
6841,6841,1.8284,0
6842,6842,1.8051,0
6843,6843,2.3294,0
6844,6844,1.859,0
6845,6845,1.9523,0
6846,6846,1.8058,0
6847,6847,2.2461,0
6848,6848,1.9967,0
6849,6849,1.8796,0
6850,6850,1.7975,0
6851,6851,1.8592,0
6852,6852,1.8104,0
6853,6853,1.7938,0
6854,6854,1.7949,0
6855,6855,1.8029,0
6856,6856,1.7889,0
6857,6857,1.7846,0
6858,6858,1.7898,0
6859,6859,1.8703,0
6860,6860,1.813,0
6861,6861,1.8366,0
6862,6862,1.7905,0
6863,6863,1.8117,0
6864,6864,1.8165,0
6865,6865,1.8777,0
6866,6866,1.8118,0
6867,6867,1.8284,0
6868,6868,1.8723,0
6869,6869,1.7822,0
6870,6870,1.8148,0
6871,6871,1.8108,0
6872,6872,1.8099,0
6873,6873,1.8231,0
6874,6874,1.8098,0
6875,6875,1.808,0
6876,6876,1.9487,0
6877,6877,1.989,0
6878,6878,2.0472,0
6879,6879,1.9262,0
6880,6880,1.8687,0
6881,6881,1.9549,0
6882,6882,1.8451,0
6883,6883,1.7982,0
6884,6884,2.2744,0
6885,6885,1.9473,0
6886,6886,1.8243,0
6887,6887,1.8154,0
6888,6888,1.8298,0
6889,6889,1.7906,0
6890,6890,1.8374,0
6891,6891,1.8086,0
6892,6892,2.0479,0
6893,6893,1.8451,0
6894,6894,1.8028,0
6895,6895,1.8078,0
6896,6896,1.7912,0
6897,6897,1.8653,0
6898,6898,1.8126,0
6899,6899,1.7718,0
6900,6900,1.7898,0
6901,6901,1.865,0
6902,6902,1.8001,0
6903,6903,1.7963,0
6904,6904,1.8109,0
6905,6905,1.7999,0
6906,6906,1.7952,0
6907,6907,1.8054,0
6908,6908,1.7948,0
6909,6909,1.8332,0
6910,6910,1.87,0
6911,6911,1.8198,0
6912,6912,1.8067,0
6913,6913,1.8128,0
6914,6914,1.8759,0
6915,6915,1.8064,0
6916,6916,1.8313,0
6917,6917,1.8294,0
6918,6918,2.325,0
6919,6919,1.8386,0
6920,6920,1.8045,0
6921,6921,1.818,0
6922,6922,1.7997,0
6923,6923,1.789,0
6924,6924,1.789,0
6925,6925,1.8152,0
6926,6926,2.2659,0
6927,6927,2.222,0
6928,6928,1.9558,0
6929,6929,1.8671,0
6930,6930,1.8091,0
6931,6931,1.7917,0
6932,6932,1.7936,0
6933,6933,1.8019,0
6934,6934,1.8591,0
6935,6935,1.8191,0
6936,6936,1.7998,0
6937,6937,1.7916,0
6938,6938,1.7979,0
6939,6939,1.8258,0
6940,6940,1.7976,0
6941,6941,1.796,0
6942,6942,1.8261,0
6943,6943,1.9676,0
6944,6944,2.0154,0
6945,6945,2.1137,0
6946,6946,2.0016,0
6947,6947,1.891,0
6948,6948,1.8516,0
6949,6949,1.8575,0
6950,6950,1.8376,0
6951,6951,1.7969,0
6952,6952,1.8008,0
6953,6953,1.8159,0
6954,6954,1.8131,0
6955,6955,1.8152,0
6956,6956,1.8295,0
6957,6957,1.8143,0
6958,6958,1.829,0
6959,6959,1.8081,0
6960,6960,2.1339,0
6961,6961,2.0372,0
6962,6962,1.7937,0
6963,6963,1.8228,0
6964,6964,1.8101,0
6965,6965,1.7817,0
6966,6966,1.8009,0
6967,6967,1.8187,0
6968,6968,1.8114,0
6969,6969,2.1516,0
6970,6970,1.9624,0
6971,6971,1.7971,0
6972,6972,1.8003,0
6973,6973,1.8202,0
6974,6974,1.7951,0
6975,6975,1.8007,0
6976,6976,1.8099,0
6977,6977,2.0588,0
6978,6978,2.167,0
6979,6979,1.8175,0
6980,6980,1.8109,0
6981,6981,1.8219,0
6982,6982,1.7944,0
6983,6983,1.8067,0
6984,6984,1.818,0
6985,6985,1.8747,0
6986,6986,1.8165,0
6987,6987,1.8134,0
6988,6988,1.8088,0
6989,6989,1.8163,0
6990,6990,1.8554,0
6991,6991,1.8124,0
6992,6992,1.8155,0
6993,6993,1.8094,0
6994,6994,1.9328,0
6995,6995,1.8004,0
6996,6996,1.8083,0
6997,6997,1.8083,0
6998,6998,1.8188,0
6999,6999,1.7921,0
7000,7000,1.819,0
7001,7001,1.8035,0
7002,7002,2.181,0
7003,7003,1.8776,0
7004,7004,2.4788,0
7005,7005,2.2404,0
7006,7006,2.02,0
7007,7007,1.7708,0
7008,7008,1.7852,0
7009,7009,1.8416,0
7010,7010,1.878,0
7011,7011,1.9177,0
7012,7012,2.016,0
7013,7013,1.9243,0
7014,7014,1.8435,0
7015,7015,1.8574,0
7016,7016,1.8004,0
7017,7017,1.7977,0
7018,7018,1.8003,0
7019,7019,1.8202,0
7020,7020,1.7944,0
7021,7021,1.7959,0
7022,7022,1.8154,0
7023,7023,1.7926,0
7024,7024,1.7853,0
7025,7025,1.8139,0
7026,7026,1.8912,0
7027,7027,1.7932,0
7028,7028,1.8112,0
7029,7029,1.7946,0
7030,7030,1.784,0
7031,7031,1.7942,0
7032,7032,1.7925,0
7033,7033,1.8198,0
7034,7034,1.8282,0
7035,7035,1.916,0
7036,7036,1.8439,0
7037,7037,1.8136,0
7038,7038,1.7945,0
7039,7039,1.8041,0
7040,7040,1.8241,0
7041,7041,1.8032,0
7042,7042,1.9022,0
7043,7043,1.807,0
7044,7044,1.8888,0
7045,7045,1.8069,0
7046,7046,1.831,0
7047,7047,1.7961,0
7048,7048,1.7902,0
7049,7049,1.7764,0
7050,7050,1.8049,0
7051,7051,1.795,0
7052,7052,1.8043,0
7053,7053,1.8135,0
7054,7054,1.8137,0
7055,7055,1.8249,0
7056,7056,1.797,0
7057,7057,1.8141,0
7058,7058,1.8001,0
7059,7059,1.8599,0
7060,7060,1.8029,0
7061,7061,1.8134,0
7062,7062,1.8235,0
7063,7063,1.7991,0
7064,7064,1.8179,0
7065,7065,1.8138,0
7066,7066,1.8002,0
7067,7067,1.8255,0
7068,7068,1.8016,0
7069,7069,1.7627,0
7070,7070,1.8081,0
7071,7071,1.853,0
7072,7072,1.808,0
7073,7073,1.8024,0
7074,7074,1.7891,0
7075,7075,1.848,0
7076,7076,1.8151,0
7077,7077,1.8111,0
7078,7078,1.814,0
7079,7079,2.0542,0
7080,7080,2.1414,0
7081,7081,2.4677,0
7082,7082,1.9778,0
7083,7083,1.8716,0
7084,7084,1.8432,0
7085,7085,1.8016,0
7086,7086,1.807,0
7087,7087,1.7953,0
7088,7088,1.8002,0
7089,7089,1.7942,0
7090,7090,1.8183,0
7091,7091,2.178,0
7092,7092,2.0604,0
7093,7093,1.7904,0
7094,7094,1.7938,0
7095,7095,1.8644,0
7096,7096,1.7705,0
7097,7097,1.7713,0
7098,7098,2.0095,0
7099,7099,1.7573,0
7100,7100,1.9019,0
7101,7101,1.9617,0
7102,7102,1.7894,0
7103,7103,1.7888,0
7104,7104,1.9103,0
7105,7105,1.7977,0
7106,7106,1.8064,0
7107,7107,1.8565,0
7108,7108,1.8004,0
7109,7109,1.7961,0
7110,7110,1.805,0
7111,7111,1.8086,0
7112,7112,1.989,0
7113,7113,1.8086,0
7114,7114,1.8012,0
7115,7115,1.803,0
7116,7116,1.8006,0
7117,7117,1.8083,0
7118,7118,1.8104,0
7119,7119,1.7921,0
7120,7120,1.7938,0
7121,7121,1.8992,0
7122,7122,1.8269,0
7123,7123,1.8757,0
7124,7124,1.8066,0
7125,7125,1.8246,0
7126,7126,1.8057,0
7127,7127,1.8192,0
7128,7128,1.805,0
7129,7129,1.7856,0
7130,7130,2.0749,0
7131,7131,1.901,0
7132,7132,1.8034,0
7133,7133,1.7774,0
7134,7134,2.3187,0
7135,7135,1.8599,0
7136,7136,1.8264,0
7137,7137,1.8401,0
7138,7138,2.0831,0
7139,7139,2.0664,0
7140,7140,1.7741,0
7141,7141,1.7475,0
7142,7142,1.7575,0
7143,7143,1.7472,0
7144,7144,1.8548,0
7145,7145,2.1356,0
7146,7146,2.4205,0
7147,7147,2.1445,0
7148,7148,1.992,0
7149,7149,1.8684,0
7150,7150,1.8342,0
7151,7151,1.812,0
7152,7152,1.7935,0
7153,7153,1.7526,0
7154,7154,2.0415,0
7155,7155,2.1292,0
7156,7156,1.829,0
7157,7157,1.8041,0
7158,7158,1.79,0
7159,7159,1.9288,0
7160,7160,1.8041,0
7161,7161,1.7856,0
7162,7162,1.9027,0
7163,7163,1.7562,0
7164,7164,1.7724,0
7165,7165,1.7923,0
7166,7166,1.7688,0
7167,7167,1.7618,0
7168,7168,1.7638,0
7169,7169,1.7723,0
7170,7170,1.7681,0
7171,7171,2.8688,0
7172,7172,2.5658,0
7173,7173,1.8141,0
7174,7174,1.778,0
7175,7175,1.7752,0
7176,7176,1.7977,0
7177,7177,1.8343,0
7178,7178,2.0994,0
7179,7179,2.0214,0
7180,7180,1.8039,0
7181,7181,1.7911,0
7182,7182,1.7996,0
7183,7183,1.787,0
7184,7184,1.79,0
7185,7185,1.7901,0
7186,7186,1.7903,0
7187,7187,2.2823,0
7188,7188,1.7992,0
7189,7189,1.815,0
7190,7190,1.8232,0
7191,7191,1.8042,0
7192,7192,1.7925,0
7193,7193,1.8022,0
7194,7194,1.7956,0
7195,7195,1.9506,0
7196,7196,1.8931,0
7197,7197,1.7792,0
7198,7198,1.7761,0
7199,7199,1.7885,0
7200,7200,1.7559,0
7201,7201,1.7699,0
7202,7202,1.919,0
7203,7203,2.2565,0
7204,7204,2.3099,0
7205,7205,2.1898,0
7206,7206,2.115,0
7207,7207,1.8688,0
7208,7208,1.7845,0
7209,7209,1.8099,0
7210,7210,1.7603,0
7211,7211,1.7829,0
7212,7212,1.9376,0
7213,7213,1.952,0
7214,7214,2.0232,0
7215,7215,1.9078,0
7216,7216,1.8478,0
7217,7217,1.8668,0
7218,7218,1.8879,0
7219,7219,1.8238,0
7220,7220,1.8426,0
7221,7221,1.8224,0
7222,7222,1.7955,0
7223,7223,1.8157,0
7224,7224,1.7827,0
7225,7225,1.7987,0
7226,7226,1.8382,0
7227,7227,1.7937,0
7228,7228,1.8037,0
7229,7229,1.8306,0
7230,7230,1.8017,0
7231,7231,1.7974,0
7232,7232,1.7969,0
7233,7233,1.8068,0
7234,7234,1.7712,0
7235,7235,1.9402,0
7236,7236,1.8259,0
7237,7237,1.8361,0
7238,7238,1.804,0
7239,7239,1.7847,0
7240,7240,1.7923,0
7241,7241,1.8353,0
7242,7242,1.8211,0
7243,7243,1.8053,0
7244,7244,2.32,0
7245,7245,2.0084,0
7246,7246,2.2222,0
7247,7247,1.8382,0
7248,7248,1.7886,0
7249,7249,1.7956,0
7250,7250,1.7804,0
7251,7251,1.8507,0
7252,7252,1.8024,0
7253,7253,1.8041,0
7254,7254,2.3913,0
7255,7255,1.8416,0
7256,7256,1.7661,0
7257,7257,1.7885,0
7258,7258,1.8142,0
7259,7259,1.7905,0
7260,7260,1.7917,0
7261,7261,1.8271,0
7262,7262,1.8644,0
7263,7263,1.8176,0
7264,7264,1.7952,0
7265,7265,1.7815,0
7266,7266,1.7819,0
7267,7267,1.8765,0
7268,7268,1.808,0
7269,7269,1.7909,0
7270,7270,1.82,0
7271,7271,2.046,0
7272,7272,1.819,0
7273,7273,1.8148,0
7274,7274,1.7962,0
7275,7275,1.8039,0
7276,7276,1.8296,0
7277,7277,1.7943,0
7278,7278,1.8174,0
7279,7279,1.8276,0
7280,7280,1.9922,0
7281,7281,1.9988,0
7282,7282,2.0444,0
7283,7283,1.9832,0
7284,7284,1.8821,0
7285,7285,1.8216,0
7286,7286,1.7897,0
7287,7287,1.7977,0
7288,7288,1.8466,0
7289,7289,1.7895,0
7290,7290,2.0597,0
7291,7291,2.1187,0
7292,7292,1.8292,0
7293,7293,2.2434,0
7294,7294,1.9278,0
7295,7295,1.7719,0
7296,7296,2.022,0
7297,7297,1.8183,0
7298,7298,1.7964,0
7299,7299,1.8852,0
7300,7300,1.8009,0
7301,7301,1.8002,0
7302,7302,1.8086,0
7303,7303,1.7876,0
7304,7304,1.785,0
7305,7305,1.8029,0
7306,7306,1.8105,0
7307,7307,1.8008,0
7308,7308,1.8236,0
7309,7309,1.7899,0
7310,7310,1.7967,0
7311,7311,1.8083,0
7312,7312,1.808,0
7313,7313,1.9086,0
7314,7314,1.816,0
7315,7315,1.8823,0
7316,7316,1.8089,0
7317,7317,1.8322,0
7318,7318,1.811,0
7319,7319,1.8096,0
7320,7320,1.8043,0
7321,7321,1.8231,0
7322,7322,1.8272,0
7323,7323,1.8284,0
7324,7324,1.8168,0
7325,7325,1.8037,0
7326,7326,1.8132,0
7327,7327,1.8015,0
7328,7328,1.8043,0
7329,7329,1.8094,0
7330,7330,1.8167,0
7331,7331,1.7931,0
7332,7332,1.8986,0
7333,7333,1.81,0
7334,7334,1.8144,0
7335,7335,1.8313,0
7336,7336,1.8184,0
7337,7337,1.7709,0
7338,7338,1.8369,0
7339,7339,1.9475,0
7340,7340,1.9514,0
7341,7341,1.9386,0
7342,7342,1.8823,0
7343,7343,1.8848,0
7344,7344,1.8225,0
7345,7345,1.8069,0
7346,7346,1.844,0
7347,7347,2.1067,0
7348,7348,2.3013,0
7349,7349,2.0842,0
7350,7350,2.4692,0
7351,7351,2.1687,0
7352,7352,2.0206,0
7353,7353,1.998,0
7354,7354,1.8711,0
7355,7355,1.9335,0
7356,7356,1.9076,0
7357,7357,1.8507,0
7358,7358,1.8918,0
7359,7359,1.8711,0
7360,7360,1.8844,0
7361,7361,1.8981,0
7362,7362,1.8991,0
7363,7363,2.4423,0
7364,7364,2.0142,0
7365,7365,1.9416,0
7366,7366,1.8923,0
7367,7367,1.8585,0
7368,7368,2.1774,0
7369,7369,4.7267,0
7370,7370,3.0954,0
7371,7371,2.7178,0
7372,7372,2.3258,0
7373,7373,1.9521,0
7374,7374,1.8741,0
7375,7375,1.8916,0
7376,7376,1.8621,0
7377,7377,1.8123,0
7378,7378,1.7801,0
7379,7379,1.7928,0
7380,7380,1.8054,0
7381,7381,1.8379,0
7382,7382,1.8525,0
7383,7383,1.8137,0
7384,7384,1.7979,0
7385,7385,1.9722,0
7386,7386,1.8313,0
7387,7387,1.8186,0
7388,7388,1.8952,0
7389,7389,1.834,0
7390,7390,1.876,0
7391,7391,1.8669,0
7392,7392,1.8085,0
7393,7393,1.864,0
7394,7394,1.8326,0
7395,7395,1.7956,0
7396,7396,1.8133,0
7397,7397,1.788,0
7398,7398,1.8047,0
7399,7399,1.8028,0
7400,7400,1.8097,0
7401,7401,1.8055,0
7402,7402,1.8959,0
7403,7403,1.8128,0
7404,7404,1.8195,0
7405,7405,1.8261,0
7406,7406,1.8307,0
7407,7407,1.8195,0
7408,7408,1.8769,0
7409,7409,1.8215,0
7410,7410,1.8235,0
7411,7411,1.7922,0
7412,7412,1.8284,0
7413,7413,1.8091,0
7414,7414,1.8029,0
7415,7415,1.8586,0
7416,7416,1.817,0
7417,7417,1.8044,0
7418,7418,1.8098,0
7419,7419,2.1037,0
7420,7420,2.1888,0
7421,7421,1.8437,0
7422,7422,1.9442,0
7423,7423,1.8443,0
7424,7424,1.881,0
7425,7425,1.7949,0
7426,7426,1.7961,0
7427,7427,2.17,0
7428,7428,1.9686,0
7429,7429,1.8315,0
7430,7430,1.8227,0
7431,7431,1.8677,0
7432,7432,1.8073,0
7433,7433,1.8079,0
7434,7434,1.8115,0
7435,7435,2.0121,0
7436,7436,1.8501,0
7437,7437,1.759,0
7438,7438,1.7505,0
7439,7439,1.7437,0
7440,7440,1.8182,0
7441,7441,1.9502,0
7442,7442,1.9316,0
7443,7443,1.7537,0
7444,7444,2.0018,0
7445,7445,1.8402,0
7446,7446,2.107,0
7447,7447,2.086,0
7448,7448,1.8428,0
7449,7449,1.8185,0
7450,7450,1.8074,0
7451,7451,1.8041,0
7452,7452,1.9765,0
7453,7453,1.8508,0
7454,7454,1.791,0
7455,7455,1.7856,0
7456,7456,2.0901,0
7457,7457,2.248,0
7458,7458,2.051,0
7459,7459,1.8463,0
7460,7460,1.8172,0
7461,7461,1.7989,0
7462,7462,1.7753,0
7463,7463,1.766,0
7464,7464,1.7837,0
7465,7465,1.7797,0
7466,7466,1.7971,0
7467,7467,1.7914,0
7468,7468,1.8086,0
7469,7469,1.9104,0
7470,7470,2.0052,0
7471,7471,2.0021,0
7472,7472,2.0483,0
7473,7473,1.8791,0
7474,7474,1.8679,0
7475,7475,1.8137,0
7476,7476,1.9128,0
7477,7477,1.8279,0
7478,7478,1.8211,0
7479,7479,1.8734,0
7480,7480,1.97,0
7481,7481,1.895,0
7482,7482,1.8178,0
7483,7483,1.8353,0
7484,7484,1.8025,0
7485,7485,1.8044,0
7486,7486,1.7961,0
7487,7487,1.7912,0
7488,7488,1.8623,0
7489,7489,1.784,0
7490,7490,1.7985,0
7491,7491,1.7926,0
7492,7492,1.7977,0
7493,7493,1.8029,0
7494,7494,1.8315,0
7495,7495,1.8027,0
7496,7496,1.8087,0
7497,7497,1.8014,0
7498,7498,1.7984,0
7499,7499,1.7925,0
7500,7500,1.8074,0
7501,7501,1.7818,0
7502,7502,1.827,0
7503,7503,1.8045,0
7504,7504,1.7852,0
7505,7505,1.8878,0
7506,7506,1.7972,0
7507,7507,1.8037,0
7508,7508,1.8116,0
7509,7509,1.7758,0
7510,7510,1.7714,0
7511,7511,1.9175,0
7512,7512,1.8436,0
7513,7513,1.8175,0
7514,7514,1.8529,0
7515,7515,1.8083,0
7516,7516,1.8184,0
7517,7517,1.8146,0
7518,7518,1.7963,0
7519,7519,1.781,0
7520,7520,1.8427,0
7521,7521,1.8799,0
7522,7522,1.8241,0
7523,7523,1.8384,0
7524,7524,1.7878,0
7525,7525,1.9657,0
7526,7526,1.9042,0
7527,7527,1.763,0
7528,7528,1.8741,0
7529,7529,1.7931,0
7530,7530,1.7734,0
7531,7531,1.7665,0
7532,7532,1.7701,0
7533,7533,1.777,0
7534,7534,1.7656,0
7535,7535,1.9981,0
7536,7536,2.181,0
7537,7537,2.2796,0
7538,7538,2.3226,0
7539,7539,2.0525,0
7540,7540,1.9012,0
7541,7541,1.8793,0
7542,7542,1.8183,0
7543,7543,1.8018,0
7544,7544,2.3205,0
7545,7545,1.8531,0
7546,7546,1.806,0
7547,7547,1.8194,0
7548,7548,1.822,0
7549,7549,1.8058,0
7550,7550,1.7912,0
7551,7551,1.7948,0
7552,7552,1.7854,0
7553,7553,1.912,0
7554,7554,1.8375,0
7555,7555,1.7932,0
7556,7556,1.7976,0
7557,7557,1.8248,0
7558,7558,1.8015,0
7559,7559,1.8074,0
7560,7560,1.8082,0
7561,7561,1.8385,0
7562,7562,1.8228,0
7563,7563,1.818,0
7564,7564,1.7963,0
7565,7565,1.8218,0
7566,7566,1.8166,0
7567,7567,1.8076,0
7568,7568,1.8183,0
7569,7569,1.8921,0
7570,7570,1.861,0
7571,7571,1.8257,0
7572,7572,1.8416,0
7573,7573,1.8182,0
7574,7574,1.7908,0
7575,7575,1.8088,0
7576,7576,1.8317,0
7577,7577,1.8325,0
7578,7578,1.8876,0
7579,7579,1.8189,0
7580,7580,1.7998,0
7581,7581,1.8257,0
7582,7582,1.8028,0
7583,7583,1.8051,0
7584,7584,1.8472,0
7585,7585,1.8606,0
7586,7586,1.832,0
7587,7587,1.8608,0
7588,7588,1.8242,0
7589,7589,1.7952,0
7590,7590,1.8324,0
7591,7591,1.8132,0
7592,7592,1.8037,0
7593,7593,1.8174,0
7594,7594,1.9837,0
7595,7595,1.8281,0
7596,7596,1.9843,0
7597,7597,2.0301,0
7598,7598,2.1406,0
7599,7599,1.9705,0
7600,7600,1.9006,0
7601,7601,1.9934,0
7602,7602,1.8346,0
7603,7603,1.7951,0
7604,7604,1.8491,0
7605,7605,1.8249,0
7606,7606,1.8174,0
7607,7607,1.8354,0
7608,7608,1.8328,0
7609,7609,1.8221,0
7610,7610,1.8779,0
7611,7611,1.8203,0
7612,7612,1.831,0
7613,7613,2.004,0
7614,7614,1.8164,0
7615,7615,1.8116,0
7616,7616,1.8442,0
7617,7617,1.7903,0
7618,7618,1.901,0
7619,7619,1.842,0
7620,7620,1.8063,0
7621,7621,1.8871,0
7622,7622,1.8305,0
7623,7623,1.811,0
7624,7624,1.8139,0
7625,7625,1.8198,0
7626,7626,1.8049,0
7627,7627,1.7916,0
7628,7628,1.8105,0
7629,7629,1.8338,0
7630,7630,1.8214,0
7631,7631,1.8313,0
7632,7632,1.8183,0
7633,7633,1.8026,0
7634,7634,1.8701,0
7635,7635,1.826,0
7636,7636,1.8055,0
7637,7637,1.8229,0
7638,7638,1.7713,0
7639,7639,1.8156,0
7640,7640,1.8415,0
7641,7641,1.8724,0
7642,7642,1.8663,0
7643,7643,1.8431,0
7644,7644,1.8136,0
7645,7645,1.8284,0
7646,7646,1.8553,0
7647,7647,1.8386,0
7648,7648,1.8321,0
7649,7649,1.834,0
7650,7650,1.856,0
7651,7651,1.7928,0
7652,7652,1.807,0
7653,7653,1.7942,0
7654,7654,1.8166,0
7655,7655,1.8163,0
7656,7656,1.9457,0
7657,7657,2.0493,0
7658,7658,2.0402,0
7659,7659,1.9621,0
7660,7660,1.9038,0
7661,7661,1.9046,0
7662,7662,1.8208,0
7663,7663,1.8063,0
7664,7664,1.8249,0
7665,7665,1.8024,0
7666,7666,1.8651,0
7667,7667,1.8188,0
7668,7668,1.797,0
7669,7669,1.8192,0
7670,7670,1.8126,0
7671,7671,1.8256,0
7672,7672,1.8169,0
7673,7673,2.4075,0
7674,7674,2.1061,0
7675,7675,1.812,0
7676,7676,1.7922,0
7677,7677,1.81,0
7678,7678,1.826,0
7679,7679,1.8121,0
7680,7680,1.8103,0
7681,7681,1.9009,0
7682,7682,1.8316,0
7683,7683,1.8737,0
7684,7684,1.8191,0
7685,7685,1.7942,0
7686,7686,1.7947,0
7687,7687,1.7971,0
7688,7688,1.7795,0
7689,7689,1.7764,0
7690,7690,1.8081,0
7691,7691,1.7928,0
7692,7692,1.7872,0
7693,7693,1.7967,0
7694,7694,1.7911,0
7695,7695,1.7997,0
7696,7696,1.8025,0
7697,7697,1.7959,0
7698,7698,1.7919,0
7699,7699,1.949,0
7700,7700,1.8029,0
7701,7701,1.8254,0
7702,7702,1.8106,0
7703,7703,1.8002,0
7704,7704,1.8125,0
7705,7705,1.8161,0
7706,7706,1.8187,0
7707,7707,1.8282,0
7708,7708,1.7921,0
7709,7709,1.872,0
7710,7710,1.8617,0
7711,7711,1.8421,0
7712,7712,2.196,0
7713,7713,2.0817,0
7714,7714,1.7825,0
7715,7715,2.3,0
7716,7716,2.0147,0
7717,7717,1.9982,0
7718,7718,1.8584,0
7719,7719,1.8746,0
7720,7720,1.8448,0
7721,7721,1.8179,0
7722,7722,1.9552,0
7723,7723,2.1258,0
7724,7724,1.8009,0
7725,7725,1.7979,0
7726,7726,1.8287,0
7727,7727,1.8157,0
7728,7728,1.8182,0
7729,7729,1.8439,0
7730,7730,1.7956,0
7731,7731,2.0355,0
7732,7732,1.8979,0
7733,7733,1.7771,0
7734,7734,1.7775,0
7735,7735,1.7868,0
7736,7736,1.7672,0
7737,7737,1.7612,0
7738,7738,1.8244,0
7739,7739,1.7606,0
7740,7740,2.038,0
7741,7741,1.856,0
7742,7742,1.7751,0
7743,7743,1.7637,0
7744,7744,1.7985,0
7745,7745,1.7498,0
7746,7746,1.765,0
7747,7747,1.7532,0
7748,7748,1.9299,0
7749,7749,1.7884,0
7750,7750,1.7847,0
7751,7751,1.7608,0
7752,7752,1.7444,0
7753,7753,1.7887,0
7754,7754,1.7741,0
7755,7755,1.7744,0
7756,7756,1.7568,0
7757,7757,1.8604,0
7758,7758,1.8063,0
7759,7759,1.8238,0
7760,7760,1.8016,0
7761,7761,1.7918,0
7762,7762,1.7893,0
7763,7763,1.7983,0
7764,7764,1.855,0
7765,7765,1.8084,0
7766,7766,1.8722,0
7767,7767,1.8044,0
7768,7768,1.8146,0
7769,7769,1.7889,0
7770,7770,1.7824,0
7771,7771,1.8401,0
7772,7772,1.9971,0
7773,7773,2.0137,0
7774,7774,2.2927,0
7775,7775,1.9563,0
7776,7776,2.0139,0
7777,7777,1.8988,0
7778,7778,1.8446,0
7779,7779,1.838,0
7780,7780,1.8952,0
7781,7781,1.7984,0
7782,7782,1.8112,0
7783,7783,1.8092,0
7784,7784,1.8029,0
7785,7785,1.7819,0
7786,7786,1.7652,0
7787,7787,1.7871,0
7788,7788,1.7878,0
7789,7789,1.8011,0
7790,7790,1.7953,0
7791,7791,1.8171,0
7792,7792,1.803,0
7793,7793,1.9576,0
7794,7794,1.8529,0
7795,7795,1.8023,0
7796,7796,1.8771,0
7797,7797,1.7634,0
7798,7798,1.8033,0
7799,7799,1.7945,0
7800,7800,1.8032,0
7801,7801,1.7962,0
7802,7802,1.8048,0
7803,7803,1.7891,0
7804,7804,1.7868,0
7805,7805,1.7816,0
7806,7806,1.7991,0
7807,7807,1.7855,0
7808,7808,1.8072,0
7809,7809,1.8985,0
7810,7810,1.821,0
7811,7811,1.7877,0
7812,7812,1.7955,0
7813,7813,1.8701,0
7814,7814,1.7934,0
7815,7815,1.7902,0
7816,7816,1.8184,0
7817,7817,1.7655,0
7818,7818,2.1929,0
7819,7819,1.7829,0
7820,7820,1.768,0
7821,7821,1.8083,0
7822,7822,1.773,0
7823,7823,1.7627,0
7824,7824,1.7702,0
7825,7825,1.7744,0
7826,7826,2.5665,0
7827,7827,2.0027,0
7828,7828,2.1175,0
7829,7829,1.9538,0
7830,7830,1.7577,0
7831,7831,1.7623,0
7832,7832,1.7774,0
7833,7833,1.7686,0
7834,7834,2.6003,0
7835,7835,2.0052,0
7836,7836,2.0517,0
7837,7837,1.8799,0
7838,7838,1.8452,0
7839,7839,1.8372,0
7840,7840,1.8172,0
7841,7841,1.9608,0
7842,7842,1.9514,0
7843,7843,1.8431,0
7844,7844,1.9666,0
7845,7845,2.0712,0
7846,7846,1.9659,0
7847,7847,1.8496,0
7848,7848,1.7846,0
7849,7849,1.8099,0
7850,7850,1.8088,0
7851,7851,2.0594,0
7852,7852,1.9373,0
7853,7853,1.8041,0
7854,7854,1.8281,0
7855,7855,1.8988,0
7856,7856,1.9733,0
7857,7857,1.8059,0
7858,7858,1.9224,0
7859,7859,1.815,0
7860,7860,1.8743,0
7861,7861,1.8258,0
7862,7862,1.8173,0
7863,7863,1.7852,0
7864,7864,1.8178,0
7865,7865,1.8052,0
7866,7866,1.861,0
7867,7867,1.8309,0
7868,7868,1.7909,0
7869,7869,1.7945,0
7870,7870,1.8169,0
7871,7871,1.7924,0
7872,7872,1.8019,0
7873,7873,1.8208,0
7874,7874,1.7996,0
7875,7875,1.9579,0
7876,7876,1.9118,0
7877,7877,1.8116,0
7878,7878,1.799,0
7879,7879,1.791,0
7880,7880,1.7804,0
7881,7881,1.8055,0
7882,7882,1.9482,0
7883,7883,2.1918,0
7884,7884,2.2075,0
7885,7885,2.0815,0
7886,7886,1.8446,0
7887,7887,1.7875,0
7888,7888,1.8059,0
7889,7889,1.7652,0
7890,7890,1.7878,0
7891,7891,1.8065,0
7892,7892,2.3477,0
7893,7893,2.2495,0
7894,7894,2.2319,0
7895,7895,1.9579,0
7896,7896,1.8987,0
7897,7897,1.9307,0
7898,7898,1.8653,0
7899,7899,1.897,0
7900,7900,1.8746,0
7901,7901,1.8227,0
7902,7902,1.8071,0
7903,7903,1.8018,0
7904,7904,1.8639,0
7905,7905,1.8445,0
7906,7906,1.8086,0
7907,7907,1.8052,0
7908,7908,1.9564,0
7909,7909,1.8123,0
7910,7910,1.822,0
7911,7911,1.8007,0
7912,7912,1.8067,0
7913,7913,1.8082,0
7914,7914,1.8207,0
7915,7915,1.8194,0
7916,7916,1.8727,0
7917,7917,1.9915,0
7918,7918,1.8383,0
7919,7919,1.8287,0
7920,7920,1.8102,0
7921,7921,1.8788,0
7922,7922,1.8452,0
7923,7923,1.8119,0
7924,7924,1.8915,0
7925,7925,1.9414,0
7926,7926,1.8649,0
7927,7927,1.8048,0
7928,7928,1.8268,0
7929,7929,1.8178,0
7930,7930,1.7916,0
7931,7931,1.8556,0
7932,7932,1.8051,0
7933,7933,1.7962,0
7934,7934,1.908,0
7935,7935,1.824,0
7936,7936,1.7996,0
7937,7937,1.8112,0
7938,7938,1.7903,0
7939,7939,1.8028,0
7940,7940,1.8895,0
7941,7941,1.8024,0
7942,7942,1.8767,0
7943,7943,1.8394,0
7944,7944,1.8277,0
7945,7945,1.802,0
7946,7946,1.8132,0
7947,7947,1.7912,0
7948,7948,1.821,0
7949,7949,1.8228,0
7950,7950,1.8082,0
7951,7951,2.1839,0
7952,7952,1.9586,0
7953,7953,2.134,0
7954,7954,1.9094,0
7955,7955,2.3662,0
7956,7956,2.8354,0
7957,7957,2.5137,0
7958,7958,1.8287,0
7959,7959,1.9717,0
7960,7960,2.093,0
7961,7961,2.0252,0
7962,7962,1.8804,0
7963,7963,1.8556,0
7964,7964,1.7854,0
7965,7965,1.7839,0
7966,7966,1.7972,0
7967,7967,1.7709,0
7968,7968,1.8399,0
7969,7969,1.7935,0
7970,7970,1.7896,0
7971,7971,1.8534,0
7972,7972,1.8305,0
7973,7973,1.7923,0
7974,7974,2.1821,0
7975,7975,1.9169,0
7976,7976,1.8132,0
7977,7977,1.813,0
7978,7978,1.8671,0
7979,7979,1.8161,0
7980,7980,1.834,0
7981,7981,2.2288,0
7982,7982,2.0836,0
7983,7983,1.8672,0
7984,7984,1.8896,0
7985,7985,1.76,0
7986,7986,1.7655,0
7987,7987,1.817,0
7988,7988,2.4403,0
7989,7989,1.85,0
7990,7990,1.8005,0
7991,7991,1.9552,0
7992,7992,1.7836,0
7993,7993,1.7507,0
7994,7994,1.7683,0
7995,7995,1.7463,0
7996,7996,1.725,0
7997,7997,1.754,0
7998,7998,1.751,0
7999,7999,1.7437,0
8000,8000,1.9581,0
8001,8001,1.8385,0
8002,8002,2.0128,0
8003,8003,2.228,0
8004,8004,1.8392,0
8005,8005,1.7808,0
8006,8006,1.7759,0
8007,8007,1.7741,0
8008,8008,2.0639,0
8009,8009,1.9209,0
8010,8010,2.0582,0
8011,8011,2.3739,0
8012,8012,2.4086,0
8013,8013,2.1356,0
8014,8014,1.862,0
8015,8015,2.0483,0
8016,8016,1.9736,0
8017,8017,1.9323,0
8018,8018,1.8784,0
8019,8019,1.9739,0
8020,8020,1.9206,0
8021,8021,1.9011,0
8022,8022,1.9104,0
8023,8023,1.9879,0
8024,8024,1.9472,0
8025,8025,1.9675,0
8026,8026,1.8866,0
8027,8027,1.8702,0
8028,8028,1.8717,0
8029,8029,1.847,0
8030,8030,1.8499,0
8031,8031,1.9105,0
8032,8032,1.8166,0
8033,8033,1.7937,0
8034,8034,1.8731,0
8035,8035,1.8501,0
8036,8036,1.8203,0
8037,8037,1.8487,0
8038,8038,1.8587,0
8039,8039,1.8731,0
8040,8040,1.8635,0
8041,8041,1.8113,0
8042,8042,1.8259,0
8043,8043,1.8261,0
8044,8044,1.7914,0
8045,8045,1.8011,0
8046,8046,1.8765,0
8047,8047,1.8299,0
8048,8048,1.8102,0
8049,8049,1.9918,0
8050,8050,1.9132,0
8051,8051,1.8156,0
8052,8052,1.824,0
8053,8053,1.8165,0
8054,8054,1.8883,0
8055,8055,1.8477,0
8056,8056,1.8161,0
8057,8057,1.8915,0
8058,8058,1.8641,0
8059,8059,1.8142,0
8060,8060,1.8113,0
8061,8061,1.8265,0
8062,8062,1.8005,0
8063,8063,1.8412,0
8064,8064,1.8252,0
8065,8065,1.7877,0
8066,8066,1.8766,0
8067,8067,1.9291,0
8068,8068,1.8336,0
8069,8069,1.8673,0
8070,8070,1.8381,0
8071,8071,1.802,0
8072,8072,1.807,0
8073,8073,1.8229,0
8074,8074,1.9105,0
8075,8075,1.8515,0
8076,8076,1.8408,0
8077,8077,1.8307,0
8078,8078,1.7969,0
8079,8079,1.829,0
8080,8080,1.8248,0
8081,8081,1.8135,0
8082,8082,1.8139,0
8083,8083,1.9355,0
8084,8084,1.8277,0
8085,8085,1.8871,0
8086,8086,1.8257,0
8087,8087,1.7966,0
8088,8088,1.8225,0
8089,8089,1.8153,0
8090,8090,1.8509,0
8091,8091,1.8462,0
8092,8092,2.0545,0
8093,8093,1.8317,0
8094,8094,1.8678,0
8095,8095,1.8237,0
8096,8096,1.8084,0
8097,8097,1.7993,0
8098,8098,1.8071,0
8099,8099,1.8816,0
8100,8100,2.1609,0
8101,8101,1.8284,0
8102,8102,1.7815,0
8103,8103,1.801,0
8104,8104,1.786,0
8105,8105,1.7772,0
8106,8106,1.7978,0
8107,8107,1.7672,0
8108,8108,1.7701,0
8109,8109,1.8016,0
8110,8110,2.0189,0
8111,8111,2.0033,0
8112,8112,1.8433,0
8113,8113,1.7736,0
8114,8114,1.7822,0
8115,8115,1.7996,0
8116,8116,1.8637,0
8117,8117,1.9842,0
8118,8118,1.7867,0
8119,8119,1.7732,0
8120,8120,1.7814,0
8121,8121,2.0008,0
8122,8122,2.1113,0
8123,8123,1.9111,0
8124,8124,1.7655,0
8125,8125,1.9805,0
8126,8126,1.9753,0
8127,8127,1.9368,0
8128,8128,2.1678,0
8129,8129,2.1081,0
8130,8130,1.816,0
8131,8131,1.8564,0
8132,8132,1.7566,0
8133,8133,2.0001,0
8134,8134,1.8465,0
8135,8135,1.7997,0
8136,8136,1.7912,0
8137,8137,1.7961,0
8138,8138,1.8308,0
8139,8139,2.0203,0
8140,8140,1.8772,0
8141,8141,1.7694,0
8142,8142,1.7983,0
8143,8143,1.8008,0
8144,8144,1.7853,0
8145,8145,1.7893,0
8146,8146,1.8023,0
8147,8147,2.0723,0
8148,8148,1.8587,0
8149,8149,1.7971,0
8150,8150,1.78,0
8151,8151,1.774,0
8152,8152,1.7796,0
8153,8153,1.7903,0
8154,8154,1.805,0
8155,8155,1.7948,0
8156,8156,1.7869,0
8157,8157,1.7893,0
8158,8158,1.8087,0
8159,8159,1.8038,0
8160,8160,1.7795,0
8161,8161,1.7865,0
8162,8162,1.7793,0
8163,8163,1.8018,0
8164,8164,1.871,0
8165,8165,1.7773,0
8166,8166,1.7962,0
8167,8167,1.9551,0
8168,8168,1.8897,0
8169,8169,1.7727,0
8170,8170,1.7551,0
8171,8171,1.7722,0
8172,8172,1.7788,0
8173,8173,1.7567,0
8174,8174,1.7829,0
8175,8175,1.7776,0
8176,8176,2.1907,0
8177,8177,2.0067,0
8178,8178,1.8077,0
8179,8179,1.8014,0
8180,8180,1.8502,0
8181,8181,1.8015,0
8182,8182,1.7832,0
8183,8183,1.785,0
8184,8184,1.779,0
8185,8185,2.0854,0
8186,8186,2.081,0
8187,8187,2.009,0
8188,8188,1.8592,0
8189,8189,1.8719,0
8190,8190,1.8341,0
8191,8191,1.779,0
8192,8192,1.8267,0
8193,8193,1.9028,0
8194,8194,1.8086,0
8195,8195,1.8183,0
8196,8196,1.8718,0
8197,8197,1.7978,0
8198,8198,1.8274,0
8199,8199,1.7976,0
8200,8200,1.8094,0
8201,8201,1.9145,0
8202,8202,1.7886,0
8203,8203,1.782,0
8204,8204,1.8285,0
8205,8205,1.8025,0
8206,8206,1.7879,0
8207,8207,1.827,0
8208,8208,1.8039,0
8209,8209,1.8012,0
8210,8210,1.8037,0
8211,8211,1.8092,0
8212,8212,1.7845,0
8213,8213,1.8724,0
8214,8214,1.8077,0
8215,8215,1.8118,0
8216,8216,1.7998,0
8217,8217,1.7778,0
8218,8218,1.7859,0
8219,8219,1.8202,0
8220,8220,1.8033,0
8221,8221,1.7799,0
8222,8222,1.796,0
8223,8223,1.7987,0
8224,8224,1.7978,0
8225,8225,1.8141,0
8226,8226,1.7922,0
8227,8227,1.7854,0
8228,8228,1.8208,0
8229,8229,1.8722,0
8230,8230,1.8327,0
8231,8231,1.825,0
8232,8232,1.811,0
8233,8233,1.7793,0
8234,8234,1.8029,0
8235,8235,1.8244,0
8236,8236,1.8022,0
8237,8237,1.8304,0
8238,8238,1.8251,0
8239,8239,2.1826,0
8240,8240,2.071,0
8241,8241,1.7838,0
8242,8242,1.7822,0
8243,8243,1.7627,0
8244,8244,1.7874,0
8245,8245,2.0496,0
8246,8246,2.2427,0
8247,8247,2.0805,0
8248,8248,1.9263,0
8249,8249,1.8593,0
8250,8250,1.8379,0
8251,8251,1.7749,0
8252,8252,1.7977,0
8253,8253,1.9997,0
8254,8254,2.0999,0
8255,8255,1.8317,0
8256,8256,1.8276,0
8257,8257,1.7636,0
8258,8258,1.795,0
8259,8259,1.8091,0
8260,8260,1.7586,0
8261,8261,1.8573,0
8262,8262,1.9586,0
8263,8263,1.9143,0
8264,8264,1.7782,0
8265,8265,1.7539,0
8266,8266,1.7533,0
8267,8267,1.8039,0
8268,8268,1.7902,0
8269,8269,1.7818,0
8270,8270,1.8147,0
8271,8271,1.7849,0
8272,8272,1.7701,0
8273,8273,1.7902,0
8274,8274,1.8103,0
8275,8275,1.7758,0
8276,8276,1.7844,0
8277,8277,1.7658,0
8278,8278,1.8295,0
8279,8279,1.8478,0
8280,8280,1.7809,0
8281,8281,1.7607,0
8282,8282,1.7817,0
8283,8283,1.7479,0
8284,8284,1.777,0
8285,8285,1.7704,0
8286,8286,1.771,0
8287,8287,1.764,0
8288,8288,1.8119,0
8289,8289,1.7512,0
8290,8290,1.7525,0
8291,8291,1.7817,0
8292,8292,1.766,0
8293,8293,1.7547,0
8294,8294,1.762,0
8295,8295,1.8275,0
8296,8296,2.1149,0
8297,8297,2.0878,0
8298,8298,1.8226,0
8299,8299,1.9985,0
8300,8300,1.764,0
8301,8301,2.2058,0
8302,8302,1.8298,0
8303,8303,1.8091,0
8304,8304,2.1995,0
8305,8305,1.9366,0
8306,8306,1.9987,0
8307,8307,1.936,0
8308,8308,1.8716,0
8309,8309,1.8732,0
8310,8310,1.8897,0
8311,8311,1.8318,0
8312,8312,1.8799,0
8313,8313,1.7804,0
8314,8314,1.7894,0
8315,8315,1.7884,0
8316,8316,1.7843,0
8317,8317,1.8003,0
8318,8318,1.7941,0
8319,8319,1.7916,0
8320,8320,1.8077,0
8321,8321,1.8033,0
8322,8322,1.7945,0
8323,8323,1.7693,0
8324,8324,1.7894,0
8325,8325,1.7887,0
8326,8326,1.8,0
8327,8327,1.8499,0
8328,8328,1.7978,0
8329,8329,1.8113,0
8330,8330,1.7978,0
8331,8331,1.7942,0
8332,8332,1.821,0
8333,8333,1.7611,0
8334,8334,1.7853,0
8335,8335,1.8217,0
8336,8336,1.7872,0
8337,8337,1.7963,0
8338,8338,1.8172,0
8339,8339,1.813,0
8340,8340,1.793,0
8341,8341,1.8015,0
8342,8342,1.7804,0
8343,8343,1.861,0
8344,8344,1.792,0
8345,8345,1.8054,0
8346,8346,1.7859,0
8347,8347,1.8296,0
8348,8348,1.8173,0
8349,8349,1.8159,0
8350,8350,1.8038,0
8351,8351,1.8027,0
8352,8352,1.7943,0
8353,8353,1.77,0
8354,8354,1.7913,0
8355,8355,1.8023,0
8356,8356,1.8072,0
8357,8357,1.8018,0
8358,8358,1.7877,0
8359,8359,1.8105,0
8360,8360,1.8443,0
8361,8361,1.8094,0
8362,8362,1.8148,0
8363,8363,1.7659,0
8364,8364,1.8007,0
8365,8365,2.0092,0
8366,8366,2.0002,0
8367,8367,2.0225,0
8368,8368,1.8916,0
8369,8369,2.2188,0
8370,8370,1.9652,0
8371,8371,1.7872,0
8372,8372,2.5017,0
8373,8373,1.8512,0
8374,8374,1.7718,0
8375,8375,1.8198,0
8376,8376,1.7601,0
8377,8377,1.7539,0
8378,8378,1.7604,0
8379,8379,1.7581,0
8380,8380,1.7572,0
8381,8381,1.9867,0
8382,8382,1.8264,0
8383,8383,1.8603,0
8384,8384,1.7888,0
8385,8385,1.7545,0
8386,8386,1.7883,0
8387,8387,1.79,0
8388,8388,1.782,0
8389,8389,2.0187,0
8390,8390,1.8156,0
8391,8391,1.7618,0
8392,8392,1.8315,0
8393,8393,1.8401,0
8394,8394,1.7816,0
8395,8395,1.7558,0
8396,8396,1.7891,0
8397,8397,1.7699,0
8398,8398,2.0036,0
8399,8399,2.0446,0
8400,8400,1.7792,0
8401,8401,1.7908,0
8402,8402,1.7823,0
8403,8403,1.8102,0
8404,8404,2.1082,0
8405,8405,2.0791,0
8406,8406,1.9308,0
8407,8407,1.7732,0
8408,8408,1.849,0
8409,8409,1.7771,0
8410,8410,1.7504,0
8411,8411,1.7729,0
8412,8412,1.7824,0
8413,8413,1.7782,0
8414,8414,1.7784,0
8415,8415,2.2647,0
8416,8416,1.8077,0
8417,8417,1.8047,0
8418,8418,1.8071,0
8419,8419,1.798,0
8420,8420,2.0628,0
8421,8421,2.2669,0
8422,8422,2.019,0
8423,8423,2.8989,0
8424,8424,2.2013,0
8425,8425,2.0723,0
8426,8426,1.8747,0
8427,8427,1.9417,0
8428,8428,2.0167,0
8429,8429,1.7958,0
8430,8430,1.9273,0
8431,8431,1.9798,0
8432,8432,1.8346,0
8433,8433,1.7986,0
8434,8434,1.8444,0
8435,8435,1.8063,0
8436,8436,1.8105,0
8437,8437,1.7784,0
8438,8438,1.7777,0
8439,8439,1.9471,0
8440,8440,1.8006,0
8441,8441,1.7797,0
8442,8442,1.7768,0
8443,8443,1.7718,0
8444,8444,1.7839,0
8445,8445,1.7715,0
8446,8446,1.8003,0
8447,8447,1.8113,0
8448,8448,1.7771,0
8449,8449,1.791,0
8450,8450,1.7661,0
8451,8451,1.7839,0
8452,8452,1.802,0
8453,8453,1.7729,0
8454,8454,1.7669,0
8455,8455,1.7792,0
8456,8456,1.9206,0
8457,8457,1.8622,0
8458,8458,1.8589,0
8459,8459,1.8005,0
8460,8460,1.7995,0
8461,8461,1.7881,0
8462,8462,1.7803,0
8463,8463,1.815,0
8464,8464,1.8305,0
8465,8465,1.9081,0
8466,8466,1.7987,0
8467,8467,1.7881,0
8468,8468,1.7829,0
8469,8469,1.7683,0
8470,8470,1.8125,0
8471,8471,1.7923,0
8472,8472,1.8458,0
8473,8473,2.1684,0
8474,8474,1.8384,0
8475,8475,1.7472,0
8476,8476,1.753,0
8477,8477,1.7515,0
8478,8478,1.7502,0
8479,8479,1.7653,0
8480,8480,1.735,0
8481,8481,1.7299,0
8482,8482,1.9178,0
8483,8483,1.9332,0
8484,8484,1.9607,0
8485,8485,1.9004,0
8486,8486,1.8312,0
8487,8487,1.8134,0
8488,8488,1.8015,0
8489,8489,1.8581,0
8490,8490,1.7679,0
8491,8491,1.7859,0
8492,8492,1.7549,0
8493,8493,1.8788,0
8494,8494,1.7725,0
8495,8495,1.7775,0
8496,8496,1.7735,0
8497,8497,1.7684,0
8498,8498,1.7687,0
8499,8499,1.8887,0
8500,8500,1.7864,0
8501,8501,1.757,0
8502,8502,1.7433,0
8503,8503,1.787,0
8504,8504,1.7815,0
8505,8505,1.8268,0
8506,8506,1.7818,0
8507,8507,1.7639,0
8508,8508,1.8305,0
8509,8509,1.7768,0
8510,8510,1.7628,0
8511,8511,1.7281,0
8512,8512,1.7958,0
8513,8513,1.7657,0
8514,8514,1.774,0
8515,8515,1.7756,0
8516,8516,1.7742,0
8517,8517,1.7812,0
8518,8518,1.7792,0
8519,8519,1.7566,0
8520,8520,1.7383,0
8521,8521,1.7856,0
8522,8522,1.7735,0
8523,8523,1.8729,0
8524,8524,1.7846,0
8525,8525,1.7738,0
8526,8526,1.7778,0
8527,8527,1.792,0
8528,8528,1.758,0
8529,8529,1.7491,0
8530,8530,1.7721,0
8531,8531,1.768,0
8532,8532,1.7686,0
8533,8533,1.7553,0
8534,8534,1.7893,0
8535,8535,1.7669,0
8536,8536,1.7803,0
8537,8537,1.7736,0
8538,8538,1.7438,0
8539,8539,1.8563,0
8540,8540,1.7856,0
8541,8541,1.7737,0
8542,8542,1.7812,0
8543,8543,2.3194,0
8544,8544,1.9819,0
8545,8545,1.9818,0
8546,8546,1.8491,0
8547,8547,1.8536,0
8548,8548,1.7999,0
8549,8549,1.9282,0
8550,8550,1.7883,0
8551,8551,1.7889,0
8552,8552,1.7857,0
8553,8553,1.7858,0
8554,8554,1.7766,0
8555,8555,1.771,0
8556,8556,1.8404,0
8557,8557,1.7561,0
8558,8558,1.7672,0
8559,8559,1.8009,0
8560,8560,1.8328,0
8561,8561,1.7961,0
8562,8562,1.8081,0
8563,8563,1.7965,0
8564,8564,1.7613,0
8565,8565,1.7853,0
8566,8566,1.7876,0
8567,8567,1.7378,0
8568,8568,1.79,0
8569,8569,1.776,0
8570,8570,1.7866,0
8571,8571,1.7808,0
8572,8572,1.8329,0
8573,8573,1.7866,0
8574,8574,1.7966,0
8575,8575,1.781,0
8576,8576,1.7523,0
8577,8577,1.7869,0
8578,8578,1.8121,0
8579,8579,1.7894,0
8580,8580,1.8417,0
8581,8581,1.7911,0
8582,8582,1.7861,0
8583,8583,1.7888,0
8584,8584,1.7784,0
8585,8585,1.7734,0
8586,8586,1.7706,0
8587,8587,1.7853,0
8588,8588,1.7853,0
8589,8589,1.851,0
8590,8590,1.7711,0
8591,8591,1.7692,0
8592,8592,1.796,0
8593,8593,1.782,0
8594,8594,2.1649,0
8595,8595,1.9819,0
8596,8596,1.9559,0
8597,8597,1.8046,0
8598,8598,2.0486,0
8599,8599,1.8802,0
8600,8600,1.7901,0
8601,8601,1.8258,0
8602,8602,2.5013,0
8603,8603,2.0561,0
8604,8604,2.0651,0
8605,8605,1.8786,0
8606,8606,1.8895,0
8607,8607,1.8198,0
8608,8608,1.802,0
8609,8609,1.7806,0
8610,8610,2.1593,0
8611,8611,1.8135,0
8612,8612,1.8184,0
8613,8613,1.8365,0
8614,8614,1.8046,0
8615,8615,1.8444,0
8616,8616,1.9026,0
8617,8617,1.7892,0
8618,8618,1.9221,0
8619,8619,1.8247,0
8620,8620,1.8888,0
8621,8621,1.8005,0
8622,8622,1.8199,0
8623,8623,1.7736,0
8624,8624,1.7984,0
8625,8625,1.8201,0
8626,8626,1.8009,0
8627,8627,1.8799,0
8628,8628,1.8508,0
8629,8629,1.7972,0
8630,8630,1.7947,0
8631,8631,1.7955,0
8632,8632,1.7883,0
8633,8633,1.812,0
8634,8634,1.7846,0
8635,8635,1.9202,0
8636,8636,1.8081,0
8637,8637,1.8713,0
8638,8638,1.8129,0
8639,8639,1.8017,0
8640,8640,1.7836,0
8641,8641,1.8106,0
8642,8642,1.7958,0
8643,8643,1.9683,0
8644,8644,1.8837,0
8645,8645,1.7774,0
8646,8646,1.7568,0
8647,8647,1.7885,0
8648,8648,1.7825,0
8649,8649,1.7758,0
8650,8650,1.7895,0
8651,8651,1.7795,0
8652,8652,1.8376,0
8653,8653,2.2823,0
8654,8654,2.1061,0
8655,8655,1.886,0
8656,8656,1.7818,0
8657,8657,1.7715,0
8658,8658,1.7889,0
8659,8659,1.7644,0
8660,8660,1.8794,0
8661,8661,2.0331,0
8662,8662,2.0274,0
8663,8663,1.9713,0
8664,8664,2.0182,0
8665,8665,1.8443,0
8666,8666,1.8611,0
8667,8667,1.8543,0
8668,8668,1.8501,0
8669,8669,1.9762,0
8670,8670,1.8467,0
8671,8671,1.8541,0
8672,8672,1.8846,0
8673,8673,1.8534,0
8674,8674,1.8707,0
8675,8675,1.909,0
8676,8676,1.9189,0
8677,8677,1.904,0
8678,8678,1.8604,0
8679,8679,1.8687,0
8680,8680,1.8451,0
8681,8681,1.8621,0
8682,8682,1.8348,0
8683,8683,1.8207,0
8684,8684,1.8447,0
8685,8685,1.9324,0
8686,8686,1.8271,0
8687,8687,1.8547,0
8688,8688,1.8513,0
8689,8689,1.8002,0
8690,8690,1.8474,0
8691,8691,2.0647,0
8692,8692,1.8212,0
8693,8693,1.823,0
8694,8694,1.9004,0
8695,8695,1.8436,0
8696,8696,1.8424,0
8697,8697,1.8053,0
8698,8698,1.8145,0
8699,8699,1.8096,0
8700,8700,1.8118,0
8701,8701,1.9315,0
8702,8702,1.8845,0
8703,8703,1.826,0
8704,8704,1.8039,0
8705,8705,1.9119,0
8706,8706,1.8732,0
8707,8707,1.8102,0
8708,8708,1.877,0
8709,8709,1.8186,0
8710,8710,1.8263,0
8711,8711,2.1941,0
8712,8712,1.83,0
8713,8713,1.8148,0
8714,8714,1.8419,0
8715,8715,1.825,0
8716,8716,1.8338,0
8717,8717,1.8791,0
8718,8718,1.8223,0
8719,8719,1.8904,0
8720,8720,1.8716,0
8721,8721,1.8494,0
8722,8722,1.8587,0
8723,8723,1.8826,0
8724,8724,1.8841,0
8725,8725,1.8269,0
8726,8726,1.8375,0
8727,8727,1.8591,0
8728,8728,1.848,0
8729,8729,1.8994,0
8730,8730,1.8365,0
8731,8731,1.8193,0
8732,8732,1.8651,0
8733,8733,2.1343,0
8734,8734,1.8617,0
8735,8735,1.8221,0
8736,8736,1.8161,0
8737,8737,1.8386,0
8738,8738,1.8178,0
8739,8739,1.82,0
8740,8740,1.8295,0
8741,8741,1.8203,0
8742,8742,1.8292,0
8743,8743,1.8332,0
8744,8744,1.9229,0
8745,8745,1.8347,0
8746,8746,1.827,0
8747,8747,1.8039,0
8748,8748,1.8093,0
8749,8749,1.8331,0
8750,8750,1.9698,0
8751,8751,1.8752,0
8752,8752,1.848,0
8753,8753,1.8404,0
8754,8754,1.8219,0
8755,8755,1.8475,0
8756,8756,1.8203,0
8757,8757,1.8189,0
8758,8758,1.8271,0
8759,8759,1.8148,0
8760,8760,1.778,0
8761,8761,1.8359,0
8762,8762,1.8607,0
8763,8763,1.8272,0
8764,8764,1.8588,0
8765,8765,1.8275,0
8766,8766,1.914,0
8767,8767,1.8363,0
8768,8768,1.8091,0
8769,8769,1.8222,0
8770,8770,2.0027,0
8771,8771,1.8455,0
8772,8772,1.8745,0
8773,8773,1.8479,0
8774,8774,1.7989,0
8775,8775,1.836,0
8776,8776,1.8442,0
8777,8777,1.8039,0
8778,8778,1.8171,0
8779,8779,1.8588,0
8780,8780,1.845,0
8781,8781,1.8419,0
8782,8782,1.9007,0
8783,8783,1.8332,0
8784,8784,1.8062,0
8785,8785,1.8229,0
8786,8786,1.8045,0
8787,8787,1.8442,0
8788,8788,2.071,0
8789,8789,2.0399,0
8790,8790,2.0722,0
8791,8791,1.9238,0
8792,8792,1.8863,0
8793,8793,1.915,0
8794,8794,1.8488,0
8795,8795,1.8533,0
8796,8796,1.8351,0
8797,8797,1.8377,0
8798,8798,1.9321,0
8799,8799,1.8276,0
8800,8800,1.8217,0
8801,8801,1.8426,0
8802,8802,1.8448,0
8803,8803,1.8155,0
8804,8804,1.859,0
8805,8805,1.9234,0
8806,8806,1.8527,0
8807,8807,1.8959,0
8808,8808,1.8396,0
8809,8809,1.826,0
8810,8810,1.8396,0
8811,8811,1.8596,0
8812,8812,1.8269,0
8813,8813,2.1676,0
8814,8814,1.9518,0
8815,8815,1.8416,0
8816,8816,1.8438,0
8817,8817,1.8583,0
8818,8818,1.8519,0
8819,8819,1.8308,0
8820,8820,1.8404,0
8821,8821,1.8595,0
8822,8822,1.8416,0
8823,8823,1.8429,0
8824,8824,1.8387,0
8825,8825,1.8413,0
8826,8826,1.8697,0
8827,8827,1.8556,0
8828,8828,1.8191,0
8829,8829,1.9327,0
8830,8830,1.93,0
8831,8831,1.8465,0
8832,8832,1.8374,0
8833,8833,1.8281,0
8834,8834,1.8503,0
8835,8835,1.8437,0
8836,8836,1.8446,0
8837,8837,1.843,0
8838,8838,1.8513,0
8839,8839,1.8243,0
8840,8840,1.8544,0
8841,8841,1.861,0
8842,8842,1.8253,0
8843,8843,1.8211,0
8844,8844,1.8706,0
8845,8845,1.8004,0
8846,8846,2.1519,0
8847,8847,2.3349,0
8848,8848,2.1133,0
8849,8849,2.0213,0
8850,8850,2.0524,0
8851,8851,1.9037,0
8852,8852,1.8634,0
8853,8853,1.8398,0
8854,8854,1.856,0
8855,8855,1.8316,0
8856,8856,1.8333,0
8857,8857,1.8511,0
8858,8858,1.7987,0
8859,8859,1.8281,0
8860,8860,1.848,0
8861,8861,1.8467,0
8862,8862,1.9443,0
8863,8863,1.8736,0
8864,8864,1.8519,0
8865,8865,1.8323,0
8866,8866,1.8552,0
8867,8867,2.1012,0
8868,8868,1.8437,0
8869,8869,1.8614,0
8870,8870,1.8602,0
8871,8871,1.8723,0
8872,8872,1.8593,0
8873,8873,1.8206,0
8874,8874,1.8315,0
8875,8875,1.862,0
8876,8876,1.8308,0
8877,8877,1.867,0
8878,8878,2.417,0
8879,8879,2.0922,0
8880,8880,2.0079,0
8881,8881,1.884,0
8882,8882,1.9982,0
8883,8883,2.293,0
8884,8884,1.8717,0
8885,8885,1.9127,0
8886,8886,2.0431,0
8887,8887,2.059,0
8888,8888,1.8537,0
8889,8889,1.8311,0
8890,8890,1.8359,0
8891,8891,1.8251,0
8892,8892,1.8335,0
8893,8893,1.9444,0
8894,8894,1.8404,0
8895,8895,1.9824,0
8896,8896,1.9419,0
8897,8897,1.8092,0
8898,8898,1.8036,0
8899,8899,1.8039,0
8900,8900,1.7933,0
8901,8901,1.8046,0
8902,8902,2.0507,0
8903,8903,2.0818,0
8904,8904,2.2595,0
8905,8905,1.9708,0
8906,8906,2.0601,0
8907,8907,1.9134,0
8908,8908,1.8742,0
8909,8909,1.9864,0
8910,8910,1.8219,0
8911,8911,1.8381,0
8912,8912,1.8547,0
8913,8913,1.8353,0
8914,8914,1.832,0
8915,8915,1.8339,0
8916,8916,1.8359,0
8917,8917,1.8393,0
8918,8918,1.8701,0
8919,8919,1.8306,0
8920,8920,1.8525,0
8921,8921,1.8693,0
8922,8922,1.8032,0
8923,8923,1.8214,0
8924,8924,1.8595,0
8925,8925,1.8944,0
8926,8926,1.8374,0
8927,8927,1.8638,0
8928,8928,1.8439,0
8929,8929,1.8935,0
8930,8930,1.8678,0
8931,8931,1.8442,0
8932,8932,1.8362,0
8933,8933,1.8675,0
8934,8934,1.8443,0
8935,8935,1.8127,0
8936,8936,1.8526,0
8937,8937,1.857,0
8938,8938,1.905,0
8939,8939,1.8578,0
8940,8940,1.8472,0
8941,8941,1.897,0
8942,8942,1.8569,0
8943,8943,1.8428,0
8944,8944,1.8588,0
8945,8945,1.8631,0
8946,8946,1.8435,0
8947,8947,1.8413,0
8948,8948,1.8737,0
8949,8949,1.8177,0
8950,8950,1.8418,0
8951,8951,1.8443,0
8952,8952,1.8422,0
8953,8953,1.8397,0
8954,8954,1.8384,0
8955,8955,2.1814,0
8956,8956,2.2765,0
8957,8957,1.8737,0
8958,8958,1.841,0
8959,8959,1.8633,0
8960,8960,1.8702,0
8961,8961,1.8255,0
8962,8962,1.8326,0
8963,8963,2.2208,0
8964,8964,2.1188,0
8965,8965,2.0316,0
8966,8966,2.0015,0
8967,8967,1.9018,0
8968,8968,1.8807,0
8969,8969,1.8574,0
8970,8970,1.8452,0
8971,8971,1.9258,0
8972,8972,1.9273,0
8973,8973,1.8475,0
8974,8974,1.871,0
8975,8975,1.8406,0
8976,8976,1.8332,0
8977,8977,1.8552,0
8978,8978,1.8371,0
8979,8979,1.9628,0
8980,8980,1.8766,0
8981,8981,1.844,0
8982,8982,1.8347,0
8983,8983,1.8428,0
8984,8984,1.8115,0
8985,8985,1.8463,0
8986,8986,1.8326,0
8987,8987,1.8936,0
8988,8988,1.9297,0
8989,8989,1.8832,0
8990,8990,2.0686,0
8991,8991,1.8636,0
8992,8992,1.9827,0
8993,8993,1.8491,0
8994,8994,1.8228,0
8995,8995,1.8036,0
8996,8996,1.8098,0
8997,8997,1.8086,0
8998,8998,1.7835,0
8999,8999,1.8702,0
9000,9000,2.11,0
9001,9001,1.9281,0
9002,9002,1.8137,0
9003,9003,1.81,0
9004,9004,1.8977,0
9005,9005,1.8113,0
9006,9006,1.8219,0
9007,9007,1.8125,0
9008,9008,1.811,0
9009,9009,1.8136,0
9010,9010,1.8066,0
9011,9011,1.79,0
9012,9012,1.8405,0
9013,9013,1.8528,0
9014,9014,1.804,0
9015,9015,1.8335,0
9016,9016,1.8053,0
9017,9017,1.8236,0
9018,9018,1.8116,0
9019,9019,1.7982,0
9020,9020,1.8078,0
9021,9021,1.9092,0
9022,9022,1.8237,0
9023,9023,1.8034,0
9024,9024,1.8154,0
9025,9025,1.818,0
9026,9026,1.8063,0
9027,9027,1.8301,0
9028,9028,1.8232,0
9029,9029,1.8265,0
9030,9030,1.9378,0
9031,9031,2.0477,0
9032,9032,2.0443,0
9033,9033,1.9786,0
9034,9034,1.8829,0
9035,9035,1.9155,0
9036,9036,1.8522,0
9037,9037,1.9243,0
9038,9038,1.8493,0
9039,9039,1.8058,0
9040,9040,1.8351,0
9041,9041,1.8368,0
9042,9042,1.8399,0
9043,9043,1.8248,0
9044,9044,1.8418,0
9045,9045,1.8471,0
9046,9046,1.8397,0
9047,9047,1.9347,0
9048,9048,1.8301,0
9049,9049,1.8143,0
9050,9050,1.8322,0
9051,9051,1.8114,0
9052,9052,1.8118,0
9053,9053,1.8954,0
9054,9054,1.848,0
9055,9055,1.8187,0
9056,9056,1.8618,0
9057,9057,1.8316,0
9058,9058,1.8371,0
9059,9059,1.8432,0
9060,9060,1.8155,0
9061,9061,1.8317,0
9062,9062,1.8468,0
9063,9063,1.8035,0
9064,9064,1.835,0
9065,9065,1.8438,0
9066,9066,1.82,0
9067,9067,1.8151,0
9068,9068,1.8286,0
9069,9069,1.9321,0
9070,9070,1.82,0
9071,9071,1.8443,0
9072,9072,1.8767,0
9073,9073,1.8522,0
9074,9074,1.842,0
9075,9075,1.8104,0
9076,9076,1.8095,0
9077,9077,1.8446,0
9078,9078,1.8292,0
9079,9079,1.8329,0
9080,9080,1.8119,0
9081,9081,1.829,0
9082,9082,1.9811,0
9083,9083,1.9355,0
9084,9084,1.8691,0
9085,9085,1.8749,0
9086,9086,1.8471,0
9087,9087,1.8289,0
9088,9088,1.837,0
9089,9089,1.8139,0
9090,9090,1.8729,0
9091,9091,1.8261,0
9092,9092,1.8718,0
9093,9093,1.8214,0
9094,9094,1.8207,0
9095,9095,1.824,0
9096,9096,1.8369,0
9097,9097,1.8359,0
9098,9098,1.8702,0
9099,9099,2.0447,0
9100,9100,2.0138,0
9101,9101,2.1077,0
9102,9102,1.9133,0
9103,9103,1.9186,0
9104,9104,1.876,0
9105,9105,1.8523,0
9106,9106,1.8361,0
9107,9107,1.8238,0
9108,9108,1.8211,0
9109,9109,1.8527,0
9110,9110,1.821,0
9111,9111,1.8247,0
9112,9112,1.859,0
9113,9113,1.834,0
9114,9114,1.8569,0
9115,9115,1.8697,0
9116,9116,1.83,0
9117,9117,1.9026,0
9118,9118,1.8538,0
9119,9119,1.9461,0
9120,9120,1.819,0
9121,9121,1.8653,0
9122,9122,1.8575,0
9123,9123,1.8289,0
9124,9124,1.8571,0
9125,9125,1.8249,0
9126,9126,1.8345,0
9127,9127,1.8681,0
9128,9128,1.832,0
9129,9129,1.8413,0
9130,9130,1.855,0
9131,9131,1.8325,0
9132,9132,1.8179,0
9133,9133,1.8793,0
9134,9134,1.9094,0
9135,9135,1.8336,0
9136,9136,1.8443,0
9137,9137,1.8085,0
9138,9138,1.8304,0
9139,9139,1.8402,0
9140,9140,1.8318,0
9141,9141,1.8656,0
9142,9142,1.8462,0
9143,9143,1.8199,0
9144,9144,1.8135,0
9145,9145,1.8422,0
9146,9146,1.8269,0
9147,9147,1.8372,0
9148,9148,1.8393,0
9149,9149,1.8418,0
9150,9150,1.9135,0
9151,9151,1.8346,0
9152,9152,1.8383,0
9153,9153,1.8109,0
9154,9154,1.8523,0
9155,9155,1.8138,0
9156,9156,1.8382,0
9157,9157,1.8261,0
9158,9158,2.1373,0
9159,9159,1.8614,0
9160,9160,1.8031,0
9161,9161,1.8031,0
9162,9162,2.023,0
9163,9163,1.8109,0
9164,9164,1.8001,0
9165,9165,1.7878,0
9166,9166,2.0742,0
9167,9167,2.0163,0
9168,9168,2.6186,0
9169,9169,2.0726,0
9170,9170,2.3794,0
9171,9171,2.0544,0
9172,9172,1.8692,0
9173,9173,2.0243,0
9174,9174,1.891,0
9175,9175,1.819,0
9176,9176,1.8675,0
9177,9177,1.8485,0
9178,9178,1.8377,0
9179,9179,1.8301,0
9180,9180,1.8892,0
9181,9181,1.9145,0
9182,9182,1.8932,0
9183,9183,1.8292,0
9184,9184,1.8316,0
9185,9185,1.8471,0
9186,9186,1.8399,0
9187,9187,1.8117,0
9188,9188,1.8533,0
9189,9189,1.8458,0
9190,9190,1.9405,0
9191,9191,1.9318,0
9192,9192,1.8398,0
9193,9193,1.8295,0
9194,9194,1.8425,0
9195,9195,1.8494,0
9196,9196,1.8191,0
9197,9197,1.921,0
9198,9198,1.8489,0
9199,9199,2.6886,0
9200,9200,1.9127,0
9201,9201,1.8774,0
9202,9202,1.898,0
9203,9203,1.8712,0
9204,9204,1.8953,0
9205,9205,1.871,0
9206,9206,1.9663,0
9207,9207,1.9614,0
9208,9208,2.0308,0
9209,9209,1.7682,0
9210,9210,1.7828,0
9211,9211,1.7753,0
9212,9212,1.7738,0
9213,9213,1.861,0
9214,9214,1.7901,0
9215,9215,1.796,0
9216,9216,1.898,0
9217,9217,2.0982,0
9218,9218,1.9465,0
9219,9219,1.7766,0
9220,9220,1.7716,0
9221,9221,1.7834,0
9222,9222,1.7601,0
9223,9223,1.7998,0
9224,9224,2.1433,0
9225,9225,1.7884,0
9226,9226,1.7732,0
9227,9227,1.7734,0
9228,9228,1.7776,0
9229,9229,1.824,0
9230,9230,1.7848,0
9231,9231,1.7794,0
9232,9232,2.0147,0
9233,9233,2.0201,0
9234,9234,2.074,0
9235,9235,1.9436,0
9236,9236,1.8744,0
9237,9237,1.8515,0
9238,9238,1.8477,0
9239,9239,1.8296,0
9240,9240,1.9498,0
9241,9241,1.8447,0
9242,9242,1.8203,0
9243,9243,1.8043,0
9244,9244,1.8339,0
9245,9245,1.914,0
9246,9246,1.8227,0
9247,9247,1.8275,0
9248,9248,1.8018,0
9249,9249,1.8325,0
9250,9250,1.8393,0
9251,9251,1.8282,0
9252,9252,1.8176,0
9253,9253,1.8086,0
9254,9254,1.8164,0
9255,9255,1.8214,0
9256,9256,1.8497,0
9257,9257,1.8233,0
9258,9258,1.8311,0
9259,9259,1.8124,0
9260,9260,1.8205,0
9261,9261,1.8953,0
9262,9262,1.8166,0
9263,9263,1.8134,0
9264,9264,1.8317,0
9265,9265,1.8331,0
9266,9266,1.885,0
9267,9267,1.848,0
9268,9268,1.8662,0
9269,9269,1.8394,0
9270,9270,1.8071,0
9271,9271,1.8399,0
9272,9272,1.8199,0
9273,9273,1.8049,0
9274,9274,1.8441,0
9275,9275,1.8593,0
9276,9276,1.8353,0
9277,9277,1.8869,0
9278,9278,1.8847,0
9279,9279,1.8192,0
9280,9280,1.8612,0
9281,9281,1.8393,0
9282,9282,1.8098,0
9283,9283,1.8352,0
9284,9284,1.8206,0
9285,9285,1.8321,0
9286,9286,1.8286,0
9287,9287,1.8203,0
9288,9288,1.8227,0
9289,9289,1.8288,0
9290,9290,1.8235,0
9291,9291,1.8303,0
9292,9292,2.0771,0
9293,9293,2.0804,0
9294,9294,2.1475,0
9295,9295,1.9564,0
9296,9296,1.9363,0
9297,9297,1.8901,0
9298,9298,1.8569,0
9299,9299,1.8365,0
9300,9300,1.8723,0
9301,9301,1.8302,0
9302,9302,1.812,0
9303,9303,1.8535,0
9304,9304,1.788,0
9305,9305,1.8269,0
9306,9306,1.8588,0
9307,9307,1.8416,0
9308,9308,1.8211,0
9309,9309,1.9236,0
9310,9310,1.8463,0
9311,9311,1.9127,0
9312,9312,2.0075,0
9313,9313,1.8965,0
9314,9314,1.8398,0
9315,9315,1.8806,0
9316,9316,1.8105,0
9317,9317,1.8448,0
9318,9318,1.8124,0
9319,9319,1.8325,0
9320,9320,1.8402,0
9321,9321,2.2775,0
9322,9322,1.9082,0
9323,9323,1.8334,0
9324,9324,1.855,0
9325,9325,2.0092,0
9326,9326,1.8431,0
9327,9327,1.8321,0
9328,9328,1.8252,0
9329,9329,1.8288,0
9330,9330,1.9677,0
9331,9331,2.1057,0
9332,9332,1.9158,0
9333,9333,2.0735,0
9334,9334,1.8714,0
9335,9335,2.1208,0
9336,9336,2.1086,0
9337,9337,1.8831,0
9338,9338,1.8172,0
9339,9339,1.8306,0
9340,9340,1.8096,0
9341,9341,1.9147,0
9342,9342,1.8251,0
9343,9343,1.8149,0
9344,9344,1.8123,0
9345,9345,1.8409,0
9346,9346,1.8045,0
9347,9347,1.7899,0
9348,9348,1.819,0
9349,9349,1.9614,0
9350,9350,2.0647,0
9351,9351,2.1343,0
9352,9352,2.0418,0
9353,9353,2.0846,0
9354,9354,1.9846,0
9355,9355,1.8801,0
9356,9356,1.9221,0
9357,9357,2.0106,0
9358,9358,1.9402,0
9359,9359,1.9103,0
9360,9360,1.9083,0
9361,9361,1.8992,0
9362,9362,1.8944,0
9363,9363,1.89,0
9364,9364,1.9205,0
9365,9365,1.9604,0
9366,9366,1.9237,0
9367,9367,1.8995,0
9368,9368,1.8975,0
9369,9369,2.0169,0
9370,9370,1.876,0
9371,9371,1.8725,0
9372,9372,1.8953,0
9373,9373,1.8631,0
9374,9374,1.8873,0
9375,9375,1.8397,0
9376,9376,1.947,0
9377,9377,1.8346,0
9378,9378,1.86,0
9379,9379,1.9019,0
9380,9380,2.0275,0
9381,9381,1.9413,0
9382,9382,1.8601,0
9383,9383,1.8845,0
9384,9384,1.8559,0
9385,9385,1.8426,0
9386,9386,1.8468,0
9387,9387,1.898,0
9388,9388,1.9591,0
9389,9389,1.8769,0
9390,9390,1.8904,0
9391,9391,1.924,0
9392,9392,1.8645,0
9393,9393,1.8318,0
9394,9394,1.8269,0
9395,9395,2.0597,0
9396,9396,1.9671,0
9397,9397,1.8883,0
9398,9398,1.8721,0
9399,9399,1.8501,0
9400,9400,1.8609,0
9401,9401,1.8561,0
9402,9402,1.8341,0
9403,9403,1.8275,0
9404,9404,1.9141,0
9405,9405,1.8251,0
9406,9406,1.8802,0
9407,9407,1.8907,0
9408,9408,1.8326,0
9409,9409,1.8864,0
9410,9410,1.8543,0
9411,9411,1.838,0
9412,9412,1.8624,0
9413,9413,1.8491,0
9414,9414,2.0504,0
9415,9415,1.9759,0
9416,9416,1.8506,0
9417,9417,1.8286,0
9418,9418,1.8321,0
9419,9419,1.8167,0
9420,9420,1.8839,0
9421,9421,1.85,0
9422,9422,1.8405,0
9423,9423,2.7691,0
9424,9424,2.2763,0
9425,9425,1.8794,0
9426,9426,1.8557,0
9427,9427,1.8492,0
9428,9428,1.8391,0
9429,9429,1.8218,0
9430,9430,2.0934,0
9431,9431,1.9501,0
9432,9432,2.1575,0
9433,9433,1.8192,0
9434,9434,1.8128,0
9435,9435,1.8998,0
9436,9436,1.9703,0
9437,9437,1.8202,0
9438,9438,2.0532,0
9439,9439,2.0382,0
9440,9440,1.842,0
9441,9441,1.8367,0
9442,9442,1.8527,0
9443,9443,1.8714,0
9444,9444,1.8911,0
9445,9445,1.8422,0
9446,9446,1.8356,0
9447,9447,1.8258,0
9448,9448,1.84,0
9449,9449,1.836,0
9450,9450,1.8151,0
9451,9451,1.9187,0
9452,9452,1.858,0
9453,9453,1.8627,0
9454,9454,1.8656,0
9455,9455,2.1605,0
9456,9456,1.9296,0
9457,9457,1.898,0
9458,9458,1.8537,0
9459,9459,1.9225,0
9460,9460,1.8546,0
9461,9461,1.8467,0
9462,9462,1.812,0
9463,9463,1.8874,0
9464,9464,1.8452,0
9465,9465,1.8703,0
9466,9466,1.836,0
9467,9467,1.9,0
9468,9468,1.8344,0
9469,9469,1.8602,0
9470,9470,1.8407,0
9471,9471,1.9038,0
9472,9472,2.106,0
9473,9473,2.123,0
9474,9474,2.1549,0
9475,9475,1.9413,0
9476,9476,1.8916,0
9477,9477,1.9013,0
9478,9478,1.8523,0
9479,9479,2.047,0
9480,9480,2.2546,0
9481,9481,1.9477,0
9482,9482,1.9265,0
9483,9483,1.8115,0
9484,9484,1.9092,0
9485,9485,1.8182,0
9486,9486,1.803,0
9487,9487,2.0962,0
9488,9488,1.9355,0
9489,9489,1.8315,0
9490,9490,1.8312,0
9491,9491,1.8092,0
9492,9492,1.8124,0
9493,9493,1.8175,0
9494,9494,1.8468,0
9495,9495,1.8261,0
9496,9496,1.844,0
9497,9497,1.8536,0
9498,9498,1.91,0
9499,9499,1.8349,0
9500,9500,1.8509,0
9501,9501,1.8423,0
9502,9502,1.8308,0
9503,9503,1.8486,0
9504,9504,1.8093,0
9505,9505,1.8553,0
9506,9506,1.8711,0
9507,9507,1.8438,0
9508,9508,1.8393,0
9509,9509,1.8652,0
9510,9510,1.847,0
9511,9511,1.8266,0
9512,9512,1.8681,0
9513,9513,1.8366,0
9514,9514,1.8429,0
9515,9515,1.9209,0
9516,9516,1.8387,0
9517,9517,1.8251,0
9518,9518,1.8499,0
9519,9519,1.8349,0
9520,9520,1.8161,0
9521,9521,1.8542,0
9522,9522,1.8403,0
9523,9523,1.8461,0
9524,9524,1.8469,0
9525,9525,1.8393,0
9526,9526,1.847,0
9527,9527,1.8649,0
9528,9528,1.8413,0
9529,9529,1.8244,0
9530,9530,1.9778,0
9531,9531,2.1228,0
9532,9532,2.0893,0
9533,9533,2.0261,0
9534,9534,1.9186,0
9535,9535,1.8558,0
9536,9536,1.8878,0
9537,9537,1.8379,0
9538,9538,1.8487,0
9539,9539,1.8222,0
9540,9540,1.8414,0
9541,9541,1.8307,0
9542,9542,1.8305,0
9543,9543,1.8595,0
9544,9544,1.823,0
9545,9545,1.8265,0
9546,9546,1.8503,0
9547,9547,1.9661,0
9548,9548,1.8364,0
9549,9549,1.8522,0
9550,9550,1.8295,0
9551,9551,1.8353,0
9552,9552,1.8658,0
9553,9553,1.8363,0
9554,9554,1.8535,0
9555,9555,1.8563,0
9556,9556,1.8389,0
9557,9557,1.8372,0
9558,9558,1.9056,0
9559,9559,1.8881,0
9560,9560,1.8364,0
9561,9561,1.8477,0
9562,9562,1.8461,0
9563,9563,1.9072,0
9564,9564,1.8453,0
9565,9565,1.8169,0
9566,9566,1.8342,0
9567,9567,1.8508,0
9568,9568,1.8526,0
9569,9569,1.8541,0
9570,9570,1.862,0
9571,9571,1.8261,0
9572,9572,1.8468,0
9573,9573,1.8798,0
9574,9574,1.8183,0
9575,9575,1.8219,0
9576,9576,1.8584,0
9577,9577,1.8397,0
9578,9578,1.8244,0
9579,9579,1.9022,0
9580,9580,1.8371,0
9581,9581,2.0911,0
9582,9582,1.8746,0
9583,9583,1.7893,0
9584,9584,1.8003,0
9585,9585,1.7824,0
9586,9586,1.8403,0
9587,9587,1.7877,0
9588,9588,1.7933,0
9589,9589,2.0347,0
9590,9590,2.1847,0
9591,9591,2.243,0
9592,9592,1.9702,0
9593,9593,1.8566,0
9594,9594,2.0551,0
9595,9595,1.8583,0
9596,9596,1.8359,0
9597,9597,1.9216,0
9598,9598,1.8297,0
9599,9599,1.8298,0
9600,9600,1.8313,0
9601,9601,1.8324,0
9602,9602,1.8328,0
9603,9603,1.8271,0
9604,9604,1.8268,0
9605,9605,1.8326,0
9606,9606,1.9504,0
9607,9607,1.86,0
9608,9608,1.8334,0
9609,9609,1.8219,0
9610,9610,1.8812,0
9611,9611,1.8248,0
9612,9612,1.837,0
9613,9613,1.8335,0
9614,9614,2.1179,0
9615,9615,1.8809,0
9616,9616,1.8346,0
9617,9617,1.8484,0
9618,9618,1.8581,0
9619,9619,1.8133,0
9620,9620,1.8477,0
9621,9621,1.841,0
9622,9622,1.9957,0
9623,9623,1.8576,0
9624,9624,1.7986,0
9625,9625,1.7941,0
9626,9626,1.8082,0
9627,9627,1.8895,0
9628,9628,2.193,0
9629,9629,1.7883,0
9630,9630,1.7933,0
9631,9631,1.8289,0
9632,9632,2.0913,0
9633,9633,2.1696,0
9634,9634,1.9495,0
9635,9635,1.7947,0
9636,9636,1.8027,0
9637,9637,1.8148,0
9638,9638,1.8036,0
9639,9639,1.857,0
9640,9640,1.8378,0
9641,9641,1.8017,0
9642,9642,1.8534,0
9643,9643,1.8195,0
9644,9644,1.7839,0
9645,9645,1.8003,0
9646,9646,1.8247,0
9647,9647,1.8632,0
9648,9648,2.0137,0
9649,9649,2.0644,0
9650,9650,1.9701,0
9651,9651,1.8653,0
9652,9652,1.9011,0
9653,9653,1.8434,0
9654,9654,1.8316,0
9655,9655,1.8388,0
9656,9656,1.811,0
9657,9657,1.8076,0
9658,9658,1.8482,0
9659,9659,1.8633,0
9660,9660,1.8334,0
9661,9661,1.8409,0
9662,9662,1.8193,0
9663,9663,1.8199,0
9664,9664,1.8361,0
9665,9665,1.842,0
9666,9666,1.8273,0
9667,9667,1.8482,0
9668,9668,1.8104,0
9669,9669,1.8138,0
9670,9670,1.8363,0
9671,9671,1.7835,0
9672,9672,1.8309,0
9673,9673,1.8373,0
9674,9674,1.8291,0
9675,9675,1.8816,0
9676,9676,1.8457,0
9677,9677,1.8338,0
9678,9678,1.8334,0
9679,9679,1.8347,0
9680,9680,1.8212,0
9681,9681,1.8426,0
9682,9682,1.8263,0
9683,9683,1.8035,0
9684,9684,1.8232,0
9685,9685,1.8584,0
9686,9686,1.8068,0
9687,9687,1.8102,0
9688,9688,1.8523,0
9689,9689,1.8385,0
9690,9690,1.8382,0
9691,9691,1.9169,0
9692,9692,1.826,0
9693,9693,1.8198,0
9694,9694,1.8421,0
9695,9695,1.8127,0
9696,9696,1.8226,0
9697,9697,1.8299,0
9698,9698,1.8045,0
9699,9699,2.2506,0
9700,9700,2.0228,0
9701,9701,1.8112,0
9702,9702,1.8051,0
9703,9703,1.8178,0
9704,9704,1.786,0
9705,9705,1.815,0
9706,9706,1.8597,0
9707,9707,2.1721,0
9708,9708,2.0663,0
9709,9709,2.0774,0
9710,9710,1.9299,0
9711,9711,1.9393,0
9712,9712,1.8326,0
9713,9713,1.8442,0
9714,9714,2.0345,0
9715,9715,1.9819,0
9716,9716,1.8891,0
9717,9717,1.8612,0
9718,9718,1.846,0
9719,9719,2.0189,0
9720,9720,1.8511,0
9721,9721,1.8129,0
9722,9722,1.8461,0
9723,9723,1.9084,0
9724,9724,1.8188,0
9725,9725,1.8785,0
9726,9726,1.8639,0
9727,9727,1.8353,0
9728,9728,1.8222,0
9729,9729,1.8054,0
9730,9730,1.8157,0
9731,9731,1.8541,0
9732,9732,1.8632,0
9733,9733,1.8544,0
9734,9734,1.8513,0
9735,9735,1.8231,0
9736,9736,1.846,0
9737,9737,1.8336,0
9738,9738,1.8074,0
9739,9739,1.9382,0
9740,9740,2.1707,0
9741,9741,2.1698,0
9742,9742,2.0238,0
9743,9743,2.1331,0
9744,9744,1.9259,0
9745,9745,1.8857,0
9746,9746,1.8814,0
9747,9747,1.8019,0
9748,9748,1.9493,0
9749,9749,1.9267,0
9750,9750,1.8582,0
9751,9751,1.8174,0
9752,9752,1.8606,0
9753,9753,1.8123,0
9754,9754,1.9265,0
9755,9755,2.0513,0
9756,9756,2.0381,0
9757,9757,1.8227,0
9758,9758,1.8124,0
9759,9759,1.8277,0
9760,9760,1.861,0
9761,9761,1.8917,0
9762,9762,1.838,0
9763,9763,1.8021,0
9764,9764,1.8093,0
9765,9765,2.0121,0
9766,9766,1.9514,0
9767,9767,2.0489,0
9768,9768,1.9207,0
9769,9769,2.066,0
9770,9770,2.0051,0
9771,9771,1.8335,0
9772,9772,1.8142,0
9773,9773,1.8407,0
9774,9774,1.8269,0
9775,9775,1.8114,0
9776,9776,1.8294,0
9777,9777,1.8123,0
9778,9778,1.8104,0
9779,9779,1.8231,0
9780,9780,1.8364,0
9781,9781,1.8207,0
9782,9782,1.8327,0
9783,9783,1.7939,0
9784,9784,1.802,0
9785,9785,1.8362,0
9786,9786,1.8351,0
9787,9787,1.8973,0
9788,9788,1.8386,0
9789,9789,1.8439,0
9790,9790,1.8312,0
9791,9791,1.8607,0
9792,9792,1.8232,0
9793,9793,1.8421,0
9794,9794,1.8501,0
9795,9795,1.79,0
9796,9796,1.8069,0
9797,9797,1.8526,0
9798,9798,1.8305,0
9799,9799,1.8392,0
9800,9800,1.8423,0
9801,9801,1.8358,0
9802,9802,1.835,0
9803,9803,1.9005,0
9804,9804,1.8223,0
9805,9805,1.8189,0
9806,9806,1.8295,0
9807,9807,1.7829,0
9808,9808,1.9209,0
9809,9809,1.8365,0
9810,9810,1.8879,0
9811,9811,1.8503,0
9812,9812,2.0106,0
9813,9813,1.8337,0
9814,9814,1.8377,0
9815,9815,1.8443,0
9816,9816,1.8326,0
9817,9817,1.8417,0
9818,9818,1.8372,0
9819,9819,1.9166,0
9820,9820,1.8216,0
9821,9821,1.8225,0
9822,9822,1.8041,0
9823,9823,1.8275,0
9824,9824,1.8538,0
9825,9825,2.0937,0
9826,9826,2.1779,0
9827,9827,2.0557,0
9828,9828,1.9073,0
9829,9829,1.9315,0
9830,9830,1.8639,0
9831,9831,1.8401,0
9832,9832,1.8565,0
9833,9833,1.8526,0
9834,9834,1.8173,0
9835,9835,1.9397,0
9836,9836,1.8723,0
9837,9837,1.8513,0
9838,9838,1.834,0
9839,9839,1.8475,0
9840,9840,1.7997,0
9841,9841,1.8717,0
9842,9842,1.8915,0
9843,9843,1.8467,0
9844,9844,1.8714,0
9845,9845,1.8573,0
9846,9846,1.821,0
9847,9847,1.8367,0
9848,9848,1.8318,0
9849,9849,1.8392,0
9850,9850,1.8827,0
9851,9851,1.9315,0
9852,9852,1.8195,0
9853,9853,1.8576,0
9854,9854,1.8149,0
9855,9855,1.8391,0
9856,9856,1.8333,0
9857,9857,1.836,0
9858,9858,1.8172,0
9859,9859,1.8554,0
9860,9860,1.8387,0
9861,9861,1.8336,0
9862,9862,1.8263,0
9863,9863,1.8315,0
9864,9864,1.8341,0
9865,9865,1.8208,0
9866,9866,1.8289,0
9867,9867,2.4319,0
9868,9868,2.0444,0
9869,9869,1.8051,0
9870,9870,1.831,0
9871,9871,1.8422,0
9872,9872,1.8198,0
9873,9873,1.8275,0
9874,9874,1.8544,0
9875,9875,1.8961,0
9876,9876,1.8317,0
9877,9877,1.8266,0
9878,9878,1.8345,0
9879,9879,1.9202,0
9880,9880,2.003,0
9881,9881,1.8371,0
9882,9882,1.8255,0
9883,9883,1.9373,0
9884,9884,2.0606,0
9885,9885,2.1068,0
9886,9886,2.0074,0
9887,9887,1.9235,0
9888,9888,1.9218,0
9889,9889,1.8617,0
9890,9890,1.8329,0
9891,9891,1.8729,0
9892,9892,1.8828,0
9893,9893,1.867,0
9894,9894,1.8625,0
9895,9895,1.8723,0
9896,9896,1.831,0
9897,9897,1.8615,0
9898,9898,1.8421,0
9899,9899,1.9331,0
9900,9900,1.8759,0
9901,9901,1.8245,0
9902,9902,1.8191,0
9903,9903,1.8666,0
9904,9904,1.8498,0
9905,9905,1.8289,0
9906,9906,1.877,0
9907,9907,1.8212,0
9908,9908,1.8603,0
9909,9909,1.8222,0
9910,9910,1.8379,0
9911,9911,1.84,0
9912,9912,1.8356,0
9913,9913,1.8045,0
9914,9914,1.8164,0
9915,9915,1.9247,0
9916,9916,1.933,0
9917,9917,1.9465,0
9918,9918,1.8691,0
9919,9919,1.8689,0
9920,9920,1.8459,0
9921,9921,1.857,0
9922,9922,1.8228,0
9923,9923,1.8094,0
9924,9924,1.8726,0
9925,9925,1.8476,0
9926,9926,1.8288,0
9927,9927,1.8704,0
9928,9928,1.8437,0
9929,9929,1.8533,0
9930,9930,1.8661,0
9931,9931,1.8959,0
9932,9932,1.8467,0
9933,9933,1.8937,0
9934,9934,1.9636,0
9935,9935,1.943,0
9936,9936,1.8203,0
9937,9937,1.8103,0
9938,9938,1.8129,0
9939,9939,1.9852,0
9940,9940,1.8396,0
9941,9941,1.8582,0
9942,9942,2.0865,0
9943,9943,2.054,0
9944,9944,2.0507,0
9945,9945,1.9289,0
9946,9946,1.8951,0
9947,9947,2.0054,0
9948,9948,1.8424,0
9949,9949,1.836,0
9950,9950,1.8557,0
9951,9951,1.8464,0
9952,9952,1.851,0
9953,9953,1.8623,0
9954,9954,1.8418,0
9955,9955,1.8308,0
9956,9956,1.87,0
9957,9957,1.8029,0
9958,9958,1.8365,0
9959,9959,2.2502,0
9960,9960,1.8627,0
9961,9961,1.8051,0
9962,9962,1.8717,0
9963,9963,1.8037,0
9964,9964,1.7883,0
9965,9965,1.8096,0
9966,9966,1.7869,0
9967,9967,2.2558,0
9968,9968,1.8585,0
9969,9969,1.8105,0
9970,9970,1.8265,0
9971,9971,1.8133,0
9972,9972,1.8068,0
9973,9973,1.8182,0
9974,9974,1.8033,0
9975,9975,1.7876,0
9976,9976,1.8485,0
9977,9977,1.8159,0
9978,9978,1.8132,0
9979,9979,1.8886,0
9980,9980,1.8117,0
9981,9981,1.8307,0
9982,9982,1.8451,0
9983,9983,1.8189,0
9984,9984,1.845,0
9985,9985,1.8294,0
9986,9986,1.8258,0
9987,9987,1.8074,0
9988,9988,1.8441,0
9989,9989,1.8507,0
9990,9990,1.84,0
9991,9991,1.8426,0
9992,9992,1.8289,0
9993,9993,2.0226,0
9994,9994,1.8544,0
9995,9995,1.8633,0
9996,9996,1.7946,0
9997,9997,1.7834,0
9998,9998,1.7935,0
9999,9999,1.7873,0
10000,10000,1.7836,0
