"timestamp","root_pid","process_tree_pids","process_count","working_set_bytes","private_bytes","peak_working_set_bytes","peak_paged_bytes"
"2026-07-17T13:00:00.1827249+08:00","24116","24116","1","4067328","638976","4067328","638976"
"2026-07-17T13:00:00.4646859+08:00","24116","24116;4852;15608","3","121511936","82952192","121511936","82952192"
"2026-07-17T13:00:00.5761147+08:00","24116","24116;4852;15608","3","173215744","112607232","173215744","112607232"
"2026-07-17T13:00:00.6870316+08:00","24116","24116;4852;15608","3","270577664","179752960","270577664","179752960"
"2026-07-17T13:00:00.7974484+08:00","24116","24116;4852;15608","3","324804608","231768064","324804608","231768064"
"2026-07-17T13:00:00.9084176+08:00","24116","24116;4852;15608","3","387919872","298520576","387919872","298520576"
"2026-07-17T13:00:01.0334695+08:00","24116","24116;4852;15608","3","472842240","381407232","472842240","381407232"
"2026-07-17T13:00:01.1591066+08:00","24116","24116;4852;15608","3","537190400","444923904","537190400","444923904"
"2026-07-17T13:00:01.2836691+08:00","24116","24116;4852;15608","3","605175808","511209472","605175808","511209472"
"2026-07-17T13:00:01.4101584+08:00","24116","24116;4852;15608","3","644583424","723910656","644583424","723910656"
"2026-07-17T13:00:01.5362240+08:00","24116","24116;4852;15608","3","661757952","735825920","661757952","735825920"
"2026-07-17T13:00:01.7573521+08:00","24116","24116;4852;15608","3","695607296","768040960","695607296","768040960"
"2026-07-17T13:00:01.8674529+08:00","24116","24116;4852;15608","3","734621696","809422848","734621696","809422848"
"2026-07-17T13:00:01.9795080+08:00","24116","24116;4852;15608","3","837591040","904994816","837591040","904994816"
"2026-07-17T13:00:02.0895120+08:00","24116","24116;4852;15608","3","914694144","1007566848","914694144","1007566848"
"2026-07-17T13:00:02.1993776+08:00","24116","24116;4852;15608","3","945225728","1035059200","945225728","1035059200"
"2026-07-17T13:00:02.3097617+08:00","24116","24116;4852;15608","3","979529728","1056727040","979529728","1056727040"
"2026-07-17T13:00:02.4188260+08:00","24116","24116;4852;15608","3","1000755200","1112473600","1000755200","1112473600"
"2026-07-17T13:00:02.5278179+08:00","24116","24116;4852;15608","3","1001201664","1112866816","1001201664","1112866816"
"2026-07-17T13:00:02.6385166+08:00","24116","24116;4852;15608","3","1026207744","1125466112","1026207744","1125466112"
"2026-07-17T13:00:02.7482061+08:00","24116","24116;4852;15608","3","1057046528","1153806336","1057046528","1153806336"
"2026-07-17T13:00:02.9683688+08:00","24116","24116;4852;15608","3","1069236224","1160204288","1069236224","1160204288"
"2026-07-17T13:00:03.0777310+08:00","24116","24116;4852;15608","3","1082413056","1173450752","1082413056","1173450752"
"2026-07-17T13:00:03.1881338+08:00","24116","24116;4852;15608","3","1136033792","1237147648","1136033792","1237147648"
"2026-07-17T13:00:03.2971523+08:00","24116","24116;4852;15608","3","1151016960","1248481280","1151016960","1248481280"
"2026-07-17T13:00:03.4084938+08:00","24116","24116;4852;15608","3","1164337152","1258614784","1164337152","1258614784"
"2026-07-17T13:00:03.5340698+08:00","24116","24116;4852;15608","3","1191399424","1276526592","1191399424","1276526592"
"2026-07-17T13:00:03.6601548+08:00","24116","24116;4852;15608","3","1225723904","1301057536","1225723904","1301057536"
"2026-07-17T13:00:03.7877177+08:00","24116","24116;4852;15608","3","1268076544","1381998592","1268076544","1381998592"
"2026-07-17T13:00:03.9132858+08:00","24116","24116;4852;15608","3","1346101248","1413042176","1346101248","1413042176"
"2026-07-17T13:00:04.0233902+08:00","24116","24116;4852;15608","3","1440722944","1512083456","1440722944","1512083456"
"2026-07-17T13:00:04.2901477+08:00","24116","24116;4852;15608","3","1589968896","1664618496","1589968896","1664618496"
"2026-07-17T13:00:04.4006898+08:00","24116","24116;4852;15608","3","1593167872","1667919872","1593167872","1667919872"
"2026-07-17T13:00:04.5101351+08:00","24116","24116;4852;15608","3","1346224128","1427161088","1346224128","1427161088"
"2026-07-17T13:00:04.6204615+08:00","24116","24116;4852;15608","3","1348509696","1430274048","1348509696","1430274048"
"2026-07-17T13:00:04.7290202+08:00","24116","24116;4852;15608","3","1355063296","1430900736","1355063296","1430900736"
"2026-07-17T13:00:04.8392554+08:00","24116","24116;4852;15608","3","1363685376","1431166976","1363685376","1431166976"
"2026-07-17T13:00:04.9489434+08:00","24116","24116;4852;15608","3","1385025536","1460260864","1385025536","1460260864"
"2026-07-17T13:00:05.0604941+08:00","24116","24116;4852;15608","3","1427390464","1508741120","1427390464","1508741120"
"2026-07-17T13:00:05.1705265+08:00","24116","24116;4852;15608","3","1429061632","1509163008","1429061632","1509163008"
"2026-07-17T13:00:05.2811833+08:00","24116","24116;4852;15608","3","1442533376","1518292992","1442533376","1518292992"
"2026-07-17T13:00:05.5029610+08:00","24116","24116;4852;15608","3","1499652096","1541918720","1499652096","1541918720"
"2026-07-17T13:00:05.6292996+08:00","24116","24116;4852;15608","3","1517875200","1581064192","1517875200","1581064192"
"2026-07-17T13:00:05.7553652+08:00","24116","24116;4852;15608","3","1526276096","1583915008","1526276096","1583915008"
"2026-07-17T13:00:05.8801510+08:00","24116","24116;4852;15608","3","1539551232","1594040320","1539551232","1594040320"
"2026-07-17T13:00:06.0042921+08:00","24116","24116;4852;15608","3","1628540928","2023596032","1628540928","2023596032"
"2026-07-17T13:00:06.1297198+08:00","24116","24116;4852;15608","3","1666752512","2024013824","1666752512","2024013824"
"2026-07-17T13:00:06.2540334+08:00","24116","24116;4852;15608","3","1705545728","2024103936","1705545728","2024103936"
"2026-07-17T13:00:06.3795818+08:00","24116","24116;4852;15608","3","1744404480","2024456192","1744404480","2024456192"
"2026-07-17T13:00:06.5056166+08:00","24116","24116;4852;15608","3","1732263936","1978789888","1732263936","1978789888"
"2026-07-17T13:00:06.6161304+08:00","24116","24116;4852;15608","3","1777799168","1978966016","1777799168","1978966016"
"2026-07-17T13:00:06.8365870+08:00","24116","24116;4852;15608","3","1839611904","1979658240","1839611904","1979658240"
"2026-07-17T13:00:06.9476911+08:00","24116","24116;4852;15608","3","1872060416","1980096512","1872060416","1980096512"
"2026-07-17T13:00:07.0589570+08:00","24116","24116;4852;15608","3","1903607808","1980182528","1903607808","1980182528"
"2026-07-17T13:00:07.1702849+08:00","24116","24116;4852;15608","3","1924997120","2064035840","1924997120","2064035840"
"2026-07-17T13:00:07.2790963+08:00","24116","24116;4852;15608","3","1967960064","2064035840","1967960064","2064035840"
"2026-07-17T13:00:07.3898458+08:00","24116","24116;4852;15608","3","2001887232","2064035840","2001887232","2064035840"
"2026-07-17T13:00:07.4993778+08:00","24116","24116;4852;15608","3","2033012736","2145341440","2033012736","2145341440"
"2026-07-17T13:00:07.6076282+08:00","24116","24116;4852;15608","3","2065104896","2145341440","2065104896","2145341440"
"2026-07-17T13:00:07.7186046+08:00","24116","24116;4852;15608","3","2089529344","2145341440","2089529344","2145341440"
"2026-07-17T13:00:07.8315930+08:00","24116","24116;4852;15608","3","2131283968","2187051008","2131283968","2187051008"
"2026-07-17T13:00:08.0635602+08:00","24116","24116;4852;15608","3","2135064576","2190204928","2135064576","2190204928"
"2026-07-17T13:00:08.1777967+08:00","24116","24116;4852;15608","3","2137165824","2183892992","2137165824","2183892992"
"2026-07-17T13:00:08.3052580+08:00","24116","24116;4852;15608","3","2137366528","2184228864","2137366528","2184228864"
"2026-07-17T13:00:08.4341788+08:00","24116","24116;4852;15608","3","2137669632","2184568832","2137669632","2184568832"
"2026-07-17T13:00:08.5596418+08:00","24116","24116;4852;15608","3","2137935872","2185859072","2137935872","2185859072"
"2026-07-17T13:00:08.6838644+08:00","24116","24116;4852;15608","3","2138136576","2186010624","2138136576","2186010624"
"2026-07-17T13:00:08.7947214+08:00","24116","24116;4852;15608","3","2138423296","2186096640","2138423296","2186096640"
"2026-07-17T13:00:08.9142726+08:00","24116","24116;4852;15608","3","2139885568","2186747904","2139885568","2186747904"
"2026-07-17T13:00:09.0244260+08:00","24116","24116;4852;15608","3","2145050624","2187661312","2145050624","2187661312"
"2026-07-17T13:00:09.1349392+08:00","24116","24116;4852;15608","3","2147495936","2188783616","2147495936","2188783616"
"2026-07-17T13:00:09.4034915+08:00","24116","24116;4852;15608","3","2156912640","2210193408","2156912640","2210193408"
"2026-07-17T13:00:09.5100472+08:00","24116","24116;4852;15608","3","2161434624","2212925440","2161434624","2212925440"
"2026-07-17T13:00:09.6217405+08:00","24116","24116;4852;15608","3","2156511232","2207109120","2156511232","2207109120"
"2026-07-17T13:00:09.7302015+08:00","24116","24116;4852;15608","3","2156679168","2206769152","2156679168","2206769152"
"2026-07-17T13:00:09.8410148+08:00","24116","24116;4852;15608","3","2157068288","2206785536","2157068288","2206785536"
"2026-07-17T13:00:09.9500528+08:00","24116","24116;4852;15608","3","2210512896","2616836096","2210512896","2616836096"
"2026-07-17T13:00:10.0606207+08:00","24116","24116;4852;15608","3","2242748416","2616836096","2242748416","2616836096"
"2026-07-17T13:00:10.1711608+08:00","24116","24116;4852;15608","3","2274922496","2616922112","2274922496","2616922112"
"2026-07-17T13:00:10.2822273+08:00","24116","24116;4852;15608","3","2308739072","2617012224","2308739072","2617012224"
"2026-07-17T13:00:10.3932726+08:00","24116","24116;4852;15608","3","2342490112","2617802752","2342490112","2617802752"
"2026-07-17T13:00:10.6287684+08:00","24116","24116;4852;15608","3","2423767040","2618236928","2423767040","2618236928"
"2026-07-17T13:00:10.7553264+08:00","24116","24116;4852;15608","3","2458062848","2618408960","2458062848","2618408960"
"2026-07-17T13:00:10.8662284+08:00","24116","24116;4852;15608","3","2489503744","2618671104","2489503744","2618671104"
"2026-07-17T13:00:10.9753796+08:00","24116","24116;4852;15608","3","2520752128","2618851328","2520752128","2618851328"
"2026-07-17T13:00:11.0867198+08:00","24116","24116;4852;15608","3","2552434688","2618851328","2552434688","2618851328"
"2026-07-17T13:00:11.1967893+08:00","24116","24116;4852;15608","3","2582306816","2702434304","2582306816","2702434304"
"2026-07-17T13:00:11.3080821+08:00","24116","24116;4852;15608","3","2615230464","2702434304","2615230464","2702434304"
"2026-07-17T13:00:11.4186990+08:00","24116","24116;4852;15608","3","2648801280","2702434304","2648801280","2702434304"
"2026-07-17T13:00:11.5290947+08:00","24116","24116;4852;15608","3","2681286656","2784391168","2681286656","2784391168"
"2026-07-17T13:00:11.6389021+08:00","24116","24116;4852;15608","3","2714312704","2784391168","2714312704","2784391168"
"2026-07-17T13:00:11.8571513+08:00","24116","24116;4852;15608","3","2731315200","2784391168","2731315200","2784391168"
"2026-07-17T13:00:11.9666116+08:00","24116","24116;4852;15608","3","2734694400","2786648064","2734694400","2786648064"
"2026-07-17T13:00:12.0767626+08:00","24116","24116;4852;15608","3","2737459200","2786693120","2737459200","2786693120"
"2026-07-17T13:00:12.1869659+08:00","24116","24116;4852;15608","3","2757279744","2788859904","2757279744","2788859904"
"2026-07-17T13:00:12.2952977+08:00","24116","24116;4852;15608","3","2793242624","2845044736","2793242624","2845044736"
"2026-07-17T13:00:12.4062293+08:00","24116","24116;4852;15608","3","2797658112","2850299904","2797658112","2850299904"
"2026-07-17T13:00:12.5167045+08:00","24116","24116;4852;15608","3","2801143808","2852458496","2801143808","2852458496"
"2026-07-17T13:00:12.6258999+08:00","24116","24116;4852;15608","3","2804641792","2854572032","2804641792","2854572032"
"2026-07-17T13:00:12.7351966+08:00","24116","24116;4852;15608","3","2812575744","2859986944","2812575744","2859986944"
"2026-07-17T13:00:12.8451432+08:00","24116","24116;4852;15608","3","2818445312","2856824832","2818445312","2856824832"
"2026-07-17T13:00:13.0657245+08:00","24116","24116;4852;15608","3","2823634944","2860883968","2823634944","2860883968"
"2026-07-17T13:00:13.1925108+08:00","24116","24116;4852;15608","3","2826338304","2862985216","2826338304","2862985216"
"2026-07-17T13:00:13.3171953+08:00","24116","24116;4852;15608","3","2829815808","2866143232","2829815808","2866143232"
"2026-07-17T13:00:13.4289014+08:00","24116","24116;4852;15608","3","2835562496","2871218176","2835562496","2871218176"
"2026-07-17T13:00:13.5411036+08:00","24116","24116;4852;15608","3","2844250112","2878218240","2844250112","2878218240"
"2026-07-17T13:00:13.6488821+08:00","24116","24116;4852;15608","3","2850459648","2884988928","2850459648","2884988928"
"2026-07-17T13:00:13.7578034+08:00","24116","24116;4852;15608","3","2857836544","2892136448","2857836544","2892136448"
"2026-07-17T13:00:13.8668139+08:00","24116","24116;4852;15608","3","2864091136","2896883712","2864091136","2896883712"
"2026-07-17T13:00:13.9759329+08:00","24116","24116;4852;15608","3","2870185984","2902810624","2870185984","2902810624"
"2026-07-17T13:00:14.0857895+08:00","24116","24116;4852;15608","3","2901401600","2916323328","2901401600","2916323328"
"2026-07-17T13:00:14.3364863+08:00","24116","24116;4852;15608","3","2923098112","2924314624","2923098112","2924314624"
"2026-07-17T13:00:14.4467793+08:00","24116","24116;4852;15608","3","2928664576","2927353856","2928664576","2927353856"
"2026-07-17T13:00:14.5580955+08:00","24116","24116;4852;15608","3","2931339264","2929496064","2931339264","2929496064"
"2026-07-17T13:00:14.6664143+08:00","24116","24116;4852;15608","3","2935291904","2940321792","2935291904","2940321792"
"2026-07-17T13:00:14.7758263+08:00","24116","24116;4852;15608","3","2939035648","2941960192","2939035648","2941960192"
"2026-07-17T13:00:14.8877834+08:00","24116","24116;4852;15608","3","2942312448","2945683456","2942312448","2945683456"
"2026-07-17T13:00:14.9980736+08:00","24116","24116;4852;15608","3","2943492096","2946539520","2943492096","2946539520"
"2026-07-17T13:00:15.1079364+08:00","24116","24116;4852;15608","3","2943541248","2946539520","2943541248","2946539520"
"2026-07-17T13:00:15.2186395+08:00","24116","24116;4852;15608","3","2944008192","2946539520","2944008192","2946539520"
"2026-07-17T13:00:15.3290813+08:00","24116","24116;4852;15608","3","2944163840","2946539520","2944163840","2946539520"
"2026-07-17T13:00:15.5493716+08:00","24116","24116;4852;15608","3","2951409664","2946715648","2951409664","2946715648"
"2026-07-17T13:00:15.6769140+08:00","24116","24116;4852;15608","3","2965876736","2987999232","2965876736","2987999232"
"2026-07-17T13:00:15.8000186+08:00","24116","24116;4852;15608","3","2973999104","2995634176","2973999104","2995634176"
"2026-07-17T13:00:15.9248739+08:00","24116","24116;4852;15608","3","2982670336","3003846656","2982670336","3003846656"
"2026-07-17T13:00:16.0501315+08:00","24116","24116;4852;15608","3","2992058368","3010842624","2992058368","3010842624"
"2026-07-17T13:00:16.1748215+08:00","24116","24116;4852;15608","3","3002875904","3022258176","3002875904","3022258176"
"2026-07-17T13:00:16.3006974+08:00","24116","24116;4852;15608","3","3011112960","3029598208","3011112960","3029598208"
"2026-07-17T13:00:16.4270259+08:00","24116","24116;4852;15608","3","3017469952","3033407488","3017469952","3033407488"
"2026-07-17T13:00:16.5522646+08:00","24116","24116;4852;15608","3","3021238272","3035930624","3021238272","3035930624"
"2026-07-17T13:00:16.6756123+08:00","24116","24116;4852;15608","3","3023962112","3038838784","3023962112","3038838784"
"2026-07-17T13:00:16.9128789+08:00","24116","24116;4852;15608","3","3031363584","3045572608","3031363584","3045572608"
"2026-07-17T13:00:17.0242924+08:00","24116","24116;4852;15608","3","3040567296","3054374912","3040567296","3054374912"
"2026-07-17T13:00:17.1337064+08:00","24116","24116;4852;15608","3","3051573248","3065143296","3051573248","3065143296"
"2026-07-17T13:00:17.2435932+08:00","24116","24116;4852;15608","3","3056668672","3078164480","3056668672","3078164480"
"2026-07-17T13:00:17.3550857+08:00","24116","24116;4852;15608","3","3067174912","3087388672","3067174912","3087388672"
"2026-07-17T13:00:17.4654703+08:00","24116","24116;4852;15608","3","3074289664","3105701888","3074289664","3105701888"
"2026-07-17T13:00:17.5752066+08:00","24116","24116;4852;15608","3","3078328320","3109613568","3078328320","3109613568"
"2026-07-17T13:00:17.6849553+08:00","24116","24116;4852;15608","3","3086364672","3117096960","3086364672","3117096960"
"2026-07-17T13:00:17.7939914+08:00","24116","24116;4852;15608","3","3090485248","3119579136","3090485248","3119579136"
"2026-07-17T13:00:17.9042042+08:00","24116","24116;4852;15608","3","3095183360","3124568064","3095183360","3124568064"
"2026-07-17T13:00:18.1248583+08:00","24116","24116;4852;15608","3","3104268288","3132260352","3104268288","3132260352"
"2026-07-17T13:00:18.2350388+08:00","24116","24116;4852;15608","3","3108732928","3134918656","3108732928","3134918656"
"2026-07-17T13:00:18.3442579+08:00","24116","24116;4852;15608","3","3113951232","3138580480","3113951232","3138580480"
"2026-07-17T13:00:18.4548587+08:00","24116","24116;4852;15608","3","3119181824","3144798208","3119181824","3144798208"
"2026-07-17T13:00:18.5815590+08:00","24116","24116;4852;15608","3","3124494336","3149754368","3124494336","3149754368"
"2026-07-17T13:00:18.7057916+08:00","24116","24116;4852;15608","3","3132178432","3155394560","3132178432","3155394560"
"2026-07-17T13:00:18.8313683+08:00","24116","24116;4852;15608","3","3143757824","3168206848","3143757824","3168206848"
"2026-07-17T13:00:18.9574594+08:00","24116","24116;4852;15608","3","3153420288","3176660992","3153420288","3176660992"
"2026-07-17T13:00:19.0822993+08:00","24116","24116;4852;15608","3","2619793408","2641448960","2619793408","2641448960"
"2026-07-17T13:00:19.2109755+08:00","24116","24116;4852;15608","3","2630713344","2647633920","2630713344","2647633920"
"2026-07-17T13:00:19.4655236+08:00","24116","24116;4852;15608","3","2630713344","2647633920","2630713344","2647633920"
"2026-07-17T13:00:19.5870791+08:00","24116","24116;4852;15608","3","2630713344","2647633920","2630713344","2647633920"
"2026-07-17T13:00:19.7134283+08:00","24116","24116;4852;15608","3","2630713344","2647633920","2630713344","2647633920"
"2026-07-17T13:00:19.8411937+08:00","24116","24116;4852;15608","3","2630713344","2647633920","2630713344","2647633920"
"2026-07-17T13:00:19.9611653+08:00","24116","24116;4852;15608","3","2630713344","2647633920","2630713344","2647633920"
"2026-07-17T13:00:20.0814391+08:00","24116","24116;4852;15608","3","2630713344","2647633920","2630713344","2647633920"
"2026-07-17T13:00:20.2069717+08:00","24116","24116;4852;15608","3","2630713344","2647633920","2630713344","2647633920"
"2026-07-17T13:00:20.3189969+08:00","24116","24116;4852;15608","3","2630713344","2647633920","2630713344","2647633920"
"2026-07-17T13:00:20.4285208+08:00","24116","24116;4852;15608","3","2630713344","2647633920","2630713344","2647633920"
"2026-07-17T13:00:20.5383525+08:00","24116","24116;4852;15608","3","2630713344","2647633920","2630713344","2647633920"
"2026-07-17T13:00:20.7765921+08:00","24116","24116;4852;15608","3","2638524416","2657927168","2638524416","2657927168"
"2026-07-17T13:00:20.8871073+08:00","24116","24116;4852;15608","3","2646990848","2665971712","2646990848","2665971712"
"2026-07-17T13:00:20.9978317+08:00","24116","24116;4852;15608","3","2654347264","2673848320","2654347264","2673848320"
"2026-07-17T13:00:21.1070453+08:00","24116","24116;4852;15608","3","2660458496","2678448128","2660458496","2678448128"
"2026-07-17T13:00:21.2178174+08:00","24116","24116;4852;15608","3","2664636416","2682036224","2664636416","2682036224"
"2026-07-17T13:00:21.3279073+08:00","24116","24116;4852;15608","3","2671611904","2688831488","2671611904","2688831488"
"2026-07-17T13:00:21.4393476+08:00","24116","24116;4852;15608","3","2676686848","2691694592","2676686848","2691694592"
"2026-07-17T13:00:21.5661128+08:00","24116","24116;4852;15608","3","2690371584","2704826368","2690371584","2704826368"
"2026-07-17T13:00:21.6909731+08:00","24116","24116;4852;15608","3","2697826304","2714349568","2697826304","2714349568"
"2026-07-17T13:00:21.8147915+08:00","24116","24116;4852;15608","3","2728595456","2714890240","2728595456","2714890240"
"2026-07-17T13:00:22.0484471+08:00","24116","24116;4852;15608","3","2735493120","2719682560","2735493120","2719682560"
"2026-07-17T13:00:22.1743005+08:00","24116","24116;4852;15608","3","2740535296","2723532800","2740535296","2723532800"
"2026-07-17T13:00:22.3006070+08:00","24116","24116;4852;15608","3","2748354560","2729852928","2748354560","2729852928"
"2026-07-17T13:00:22.4254373+08:00","24116","24116;4852;15608","3","2754723840","2733424640","2754723840","2733424640"
"2026-07-17T13:00:22.5524726+08:00","24116","24116;4852;15608","3","2758864896","2745049088","2758864896","2745049088"
"2026-07-17T13:00:22.6775879+08:00","24116","24116;4852;15608","3","2766016512","2753470464","2766016512","2753470464"
"2026-07-17T13:00:22.8035446+08:00","24116","24116;4852;15608","3","2768809984","2754109440","2768809984","2754109440"
"2026-07-17T13:00:22.9144047+08:00","24116","24116;4852;15608","3","2771406848","2756767744","2771406848","2756767744"
"2026-07-17T13:00:23.0235272+08:00","24116","24116;4852;15608","3","2774454272","2760601600","2774454272","2760601600"
"2026-07-17T13:00:23.1334811+08:00","24116","24116;4852;15608","3","2775863296","2761973760","2775863296","2761973760"
"2026-07-17T13:00:23.3991828+08:00","24116","24116;4852;15608","3","2777899008","2764005376","2777899008","2764005376"
"2026-07-17T13:00:23.5092463+08:00","24116","24116;4852;15608","3","2778460160","2764668928","2778460160","2764668928"
"2026-07-17T13:00:23.6171020+08:00","24116","24116;4852;15608","3","2778517504","2764668928","2778517504","2764668928"
"2026-07-17T13:00:23.7271130+08:00","24116","24116;4852;15608","3","2778697728","2764673024","2778697728","2764673024"
"2026-07-17T13:00:23.8371077+08:00","24116","24116;4852;15608","3","2781794304","2768392192","2781794304","2768392192"
"2026-07-17T13:00:23.9468711+08:00","24116","24116;4852;15608","3","2779369472","2765762560","2779369472","2765762560"
"2026-07-17T13:00:24.0567245+08:00","24116","24116;4852;15608","3","2779471872","2765762560","2779471872","2765762560"
"2026-07-17T13:00:24.1658898+08:00","24116","24116;4852;15608","3","2779582464","2765774848","2779582464","2765774848"
"2026-07-17T13:00:24.2757669+08:00","24116","24116;4852;15608","3","2779619328","2765778944","2779619328","2765778944"
"2026-07-17T13:00:24.3856402+08:00","24116","24116;4852;15608","3","2779684864","2765778944","2779684864","2765778944"
"2026-07-17T13:00:24.6217734+08:00","24116","24116;4852;15608","3","2779914240","2765787136","2779914240","2765787136"
"2026-07-17T13:00:24.7293678+08:00","24116","24116;4852;15608","3","2780020736","2765799424","2780020736","2765799424"
"2026-07-17T13:00:24.8390574+08:00","24116","24116;4852;15608","3","2780110848","2765799424","2780110848","2765799424"
"2026-07-17T13:00:24.9506529+08:00","24116","24116;4852;15608","3","2780172288","2765799424","2780172288","2765799424"
"2026-07-17T13:00:25.0592299+08:00","24116","24116;4852;15608","3","2780266496","2765799424","2780266496","2765799424"
"2026-07-17T13:00:25.1688799+08:00","24116","24116;4852;15608","3","2780278784","2765799424","2780278784","2765799424"
"2026-07-17T13:00:25.2774501+08:00","24116","24116;4852;15608","3","2780385280","2765799424","2780385280","2765799424"
"2026-07-17T13:00:25.3865553+08:00","24116","24116;4852;15608","3","2780483584","2765799424","2780483584","2765799424"
"2026-07-17T13:00:25.4969470+08:00","24116","24116;4852;15608","3","2780491776","2765803520","2780491776","2765803520"
"2026-07-17T13:00:25.6046775+08:00","24116","24116;4852;15608","3","2780876800","2765803520","2780876800","2765803520"
"2026-07-17T13:00:25.8399848+08:00","24116","24116;4852;15608","3","2781167616","2765803520","2781167616","2765803520"
"2026-07-17T13:00:25.9472848+08:00","24116","24116;4852;15608","3","2781171712","2765803520","2781171712","2765803520"
"2026-07-17T13:00:26.0568501+08:00","24116","24116;4852;15608","3","2781249536","2765803520","2781249536","2765803520"
"2026-07-17T13:00:26.1673235+08:00","24116","24116;4852;15608","3","2781331456","2765811712","2781331456","2765811712"
"2026-07-17T13:00:26.2774298+08:00","24116","24116;4852;15608","3","2781339648","2765815808","2781339648","2765815808"
"2026-07-17T13:00:26.3870045+08:00","24116","24116;4852;15608","3","2781409280","2765815808","2781409280","2765815808"
"2026-07-17T13:00:26.4940771+08:00","24116","24116;4852;15608","3","2781483008","2765819904","2781483008","2765819904"
"2026-07-17T13:00:26.6040654+08:00","24116","24116;4852;15608","3","2781577216","2765819904","2781577216","2765819904"
"2026-07-17T13:00:26.7136310+08:00","24116","24116;4852;15608","3","2781626368","2765819904","2781626368","2765819904"
"2026-07-17T13:00:26.8237135+08:00","24116","24116;4852;15608","3","2781777920","2765819904","2781777920","2765819904"
"2026-07-17T13:00:27.0423653+08:00","24116","24116;4852;15608","3","2781863936","2765819904","2781863936","2765819904"
"2026-07-17T13:00:27.1509386+08:00","24116","24116;4852;15608","3","2781917184","2765819904","2781917184","2765819904"
"2026-07-17T13:00:27.2599108+08:00","24116","24116;4852;15608","3","2782007296","2765819904","2782007296","2765819904"
"2026-07-17T13:00:27.3687726+08:00","24116","24116;4852;15608","3","2782019584","2765828096","2782019584","2765828096"
"2026-07-17T13:00:27.4793430+08:00","24116","24116;4852;15608","3","2782109696","2765828096","2782109696","2765828096"
"2026-07-17T13:00:27.5871325+08:00","24116","24116;4852;15608","3","2782191616","2765840384","2782191616","2765840384"
"2026-07-17T13:00:27.6984773+08:00","24116","24116;4852;15608","3","2782875648","2766499840","2782875648","2766499840"
"2026-07-17T13:00:27.8070520+08:00","24116","24116;4852;15608","3","2782978048","2767556608","2782978048","2767556608"
"2026-07-17T13:00:27.9174892+08:00","24116","24116;4852;15608","3","2782982144","2767556608","2782982144","2767556608"
"2026-07-17T13:00:28.0276243+08:00","24116","24116;4852;15608","3","2782982144","2767556608","2782982144","2767556608"
"2026-07-17T13:00:28.2472236+08:00","24116","24116;4852;15608","3","2782986240","2767556608","2782986240","2767556608"
"2026-07-17T13:00:28.3574129+08:00","24116","24116;4852;15608","3","2782986240","2767556608","2782986240","2767556608"
"2026-07-17T13:00:28.4671139+08:00","24116","24116;4852;15608","3","2782986240","2767556608","2782986240","2767556608"
"2026-07-17T13:00:28.5770821+08:00","24116","24116;4852;15608","3","2782986240","2767556608","2782986240","2767556608"
"2026-07-17T13:00:28.6878040+08:00","24116","24116;4852;15608","3","2782986240","2767556608","2782986240","2767556608"
"2026-07-17T13:00:28.7981183+08:00","24116","24116;4852;15608","3","2782986240","2767556608","2782986240","2767556608"
"2026-07-17T13:00:28.9066449+08:00","24116","24116;4852;15608","3","2782994432","2767556608","2782994432","2767556608"
"2026-07-17T13:00:29.0163066+08:00","24116","24116;4852;15608","3","2782994432","2767556608","2782994432","2767556608"
"2026-07-17T13:00:29.1262732+08:00","24116","24116;4852;15608","3","2782994432","2767556608","2782994432","2767556608"
"2026-07-17T13:00:29.2373770+08:00","24116","24116;4852;15608","3","2783002624","2767556608","2783002624","2767556608"
"2026-07-17T13:00:29.4725994+08:00","24116","24116;4852;15608","3","2783244288","2767556608","2783244288","2767556608"
"2026-07-17T13:00:29.5969198+08:00","24116","24116;4852;15608","3","2783313920","2767556608","2783313920","2767556608"
"2026-07-17T13:00:29.7214089+08:00","24116","24116;4852;15608","3","2783371264","2767556608","2783371264","2767556608"
"2026-07-17T13:00:29.8454864+08:00","24116","24116;4852;15608","3","2783440896","2767564800","2783440896","2767564800"
"2026-07-17T13:00:29.9712576+08:00","24116","24116;4852;15608","3","2783535104","2767568896","2783535104","2767568896"
"2026-07-17T13:00:30.0974836+08:00","24116","24116;4852;15608","3","2783535104","2767568896","2783535104","2767568896"
"2026-07-17T13:00:30.2237668+08:00","24116","24116;4852;15608","3","2783424512","2767302656","2783424512","2767302656"
"2026-07-17T13:00:30.3495747+08:00","24116","24116;4852;15608","3","2783428608","2767302656","2783428608","2767302656"
"2026-07-17T13:00:30.4750536+08:00","24116","24116;4852;15608","3","2783428608","2767302656","2783428608","2767302656"
"2026-07-17T13:00:30.5851193+08:00","24116","24116;4852;15608","3","2783428608","2767302656","2783428608","2767302656"
"2026-07-17T13:00:30.8050846+08:00","24116","24116;4852;15608","3","2783424512","2767302656","2783424512","2767302656"
"2026-07-17T13:00:30.9141337+08:00","24116","24116;4852;15608","3","2783424512","2767302656","2783424512","2767302656"
"2026-07-17T13:00:31.0244481+08:00","24116","24116;4852;15608","3","2783428608","2767302656","2783428608","2767302656"
"2026-07-17T13:00:31.1347257+08:00","24116","24116;4852;15608","3","2783428608","2767302656","2783428608","2767302656"
"2026-07-17T13:00:31.2448556+08:00","24116","24116;4852;15608","3","2783428608","2767302656","2783428608","2767302656"
"2026-07-17T13:00:31.3533861+08:00","24116","24116;4852;15608","3","2783428608","2767302656","2783428608","2767302656"
"2026-07-17T13:00:31.4632726+08:00","24116","24116;4852;15608","3","2783432704","2767302656","2783432704","2767302656"
"2026-07-17T13:00:31.5725816+08:00","24116","24116;4852;15608","3","2783432704","2767302656","2783432704","2767302656"
"2026-07-17T13:00:31.6822984+08:00","24116","24116;4852;15608","3","2783432704","2767302656","2783432704","2767302656"
"2026-07-17T13:00:31.7923241+08:00","24116","24116;4852;15608","3","2783432704","2767302656","2783432704","2767302656"
"2026-07-17T13:00:32.0103021+08:00","24116","24116;4852;15608","3","2783432704","2767302656","2783432704","2767302656"
"2026-07-17T13:00:32.1187462+08:00","24116","24116;4852;15608","3","2783432704","2767302656","2783432704","2767302656"
"2026-07-17T13:00:32.2284001+08:00","24116","24116;4852;15608","3","2783432704","2767302656","2783432704","2767302656"
"2026-07-17T13:00:32.3381256+08:00","24116","24116;4852;15608","3","2783432704","2767302656","2783432704","2767302656"
"2026-07-17T13:00:32.4463755+08:00","24116","24116;4852;15608","3","2783432704","2767302656","2783432704","2767302656"
"2026-07-17T13:00:32.5561458+08:00","24116","24116;4852;15608","3","2783432704","2767302656","2783432704","2767302656"
"2026-07-17T13:00:32.6647095+08:00","24116","24116;4852;15608","3","2783432704","2767302656","2783432704","2767302656"
"2026-07-17T13:00:32.7738034+08:00","24116","24116;4852;15608","3","2783543296","2767306752","2783543296","2767306752"
"2026-07-17T13:00:32.8829128+08:00","24116","24116;4852;15608","3","2783543296","2767306752","2783543296","2767306752"
"2026-07-17T13:00:32.9916404+08:00","24116","24116;4852;15608","3","2783543296","2767306752","2783543296","2767306752"
"2026-07-17T13:00:33.2274910+08:00","24116","24116;4852;15608","3","2783543296","2767306752","2783543296","2767306752"
"2026-07-17T13:00:33.3379799+08:00","24116","24116;4852;15608","3","2783543296","2767306752","2783543296","2767306752"
"2026-07-17T13:00:33.4456271+08:00","24116","24116;4852;15608","3","2783543296","2767306752","2783543296","2767306752"
"2026-07-17T13:00:33.5556147+08:00","24116","24116;4852;15608","3","2783543296","2767306752","2783543296","2767306752"
"2026-07-17T13:00:33.6637877+08:00","24116","24116;4852;15608","3","2783543296","2767306752","2783543296","2767306752"
"2026-07-17T13:00:33.7735767+08:00","24116","24116;4852;15608","3","2783555584","2767306752","2783555584","2767306752"
"2026-07-17T13:00:33.8833022+08:00","24116","24116;4852;15608","3","2783567872","2767306752","2783567872","2767306752"
"2026-07-17T13:00:33.9924662+08:00","24116","24116;4852;15608","3","2783576064","2767306752","2783576064","2767306752"
"2026-07-17T13:00:34.1013161+08:00","24116","24116;4852;15608","3","2783576064","2767306752","2783576064","2767306752"
"2026-07-17T13:00:34.2114836+08:00","24116","24116;4852;15608","3","2783584256","2767306752","2783584256","2767306752"
"2026-07-17T13:00:34.4317836+08:00","24116","24116;4852;15608","3","2783584256","2767306752","2783584256","2767306752"
"2026-07-17T13:00:34.5404931+08:00","24116","24116;4852;15608","3","2783588352","2767306752","2783588352","2767306752"
"2026-07-17T13:00:34.6511666+08:00","24116","24116;4852;15608","3","2783588352","2767306752","2783588352","2767306752"
"2026-07-17T13:00:34.7612654+08:00","24116","24116;4852;15608","3","2783604736","2767306752","2783604736","2767306752"
"2026-07-17T13:00:34.8703794+08:00","24116","24116;4852;15608","3","2783637504","2767306752","2783637504","2767306752"
"2026-07-17T13:00:34.9796807+08:00","24116","24116;4852;15608","3","2783674368","2767306752","2783674368","2767306752"
"2026-07-17T13:00:35.0892722+08:00","24116","24116;4852;15608","3","2783764480","2768367616","2783764480","2768367616"
"2026-07-17T13:00:35.1988986+08:00","24116","24116;4852;15608","3","2783956992","2768367616","2783956992","2768367616"
"2026-07-17T13:00:35.3099691+08:00","24116","24116;4852;15608","3","2784493568","2768367616","2784493568","2768367616"
"2026-07-17T13:00:35.4194899+08:00","24116","24116;4852;15608","3","2785435648","2769416192","2785435648","2769416192"
"2026-07-17T13:00:35.6381149+08:00","24116","24116;4852;15608","3","2786881536","2770731008","2786881536","2770731008"
"2026-07-17T13:00:35.7482028+08:00","24116","24116;4852;15608","3","2785566720","2769416192","2785566720","2769416192"
"2026-07-17T13:00:35.8577856+08:00","24116","24116;4852;15608","3","2785697792","2769416192","2785697792","2769416192"
"2026-07-17T13:00:35.9668458+08:00","24116","24116;4852;15608","3","2785763328","2769416192","2785763328","2769416192"
"2026-07-17T13:00:36.0768913+08:00","24116","24116;4852;15608","3","2785824768","2769416192","2785824768","2769416192"
"2026-07-17T13:00:36.1874523+08:00","24116","24116;4852;15608","3","2785992704","2769416192","2785992704","2769416192"
"2026-07-17T13:00:36.2965455+08:00","24116","24116;4852;15608","3","2786025472","2769416192","2786025472","2769416192"
"2026-07-17T13:00:36.4071057+08:00","24116","24116;4852;15608","3","2786144256","2770472960","2786144256","2770472960"
"2026-07-17T13:00:36.5162457+08:00","24116","24116;4852;15608","3","2786316288","2770472960","2786316288","2770472960"
"2026-07-17T13:00:36.6425231+08:00","24116","24116;4852;15608","3","2786316288","2770472960","2786316288","2770472960"
"2026-07-17T13:00:36.8776892+08:00","24116","24116;4852;15608","3","2786455552","2770481152","2786455552","2770481152"
"2026-07-17T13:00:37.0028026+08:00","24116","24116;4852;15608","3","2786525184","2770485248","2786525184","2770485248"
"2026-07-17T13:00:37.1286968+08:00","24116","24116;4852;15608","3","2786533376","2770485248","2786533376","2770485248"
"2026-07-17T13:00:37.2532500+08:00","24116","24116;4852;15608","3","2786656256","2770489344","2786656256","2770489344"
"2026-07-17T13:00:37.3793402+08:00","24116","24116;4852;15608","3","2786742272","2770497536","2786742272","2770497536"
"2026-07-17T13:00:37.5045085+08:00","24116","24116;4852;15608","3","2786807808","2770497536","2786807808","2770497536"
"2026-07-17T13:00:37.6304065+08:00","24116","24116;4852;15608","3","2786873344","2770497536","2786873344","2770497536"
"2026-07-17T13:00:37.7560058+08:00","24116","24116;4852;15608","3","2788257792","2771812352","2788257792","2771812352"
"2026-07-17T13:00:37.8817916+08:00","24116","24116;4852;15608","3","2787004416","2770497536","2787004416","2770497536"
"2026-07-17T13:00:37.9908763+08:00","24116","24116;4852;15608","3","2787074048","2770497536","2787074048","2770497536"
"2026-07-17T13:00:38.2103611+08:00","24116","24116;4852;15608","3","2787184640","2770509824","2787184640","2770509824"
"2026-07-17T13:00:38.3209515+08:00","24116","24116;4852;15608","3","2787319808","2770509824","2787319808","2770509824"
"2026-07-17T13:00:38.4305267+08:00","24116","24116;4852;15608","3","2787385344","2770509824","2787385344","2770509824"
"2026-07-17T13:00:38.5395572+08:00","24116","24116;4852;15608","3","2787385344","2770509824","2787385344","2770509824"
"2026-07-17T13:00:38.6492926+08:00","24116","24116;4852;15608","3","2787450880","2770509824","2787450880","2770509824"
"2026-07-17T13:00:38.7598800+08:00","24116","24116;4852;15608","3","2787454976","2770509824","2787454976","2770509824"
"2026-07-17T13:00:38.8709622+08:00","24116","24116;4852;15608","3","2787495936","2770509824","2787495936","2770509824"
"2026-07-17T13:00:38.9795725+08:00","24116","24116;4852;15608","3","2787581952","2771558400","2787581952","2771558400"
"2026-07-17T13:00:39.0906655+08:00","24116","24116;4852;15608","3","2787586048","2771558400","2787586048","2771558400"
"2026-07-17T13:00:39.2005462+08:00","24116","24116;4852;15608","3","2787651584","2771558400","2787651584","2771558400"
"2026-07-17T13:00:39.4363769+08:00","24116","24116;4852;15608","3","2787782656","2771558400","2787782656","2771558400"
"2026-07-17T13:00:39.5466515+08:00","24116","24116;4852;15608","3","2787848192","2771558400","2787848192","2771558400"
"2026-07-17T13:00:39.6574460+08:00","24116","24116;4852;15608","3","2787848192","2771558400","2787848192","2771558400"
"2026-07-17T13:00:39.7675331+08:00","24116","24116;4852;15608","3","2787979264","2771558400","2787979264","2771558400"
"2026-07-17T13:00:39.8941645+08:00","24116","24116;4852;15608","3","2787979264","2771558400","2787979264","2771558400"
"2026-07-17T13:00:40.0194285+08:00","24116","24116;4852;15608","3","2788044800","2771558400","2788044800","2771558400"
"2026-07-17T13:00:40.1455848+08:00","24116","24116;4852;15608","3","2788110336","2771558400","2788110336","2771558400"
"2026-07-17T13:00:40.2726975+08:00","24116","24116;4852;15608","3","2788110336","2771558400","2788110336","2771558400"
"2026-07-17T13:00:40.3835402+08:00","24116","24116;4852;15608","3","2788175872","2771558400","2788175872","2771558400"
"2026-07-17T13:00:40.4936345+08:00","24116","24116;4852;15608","3","2788241408","2771558400","2788241408","2771558400"
"2026-07-17T13:00:40.7273447+08:00","24116","24116;4852;15608","3","2788306944","2771558400","2788306944","2771558400"
"2026-07-17T13:00:40.8369714+08:00","24116","24116;4852;15608","3","2788372480","2771558400","2788372480","2771558400"
"2026-07-17T13:00:40.9485317+08:00","24116","24116;4852;15608","3","2788438016","2771558400","2788438016","2771558400"
"2026-07-17T13:00:41.0581175+08:00","24116","24116;4852;15608","3","2788438016","2771558400","2788438016","2771558400"
"2026-07-17T13:00:41.1693479+08:00","24116","24116;4852;15608","3","2788503552","2771558400","2788503552","2771558400"
"2026-07-17T13:00:41.2799295+08:00","24116","24116;4852;15608","3","2788503552","2771558400","2788503552","2771558400"
"2026-07-17T13:00:41.3900511+08:00","24116","24116;4852;15608","3","2788569088","2771558400","2788569088","2771558400"
"2026-07-17T13:00:41.4996555+08:00","24116","24116;4852;15608","3","2788569088","2771558400","2788569088","2771558400"
"2026-07-17T13:00:41.6089421+08:00","24116","24116;4852;15608","3","2788634624","2771558400","2788634624","2771558400"
"2026-07-17T13:00:41.7197186+08:00","24116","24116;4852;15608","3","2788700160","2771558400","2788700160","2771558400"
"2026-07-17T13:00:41.9567783+08:00","24116","24116;4852;15608","3","2788839424","2771558400","2788839424","2771558400"
"2026-07-17T13:00:42.0828547+08:00","24116","24116;4852;15608","3","2788880384","2771558400","2788880384","2771558400"
"2026-07-17T13:00:42.2078383+08:00","24116","24116;4852;15608","3","2788962304","2772611072","2788962304","2772611072"
"2026-07-17T13:00:42.3354343+08:00","24116","24116;4852;15608","3","2788966400","2772615168","2788966400","2772615168"
"2026-07-17T13:00:42.4440693+08:00","24116","24116;4852;15608","3","2789031936","2772615168","2789031936","2772615168"
"2026-07-17T13:00:42.5543722+08:00","24116","24116;4852;15608","3","2789031936","2772615168","2789031936","2772615168"
"2026-07-17T13:00:42.6784355+08:00","24116","24116;4852;15608","3","2790064128","2772647936","2790064128","2772647936"
"2026-07-17T13:00:42.8030129+08:00","24116","24116;4852;15608","3","2790195200","2772647936","2790195200","2772647936"
"2026-07-17T13:00:42.9137747+08:00","24116","24116;4852;15608","3","2790195200","2772647936","2790195200","2772647936"
"2026-07-17T13:00:43.0361318+08:00","24116","24116;4852;15608","3","2790260736","2772647936","2790260736","2772647936"
"2026-07-17T13:00:43.2881517+08:00","24116","24116;4852;15608","3","2790764544","2773307392","2790764544","2773307392"
"2026-07-17T13:00:43.3977364+08:00","24116","24116;4852;15608","3","2790830080","2773307392","2790830080","2773307392"
"2026-07-17T13:00:43.5078589+08:00","24116","24116;4852;15608","3","2790895616","2773307392","2790895616","2773307392"
"2026-07-17T13:00:43.6185778+08:00","24116","24116;4852;15608","3","2790895616","2773307392","2790895616","2773307392"
"2026-07-17T13:00:43.7298020+08:00","24116","24116;4852;15608","3","2790928384","2773307392","2790928384","2773307392"
"2026-07-17T13:00:43.8389159+08:00","24116","24116;4852;15608","3","2790981632","2773307392","2790981632","2773307392"
"2026-07-17T13:00:43.9491504+08:00","24116","24116;4852;15608","3","2791026688","2773307392","2791026688","2773307392"
"2026-07-17T13:00:44.0576062+08:00","24116","24116;4852;15608","3","2791096320","2773307392","2791096320","2773307392"
"2026-07-17T13:00:44.1663747+08:00","24116","24116;4852;15608","3","2791161856","2773307392","2791161856","2773307392"
"2026-07-17T13:00:44.2767226+08:00","24116","24116;4852;15608","3","2791690240","2773381120","2791690240","2773381120"
"2026-07-17T13:00:44.5125701+08:00","24116","24116;4852;15608","3","2791690240","2773381120","2791690240","2773381120"
"2026-07-17T13:00:44.6231761+08:00","24116","24116;4852;15608","3","2791690240","2773381120","2791690240","2773381120"
"2026-07-17T13:00:44.7329091+08:00","24116","24116;4852;15608","3","2791690240","2773381120","2791690240","2773381120"
"2026-07-17T13:00:44.8416855+08:00","24116","24116;4852;15608","3","2791739392","2773381120","2791739392","2773381120"
"2026-07-17T13:00:44.9512944+08:00","24116","24116;4852;15608","3","2791739392","2773381120","2791739392","2773381120"
"2026-07-17T13:00:45.0613532+08:00","24116","24116;4852;15608","3","2791739392","2773381120","2791739392","2773381120"
"2026-07-17T13:00:45.1715672+08:00","24116","24116;4852;15608","3","2791739392","2773381120","2791739392","2773381120"
"2026-07-17T13:00:45.2821929+08:00","24116","24116;4852;15608","3","2791739392","2773381120","2791739392","2773381120"
"2026-07-17T13:00:45.3921923+08:00","24116","24116;4852;15608","3","2791739392","2773381120","2791739392","2773381120"
"2026-07-17T13:00:45.5187077+08:00","24116","24116;4852;15608","3","2791739392","2773381120","2791739392","2773381120"
"2026-07-17T13:00:45.7548736+08:00","24116","24116;4852;15608","3","2791739392","2773381120","2791739392","2773381120"
"2026-07-17T13:00:45.8807586+08:00","24116","24116;4852;15608","3","2791739392","2773381120","2791739392","2773381120"
"2026-07-17T13:00:46.0063255+08:00","24116","24116;4852;15608","3","2791739392","2773381120","2791739392","2773381120"
"2026-07-17T13:00:46.1165657+08:00","24116","24116;4852;15608","3","2791739392","2773381120","2791739392","2773381120"
"2026-07-17T13:00:46.2272921+08:00","24116","24116;4852;15608","3","2791739392","2773381120","2791739392","2773381120"
"2026-07-17T13:00:46.3378986+08:00","24116","24116;4852;15608","3","2791739392","2773381120","2791739392","2773381120"
"2026-07-17T13:00:46.4481419+08:00","24116","24116;4852;15608","3","2791739392","2773381120","2791739392","2773381120"
"2026-07-17T13:00:46.5591928+08:00","24116","24116;4852;15608","3","2791739392","2773381120","2791739392","2773381120"
"2026-07-17T13:00:46.6687176+08:00","24116","24116;4852;15608","3","2791739392","2773381120","2791739392","2773381120"
"2026-07-17T13:00:46.7787145+08:00","24116","24116;4852;15608","3","2791739392","2773381120","2791739392","2773381120"
"2026-07-17T13:00:46.9964960+08:00","24116","24116;4852;15608","3","2791739392","2773381120","2791739392","2773381120"
"2026-07-17T13:00:47.1067085+08:00","24116","24116;4852;15608","3","2791739392","2773381120","2791739392","2773381120"
"2026-07-17T13:00:47.2177370+08:00","24116","24116;4852;15608","3","2791739392","2773381120","2791739392","2773381120"
"2026-07-17T13:00:47.3267635+08:00","24116","24116;4852;15608","3","2791739392","2773381120","2791739392","2773381120"
"2026-07-17T13:00:47.4384575+08:00","24116","24116;4852;15608","3","2791739392","2773381120","2791739392","2773381120"
"2026-07-17T13:00:47.5489771+08:00","24116","24116;4852;15608","3","2791739392","2773381120","2791739392","2773381120"
"2026-07-17T13:00:47.6731170+08:00","24116","24116;4852;15608","3","2791739392","2773381120","2791739392","2773381120"
"2026-07-17T13:00:47.7813906+08:00","24116","24116;4852;15608","3","2791739392","2773381120","2791739392","2773381120"
"2026-07-17T13:00:47.8921844+08:00","24116","24116;4852;15608","3","2791739392","2773381120","2791739392","2773381120"
"2026-07-17T13:00:48.0177671+08:00","24116","24116;4852;15608","3","2791739392","2773381120","2791739392","2773381120"
"2026-07-17T13:00:48.2531670+08:00","24116","24116;4852;15608","3","2791739392","2773381120","2791739392","2773381120"
"2026-07-17T13:00:48.3785880+08:00","24116","24116;4852;15608","3","2791739392","2773381120","2791739392","2773381120"
"2026-07-17T13:00:48.5051946+08:00","24116","24116;4852;15608","3","2791739392","2773381120","2791739392","2773381120"
"2026-07-17T13:00:48.6302162+08:00","24116","24116;4852;15608","3","2791739392","2773381120","2791739392","2773381120"
"2026-07-17T13:00:48.7410883+08:00","24116","24116;4852;15608","3","2791739392","2773381120","2791739392","2773381120"
"2026-07-17T13:00:48.8526576+08:00","24116","24116;4852;15608","3","2791739392","2773381120","2791739392","2773381120"
"2026-07-17T13:00:48.9632385+08:00","24116","24116;4852;15608","3","2791739392","2773381120","2791739392","2773381120"
"2026-07-17T13:00:49.0743187+08:00","24116","24116;4852;15608","3","2791739392","2773381120","2791739392","2773381120"
"2026-07-17T13:00:49.1848869+08:00","24116","24116;4852;15608","3","2791739392","2773381120","2791739392","2773381120"
"2026-07-17T13:00:49.2941781+08:00","24116","24116;4852;15608","3","2791739392","2773381120","2791739392","2773381120"
"2026-07-17T13:00:49.5167951+08:00","24116","24116;4852;15608","3","2791739392","2773381120","2791739392","2773381120"
"2026-07-17T13:00:49.6406496+08:00","24116","24116;4852;15608","3","2791739392","2773381120","2791739392","2773381120"
"2026-07-17T13:00:49.7506969+08:00","24116","24116;4852;15608","3","2791739392","2773381120","2791739392","2773381120"
"2026-07-17T13:00:49.8620115+08:00","24116","24116;4852;15608","3","2791739392","2773381120","2791739392","2773381120"
"2026-07-17T13:00:49.9881533+08:00","24116","24116;4852;15608","3","2791739392","2773381120","2791739392","2773381120"
"2026-07-17T13:00:50.1134305+08:00","24116","24116;4852;15608","3","2791739392","2773381120","2791739392","2773381120"
"2026-07-17T13:00:50.2398037+08:00","24116","24116;4852;15608","3","2791739392","2773381120","2791739392","2773381120"
"2026-07-17T13:00:50.3502733+08:00","24116","24116;4852;15608","3","2791739392","2773381120","2791739392","2773381120"
"2026-07-17T13:00:50.4613573+08:00","24116","24116;4852;15608","3","2791739392","2773381120","2791739392","2773381120"
"2026-07-17T13:00:50.5721180+08:00","24116","24116;4852;15608","3","2791739392","2773381120","2791739392","2773381120"
"2026-07-17T13:00:50.7912157+08:00","24116","24116;4852;15608","3","2791739392","2773381120","2791739392","2773381120"
"2026-07-17T13:00:50.9017283+08:00","24116","24116;4852;15608","3","2791739392","2773381120","2791739392","2773381120"
"2026-07-17T13:00:51.0116485+08:00","24116","24116;4852;15608","3","2791739392","2773381120","2791739392","2773381120"
"2026-07-17T13:00:51.1234255+08:00","24116","24116;4852;15608","3","2791739392","2773381120","2791739392","2773381120"
"2026-07-17T13:00:51.2320575+08:00","24116","24116;4852;15608","3","2791739392","2773381120","2791739392","2773381120"
"2026-07-17T13:00:51.3421229+08:00","24116","24116;4852;15608","3","2791739392","2773381120","2791739392","2773381120"
"2026-07-17T13:00:51.4515009+08:00","24116","24116;4852;15608","3","2791739392","2773381120","2791739392","2773381120"
"2026-07-17T13:00:51.5617856+08:00","24116","24116;4852;15608","3","2791739392","2773381120","2791739392","2773381120"
"2026-07-17T13:00:51.6730317+08:00","24116","24116;4852;15608","3","2791739392","2773381120","2791739392","2773381120"
"2026-07-17T13:00:51.7824461+08:00","24116","24116;4852;15608","3","2791739392","2773381120","2791739392","2773381120"
"2026-07-17T13:00:52.0197931+08:00","24116","24116;4852;15608","3","2791739392","2773381120","2791739392","2773381120"
"2026-07-17T13:00:52.1446153+08:00","24116","24116;4852;15608","3","2791739392","2773381120","2791739392","2773381120"
"2026-07-17T13:00:52.2715653+08:00","24116","24116;4852;15608","3","2791739392","2773381120","2791739392","2773381120"
"2026-07-17T13:00:52.3816015+08:00","24116","24116;4852;15608","3","2791739392","2773381120","2791739392","2773381120"
"2026-07-17T13:00:52.4913110+08:00","24116","24116;4852;15608","3","2791739392","2773381120","2791739392","2773381120"
"2026-07-17T13:00:52.6010719+08:00","24116","24116;4852;15608","3","2791739392","2773381120","2791739392","2773381120"
"2026-07-17T13:00:52.7126936+08:00","24116","24116;4852;15608","3","2791739392","2773381120","2791739392","2773381120"
"2026-07-17T13:00:52.8238007+08:00","24116","24116;4852;15608","3","2791739392","2773381120","2791739392","2773381120"
"2026-07-17T13:00:52.9342232+08:00","24116","24116;4852;15608","3","2791739392","2773381120","2791739392","2773381120"
"2026-07-17T13:00:53.0432764+08:00","24116","24116;4852;15608","3","2791739392","2773381120","2791739392","2773381120"
"2026-07-17T13:00:53.2632194+08:00","24116","24116;4852;15608","3","2791739392","2773381120","2791739392","2773381120"
"2026-07-17T13:00:53.3738817+08:00","24116","24116;4852;15608","3","2791739392","2773381120","2791739392","2773381120"
"2026-07-17T13:00:53.4839708+08:00","24116","24116;4852;15608","3","2791739392","2773381120","2791739392","2773381120"
"2026-07-17T13:00:53.5944551+08:00","24116","24116;4852;15608","3","2791739392","2773381120","2791739392","2773381120"
"2026-07-17T13:00:53.7052111+08:00","24116","24116;4852;15608","3","2791739392","2773381120","2791739392","2773381120"
"2026-07-17T13:00:53.8309784+08:00","24116","24116;4852;15608","3","2791739392","2773381120","2791739392","2773381120"
"2026-07-17T13:00:53.9573764+08:00","24116","24116;4852;15608","3","2791739392","2773381120","2791739392","2773381120"
"2026-07-17T13:00:54.0830666+08:00","24116","24116;4852;15608","3","2791739392","2773381120","2791739392","2773381120"
"2026-07-17T13:00:54.2092287+08:00","24116","24116;4852;15608","3","2791739392","2773381120","2791739392","2773381120"
"2026-07-17T13:00:54.3193795+08:00","24116","24116;4852;15608","3","2791739392","2773381120","2791739392","2773381120"
"2026-07-17T13:00:54.5548524+08:00","24116","24116;4852;15608","3","2791739392","2773381120","2791739392","2773381120"
"2026-07-17T13:00:54.6637310+08:00","24116","24116;4852;15608","3","2791739392","2773381120","2791739392","2773381120"
"2026-07-17T13:00:54.7738064+08:00","24116","24116;4852;15608","3","2791739392","2773381120","2791739392","2773381120"
"2026-07-17T13:00:54.8834469+08:00","24116","24116;4852;15608","3","2791739392","2773381120","2791739392","2773381120"
"2026-07-17T13:00:54.9927782+08:00","24116","24116;4852;15608","3","2791739392","2773381120","2791739392","2773381120"
"2026-07-17T13:00:55.1035636+08:00","24116","24116;4852;15608","3","2791739392","2773381120","2791739392","2773381120"
"2026-07-17T13:00:55.2139793+08:00","24116","24116;4852;15608","3","2791739392","2773381120","2791739392","2773381120"
"2026-07-17T13:00:55.3238233+08:00","24116","24116;4852;15608","3","2791739392","2773381120","2791739392","2773381120"
"2026-07-17T13:00:55.4327693+08:00","24116","24116;4852;15608","3","2791739392","2773381120","2791739392","2773381120"
"2026-07-17T13:00:55.5441383+08:00","24116","24116;4852;15608","3","2791739392","2773381120","2791739392","2773381120"
"2026-07-17T13:00:55.7625407+08:00","24116","24116;4852;15608","3","2791739392","2773381120","2791739392","2773381120"
"2026-07-17T13:00:55.8717475+08:00","24116","24116;4852;15608","3","2791739392","2773381120","2791739392","2773381120"
"2026-07-17T13:00:55.9823663+08:00","24116","24116;4852;15608","3","2791739392","2773381120","2791739392","2773381120"
"2026-07-17T13:00:56.0918149+08:00","24116","24116;4852;15608","3","2791739392","2773381120","2791739392","2773381120"
"2026-07-17T13:00:56.2023728+08:00","24116","24116;4852;15608","3","2791739392","2773381120","2791739392","2773381120"
"2026-07-17T13:00:56.3126304+08:00","24116","24116;4852;15608","3","2791739392","2773381120","2791739392","2773381120"
"2026-07-17T13:00:56.4237176+08:00","24116","24116;4852;15608","3","2791739392","2773381120","2791739392","2773381120"
"2026-07-17T13:00:56.5491028+08:00","24116","24116;4852;15608","3","2791739392","2773381120","2791739392","2773381120"
"2026-07-17T13:00:56.6757217+08:00","24116","24116;4852;15608","3","2791739392","2773381120","2791739392","2773381120"
"2026-07-17T13:00:56.8014247+08:00","24116","24116;4852;15608","3","2791739392","2773381120","2791739392","2773381120"
"2026-07-17T13:00:57.0369591+08:00","24116","24116;4852;15608","3","2791739392","2773381120","2791739392","2773381120"
"2026-07-17T13:00:57.1471272+08:00","24116","24116;4852;15608","3","2791739392","2773381120","2791739392","2773381120"
"2026-07-17T13:00:57.2578308+08:00","24116","24116;4852;15608","3","2791739392","2773381120","2791739392","2773381120"
"2026-07-17T13:00:57.3684886+08:00","24116","24116;4852;15608","3","2791739392","2773381120","2791739392","2773381120"
"2026-07-17T13:00:57.4794218+08:00","24116","24116;4852;15608","3","2791739392","2773381120","2791739392","2773381120"
"2026-07-17T13:00:57.5898877+08:00","24116","24116;4852;15608","3","2791739392","2773381120","2791739392","2773381120"
"2026-07-17T13:00:57.6993593+08:00","24116","24116;4852;15608","3","2791739392","2773381120","2791739392","2773381120"
"2026-07-17T13:00:57.8096127+08:00","24116","24116;4852;15608","3","2791739392","2773381120","2791739392","2773381120"
"2026-07-17T13:00:57.9213587+08:00","24116","24116;4852;15608","3","2791739392","2773381120","2791739392","2773381120"
"2026-07-17T13:00:58.0305721+08:00","24116","24116;4852;15608","3","2791739392","2773381120","2791739392","2773381120"
"2026-07-17T13:00:58.2497751+08:00","24116","24116;4852;15608","3","2791739392","2773381120","2791739392","2773381120"
"2026-07-17T13:00:58.3606995+08:00","24116","24116;4852;15608","3","2791739392","2773381120","2791739392","2773381120"
"2026-07-17T13:00:58.4717736+08:00","24116","24116;4852;15608","3","2791739392","2773381120","2791739392","2773381120"
"2026-07-17T13:00:58.5961412+08:00","24116","24116;4852;15608","3","2791739392","2773381120","2791739392","2773381120"
"2026-07-17T13:00:58.7229113+08:00","24116","24116;4852;15608","3","2791739392","2773381120","2791739392","2773381120"
"2026-07-17T13:00:58.8479352+08:00","24116","24116;4852;15608","3","2791739392","2773381120","2791739392","2773381120"
"2026-07-17T13:00:58.9743012+08:00","24116","24116;4852;15608","3","2791739392","2773381120","2791739392","2773381120"
"2026-07-17T13:00:59.0852739+08:00","24116","24116;4852;15608","3","2791739392","2773381120","2791739392","2773381120"
"2026-07-17T13:00:59.1961009+08:00","24116","24116;4852;15608","3","2791739392","2773381120","2791739392","2773381120"
"2026-07-17T13:00:59.3060924+08:00","24116","24116;4852;15608","3","2791739392","2773381120","2791739392","2773381120"
"2026-07-17T13:00:59.5424549+08:00","24116","24116;4852;15608","3","2791739392","2773381120","2791739392","2773381120"
"2026-07-17T13:00:59.6510408+08:00","24116","24116;4852;15608","3","2791739392","2773381120","2791739392","2773381120"
"2026-07-17T13:00:59.7620068+08:00","24116","24116;4852;15608","3","2791739392","2773381120","2791739392","2773381120"
"2026-07-17T13:00:59.8715891+08:00","24116","24116;4852;15608","3","2791739392","2773381120","2791739392","2773381120"
"2026-07-17T13:00:59.9807391+08:00","24116","24116;4852;15608","3","2791739392","2773381120","2791739392","2773381120"
"2026-07-17T13:01:00.0903473+08:00","24116","24116;4852;15608","3","2791739392","2773381120","2791739392","2773381120"
"2026-07-17T13:01:00.2020253+08:00","24116","24116;4852;15608","3","2791739392","2773381120","2791739392","2773381120"
"2026-07-17T13:01:00.3116498+08:00","24116","24116;4852;15608","3","2791714816","2773344256","2791714816","2773344256"
"2026-07-17T13:01:00.4225199+08:00","24116","24116;4852;15608","3","2791714816","2773344256","2791714816","2773344256"
"2026-07-17T13:01:00.5323683+08:00","24116","24116;4852;15608","3","2791714816","2773344256","2791714816","2773344256"
"2026-07-17T13:01:00.7684709+08:00","24116","24116;4852;15608","3","2791714816","2773344256","2791714816","2773344256"
"2026-07-17T13:01:00.8934774+08:00","24116","24116;4852;15608","3","2791714816","2773344256","2791714816","2773344256"
"2026-07-17T13:01:01.0196766+08:00","24116","24116;4852;15608","3","2791714816","2773344256","2791714816","2773344256"
"2026-07-17T13:01:01.1454543+08:00","24116","24116;4852;15608","3","2791714816","2773344256","2791714816","2773344256"
"2026-07-17T13:01:01.2700389+08:00","24116","24116;4852;15608","3","2791714816","2773344256","2791714816","2773344256"
"2026-07-17T13:01:01.3952154+08:00","24116","24116;4852;15608","3","2791714816","2773344256","2791714816","2773344256"
"2026-07-17T13:01:01.5214088+08:00","24116","24116;4852;15608","3","2791714816","2773344256","2791714816","2773344256"
"2026-07-17T13:01:01.6315327+08:00","24116","24116;4852;15608","3","2791714816","2773344256","2791714816","2773344256"
"2026-07-17T13:01:01.7420507+08:00","24116","24116;4852;15608","3","2791714816","2773344256","2791714816","2773344256"
"2026-07-17T13:01:01.8517321+08:00","24116","24116;4852;15608","3","2791714816","2773344256","2791714816","2773344256"
"2026-07-17T13:01:02.0729070+08:00","24116","24116;4852;15608","3","2791714816","2773344256","2791714816","2773344256"
"2026-07-17T13:01:02.1815804+08:00","24116","24116;4852;15608","3","2791714816","2773344256","2791714816","2773344256"
"2026-07-17T13:01:02.2919749+08:00","24116","24116;4852;15608","3","2791714816","2773344256","2791714816","2773344256"
"2026-07-17T13:01:02.4026254+08:00","24116","24116;4852;15608","3","2791714816","2773344256","2791714816","2773344256"
"2026-07-17T13:01:02.5133386+08:00","24116","24116;4852;15608","3","2791714816","2773344256","2791714816","2773344256"
"2026-07-17T13:01:02.6237466+08:00","24116","24116;4852;15608","3","2791714816","2773344256","2791714816","2773344256"
"2026-07-17T13:01:02.7357136+08:00","24116","24116;4852;15608","3","2791714816","2773344256","2791714816","2773344256"
"2026-07-17T13:01:02.8452909+08:00","24116","24116;4852;15608","3","2791714816","2773344256","2791714816","2773344256"
"2026-07-17T13:01:02.9686728+08:00","24116","24116;4852;15608","3","2791714816","2773344256","2791714816","2773344256"
"2026-07-17T13:01:03.0781279+08:00","24116","24116;4852;15608","3","2791714816","2773344256","2791714816","2773344256"
"2026-07-17T13:01:03.2975785+08:00","24116","24116;4852;15608","3","2791714816","2773344256","2791714816","2773344256"
"2026-07-17T13:01:03.4084567+08:00","24116","24116;4852;15608","3","2791714816","2773344256","2791714816","2773344256"
"2026-07-17T13:01:03.5333191+08:00","24116","24116;4852;15608","3","2791714816","2773344256","2791714816","2773344256"
"2026-07-17T13:01:03.6592457+08:00","24116","24116;4852;15608","3","2791714816","2773344256","2791714816","2773344256"
"2026-07-17T13:01:03.7859213+08:00","24116","24116;4852;15608","3","2791714816","2773344256","2791714816","2773344256"
"2026-07-17T13:01:03.9113555+08:00","24116","24116;4852;15608","3","2791714816","2773344256","2791714816","2773344256"
"2026-07-17T13:01:04.0382457+08:00","24116","24116;4852;15608","3","2791714816","2773344256","2791714816","2773344256"
"2026-07-17T13:01:04.1467205+08:00","24116","24116;4852;15608","3","2791714816","2773344256","2791714816","2773344256"
"2026-07-17T13:01:04.2578633+08:00","24116","24116;4852;15608","3","2791714816","2773344256","2791714816","2773344256"
"2026-07-17T13:01:04.3675155+08:00","24116","24116;4852;15608","3","2791714816","2773344256","2791714816","2773344256"
"2026-07-17T13:01:04.5871972+08:00","24116","24116;4852;15608","3","2791714816","2773344256","2791714816","2773344256"
"2026-07-17T13:01:04.6956525+08:00","24116","24116;4852;15608","3","2791714816","2773344256","2791714816","2773344256"
"2026-07-17T13:01:04.8059252+08:00","24116","24116;4852;15608","3","2791714816","2773344256","2791714816","2773344256"
"2026-07-17T13:01:04.9166413+08:00","24116","24116;4852;15608","3","2791714816","2773344256","2791714816","2773344256"
"2026-07-17T13:01:05.0279587+08:00","24116","24116;4852;15608","3","2791714816","2773344256","2791714816","2773344256"
"2026-07-17T13:01:05.1369928+08:00","24116","24116;4852;15608","3","2791714816","2773344256","2791714816","2773344256"
"2026-07-17T13:01:05.2485995+08:00","24116","24116;4852;15608","3","2791714816","2773344256","2791714816","2773344256"
"2026-07-17T13:01:05.3582014+08:00","24116","24116;4852;15608","3","2791714816","2773344256","2791714816","2773344256"
"2026-07-17T13:01:05.4678348+08:00","24116","24116;4852;15608","3","2791714816","2773344256","2791714816","2773344256"
"2026-07-17T13:01:05.5776106+08:00","24116","24116;4852;15608","3","2791714816","2773344256","2791714816","2773344256"
"2026-07-17T13:01:05.8129595+08:00","24116","24116;4852;15608","3","2791714816","2773344256","2791714816","2773344256"
"2026-07-17T13:01:05.9229720+08:00","24116","24116;4852;15608","3","2791714816","2773344256","2791714816","2773344256"
"2026-07-17T13:01:06.0325279+08:00","24116","24116;4852;15608","3","2791714816","2773344256","2791714816","2773344256"
"2026-07-17T13:01:06.1591611+08:00","24116","24116;4852;15608","3","2791714816","2773344256","2791714816","2773344256"
"2026-07-17T13:01:06.2842953+08:00","24116","24116;4852;15608","3","2791714816","2773344256","2791714816","2773344256"
"2026-07-17T13:01:06.4098777+08:00","24116","24116;4852;15608","3","2791714816","2773344256","2791714816","2773344256"
"2026-07-17T13:01:06.5368403+08:00","24116","24116;4852;15608","3","2791714816","2773344256","2791714816","2773344256"
"2026-07-17T13:01:06.6625249+08:00","24116","24116;4852;15608","3","2791714816","2773344256","2791714816","2773344256"
"2026-07-17T13:01:06.7730726+08:00","24116","24116;4852;15608","3","2791714816","2773344256","2791714816","2773344256"
"2026-07-17T13:01:06.8837098+08:00","24116","24116;4852;15608","3","2791714816","2773344256","2791714816","2773344256"
"2026-07-17T13:01:07.1036107+08:00","24116","24116;4852;15608","3","2791714816","2773344256","2791714816","2773344256"
"2026-07-17T13:01:07.2149069+08:00","24116","24116;4852;15608","3","2791714816","2773344256","2791714816","2773344256"
"2026-07-17T13:01:07.3223141+08:00","24116","24116;4852;15608","3","2791714816","2773344256","2791714816","2773344256"
"2026-07-17T13:01:07.4323622+08:00","24116","24116;4852;15608","3","2791714816","2773344256","2791714816","2773344256"
"2026-07-17T13:01:07.5411617+08:00","24116","24116;4852;15608","3","2791714816","2773344256","2791714816","2773344256"
"2026-07-17T13:01:07.6522017+08:00","24116","24116;4852;15608","3","2791714816","2773344256","2791714816","2773344256"
"2026-07-17T13:01:07.7629250+08:00","24116","24116;4852;15608","3","2791714816","2773344256","2791714816","2773344256"
"2026-07-17T13:01:07.8725501+08:00","24116","24116;4852;15608","3","2791714816","2773344256","2791714816","2773344256"
"2026-07-17T13:01:07.9816178+08:00","24116","24116;4852;15608","3","2791714816","2773344256","2791714816","2773344256"
"2026-07-17T13:01:08.0932502+08:00","24116","24116;4852;15608","3","2791714816","2773344256","2791714816","2773344256"
"2026-07-17T13:01:08.3103667+08:00","24116","24116;4852;15608","3","2791714816","2773344256","2791714816","2773344256"
"2026-07-17T13:01:08.4197491+08:00","24116","24116;4852;15608","3","2791714816","2773344256","2791714816","2773344256"
"2026-07-17T13:01:08.5285283+08:00","24116","24116;4852;15608","3","2791714816","2773344256","2791714816","2773344256"
"2026-07-17T13:01:08.6393520+08:00","24116","24116;4852;15608","3","2791714816","2773344256","2791714816","2773344256"
"2026-07-17T13:01:08.7506028+08:00","24116","24116;4852;15608","3","2791714816","2773344256","2791714816","2773344256"
"2026-07-17T13:01:08.8609206+08:00","24116","24116;4852;15608","3","2791714816","2773344256","2791714816","2773344256"
"2026-07-17T13:01:08.9860961+08:00","24116","24116;4852;15608","3","2791714816","2773344256","2791714816","2773344256"
"2026-07-17T13:01:09.1122862+08:00","24116","24116;4852;15608","3","2791714816","2773344256","2791714816","2773344256"
"2026-07-17T13:01:09.2377990+08:00","24116","24116;4852;15608","3","2791714816","2773344256","2791714816","2773344256"
"2026-07-17T13:01:09.3627638+08:00","24116","24116;4852;15608","3","2791714816","2773344256","2791714816","2773344256"
"2026-07-17T13:01:09.5957682+08:00","24116","24116;4852;15608","3","2791714816","2773344256","2791714816","2773344256"
"2026-07-17T13:01:09.7224569+08:00","24116","24116;4852;15608","3","2791714816","2773344256","2791714816","2773344256"
"2026-07-17T13:01:09.8475728+08:00","24116","24116;4852;15608","3","2791714816","2773344256","2791714816","2773344256"
"2026-07-17T13:01:09.9731337+08:00","24116","24116;4852;15608","3","2791714816","2773344256","2791714816","2773344256"
"2026-07-17T13:01:10.0993776+08:00","24116","24116;4852;15608","3","2791714816","2773344256","2791714816","2773344256"
"2026-07-17T13:01:10.2101210+08:00","24116","24116;4852;15608","3","2791714816","2773344256","2791714816","2773344256"
"2026-07-17T13:01:10.3218906+08:00","24116","24116;4852;15608","3","2791714816","2773344256","2791714816","2773344256"
"2026-07-17T13:01:10.4311006+08:00","24116","24116;4852;15608","3","2791714816","2773344256","2791714816","2773344256"
"2026-07-17T13:01:10.5413713+08:00","24116","24116;4852;15608","3","2791714816","2773344256","2791714816","2773344256"
"2026-07-17T13:01:10.6498666+08:00","24116","24116;4852;15608","3","2791714816","2773344256","2791714816","2773344256"
"2026-07-17T13:01:10.8716541+08:00","24116","24116;4852;15608","3","2791714816","2773344256","2791714816","2773344256"
"2026-07-17T13:01:10.9814888+08:00","24116","24116;4852;15608","3","2791714816","2773344256","2791714816","2773344256"
"2026-07-17T13:01:11.0931107+08:00","24116","24116;4852;15608","3","2791714816","2773344256","2791714816","2773344256"
"2026-07-17T13:01:11.2026923+08:00","24116","24116;4852;15608","3","2791714816","2773344256","2791714816","2773344256"
"2026-07-17T13:01:11.3126960+08:00","24116","24116;4852;15608","3","2791714816","2773344256","2791714816","2773344256"
"2026-07-17T13:01:11.4228459+08:00","24116","24116;4852;15608","3","2791714816","2773344256","2791714816","2773344256"
"2026-07-17T13:01:11.5331975+08:00","24116","24116;4852;15608","3","2791714816","2773344256","2791714816","2773344256"
"2026-07-17T13:01:11.6592284+08:00","24116","24116;4852;15608","3","2791714816","2773344256","2791714816","2773344256"
"2026-07-17T13:01:11.7838101+08:00","24116","24116;4852;15608","3","2791714816","2773344256","2791714816","2773344256"
"2026-07-17T13:01:11.9091210+08:00","24116","24116;4852;15608","3","2791714816","2773344256","2791714816","2773344256"
"2026-07-17T13:01:12.1427320+08:00","24116","24116;4852;15608","3","2791714816","2773344256","2791714816","2773344256"
"2026-07-17T13:01:12.2683037+08:00","24116","24116;4852;15608","3","2791714816","2773344256","2791714816","2773344256"
"2026-07-17T13:01:12.3938984+08:00","24116","24116;4852;15608","3","2791714816","2773344256","2791714816","2773344256"
"2026-07-17T13:01:12.5216311+08:00","24116","24116;4852;15608","3","2791714816","2773344256","2791714816","2773344256"
"2026-07-17T13:01:12.6459504+08:00","24116","24116;4852;15608","3","2791714816","2773344256","2791714816","2773344256"
"2026-07-17T13:01:12.7705810+08:00","24116","24116;4852;15608","3","2791718912","2773344256","2791718912","2773344256"
"2026-07-17T13:01:12.8815561+08:00","24116","24116;4852;15608","3","2791718912","2773344256","2791718912","2773344256"
"2026-07-17T13:01:12.9909430+08:00","24116","24116;4852;15608","3","2791718912","2773344256","2791718912","2773344256"
"2026-07-17T13:01:13.1016254+08:00","24116","24116;4852;15608","3","2791718912","2773344256","2791718912","2773344256"
"2026-07-17T13:01:13.2121836+08:00","24116","24116;4852;15608","3","2791718912","2773344256","2791718912","2773344256"
"2026-07-17T13:01:13.4328918+08:00","24116","24116;4852;15608","3","2791718912","2773344256","2791718912","2773344256"
"2026-07-17T13:01:13.5428676+08:00","24116","24116;4852;15608","3","2791718912","2773344256","2791718912","2773344256"
"2026-07-17T13:01:13.6537132+08:00","24116","24116;4852;15608","3","2791718912","2773344256","2791718912","2773344256"
"2026-07-17T13:01:13.7641745+08:00","24116","24116;4852;15608","3","2791718912","2773344256","2791718912","2773344256"
"2026-07-17T13:01:13.8737049+08:00","24116","24116;4852;15608","3","2791718912","2773344256","2791718912","2773344256"
"2026-07-17T13:01:13.9842461+08:00","24116","24116;4852;15608","3","2791718912","2773344256","2791718912","2773344256"
"2026-07-17T13:01:14.0947216+08:00","24116","24116;4852;15608","3","2791718912","2773344256","2791718912","2773344256"
"2026-07-17T13:01:14.2036329+08:00","24116","24116;4852;15608","3","2791718912","2773344256","2791718912","2773344256"
"2026-07-17T13:01:14.3133819+08:00","24116","24116;4852;15608","3","2791718912","2773344256","2791718912","2773344256"
"2026-07-17T13:01:14.4208457+08:00","24116","24116;4852;15608","3","2791718912","2773344256","2791718912","2773344256"
"2026-07-17T13:01:14.6410299+08:00","24116","24116;4852;15608","3","2791718912","2773344256","2791718912","2773344256"
"2026-07-17T13:01:14.7517293+08:00","24116","24116;4852;15608","3","2791718912","2773344256","2791718912","2773344256"
"2026-07-17T13:01:14.8767039+08:00","24116","24116;4852;15608","3","2791718912","2773344256","2791718912","2773344256"
"2026-07-17T13:01:15.0018071+08:00","24116","24116;4852;15608","3","2791718912","2773344256","2791718912","2773344256"
"2026-07-17T13:01:15.1275135+08:00","24116","24116;4852;15608","3","2791718912","2773344256","2791718912","2773344256"
"2026-07-17T13:01:15.2527725+08:00","24116","24116;4852;15608","3","2791718912","2773344256","2791718912","2773344256"
"2026-07-17T13:01:15.3776023+08:00","24116","24116;4852;15608","3","2791718912","2773344256","2791718912","2773344256"
"2026-07-17T13:01:15.5035292+08:00","24116","24116;4852;15608","3","2791718912","2773344256","2791718912","2773344256"
"2026-07-17T13:01:15.6268784+08:00","24116","24116;4852;15608","3","2791718912","2773344256","2791718912","2773344256"
"2026-07-17T13:01:15.7513051+08:00","24116","24116;4852;15608","3","2791718912","2773344256","2791718912","2773344256"
"2026-07-17T13:01:15.9711697+08:00","24116","24116;4852;15608","3","2791718912","2773344256","2791718912","2773344256"
"2026-07-17T13:01:16.0955840+08:00","24116","24116;4852;15608","3","2791718912","2773344256","2791718912","2773344256"
"2026-07-17T13:01:16.2223353+08:00","24116","24116;4852;15608","3","2791718912","2773344256","2791718912","2773344256"
"2026-07-17T13:01:16.3475036+08:00","24116","24116;4852;15608","3","2791718912","2773344256","2791718912","2773344256"
"2026-07-17T13:01:16.4734951+08:00","24116","24116;4852;15608","3","2791718912","2773344256","2791718912","2773344256"
"2026-07-17T13:01:16.5993982+08:00","24116","24116;4852;15608","3","2791718912","2773344256","2791718912","2773344256"
"2026-07-17T13:01:16.7240270+08:00","24116","24116;4852;15608","3","2791718912","2773344256","2791718912","2773344256"
"2026-07-17T13:01:16.8480292+08:00","24116","24116;4852;15608","3","2791718912","2773344256","2791718912","2773344256"
"2026-07-17T13:01:16.9753450+08:00","24116","24116;4852;15608","3","2791718912","2773344256","2791718912","2773344256"
"2026-07-17T13:01:17.0849865+08:00","24116","24116;4852;15608","3","2791718912","2773344256","2791718912","2773344256"
"2026-07-17T13:01:17.3040949+08:00","24116","24116;4852;15608","3","2791718912","2773344256","2791718912","2773344256"
"2026-07-17T13:01:17.4147225+08:00","24116","24116;4852;15608","3","2791718912","2773344256","2791718912","2773344256"
"2026-07-17T13:01:17.5238553+08:00","24116","24116;4852;15608","3","2791718912","2773344256","2791718912","2773344256"
"2026-07-17T13:01:17.6338037+08:00","24116","24116;4852;15608","3","2791718912","2773344256","2791718912","2773344256"
"2026-07-17T13:01:17.7430097+08:00","24116","24116;4852;15608","3","2791718912","2773344256","2791718912","2773344256"
"2026-07-17T13:01:17.8547767+08:00","24116","24116;4852;15608","3","2791718912","2773344256","2791718912","2773344256"
"2026-07-17T13:01:17.9644064+08:00","24116","24116;4852;15608","3","2791718912","2773344256","2791718912","2773344256"
"2026-07-17T13:01:18.0729431+08:00","24116","24116;4852;15608","3","2791718912","2773344256","2791718912","2773344256"
"2026-07-17T13:01:18.1834862+08:00","24116","24116;4852;15608","3","2791718912","2773344256","2791718912","2773344256"
"2026-07-17T13:01:18.2928336+08:00","24116","24116;4852;15608","3","2791718912","2773344256","2791718912","2773344256"
"2026-07-17T13:01:18.5141918+08:00","24116","24116;4852;15608","3","2791718912","2773344256","2791718912","2773344256"
"2026-07-17T13:01:18.6244955+08:00","24116","24116;4852;15608","3","2791718912","2773344256","2791718912","2773344256"
"2026-07-17T13:01:18.7338082+08:00","24116","24116;4852;15608","3","2791718912","2773344256","2791718912","2773344256"
"2026-07-17T13:01:18.8436640+08:00","24116","24116;4852;15608","3","2791718912","2773344256","2791718912","2773344256"
"2026-07-17T13:01:18.9531946+08:00","24116","24116;4852;15608","3","2791718912","2773344256","2791718912","2773344256"
"2026-07-17T13:01:19.0644311+08:00","24116","24116;4852;15608","3","2791718912","2773344256","2791718912","2773344256"
"2026-07-17T13:01:19.1892546+08:00","24116","24116;4852;15608","3","2791718912","2773344256","2791718912","2773344256"
"2026-07-17T13:01:19.3156146+08:00","24116","24116;4852;15608","3","2791718912","2773344256","2791718912","2773344256"
"2026-07-17T13:01:19.4413930+08:00","24116","24116;4852;15608","3","2791718912","2773344256","2791718912","2773344256"
"2026-07-17T13:01:19.5683929+08:00","24116","24116;4852;15608","3","2791718912","2773344256","2791718912","2773344256"
"2026-07-17T13:01:19.7886691+08:00","24116","24116;4852;15608","3","2791718912","2773344256","2791718912","2773344256"
"2026-07-17T13:01:19.9000711+08:00","24116","24116;4852;15608","3","2791718912","2773344256","2791718912","2773344256"
"2026-07-17T13:01:20.0105708+08:00","24116","24116;4852;15608","3","2791718912","2773344256","2791718912","2773344256"
"2026-07-17T13:01:20.1215051+08:00","24116","24116;4852;15608","3","2791718912","2773344256","2791718912","2773344256"
"2026-07-17T13:01:20.2316145+08:00","24116","24116;4852;15608","3","2791718912","2773344256","2791718912","2773344256"
"2026-07-17T13:01:20.3402952+08:00","24116","24116;4852;15608","3","2791718912","2773344256","2791718912","2773344256"
"2026-07-17T13:01:20.4497669+08:00","24116","24116;4852;15608","3","2791718912","2773344256","2791718912","2773344256"
"2026-07-17T13:01:20.5599058+08:00","24116","24116;4852;15608","3","2791718912","2773344256","2791718912","2773344256"
"2026-07-17T13:01:20.6716247+08:00","24116","24116;4852;15608","3","2791718912","2773344256","2791718912","2773344256"
"2026-07-17T13:01:20.7806401+08:00","24116","24116;4852;15608","3","2791718912","2773344256","2791718912","2773344256"
"2026-07-17T13:01:20.9990577+08:00","24116","24116;4852;15608","3","2791718912","2773344256","2791718912","2773344256"
"2026-07-17T13:01:21.1092615+08:00","24116","24116;4852;15608","3","2791718912","2773344256","2791718912","2773344256"
"2026-07-17T13:01:21.2193059+08:00","24116","24116;4852;15608","3","2791718912","2773344256","2791718912","2773344256"
"2026-07-17T13:01:21.3279798+08:00","24116","24116;4852;15608","3","2791718912","2773344256","2791718912","2773344256"
"2026-07-17T13:01:21.4394120+08:00","24116","24116;4852;15608","3","2791718912","2773344256","2791718912","2773344256"
"2026-07-17T13:01:21.5668333+08:00","24116","24116;4852;15608","3","2791718912","2773344256","2791718912","2773344256"
"2026-07-17T13:01:21.6924828+08:00","24116","24116;4852;15608","3","2791718912","2773344256","2791718912","2773344256"
"2026-07-17T13:01:21.8170873+08:00","24116","24116;4852;15608","3","2791718912","2773344256","2791718912","2773344256"
"2026-07-17T13:01:21.9433199+08:00","24116","24116;4852;15608","3","2791718912","2773344256","2791718912","2773344256"
"2026-07-17T13:01:22.0536988+08:00","24116","24116;4852;15608","3","2791718912","2773344256","2791718912","2773344256"
"2026-07-17T13:01:22.2721633+08:00","24116","24116;4852;15608","3","2791718912","2773344256","2791718912","2773344256"
"2026-07-17T13:01:22.3817292+08:00","24116","24116;4852;15608","3","2791718912","2773344256","2791718912","2773344256"
"2026-07-17T13:01:22.4919553+08:00","24116","24116;4852;15608","3","2791718912","2773344256","2791718912","2773344256"
"2026-07-17T13:01:22.6032015+08:00","24116","24116;4852;15608","3","2791718912","2773344256","2791718912","2773344256"
"2026-07-17T13:01:22.7138867+08:00","24116","24116;4852;15608","3","2791718912","2773344256","2791718912","2773344256"
"2026-07-17T13:01:22.8240203+08:00","24116","24116;4852;15608","3","2791718912","2773344256","2791718912","2773344256"
"2026-07-17T13:01:22.9351528+08:00","24116","24116;4852;15608","3","2791718912","2773344256","2791718912","2773344256"
"2026-07-17T13:01:23.0458714+08:00","24116","24116;4852;15608","3","2791718912","2773344256","2791718912","2773344256"
"2026-07-17T13:01:23.1555118+08:00","24116","24116;4852;15608","3","2791718912","2773344256","2791718912","2773344256"
"2026-07-17T13:01:23.2654585+08:00","24116","24116;4852;15608","3","2791718912","2773344256","2791718912","2773344256"
"2026-07-17T13:01:23.4844634+08:00","24116","24116;4852;15608","3","2791718912","2773344256","2791718912","2773344256"
"2026-07-17T13:01:23.5920595+08:00","24116","24116;4852;15608","3","2791718912","2773344256","2791718912","2773344256"
"2026-07-17T13:01:23.7029431+08:00","24116","24116;4852;15608","3","2791718912","2773344256","2791718912","2773344256"
"2026-07-17T13:01:23.8122456+08:00","24116","24116;4852;15608","3","2791718912","2773344256","2791718912","2773344256"
"2026-07-17T13:01:23.9222394+08:00","24116","24116;4852;15608","3","2791718912","2773344256","2791718912","2773344256"
"2026-07-17T13:01:24.0316746+08:00","24116","24116;4852;15608","3","2791718912","2773344256","2791718912","2773344256"
"2026-07-17T13:01:24.1405574+08:00","24116","24116;4852;15608","3","2791718912","2773344256","2791718912","2773344256"
"2026-07-17T13:01:24.2501670+08:00","24116","24116;4852;15608","3","2791718912","2773344256","2791718912","2773344256"
"2026-07-17T13:01:24.3603643+08:00","24116","24116;4852;15608","3","2791718912","2773344256","2791718912","2773344256"
"2026-07-17T13:01:24.4707589+08:00","24116","24116;4852;15608","3","2791718912","2773344256","2791718912","2773344256"
"2026-07-17T13:01:24.7051052+08:00","24116","24116;4852;15608","3","2791718912","2773344256","2791718912","2773344256"
"2026-07-17T13:01:24.8288464+08:00","24116","24116;4852;15608","3","2791718912","2773344256","2791718912","2773344256"
"2026-07-17T13:01:24.9391922+08:00","24116","24116;4852;15608","3","2791718912","2773344256","2791718912","2773344256"
"2026-07-17T13:01:25.0663116+08:00","24116","24116;4852;15608","3","2791718912","2773344256","2791718912","2773344256"
"2026-07-17T13:01:25.1926201+08:00","24116","24116;4852;15608","3","2791718912","2773344256","2791718912","2773344256"
"2026-07-17T13:01:25.3168639+08:00","24116","24116;4852;15608","3","2791718912","2773344256","2791718912","2773344256"
"2026-07-17T13:01:25.4435406+08:00","24116","24116;4852;15608","3","2791718912","2773344256","2791718912","2773344256"
"2026-07-17T13:01:25.5537303+08:00","24116","24116;4852;15608","3","2791718912","2773344256","2791718912","2773344256"
"2026-07-17T13:01:25.6646618+08:00","24116","24116;4852;15608","3","2791718912","2773344256","2791718912","2773344256"
"2026-07-17T13:01:25.7756531+08:00","24116","24116;4852;15608","3","2791718912","2773344256","2791718912","2773344256"
"2026-07-17T13:01:26.0136552+08:00","24116","24116;4852;15608","3","2791718912","2773344256","2791718912","2773344256"
"2026-07-17T13:01:26.1239582+08:00","24116","24116;4852;15608","3","2791718912","2773344256","2791718912","2773344256"
"2026-07-17T13:01:26.2336555+08:00","24116","24116;4852;15608","3","2791718912","2773344256","2791718912","2773344256"
"2026-07-17T13:01:26.3432947+08:00","24116","24116;4852;15608","3","2791718912","2773344256","2791718912","2773344256"
"2026-07-17T13:01:26.4538775+08:00","24116","24116;4852;15608","3","2791718912","2773344256","2791718912","2773344256"
"2026-07-17T13:01:26.5638963+08:00","24116","24116;4852;15608","3","2791718912","2773344256","2791718912","2773344256"
"2026-07-17T13:01:26.6751255+08:00","24116","24116;4852;15608","3","2791763968","2773352448","2791763968","2773352448"
"2026-07-17T13:01:26.7983314+08:00","24116","24116;4852;15608","3","2791784448","2776838144","2791784448","2776838144"
"2026-07-17T13:01:26.9238522+08:00","24116","24116;4852;15608","3","2791784448","2776838144","2791784448","2776838144"
"2026-07-17T13:01:27.0505636+08:00","24116","24116;4852;15608","3","2791784448","2776838144","2791784448","2776838144"
"2026-07-17T13:01:27.2673969+08:00","24116","24116;4852;15608","3","2794737664","2773438464","2794737664","2773438464"
"2026-07-17T13:01:27.3902254+08:00","24116","24116;4852;15608","3","2794737664","2773438464","2794737664","2773438464"
"2026-07-17T13:01:27.4996944+08:00","24116","24116;4852;15608","3","2794737664","2773438464","2794737664","2773438464"
"2026-07-17T13:01:27.6092525+08:00","24116","24116;4852;15608","3","2794737664","2773438464","2794737664","2773438464"
"2026-07-17T13:01:27.7197272+08:00","24116","24116;4852;15608","3","2794737664","2773438464","2794737664","2773438464"
"2026-07-17T13:01:27.8275228+08:00","24116","24116;4852;15608","3","2794737664","2773438464","2794737664","2773438464"
"2026-07-17T13:01:27.9378054+08:00","24116","24116;4852;15608","3","2794737664","2773438464","2794737664","2773438464"
"2026-07-17T13:01:28.0480203+08:00","24116","24116;4852;15608","3","2794737664","2773438464","2794737664","2773438464"
"2026-07-17T13:01:28.1569466+08:00","24116","24116;4852;15608","3","2794737664","2773438464","2794737664","2773438464"
"2026-07-17T13:01:28.2675887+08:00","24116","24116;4852;15608","3","2794737664","2773438464","2794737664","2773438464"
"2026-07-17T13:01:28.5019105+08:00","24116","24116;4852;15608","3","2794790912","2773393408","2794790912","2773393408"
"2026-07-17T13:01:28.6282485+08:00","24116","24116;4852;15608","3","2794790912","2773393408","2794790912","2773393408"
"2026-07-17T13:01:28.7530486+08:00","24116","24116;4852;15608","3","2794790912","2773393408","2794790912","2773393408"
"2026-07-17T13:01:28.8792090+08:00","24116","24116;4852;15608","3","2794790912","2773393408","2794790912","2773393408"
"2026-07-17T13:01:29.0048153+08:00","24116","24116;4852;15608","3","2794790912","2773393408","2794790912","2773393408"
"2026-07-17T13:01:29.1298528+08:00","24116","24116;4852;15608","3","2794790912","2773393408","2794790912","2773393408"
"2026-07-17T13:01:29.2563369+08:00","24116","24116;4852;15608","3","2794790912","2773393408","2794790912","2773393408"
"2026-07-17T13:01:29.3662396+08:00","24116","24116;4852;15608","3","2794790912","2773393408","2794790912","2773393408"
"2026-07-17T13:01:29.4751078+08:00","24116","24116;4852;15608","3","2794790912","2773393408","2794790912","2773393408"
"2026-07-17T13:01:29.5852095+08:00","24116","24116;4852;15608","3","2794790912","2773393408","2794790912","2773393408"
"2026-07-17T13:01:29.8067588+08:00","24116","24116;4852;15608","3","2794790912","2773393408","2794790912","2773393408"
"2026-07-17T13:01:29.9169934+08:00","24116","24116;4852;15608","3","2794790912","2773393408","2794790912","2773393408"
"2026-07-17T13:01:30.0264556+08:00","24116","24116;4852;15608","3","2794790912","2773393408","2794790912","2773393408"
"2026-07-17T13:01:30.1358157+08:00","24116","24116;4852;15608","3","2794790912","2773393408","2794790912","2773393408"
"2026-07-17T13:01:30.2464975+08:00","24116","24116;4852;15608","3","2794790912","2773393408","2794790912","2773393408"
"2026-07-17T13:01:30.3567816+08:00","24116","24116;4852;15608","3","2794770432","2773360640","2794770432","2773360640"
"2026-07-17T13:01:30.4673033+08:00","24116","24116;4852;15608","3","2794770432","2773360640","2794770432","2773360640"
"2026-07-17T13:01:30.5777045+08:00","24116","24116;4852;15608","3","2794770432","2773360640","2794770432","2773360640"
"2026-07-17T13:01:30.6887680+08:00","24116","24116;4852;15608","3","2794770432","2773360640","2794770432","2773360640"
"2026-07-17T13:01:30.7998078+08:00","24116","24116;4852;15608","3","2794770432","2773360640","2794770432","2773360640"
"2026-07-17T13:01:31.0357033+08:00","24116","24116;4852;15608","3","2794770432","2773360640","2794770432","2773360640"
"2026-07-17T13:01:31.1626309+08:00","24116","24116;4852;15608","3","2794770432","2773360640","2794770432","2773360640"
"2026-07-17T13:01:31.2734924+08:00","24116","24116;4852;15608","3","2794770432","2773360640","2794770432","2773360640"
"2026-07-17T13:01:31.3829917+08:00","24116","24116;4852;15608","3","2794770432","2773360640","2794770432","2773360640"
"2026-07-17T13:01:31.4928395+08:00","24116","24116;4852;15608","3","2794770432","2773360640","2794770432","2773360640"
"2026-07-17T13:01:31.6027943+08:00","24116","24116;4852;15608","3","2794770432","2773360640","2794770432","2773360640"
"2026-07-17T13:01:31.7132980+08:00","24116","24116;4852;15608","3","2794770432","2773360640","2794770432","2773360640"
"2026-07-17T13:01:31.8249079+08:00","24116","24116;4852;15608","3","2794770432","2773360640","2794770432","2773360640"
"2026-07-17T13:01:31.9345308+08:00","24116","24116;4852;15608","3","2794770432","2773360640","2794770432","2773360640"
"2026-07-17T13:01:32.0438096+08:00","24116","24116;4852;15608","3","2794770432","2773360640","2794770432","2773360640"
"2026-07-17T13:01:32.2637496+08:00","24116","24116;4852;15608","3","2794770432","2773360640","2794770432","2773360640"
"2026-07-17T13:01:32.3738671+08:00","24116","24116;4852;15608","3","2794770432","2773360640","2794770432","2773360640"
"2026-07-17T13:01:32.4849009+08:00","24116","24116;4852;15608","3","2794770432","2773360640","2794770432","2773360640"
"2026-07-17T13:01:32.5927711+08:00","24116","24116;4852;15608","3","2794770432","2773360640","2794770432","2773360640"
"2026-07-17T13:01:32.7029139+08:00","24116","24116;4852;15608","3","2794770432","2773360640","2794770432","2773360640"
"2026-07-17T13:01:32.8136191+08:00","24116","24116;4852;15608","3","2794770432","2773360640","2794770432","2773360640"
"2026-07-17T13:01:32.9244414+08:00","24116","24116;4852;15608","3","2794770432","2773360640","2794770432","2773360640"
"2026-07-17T13:01:33.0488815+08:00","24116","24116;4852;15608","3","2794770432","2773360640","2794770432","2773360640"
"2026-07-17T13:01:33.1736873+08:00","24116","24116;4852;15608","3","2794770432","2773360640","2794770432","2773360640"
"2026-07-17T13:01:33.3009138+08:00","24116","24116;4852;15608","3","2794770432","2773360640","2794770432","2773360640"
"2026-07-17T13:01:33.5212551+08:00","24116","24116;4852;15608","3","2794770432","2773360640","2794770432","2773360640"
"2026-07-17T13:01:33.6463804+08:00","24116","24116;4852;15608","3","2794770432","2773360640","2794770432","2773360640"
"2026-07-17T13:01:33.7714286+08:00","24116","24116;4852;15608","3","2794770432","2773360640","2794770432","2773360640"
"2026-07-17T13:01:33.8829193+08:00","24116","24116;4852;15608","3","2794770432","2773360640","2794770432","2773360640"
"2026-07-17T13:01:33.9938337+08:00","24116","24116;4852;15608","3","2794770432","2773360640","2794770432","2773360640"
"2026-07-17T13:01:34.1016387+08:00","24116","24116;4852;15608","3","2794770432","2773360640","2794770432","2773360640"
"2026-07-17T13:01:34.2119857+08:00","24116","24116;4852;15608","3","2794770432","2773360640","2794770432","2773360640"
"2026-07-17T13:01:34.3217865+08:00","24116","24116;4852;15608","3","2794770432","2773360640","2794770432","2773360640"
"2026-07-17T13:01:34.4324449+08:00","24116","24116;4852;15608","3","2794770432","2773360640","2794770432","2773360640"
"2026-07-17T13:01:34.5418679+08:00","24116","24116;4852;15608","3","2794770432","2773360640","2794770432","2773360640"
"2026-07-17T13:01:34.7591712+08:00","24116","24116;4852;15608","3","2794770432","2773360640","2794770432","2773360640"
"2026-07-17T13:01:34.8692881+08:00","24116","24116;4852;15608","3","2794770432","2773360640","2794770432","2773360640"
"2026-07-17T13:01:34.9798920+08:00","24116","24116;4852;15608","3","2794770432","2773360640","2794770432","2773360640"
"2026-07-17T13:01:35.0901647+08:00","24116","24116;4852;15608","3","2794770432","2773360640","2794770432","2773360640"
"2026-07-17T13:01:35.1994243+08:00","24116","24116;4852;15608","3","2794770432","2773360640","2794770432","2773360640"
"2026-07-17T13:01:35.3097794+08:00","24116","24116;4852;15608","3","2794770432","2773360640","2794770432","2773360640"
"2026-07-17T13:01:35.4200944+08:00","24116","24116;4852;15608","3","2794770432","2773360640","2794770432","2773360640"
"2026-07-17T13:01:35.5295741+08:00","24116","24116;4852;15608","3","2794770432","2773360640","2794770432","2773360640"
"2026-07-17T13:01:35.6389925+08:00","24116","24116;4852;15608","3","2794770432","2773360640","2794770432","2773360640"
"2026-07-17T13:01:35.7513729+08:00","24116","24116;4852;15608","3","2794770432","2773360640","2794770432","2773360640"
"2026-07-17T13:01:35.9867887+08:00","24116","24116;4852;15608","3","2794770432","2773360640","2794770432","2773360640"
"2026-07-17T13:01:36.1126354+08:00","24116","24116;4852;15608","3","2794770432","2773360640","2794770432","2773360640"
"2026-07-17T13:01:36.2379059+08:00","24116","24116;4852;15608","3","2794770432","2773360640","2794770432","2773360640"
"2026-07-17T13:01:36.3631152+08:00","24116","24116;4852;15608","3","2794770432","2773360640","2794770432","2773360640"
"2026-07-17T13:01:36.4891145+08:00","24116","24116;4852;15608","3","2794770432","2773360640","2794770432","2773360640"
"2026-07-17T13:01:36.6154718+08:00","24116","24116;4852;15608","3","2794770432","2773360640","2794770432","2773360640"
"2026-07-17T13:01:36.7254736+08:00","24116","24116;4852;15608","3","2794770432","2773360640","2794770432","2773360640"
"2026-07-17T13:01:36.8349116+08:00","24116","24116;4852;15608","3","2794770432","2773360640","2794770432","2773360640"
"2026-07-17T13:01:36.9456235+08:00","24116","24116;4852;15608","3","2794770432","2773360640","2794770432","2773360640"
"2026-07-17T13:01:37.0562517+08:00","24116","24116;4852;15608","3","2794770432","2773360640","2794770432","2773360640"
"2026-07-17T13:01:37.2746523+08:00","24116","24116;4852;15608","3","2794770432","2773360640","2794770432","2773360640"
"2026-07-17T13:01:37.3839611+08:00","24116","24116;4852;15608","3","2794770432","2773360640","2794770432","2773360640"
"2026-07-17T13:01:37.4937116+08:00","24116","24116;4852;15608","3","2794770432","2773360640","2794770432","2773360640"
"2026-07-17T13:01:37.6033665+08:00","24116","24116;4852;15608","3","2794770432","2773360640","2794770432","2773360640"
"2026-07-17T13:01:37.7125475+08:00","24116","24116;4852;15608","3","2794770432","2773360640","2794770432","2773360640"
"2026-07-17T13:01:37.8227892+08:00","24116","24116;4852;15608","3","2794770432","2773360640","2794770432","2773360640"
"2026-07-17T13:01:37.9308097+08:00","24116","24116;4852;15608","3","2794770432","2773360640","2794770432","2773360640"
"2026-07-17T13:01:38.0408795+08:00","24116","24116;4852;15608","3","2794770432","2773360640","2794770432","2773360640"
"2026-07-17T13:01:38.1526439+08:00","24116","24116;4852;15608","3","2794770432","2773360640","2794770432","2773360640"
"2026-07-17T13:01:38.2613367+08:00","24116","24116;4852;15608","3","2794770432","2773360640","2794770432","2773360640"
"2026-07-17T13:01:38.4808957+08:00","24116","24116;4852;15608","3","2794770432","2773360640","2794770432","2773360640"
"2026-07-17T13:01:38.5899845+08:00","24116","24116;4852;15608","3","2794770432","2773360640","2794770432","2773360640"
"2026-07-17T13:01:38.7004119+08:00","24116","24116;4852;15608","3","2794770432","2773360640","2794770432","2773360640"
"2026-07-17T13:01:38.8105270+08:00","24116","24116;4852;15608","3","2794770432","2773360640","2794770432","2773360640"
"2026-07-17T13:01:38.9211970+08:00","24116","24116;4852;15608","3","2794770432","2773360640","2794770432","2773360640"
"2026-07-17T13:01:39.0298446+08:00","24116","24116;4852;15608","3","2794770432","2773360640","2794770432","2773360640"
"2026-07-17T13:01:39.1388546+08:00","24116","24116;4852;15608","3","2794770432","2773360640","2794770432","2773360640"
"2026-07-17T13:01:39.2489301+08:00","24116","24116;4852;15608","3","2794770432","2773360640","2794770432","2773360640"
"2026-07-17T13:01:39.3603024+08:00","24116","24116;4852;15608","3","2794770432","2773360640","2794770432","2773360640"
"2026-07-17T13:01:39.4709452+08:00","24116","24116;4852;15608","3","2794770432","2773360640","2794770432","2773360640"
"2026-07-17T13:01:39.7063889+08:00","24116","24116;4852;15608","3","2794770432","2773360640","2794770432","2773360640"
"2026-07-17T13:01:39.8325311+08:00","24116","24116;4852;15608","3","2794770432","2773360640","2794770432","2773360640"
"2026-07-17T13:01:39.9580896+08:00","24116","24116;4852;15608","3","2794770432","2773360640","2794770432","2773360640"
"2026-07-17T13:01:40.0827841+08:00","24116","24116;4852;15608","3","2794770432","2773360640","2794770432","2773360640"
"2026-07-17T13:01:40.2087992+08:00","24116","24116;4852;15608","3","2794770432","2773360640","2794770432","2773360640"
"2026-07-17T13:01:40.3198230+08:00","24116","24116;4852;15608","3","2794770432","2773360640","2794770432","2773360640"
"2026-07-17T13:01:40.4292080+08:00","24116","24116;4852;15608","3","2794770432","2773360640","2794770432","2773360640"
"2026-07-17T13:01:40.5387433+08:00","24116","24116;4852;15608","3","2794770432","2773360640","2794770432","2773360640"
"2026-07-17T13:01:40.6489562+08:00","24116","24116;4852;15608","3","2794770432","2773360640","2794770432","2773360640"
"2026-07-17T13:01:40.7591247+08:00","24116","24116;4852;15608","3","2794770432","2773360640","2794770432","2773360640"
"2026-07-17T13:01:40.9949438+08:00","24116","24116;4852;15608","3","2794770432","2773360640","2794770432","2773360640"
"2026-07-17T13:01:41.1058895+08:00","24116","24116;4852;15608","3","2794770432","2773360640","2794770432","2773360640"
"2026-07-17T13:01:41.2169545+08:00","24116","24116;4852;15608","3","2794770432","2773360640","2794770432","2773360640"
"2026-07-17T13:01:41.3260083+08:00","24116","24116;4852;15608","3","2794770432","2773360640","2794770432","2773360640"
"2026-07-17T13:01:41.4380954+08:00","24116","24116;4852;15608","3","2794770432","2773360640","2794770432","2773360640"
"2026-07-17T13:01:41.5452969+08:00","24116","24116;4852;15608","3","2794770432","2773360640","2794770432","2773360640"
"2026-07-17T13:01:41.6565003+08:00","24116","24116;4852;15608","3","2794770432","2773360640","2794770432","2773360640"
"2026-07-17T13:01:41.7639569+08:00","24116","24116;4852;15608","3","2794770432","2773360640","2794770432","2773360640"
"2026-07-17T13:01:41.8745985+08:00","24116","24116;4852;15608","3","2794770432","2773360640","2794770432","2773360640"
"2026-07-17T13:01:41.9849398+08:00","24116","24116;4852;15608","3","2794770432","2773360640","2794770432","2773360640"
"2026-07-17T13:01:42.2225367+08:00","24116","24116;4852;15608","3","2794770432","2773360640","2794770432","2773360640"
"2026-07-17T13:01:42.3463898+08:00","24116","24116;4852;15608","3","2794770432","2773360640","2794770432","2773360640"
"2026-07-17T13:01:42.4708940+08:00","24116","24116;4852;15608","3","2794770432","2773360640","2794770432","2773360640"
"2026-07-17T13:01:42.5974691+08:00","24116","24116;4852;15608","3","2794770432","2773360640","2794770432","2773360640"
"2026-07-17T13:01:42.7240918+08:00","24116","24116;4852;15608","3","2794770432","2773360640","2794770432","2773360640"
"2026-07-17T13:01:42.8492583+08:00","24116","24116;4852;15608","3","2794770432","2773360640","2794770432","2773360640"
"2026-07-17T13:01:42.9742766+08:00","24116","24116;4852;15608","3","2794770432","2773360640","2794770432","2773360640"
"2026-07-17T13:01:43.0997807+08:00","24116","24116;4852;15608","3","2794770432","2773360640","2794770432","2773360640"
"2026-07-17T13:01:43.2101946+08:00","24116","24116;4852;15608","3","2794770432","2773360640","2794770432","2773360640"
"2026-07-17T13:01:43.3210001+08:00","24116","24116;4852;15608","3","2794770432","2773360640","2794770432","2773360640"
"2026-07-17T13:01:43.5553330+08:00","24116","24116;4852;15608","3","2794770432","2773360640","2794770432","2773360640"
"2026-07-17T13:01:43.6654751+08:00","24116","24116;4852;15608","3","2794770432","2773360640","2794770432","2773360640"
"2026-07-17T13:01:43.7749632+08:00","24116","24116;4852;15608","3","2794770432","2773360640","2794770432","2773360640"
"2026-07-17T13:01:43.8856671+08:00","24116","24116;4852;15608","3","2794770432","2773360640","2794770432","2773360640"
"2026-07-17T13:01:43.9965754+08:00","24116","24116;4852;15608","3","2794770432","2773360640","2794770432","2773360640"
"2026-07-17T13:01:44.1077163+08:00","24116","24116;4852;15608","3","2794770432","2773360640","2794770432","2773360640"
"2026-07-17T13:01:44.2175988+08:00","24116","24116;4852;15608","3","2794770432","2773360640","2794770432","2773360640"
"2026-07-17T13:01:44.3285612+08:00","24116","24116;4852;15608","3","2794770432","2773360640","2794770432","2773360640"
"2026-07-17T13:01:44.4385789+08:00","24116","24116;4852;15608","3","2794770432","2773360640","2794770432","2773360640"
"2026-07-17T13:01:44.5460981+08:00","24116","24116;4852;15608","3","2794770432","2773360640","2794770432","2773360640"
"2026-07-17T13:01:44.7660902+08:00","24116","24116;4852;15608","3","2794770432","2773360640","2794770432","2773360640"
"2026-07-17T13:01:44.8766166+08:00","24116","24116;4852;15608","3","2794770432","2773360640","2794770432","2773360640"
"2026-07-17T13:01:45.0020309+08:00","24116","24116;4852;15608","3","2794770432","2773360640","2794770432","2773360640"
"2026-07-17T13:01:45.1275355+08:00","24116","24116;4852;15608","3","2794770432","2773360640","2794770432","2773360640"
"2026-07-17T13:01:45.2532503+08:00","24116","24116;4852;15608","3","2794770432","2773360640","2794770432","2773360640"
"2026-07-17T13:01:45.3795754+08:00","24116","24116;4852;15608","3","2794770432","2773360640","2794770432","2773360640"
"2026-07-17T13:01:45.5044959+08:00","24116","24116;4852;15608","3","2794770432","2773360640","2794770432","2773360640"
"2026-07-17T13:01:45.6303241+08:00","24116","24116;4852;15608","3","2794770432","2773360640","2794770432","2773360640"
"2026-07-17T13:01:45.7555428+08:00","24116","24116;4852;15608","3","2794770432","2773360640","2794770432","2773360640"
"2026-07-17T13:01:45.8662974+08:00","24116","24116;4852;15608","3","2794770432","2773360640","2794770432","2773360640"
"2026-07-17T13:01:46.0850744+08:00","24116","24116;4852;15608","3","2794770432","2773360640","2794770432","2773360640"
"2026-07-17T13:01:46.1945563+08:00","24116","24116;4852;15608","3","2794770432","2773360640","2794770432","2773360640"
"2026-07-17T13:01:46.3048118+08:00","24116","24116;4852;15608","3","2794770432","2773360640","2794770432","2773360640"
"2026-07-17T13:01:46.4139025+08:00","24116","24116;4852;15608","3","2794770432","2773360640","2794770432","2773360640"
"2026-07-17T13:01:46.5229879+08:00","24116","24116;4852;15608","3","2794770432","2773360640","2794770432","2773360640"
"2026-07-17T13:01:46.6316906+08:00","24116","24116;4852;15608","3","2794770432","2773360640","2794770432","2773360640"
"2026-07-17T13:01:46.7418387+08:00","24116","24116;4852;15608","3","2794770432","2773360640","2794770432","2773360640"
"2026-07-17T13:01:46.8520113+08:00","24116","24116;4852;15608","3","2794770432","2773360640","2794770432","2773360640"
"2026-07-17T13:01:46.9613974+08:00","24116","24116;4852;15608","3","2794770432","2773360640","2794770432","2773360640"
"2026-07-17T13:01:47.0721778+08:00","24116","24116;4852;15608","3","2794770432","2773360640","2794770432","2773360640"
"2026-07-17T13:01:47.2925601+08:00","24116","24116;4852;15608","3","2794770432","2773360640","2794770432","2773360640"
"2026-07-17T13:01:47.4028101+08:00","24116","24116;4852;15608","3","2794770432","2773360640","2794770432","2773360640"
"2026-07-17T13:01:47.5129204+08:00","24116","24116;4852;15608","3","2794770432","2773360640","2794770432","2773360640"
"2026-07-17T13:01:47.6237347+08:00","24116","24116;4852;15608","3","2794770432","2773360640","2794770432","2773360640"
"2026-07-17T13:01:47.7332543+08:00","24116","24116;4852;15608","3","2794770432","2773360640","2794770432","2773360640"
"2026-07-17T13:01:47.8434905+08:00","24116","24116;4852;15608","3","2794770432","2773360640","2794770432","2773360640"
"2026-07-17T13:01:47.9535703+08:00","24116","24116;4852;15608","3","2794770432","2773360640","2794770432","2773360640"
"2026-07-17T13:01:48.0638021+08:00","24116","24116;4852;15608","3","2794770432","2773360640","2794770432","2773360640"
"2026-07-17T13:01:48.1739169+08:00","24116","24116;4852;15608","3","2794770432","2773360640","2794770432","2773360640"
"2026-07-17T13:01:48.2975899+08:00","24116","24116;4852;15608","3","2794770432","2773360640","2794770432","2773360640"
"2026-07-17T13:01:48.5169642+08:00","24116","24116;4852;15608","3","2794770432","2773360640","2794770432","2773360640"
"2026-07-17T13:01:48.6283065+08:00","24116","24116;4852;15608","3","2794770432","2773360640","2794770432","2773360640"
"2026-07-17T13:01:48.7554932+08:00","24116","24116;4852;15608","3","2794770432","2773360640","2794770432","2773360640"
"2026-07-17T13:01:48.8814391+08:00","24116","24116;4852;15608","3","2794770432","2773360640","2794770432","2773360640"
"2026-07-17T13:01:48.9915866+08:00","24116","24116;4852;15608","3","2794770432","2773360640","2794770432","2773360640"
"2026-07-17T13:01:49.1016307+08:00","24116","24116;4852;15608","3","2794770432","2773360640","2794770432","2773360640"
"2026-07-17T13:01:49.2105283+08:00","24116","24116;4852;15608","3","2794770432","2773360640","2794770432","2773360640"
"2026-07-17T13:01:49.3201686+08:00","24116","24116;4852;15608","3","2794770432","2773360640","2794770432","2773360640"
"2026-07-17T13:01:49.4301549+08:00","24116","24116;4852;15608","3","2794770432","2773360640","2794770432","2773360640"
"2026-07-17T13:01:49.5396042+08:00","24116","24116;4852;15608","3","2794770432","2773360640","2794770432","2773360640"
"2026-07-17T13:01:49.7598090+08:00","24116","24116;4852;15608","3","2794770432","2773360640","2794770432","2773360640"
"2026-07-17T13:01:49.8708280+08:00","24116","24116;4852;15608","3","2794770432","2773360640","2794770432","2773360640"
"2026-07-17T13:01:49.9818594+08:00","24116","24116;4852;15608","3","2794770432","2773360640","2794770432","2773360640"
"2026-07-17T13:01:50.0909489+08:00","24116","24116;4852;15608","3","2794770432","2773360640","2794770432","2773360640"
"2026-07-17T13:01:50.2011744+08:00","24116","24116;4852;15608","3","2794770432","2773360640","2794770432","2773360640"
"2026-07-17T13:01:50.3111295+08:00","24116","24116;4852;15608","3","2794770432","2773360640","2794770432","2773360640"
"2026-07-17T13:01:50.4220883+08:00","24116","24116;4852;15608","3","2794770432","2773360640","2794770432","2773360640"
"2026-07-17T13:01:50.5311779+08:00","24116","24116;4852;15608","3","2794770432","2773360640","2794770432","2773360640"
"2026-07-17T13:01:50.6409383+08:00","24116","24116;4852;15608","3","2794770432","2773360640","2794770432","2773360640"
"2026-07-17T13:01:50.7522407+08:00","24116","24116;4852;15608","3","2794770432","2773360640","2794770432","2773360640"
"2026-07-17T13:01:51.0026825+08:00","24116","24116;4852;15608","3","2794770432","2773360640","2794770432","2773360640"
"2026-07-17T13:01:51.1270132+08:00","24116","24116;4852;15608","3","2794770432","2773360640","2794770432","2773360640"
"2026-07-17T13:01:51.2533366+08:00","24116","24116;4852;15608","3","2794770432","2773360640","2794770432","2773360640"
"2026-07-17T13:01:51.3796571+08:00","24116","24116;4852;15608","3","2794770432","2773360640","2794770432","2773360640"
"2026-07-17T13:01:51.5046101+08:00","24116","24116;4852;15608","3","2794770432","2773360640","2794770432","2773360640"
"2026-07-17T13:01:51.6304656+08:00","24116","24116;4852;15608","3","2794770432","2773360640","2794770432","2773360640"
"2026-07-17T13:01:51.7566782+08:00","24116","24116;4852;15608","3","2794770432","2773360640","2794770432","2773360640"
"2026-07-17T13:01:51.8665994+08:00","24116","24116;4852;15608","3","2794770432","2773360640","2794770432","2773360640"
"2026-07-17T13:01:51.9773401+08:00","24116","24116;4852;15608","3","2794770432","2773360640","2794770432","2773360640"
"2026-07-17T13:01:52.0875227+08:00","24116","24116;4852;15608","3","2794770432","2773360640","2794770432","2773360640"
"2026-07-17T13:01:52.3065004+08:00","24116","24116;4852;15608","3","2794770432","2773360640","2794770432","2773360640"
"2026-07-17T13:01:52.4166500+08:00","24116","24116;4852;15608","3","2794770432","2773360640","2794770432","2773360640"
"2026-07-17T13:01:52.5264133+08:00","24116","24116;4852;15608","3","2794770432","2773360640","2794770432","2773360640"
"2026-07-17T13:01:52.6373435+08:00","24116","24116;4852;15608","3","2794770432","2773360640","2794770432","2773360640"
"2026-07-17T13:01:52.7468838+08:00","24116","24116;4852;15608","3","2794770432","2773360640","2794770432","2773360640"
"2026-07-17T13:01:52.8558434+08:00","24116","24116;4852;15608","3","2794770432","2773360640","2794770432","2773360640"
"2026-07-17T13:01:52.9657663+08:00","24116","24116;4852;15608","3","2794770432","2773360640","2794770432","2773360640"
"2026-07-17T13:01:53.0764906+08:00","24116","24116;4852;15608","3","2794770432","2773360640","2794770432","2773360640"
"2026-07-17T13:01:53.1867729+08:00","24116","24116;4852;15608","3","2794770432","2773360640","2794770432","2773360640"
"2026-07-17T13:01:53.2970636+08:00","24116","24116;4852;15608","3","2794770432","2773360640","2794770432","2773360640"
"2026-07-17T13:01:53.5158355+08:00","24116","24116;4852;15608","3","2794770432","2773360640","2794770432","2773360640"
"2026-07-17T13:01:53.6266494+08:00","24116","24116;4852;15608","3","2794770432","2773360640","2794770432","2773360640"
"2026-07-17T13:01:53.7508727+08:00","24116","24116;4852;15608","3","2794770432","2773360640","2794770432","2773360640"
"2026-07-17T13:01:53.8617191+08:00","24116","24116;4852;15608","3","2794770432","2773360640","2794770432","2773360640"
"2026-07-17T13:01:53.9875105+08:00","24116","24116;4852;15608","3","2794770432","2773360640","2794770432","2773360640"
"2026-07-17T13:01:54.1134073+08:00","24116","24116;4852;15608","3","2794770432","2773360640","2794770432","2773360640"
"2026-07-17T13:01:54.2416174+08:00","24116","24116;4852;15608","3","2794770432","2773360640","2794770432","2773360640"
"2026-07-17T13:01:54.3653600+08:00","24116","24116;4852;15608","3","2794770432","2773360640","2794770432","2773360640"
"2026-07-17T13:01:54.4908692+08:00","24116","24116;4852;15608","3","2794770432","2773360640","2794770432","2773360640"
"2026-07-17T13:01:54.6145939+08:00","24116","24116;4852;15608","3","2794770432","2773360640","2794770432","2773360640"
"2026-07-17T13:01:54.8493957+08:00","24116","24116;4852;15608","3","2794770432","2773360640","2794770432","2773360640"
"2026-07-17T13:01:54.9742885+08:00","24116","24116;4852;15608","3","2794770432","2773360640","2794770432","2773360640"
"2026-07-17T13:01:55.1001124+08:00","24116","24116;4852;15608","3","2794770432","2773360640","2794770432","2773360640"
"2026-07-17T13:01:55.2101643+08:00","24116","24116;4852;15608","3","2794770432","2773360640","2794770432","2773360640"
"2026-07-17T13:01:55.3211350+08:00","24116","24116;4852;15608","3","2794770432","2773360640","2794770432","2773360640"
"2026-07-17T13:01:55.4299358+08:00","24116","24116;4852;15608","3","2794770432","2773360640","2794770432","2773360640"
"2026-07-17T13:01:55.5394409+08:00","24116","24116;4852;15608","3","2794770432","2773360640","2794770432","2773360640"
"2026-07-17T13:01:55.6501682+08:00","24116","24116;4852;15608","3","2794770432","2773360640","2794770432","2773360640"
"2026-07-17T13:01:55.7602647+08:00","24116","24116;4852;15608","3","2794770432","2773360640","2794770432","2773360640"
"2026-07-17T13:01:55.8683830+08:00","24116","24116;4852;15608","3","2794770432","2773360640","2794770432","2773360640"
"2026-07-17T13:01:56.0887778+08:00","24116","24116;4852;15608","3","2794770432","2773360640","2794770432","2773360640"
"2026-07-17T13:01:56.1984826+08:00","24116","24116;4852;15608","3","2794770432","2773360640","2794770432","2773360640"
"2026-07-17T13:01:56.3079931+08:00","24116","24116;4852;15608","3","2794770432","2773360640","2794770432","2773360640"
"2026-07-17T13:01:56.4174733+08:00","24116","24116;4852;15608","3","2794770432","2773360640","2794770432","2773360640"
"2026-07-17T13:01:56.5271821+08:00","24116","24116;4852;15608","3","2794770432","2773360640","2794770432","2773360640"
"2026-07-17T13:01:56.6370490+08:00","24116","24116;4852;15608","3","2794770432","2773360640","2794770432","2773360640"
"2026-07-17T13:01:56.7482669+08:00","24116","24116;4852;15608","3","2794770432","2773360640","2794770432","2773360640"
"2026-07-17T13:01:56.8550658+08:00","24116","24116;4852;15608","3","2794770432","2773360640","2794770432","2773360640"
"2026-07-17T13:01:56.9643111+08:00","24116","24116;4852;15608","3","2794770432","2773360640","2794770432","2773360640"
"2026-07-17T13:01:57.0741809+08:00","24116","24116;4852;15608","3","2794770432","2773360640","2794770432","2773360640"
"2026-07-17T13:01:57.3078362+08:00","24116","24116;4852;15608","3","2794770432","2773360640","2794770432","2773360640"
"2026-07-17T13:01:57.4172274+08:00","24116","24116;4852;15608","3","2794770432","2773360640","2794770432","2773360640"
"2026-07-17T13:01:57.5267784+08:00","24116","24116;4852;15608","3","2794770432","2773360640","2794770432","2773360640"
"2026-07-17T13:01:57.6373858+08:00","24116","24116;4852;15608","3","2794770432","2773360640","2794770432","2773360640"
"2026-07-17T13:01:57.7445998+08:00","24116","24116;4852;15608","3","2794770432","2773360640","2794770432","2773360640"
"2026-07-17T13:01:57.8545918+08:00","24116","24116;4852;15608","3","2794770432","2773360640","2794770432","2773360640"
"2026-07-17T13:01:57.9650179+08:00","24116","24116;4852;15608","3","2794770432","2773360640","2794770432","2773360640"
"2026-07-17T13:01:58.0750071+08:00","24116","24116;4852;15608","3","2794770432","2773360640","2794770432","2773360640"
"2026-07-17T13:01:58.1855451+08:00","24116","24116;4852;15608","3","2794770432","2773360640","2794770432","2773360640"
"2026-07-17T13:01:58.2956731+08:00","24116","24116;4852;15608","3","2794770432","2773360640","2794770432","2773360640"
"2026-07-17T13:01:58.5134835+08:00","24116","24116;4852;15608","3","2794770432","2773360640","2794770432","2773360640"
"2026-07-17T13:01:58.6236276+08:00","24116","24116;4852;15608","3","2794770432","2773360640","2794770432","2773360640"
"2026-07-17T13:01:58.7336452+08:00","24116","24116;4852;15608","3","2794770432","2773360640","2794770432","2773360640"
"2026-07-17T13:01:58.8440791+08:00","24116","24116;4852;15608","3","2794770432","2773360640","2794770432","2773360640"
"2026-07-17T13:01:58.9555241+08:00","24116","24116;4852;15608","3","2794770432","2773360640","2794770432","2773360640"
"2026-07-17T13:01:59.0798773+08:00","24116","24116;4852;15608","3","2794770432","2773360640","2794770432","2773360640"
"2026-07-17T13:01:59.2052828+08:00","24116","24116;4852;15608","3","2794770432","2773360640","2794770432","2773360640"
"2026-07-17T13:01:59.3306315+08:00","24116","24116;4852;15608","3","2794770432","2773360640","2794770432","2773360640"
"2026-07-17T13:01:59.4566184+08:00","24116","24116;4852;15608","3","2794770432","2773360640","2794770432","2773360640"
"2026-07-17T13:01:59.5817697+08:00","24116","24116;4852;15608","3","2794770432","2773360640","2794770432","2773360640"
"2026-07-17T13:01:59.8150017+08:00","24116","24116;4852;15608","3","2794770432","2773360640","2794770432","2773360640"
"2026-07-17T13:01:59.9410871+08:00","24116","24116;4852;15608","3","2794770432","2773360640","2794770432","2773360640"
"2026-07-17T13:02:00.0671568+08:00","24116","24116;4852;15608","3","2794770432","2773360640","2794770432","2773360640"
"2026-07-17T13:02:00.1925078+08:00","24116","24116;4852;15608","3","2794770432","2773360640","2794770432","2773360640"
"2026-07-17T13:02:00.3168593+08:00","24116","24116;4852;15608","3","2794745856","2773323776","2794745856","2773323776"
"2026-07-17T13:02:00.4436382+08:00","24116","24116;4852;15608","3","2794745856","2773323776","2794745856","2773323776"
"2026-07-17T13:02:00.5686978+08:00","24116","24116;4852;15608","3","2794745856","2773323776","2794745856","2773323776"
"2026-07-17T13:02:00.6788803+08:00","24116","24116;4852;15608","3","2794737664","2773323776","2794737664","2773323776"
"2026-07-17T13:02:00.7892452+08:00","24116","24116;4852;15608","3","2794737664","2773323776","2794737664","2773323776"
"2026-07-17T13:02:00.8995981+08:00","24116","24116;4852;15608","3","2794737664","2773323776","2794737664","2773323776"
"2026-07-17T13:02:01.1193060+08:00","24116","24116;4852;15608","3","2794737664","2773323776","2794737664","2773323776"
"2026-07-17T13:02:01.2281313+08:00","24116","24116;4852;15608","3","2794737664","2773323776","2794737664","2773323776"
"2026-07-17T13:02:01.3392581+08:00","24116","24116;4852;15608","3","2794737664","2773323776","2794737664","2773323776"
"2026-07-17T13:02:01.4492536+08:00","24116","24116;4852;15608","3","2794737664","2773323776","2794737664","2773323776"
"2026-07-17T13:02:01.5595238+08:00","24116","24116;4852;15608","3","2794737664","2773323776","2794737664","2773323776"
"2026-07-17T13:02:01.6696563+08:00","24116","24116;4852;15608","3","2794737664","2773323776","2794737664","2773323776"
"2026-07-17T13:02:01.7785550+08:00","24116","24116;4852;15608","3","2794737664","2773323776","2794737664","2773323776"
"2026-07-17T13:02:01.8880778+08:00","24116","24116;4852;15608","3","2794737664","2773323776","2794737664","2773323776"
"2026-07-17T13:02:01.9990861+08:00","24116","24116;4852;15608","3","2794737664","2773323776","2794737664","2773323776"
"2026-07-17T13:02:02.1100935+08:00","24116","24116;4852;15608","3","2794737664","2773323776","2794737664","2773323776"
"2026-07-17T13:02:02.3293629+08:00","24116","24116;4852;15608","3","2794737664","2773323776","2794737664","2773323776"
"2026-07-17T13:02:02.4396821+08:00","24116","24116;4852;15608","3","2794737664","2773323776","2794737664","2773323776"
"2026-07-17T13:02:02.5661882+08:00","24116","24116;4852;15608","3","2794737664","2773323776","2794737664","2773323776"
"2026-07-17T13:02:02.6923505+08:00","24116","24116;4852;15608","3","2794737664","2773323776","2794737664","2773323776"
"2026-07-17T13:02:02.8183171+08:00","24116","24116;4852;15608","3","2794737664","2773323776","2794737664","2773323776"
"2026-07-17T13:02:02.9439224+08:00","24116","24116;4852;15608","3","2794737664","2773323776","2794737664","2773323776"
"2026-07-17T13:02:03.0555258+08:00","24116","24116;4852;15608","3","2794737664","2773323776","2794737664","2773323776"
"2026-07-17T13:02:03.1662606+08:00","24116","24116;4852;15608","3","2794737664","2773323776","2794737664","2773323776"
"2026-07-17T13:02:03.2761698+08:00","24116","24116;4852;15608","3","2794737664","2773323776","2794737664","2773323776"
"2026-07-17T13:02:03.3868751+08:00","24116","24116;4852;15608","3","2794737664","2773323776","2794737664","2773323776"
"2026-07-17T13:02:03.6069234+08:00","24116","24116;4852;15608","3","2794737664","2773323776","2794737664","2773323776"
"2026-07-17T13:02:03.7173608+08:00","24116","24116;4852;15608","3","2794737664","2773323776","2794737664","2773323776"
"2026-07-17T13:02:03.8272753+08:00","24116","24116;4852;15608","3","2794737664","2773323776","2794737664","2773323776"
"2026-07-17T13:02:03.9376464+08:00","24116","24116;4852;15608","3","2794737664","2773323776","2794737664","2773323776"
"2026-07-17T13:02:04.0466154+08:00","24116","24116;4852;15608","3","2794737664","2773323776","2794737664","2773323776"
"2026-07-17T13:02:04.1566721+08:00","24116","24116;4852;15608","3","2794737664","2773323776","2794737664","2773323776"
"2026-07-17T13:02:04.2661266+08:00","24116","24116;4852;15608","3","2794737664","2773323776","2794737664","2773323776"
"2026-07-17T13:02:04.3913085+08:00","24116","24116;4852;15608","3","2794737664","2773323776","2794737664","2773323776"
"2026-07-17T13:02:04.4998525+08:00","24116","24116;4852;15608","3","2794737664","2773323776","2794737664","2773323776"
"2026-07-17T13:02:04.6099318+08:00","24116","24116;4852;15608","3","2794737664","2773323776","2794737664","2773323776"
"2026-07-17T13:02:04.8297285+08:00","24116","24116;4852;15608","3","2794737664","2773323776","2794737664","2773323776"
"2026-07-17T13:02:04.9563258+08:00","24116","24116;4852;15608","3","2794737664","2773323776","2794737664","2773323776"
"2026-07-17T13:02:05.0808549+08:00","24116","24116;4852;15608","3","2794737664","2773323776","2794737664","2773323776"
"2026-07-17T13:02:05.2076455+08:00","24116","24116;4852;15608","3","2794737664","2773323776","2794737664","2773323776"
"2026-07-17T13:02:05.3334201+08:00","24116","24116;4852;15608","3","2794737664","2773323776","2794737664","2773323776"
"2026-07-17T13:02:05.4598091+08:00","24116","24116;4852;15608","3","2794737664","2773323776","2794737664","2773323776"
"2026-07-17T13:02:05.5843911+08:00","24116","24116;4852;15608","3","2794737664","2773323776","2794737664","2773323776"
"2026-07-17T13:02:05.7082739+08:00","24116","24116;4852;15608","3","2794737664","2773323776","2794737664","2773323776"
"2026-07-17T13:02:05.8342584+08:00","24116","24116;4852;15608","3","2794737664","2773323776","2794737664","2773323776"
"2026-07-17T13:02:05.9593857+08:00","24116","24116;4852;15608","3","2794737664","2773323776","2794737664","2773323776"
"2026-07-17T13:02:06.1793020+08:00","24116","24116;4852;15608","3","2794737664","2773323776","2794737664","2773323776"
"2026-07-17T13:02:06.2899211+08:00","24116","24116;4852;15608","3","2794737664","2773323776","2794737664","2773323776"
"2026-07-17T13:02:06.4010066+08:00","24116","24116;4852;15608","3","2794737664","2773323776","2794737664","2773323776"
"2026-07-17T13:02:06.5119688+08:00","24116","24116;4852;15608","3","2794737664","2773323776","2794737664","2773323776"
"2026-07-17T13:02:06.6218230+08:00","24116","24116;4852;15608","3","2794737664","2773323776","2794737664","2773323776"
"2026-07-17T13:02:06.7328622+08:00","24116","24116;4852;15608","3","2794737664","2773323776","2794737664","2773323776"
"2026-07-17T13:02:06.8419861+08:00","24116","24116;4852;15608","3","2794737664","2773323776","2794737664","2773323776"
"2026-07-17T13:02:06.9521614+08:00","24116","24116;4852;15608","3","2794737664","2773323776","2794737664","2773323776"
"2026-07-17T13:02:07.0629782+08:00","24116","24116;4852;15608","3","2794737664","2773323776","2794737664","2773323776"
"2026-07-17T13:02:07.1731854+08:00","24116","24116;4852;15608","3","2794737664","2773323776","2794737664","2773323776"
"2026-07-17T13:02:07.3925569+08:00","24116","24116;4852;15608","3","2794737664","2773323776","2794737664","2773323776"
"2026-07-17T13:02:07.5198576+08:00","24116","24116;4852;15608","3","2794737664","2773323776","2794737664","2773323776"
"2026-07-17T13:02:07.6454248+08:00","24116","24116;4852;15608","3","2794737664","2773323776","2794737664","2773323776"
"2026-07-17T13:02:07.7711818+08:00","24116","24116;4852;15608","3","2794737664","2773323776","2794737664","2773323776"
"2026-07-17T13:02:07.8969708+08:00","24116","24116;4852;15608","3","2794737664","2773323776","2794737664","2773323776"
"2026-07-17T13:02:08.0076860+08:00","24116","24116;4852;15608","3","2794737664","2773323776","2794737664","2773323776"
"2026-07-17T13:02:08.1187539+08:00","24116","24116;4852;15608","3","2794737664","2773323776","2794737664","2773323776"
"2026-07-17T13:02:08.2288379+08:00","24116","24116;4852;15608","3","2794737664","2773323776","2794737664","2773323776"
"2026-07-17T13:02:08.3396928+08:00","24116","24116;4852;15608","3","2794737664","2773323776","2794737664","2773323776"
"2026-07-17T13:02:08.4497559+08:00","24116","24116;4852;15608","3","2794737664","2773323776","2794737664","2773323776"
"2026-07-17T13:02:08.6695711+08:00","24116","24116;4852;15608","3","2794737664","2773323776","2794737664","2773323776"
"2026-07-17T13:02:08.7791413+08:00","24116","24116;4852;15608","3","2794737664","2773323776","2794737664","2773323776"
"2026-07-17T13:02:08.8883807+08:00","24116","24116;4852;15608","3","2794737664","2773323776","2794737664","2773323776"
"2026-07-17T13:02:08.9989473+08:00","24116","24116;4852;15608","3","2794737664","2773323776","2794737664","2773323776"
"2026-07-17T13:02:09.1085612+08:00","24116","24116;4852;15608","3","2794737664","2773323776","2794737664","2773323776"
"2026-07-17T13:02:09.2186339+08:00","24116","24116;4852;15608","3","2794737664","2773323776","2794737664","2773323776"
"2026-07-17T13:02:09.3282550+08:00","24116","24116;4852;15608","3","2794737664","2773323776","2794737664","2773323776"
"2026-07-17T13:02:09.4383814+08:00","24116","24116;4852;15608","3","2794737664","2773323776","2794737664","2773323776"
"2026-07-17T13:02:09.5487057+08:00","24116","24116;4852;15608","3","2794737664","2773323776","2794737664","2773323776"
"2026-07-17T13:02:09.6739212+08:00","24116","24116;4852;15608","3","2794737664","2773323776","2794737664","2773323776"
"2026-07-17T13:02:09.9093754+08:00","24116","24116;4852;15608","3","2794737664","2773323776","2794737664","2773323776"
"2026-07-17T13:02:10.0342194+08:00","24116","24116;4852;15608","3","2794737664","2773323776","2794737664","2773323776"
"2026-07-17T13:02:10.1601343+08:00","24116","24116;4852;15608","3","2794737664","2773323776","2794737664","2773323776"
"2026-07-17T13:02:10.2870922+08:00","24116","24116;4852;15608","3","2794737664","2773323776","2794737664","2773323776"
"2026-07-17T13:02:10.4118823+08:00","24116","24116;4852;15608","3","2794737664","2773323776","2794737664","2773323776"
"2026-07-17T13:02:10.5217219+08:00","24116","24116;4852;15608","3","2794737664","2773323776","2794737664","2773323776"
"2026-07-17T13:02:10.6448834+08:00","24116","24116;4852;15608","3","2794737664","2773323776","2794737664","2773323776"
"2026-07-17T13:02:10.7716936+08:00","24116","24116;4852;15608","3","2794737664","2773323776","2794737664","2773323776"
"2026-07-17T13:02:10.8824763+08:00","24116","24116;4852;15608","3","2794737664","2773323776","2794737664","2773323776"
"2026-07-17T13:02:10.9924552+08:00","24116","24116;4852;15608","3","2794737664","2773323776","2794737664","2773323776"
"2026-07-17T13:02:11.2111611+08:00","24116","24116;4852;15608","3","2794737664","2773323776","2794737664","2773323776"
"2026-07-17T13:02:11.3210283+08:00","24116","24116;4852;15608","3","2794737664","2773323776","2794737664","2773323776"
"2026-07-17T13:02:11.4322243+08:00","24116","24116;4852;15608","3","2794737664","2773323776","2794737664","2773323776"
"2026-07-17T13:02:11.5418746+08:00","24116","24116;4852;15608","3","2794737664","2773323776","2794737664","2773323776"
"2026-07-17T13:02:11.6527456+08:00","24116","24116;4852;15608","3","2794737664","2773323776","2794737664","2773323776"
"2026-07-17T13:02:11.7623568+08:00","24116","24116;4852;15608","3","2794737664","2773323776","2794737664","2773323776"
"2026-07-17T13:02:11.8715047+08:00","24116","24116;4852;15608","3","2794737664","2773323776","2794737664","2773323776"
"2026-07-17T13:02:11.9801257+08:00","24116","24116;4852;15608","3","2794737664","2773323776","2794737664","2773323776"
"2026-07-17T13:02:12.0894167+08:00","24116","24116;4852;15608","3","2794737664","2773323776","2794737664","2773323776"
"2026-07-17T13:02:12.2006018+08:00","24116","24116;4852;15608","3","2794737664","2773323776","2794737664","2773323776"
"2026-07-17T13:02:12.4212271+08:00","24116","24116;4852;15608","3","2794737664","2773323776","2794737664","2773323776"
"2026-07-17T13:02:12.5306912+08:00","24116","24116;4852;15608","3","2794737664","2773323776","2794737664","2773323776"
"2026-07-17T13:02:12.6409400+08:00","24116","24116;4852;15608","3","2794737664","2773323776","2794737664","2773323776"
"2026-07-17T13:02:12.7529445+08:00","24116","24116;4852;15608","3","2794737664","2773323776","2794737664","2773323776"
"2026-07-17T13:02:12.8783800+08:00","24116","24116;4852;15608","3","2794737664","2773323776","2794737664","2773323776"
"2026-07-17T13:02:13.0046522+08:00","24116","24116;4852;15608","3","2794737664","2773323776","2794737664","2773323776"
"2026-07-17T13:02:13.1316202+08:00","24116","24116;4852;15608","3","2794737664","2773323776","2794737664","2773323776"
"2026-07-17T13:02:13.2423147+08:00","24116","24116;4852;15608","3","2794737664","2773323776","2794737664","2773323776"
"2026-07-17T13:02:13.3534211+08:00","24116","24116;4852;15608","3","2794737664","2773323776","2794737664","2773323776"
"2026-07-17T13:02:13.4638691+08:00","24116","24116;4852;15608","3","2794737664","2773323776","2794737664","2773323776"
"2026-07-17T13:02:13.6827311+08:00","24116","24116;4852;15608","3","2794737664","2773323776","2794737664","2773323776"
"2026-07-17T13:02:13.7927593+08:00","24116","24116;4852;15608","3","2794737664","2773323776","2794737664","2773323776"
"2026-07-17T13:02:13.9023463+08:00","24116","24116;4852;15608","3","2794737664","2773323776","2794737664","2773323776"
"2026-07-17T13:02:14.0111507+08:00","24116","24116;4852;15608","3","2794737664","2773323776","2794737664","2773323776"
"2026-07-17T13:02:14.1202053+08:00","24116","24116;4852;15608","3","2794737664","2773323776","2794737664","2773323776"
"2026-07-17T13:02:14.2310886+08:00","24116","24116;4852;15608","3","2794737664","2773323776","2794737664","2773323776"
"2026-07-17T13:02:14.3407292+08:00","24116","24116;4852;15608","3","2794737664","2773323776","2794737664","2773323776"
"2026-07-17T13:02:14.4519563+08:00","24116","24116;4852;15608","3","2794737664","2773323776","2794737664","2773323776"
"2026-07-17T13:02:14.5612171+08:00","24116","24116;4852;15608","3","2794737664","2773323776","2794737664","2773323776"
"2026-07-17T13:02:14.6715245+08:00","24116","24116;4852;15608","3","2794737664","2773323776","2794737664","2773323776"
"2026-07-17T13:02:14.8924964+08:00","24116","24116;4852;15608","3","2794737664","2773323776","2794737664","2773323776"
"2026-07-17T13:02:15.0186369+08:00","24116","24116;4852;15608","3","2794737664","2773323776","2794737664","2773323776"
"2026-07-17T13:02:15.1435903+08:00","24116","24116;4852;15608","3","2794737664","2773323776","2794737664","2773323776"
"2026-07-17T13:02:15.2708126+08:00","24116","24116;4852;15608","3","2794737664","2773323776","2794737664","2773323776"
"2026-07-17T13:02:15.3820817+08:00","24116","24116;4852;15608","3","2794737664","2773323776","2794737664","2773323776"
"2026-07-17T13:02:15.4915910+08:00","24116","24116;4852;15608","3","2794737664","2773323776","2794737664","2773323776"
"2026-07-17T13:02:15.6024062+08:00","24116","24116;4852;15608","3","2794737664","2773323776","2794737664","2773323776"
"2026-07-17T13:02:15.7138340+08:00","24116","24116;4852;15608","3","2794737664","2773323776","2794737664","2773323776"
"2026-07-17T13:02:15.8250510+08:00","24116","24116;4852;15608","3","2794737664","2773323776","2794737664","2773323776"
"2026-07-17T13:02:15.9329098+08:00","24116","24116;4852;15608","3","2794737664","2773323776","2794737664","2773323776"
"2026-07-17T13:02:16.1541797+08:00","24116","24116;4852;15608","3","2794737664","2773323776","2794737664","2773323776"
"2026-07-17T13:02:16.2642393+08:00","24116","24116;4852;15608","3","2794737664","2773323776","2794737664","2773323776"
"2026-07-17T13:02:16.3740131+08:00","24116","24116;4852;15608","3","2794737664","2773323776","2794737664","2773323776"
"2026-07-17T13:02:16.4834674+08:00","24116","24116;4852;15608","3","2794737664","2773323776","2794737664","2773323776"
"2026-07-17T13:02:16.5928915+08:00","24116","24116;4852;15608","3","2794737664","2773323776","2794737664","2773323776"
"2026-07-17T13:02:16.7038243+08:00","24116","24116;4852;15608","3","2794737664","2773323776","2794737664","2773323776"
"2026-07-17T13:02:16.8138964+08:00","24116","24116;4852;15608","3","2794737664","2773323776","2794737664","2773323776"
"2026-07-17T13:02:16.9246678+08:00","24116","24116;4852;15608","3","2794737664","2773323776","2794737664","2773323776"
"2026-07-17T13:02:17.0505320+08:00","24116","24116;4852;15608","3","2794737664","2773323776","2794737664","2773323776"
"2026-07-17T13:02:17.1764019+08:00","24116","24116;4852;15608","3","2794737664","2773323776","2794737664","2773323776"
"2026-07-17T13:02:17.3974439+08:00","24116","24116;4852;15608","3","2794737664","2773323776","2794737664","2773323776"
"2026-07-17T13:02:17.5072144+08:00","24116","24116;4852;15608","3","2794737664","2773323776","2794737664","2773323776"
"2026-07-17T13:02:17.6186288+08:00","24116","24116;4852;15608","3","2794737664","2773323776","2794737664","2773323776"
"2026-07-17T13:02:17.7280338+08:00","24116","24116;4852;15608","3","2794737664","2773323776","2794737664","2773323776"
"2026-07-17T13:02:17.8394490+08:00","24116","24116;4852;15608","3","2794737664","2773323776","2794737664","2773323776"
"2026-07-17T13:02:17.9489520+08:00","24116","24116;4852;15608","3","2794737664","2773323776","2794737664","2773323776"
"2026-07-17T13:02:18.0598019+08:00","24116","24116;4852;15608","3","2794737664","2773323776","2794737664","2773323776"
"2026-07-17T13:02:18.1705367+08:00","24116","24116;4852;15608","3","2794737664","2773323776","2794737664","2773323776"
"2026-07-17T13:02:18.2792801+08:00","24116","24116;4852;15608","3","2794737664","2773323776","2794737664","2773323776"
"2026-07-17T13:02:18.3900648+08:00","24116","24116;4852;15608","3","2794737664","2773323776","2794737664","2773323776"
"2026-07-17T13:02:18.6090552+08:00","24116","24116;4852;15608","3","2794737664","2773323776","2794737664","2773323776"
"2026-07-17T13:02:18.7184661+08:00","24116","24116;4852;15608","3","2794737664","2773323776","2794737664","2773323776"
"2026-07-17T13:02:18.8284190+08:00","24116","24116;4852;15608","3","2794737664","2773323776","2794737664","2773323776"
"2026-07-17T13:02:18.9398457+08:00","24116","24116;4852;15608","3","2794737664","2773323776","2794737664","2773323776"
"2026-07-17T13:02:19.0668495+08:00","24116","24116;4852;15608","3","2794737664","2773323776","2794737664","2773323776"
"2026-07-17T13:02:19.1926322+08:00","24116","24116;4852;15608","3","2796146688","2774372352","2796146688","2774372352"
"2026-07-17T13:02:19.3171836+08:00","24116","24116;4852;15608","3","2220425216","2193190912","2220425216","2193190912"
"2026-07-17T13:02:19.4432945+08:00","24116","24116;4852;15608","3","2220552192","2193190912","2220552192","2193190912"
"2026-07-17T13:02:19.5684858+08:00","24116","24116;4852;15608","3","2208952320","2181640192","2208952320","2181640192"
"2026-07-17T13:02:19.6933904+08:00","24116","24116;4852;15608","3","2198466560","2171154432","2198466560","2171154432"
"2026-07-17T13:02:19.9346823+08:00","24116","24116;4852;15608","3","1984679936","1928220672","1984679936","1928220672"
"2026-07-17T13:02:20.0596642+08:00","24116","24116;4852;15608","3","1984679936","1928220672","1984679936","1928220672"
"2026-07-17T13:02:20.1869120+08:00","24116","24116;4852;15608","3","1984679936","1928220672","1984679936","1928220672"
"2026-07-17T13:02:20.3094280+08:00","24116","24116;4852;15608","3","1984679936","1928220672","1984679936","1928220672"
"2026-07-17T13:02:20.4336834+08:00","24116","24116;4852;15608","3","1984679936","1928220672","1984679936","1928220672"
"2026-07-17T13:02:20.5586781+08:00","24116","24116;4852;15608","3","1984675840","1928220672","1984675840","1928220672"
"2026-07-17T13:02:20.6844728+08:00","24116","24116;4852;15608","3","1984675840","1928220672","1984675840","1928220672"
"2026-07-17T13:02:20.8071960+08:00","24116","24116;4852;15608","3","1984589824","1928073216","1984589824","1928073216"
"2026-07-17T13:02:20.9278789+08:00","24116","24116;4852;15608","3","1984589824","1928073216","1984589824","1928073216"
"2026-07-17T13:02:21.0446110+08:00","24116","24116;4852;15608","3","1984589824","1928073216","1984589824","1928073216"
"2026-07-17T13:02:21.3290275+08:00","24116","24116;4852;15608","3","1984589824","1928073216","1984589824","1928073216"
"2026-07-17T13:02:21.4540110+08:00","24116","24116;4852;15608","3","1984589824","1928073216","1984589824","1928073216"
"2026-07-17T13:02:21.5757809+08:00","24116","24116;4852;15608","3","1984589824","1928073216","1984589824","1928073216"
"2026-07-17T13:02:21.6855008+08:00","24116","24116;4852;15608","3","1984589824","1928073216","1984589824","1928073216"
"2026-07-17T13:02:21.7976048+08:00","24116","24116;4852;15608","3","1984589824","1928073216","1984589824","1928073216"
"2026-07-17T13:02:21.9200973+08:00","24116","24116;4852;15608","3","1984589824","1928073216","1984589824","1928073216"
"2026-07-17T13:02:22.0302592+08:00","24116","24116;4852;15608","3","1984589824","1928073216","1984589824","1928073216"
"2026-07-17T13:02:22.1416780+08:00","24116","24116;4852;15608","3","1984610304","1928101888","1984610304","1928101888"
"2026-07-17T13:02:22.2671868+08:00","24116","24116;4852;15608","3","1984610304","1928101888","1984610304","1928101888"
"2026-07-17T13:02:22.3939918+08:00","24116","24116;4852;15608","3","1984610304","1928101888","1984610304","1928101888"
"2026-07-17T13:02:22.6559902+08:00","24116","24116;4852;15608","3","1984610304","1928101888","1984610304","1928101888"
"2026-07-17T13:02:22.7698010+08:00","24116","24116;4852;15608","3","1984610304","1928101888","1984610304","1928101888"
"2026-07-17T13:02:22.8916674+08:00","24116","24116;4852;15608","3","1984610304","1928101888","1984610304","1928101888"
"2026-07-17T13:02:23.0176561+08:00","24116","24116;4852;15608","3","1984610304","1928101888","1984610304","1928101888"
"2026-07-17T13:02:23.1406552+08:00","24116","24116;4852;15608","3","1984610304","1928101888","1984610304","1928101888"
"2026-07-17T13:02:23.2680837+08:00","24116","24116;4852;15608","3","1984614400","1928101888","1984614400","1928101888"
"2026-07-17T13:02:23.3932510+08:00","24116","24116;4852;15608","3","1984614400","1928101888","1984614400","1928101888"
"2026-07-17T13:02:23.5152070+08:00","24116","24116;4852;15608","3","1984614400","1928101888","1984614400","1928101888"
"2026-07-17T13:02:23.6333321+08:00","24116","24116;4852;15608","3","1984614400","1928101888","1984614400","1928101888"
"2026-07-17T13:02:23.7492968+08:00","24116","24116;4852;15608","3","1984671744","1928216576","1984671744","1928216576"
"2026-07-17T13:02:24.0412738+08:00","24116","24116;4852;15608","3","1984671744","1928216576","1984671744","1928216576"
"2026-07-17T13:02:24.1542363+08:00","24116","24116;4852;15608","3","1984671744","1928216576","1984671744","1928216576"
"2026-07-17T13:02:24.2626132+08:00","24116","24116;4852;15608","3","1983954944","1927057408","1983954944","1927057408"
"2026-07-17T13:02:24.3714948+08:00","24116","24116;4852;15608","3","1983954944","1927057408","1983954944","1927057408"
"2026-07-17T13:02:24.4825250+08:00","24116","24116;4852;15608","3","1983954944","1927057408","1983954944","1927057408"
"2026-07-17T13:02:24.5919051+08:00","24116","24116;4852;15608","3","1983954944","1927061504","1983954944","1927061504"
"2026-07-17T13:02:24.7019598+08:00","24116","24116;4852;15608","3","1983954944","1927061504","1983954944","1927061504"
"2026-07-17T13:02:24.8125851+08:00","24116","24116;4852;15608","3","1983954944","1927061504","1983954944","1927061504"
"2026-07-17T13:02:24.9240146+08:00","24116","24116;4852;15608","3","1983954944","1927061504","1983954944","1927061504"
"2026-07-17T13:02:25.0514142+08:00","24116","24116;4852;15608","3","1983954944","1927061504","1983954944","1927061504"
"2026-07-17T13:02:25.3349937+08:00","24116","24116;4852;15608","3","1983877120","1926918144","1983877120","1926918144"
"2026-07-17T13:02:25.4625710+08:00","24116","24116;4852;15608","3","1983877120","1926918144","1983877120","1926918144"
"2026-07-17T13:02:25.5839443+08:00","24116","24116;4852;15608","3","1983877120","1926918144","1983877120","1926918144"
"2026-07-17T13:02:25.7086597+08:00","24116","24116;4852;15608","3","1983877120","1926918144","1983877120","1926918144"
"2026-07-17T13:02:25.8328979+08:00","24116","24116;4852;15608","3","1983877120","1926918144","1983877120","1926918144"
"2026-07-17T13:02:25.9568497+08:00","24116","24116;4852;15608","3","1983877120","1926918144","1983877120","1926918144"
"2026-07-17T13:02:26.0844831+08:00","24116","24116;4852;15608","3","1983877120","1926918144","1983877120","1926918144"
"2026-07-17T13:02:26.2112679+08:00","24116","24116;4852;15608","3","1983877120","1926918144","1983877120","1926918144"
"2026-07-17T13:02:26.3351343+08:00","24116","24116;4852;15608","3","1984069632","1927118848","1984069632","1927118848"
"2026-07-17T13:02:26.4624286+08:00","24116","24116;4852;15608","3","1984008192","1926991872","1984008192","1926991872"
"2026-07-17T13:02:26.7462671+08:00","24116","24116;4852;15608","3","1984008192","1926991872","1984008192","1926991872"
"2026-07-17T13:02:26.8686303+08:00","24116","24116;4852;15608","3","1984008192","1926991872","1984008192","1926991872"
"2026-07-17T13:02:26.9931671+08:00","24116","24116;4852;15608","3","1896603648","1839259648","1896603648","1839259648"
"2026-07-17T13:02:27.1033901+08:00","24116","24116;4852;15608","3","1896742912","1839443968","1896742912","1839443968"
"2026-07-17T13:02:27.2254397+08:00","24116","24116;4852;15608","3","1896673280","1840553984","1896673280","1840553984"
"2026-07-17T13:02:27.3492326+08:00","24116","24116;4852;15608","3","1845370880","1787969536","1845370880","1787969536"
"2026-07-17T13:02:27.4596262+08:00","24116","24116;4852;15608","3","1743306752","1685024768","1743306752","1685024768"
"2026-07-17T13:02:27.5864890+08:00","24116","24116;4852;15608","3","1662681088","1591717888","1662681088","1591717888"
"2026-07-17T13:02:27.7093350+08:00","24116","24116;4852;15608","3","1494401024","1420648448","1494401024","1420648448"
"2026-07-17T13:02:27.8237679+08:00","24116","24116;4852;15608","3","1494401024","1420648448","1494401024","1420648448"
"2026-07-17T13:02:28.1157607+08:00","24116","24116;4852;15608","3","1494401024","1420648448","1494401024","1420648448"
"2026-07-17T13:02:28.2409022+08:00","24116","24116;4852;15608","3","1494401024","1420648448","1494401024","1420648448"
"2026-07-17T13:02:28.3633953+08:00","24116","24116;4852;15608","3","1494401024","1420648448","1494401024","1420648448"
"2026-07-17T13:02:28.4827751+08:00","24116","24116;4852;15608","3","1494401024","1420648448","1494401024","1420648448"
"2026-07-17T13:02:28.5911748+08:00","24116","24116;4852;15608","3","1494401024","1420648448","1494401024","1420648448"
"2026-07-17T13:02:28.7004088+08:00","24116","24116;4852;15608","3","1494401024","1420648448","1494401024","1420648448"
"2026-07-17T13:02:28.8106939+08:00","24116","24116;4852;15608","3","1494401024","1420648448","1494401024","1420648448"
"2026-07-17T13:02:28.9201473+08:00","24116","24116;4852;15608","3","1494401024","1420648448","1494401024","1420648448"
"2026-07-17T13:02:29.0299040+08:00","24116","24116;4852;15608","3","1494401024","1420648448","1494401024","1420648448"
"2026-07-17T13:02:29.1408076+08:00","24116","24116;4852;15608","3","1494401024","1420648448","1494401024","1420648448"
