window_index,run_id,y_main_true,y_turn_true,theta_true_rad,mask_theta,pred_main,pred_turn,theta_hat_rad,main_logit_0,main_logit_1,main_logit_2,turn_logit_0,turn_logit_1,turn_logit_2
1,54,1,1,0.109083078249646,0,1,1,0.20719113945961,-11.1274280417603,-0.00383569360553915,-5.56917287961715,-6.00716021495824,-0.00817868680147492,-5.17004723308982
2,56,2,2,0.135263017029561,1,2,2,0.139184892177582,-8.93174513773836,-13.7594820297727,-0.000133165642578844,-0.992625813229929,-2.65535260939315,-0.581384658024318
3,22,2,1,-0.164060949687467,1,2,1,-0.158604681491852,-12.8326632437139,-4.46366381768392,-0.0115896714652775,-1.72135948805626,-0.33310215307591,-2.25875784646995
4,43,0,1,0.0253072741539178,1,0,1,0.0208848360925913,-0.00730499943555391,-6.24389400648808,-5.23325564793307,-0.742949726326068,-0.729284892032667,-3.1691888136907
5,12,2,0,-0.0785398163397448,1,2,1,-0.0974279567599297,-7.15259931133827,-9.37727355618017,-0.000867802827392423,-0.96874095948075,-0.666949616628049,-2.23336192574568
6,2,2,1,-0.0776406308903482,1,2,1,-0.0699307546019554,-1.84163663186618,-17.4730547968567,-0.172637851222864,-3.11894201017835,-0.195264056848353,-2.01606358522317
7,9,2,0,0.0959931088596881,1,2,1,0.072606049478054,-8.74052914463006,-7.86336381234881,-0.000544636717678126,-1.32680817663536,-0.586887623150704,-1.7224833131515
8,60,2,1,0.161442955809475,1,1,1,0.146190851926804,-6.77595350468854,-0.277625294549022,-1.42180353717615,-6.04404922611552,-0.0131673241296013,-4.5366648726727
9,12,2,0,-0.0436332312998582,1,2,1,-0.0535364262759686,-2.56641099970763,-4.14798520209212,-0.0971795839517977,-2.39889273974342,-0.148428526234595,-3.05505874264684
10,27,2,1,-0.109083078249646,1,2,1,-0.101634420454502,-5.6982705026589,-5.18172759240954,-0.00901049506077053,-2.55494666942961,-0.313863059138925,-1.65190449092188
11,27,2,1,-0.117809724509617,1,2,1,-0.112474702298641,-10.6955551270934,-3.26710460476559,-0.0388855623371173,-3.48275408828264,-0.0717347110077984,-3.25710894475469
12,2,2,1,0.113446401379631,1,2,1,0.122707836329937,-7.58774800102385,-21.1589826112559,-0.000506767865737621,-5.12400784938409,-0.511800992853751,-0.929799525357603
13,2,2,2,-0.0436332312998582,1,2,1,-0.0571894235908985,-3.00003302807749,-4.58349530925109,-0.0618802253650187,-0.920225649650131,-0.580824186292606,-3.16690472853498
14,40,0,1,-0.00702328672233387,1,0,1,-0.0234865453094244,-0.00249906456219233,-8.27062840432108,-6.10127439719069,-2.56141484943202,-0.691619012827622,-0.862655287308725
15,66,2,1,-0.127409035395586,1,2,1,-0.124462582170963,-9.34038269043138,-4.69445807488251,-0.00927648781653259,-1.68681999403859,-0.22395486113385,-4.16423245833182
16,9,2,2,-0.165806278939461,1,2,1,-0.147607371211052,-11.020122357879,-11.8205822739119,-2.37229300070844e-05,-3.77018693115946,-0.0699045312467308,-3.11295343626851
17,43,0,1,0.02607686133114,1,0,2,0.0151464669033885,-0.00424982861360388,-8.34238837678162,-5.52082044199724,-2.79696812720382,-0.765127505384964,-0.747116297397318
18,12,2,1,-0.148352986419518,1,2,1,-0.114105470478535,-9.02442655108898,-7.04914151689582,-0.000989091628137164,-3.15786322403863,-0.563470149832409,-0.946097467271728
19,2,2,2,-0.0594758439925216,1,2,1,-0.0504240803420544,-5.41658979131899,-12.5606585062684,-0.00445564329204186,-1.02869823458264,-0.722960194945979,-1.85014440094728
20,38,0,0,-0.0218166156499291,1,0,0,-0.00805075373500586,-0.114456392310206,-5.06465891396723,-2.28442003040988,-0.0344993059103442,-3.64679128136456,-4.84899147256422
21,9,2,1,0.0785398163397448,1,0,1,0.0556055344641209,-0.0332820279624055,-14.3012540981824,-3.41934874932522,-5.74436456213646,-0.461226779445713,-1.00433128440562
22,38,0,1,-0.022492548944303,1,0,1,-0.0226038489490747,-0.0811798108570483,-2.72358007698797,-4.39550227581389,-1.4794384239897,-0.294263691599506,-3.6062155995709
23,2,2,1,0.112213558064639,1,2,2,0.121846757829189,-7.49757995929354,-22.6049742006813,-0.00055453652801931,-7.21849725049288,-0.719379319851105,-0.669015439205792
24,9,2,2,-0.0785398163397448,1,2,0,-0.0839371532201767,-5.31124954903663,-9.3842934096855,-0.00503236550651367,-0.826689881101011,-1.11282513791669,-1.45296566344205
25,3,2,1,0.0436332312998582,1,0,1,0.0320091471076012,-0.17112883162812,-14.6209092236905,-1.84968594889056,-4.39175702845919,-0.240893340999529,-1.60099524913334
26,56,2,1,0.135263017029561,1,2,2,0.118114791810513,-6.0680311726947,-5.26736190404976,-0.00750093453644677,-2.89419199956575,-1.22188983536029,-0.43080826214261
27,27,1,1,-0.117809724509617,0,0,1,0.0523704215884209,-0.260778435643003,-2.46765703211889,-1.93264320096168,-3.25444399812448,-0.134725287842889,-2.43678250827447
28,56,2,1,0.126536370769589,1,2,1,0.120335891842842,-5.85263127903461,-3.67187926519013,-0.028709132533269,-4.74301196447698,-0.0110511613973986,-6.08450499310995
29,22,2,2,-0.161442955809475,1,2,2,-0.157059460878372,-13.1080701927086,-5.56813126154549,-0.00382689808900279,-1.95278694807552,-1.35929445037351,-0.508694705154732
30,43,0,1,0.0305432619099008,1,0,1,0.0140534462407231,-0.0321208235827492,-4.4895201671255,-3.89298925259848,-0.925976964091464,-0.779631856244497,-1.92908536507167
31,43,0,2,0.0305432619099008,1,0,2,0.0350038148462772,-0.214454973642346,-6.25226046458204,-1.65499647362719,-1.97667761351965,-1.30893080915551,-0.525326021636749
32,27,2,1,-0.109083078249646,1,2,1,-0.0935799181461334,-9.15649644642352,-4.88569109113485,-0.00768891939755253,-1.073619307968,-0.433486603151231,-4.60659652114055
33,12,2,0,-0.0785398163397448,1,2,1,-0.0852290093898773,-5.48312535005811,-9.35847958399798,-0.00425162437001599,-0.93157390995218,-0.812252271401221,-1.8188660434302
34,33,2,0,-0.0654498469497874,1,2,1,-0.0495308749377728,-6.57987516364708,-3.49320077871685,-0.0323078308041859,-1.76349286681662,-0.713753071708495,-1.08248550264308
35,2,2,1,0.0959931088596881,1,2,1,0.116277076303959,-7.51822962772658,-22.2014823998907,-0.000543205427906534,-5.63952287602754,-0.619124174179365,-0.780821277307886
36,12,2,1,0.148352986419518,1,2,1,0.126717746257782,-7.8777024603561,-2.80006211394013,-0.063137284192211,-0.950069770624517,-0.518287444275576,-4.03157175589747
37,3,2,2,0.113446401379631,1,2,1,0.112006187438965,-6.16459336558344,-6.7390362542374,-0.00329177364125857,-1.3531652262497,-0.786405871518003,-1.25141387842607
38,12,2,1,-0.165806278939461,1,2,1,-0.15408219397068,-11.5261029267561,-5.23819774810868,-0.00533385468679177,-1.26278851996099,-0.611428072270644,-1.74548481912002
39,9,2,1,0.0785398163397448,1,2,2,0.0761064812541008,-2.32268762877556,-3.50328917222403,-0.137089744165865,-6.58154963041549,-3.1560506978739,-0.0449757623483697
40,40,0,1,-0.00698131700797732,1,0,1,-0.025662237778306,-0.0021811651973959,-8.39077680526722,-6.23899241998641,-2.63045610408531,-0.713640635373626,-0.825315271792638
41,2,2,1,0.0959931088596881,1,2,2,0.114817656576633,-7.58967525011721,-22.8848594253264,-0.000505813708462446,-6.75072381700755,-0.712385589749209,-0.676570876076776
42,2,2,2,0.0895338225580593,1,2,1,0.107185445725918,-8.72166918490234,-27.0105047850788,-0.000163091606818597,-9.30706588607286,-0.174483279778059,-1.83246721934629
43,2,0,0,-0.00872664625997165,1,0,2,-0.0318843089044094,-0.0157478120115354,-10.1976811769345,-4.16129897410952,-1.58119974615703,-1.57235685138102,-0.533213687477905
44,2,2,1,-0.165806278939461,1,2,1,-0.156751051545143,-12.4907833560842,-3.85759758597409,-0.0213486657100317,-3.61910859768661,-0.0466409919979679,-3.9758419203812
45,2,2,1,-0.113446401379631,1,2,1,-0.124291323125362,-9.57705425762172,-4.36234784486349,-0.0129005964547703,-2.980733955774,-0.415891797089886,-1.23962510723813
46,3,2,2,-0.148352986419518,1,2,0,-0.14195117354393,-7.31318887884852,-10.843278603652,-0.000686404192121055,-0.199207485658681,-2.58730905504885,-2.25001204929498
47,27,1,1,-0.117809724509617,0,1,1,-0.053798645734787,-11.7920941692,-0.0190343289632155,-3.9714130998552,-6.30453436203042,-0.0021194610586862,-8.14853038444651
48,22,2,1,-0.164060949687467,1,2,1,-0.164981633424759,-12.4199848224486,-4.15598335334993,-0.0157984942461968,-3.49925051844162,-0.570936514746232,-0.904401849655205
49,9,2,1,0.165806278939461,1,2,1,0.149363324046135,-7.88066634080705,-8.54911094038824,-0.000571831612577795,-2.12385671579605,-0.683224242252166,-0.979645331676554
50,27,2,1,-0.109083078249646,1,2,0,-0.0916992425918579,-9.67802114118514,-3.74965518884715,-0.0238711406202262,-0.611749120194913,-0.83021347669091,-3.83309877603626
51,3,2,1,0.0785398163397448,1,2,2,0.0875436887145042,-5.42669370375177,-10.502107943726,-0.00443486833526365,-2.61624964443949,-1.75022142635257,-0.283440237448391
52,43,0,1,0.0272172612824444,1,0,0,0.0168778672814369,-0.0114724561819104,-7.26709389310263,-4.53669531117675,-0.516326498962205,-1.01982582695909,-3.15510970818656
53,2,2,1,0.130899693899575,1,2,1,0.15067146718502,-10.5585968637256,-22.911761552013,-2.59879628062505e-05,-4.42028510650978,-0.174264370150778,-1.91125669037713
54,40,0,1,-0.00436332312998582,1,0,1,-0.00166040915064514,-0.0481478711560989,-8.40998629157552,-3.06220409121484,-1.86594376116423,-0.276879630070314,-2.44065007519565
55,27,2,1,-0.114319066005629,1,2,1,-0.118846349418163,-6.36082597677826,-6.22458073842516,-0.00371501629636746,-1.90467318727827,-0.225068083967406,-2.94376869258316
56,12,2,1,-0.0581099874989884,1,2,0,-0.07450120896101,-1.49614997571478,-7.98218534861338,-0.254031191047095,-0.841873476476941,-1.50034790127957,-1.06118631862792
57,2,0,1,-0.00872664625997165,1,0,1,-0.0465858243405819,-0.0297958815911831,-10.9892943406458,-3.52882290476068,-3.03762554351253,-0.453241313962923,-1.15047419732042
58,2,0,1,-0.0261799387799149,1,0,2,-0.0448346324265003,-0.123847278901593,-8.80490432062317,-2.15127967853276,-1.82903293132776,-1.33551259347108,-0.550939692894514
59,3,2,0,-0.0785398163397448,1,2,1,-0.0871904417872429,-4.9764477685644,-4.55260723333634,-0.0175921305986141,-2.98034752351852,-0.0597373161633322,-4.9318972824687
60,60,2,2,0.163609073035818,1,2,2,0.151976734399796,-6.84729803575601,-4.73727219137824,-0.00987333415318343,-1.924911167209,-2.29795462510441,-0.282830993174458
61,12,2,1,0.0610865238198015,1,2,2,0.0455113314092159,-2.68192524086035,-7.21711541198998,-0.0716734290369767,-2.16441707708547,-0.889573185515413,-0.745805361026869
62,3,0,1,0.0261799387799149,1,0,1,0.0529102124273777,-0.0635927328795844,-7.21203025087289,-2.79892880455916,-4.9585344782471,-0.0739262311828291,-2.74518208002406
63,2,2,1,0.0959931088596881,1,2,1,0.11655905097723,-7.50898975753889,-22.0790280243618,-0.00054833422573661,-5.4480926002354,-0.605033576306075,-0.799309461599403
64,3,2,1,0.113446401379631,1,2,1,0.0999849811196327,-5.20141826420527,-2.79097396541763,-0.0692109162751531,-1.65095723628671,-0.51745608266855,-1.5507021283534
65,3,2,0,0.0610865238198015,1,2,0,0.0588614270091057,-3.8105143180396,-6.23809696121384,-0.0243852682415654,-0.0138795704612368,-4.44490079049681,-6.19216226329357
66,43,0,0,0.0305432619099008,1,0,0,0.0354677625000477,-0.204302895385194,-2.93731051144202,-2.0266477716347,-0.0163954905295515,-4.28659427823024,-5.98738755210413
67,41,0,2,0.00436332312998582,1,0,0,0.0486750490963459,-0.099994124596121,-4.86243478873691,-2.43696631498872,-0.882605814391661,-1.4314265009871,-1.05748344883467
68,9,2,1,0.130899693899575,1,2,1,0.124588079750538,-5.93428634968872,-3.43919535897999,-0.0353552840138205,-4.58511098528681,-0.0126985298262497,-6.02584873333043
69,12,0,1,0.0261799387799149,1,0,1,0.0101898098364472,-0.0312804000755256,-7.58069306441952,-3.4970685165233,-0.825186913478631,-0.759047521803244,-2.36728599036629
70,12,0,2,0.00872664625997165,1,0,2,-0.0119216023012996,-0.00602926798742751,-10.0727445019325,-5.12118210267944,-1.11449035375501,-1.4429859551746,-0.830810171160846
71,3,2,1,-0.148352986419518,1,2,1,-0.15297494828701,-11.5706049448691,-9.89755883828838,-5.97256376053272e-05,-2.94097475196357,-0.0666702191842174,-4.44969252960864
72,9,2,0,0.165806278939461,1,2,2,0.154836013913155,-7.69800517736281,-11.2120466180104,-0.00046729036888965,-1.90001286460297,-1.08794649540824,-0.666455270713774
73,12,2,1,0.0959931088596881,1,2,0,0.0853901207447052,-7.80493214415255,-8.15491580687922,-0.000695231775695365,-0.410150502105536,-1.30463314810662,-2.73063844296344
74,41,0,2,0.010471975511966,1,0,1,0.0438846126198769,-0.329893697764422,-3.6924048533758,-1.3622350026559,-1.24781626619267,-0.83619726067165,-1.27470455148212
75,2,2,0,0.0436332312998582,1,2,0,0.0771749839186668,-1.233899471636,-18.2236236378482,-0.344118450924314,-0.7831720878635,-0.822454419684252,-2.26631210867228
76,41,0,2,0.00652944035632817,1,0,2,0.0504765771329403,-0.0918691227467844,-5.31930990730605,-2.4903705167785,-0.851478066020391,-2.20250129667747,-0.770697940319027
77,41,0,2,0.0130899693899575,1,2,2,0.00807045865803957,-0.956091888510913,-5.20610787991614,-0.494091806948011,-2.46266495156868,-1.62373588995238,-0.331798880510879
78,12,2,1,0.0959931088596881,1,2,0,0.0868067368865013,-7.91152943650183,-8.06571000199287,-0.000680797524098832,-0.478415316118415,-1.13134255332343,-2.8536184382886
79,43,0,0,0.0279252680319093,1,0,1,0.0151848392561078,-0.0858281123340498,-5.13862637330497,-2.57200455479087,-1.22803403552934,-0.396490742971032,-3.36807992348509
80,12,2,2,0.130899693899575,1,2,2,0.116359934210777,-6.38006272589311,-5.20449087315395,-0.00721277971215133,-3.55775806326381,-1.4517317745027,-0.304715819162398
81,9,2,2,-0.0688332631524716,1,2,1,-0.0830116420984268,-8.06320752032209,-10.0856160056671,-0.000356618565888894,-1.05503681573093,-0.503647491863416,-3.04706683402968
82,43,0,2,0.0305432619099008,1,0,0,0.0375094264745712,-0.0852324719056071,-6.40681046781671,-2.52509137945406,-0.480417236492743,-1.39702121812386,-2.00885536493194
83,40,0,1,-0.00436332312998582,1,0,0,0.00839898083359003,-0.004704617129519,-7.449335679313,-5.49393519085189,-0.919171083339007,-1.21320409284615,-1.19103313021198
84,2,2,2,0.0785398163397448,1,2,1,0.102871187031269,-8.32388634593478,-26.587290310581,-0.000242679953278574,-9.40182496170563,-0.233578762788831,-1.56914937869834
85,66,2,0,-0.125515129755028,1,2,0,-0.127446830272675,-10.7896810620047,-3.21232732045224,-0.0411172897234873,-0.613635957412655,-3.00139513195241,-0.894276214929623
86,54,2,1,0.115257174418405,1,2,0,0.146892964839935,-8.4792234070663,-8.48661247752468,-0.000414039960681084,-0.688173877839947,-2.60790600725663,-0.858450054466671
87,3,2,1,0.113446401379631,1,2,1,0.105313055217266,-7.41514813637239,-7.85290559922298,-0.000991239521066134,-1.73599957303012,-0.663668615176018,-1.17500544808604
88,2,2,0,-0.0959931088596881,1,2,1,-0.105643182992935,-4.08706151758137,-4.74182654225216,-0.0258422585063554,-1.42773179903112,-0.336271293791251,-3.08525423678874
89,12,0,0,-0.0261799387799149,1,2,1,-0.0195111725479364,-1.26682411028895,-7.48085405738513,-0.331687921930789,-2.21401843522243,-0.213548885012911,-2.48859411636576
90,12,2,0,-0.0436332312998582,1,2,1,-0.0540452003479004,-1.56446172246972,-6.82393565694457,-0.236087017466541,-1.66458281317124,-0.619256916780641,-1.30053482911874
91,3,2,0,0.148352986419518,1,2,0,0.126803904771805,-7.60831297836455,-3.73997483047451,-0.0245498815736196,-0.0645735533877493,-3.26653077772073,-3.71340586365162
92,2,2,1,0.0610865238198015,1,2,2,0.0942131951451302,-4.80861580753911,-19.8310648012975,-0.00819262873715907,-1.50654995341609,-1.05401687626397,-0.844454632049878
93,2,2,1,-0.110960602557094,1,2,1,-0.12333232909441,-7.49792710834336,-5.14269909081824,-0.00641665761149588,-2.73433273071414,-0.272139231063966,-1.75264760581127
94,9,2,1,-0.0436332312998582,1,2,1,-0.0301185268908739,-2.06241931942922,-8.5374223628002,-0.136211604393518,-2.60223062272348,-0.159944352692486,-2.60774262865142
95,3,2,1,-0.0785398163397448,1,2,2,-0.104984261095524,-4.66008831151972,-10.0106489370995,-0.00955603089118117,-1.14095873813435,-1.43878110024055,-0.813574537845352
96,43,0,1,0.0218166156499291,1,0,1,0.0461874417960644,-0.141851293435376,-3.37949769819143,-2.32090012679722,-5.57305367268374,-0.00549733913033465,-6.38698992143155
97,38,0,0,-0.0244346095279206,1,0,1,-0.0161771271377802,-0.633083588786463,-7.70406651495974,-0.758012165910521,-2.09451565119687,-0.19066722307054,-2.98652370010599
98,9,2,1,0.130899693899575,1,2,1,0.124600954353809,-5.93850518654103,-3.42243457013439,-0.0359058722040184,-4.57901412375007,-0.0128085837603346,-6.00683473019377
99,27,2,1,-0.109083078249646,1,2,1,-0.113377638161182,-8.27968389899831,-4.3207949029911,-0.0136354923824757,-1.63647093719531,-0.256770089010389,-3.44866152913021
100,38,0,0,-0.0218166156499291,1,0,0,-0.0176819581538439,-0.286444889342956,-4.73766786180079,-1.42581498782643,-0.063880448123651,-4.21897840329856,-3.054013724064
101,12,0,1,-0.0087984365608447,1,0,2,-0.0109302429482341,-0.000896557621898444,-16.4753761794029,-7.01757441890014,-1.04680431845173,-1.32029159192976,-0.962636329727778
102,3,2,1,-0.0785398163397448,1,2,1,-0.0983087494969368,-3.7979895431099,-7.62416668920724,-0.02317065512446,-1.64229590294234,-0.64067517210175,-1.27465177493179
103,3,2,0,0.148352986419518,1,2,0,0.124412156641483,-6.21913122120514,-9.52757952667341,-0.00206588368968237,-0.0359249635457402,-3.38366279441831,-6.59702256894927
104,66,2,1,-0.12456493062234,1,2,1,-0.125903695821762,-11.1186475439267,-3.08388193949195,-0.0468778948635612,-3.52068966580864,-0.0595285345286765,-3.56799717512337
105,43,0,0,0.0300674677833169,1,0,0,0.0409615710377693,-0.138839437772773,-4.8019492041595,-2.10851209724459,-0.203542493932033,-2.736110636761,-2.1257574691319
106,3,2,1,-0.0785398163397448,1,2,1,-0.0850809291005135,-4.61883087883459,-7.59194202629325,-0.0104228945382869,-1.87993375852524,-0.386378332807292,-1.78446777070245
107,12,2,2,0.113446401379631,1,2,1,0.0933094918727875,-6.76974238894455,-6.23993823184419,-0.00310270020755169,-1.96927433601814,-0.787900968729146,-0.902280601346789
108,2,0,1,0.0261799387799149,1,0,0,0.00061577302403748,-3.57627932601205e-07,-20.8620838309449,-14.9060596059655,-0.355789117510419,-1.21203511559807,-6.32630822526461
109,9,2,1,-0.0436332312998582,1,2,1,-0.0253419075161219,-3.21125156325543,-7.34148048115575,-0.041816542899294,-1.36675334594657,-0.373238248079539,-2.87235495245777
110,85,2,1,0.0506145483078356,1,2,1,0.0503332167863846,-2.5643546948547,-2.83214983648652,-0.146014722279054,-6.01643030874215,-0.00514553312180129,-5.91674469938709
111,3,1,2,-0.113446401379631,0,0,2,-0.000317330239340663,-0.675314047781819,-6.76311739732814,-0.713660347323631,-4.67633796600566,-1.169164127203,-0.385573593200312
112,3,2,0,0.130899693899575,1,2,1,0.125500530004501,-6.63854670005486,-8.98253660050534,-0.0014355348731233,-1.98071706104829,-0.826690017341749,-0.856761513884099
113,3,2,1,0.0785398163397448,1,2,1,0.0848926603794098,-6.23794930542793,-10.8128118010402,-0.00197593750503317,-1.60792456370506,-0.667670675880999,-1.24898701448826
114,3,0,2,-0.0261799387799149,1,0,2,-0.0561172105371952,-0.0533217953925147,-8.1763496421304,-2.96338253269739,-2.17508298147432,-0.985850855581047,-0.666934404126531
115,60,2,1,0.170169602069447,1,2,2,0.151536375284195,-8.34863620955451,-7.54035481219798,-0.000768241265052663,-1.93311124579174,-0.8583398712872,-0.840632640202104
116,2,0,1,0.00872664625997165,1,0,0,-0.0209366176277399,-2.74181741844591e-06,-18.6588600813986,-12.8128994363697,-0.0909376792536582,-2.44654522240114,-8.00689228343986
117,85,2,1,0.0436332312998582,1,2,1,0.0473763383924961,-1.33299525553477,-3.17049589503776,-0.364806586726747,-4.62463047486949,-0.0221576227107541,-4.41400334867106
118,9,2,2,-0.0785398163397448,1,2,1,-0.0865164175629616,-7.01554342859087,-8.42988868581646,-0.00111672027346492,-1.17500988731236,-0.549982395100679,-2.16959291757893
119,54,2,1,0.115149760917269,1,2,1,0.122120089828968,-6.94762108889445,-10.0772488253564,-0.00100347066595843,-2.35129216056541,-0.593439279071245,-1.04318729856851
120,3,2,2,-0.148352986419518,1,2,1,-0.152168184518814,-10.227791175831,-7.47219175176908,-0.000605050941590363,-1.52350839588773,-0.264050679171223,-4.26019428199055
121,2,2,2,-0.113446401379631,1,2,2,-0.119897626340389,-10.7729642893485,-4.8458301374348,-0.00791328624471497,-2.91629220366969,-2.85827850840596,-0.118222269325753
122,54,2,1,0.117809724509617,1,2,2,0.129394605755806,-9.20459756177529,-14.2592164017856,-0.000101213808773351,-2.40512156823205,-3.25201840859271,-0.138056514133685
123,2,2,2,0.165806278939461,1,2,1,0.138927921652794,-7.57063836477638,-15.7632854048012,-0.00051571313446876,-4.2704472074177,-0.472834992018847,-1.01392672020677
124,9,2,0,0.0959931088596881,1,2,1,0.0909353271126747,-7.66183101498365,-5.84041550194799,-0.00338375207531103,-0.849869010532443,-0.569141745843654,-5.03317151112149
125,3,2,1,0.0959931088596881,1,2,0,0.0912419781088829,-6.16577428739803,-11.6675848888852,-0.00211085981605746,-0.248623411475877,-1.53646733898469,-5.3010035750735
126,12,2,0,-0.0785398163397448,1,2,1,-0.0507051609456539,-6.25592488444551,-7.35714787326143,-0.00256031406948907,-1.08517971971746,-0.806734192382225,-1.53319139048826
127,3,2,1,0.0436332312998582,1,0,1,0.0393438115715981,-0.128672528832641,-15.3091401302308,-2.11413311344385,-4.27137872836624,-0.13764260712618,-2.16606790344326
128,2,2,1,0.0785398163397448,1,2,2,0.101580508053303,-6.4295410143752,-21.6890686563536,-0.00161444261764639,-8.88650351203546,-0.888484132118877,-0.530037237076143
129,12,2,0,0.165806278939461,1,1,0,0.133231058716774,-8.73617631089097,-0.474091410104959,-0.974478835755843,-0.325422831422152,-1.41595319091842,-3.35001153041862
130,9,2,2,-0.0610865238198015,1,2,1,-0.053277637809515,-5.74045534076988,-13.2283884517093,-0.00322025399586984,-1.6111112816263,-0.548840769212599,-1.50186078924309
131,3,2,1,-0.0436332312998582,1,2,1,-0.00812977086752653,-2.33823919747521,-7.70851972560598,-0.10197332387512,-3.3252910933042,-0.0968990050721215,-2.87545798198864
132,60,2,1,0.170169602069447,1,2,2,0.153994053602219,-6.69794259505838,-7.43840247006521,-0.00182329835229258,-1.92418204704683,-0.895458209287222,-0.808368429409261
133,66,2,0,-0.137881010907552,1,2,0,-0.151428148150444,-12.4148859165253,-5.68679323207406,-0.00340025885349691,-0.562402877348809,-0.87418920085649,-4.34575803331454
134,12,2,1,0.0785398163397448,1,2,1,0.0472250320017338,-4.97385091493804,-7.09484931228157,-0.00777601701487507,-1.95165444351838,-0.795006391002428,-0.900459781878908
135,66,2,1,-0.127409035395586,1,2,0,-0.12509973347187,-12.6334350830188,-5.45872710454913,-0.00427131804360357,-0.458938555346058,-1.01733390600425,-5.03774260607845
136,2,2,1,-0.113446401379631,1,2,1,-0.125169366598129,-11.5297175387972,-3.87019413987135,-0.0210849215286678,-2.78779408642546,-0.583153497533642,-0.966774841100042
137,3,2,1,-0.0610865238198015,1,2,2,-0.0805265828967094,-2.89634864024289,-3.70747316895617,-0.0831250645856602,-3.40284153340674,-1.01034912623069,-0.506452529769576
138,3,2,1,0.0785398163397448,1,2,2,0.074060782790184,-3.11738346125999,-5.02174479941684,-0.0522051089019133,-1.65752391316756,-0.936623174683471,-0.873613179235968
139,27,2,0,-0.111701072127637,1,2,1,-0.11386201530695,-5.97750636068803,-8.57697172980541,-0.00272723054849828,-1.96731311561449,-0.191398405070238,-3.37073157410241
140,12,2,2,-0.130899693899575,1,2,2,-0.127095848321915,-10.5662128808717,-4.3502905106901,-0.0130130880417953,-3.81697219568012,-3.23942706675889,-0.0631322050641576
141,9,2,0,0.148352986419518,1,2,0,0.124021865427494,-6.222727716315,-3.15175614105315,-0.0457934606015442,-0.212221467831337,-1.69841286444017,-4.79866402558115
142,41,0,1,0.00436332312998582,1,0,1,0.0478845797479153,-0.10363621024241,-4.59092237395726,-2.42697714986688,-2.32838271730958,-0.216254966632068,-2.33287069520704
143,66,2,0,-0.127095253121346,1,2,0,-0.127819240093231,-10.8797014682855,-3.24344234107282,-0.0398309600078562,-0.470339760560638,-2.81992434272114,-1.15328098741325
144,60,2,2,0.170169602069447,1,2,2,0.153839915990829,-8.72923439837192,-9.32997108562737,-0.000250549706947574,-0.920877890057619,-3.27176258977774,-0.57289400282415
145,3,2,1,0.165806278939461,1,1,1,0.143514543771744,-6.53278521022531,-0.509535677785119,-0.921879862934515,-7.02537775057933,-0.00200603811632869,-6.79895695024876
146,2,2,2,-0.0436332312998582,1,2,1,-0.0552523322403431,-3.20756875142071,-2.65278752434989,-0.117556139066121,-2.23293876085388,-0.362998529691707,-1.62353827107406
147,66,2,0,-0.131837745540669,1,2,0,-0.128706783056259,-12.7376275349808,-5.3404955982292,-0.00480792533689098,-0.504485215978927,-0.942612272130262,-5.02449748509256
148,3,2,1,-0.0785398163397448,1,2,0,-0.0952665507793427,-4.43711800056833,-9.49592437001018,-0.0119765673459897,-0.8670482735896,-1.45213727824609,-1.06206653507186
149,2,0,1,-0.00872664625997165,1,0,1,-0.0191057007759809,-0.0084217370033561,-9.49544034315287,-4.79015710849126,-2.69036934944785,-0.503288935492709,-1.11594663689124
150,33,2,1,-0.0567232006898157,1,2,1,-0.0364989228546619,-6.10661282854203,-4.14701061970847,-0.0182044025745024,-1.81806604757484,-0.368272471593295,-1.92598595729434
151,3,2,1,-0.0959931088596881,1,2,0,-0.092543862760067,-4.18475983954285,-8.71676900314414,-0.0155093311751011,-0.883112224839495,-1.65966823375268,-0.925573807247614
152,2,2,2,0.0785398163397448,1,2,1,0.102431572973728,-8.72366585730289,-27.3700643559851,-0.000162733920683054,-9.10811165242693,-0.173794071688441,-1.83621810667644
153,56,2,2,0.126536370769589,1,2,0,0.121952094137669,-5.68374881061939,-3.55704077884822,-0.032444568880951,-0.743080920406659,-0.939760172930755,-2.01266315203118
154,54,2,1,0.109083078249646,1,2,1,0.105543814599514,-5.16655647021133,-3.63068450403126,-0.0327320814970164,-4.84690454881672,-0.0114081262667323,-5.65767455692271
155,3,0,1,-0.00872664625997165,1,0,2,-0.0259422343224287,-0.00670338297613045,-10.2897635243848,-5.0135941240748,-1.54395252074881,-1.22358673516059,-0.708684358811014
156,2,2,1,0.113446401379631,1,2,1,0.122456423938274,-7.5996876578399,-21.2837001113793,-0.000500804397704237,-5.29600340327462,-0.522363197853539,-0.911623628821865
157,9,2,1,-0.113454514433576,1,2,2,-0.126466602087021,-9.71404721759064,-7.33052278961671,-0.000715929185969922,-4.69604717796495,-4.79623073895026,-0.0175451182700014
158,43,0,0,0.0305432619099008,1,0,0,0.0472005233168602,-0.0709016105988647,-3.9624130630128,-3.00721332143895,-0.214246558884704,-1.89596090943183,-3.15410099015795
159,56,2,2,0.135263017029561,1,2,2,0.137068688869476,-9.43846380577215,-11.4539247890502,-9.02455041929607e-05,-1.71283320183219,-4.78963192328363,-0.209079863139278
160,9,2,1,0.0436332312998582,1,2,2,0.0142675908282399,-0.79827138510217,-10.343127022844,-0.598088975913556,-1.73480564939101,-1.01236246465884,-0.776081124075526
161,41,0,1,0.00436332312998582,1,0,1,0.0507284961640835,-0.0994394965893111,-4.3263834354445,-2.5078879731007,-3.04027497662795,-0.0793579606215062,-3.55893839033068
162,9,2,1,-0.10121075702314,1,2,1,-0.115451745688915,-5.19729935035703,-6.23823999002557,-0.00751288523770235,-1.69213195389073,-0.249325272230749,-3.30915603385768
163,12,2,1,-0.118068592289688,1,2,1,-0.110300429165363,-10.5165997464389,-3.49393616017893,-0.0308800630394,-2.89931433749423,-0.138735692716534,-2.5972117797837
164,3,2,2,-0.148352986419518,1,2,0,-0.142511561512947,-7.37763218560686,-10.7995634024671,-0.000645667096418049,-0.195570598248517,-2.58891303070593,-2.27757031250321
165,60,2,1,0.170169602069447,1,2,1,0.154173165559769,-5.7606213922467,-8.49799902311249,-0.00335869339298913,-2.75902463481644,-0.0661907591513575,-7.27269563481422
166,2,2,1,0.0610865238198015,1,2,2,0.0972211286425591,-5.50409368155031,-20.5912957067452,-0.00407840858197538,-2.45100758660933,-0.791283176158391,-0.775376086099956
167,3,1,0,0.0261799387799149,0,2,0,0.124193854629993,-1.97235384071604,-2.271590010506,-0.277437430029941,-0.637748074236949,-0.757908441244152,-5.85232775609545
168,22,2,2,-0.164060949687467,1,2,1,-0.164913982152939,-12.4108038424822,-4.16664270141587,-0.0156297450830711,-3.52313261635136,-0.561126953241516,-0.916472155066721
169,3,2,0,0.0785398163397448,1,2,0,0.076863169670105,-3.18453089803952,-5.35496757221121,-0.0472197634825085,-0.922268191354926,-1.49705300472345,-0.971287788943971
170,27,2,1,-0.109207002686708,1,2,1,-0.104799427092075,-7.58306670568951,-8.80471826203707,-0.000659265825247259,-3.40970675353337,-0.093823779608694,-2.87341055332837
171,12,2,0,-0.0436332312998582,1,2,1,-0.0690888911485672,-2.83739182763205,-5.21601822717515,-0.0661473916820027,-1.25564430627419,-0.389588823075433,-3.27617407879061
172,9,2,2,-0.148352986419518,1,2,1,-0.145807087421417,-9.90418871655327,-6.11128192361657,-0.00227029348220854,-2.39495757385356,-0.182141280915111,-2.58574552327512
173,2,2,1,0.0785398163397448,1,2,1,0.103009097278118,-8.48208162223988,-26.8801833359403,-0.000207147594175991,-9.3967923461179,-0.178377152932816,-1.81222655079042
174,3,2,0,0.0610865238198015,1,2,1,0.0707785859704018,-5.01312212694634,-3.0939298136511,-0.0533729093032709,-1.07009618407567,-0.454774608268667,-3.79719995178578
175,12,2,0,-0.0785398163397448,1,2,1,-0.0904432162642479,-7.08341573553733,-8.61329902603098,-0.00102113150985725,-1.13225301977091,-0.558732851903775,-2.24657923348019
176,60,2,1,0.170169602069447,1,2,1,0.183300495147705,-9.07099043801442,-7.79631742295462,-0.000526268654491472,-1.36741453082936,-0.942470234807709,-1.03403007455518
177,3,2,2,0.0959931088596881,1,2,0,0.0661360546946526,-4.7673387261112,-2.80340258002276,-0.0716104220233916,-0.820918448667732,-1.60700392618057,-1.02308199724651
178,9,2,2,-0.165806278939461,1,2,2,-0.138188540935516,-11.1474345716689,-12.0226415550508,-2.03849962858086e-05,-1.51748681203806,-1.43706071362904,-0.610438658238446
179,9,2,1,0.0436332312998582,1,2,2,0.0288837049156427,-1.4436341999058,-8.49305773382538,-0.269545105476974,-1.35334434153485,-1.15215940097774,-0.854087315013185
180,12,0,2,-0.00872664625997165,1,0,2,-0.0241747796535492,-0.00394172455889805,-12.3574687868402,-5.53917897845964,-2.18619701028237,-0.988343679640056,-0.662687566571642
181,9,2,1,0.0959931088596881,1,2,0,0.0900811329483986,-7.31148920062267,-7.44472843668029,-0.00125319772036096,-0.418642125629006,-1.08810927218219,-5.25764001315835
182,9,2,1,-0.0959931088596881,1,2,0,-0.110043480992317,-5.26680350457815,-10.6323244188272,-0.00519771795113204,-0.48099231982386,-1.76079327992307,-1.56101959710619
183,2,2,0,0.0436332312998582,1,0,1,0.0652705058455467,-0.0201529374612505,-18.4837167558837,-3.9144629005534,-1.14599553064334,-0.458526753439113,-2.9981671646082
184,9,2,1,-0.165806278939461,1,2,1,-0.0989585444331169,-5.90843847601588,-8.72422147023338,-0.00288323568873575,-2.50340008515462,-0.194949641556776,-2.35054187710175
185,12,2,2,-0.130899693899575,1,2,2,-0.127669140696526,-10.6209640937992,-4.37876471701202,-0.0126448052070447,-4.03402250428883,-3.4112266131786,-0.0520342475123757
186,9,0,1,-0.00872664625997165,1,0,2,-0.030082194134593,-0.0184729131652402,-6.20240230967936,-4.11789771870116,-2.59851255895805,-1.3312442718673,-0.413294438614355
187,38,0,1,-0.0219405400869917,1,0,1,-0.0186193939298391,-0.0405431556841473,-3.63750964146596,-4.31142099049194,-1.37807726236986,-0.328400717858699,-3.58046019576103
188,2,2,1,0.113446401379631,1,2,1,0.121946685016155,-7.62557329449713,-21.5438972147192,-0.000487923428120083,-5.66537603479876,-0.546886708638245,-0.872782652753075
189,9,0,1,0.00575010993915849,1,0,1,-0.00445718970149755,-0.00821522470089591,-7.26572538585607,-4.89520240773558,-1.40115658728354,-0.353348684614452,-2.96897577314133
190,2,0,0,-0.00872664625997165,1,0,2,-0.0358214043080807,-0.0157125115664464,-11.2118718761749,-4.16201185228916,-1.81822348010489,-1.53315224774742,-0.475085298073269
191,2,2,2,-0.131095702555805,1,2,2,-0.123324640095234,-11.2053701573387,-4.85985674095569,-0.00779547986426086,-2.13960490758883,-3.38156805060173,-0.16451554526651
192,38,0,1,-0.0305432619099008,1,2,1,0.00916002970188856,-1.68263013706517,-3.65826561209972,-0.237827810793338,-1.94122410600191,-0.309889078161985,-2.09603069643283
193,2,0,0,0.00872664625997165,1,0,1,-0.0163142997771502,-0.00179535286176141,-17.0903267603071,-6.32342248747399,-2.35219982122683,-0.194825424049951,-2.50271961625126
194,2,2,0,-0.0785398163397448,1,2,0,-0.0900373309850693,-4.6437708752647,-8.96917365263674,-0.00979640655243128,-0.87207919321144,-1.02836556157701,-1.49464748996938
195,3,2,1,0.165806278939461,1,1,1,0.136863082647324,-7.42403862290693,-0.254882974419986,-1.49434257527821,-8.24085001109565,-0.000599444729668977,-7.99938595792354
196,9,0,0,0.0261799387799149,1,0,2,0.00565530080348253,-0.00921837481078344,-9.65330901355556,-4.69819090503261,-1.5557634891864,-1.00992349490422,-0.856313457688786
197,12,2,2,-0.148352986419518,1,2,2,-0.142129361629486,-11.3463356424607,-4.40328144161371,-0.0123246301213484,-3.28137324285651,-2.98386334397954,-0.0923056230824301
198,56,2,2,0.135263017029561,1,2,2,0.139565140008926,-8.82161853520943,-14.0339312060474,-0.000148307353193026,-0.926266795873683,-2.49667548700291,-0.650830713110909
199,12,2,0,-0.0436332312998582,1,2,1,-0.0543575994670391,-3.02998152256637,-4.0794113861195,-0.0674590542268584,-1.10640143105062,-0.464965586972947,-3.19183736991581
200,27,2,0,-0.111701072127637,1,2,1,-0.103145413100719,-5.93073666382304,-7.89473835150802,-0.00303382465237971,-1.79048629038688,-0.286797057063533,-2.49547934543352
201,3,2,1,0.0785398163397448,1,2,0,0.0861262157559395,-7.91272481819966,-5.78819686945002,-0.00343542637650835,-0.442860241503873,-1.05032039017364,-4.83114250478178
202,22,2,1,-0.161442955809475,1,2,1,-0.160888358950615,-12.7527037999609,-4.30423944640084,-0.0136061876812231,-2.64854853697869,-0.443923429994478,-1.24572711634296
203,3,2,0,0.146742306592238,1,2,0,0.137818142771721,-6.85892557004154,-10.8883431216518,-0.00106934242833889,-0.116941973030182,-2.22422484800392,-6.11388636893751
204,12,2,1,0.148352986419518,1,2,1,0.126356616616249,-7.95660426493064,-3.01783945438373,-0.0505115995994388,-0.943666900922944,-0.521146254442467,-4.07675067601715
205,12,2,1,0.0610865238198015,1,2,2,0.0291182864457369,-2.77099068794839,-7.45556298018132,-0.065262176671226,-2.42957606257835,-0.846634670715638,-0.727593490283997
206,9,2,1,0.0959931088596881,1,2,0,0.0877932086586952,-8.0374352367764,-2.43207810854708,-0.0923096759321129,-0.510766477839313,-1.08852880990309,-2.76061271568365
207,43,0,0,0.0305432619099008,1,0,0,0.0308829825371504,-0.197488795441676,-6.43499468955107,-1.72818606268541,-0.0939685392272855,-3.48071011539928,-2.83186279192269
208,40,0,1,-0.00436332312998582,1,0,0,0.0110782356932759,-0.005294126250721,-8.34672093735249,-5.28975709411666,-0.913621832900103,-1.10141847509833,-1.3222618475039
209,3,0,0,0.00872664625997165,1,0,0,0.0087782209739089,-0.000703224384798548,-7.77378262345459,-8.17249817523301,-0.369244117017635,-1.27374701043812,-3.54176855345997
210,12,2,2,-0.130899693899575,1,2,1,-0.124888457357883,-11.2423690394548,-3.92064389500015,-0.0200408560965088,-1.57312691929306,-0.682112288875965,-1.24807682162149
211,41,0,1,0.0130899693899575,1,0,2,0.0323941893875599,-0.0166633945698784,-6.41631300378283,-4.20702207320893,-10.7249893730965,-1.77042213822419,-0.186670695579076
212,12,2,0,0.0610865238198015,1,2,2,0.0461357943713665,-2.44039760361126,-8.52184813235053,-0.0913757323422627,-2.83972460775028,-1.3690564019943,-0.375113327672488
213,12,2,1,-0.0610865238198015,1,2,0,-0.0777332186698914,-3.20191553962289,-9.44526951014345,-0.0416173721387923,-0.832965775774473,-1.50114213445628,-1.07187308163697
214,2,2,0,0.0436332312998582,1,0,1,0.074011005461216,-0.567382043632978,-17.799597944482,-0.837035794297009,-0.830977427105825,-0.720514528361388,-2.55265370479846
215,54,2,0,0.117333930383033,1,2,0,0.118453480303288,-6.14897080921802,-7.64192082819422,-0.00261905736515843,-0.0342280616690356,-5.26920486570165,-3.55781054059752
216,22,2,1,-0.166678943565458,1,2,1,-0.138624548912048,-8.20765469858473,-4.75219882852602,-0.00894518065880742,-2.50978965848303,-0.64609869267102,-0.929811155369468
217,9,2,2,-0.0435614409989852,1,2,2,-0.0405132919549942,-4.53686578392331,-3.851431506812,-0.032477940489018,-2.29777138856299,-0.862941601223164,-0.738985194047082
218,3,2,1,0.118664049543084,1,2,1,0.10217672586441,-7.64487495468643,-2.0269579955158,-0.141810355804264,-0.807500321946223,-0.702327537095002,-2.83705902620143
219,9,2,1,0.165806278939461,1,2,2,0.138589173555374,-6.91713888860362,-2.39446764317708,-0.0967443656782387,-1.84919465872023,-1.40138166189037,-0.51687773871854
220,9,2,0,0.0959931088596881,1,2,0,0.0862658768892288,-7.63320591562136,-7.77959305561626,-0.000902702425874593,-0.427616728238815,-1.23992019602998,-2.83819255620674
221,85,2,1,0.0436332312998582,1,2,1,0.0475842170417309,-1.38757059534936,-3.20014722427453,-0.343106555606108,-4.63346527823395,-0.0219483154338993,-4.4238271430141
222,40,0,2,-0.00698131700797732,1,0,1,-0.0291493777185678,-0.0137155559959295,-6.87153990340856,-4.37524253544427,-1.6859929555142,-0.793828925568208,-1.01437427627018
223,2,2,1,-0.0610865238198015,1,2,1,-0.0674093291163445,-6.3305995254408,-9.56735107904081,-0.00185267778697704,-1.62249588289743,-0.315458097224523,-2.61538003188914
224,3,2,1,0.0959931088596881,1,2,0,0.090538889169693,-6.79603074639379,-11.1845614661496,-0.00113265262244397,-0.346863704084636,-1.25491346034635,-4.82859126243862
225,9,2,2,-0.148352986419518,1,2,0,-0.135069951415062,-8.07590881656007,-6.03879477359822,-0.00269908048883593,-0.0491460821311862,-3.68347333422874,-3.7800071134529
226,38,0,1,-0.0243691657411418,1,0,1,-0.00962524022907019,-0.00880584549777511,-7.60079729453905,-4.79547364066724,-1.26874595686914,-0.343216100153759,-4.6744061978796
227,54,2,0,0.112902248524011,1,2,0,0.113443352282047,-5.36458926166925,-5.3182521050898,-0.00962686168009697,-0.177177197973151,-3.20753725880034,-2.1044512625109
228,85,2,1,0.0366519142918809,1,0,1,0.0426555164158344,-0.678676782969814,-2.94135599976882,-0.821166500627965,-4.23267775839351,-0.0349181918206623,-3.92196403986259
229,9,2,1,0.165806278939461,1,2,1,0.158973410725594,-9.56222661622973,-10.2386906744444,-0.000106101896307325,-1.17821203078902,-0.392511920878115,-4.08560184571173
230,12,2,1,0.148352986419518,1,2,1,0.127152562141418,-7.7957089880617,-2.60169249418361,-0.077485384741712,-0.944023874484843,-0.523780461766226,-3.98117757663388
231,2,2,1,-0.0959931088596881,1,2,2,-0.0974236503243446,-4.52926405301438,-4.41534669940916,-0.0231447906754,-2.95725372099237,-1.54209299626004,-0.309102246819866
232,43,0,1,0.0305432619099008,1,0,1,0.0149188982322812,-0.0454983634544208,-4.00266860358562,-3.64153670325206,-1.12587577825947,-0.721612943039937,-1.66250178904119
233,9,0,0,0.00872664625997165,1,0,1,-0.00410869996994734,-0.00252667119280481,-8.15200176750189,-6.10333956364204,-1.28198266216573,-0.445075091505802,-2.50424489665756
234,3,2,1,0.156099725752188,1,2,1,0.148556277155876,-6.13999626874649,-2.40791527034789,-0.0966846175827572,-4.15347016074074,-0.0290791463959851,-4.34661501997149
235,9,2,1,0.130899693899575,1,2,1,0.12422352284193,-5.88857317661845,-3.38258059300108,-0.0374222044107331,-4.62794149601125,-0.0122761148866501,-6.02141326022082
236,2,0,1,0.0145577503847305,1,0,0,-0.0163971502333879,-1.43051249779189e-06,-19.2803207390667,-13.4932111900212,-0.169614529112548,-1.86258574134958,-7.20979426951024
237,2,2,1,0.113446401379631,1,2,1,0.125070080161095,-7.5760565263024,-20.3682552753677,-0.000512731369334168,-3.76937731328845,-0.62467351287181,-0.817583315814411
238,40,0,2,-0.00698131700797732,1,0,1,-0.022303381934762,-0.0208343924551203,-5.87837407831557,-4.0274619383128,-1.4417185712679,-0.701055059782669,-1.31894442991048
239,2,2,2,0.165806278939461,1,2,2,0.135173499584198,-9.33033501203557,-7.48757447512209,-0.000648887831270458,-6.29512661754315,-0.941405330064809,-0.497456227859149
240,41,0,1,0.0105374192987448,1,0,1,0.0438846126198769,-0.329893697764422,-3.6924048533758,-1.3622350026559,-1.24781626619267,-0.83619726067165,-1.27470455148212
241,3,2,1,0.0436332312998582,1,2,0,0.0285992007702589,-0.983533792119697,-6.169103168052,-0.471733564051524,-0.432760388008442,-1.13868180068903,-3.47237790199275
242,9,2,1,0.0785398163397448,1,2,0,0.0461824797093868,-7.14039424496415,-9.92688225096274,-0.000841614014100611,-0.0630948107780065,-3.52883052311806,-3.44808722308804
243,12,0,1,-0.00872664625997165,1,0,2,-0.0338900946080685,-0.0147617454987929,-10.8567493262112,-4.22440125340638,-1.82351281287026,-1.4671338730917,-0.497651114153221
244,33,2,1,-0.0619591884457987,1,2,0,-0.0628659650683403,-7.82532101428735,-6.74484243595274,-0.00157766750818256,-0.718205732779197,-1.4470244924488,-1.28336167409684
245,12,2,0,-0.0785398163397448,1,2,1,-0.0860249474644661,-7.64059758358328,-9.6270973497685,-0.000546664381694676,-1.24863927142501,-0.457262891684732,-2.52459040032903
246,12,2,1,-0.113446401379631,1,2,1,-0.108392156660557,-10.4596979924053,-3.30624462808403,-0.0373718993146461,-3.54366160479987,-0.0681746174441463,-3.296962510898
247,38,0,0,-0.0244346095279206,1,0,1,-0.00526190828531981,-0.111158971290203,-7.68902451036346,-2.25621997541131,-2.65724423566917,-0.156629806741307,-2.59242614936897
248,54,2,1,0.117809724509617,1,2,2,0.124190501868725,-8.98367571171491,-15.6577212413357,-0.000125654485380721,-1.09099676679139,-1.8417559928471,-0.682049685373108
249,9,2,0,0.148352986419518,1,2,0,0.119539581239223,-7.87157199443421,-0.868818445764031,-0.544431074633943,-0.0817113353470726,-3.63987498028448,-2.9525513843376
250,43,0,2,0.0305432619099008,1,0,2,0.0456013642251492,-0.14013753706526,-8.02922567908939,-2.03687611085804,-2.91347732616701,-0.78832398002528,-0.711092854006468
251,3,0,1,0.00872664625997165,1,0,1,-0.00551941711455584,-0.0013724442471786,-8.49553693209511,-6.7532254255881,-1.0067357572607,-0.585166744504069,-2.55648262453333
252,2,2,1,0.148352986419518,1,2,1,0.126364901661873,-4.42580831541513,-13.8795522192812,-0.0120376158786872,-14.1184349631062,-0.410975452830514,-1.08768389678686
253,22,2,1,-0.166678943565458,1,2,2,-0.166035175323486,-11.2988895677179,-2.00960435738324,-0.143932802796589,-3.56308405583168,-0.988214050985136,-0.511813124365303
254,12,2,1,-0.0436332312998582,1,2,2,-0.0570808686316013,-1.70796871996497,-7.84719584300228,-0.200433967212708,-1.07204388435007,-1.17410016131866,-1.0538448501248
255,2,0,1,0.0261799387799149,1,0,0,0.01266158092767,-3.57627932601205e-07,-21.7564071870862,-14.8454745536236,-0.62912081680294,-0.768818713046257,-5.69004300932224
256,2,2,2,-0.130899693899575,1,2,2,-0.140429735183716,-11.078841197815,-3.77638291263799,-0.0231875527791178,-4.10727157464643,-6.61540545458799,-0.0179523487028286
257,38,0,2,-0.0218166156499291,1,0,1,-0.0153407258912921,-0.194478638301014,-6.59900536718997,-1.74083137659221,-1.45221953199373,-0.829061918429662,-1.11020545750828
258,41,0,0,0.0130899693899575,1,0,1,0.0438791662454605,-0.329981823654676,-3.69163413322781,-1.36206243280235,-1.2479109302733,-0.836357303825183,-1.27435947526691
259,12,2,2,0.130899693899575,1,2,2,0.117026701569557,-6.4474124224641,-5.31731937700925,-0.00651168365224201,-3.50474999514968,-1.50770871183951,-0.289645388673799
260,33,2,1,-0.0593411945678072,1,2,1,-0.0701057910919189,-3.3758604556708,-5.36118910248261,-0.0396601531453466,-1.89825496472661,-0.23328051874546,-2.84320506828615
261,3,2,1,0.165806278939461,1,2,1,0.151479184627533,-6.2673544978844,-1.68861401883796,-0.206621578806916,-5.76848371481087,-0.00529826081075633,-6.13773408792472
262,22,2,1,-0.165271853668347,1,2,1,-0.165701135993004,-12.4667679780174,-4.24495620335533,-0.0144440970142059,-3.33622296758662,-0.652412660873803,-0.812739183450282
263,12,2,2,-0.130899693899575,1,2,1,-0.121820695698261,-10.9778260729397,-3.64176781932196,-0.0265730195034635,-1.83449373532375,-0.602479888498883,-1.22808328874277
264,9,0,2,-0.0261799387799149,1,0,2,-0.0455793403089046,-0.228717922574765,-3.55642953346164,-1.73780219947514,-3.35376488517577,-1.29186322672445,-0.370644812399749
265,3,2,1,0.0959931088596881,1,2,0,0.0877944752573967,-6.2402463956712,-4.49765463563382,-0.0131708874213787,-0.528584893505598,-1.17744468189521,-2.27792614451066
266,3,2,0,0.0610865238198015,1,2,0,0.0480140186846256,-2.42185683218034,-3.70100667390906,-0.120423793954649,-0.286052220936297,-1.42985355245597,-4.66358331981277
267,2,2,1,-0.148352986419518,1,2,1,-0.141116440296173,-11.9254340067475,-3.6172239353868,-0.027231118417411,-3.39691219565484,-0.0606885833710658,-3.6727190615603
268,85,2,1,0.0436332312998582,1,0,1,0.0459697619080544,-0.717199334782968,-2.02246931034462,-0.968757605425049,-5.61607790336472,-0.00690124081312997,-5.73263643430776
269,2,2,2,0.165806278939461,1,2,1,0.121215842664242,-4.18927762005256,-14.1916846777639,-0.0152739938171875,-1.70651734394112,-0.283022405091826,-2.73336311693262
270,3,2,2,0.0959931088596881,1,2,2,0.0814917460083961,-5.07804669465477,-6.88672970171842,-0.0072797822601344,-3.14394874654419,-1.0268066162773,-0.512929554857065
271,85,2,1,0.0436332312998582,1,2,1,0.0466956049203873,-1.1807547089976,-3.09825727430043,-0.434134216673052,-4.56106080186304,-0.0235695037343035,-4.35495710612341
272,2,2,2,0.165806278939461,1,2,1,0.148418635129929,-6.89869897216727,-12.2558952167345,-0.00101432966142508,-8.51633015131456,-0.198432412027336,-1.71599575088854
273,43,0,0,0.0279252680319093,1,0,0,0.0130536528304219,-1.31130304481606e-06,-17.2520326210192,-13.5696710796599,-0.136124932386463,-2.06694574450259,-7.27208929154334
274,41,0,1,0.00951068088489097,1,0,1,0.0438846126198769,-0.329893697764422,-3.6924048533758,-1.3622350026559,-1.24781626619267,-0.83619726067165,-1.27470455148212
275,3,2,1,0.165806278939461,1,2,1,0.152716815471649,-6.85096777270275,-3.09257971308791,-0.0475563108305375,-4.87862042230051,-0.00996236808362764,-6.07249003358265
276,12,0,1,0.0261799387799149,1,0,1,0.0137567529454827,-0.0320901104669753,-8.40498340682876,-3.46231972272734,-0.880519901336918,-0.846078606176427,-1.85573281197426
277,56,2,1,0.135263017029561,1,2,1,0.116552151739597,-7.59602928553399,-3.49413972822467,-0.0313640416269997,-0.887825157092002,-0.568882935933981,-3.80350011755958
278,33,2,0,-0.0567232006898157,1,2,0,-0.0539737157523632,-5.56165431061931,-3.1626550523871,-0.0472547566304163,-0.0740813613263872,-4.14443865287838,-2.89044470919167
279,9,2,1,-0.148352986419518,1,2,0,-0.132599145174026,-8.10773559788874,-8.69781406837226,-0.000468244489408191,-0.28623282290473,-1.81723917653254,-2.44832124566459
280,3,2,1,-0.0907754606962361,1,2,0,-0.101779587566853,-3.84126416562774,-9.62855618531729,-0.021767499470915,-0.628179322486803,-2.1545262138618,-1.04845293880685
281,12,2,1,-0.113446401379631,1,2,1,-0.105139248073101,-10.086625641133,-3.10833938316927,-0.0457473498312986,-3.70323184980597,-0.0664287724187432,-3.22825377038592
282,9,2,1,-0.113446401379631,1,2,2,-0.126034945249557,-9.59929441134722,-7.23958089915424,-0.000785659349056705,-4.64050889806895,-4.7930433753865,-0.018102917912074
283,9,2,1,0.130899693899575,1,2,1,0.124600656330585,-5.93858989702709,-3.42271589386027,-0.0358961104290162,-4.57903898349438,-0.0128082215223632,-6.00688495066021
284,3,2,1,-0.0436332312998582,1,2,1,-0.0528146661818027,-2.00096467204648,-5.94503875730908,-0.148295298519922,-2.65006615434244,-0.464622719894997,-1.20070670318091
285,3,0,1,-0.00669722376606085,1,0,1,-0.0101635791361332,-0.00456599129100365,-8.51657080670687,-5.43631437100488,-1.89590365767017,-0.466225926499018,-1.50304433387508
286,3,2,0,-0.072080530038116,1,2,1,-0.0573160611093044,-3.52707329995439,-8.95725026441178,-0.0299640904439651,-1.34017673611107,-0.513348351107761,-1.9681696230655
287,2,2,2,0.0785398163397448,1,2,1,0.102990843355656,-8.34004439712604,-26.4709914574949,-0.000238745099668835,-9.21813127682599,-0.288658396144952,-1.38376698283417
288,22,1,1,-0.166678943565458,0,2,2,-0.0475861765444279,-5.39311548172876,-0.903432012798251,-0.527165857790226,-3.87755984143447,-0.944075121870347,-0.527192920170832
289,3,2,0,0.148352986419518,1,2,0,0.129881888628006,-6.7764001303301,-9.76074884166934,-0.00119877159962896,-0.0382279876464076,-3.33272635086493,-6.31390853401269
290,41,0,2,0.010471975511966,1,0,1,0.0438846126198769,-0.329893697764422,-3.6924048533758,-1.3622350026559,-1.24781626619267,-0.83619726067165,-1.27470455148212
291,9,0,1,0.0261799387799149,1,0,2,0.011616257019341,-0.0272667665803369,-11.4132396941861,-3.61609819353453,-1.51931859575404,-1.07080826858443,-0.824606071943841
292,2,0,1,0.0261799387799149,1,0,0,0.0101297618821263,-3.57627932601205e-07,-21.5307468146935,-14.9159854088095,-0.539627487203495,-0.881795716422721,-5.81053441380643
293,2,2,1,0.148352986419518,1,2,1,0.14097273349762,-7.55922336746574,-14.688286026049,-0.000521855598668575,-5.21415548339941,-0.359446838825493,-1.21571279354631
294,3,2,0,0.0436332312998582,1,2,0,0.0366631969809532,-1.7701575143635,-5.67403275027235,-0.190845964794203,-0.38055357563075,-1.33353372377807,-2.93797766982
295,3,1,2,-0.113446401379631,0,2,1,-0.0301195736974478,-4.52324449262667,-3.65112505180744,-0.03751050742093,-0.769752833746827,-0.626177237373609,-6.10093674751912
296,9,0,1,-0.00872664625997165,1,0,0,0.0109448218718171,-0.00644437260727801,-7.10412162822596,-5.18463986439078,-0.347936384545745,-1.35836614754561,-3.30291805896449
297,12,2,1,0.113446401379631,1,2,1,0.103818148374557,-8.27120672609841,-6.27600371570986,-0.0021389335896356,-0.858845323120163,-0.57229812461611,-4.41275691227522
298,9,2,0,0.0959931088596881,1,2,0,0.0851216688752174,-7.63055123531712,-7.93181548891471,-0.000844835380108938,-0.415921430381518,-1.30265682828237,-2.68151638309721
299,41,0,2,0.00444894324612677,1,0,2,0.0490044169127941,-0.102112600827301,-5.15433056709553,-2.39362893794079,-1.12431947330954,-2.24998730810375,-0.56259985713569
300,22,2,0,-0.161442955809475,1,2,1,-0.16140966117382,-12.6579938396122,-4.23078827661554,-0.014650871569867,-2.6202237220172,-0.426631361606155,-1.29277009976497
301,9,2,2,-0.148352986419518,1,2,0,-0.153039127588272,-7.93995411552466,-4.84621311376273,-0.00824821812880639,-0.0678545344814225,-3.73071927244114,-3.17898003848896
302,3,2,1,0.113446401379631,1,2,1,0.101629734039307,-7.23737754283302,-2.44521967568567,-0.0914863696275064,-0.73786093444269,-0.719216509468215,-3.36013171728118
303,9,2,1,0.113446401379631,1,2,1,0.109256267547607,-5.31693408059862,-3.57413380368979,-0.0335024733992781,-4.84964475339756,-0.0109076759685617,-5.80342914181851
304,33,2,1,-0.0610689584141178,1,2,0,-0.0818967148661613,-3.65015416335899,-5.40048610444218,-0.0309763358848331,-0.676041165782156,-1.09160758402648,-1.85984373595631
305,2,2,2,0.165806278939461,1,2,1,0.13970910012722,-7.45044466739931,-14.9760760430961,-0.000581672052821279,-6.65622181116923,-0.314250807281785,-1.31535832823704
306,2,2,2,-0.115475823873542,1,2,2,-0.120022512972355,-10.6294258253707,-3.59691360640846,-0.0278156146534514,-4.36358285372711,-5.58517998497739,-0.0166232134786036
307,12,0,1,-0.00872664625997165,1,0,1,-0.0304536540061235,-0.0135133850563889,-8.85582145931934,-4.32149770743398,-1.83119403333267,-0.605328556084304,-1.2245740712201
308,43,0,1,0.0279252680319093,1,0,1,0.0138699803501368,-0.0154415328412191,-6.25548183947544,-4.31228120996032,-1.75402565804094,-0.289918633249343,-2.54338646317228
309,9,2,1,0.0843709204645035,1,2,0,0.0884926244616508,-7.4031506309958,-4.95502762725298,-0.00768669700588128,-0.631742308838917,-0.772837125733795,-5.01554281247229
310,38,0,1,-0.0218166156499291,1,0,1,-0.0245960149914026,-0.0723944503818364,-2.97112522781882,-3.98510374877655,-1.35408178550635,-0.350584410487701,-3.28236591365969
311,38,0,2,-0.0218166156499291,1,0,1,-0.0228156689554453,-0.21215514320321,-5.63376216896769,-1.6735195690069,-1.85423893537502,-0.551420030604736,-1.31939554936485
312,2,2,1,0.0959931088596881,1,2,1,0.117371372878551,-7.50784884157279,-21.7893825440647,-0.000548930599284486,-4.94153909212049,-0.576247955657682,-0.841987532056577
313,9,2,1,0.0959931088596881,1,2,0,0.0891358628869057,-7.65784654194364,-7.40968142879283,-0.00107823306194009,-0.528022616286303,-0.994498280693627,-3.2108842417775
314,12,2,1,-0.113446401379631,1,2,1,-0.108295150101185,-10.4598519295805,-3.32090666001739,-0.0368182773323903,-3.53083655038628,-0.0688032147208338,-3.29119789181458
315,2,2,1,0.130899693899575,1,2,2,0.149737283587456,-5.21854094598149,-17.2718617921097,-0.00542997646668877,-15.6641737539452,-0.777184896792936,-0.615627958659863
316,3,1,2,-0.113446401379631,0,2,2,-0.0152845298871398,-1.61402499576921,-3.6977869726749,-0.253426235253985,-3.23881455373096,-0.774237074035234,-0.693678816470738
317,33,2,2,-0.0567232006898157,1,2,1,-0.0373272895812988,-6.03557908925894,-4.26946389196176,-0.0165171019482561,-1.50568942150834,-0.616285556082657,-1.43468893897119
318,12,2,2,0.0959931088596881,1,2,2,0.0837349742650986,-6.71697761292222,-6.02629810912167,-0.00363120289796597,-3.17909888802559,-0.97478449548644,-0.542826903342817
319,54,2,1,0.117809724509617,1,2,2,0.11955388635397,-9.27487120103975,-16.3290103508333,-9.3822112033175e-05,-0.930277297896735,-2.27342696514902,-0.687966792434624
320,2,2,0,0.0436332312998582,1,2,1,0.0762148424983025,-0.995590635564347,-18.0761718312977,-0.46125031870582,-0.796004284864451,-0.788143585181645,-2.36250492317448
321,3,2,0,0.0436332312998582,1,2,0,0.0342237539589405,-1.25049491842497,-5.61481175692923,-0.342499573734197,-0.347706228644279,-1.4381696414515,-2.8764958353027
322,2,2,1,0.0959931088596881,1,2,2,0.114515669643879,-7.60896046301381,-23.03223819267,-0.000496152917325872,-6.95452052546419,-0.727834988099783,-0.661469768216011
323,2,2,1,0.165806278939461,1,2,1,0.127157837152481,-7.4828808698501,-8.96846559219949,-0.0006902215159957,-5.93077943541896,-0.130554234131488,-2.12247677949649
324,12,0,2,-0.00872664625997165,1,0,2,-0.0329400226473808,-0.010460297537813,-12.499334753208,-4.56575570215152,-1.95022869758041,-1.37681945548691,-0.501901382582274
325,85,2,1,0.0366519142918809,1,0,1,0.0425450354814529,-0.669333637188374,-2.86086785882647,-0.842270825203265,-4.24549189575803,-0.0349005392856313,-3.91352973840625
326,66,2,0,-0.123918376891597,1,2,2,-0.127736836671829,-10.3007558088204,-4.8865774477285,-0.00760963712788546,-2.06501356129963,-2.09138396690629,-0.288125708873856
327,12,2,1,0.148352986419518,1,2,0,0.111424282193184,-6.52771093437028,-1.49155139522331,-0.256811082460458,-0.249509152480861,-1.73947137506818,-3.0965772289732
328,2,0,0,0.0261799387799149,1,0,1,0.0439470745623112,-3.88629835495173e-05,-21.6369521747426,-10.1558463705378,-1.6053195132006,-0.244675576045707,-4.1217529310156
329,9,2,0,0.0959931088596881,1,2,0,0.0839748904109001,-7.62199708017708,-8.06689513633617,-0.000803614609380276,-0.41173090643177,-1.34686382953562,-2.55821458922311
330,12,2,0,-0.0785398163397448,1,2,1,-0.0761535987257957,-6.2599153609939,-8.44960309035471,-0.00212764425402871,-0.853066354159134,-0.595820799709127,-3.78171479965469
331,2,2,1,-0.113374611078758,1,2,1,-0.114839516580105,-8.09257593275576,-5.07866564380862,-0.00655548025888793,-3.06800264125406,-0.0794190700295961,-3.51213311770017
332,12,2,1,-0.0610865238198015,1,2,1,-0.0819485113024712,-1.27837010565391,-7.06712717325805,-0.327592739907912,-1.63902153137743,-0.647125524311142,-1.26485030971021
333,2,2,1,0.130899693899575,1,2,1,0.130239352583885,-4.2407031509155,-16.7776551902008,-0.014502091178703,-16.3647322253331,-0.536170469190212,-0.879438862405489
334,41,0,1,0.0130899693899575,1,0,2,-0.0041838763281703,-0.0694612778361808,-5.82924836096423,-2.74632136850696,-4.1365129435066,-2.722836309664,-0.0851948261589587
335,3,2,1,0.165806278939461,1,2,1,0.152748614549637,-6.854898229973,-3.09414460798348,-0.047477491722007,-4.86654729261761,-0.0101087284357787,-6.0499913307217
336,2,2,0,0.0436332312998582,1,2,0,0.0829850062727928,-2.93169816657162,-19.3889663607512,-0.0547798499759463,-0.786083088341821,-1.05684792634996,-1.62544353721751
337,3,2,1,-0.0436332312998582,1,2,1,-0.0247071497142315,-2.70007729963597,-12.2834464384829,-0.0695697724051373,-3.79239372583651,-0.0993185624204388,-2.63103115225588
338,12,2,1,0.148352986419518,1,2,2,0.137693822383881,-7.51670532510123,-8.02493365140793,-0.00087150153055551,-1.55309994696715,-1.05234532134571,-0.822593418040883
339,3,2,1,0.130899693899575,1,2,0,0.120058618485928,-8.0665335326016,-3.36802910924087,-0.0353902966951146,-0.703028701410276,-0.751592522074983,-3.40215142152293
340,27,2,0,-0.111701072127637,1,2,1,-0.124693505465984,-5.32884337156361,-8.90798786607557,-0.00499750119875534,-2.23342435911476,-0.218912820207421,-2.41410493607886
341,60,2,1,0.166590313564381,1,2,0,0.157472342252731,-7.98062710837853,-2.30459958213934,-0.105516983468073,-0.63869738321012,-0.756286369431827,-5.9469411381096
342,2,0,1,-0.00872664625997165,1,0,1,-0.027190025895834,-0.00527291442892851,-10.622756052182,-5.25245389599506,-2.46582452348086,-0.584294370808418,-1.02844623982777
343,9,2,1,0.130899693899575,1,2,1,0.124600894749165,-5.93852938880482,-3.42250569280579,-0.0359033390760331,-4.57901838796887,-0.0128085837603346,-6.00684333653531
344,9,2,1,0.0436332312998582,1,2,1,0.0290348138660192,-1.13431917541313,-9.95152060873459,-0.388148969038579,-1.56087231552814,-0.741630034642711,-1.15928541866602
345,27,2,1,-0.114319066005629,1,2,1,-0.108920581638813,-5.24649826834727,-5.26056061458501,-0.010513423043218,-1.21092672180966,-0.622652653029786,-1.79842381936239
346,3,2,1,0.0785398163397448,1,2,0,0.0828070938587189,-6.8653972832789,-5.97864565825676,-0.00358191121760799,-0.604550792019532,-0.833392928662343,-3.9576491959291
347,12,2,0,0.0436332312998582,1,0,2,0.0183707680553198,-0.472904331852491,-8.35650314069212,-0.976636721240118,-3.02276453284156,-0.967285589559853,-0.559980679629809
348,40,0,1,-0.00959931088596881,1,0,1,-0.0124790472909808,-0.0113258358290065,-7.46003192475263,-4.53880068462469,-2.34232414920602,-0.329523952135834,-1.68940198604647
349,3,2,0,0.0539876016180862,1,2,0,0.0529224239289761,-4.07818570920988,-6.06901456614096,-0.0194393100107465,-0.386065759490562,-1.28574931720802,-3.12741925902582
350,2,2,2,-0.0436413443538031,1,2,1,-0.0474150218069553,-3.24530694728077,-8.35937925137466,-0.0399794008473983,-1.95018009032493,-0.832618291583905,-0.860755574043549
351,12,2,0,-0.0436332312998582,1,2,1,-0.049779262393713,-1.00215208105753,-6.03679989971207,-0.461206927488375,-1.44265867963144,-0.874306073894214,-1.05972837783697
352,3,2,2,0.0959931088596881,1,2,0,0.0649334266781807,-4.66388312248443,-2.65146535833955,-0.0833572309364838,-1.04254963579693,-1.09660306897388,-1.16014211111215
353,12,2,1,0.0610865238198015,1,2,2,0.0330136455595493,-2.65032151233944,-8.10969061343712,-0.0735702352757173,-3.00406902041201,-0.79927406843704,-0.691628654081907
354,12,0,0,0.0302279436368354,1,0,0,0.0107618784531951,-0.0692284823420093,-7.4966986624058,-2.71308905887244,-0.627606075610603,-0.851662504182015,-3.23331081713428
355,9,2,1,0.165806278939461,1,2,1,0.150839954614639,-8.4984020951177,-7.60414552444539,-0.000702389333097813,-2.38512910350955,-0.766724922011658,-0.813303357601262
356,12,2,1,-0.0610865238198015,1,2,2,-0.066160149872303,-2.27458003789309,-8.72054344255237,-0.108703121588125,-1.22298068711901,-1.29378624891034,-0.840677748371398
357,85,2,1,0.0471238898038469,1,2,1,0.0500074438750744,-1.5358301174511,-2.87942444105856,-0.316690817116272,-4.47846161277891,-0.0269168325675591,-4.18600781610405
358,27,2,2,-0.109083078249646,1,2,2,-0.104437611997128,-8.84017890927666,-7.03627056621668,-0.00102465178291589,-2.40941407983235,-0.840374533504115,-0.736925233951816
359,9,2,1,-0.0436332312998582,1,2,1,-0.0176657717674971,-2.2517915556738,-6.38952058190506,-0.113045083710552,-3.82501070394607,-0.0452375276657231,-3.79819007197325
360,56,2,2,0.132645023151569,1,2,2,0.114094778895378,-6.17637538581338,-4.73004485675469,-0.0109638985911196,-3.73807280576513,-1.33361887873102,-0.338725301201654
361,9,2,1,-0.130899693899575,1,2,2,-0.138800576329231,-10.1779599614411,-7.92127322254198,-0.00040104085153728,-5.41850510131658,-4.90885919549462,-0.0118850618516301
362,3,0,1,0.0261799387799149,1,0,1,0.0303059201687574,-0.0223656937974615,-10.5453330930162,-3.81257979231417,-5.66545764004799,-0.251940174766326,-1.51756462978384
363,54,2,0,0.117809724509617,1,2,0,0.103187687695026,-8.21068274989327,-3.44065319720837,-0.0328492285632816,-0.476042371764274,-1.85975224503318,-1.50035231045948
364,9,0,0,0.0103373260872517,1,0,2,-0.00876078102737665,-0.0026935820558893,-11.306900399535,-5.92279957727291,-1.70939182241327,-1.16270277862536,-0.680459739028833
365,40,0,2,-0.00698131700797732,1,0,2,-0.0237548388540745,-0.00344708934855494,-6.27770376081332,-6.4609256083785,-3.06094582652601,-1.36112737320035,-0.361278333655633
366,3,2,2,0.0959931088596881,1,2,0,0.0773692652583122,-4.37630665905587,-2.16052232104796,-0.136778470159317,-0.552944592624771,-1.15640699514987,-2.20607555279212
367,43,0,0,0.0305432619099008,1,0,0,0.0432582907378674,-0.0659412786305251,-10.0501960725523,-2.75245787447965,-0.153710169397939,-2.33055258553699,-3.09583053221065
368,3,2,1,-0.0436332312998582,1,2,1,-0.017984488978982,-2.25978239629814,-10.3350907466966,-0.110267693468742,-3.6559809952292,-0.0798109817310724,-2.97842470205192
369,22,2,2,-0.164060949687467,1,2,2,-0.15323506295681,-10.3470395718345,-6.12092440393959,-0.00223098525679004,-1.31615228919892,-1.03472707456986,-0.97680657088639
370,43,0,0,0.0305432619099008,1,1,0,0.021820368245244,-0.908079633504864,-0.80552463729125,-1.89812995900199,-0.0239707703602988,-3.8382227321116,-6.14045826991571
371,66,2,1,-0.136004907625364,1,2,1,-0.130892008543015,-11.5079369152463,-3.40061210869623,-0.0339321642676656,-3.38989480197936,-0.0686116830381947,-3.42348537132414
372,3,2,0,0.130899693899575,1,2,2,0.124699033796787,-6.82336532248613,-8.26880326617924,-0.00134534694104907,-1.78507363476399,-0.929977992958824,-0.826329248807558
373,38,0,2,-0.0218166156499291,1,0,1,-0.00394914578646421,-0.240558259854854,-7.73593677429641,-1.54470737008757,-2.35770078539556,-0.221918294309853,-2.25970230660907
374,3,2,0,0.0610865238198015,1,2,0,0.0542115829885006,-3.79677210860196,-4.55713238340703,-0.0334897765926111,-0.045501357660445,-3.14482203294166,-6.56621425096766
375,2,2,1,0.0610865238198015,1,2,1,0.0979155078530312,-5.98230213247042,-21.809418598365,-0.0025261931494268,-3.32204283591437,-0.613784600548836,-0.861275646933153
376,3,2,1,0.165806278939461,1,1,1,0.0924357399344444,-9.71660489386016,-0.0323245141875826,-3.44994278002007,-3.33913729063647,-0.0472018924543441,-4.54336091208462
377,2,2,1,0.0610865238198015,1,2,1,0.0977381244301796,-5.8195474850173,-21.4108790477181,-0.00297344286850532,-2.97318111351003,-0.671191540655353,-0.826083521250366
378,27,2,2,-0.109083078249646,1,2,1,-0.110240377485752,-6.77305508660928,-2.23738522467254,-0.114156225652646,-2.82685129363332,-0.0782980775879508,-4.12817292412777
379,12,2,1,0.0785398163397448,1,2,2,0.0554017014801502,-5.17656357501238,-6.26025045854189,-0.00758681460936189,-2.02511694930534,-0.98069272795873,-0.707306072637175
380,9,0,1,0.0309267571068715,1,2,2,0.0886991247534752,-6.05413805060292,-11.4347137735128,-0.00236170004102136,-1.2057651915084,-3.25865591267018,-0.412342882387976
381,56,2,1,0.132603053437212,1,2,2,0.11849370598793,-6.37114040496224,-5.18711280680352,-0.00732511359089141,-3.55013796617469,-1.51798828201086,-0.284850097283173
382,40,0,1,-0.0130899693899575,1,0,1,0.0368556715548038,-0.207980104633121,-4.67303456801653,-1.72354259359513,-1.49068315755708,-0.561884617785798,-1.5864652177619
383,56,2,2,0.132645023151569,1,2,2,0.11360951513052,-6.17589190156291,-4.74973210308076,-0.0107909021013841,-3.73008948868219,-1.33464300229739,-0.338614574956126
384,3,2,1,-0.0785398163397448,1,2,0,-0.0880845636129379,-4.1005091955991,-9.71156398462235,-0.016764612015828,-0.836837999917042,-1.60598872059413,-1.00449036124279
385,43,0,0,0.0218166156499291,1,0,2,0.0417121537029743,-0.135580757417713,-4.77374385838435,-2.13417140197795,-1.60394020406892,-2.20587823323259,-0.372886050291178
386,41,0,2,0.010471975511966,1,0,1,0.0438846126198769,-0.329893697764422,-3.6924048533758,-1.3622350026559,-1.24781626619267,-0.83619726067165,-1.27470455148212
387,2,2,1,-0.148352986419518,1,2,1,-0.14111752808094,-11.9190824173808,-3.60695429275304,-0.0275161555067825,-3.3990672436969,-0.0599877850977926,-3.69612411351084
388,43,0,1,0.0279252680319093,1,0,0,-0.00222768890671432,-5.96046625389661e-07,-18.6116339823657,-14.2386518513506,-0.0504343024809059,-3.01486733116573,-8.93860361974637
389,40,0,1,-0.0130899693899575,1,0,1,0.0406770184636116,-0.225341711204976,-4.5382975968629,-1.65514144652457,-1.66101328323219,-0.449489010357351,-1.75968230268952
390,2,2,2,-0.0436332312998582,1,2,1,-0.0611864998936653,-2.46108632590478,-2.14748727146197,-0.225796329368098,-2.96098356237521,-0.100725911207127,-3.12240175152271
391,2,2,1,0.148352986419518,1,2,1,0.113009177148342,-6.53113166099236,-16.197669439488,-0.00145851589142995,-4.59406590456941,-0.23685196174978,-1.60554436324215
392,43,0,0,0.0279252680319093,1,0,1,0.015361207537353,-0.323854350210623,-4.00242125803743,-1.35335080089527,-1.02971419305744,-0.526251922792621,-2.95505536726391
393,12,2,0,0.0436332312998582,1,2,1,0.0366611741483212,-1.21012956624873,-6.2640134322382,-0.35676394614891,-1.02175212685867,-0.63812631319451,-2.19144644994094
394,12,2,1,0.148352986419518,1,2,2,0.136813685297966,-7.72165492122901,-7.58191156314579,-0.000953234430348271,-1.51820262377405,-1.06080460970479,-0.833058869955002
395,27,2,1,-0.117809724509617,1,2,1,-0.110465101897717,-9.74191844435959,-2.3329052543533,-0.102112732852571,-2.81782013835702,-0.235353580048946,-1.89730245134953
396,9,2,1,0.0959931088596881,1,2,1,0.104177117347717,-6.59179459157087,-8.62555175306062,-0.00155223616180213,-2.37655263958735,-0.105083485154451,-4.97905970777539
397,9,2,1,-0.0436332312998582,1,2,1,-0.0143362702801824,-1.83412364097625,-10.7305568110893,-0.174085871871365,-2.32210891373097,-0.73220862371304,-0.864914266388922
398,12,0,2,0.00872664625997165,1,0,2,-0.0107531053945422,-0.0019982142591844,-11.8857882326146,-6.21995472249608,-2.1975193881088,-1.24262421678543,-0.510332675795011
399,9,2,0,0.148352986419518,1,2,0,0.141909569501877,-6.63160166790697,-4.92514548638183,-0.00861674876659791,-0.15784798763973,-3.04561574849611,-2.31817214063689
400,9,0,1,0.0261799387799149,1,0,2,0.00745282415300608,-0.0202743984614557,-12.0240739002913,-3.90881465151224,-2.33997136272524,-0.851982156501371,-0.740027011850061
401,60,2,1,0.161442955809475,1,1,1,0.128023281693459,-6.36645132693046,-0.627645152725274,-0.766935181986989,-6.23627680032145,-0.00565833270196813,-5.60343373318777
402,2,0,1,-0.00872664625997165,1,0,2,-0.03275391086936,-0.0111573574873125,-11.2404025784536,-4.50240553511033,-2.33979580719982,-1.13703967120943,-0.539764503395956
403,33,2,2,-0.0567232006898157,1,2,2,-0.0375879518687725,-6.09828731602428,-4.2620340737133,-0.0164753512689456,-1.48451202235546,-1.10560403983666,-0.815594568493841
404,56,2,1,0.135263017029561,1,2,1,0.127194613218307,-7.39060278817984,-7.40012899063395,-0.00122902786031253,-1.08762570811015,-0.939736985570246,-1.30102084617918
405,12,2,1,0.0610865238198015,1,2,2,0.0454158559441566,-2.80709191505897,-7.84395597354254,-0.0626974638316455,-1.96746807268508,-1.14506741398016,-0.612512929649065
406,38,0,2,-0.0218166156499291,1,0,1,-0.00696197804063559,-0.188539564762897,-5.79007823091864,-1.77919177168391,-1.87928987725399,-0.565917304562895,-1.27488731847466
407,3,2,1,0.114679244694624,1,2,1,0.101298078894615,-7.43507905701038,-2.20187565806295,-0.117866984871606,-0.760907183523743,-0.72282166720702,-3.04961986255976
408,27,2,1,-0.114319066005629,1,2,1,-0.0876677110791206,-4.45689038351989,-6.84172319904844,-0.0127476088831122,-2.4148162010422,-0.292208266008675,-1.80786928866874
409,22,2,1,-0.166678943565458,1,2,2,-0.111903265118599,-5.6763395175369,-4.53447954978987,-0.014259674946186,-5.31973084881429,-0.953295304354831,-0.494891251484171
410,56,2,1,0.135263017029561,1,2,1,0.116255097091198,-8.02116130042448,-4.68301271373022,-0.00962571823754592,-0.954204317484643,-0.5176476047229,-3.96538247192835
411,3,2,1,-0.148352986419518,1,2,1,-0.152931466698647,-11.5723195103263,-9.89910078910121,-5.96064212028193e-05,-2.94130794776765,-0.0667561730129192,-4.44133515737119
412,22,2,2,-0.170169602069447,1,2,0,-0.155814915895462,-12.4787627977754,-5.20160408119568,-0.00552676677140838,-0.443206310674932,-2.06269031620084,-1.46571143067679
413,2,2,1,0.130899693899575,1,2,2,0.111912466585636,-8.47258129146852,-20.673367884076,-0.000209174573992757,-11.6480442488848,-0.754931852370374,-0.634975160543397
414,33,2,0,-0.0567232006898157,1,2,2,-0.0398970544338226,-6.3191937348612,-3.99675693619288,-0.0203828560783723,-0.894750580481894,-1.71771315998047,-0.887182754039539
415,66,2,1,-0.137734256642727,1,2,0,-0.133717179298401,-12.8948981893213,-5.39949964691358,-0.00453156236641645,-0.601439897620007,-0.80663717381351,-5.18116132985889
416,2,2,1,0.148352986419518,1,2,1,0.119169898331165,-6.74029109079165,-16.5912366124527,-0.0011830768979779,-4.84147098029145,-0.169740527494511,-1.90905157254546
417,33,2,1,-0.0567232006898157,1,2,2,-0.063099592924118,-5.26411769080555,-4.699036037679,-0.0143808454827388,-0.811063188118033,-2.82317110440889,-0.700781322445479
418,22,2,1,-0.166678943565458,1,2,1,-0.165927767753601,-12.6199036012166,-4.17005544903594,-0.0155754389766085,-3.01761256593917,-0.441495791149781,-1.17762860229003
419,40,0,0,-0.00436332312998582,1,0,1,0.00484737660735846,-0.00136749027953546,-7.36571303246622,-7.21708527425577,-1.12166945629433,-0.445761066106978,-3.38352355723798
420,85,1,1,0.0499679945770928,0,1,1,0.140385866165161,-5.93829807798286,-0.0253023170099309,-3.8009988727479,-10.1905797198626,-5.17381700610775e-05,-11.1672766156444
421,41,0,2,0.0130899693899575,1,0,2,0.0114382328465581,-0.0477582310992236,-5.18581410948611,-3.19319665125995,-2.59284666183975,-3.24719400640461,-0.120688456236433
422,2,0,1,0.00872664625997165,1,0,0,-0.0191285479813814,-2.02655997583456e-06,-18.9897214316315,-13.1055480250352,-0.131049064643796,-2.10154395420002,-7.49161809635583
423,2,2,1,0.148352986419518,1,2,1,0.124152310192585,-4.58704988286286,-12.6886954093634,-0.0102381285867776,-14.082099659927,-0.687100132213762,-0.699232577458706
424,3,2,1,-0.0959931088596881,1,2,2,-0.113061748445034,-2.38020089386492,-6.82396670343284,-0.0982959139562563,-1.74843884412596,-1.06951052005737,-0.728198084981296
425,66,2,1,-0.123918376891597,1,2,1,-0.123573057353497,-10.988592483507,-3.18525556347611,-0.0422653040813686,-3.45278777561208,-0.0608117755614574,-3.59931797768653
426,2,0,0,0.00872664625997165,1,0,1,-0.0116214146837592,-0.00227334023289523,-11.9159162439263,-6.09055444764962,-2.34946470565517,-0.716302951344268,-0.87701089667285
427,2,0,0,0.00872664625997165,1,0,0,0.000934233190491796,-0.000181631846695851,-15.0180544520965,-8.6156087096011,-0.0392646928114734,-3.28493737074621,-6.84858221812715
428,2,2,1,0.0785398163397448,1,2,2,0.0996920689940453,-6.37964303611954,-21.7514321352739,-0.00169719155901762,-9.18938675549344,-0.905582243586159,-0.518200273942137
429,12,2,2,0.0785398163397448,1,2,2,0.060038797557354,-4.59978816875366,-6.54153677264641,-0.0115628385648718,-2.58364753698957,-1.12118365823984,-0.513148091646115
430,2,2,1,0.113446401379631,1,2,1,0.121530778706074,-7.0944794442878,-21.4999412366351,-0.000830041044048643,-6.81665283370211,-0.663348280284446,-0.726123056720236
431,40,0,2,-0.00698131700797732,1,0,2,-0.0227556545287371,-0.00347047551258961,-6.19461446367751,-6.55429412025065,-2.97625199103808,-1.35042195831503,-0.371229555005294
432,3,0,1,0.0261799387799149,1,0,1,0.0366691462695599,-0.0816138680385623,-6.08874631774594,-2.57565572300922,-6.22711053980149,-0.114346124720058,-2.24360239065738
433,56,2,1,0.135263017029561,1,2,1,0.134079918265343,-5.78439529001152,-10.9172158943624,-0.00309809639836594,-2.24671626372777,-0.395081183153961,-1.51127383929432
434,3,2,1,-0.0959931088596881,1,2,2,-0.112608782947063,-2.75579834303457,-6.34979146014734,-0.0675353829370917,-1.74140524275062,-1.11389735807886,-0.700274292406838
435,3,2,1,-0.130899693899575,1,2,1,-0.128550112247467,-6.31294190642461,-10.6096233115892,-0.00183900310532446,-0.89062159760477,-0.686282170749262,-2.45160618593595
436,85,2,1,0.0366519142918809,1,0,1,0.0419020839035511,-0.760013339372318,-1.76365993163164,-1.0190894227416,-4.39896564353062,-0.0325334186341374,-3.92612857798432
437,54,2,1,0.109083078249646,1,2,1,0.105684712529182,-5.1597808214152,-3.59330062078946,-0.0338156301332676,-4.81458968184033,-0.0118619606017157,-5.60446182306298
438,41,0,1,0.0130899693899575,1,0,1,0.0438846088945866,-0.329893697764422,-3.69240507768262,-1.36223511903132,-1.24781626619267,-0.83619726067165,-1.27470455148212
439,56,2,1,0.132645023151569,1,2,1,0.0988914594054222,-5.66959589414691,-4.3789221673273,-0.0161173001898312,-3.35094456365838,-0.659987715756002,-0.802758675445298
440,3,2,0,0.148352986419518,1,2,0,0.144202515482903,-6.71938039200849,-6.02060317552915,-0.00364209046564397,-0.0195447595936209,-5.43432349143513,-4.20032182592605
441,9,2,1,-0.0436332312998582,1,2,0,-0.0527875311672688,-4.41859447556331,-6.29488665840318,-0.01399428779465,-0.386387630816377,-1.59749035260454,-2.13631621455813
442,27,2,1,-0.109083078249646,1,2,1,-0.0943793803453445,-9.15898336749159,-5.8817764205276,-0.00289925598525624,-1.31638925541889,-0.336488484979383,-4.03847907968777
443,40,0,2,-0.00698131700797732,1,0,1,-0.0296869929879904,-0.0155364517957581,-6.07766827415379,-4.33339751819222,-1.4893148495925,-0.862232675644284,-1.04340124048465
444,56,2,1,0.131937016402104,1,2,2,0.119841642677784,-6.49651914250596,-5.55918128257185,-0.00537496299556578,-3.35931557039464,-1.6131542150008,-0.266595555077542
445,9,2,2,-0.0785398163397448,1,2,2,-0.0776767879724503,-4.20991792776351,-9.06324852129841,-0.0150764694073939,-1.10304350496624,-1.1014630362226,-1.09137056181266
446,2,2,1,0.148156977763288,1,2,1,0.129876613616943,-4.40383146131219,-14.6744460988636,-0.0123062254330885,-14.3789116726313,-0.268323597601128,-1.44672742450592
447,9,2,1,0.089533822558059,1,2,0,0.0888050422072411,-7.60553645050603,-4.96747211942475,-0.00748640171530104,-0.592688816630167,-0.822144609033864,-4.87003680521608
448,9,2,1,-0.125068589774816,1,2,2,-0.13541579246521,-10.1258297307181,-7.79934642266145,-0.000450175986704863,-5.27230121646682,-5.06969596514723,-0.0114817412536916
449,2,2,2,-0.0456626537937689,1,2,1,-0.0153999207541347,-2.69262025719972,-4.93674802058434,-0.0778331129840663,-1.28709586101142,-0.644610725940224,-1.6141397448814
450,12,0,1,0.0261799387799149,1,0,1,0.00897056702524424,-0.0319739754083571,-7.30296188412542,-3.48041471852194,-0.908713940813011,-0.672415638567055,-2.44779809214605
451,9,2,1,-0.113446401379631,1,2,2,-0.117834649980068,-9.07705933798777,-9.41110571696616,-0.000196058894955413,-1.7187152029842,-1.83977175268413,-0.412716371709965
452,9,2,1,0.0619857092691981,1,0,1,0.0586382783949375,-0.11984952409132,-17.6132005480161,-2.18084462646337,-3.57291677095208,-0.1276591162584,-2.38843962260678
453,9,2,1,0.165806278939461,1,2,2,0.140666663646698,-6.1428268490851,-3.37128622065307,-0.0371768904399489,-2.33598396269482,-1.61354017082143,-0.350829874753696
454,66,2,0,-0.123918376891597,1,2,0,-0.127589195966721,-11.6372169835779,-4.57811967494514,-0.0103363489997863,-0.669501273038997,-3.36271191071268,-0.790991483087773
455,27,2,2,-0.109083078249646,1,2,0,-0.111203871667385,-5.60746623731076,-5.35705272273214,-0.00842041461196997,-0.501418068285003,-1.44945831115763,-1.83488748992732
456,9,2,2,-0.148352986419518,1,2,2,-0.151539489626884,-12.0461374765087,-5.6103770167863,-0.00367230109565426,-1.3179619682193,-1.85701808294409,-0.551331372110627
457,2,2,1,0.148352986419518,1,2,1,0.139084160327911,-7.05132576450048,-13.6190576823127,-0.000867802827392423,-5.21138685397906,-0.328045590508378,-1.29384015374507
458,2,0,0,-0.00872664625997165,1,0,2,-0.0294992700219154,-0.00790872031311322,-10.7666491311252,-4.84642445340974,-1.92239065638648,-1.2920609823238,-0.546385278935337
459,3,2,0,0.0610865238198015,1,2,0,0.0619201995432377,-1.70213077123771,-3.841309634179,-0.227854815781017,-0.698965393659488,-0.854000433288876,-2.56145799292898
460,12,2,1,-0.0610865238198015,1,2,1,-0.0625770315527916,-3.27981372188377,-8.30613463789644,-0.0386185156653761,-1.35548975788307,-0.881599735315881,-1.11456139152143
461,3,2,0,0.148352986419518,1,1,0,0.117329232394695,-8.20895975886427,-0.536347061948055,-0.879845749409892,-0.0973114280405402,-3.79273935061624,-2.65650795979006
462,12,2,1,-0.165806278939461,1,2,0,-0.143135547637939,-12.0886742434578,-9.01249483551511,-0.000127562075514952,-0.496956931542976,-0.984329475398753,-4.0212179174643
463,3,2,0,-0.0785398163397448,1,2,1,-0.0862762480974197,-4.81275881016107,-6.30473263193666,-0.010002944661147,-2.28713321319433,-0.182998656320179,-2.723060346097
464,9,2,1,-0.0785398163397448,1,2,1,-0.0986628159880638,-2.21208749921697,-5.80196417724449,-0.119339383473844,-1.6896369554424,-0.892486122551651,-0.901950631930608
465,9,2,2,0.0570385189628811,1,2,2,0.0613293163478374,-2.51140582245244,-7.88984547500979,-0.0850445169246849,-1.77282357796317,-1.01758072467037,-0.757837283823527
466,22,2,2,-0.168003484843105,1,2,0,-0.151237785816193,-11.924280059913,-6.7447384826871,-0.00118433007803419,-0.654921479520068,-1.83057231469253,-1.13882391677167
467,12,0,2,0.00872664625997165,1,0,2,-0.00990147795528173,-0.00535171202440223,-10.0495811871345,-5.24113292423656,-0.970698678220472,-1.44224792351509,-0.955068150305042
468,27,2,1,-0.117809724509617,1,0,1,-0.0227752830833197,-0.571910186272211,-7.77646661370659,-0.832100647592339,-3.47349017473339,-0.0502004414234568,-4.02002092274326
469,9,2,1,0.130899693899575,1,2,1,0.12372362613678,-5.81381639624064,-3.25496342327028,-0.0424568923853674,-4.63363917957197,-0.0124348239630484,-5.93753748774726
470,40,0,1,-0.00698131700797732,1,0,0,-0.00688076019287109,-0.0135776088718766,-5.01535387124655,-4.98342668495609,-0.763073381045687,-1.07027511366961,-1.65624366246454
471,9,2,1,-0.0610865238198015,1,2,0,-0.0416106469929218,-4.65343796250729,-11.8270953790141,-0.009581907318245,-0.709060551936639,-1.120366264809,-1.70521458502289
472,9,0,2,-0.0261799387799149,1,0,1,-0.0296337101608515,-0.513846036571862,-3.41350282264065,-0.997273378255001,-3.21321354137714,-0.479767845941862,-1.07632512249743
473,3,2,1,-0.0959931088596881,1,2,1,-0.100424818694592,-2.54581873210229,-15.8046266051724,-0.0816537722180906,-3.68028727003291,-0.245869129264043,-1.64631121349601
474,66,2,1,-0.127409035395586,1,2,0,-0.126080095767975,-12.7132298542876,-5.39332735536787,-0.00456018319800086,-0.314397231100647,-1.33814693017663,-4.90090366645946
475,22,2,1,-0.161442955809475,1,2,1,-0.160762995481491,-12.7747591759478,-4.32558381284684,-0.0133169933174887,-2.65750791473948,-0.449102841439617,-1.23210897496175
476,2,2,1,0.130286715176736,1,2,1,0.129113078117371,-7.55396138439066,-21.0815483236629,-0.000524121760036918,-5.91739415026861,-0.546493986493173,-0.871480875594837
477,2,2,2,-0.0436332312998582,1,2,1,-0.058473851531744,-1.95314400166555,-4.49043166008316,-0.16610560157765,-2.15772021725397,-0.191475782618141,-2.83579241840517
478,9,2,1,0.0785398163397448,1,2,1,0.0335829555988312,-2.68364283159994,-8.1790829970211,-0.0710603038371701,-3.06730418257435,-0.317219053273598,-1.49040101191335
479,3,0,1,-0.00621644009867545,1,1,1,-0.0741120651364326,-11.6066295468517,-0.0207836369218738,-3.8844080151218,-3.65634982691559,-0.0496732480984687,-3.78834546666816
480,2,2,1,0.0959931088596881,1,2,1,0.116698585450649,-7.50537344829667,-22.0208291131418,-0.00055024262234174,-5.35628116220611,-0.598549671033538,-0.808168868469415
481,2,0,0,-0.00872664625997165,1,0,2,-0.0294601954519749,-0.00513828378000105,-11.8062056205999,-5.27506199437254,-2.57938817076375,-0.923454118093289,-0.640488775269595
482,12,2,0,0.165806278939461,1,2,0,0.141234442591667,-7.0528273385772,-2.95845049760777,-0.0542072589425161,-0.687088401713127,-0.805379655630443,-2.99487007673565
483,3,2,1,-0.0785398163397448,1,2,0,-0.0891247913241386,-4.18781343471754,-9.6613156396123,-0.0153604835439233,-0.943129192088501,-1.25075450723526,-1.12607416263577
484,54,2,0,0.115191730631626,1,2,1,0.113923758268356,-6.52331040429639,-6.99479748017608,-0.00238822743013394,-1.44909032180835,-0.758215767185892,-1.21498433091281
485,22,2,1,-0.170169602069447,1,2,1,-0.159501031041145,-12.6353075523945,-4.08486727274847,-0.0169718063770031,-2.81817697815985,-0.117907758702591,-2.96603271472348
486,85,2,1,0.0506145483078356,1,2,1,0.0629745870828629,-3.6128730687889,-2.22675176882854,-0.144855230486289,-6.48008026015811,-0.00342615590601606,-6.27299749923943
487,12,1,2,0.0959931088596881,0,2,0,0.164632678031921,-8.33961572383041,-4.14991134693551,-0.0161342002259062,-0.442779682498581,-1.39708170839998,-2.20334043118477
488,2,2,1,-0.148352986419518,1,2,1,-0.141116499900818,-11.9253508901641,-3.61781909906657,-0.027214764788499,-3.39717251538882,-0.060698336852457,-3.67201837642342
489,9,2,2,0.0610865238198015,1,2,1,0.0471513718366623,-4.49326098086557,-9.67308832868341,-0.0113107650539338,-1.51691311857111,-0.608906236937091,-1.44110336240154
490,2,2,1,-0.0610865238198015,1,2,1,-0.0676203891634941,-4.33468509184447,-8.93954355171045,-0.013325449872391,-1.16454338054488,-0.831894377148183,-1.37550945092443
491,27,2,0,-0.116970865537592,1,2,2,-0.108738861978054,-10.1284482214453,-4.09589211216177,-0.0168215892165378,-3.15772961263567,-3.91430093447341,-0.0645136623360394
492,12,2,2,0.0785398163397448,1,2,2,0.0508657731115818,-3.4023651072319,-4.41133601215517,-0.0464978656588803,-3.36119965368191,-0.874283855535397,-0.601214021884305
493,12,2,1,0.148352986419518,1,2,2,0.138601750135422,-7.26390727477443,-8.56439853315234,-0.000891546353404989,-1.62103457866139,-0.96814440102439,-0.861521430884515
494,2,2,1,0.0785398163397448,1,2,2,0.100765682756901,-6.50380672862355,-22.6283508445305,-0.00149886825592281,-9.63843892884621,-0.923108686990117,-0.506414154358952
495,12,2,1,-0.148352986419518,1,2,2,-0.143000721931458,-11.6321220721003,-4.28046475380479,-0.0139418836708385,-2.95332376584222,-2.4885828095348,-0.145249527422482
496,9,2,0,0.148352986419518,1,2,0,0.14083656668663,-6.34362192203578,-3.84352464940343,-0.0234486791908596,-0.640630266289986,-1.03952583563408,-2.12512961827215
497,22,2,1,-0.166678943565458,1,2,1,-0.165135711431503,-12.6078910415029,-4.22125244241286,-0.0147924149261943,-2.92221322072235,-0.521017285194127,-1.04335893912485
498,9,2,1,-0.0972259521746808,1,2,1,-0.116271801292896,-5.31842778930258,-9.30788486211479,-0.00500367125404535,-0.985802533617144,-0.596974059521604,-2.57196173419322
499,2,2,1,-0.113446401379631,1,2,2,-0.125810399651527,-11.2187991968826,-4.04220172430637,-0.0177284485159893,-3.0608274185415,-0.964775197023628,-0.55847244984841
500,85,2,1,0.0366519142918809,1,0,1,0.0418477430939674,-0.873836664224669,-1.47859070193107,-1.03649972413959,-4.47233774976544,-0.0305686230189425,-3.98000530640753
501,12,2,2,0.0785398163397448,1,2,2,0.0634915232658386,-4.83133643719641,-6.82692761062769,-0.00910131683489016,-2.11655539645776,-1.11222433722088,-0.596515171828505
502,2,2,1,0.148352986419518,1,2,1,0.149036943912506,-8.4287323133701,-15.3393434289414,-0.000218713357703711,-5.12786300151573,-0.612463552420722,-0.793947321743174
503,22,2,2,-0.161442955809475,1,2,2,-0.148848533630371,-12.944641315924,-7.70657665151087,-0.000452322722411346,-1.16035254735258,-3.10181016650353,-0.443701951401002
504,9,2,2,0.0471315937962484,1,2,2,0.0321570597589016,-1.4991092242935,-8.89575625480208,-0.252914824216361,-1.33713601021419,-1.25700944503896,-0.792084405678382
505,3,0,0,0.00872664625997165,1,0,0,0.0159186404198408,-0.00166363741112773,-6.74007409773369,-7.64256132199448,-0.207952952713211,-1.78711446576914,-3.89653637032161
506,43,0,1,0.0218166156499291,1,0,1,0.0462417043745518,-0.141014671612434,-3.39643057695281,-2.32247320296484,-5.53173955329649,-0.00572247362307053,-6.34985776220602
507,12,2,1,0.0610865238198015,1,2,2,0.0299511458724737,-2.58214794932435,-7.92702517939113,-0.079013249617428,-3.66375851543444,-1.21204192549694,-0.390416353399922
508,2,2,2,0.0785398163397448,1,2,1,0.102484636008739,-8.7275304879175,-27.3736400343147,-0.000162137777408125,-9.11526105730033,-0.174069343237119,-1.83476231907151
509,2,2,2,-0.130899693899575,1,2,2,-0.131826937198639,-10.7045816211705,-3.86971346205191,-0.0211080542000791,-1.84770965926676,-4.74354520016466,-0.181888158064231
510,12,2,1,0.0769291365124648,1,2,2,0.0587642900645733,-5.01384341500175,-7.78637397781363,-0.0070856913346206,-2.27560026674405,-0.955875212764853,-0.667890338064689
511,66,2,1,-0.127409035395586,1,2,0,-0.125042423605919,-12.63260050756,-5.48199721452683,-0.00417303311551816,-0.460437542434928,-1.01484875484794,-5.03054635231065
512,2,2,1,0.113446401379631,1,2,1,0.122202910482883,-7.61227471761138,-21.412027856832,-0.000494483160416239,-5.4763574096087,-0.534038940426135,-0.892615631575847
513,9,2,2,0.0610865238198015,1,2,1,0.0495871789753437,-4.79669037136969,-9.53731751776113,-0.00836403427864147,-1.22725556679685,-0.738599446848956,-1.47350301643019
514,66,2,0,-0.130899693899575,1,2,0,-0.128763422369957,-12.6073939418746,-5.1016013803407,-0.00610902475451664,-0.348678189607983,-1.25840875823178,-4.57813318140225
515,60,2,0,0.170169602069447,1,2,1,0.140544131398201,-7.71571791767102,-0.992464190297325,-0.463795730997518,-0.815593153751614,-0.633738615510953,-3.61122303438754
516,12,2,0,-0.0785398163397448,1,2,1,-0.0896355137228966,-8.35618862506883,-10.6243523024846,-0.000259254203595205,-0.978893024083841,-0.525240150493604,-3.41550132991875
517,54,2,0,0.115191730631626,1,2,1,0.116563394665718,-6.81839710664827,-7.72035992612792,-0.00153838649870094,-1.96034869779471,-0.809030060792596,-0.882128749266465
518,3,0,2,-0.0261799387799149,1,0,2,-0.0391625836491585,-0.0152791382033111,-10.2721303016365,-4.19118198774461,-2.16085533075962,-0.96044183286067,-0.689056191031481
519,9,2,1,0.0959931088596881,1,2,1,0.0902020856738091,-5.30038361233823,-10.8046364811065,-0.00502254107685917,-3.32715308579406,-0.0662693475809267,-3.56750859635178
520,3,2,2,0.100041113716609,1,2,2,0.0952916517853737,-5.57620708483422,-6.42007059049127,-0.00543009632504975,-3.45095947312694,-1.29489242320507,-0.364768300714262
521,56,2,1,0.135263017029561,1,2,0,0.10284747928381,-6.86342090849454,-2.3525332596013,-0.101117559555173,-0.0735951277680595,-2.88915121878687,-4.17802154332245
522,3,2,2,0.109948038883241,1,2,2,0.103366039693356,-5.78579635790701,-6.08966851885668,-0.00535129255308291,-3.4083346162828,-1.48400563200157,-0.300867253431072
523,9,0,0,0.00872664625997165,1,0,1,-0.00167558970861137,-0.00198620983403063,-9.30914181172178,-6.26922479026379,-1.04211176884343,-0.689713774238054,-1.92708923442751
524,54,2,1,0.115191730631626,1,2,2,0.11964201182127,-6.86181417390828,-8.92080180594278,-0.0011812866434789,-2.51958057301691,-0.975338554277464,-0.611674177816446
525,3,2,1,0.165806278939461,1,2,1,0.148240804672241,-6.27469874185424,-0.886438939342852,-0.534442464596891,-6.4204070527504,-0.00352311133515492,-6.27179547999122
526,2,2,2,-0.0436332312998582,1,2,1,-0.0578780472278595,-2.94730146506715,-4.72302507483116,-0.0633332947525185,-0.850084391938079,-0.637958101588652,-3.11787801299504
527,33,2,1,-0.0567232006898157,1,2,1,-0.0366274751722813,-6.11847002473646,-4.23815380660868,-0.0167759465832554,-1.77702332940491,-0.420379665648263,-1.74834535528146
528,2,2,2,-0.130899693899575,1,2,2,-0.129773020744324,-10.7603280104957,-4.12408129494158,-0.0163322972112029,-1.70979222921611,-4.46656804615515,-0.213675966985899
529,27,2,0,-0.111701072127637,1,2,1,-0.125743240118027,-5.28616383654191,-9.56139050399309,-0.00514469435229293,-1.36928538224687,-0.471321903488208,-2.10755474344951
530,12,2,1,0.0610865238198015,1,2,2,0.0426536984741688,-2.64847230062025,-7.33652542830717,-0.074088550398074,-3.01902904270075,-1.04509467911892,-0.511671135236579
531,3,2,1,-0.0436332312998582,1,2,2,-0.0521884448826313,-1.58143104612946,-4.96864285784853,-0.239060980268904,-1.87060676058628,-1.55089457719951,-0.455845657193994
532,2,2,2,0.0959931088596881,1,2,1,0.118073619902134,-7.54799450740264,-21.7275399823496,-0.000527342103447185,-4.84323977767319,-0.593991214252624,-0.820982250803649
533,12,2,2,0.0785398163397448,1,2,1,0.0574471987783909,-3.86725154873529,-7.77315302861769,-0.0215675921147002,-2.66295627643458,-0.526253234303952,-1.08044696269134
534,12,2,2,-0.130899693899575,1,2,2,-0.125858202576637,-10.6248102108734,-4.63258311107177,-0.00980182379540734,-3.49046545456082,-3.22878158641014,-0.0726700952498114
535,12,0,2,-0.00872664625997165,1,0,2,-0.0284539088606834,-0.00763546323756726,-10.5039104541254,-4.88237748976418,-2.14802130633716,-1.1512559875184,-0.56731518867919
536,12,2,1,-0.148352986419518,1,2,2,-0.139456212520599,-9.90085257190127,-8.8536437420772,-0.00019295885049958,-1.94823742129883,-1.67846430783818,-0.399262612176887
537,27,2,0,-0.109083078249646,1,2,0,-0.11037839204073,-11.7970793762937,-5.18181445764067,-0.0056412491317497,-0.0841513051575186,-2.8832076119026,-3.69881104469733
538,12,2,1,0.0610865238198015,1,2,2,0.0466256737709045,-2.55979508244733,-8.67466424425087,-0.0806586480757917,-2.56608755961346,-1.10669494965816,-0.523379908512417
539,40,0,2,-0.00698131700797732,1,0,2,-0.0225052386522293,-0.00386908137250378,-6.19435170086827,-6.30855609848016,-3.10288895813453,-0.998461381215342,-0.533352672545768
540,9,2,2,-0.0785398163397448,1,2,1,-0.0795641466975212,-4.86024536842787,-9.60080632053651,-0.00784696212846702,-1.14974589927701,-1.07014458489144,-1.07785765699151
541,85,2,1,0.0366519142918809,1,0,1,0.0426491014659405,-0.643756200444979,-2.74729282516295,-0.890176405325467,-4.28213045796493,-0.0340086895700603,-3.93101609355459
542,3,0,1,0.00872664625997165,1,0,1,-0.00170714105479419,-0.000990404228823332,-8.12418215579087,-7.27361532266501,-1.98694853557245,-0.212019265147808,-2.91992629938326
543,9,2,1,0.0959931088596881,1,2,0,0.0914723351597786,-7.36796178912955,-4.58152708355082,-0.0109299718072251,-0.17921077016193,-1.88812672669289,-4.36495407746874
544,9,2,1,0.0436332312998582,1,2,1,0.0293696876615286,-1.16004275647511,-10.1077752095141,-0.376168744251669,-1.44389069850563,-0.820765462040355,-1.12732776997805
545,27,1,1,-0.117809724509617,0,1,1,-0.00835506524890661,-6.8792330683341,-0.0349913976166929,-3.40047853240873,-5.76011987350664,-0.00432058385580669,-6.75896072018662
546,3,2,2,-0.113446401379631,1,2,0,-0.104167826473713,-8.01568922053611,-8.73336727886837,-0.000491501458583677,-0.531347896283876,-0.994343765826098,-3.16482099791163
547,12,2,1,-0.165806278939461,1,2,1,-0.140726447105408,-11.4608670805972,-8.00182175070607,-0.000345408958635255,-1.29518708741296,-0.331038114668713,-4.83137392034433
548,12,2,0,-0.0785398163397448,1,2,0,-0.077278807759285,-7.78337585579447,-9.10795315737943,-0.000527461375624505,-0.300552037318833,-1.91899423574021,-2.18181902026021
549,54,2,0,0.109083078249646,1,2,2,0.103910319507122,-4.39235005066742,-1.62754353121007,-0.234183126448273,-2.93048298591987,-0.994725020907604,-0.550253512334712
550,12,2,1,0.148352986419518,1,2,0,0.0871476680040359,-8.09489950538968,-7.34837036147145,-0.000949177457321468,-0.534606137619248,-0.88213702970609,-8.50453722407866
551,3,2,0,0.0436332312998582,1,2,0,0.0379469431936741,-2.09558779622785,-5.78658572046324,-0.134750795331077,-0.382306668332409,-1.32345921112017,-2.96614562128532
552,12,2,1,-0.0994914713560782,1,2,1,-0.0910946652293205,-9.53865989423729,-3.34722124278979,-0.0358904881841286,-3.66577315519617,-0.0602552827939133,-3.41454031115819
553,9,0,1,-0.00872664625997165,1,0,1,-0.035813394933939,-0.0119271038768326,-5.63429112898667,-4.79354145907856,-2.62842296908114,-0.590689973823964,-0.983866306099785
554,2,2,1,-0.148352986419518,1,2,1,-0.141391158103943,-11.881648914033,-3.55759751148812,-0.0289286334413553,-3.43737201812948,-0.0575028337216236,-3.74094517472551
555,9,2,2,-0.0610865238198015,1,2,1,-0.0523927696049213,-5.90286696526388,-7.78488554732159,-0.00315250640733369,-1.0809687038573,-0.797406570425325,-1.5595176330461
556,3,2,1,0.0785398163397448,1,2,2,0.0829054340720177,-4.49906686634692,-6.17952295734512,-0.0132785168956027,-2.11526610985617,-1.43541771711167,-0.444128694514399
557,43,0,0,0.0279252680319093,1,0,0,0.0259357076138258,-0.00111982318294977,-15.8683406702021,-6.79528248180708,-0.285868875064031,-2.42670178834347,-1.8306384010049
558,56,2,1,0.135263017029561,1,2,1,0.120261713862419,-5.48153557790832,-3.741672628415,-0.0282732795834097,-1.21487987771116,-0.426076019030745,-2.99198612875356
559,2,0,1,0.00872664625997165,1,0,0,-0.0200035441666842,-2.5033982140651e-06,-18.709974832646,-12.8859945092267,-0.0964995524560779,-2.39015181975348,-7.89172606958845
560,12,2,1,-0.165806278939461,1,2,1,-0.152556821703911,-13.0954710273511,-7.14860354533057,-0.000788403321459025,-0.715724646680397,-0.698357720458801,-4.28593932811038
561,56,2,0,0.135263017029561,1,2,1,0.132756918668747,-8.68278738828009,-9.93591158387588,-0.000217878710496566,-2.35977220337604,-0.217165437250709,-2.29499979847527
562,2,0,2,-0.0274127820949076,1,2,2,-0.0715003833174706,-1.34030037017398,-7.75555233744157,-0.304076270396624,-1.13787936815737,-1.53754987731093,-0.766589242141271
563,12,2,1,-0.148352986419518,1,2,2,-0.149936318397522,-10.4697322490767,-8.72562117517964,-0.00019069343947473,-5.41848913748558,-0.766178273347758,-0.633407286583547
564,60,2,2,0.167551608191456,1,2,2,0.127726018428802,-7.64104689283618,-9.47411765370713,-0.000557279866299401,-1.18551668646145,-2.27657943257669,-0.524625258491648
565,27,2,0,-0.111701072127637,1,2,0,-0.117186300456524,-5.82255926142459,-10.7053336735894,-0.00298683415742425,-0.579397196203188,-1.16540009888281,-2.0559899639334
566,54,2,1,0.117809724509617,1,2,0,0.120795950293541,-5.54532455956376,-10.8514926120748,-0.00393274859115403,-0.439044998535196,-1.04334582606664,-5.7847090186402
567,85,2,1,0.0436332312998582,1,2,1,0.047176256775856,-1.28182060727065,-3.14505980748036,-0.386539130370568,-4.61634514346277,-0.0223357664383522,-4.40638232730627
568,2,2,1,0.0959931088596881,1,2,1,0.117240317165852,-7.50310409536901,-21.8236868987579,-0.000551554647120402,-5.01842296662426,-0.576622833142692,-0.840273298170549
569,9,2,1,0.165806278939461,1,2,1,0.152095824480057,-9.54924256679173,-10.1504379951919,-0.000110274672862717,-1.47208701337303,-0.272989748214368,-4.66139608006974
570,33,2,1,-0.0619591884457987,1,2,2,-0.0556518398225307,-4.52388438486851,-8.41365726115735,-0.0111304156409247,-2.12471081258083,-1.84439289599585,-0.325160834445048
571,40,0,1,-0.00436332312998582,1,0,0,-0.00240206974558532,-0.00932281219657478,-10.3635135268878,-4.68335223579275,-0.718689347253812,-1.73445985698654,-1.09030527719454
572,9,2,2,-0.165806278939461,1,2,2,-0.144500553607941,-11.3407567693945,-10.0801823873314,-5.37648348902355e-05,-1.02567565451626,-1.51517733043153,-0.863516454015991
573,12,0,1,0.0261799387799149,1,0,1,0.0102523704990745,-0.0263211118956723,-7.22178239761274,-3.67903753346173,-0.785490914152072,-0.767392234452032,-2.52720431796338
574,3,0,1,-0.00872664625997165,1,0,2,-0.0265480894595385,-0.007863182294026,-10.3542881914021,-4.85356106900295,-1.47823085155592,-1.19104764377662,-0.759166263945272
575,9,2,1,-0.0610865238198015,1,2,0,-0.0606644675135612,-6.63057560599679,-6.9590257638734,-0.00227202594714681,-0.490901475826639,-1.86663489342576,-1.4555054690232
576,12,0,1,-0.0261799387799149,1,0,1,-0.0593188889324665,-0.0119781357399084,-16.4317721324004,-4.43066791752404,-1.31740956266724,-0.369387608217404,-3.19383379530724
577,2,0,2,-0.0261799387799149,1,0,2,-0.0470190420746803,-0.393698524924202,-7.58411774467402,-1.12413271795127,-1.39974932602451,-1.14293904643786,-0.833649582387536
578,12,2,0,0.0436332312998582,1,0,2,0.0320661179721355,-0.643274546340672,-8.76122876457995,-0.745968537162423,-2.76928232192839,-1.49688482300051,-0.337619509038149
579,2,0,0,0.000979906927301618,1,0,2,-0.0244062822312117,-0.00359034566536422,-11.8351809987416,-5.63332442515724,-2.53955655698014,-0.928405809951298,-0.642614945548682
580,2,2,1,0.130899693899575,1,2,1,0.127240464091301,-5.28405266074871,-14.5536654420705,-0.0050852633323984,-3.70454990043931,-0.511532844479297,-0.978663818065172
581,3,2,0,0.0675458101214304,1,2,1,0.0711357966065407,-2.77773659193749,-5.97546185989577,-0.0669087289852939,-2.19052637598891,-0.61700831940881,-1.05387049826835
582,9,2,2,0.044010726927526,1,2,1,0.0301484018564224,-1.18192711801551,-10.171350442943,-0.366329085278801,-1.37821536892448,-0.935502724939483,-1.03399529178177
583,2,2,1,0.148352986419518,1,2,1,0.151284262537956,-8.22104671283858,-15.2059691750793,-0.000269270430479045,-5.70347153018239,-0.569341532250849,-0.842186347713612
584,3,2,1,-0.148352986419518,1,2,1,-0.152931466698647,-11.5723186416919,-9.89910078910121,-5.96064212028193e-05,-2.9413084416825,-0.0667561730129192,-4.44133705477223
585,33,1,1,-0.0654498469497874,0,1,1,0.0577018149197102,-4.80901059754918,-0.094048162676512,-2.50586380338542,-7.31759535397251,-0.00109661126653561,-7.7463768908336
586,2,2,1,-0.0959931088596881,1,2,1,-0.0882276222109795,-5.69118713157562,-4.76092266372719,-0.0120051004354324,-4.20388035551909,-0.191375741511701,-1.8373405821133
587,12,2,0,-0.0785398163397448,1,2,1,-0.0895567983388901,-6.02980856232536,-9.24950017173625,-0.00250527897534051,-0.927186431567041,-0.762498122930519,-1.98169755805531
588,54,1,1,0.109083078249646,0,1,1,0.208930194377899,-10.4778876138788,-0.00758315104306327,-4.88934090952298,-5.68709708551354,-0.0122266365989797,-4.73723563006343
589,9,0,1,0.00872664625997165,1,0,1,-0.00913634616881609,-0.00391563463590792,-7.38699566106199,-5.71725733231164,-1.04231339539405,-0.531147244148556,-2.82292341867224
590,27,2,0,-0.111701072127637,1,2,1,-0.130199983716011,-3.88973051293883,-7.68332344873725,-0.021133013735195,-1.33681839973167,-0.966506951400515,-1.03027057146169
591,2,0,2,-0.0261799387799149,1,0,2,-0.0447323992848396,-0.25093606146603,-7.73479610486398,-1.50737530005656,-1.3744127089276,-1.21314213262319,-0.799063127311795
592,9,2,1,0.0959931088596881,1,2,1,0.091580867767334,-6.86553052724746,-3.64119126584651,-0.0276427421907677,-0.751255196505005,-0.672347918123558,-4.03320898567941
593,40,0,0,-0.00436332312998582,1,0,1,-0.00268914992921054,-0.00933851484355105,-6.32479591307761,-4.89235886365447,-1.51630194417826,-0.43935756292323,-1.99489853619489
594,12,2,0,-0.0436332312998582,1,2,1,-0.0584385693073273,-2.8800822712836,-4.80748196721587,-0.0664588386006544,-0.827660931368642,-0.656335712271703,-3.11946330342561
595,2,0,1,-0.00933962498281071,1,0,1,-0.0621144995093346,-0.0831645109261574,-11.9002287984063,-2.52831344429139,-2.65407670939123,-0.544003577942021,-1.05206340177286
596,3,2,1,0.0436332312998582,1,0,1,0.0304052215069532,-0.292748724376512,-15.0115054292735,-1.37124780820349,-2.26101088473813,-0.635004741245939,-1.00560860008204
597,12,2,2,0.0785398163397448,1,2,1,0.0623921789228916,-3.47602214674148,-4.86742440119126,-0.0393890556072944,-3.50855387193667,-0.690745734180906,-0.757456019722762
598,12,2,0,0.0436332312998582,1,2,2,0.0299198050051928,-0.834590958256821,-8.93291535227327,-0.56948636812283,-2.74168887484205,-1.55102655148369,-0.323643180798045
599,60,2,1,0.170169602069447,1,2,2,0.146036431193352,-7.26525257193941,-4.63876717399704,-0.0104231354549023,-3.61599747157831,-2.00106915827522,-0.176833561152479
600,43,0,0,0.0279252680319093,1,0,1,0.0125086763873696,-0.132124759106462,-5.76835666980998,-2.11491514507931,-1.00339149815163,-0.536076937592919,-3.029762114986
601,3,2,1,0.0436332312998582,1,0,1,0.000117273302748799,-0.497050793941553,-6.10986287472226,-0.943001620545047,-2.00585325268168,-0.408019476329362,-1.6069976086027
602,3,2,1,-0.0430202525770193,1,2,1,-0.0308658014982939,-2.39073109721523,-8.48098900127483,-0.0962576867481251,-2.15111541895166,-0.21666594158581,-2.5453349960087
603,2,0,0,-0.00872664625997165,1,0,2,-0.0308162923902273,-0.0152100240733416,-9.00893964076434,-4.201536514707,-1.46637574302162,-1.23875157429773,-0.735024072883668
604,66,2,1,-0.123918376891597,1,2,1,-0.119006834924221,-10.9663069113174,-3.2736351616175,-0.0386221708112811,-3.23302815386626,-0.088995947153075,-3.08537557289581
605,43,0,0,0.0279252680319093,1,0,0,0.0205737482756376,-1.54972196497862e-06,-16.8263946736687,-13.3726450258018,-0.114158564091805,-2.23330776899803,-7.24995083175903
606,2,2,2,-0.11990568768126,1,2,2,-0.121980525553226,-10.6868738008386,-3.70224363894195,-0.02500085932037,-3.90269191198904,-5.10304232098162,-0.0266167854338483
607,2,2,2,0.0959931088596881,1,2,1,0.11811987310648,-7.56680300495,-21.7637888027655,-0.000517502197817168,-4.71377856807036,-0.589749021594626,-0.828823232555387
608,3,0,2,-0.0261799387799149,1,0,1,-0.0527518950402737,-0.110616426333552,-10.4510657326268,-2.25676128041781,-2.63524427863828,-0.637281817803593,-0.917363952757097
609,2,2,1,-0.0785398163397448,1,2,1,-0.0758483335375786,-3.59222129491001,-12.7036085705722,-0.0279264869170419,-2.26948082531951,-0.187619110533812,-2.69261299409016
610,3,2,2,0.0959931088596881,1,2,2,0.0888132676482201,-5.36810826981917,-6.51964672493853,-0.00615604225007124,-3.48980167252422,-1.13297266293297,-0.434762087416735
611,2,2,1,-0.0610865238198015,1,2,1,-0.0754801630973816,-5.3552038496975,-8.91445192188482,-0.00486973569769271,-1.08574197756632,-0.65047334036345,-1.96219122201523
612,66,2,0,-0.130899693899575,1,2,0,-0.128953278064728,-12.4633002821204,-4.88412622150026,-0.0075984059813093,-0.211266890963097,-1.76604220514258,-3.94075362658618
613,9,2,2,-0.0739176254296879,1,2,1,-0.0859199315309525,-7.96424619265621,-9.94572925493755,-0.000395674296125257,-1.24834409122117,-0.443985311556347,-2.63742098683597
614,27,2,0,-0.109083078249646,1,2,2,-0.114112950861454,-10.004724711126,-3.37425585208149,-0.0348904169935295,-1.20518595797872,-3.42832276511927,-0.403583313415393
615,27,2,1,-0.112409078877102,1,2,1,-0.108432047069073,-6.10426792566672,-4.92187777982486,-0.0095642751685169,-1.44836787732741,-0.386885990232791,-2.45482690441044
616,60,2,1,0.165823844345145,1,2,2,0.140474811196327,-6.62323916151343,-3.09522593851516,-0.0477144053104157,-3.77611134383294,-1.31722141598548,-0.343603886819825
617,2,2,1,0.0610865238198015,1,2,1,0.0981624498963356,-6.39976183165835,-22.8662625542485,-0.00166339859560496,-4.81845595952052,-0.571081370808039,-0.850956152809914
618,60,2,2,0.165262126083841,1,2,2,0.153625726699829,-6.7868567998651,-5.52712207631226,-0.00511893248860879,-2.30691712566227,-2.57840913268663,-0.192932564649295
619,38,0,1,-0.0218166156499291,1,0,1,-0.00502549391239882,-0.108646109863628,-5.2053353279843,-2.32826254059463,-1.14014329330767,-0.439716947743548,-3.32401196000853
620,12,2,1,0.0610865238198015,1,2,2,0.046941053122282,-3.45839340674025,-7.91862943728332,-0.0323622529045957,-2.13952559491884,-1.07732186920038,-0.612889442448761
621,9,2,1,0.165806278939461,1,2,1,0.140215694904327,-8.3492292957368,-6.10793874308389,-0.00246470672495564,-2.7559125261483,-0.394254912915537,-1.33839268939689
622,12,2,1,-0.148352986419518,1,2,2,-0.137591600418091,-11.3656514430905,-5.90951525723389,-0.00272878450268413,-2.85321997542199,-3.04062753408532,-0.111449244143725
623,2,0,0,-0.00872664625997165,1,0,2,-0.0386725105345249,-0.0132386527766748,-9.85024232220994,-4.33524442548933,-1.38706803059091,-1.50084739793432,-0.640076292224398
624,9,2,1,-0.0436332312998582,1,2,1,-0.0471397675573826,-3.12957989326872,-6.14180951038074,-0.0469732839447322,-4.28105254655832,-0.0975665599097178,-2.53666488690967
625,9,2,1,-0.0436332312998582,1,2,1,-0.0190402995795012,-2.09336378206726,-3.4302800334453,-0.16918777811725,-1.25448068416509,-0.590633485259628,-1.8275948796188
626,2,2,0,0.0384155831364062,1,0,1,0.0583791024982929,-0.000755237550821865,-20.1056613164866,-7.18886992596268,-1.36126548368408,-0.339611636522748,-3.45406065972919
627,2,2,1,-0.0959931088596881,1,2,2,-0.105184800922871,-4.64989957320505,-4.72869638365268,-0.0185718850598532,-3.10786094359841,-1.19026127290903,-0.428997234003729
628,54,2,1,0.117809724509617,1,2,0,0.111998744308949,-5.33810200921229,-10.3987548106118,-0.00484721520134481,-0.10648133999525,-2.30879523208744,-6.4208895652925
629,9,2,1,-0.0959931088596881,1,2,1,-0.10462087392807,-5.6701489530218,-4.84364658769261,-0.0113902810253674,-2.72153630134807,-0.0817085541309535,-4.36727106918487
630,9,0,2,-0.0261799387799149,1,2,2,-0.0291788522154093,-1.90231404801287,-6.06482316508902,-0.164339481036476,-2.16468725484013,-1.78931714378016,-0.331090817421506
631,3,2,1,-0.0959931088596881,1,2,2,-0.0970835611224174,-3.42039836188594,-6.66984612279618,-0.0345583515350142,-1.67843221656229,-1.335791593655,-0.597139739508382
632,12,2,0,-0.165806278939461,1,2,2,-0.164647981524467,-7.7916883459841,-8.60021254854934,-0.000597416958628898,-1.7832566994324,-1.06550659381606,-0.718758690000176
633,3,2,2,-0.148352986419518,1,2,0,-0.141375660896301,-7.24476550979333,-10.875005399832,-0.000733107765355513,-0.204063837229321,-2.57681837504643,-2.22032156781731
634,2,2,1,0.165806278939461,1,2,1,0.124332331120968,-12.1241869274066,-4.29857953131573,-0.0136864906524731,-4.58158056719626,-0.0112657349312155,-6.9447288198335
635,3,0,2,-0.0261799387799149,1,2,1,-0.0306524503976107,-1.11291927521283,-7.79655311406362,-0.399000171496614,-2.00602072354856,-0.443791967613735,-1.49665297035338
636,3,2,2,-0.148352986419518,1,2,0,-0.157505020499229,-10.514643249755,-8.79340708894324,-0.000178889538750406,-0.449406047127485,-1.04320717657255,-4.63871555082385
637,3,2,0,-0.0610865238198015,1,2,2,-0.0713957771658897,-3.00980663858249,-4.29188062900826,-0.0650510934796812,-2.73833096513004,-1.07668612502846,-0.51986793558246
638,2,2,2,-0.0436332312998582,1,2,1,-0.0518871955573559,-1.42367368538178,-5.79605390860147,-0.279538202484537,-1.92185621660989,-0.381678832751953,-1.7663805281184
639,9,2,2,-0.148352986419518,1,2,0,-0.156407281756401,-7.54554681948714,-5.08868910338255,-0.00671700432641512,-0.362646835535367,-1.36546789503789,-3.0178425012388
640,3,0,1,-0.00872664625997165,1,0,2,0.00726392772048712,-0.0444237731632148,-6.6551802251791,-3.16618607880185,-1.46050962739002,-1.31546604867174,-0.694082039420494
641,12,2,1,0.072708712214986,1,2,2,0.0595775134861469,-4.77361764982007,-7.45981444239568,-0.00906649082194815,-2.23403854133197,-0.820090541551438,-0.792938371242106
642,9,0,1,-0.00872664625997165,1,0,1,0.0218230746686459,-0.0125085145719439,-6.46620092519706,-4.52124608353922,-0.851685622458225,-0.570488891272362,-4.82135478648798
643,12,2,2,-0.130899693899575,1,2,1,-0.123360432684422,-11.174044203679,-3.86168008265578,-0.0212713373782807,-1.65012773680149,-0.804617480591127,-1.01966544868084
644,12,0,0,-0.0261799387799149,1,2,1,-0.0194993745535612,-1.41239984742885,-8.35505546721397,-0.279440460204996,-2.20465547702839,-0.19064695615088,-2.76007114544531
645,9,2,2,0.0610865238198015,1,2,1,0.0469388104975224,-4.62687457815012,-9.89311086227617,-0.00988447048557935,-1.14576878639774,-0.82752211319922,-1.40694801719976
646,3,2,0,0.132929116393485,1,2,0,0.135211825370789,-6.84145330073374,-12.3312431261106,-0.00107351922622662,-0.413764561358757,-1.09389858525524,-5.53780796790215
647,12,2,2,0.0959931088596881,1,2,1,0.0646610632538795,-6.21183585737406,-5.6086344482103,-0.00568770513652786,-1.95281425570404,-0.445335300754765,-1.52548154315954
648,2,2,0,-0.0785398163397448,1,2,0,-0.0947514399886131,-4.11968475887859,-8.28260465565332,-0.0166401826716401,-0.875037054495601,-1.53382244205737,-1.00118473505401
649,33,2,0,-0.0593411945678072,1,2,1,-0.0847348943352699,-4.35347069023415,-10.5780768016617,-0.0129713022498884,-3.22303258533797,-0.600495626090171,-0.887639575035943
650,2,2,1,-0.148352986419518,1,2,1,-0.141114786267281,-11.9169152816315,-3.60447440299655,-0.0275853901878711,-3.40018140033402,-0.0598625427887265,-3.69938310414117
651,3,2,1,0.0888941866579731,1,1,1,-0.00690505374222994,-14.3013665459728,-0.00141685199289951,-6.56046602464466,-1.19911547709526,-0.596221589849797,-1.91291044569538
652,3,2,0,-0.0610865238198015,1,2,1,-0.073380209505558,-4.59278086927134,-5.16438545644609,-0.0159680592228119,-1.33289455809473,-0.476103394692795,-2.1620588654741
653,85,2,1,0.0436332312998582,1,2,1,0.0466026365756989,-1.17343992026718,-3.1191714333949,-0.43617416523097,-4.51621314361724,-0.0248534030852875,-4.29645599308574
654,3,2,1,-0.148352986419518,1,2,1,-0.152931451797485,-11.5723176765435,-9.8990998473674,-5.96064212028193e-05,-2.94130731273464,-0.0667561730129192,-4.44133571077946
655,2,2,1,0.165806278939461,1,2,1,0.123027727007866,-6.62061224902261,-10.9783231217427,-0.00135053953975762,-3.18699356833248,-0.193496646872454,-2.0052129795711
656,38,0,0,-0.0244346095279206,1,2,1,-0.00459509249776602,-1.08964713882478,-13.7109870164351,-0.409979666016958,-4.58587805418172,-0.0618903075267104,-2.99935405461407
657,54,2,2,0.117809724509617,1,2,2,0.0927275717258453,-5.13243784706939,-2.42273149036676,-0.0993577311133223,-1.17584152825516,-1.17929956004055,-0.957251416772535
658,12,0,2,0.00872664625997165,1,0,2,-0.0105315251275897,-0.00504362777632243,-10.1818920518441,-5.29968653177322,-1.03861437111717,-1.2704915231852,-1.00686772782281
659,3,2,1,0.0785398163397448,1,2,2,0.0858616307377815,-5.1900872961058,-9.31473872630749,-0.00567763449034536,-2.49358463312011,-1.45617287711587,-0.379417388069321
660,2,2,1,-0.0959931088596881,1,2,2,-0.0940030366182327,-4.80276285424152,-6.65100074179603,-0.00954513892096116,-3.63756746639439,-1.05428206994563,-0.469617751710199
661,22,2,1,-0.166678943565458,1,2,1,-0.159327507019043,-10.4375229037941,-3.90121552653102,-0.0204543970975046,-2.85280694622489,-0.696906888242109,-0.811493497161354
662,9,0,1,-0.00872664625997165,1,0,1,0.0115338983014226,-0.00560462533839395,-9.11972040070045,-5.20675558541834,-0.920960975189762,-0.524627373644285,-4.5964138059776
663,2,2,1,0.148352986419518,1,2,2,0.112384259700775,-17.0837416919182,-12.1769708819231,-5.24522249638984e-06,-1.60818966159101,-4.98733870365626,-0.232024835040402
664,33,2,2,-0.0567232006898157,1,2,1,-0.0367110185325146,-6.14190238596811,-4.25910937111931,-0.0164197873936061,-1.73380668212553,-0.522109985369534,-1.46914690631195
665,38,0,1,-0.0218166156499291,1,0,1,-0.0332044698297977,-0.32007077819355,-1.8924945105569,-2.09388981125887,-1.78555981663321,-0.847628840142753,-0.906668909614859
666,12,2,1,-0.0785398163397448,1,2,1,-0.0755535140633583,-6.21500324258619,-8.27850457020046,-0.00225565726027715,-0.832572723225004,-0.636073382404431,-3.33248853683699
667,12,2,2,0.0785398163397448,1,2,2,0.0605768226087093,-3.82529041897327,-5.18090755209727,-0.0278184338069026,-3.28444669470007,-0.776754063415372,-0.68787642839556
668,2,2,1,-0.0959931088596881,1,2,2,-0.107657760381699,-4.68620001514898,-4.55268605657959,-0.019958399477856,-2.92217348652337,-1.60034975132505,-0.295233893544349
669,3,2,1,0.130899693899575,1,2,0,0.112104378640652,-5.87424174671007,-3.49633826507915,-0.033679875743698,-0.562282595445536,-1.19035054419133,-2.07164295973202
670,9,2,1,-0.130899693899575,1,2,0,-0.130241528153419,-8.19234914722028,-6.91059420333688,-0.0012747422115115,-0.784444154973477,-2.30912942893444,-0.811302501611399
671,27,2,1,-0.109083078249646,1,2,1,-0.106082178652287,-9.31961457840384,-1.94037894926294,-0.155180164547609,-1.74911989837489,-0.241741440890941,-3.19873365162489
672,12,2,1,0.113446401379631,1,2,1,0.0869715735316277,-4.79356507109933,-3.18180106372751,-0.0510761813744564,-0.741612328721359,-0.738055673181091,-3.08757929532934
673,3,2,1,-0.148352986419518,1,2,1,-0.152850329875946,-10.3191796116177,-7.48740298499196,-0.000593242148846645,-3.82145356062091,-0.0384018327528378,-4.14914346591154
674,38,0,1,-0.0305432619099008,1,2,1,0.00912620220333338,-1.68752163800228,-3.64828388750926,-0.237005685651154,-1.95022073588538,-0.307381531814035,-2.10056420626389
675,9,2,1,-0.130899693899575,1,2,2,-0.132337301969528,-8.31836095950979,-6.95814956047312,-0.00119554909326257,-3.6749685119904,-3.36600804065079,-0.0617449820423882
676,56,2,1,0.135263017029561,1,2,0,0.104101799428463,-7.70468919678765,-0.733550314184183,-0.655180707221497,-0.0433372026941854,-4.53749643773851,-3.4510790553224
677,9,2,0,0.165806278939461,1,2,1,0.154182136058807,-7.06463371769271,-11.8291381133427,-0.000862493422572217,-0.958963026151764,-0.486849574175318,-6.14211339065923
678,9,2,1,-0.0436332312998582,1,2,0,-0.0629828795790672,-5.5004587094725,-8.52057066544585,-0.00429340654624851,-0.24582187498533,-2.18081599771133,-2.25389849300002
679,66,2,0,-0.130899693899575,1,2,0,-0.12805949151516,-12.3056003001521,-4.82076466616652,-0.00809780337169938,-0.145845333330657,-2.288237722021,-3.37367422326955
680,12,2,2,-0.130899693899575,1,2,2,-0.122946672141552,-11.1003350166181,-5.38741108375895,-0.00459946332971411,-1.81860389899538,-3.45407656630973,-0.215508568471348
681,66,2,1,-0.137881010907552,1,2,0,-0.137482792139053,-12.0799111176595,-4.84062758857127,-0.00793924035724469,-0.237483173585596,-1.66569486009594,-3.80179897764801
682,3,2,0,0.148352986419518,1,2,0,0.137530460953712,-7.09443854336607,-9.79329391859894,-0.000885938535104014,-0.0234517911550286,-3.83951424373693,-6.39198162213439
683,9,0,1,-0.00872664625997165,1,0,1,-0.033255223184824,-0.0165631569691069,-6.99938081776714,-4.16599062530145,-2.01562250620677,-0.648134493491848,-1.06786386524555
684,12,2,2,-0.130899693899575,1,2,1,-0.125167831778526,-11.2281860932883,-3.85983009871554,-0.0213103052389946,-1.82104613730214,-0.470540882915646,-1.54421473017776
685,60,2,2,0.170169602069447,1,2,2,0.156319916248322,-6.85758032391803,-9.66636907685956,-0.00111540750696586,-3.13788697668565,-2.67858189380101,-0.118822723321358
686,2,2,0,0.0436332312998582,1,0,1,0.074609212577343,-0.665751325149459,-17.8669994414322,-0.721314760543726,-0.820726863534491,-0.737509702703784,-2.50611235410863
687,9,2,2,-0.0776406308903482,1,2,1,-0.0870592370629311,-7.76795890968272,-9.84551357477633,-0.000476116018421733,-1.28235283432902,-0.435795407043539,-2.57878666775438
688,3,2,1,-0.148352986419518,1,2,1,-0.153058081865311,-11.5697207499275,-9.90009930843745,-5.96064212028193e-05,-2.95351474026587,-0.0656930697169212,-4.47189243537526
689,3,2,1,-0.0436332312998582,1,2,1,-0.0419910438358784,-1.63087196592012,-4.95091629534321,-0.226694521877836,-2.24219987208514,-0.33940757507996,-1.7060404478639
690,56,2,0,0.135263017029561,1,2,1,0.132787734270096,-8.50470664784569,-9.75561349377116,-0.000260565846645143,-2.25029668770961,-0.346144138941649,-1.67546256717774
691,3,2,1,-0.0959931088596881,1,2,0,-0.10438995808363,-4.84463747581422,-10.6045709858986,-0.00792656361164389,-0.653733724561556,-1.16134951182227,-1.79074143362994
692,3,2,1,-0.0436332312998582,1,2,1,-0.0354279018938541,-3.35511074200109,-9.5259211818004,-0.0356048456071606,-1.92809822664857,-0.212942036727084,-3.07104771858545
693,66,2,1,-0.137881010907552,1,2,0,-0.136246144771576,-12.1227308948775,-4.92923893102274,-0.00726381171126712,-0.230029997944358,-1.67743263408875,-3.98260134846691
694,12,2,1,0.148352986419518,1,2,1,0.114503838121891,-8.11126044661427,-4.30676222010229,-0.0138731036483013,-0.763186912520972,-0.628760834207901,-7.47094910781392
695,12,0,0,-0.0261799387799149,1,0,1,-0.00488396640866995,-0.0639068161031661,-10.6558792107376,-2.78249402100964,-2.03072068024544,-0.514080819692034,-1.30671080630512
696,3,2,1,-0.0959931088596881,1,2,1,-0.0875474810600281,-1.493039815478,-17.9357611838325,-0.254490510430862,-2.81045443874621,-0.287032910466411,-1.66423606844929
697,3,0,2,-0.0261799387799149,1,0,2,-0.0473340451717377,-0.0490960602646083,-10.0206879426408,-3.03935283794383,-2.46377991280184,-0.800012149199419,-0.764505998300614
698,40,0,1,-0.00589844323002207,1,0,1,-0.0299542713910341,-0.0830347130686502,-10.1981098394306,-2.53019313355224,-2.67620556277121,-0.11666597585298,-3.18704336539592
699,2,2,2,0.0959931088596881,1,2,1,0.117895640432835,-7.56079379955219,-21.7668207622089,-0.000520543612855197,-4.69952176245063,-0.585609640188506,-0.834402021803716
700,9,0,2,-0.0274127820949076,1,2,2,-0.0268674287945032,-2.67750742878946,-6.35157134539823,-0.0730851478557051,-1.96569772808005,-2.69211438670387,-0.232935940097054
701,54,2,1,0.109083078249646,1,2,1,0.0908393189311028,-4.78883022598457,-1.635937008592,-0.227015938614974,-6.3392081002209,-0.00448078935022793,-5.91262001656809
702,3,2,1,-0.0785398163397448,1,2,0,-0.0990867763757706,-3.69258304361622,-8.44270127241034,-0.0254439699372036,-0.932414770843417,-1.13031404269727,-1.26066284237533
703,38,0,0,-0.0218166156499291,1,0,0,-0.0123077379539609,-0.159299198574804,-4.19899487753556,-2.02307509701113,-0.072475258175289,-3.71434150657137,-3.08916819937932
704,54,2,1,0.117809724509617,1,2,0,0.10307926684618,-5.57668436943894,-6.90043303820393,-0.00480403237035255,-0.037282309297191,-3.37518075973013,-6.03895648879525
705,2,2,1,0.0785398163397448,1,2,1,0.104220189154148,-7.3937570758097,-24.781197809601,-0.000615309197965989,-9.67445326067302,-0.432446939282624,-1.04691825123406
706,85,2,1,0.0436332312998582,1,0,1,0.0485291667282581,-0.831293203232278,-1.53136608423897,-1.0547652606838,-5.1537294724984,-0.0112171504866189,-5.22570562092547
707,12,2,0,-0.0785398163397448,1,2,1,-0.095349557697773,-6.88274765149525,-9.27595514094207,-0.00111958449726296,-0.948721878540442,-0.681667311394208,-2.23500707391528
708,9,2,1,-0.143730795509461,1,2,0,-0.146076887845993,-8.63414083031456,-9.58214655989231,-0.00024685329978379,-0.306134565027971,-1.82827548698933,-2.27281176482057
709,2,2,2,0.0785398163397448,1,2,1,0.102262862026691,-8.71126625226347,-27.358528793668,-0.000164760810476109,-9.08641735390172,-0.172785910016502,-1.8415651160883
710,12,2,0,0.0432557356721905,1,0,0,0.0153147140517831,-0.0553705973527753,-7.79395749022712,-2.92894627346796,-0.620444634254617,-0.78840304412664,-4.86334832320032
711,2,2,2,-0.130899693899575,1,2,2,-0.132771342992783,-11.1441934763939,-4.56675314824392,-0.0104606589262747,-2.3630933332696,-5.038654481829,-0.106039669625626
712,9,2,2,-0.148352986419518,1,2,0,-0.14545077085495,-8.43135177627917,-6.75915917373449,-0.0013791291580813,-0.0756633676819862,-3.23256833548216,-3.39872850058002
713,9,2,1,-0.165806278939461,1,2,1,-0.0686801895499229,-5.77656135609942,-13.7333651183257,-0.00310521138513194,-2.36760128061003,-0.152265930340387,-3.046292633594
714,3,2,1,-0.130899693899575,1,2,1,-0.125257045030594,-6.0764815365589,-11.213579812077,-0.00231235141008037,-0.823301938235896,-0.753383281653428,-2.40518108911046
715,3,2,1,-0.0993373915080505,1,2,1,-0.125924602150917,-11.2529362019227,-1.66125564245486,-0.210614040079309,-4.15126833046507,-0.043486476224761,-3.61897860031312
716,3,2,2,0.113446401379631,1,2,2,0.107030354440212,-5.8859869189064,-6.15589577562546,-0.00491100462558902,-3.29338474097707,-1.4783189395326,-0.308087031076438
717,27,2,0,-0.111701072127637,1,2,0,-0.109001539647579,-5.63211461102151,-9.57600091315596,-0.00365710593202329,-0.454363296629511,-1.76536433498076,-1.63977596822061
718,9,2,2,0.0610865238198015,1,2,2,0.0576342158019543,-0.710256311710526,-14.9507691912325,-0.676326557909063,-3.63859365402423,-1.21732755067368,-0.389064488161569
719,3,2,1,-0.0436332312998582,1,2,1,-0.0209590941667557,-2.51721103313807,-10.3697386673785,-0.0841598637498688,-2.44784538961887,-0.203403178916779,-2.32717342897009
720,22,2,2,-0.164060949687467,1,2,2,-0.158325582742691,-12.0433021839595,-4.67833830171352,-0.00934380927819178,-2.11691281610703,-4.52015063873446,-0.140746084917567
721,40,0,2,-0.00436332312998582,1,0,2,-0.00341872940771282,-0.0454121591174035,-8.56576932325347,-3.11889397450857,-3.23497270077642,-2.69570446807964,-0.113007510769072
722,43,0,1,0.0218166156499291,1,0,1,0.0405723117291927,-0.144420526409353,-4.15785304971834,-2.13001803033484,-2.72008458951951,-0.188353966957701,-2.24611649888944
723,9,2,2,-0.0436332312998582,1,2,1,-0.0457059442996979,-4.25833824913687,-4.20165277697777,-0.029548931761083,-1.58679985277636,-0.30640773757497,-2.82456740370601
724,2,2,2,-0.130899693899575,1,2,2,-0.130969852209091,-10.7669808787265,-4.18279048512608,-0.0153949241529275,-1.38217333522427,-4.71896394035568,-0.301046685159673
725,3,2,1,0.0959931088596881,1,2,0,0.0946339294314384,-6.83293440313797,-6.27090933752725,-0.00297260591890206,-0.657936296868636,-0.796654940939158,-3.46584915803793
726,2,2,2,0.165806278939461,1,2,1,0.128586396574974,-12.2304667749287,-4.90481222207418,-0.00744328491855769,-4.46898402215001,-0.0508369649744858,-3.2673476987402
727,3,2,2,0.113446401379631,1,2,2,0.110151223838329,-5.98806395259202,-6.60881488759516,-0.00386441419827193,-2.78641722414897,-1.26708331757106,-0.420518160388543
728,41,0,0,0.0130899693899575,1,0,1,0.0438740365207195,-0.330095743886261,-3.69061991845383,-1.36184161475552,-1.24806695872561,-0.836448719422598,-1.27405724497344
729,3,2,1,-0.130899693899575,1,2,1,-0.125796288251877,-6.84077283100478,-6.54696531189705,-0.00250695209317109,-1.13652638501854,-0.428375990105996,-3.59350595179805
730,41,0,2,0.0130899693899575,1,0,1,0.00256404024548829,-0.00914300137764518,-6.02245683330436,-5.00898992950964,-1.79955879365058,-0.65495096773038,-1.15467273229017
731,12,0,0,-0.0265574344075827,1,0,1,-0.0419895388185978,-0.0226442867306109,-10.0416757762295,-3.80109905924322,-2.64919520022584,-0.31575941196672,-1.60915250652241
732,3,2,1,-0.148352986419518,1,2,1,-0.152781873941422,-10.479353202336,-7.842593430603,-0.000420837727245091,-3.91362618701736,-0.0359329956107323,-4.17813346282219
733,3,2,1,-0.148352986419518,1,2,1,-0.151862025260925,-10.1571372676262,-7.10215507010912,-0.000862493422572217,-2.58819691599761,-0.0908515146177908,-4.44891418986985
734,3,2,0,0.148352986419518,1,2,0,0.136977910995483,-6.91167854679485,-10.6142929400124,-0.00102125084094446,-0.0474868046792151,-3.10553703050488,-6.45252798502425
735,41,0,1,0.010471975511966,1,0,1,0.0438846126198769,-0.329893697764422,-3.6924048533758,-1.3622350026559,-1.24781626619267,-0.83619726067165,-1.27470455148212
736,12,2,2,0.0959931088596881,1,2,1,0.0636659041047096,-6.44225024401014,-4.95231815907014,-0.00869749380708209,-2.12762375046142,-0.428001636617088,-1.4737292374948
737,3,2,2,0.0959931088596881,1,2,1,0.0725047960877419,-4.3114400135866,-2.61049653383034,-0.0909233179654243,-1.20932645391062,-0.453484614522851,-2.71520004243388
738,27,1,1,-0.117809724509617,0,0,1,0.0502087064087391,-0.334790178487473,-1.8607719423203,-2.04825832719977,-5.5343755524311,-0.00634227483999911,-6.043395395588
739,3,0,1,0.00872664625997165,1,0,1,-0.00562276598066092,-0.00183756996174133,-8.1393707761914,-6.47332409030647,-1.39599067434108,-0.384743841341889,-2.63404575852833
740,12,2,1,-0.165806278939461,1,2,1,-0.153683811426163,-10.9100031779901,-4.45257471546267,-0.0117354258856198,-2.27129245929249,-0.180128795112518,-2.78614095526363
741,56,2,2,0.135263017029561,1,2,2,0.170262411236763,-9.24738151790822,-9.3274978144096,-0.000185328012782006,-3.86322132414659,-2.83127378001231,-0.0833141491226551
742,2,2,0,0.0436332312998582,1,2,0,0.0826560780405998,-2.83422447045088,-19.3157093438809,-0.0605614801393536,-0.780349007105394,-1.04340107127565,-1.66336969297732
743,40,0,2,-0.00698131700797732,1,0,2,-0.0230712071061134,-0.00522450043075447,-6.27421739918752,-5.7058094314393,-3.0932611476444,-0.86102400137329,-0.631267413791378
744,2,2,1,-0.113446401379631,1,2,1,-0.125586539506912,-11.4928920669438,-3.74789906045858,-0.0238597253463272,-3.01461279523075,-0.551218103440998,-0.981662475614949
745,2,2,2,-0.130899693899575,1,2,2,-0.125224441289902,-11.0400057068019,-3.72166707405102,-0.02450754984293,-2.53716771413432,-1.19671863116478,-0.480093211012429
746,3,0,2,-0.00872664625997165,1,0,2,-0.0305937603116035,-0.0123283714436681,-10.7468644696994,-4.40377305732264,-1.57553380769606,-1.29989300514416,-0.652884767930441
747,54,2,1,0.109083078249646,1,2,1,0.091176763176918,-4.84891588835529,-1.50261350582838,-0.26186443160484,-6.4584692591588,-0.0044974339936767,-5.83614427392625
748,12,2,1,-0.0533397844871315,1,2,0,-0.0612755045294762,-1.87748617297137,-8.3281612960065,-0.166309358167144,-0.91572306937655,-1.48943041723077,-0.982772980680944
749,12,2,1,-0.0785398163397448,1,2,0,-0.0655275210738182,-7.64274721357653,-10.1383460159239,-0.000519112357567379,-0.370414809465852,-1.53896481259161,-2.3544150641453
750,2,2,2,-0.0436332312998582,1,2,1,-0.0563787929713726,-3.1781489340809,-4.1540142884681,-0.0590749959316843,-1.13551015735737,-0.457704788438585,-3.07894828081299
751,3,1,1,-0.113446401379631,0,0,1,0.0315359607338905,-0.00963522690484669,-14.236438057442,-4.64721611570819,-3.08014080611683,-0.145428604172719,-2.41468400880716
752,12,0,0,-0.00621644009867545,1,2,1,-0.0653879418969154,-5.5451862660059,-1.61740050906452,-0.22604773897226,-1.13323021379965,-0.59658768783861,-2.06104401821529
753,3,2,1,-0.130899693899575,1,2,1,-0.117842420935631,-6.64962611200399,-4.96663028964551,-0.00829539641504797,-2.67704045564309,-0.12423742664379,-3.03523149242632
754,22,2,1,-0.170169602069447,1,2,1,-0.160174906253815,-12.6178135490407,-3.95662637459144,-0.0193161881432175,-3.67519829951657,-0.0465016121605843,-3.90740151113319
755,12,2,2,0.128413895077037,1,2,1,0.108404628932476,-6.41396512542341,-4.81795118960708,-0.00976938096753714,-1.54300378140511,-0.908069435834854,-0.959825300335165
756,2,2,2,-0.0436332312998582,1,2,1,-0.059401448816061,-1.75635442745057,-3.60227267954599,-0.223062179383715,-2.86939710769628,-0.136727010602605,-2.64425005963348
757,3,2,1,-0.0482554222099152,1,2,1,-0.0589916482567787,-2.09475330195939,-5.90969778003677,-0.13446165764538,-2.44711687766332,-0.676150859238278,-0.904148610828659
758,56,2,1,0.135263017029561,1,2,0,0.10724500566721,-6.33719670696463,-3.11843311790702,-0.0470870506004479,-0.203500266355783,-1.94122265251626,-3.20394679595691
759,9,2,1,-0.147453800970121,1,2,0,-0.130748435854912,-8.27815274983012,-8.93678694894515,-0.000385597175443572,-0.27309532072802,-1.84656141871204,-2.51082796723186
760,38,0,0,-0.0218166156499291,1,0,0,-0.016366021707654,-0.350167936243261,-6.33224274809107,-1.22535897947499,-0.0697565665456613,-3.50061940706729,-3.29143409646062
761,12,0,0,-0.0261799387799149,1,0,1,0.0124432416632771,-0.211663004519208,-15.8311087547222,-1.65672581995288,-3.40672384126685,-0.441271142856868,-1.12814783702392
762,12,0,1,-0.0158255684616872,1,0,1,-0.0378921255469322,-0.00403220681321743,-18.3970509612668,-5.51545722968447,-1.92045491114479,-0.168686698244375,-4.7460254270155
763,9,2,1,0.0959931088596881,1,2,2,0.0726695358753204,-3.56069756941872,-10.8271813742278,-0.0288510235058458,-5.01051150477392,-1.42730054847143,-0.283189881021508
764,27,2,1,-0.111743041841994,1,2,1,-0.107982851564884,-6.27757685762568,-4.82169912640691,-0.00998066948152384,-3.39662680106317,-0.0393027563518013,-5.28750030605701
765,27,2,1,-0.111701072127637,1,2,0,-0.114538438618183,-6.73373840176907,-9.96664230138797,-0.00123780055679271,-0.42108540843913,-1.72981168663295,-1.79367278961431
766,9,2,1,-0.0959931088596881,1,2,0,-0.107237711548805,-5.1483839165027,-10.3101842814098,-0.00585922141488323,-0.515291285491151,-1.64261424920781,-1.56446542638764
767,2,2,1,0.0959931088596881,1,2,1,0.117106713354588,-7.50114528005285,-21.8657451185364,-0.000552628123219695,-5.0976970538584,-0.581411629122549,-0.832913679720579
768,3,2,2,-0.0959931088596881,1,2,0,-0.0931774154305458,-5.38991958290639,-10.2737839453744,-0.00460742732503024,-0.965383364574301,-1.29252346868777,-1.06541214514067
769,2,2,1,-0.138646433232245,1,2,2,-0.132858842611313,-11.5920033637029,-4.04063613978837,-0.0177522317387106,-1.59382750689264,-1.21964196404894,-0.69011670857026
770,2,2,1,0.0959931088596881,1,2,1,0.116418592631817,-7.51331848414376,-22.1393742281563,-0.000545948735101718,-5.54252890589178,-0.611893526479277,-0.790186071159962
771,12,2,1,0.113446401379631,1,2,0,0.098167322576046,-5.82549311704289,-8.48187180988349,-0.0031635681448942,-0.0638861664216136,-2.83767817381853,-5.70579431351529
772,66,2,1,-0.123918376891597,1,2,1,-0.124911889433861,-11.0602349466676,-3.08589147681283,-0.0467824524212466,-3.4935593620738,-0.0607096738107671,-3.55746168011612
773,66,2,0,-0.123918376891597,1,2,2,-0.115000165998936,-10.6047072596251,-4.16613158519775,-0.0156588669636225,-1.99143502402064,-1.54315968057129,-0.431097072742508
774,9,0,0,0.0261799387799149,1,0,2,0.0104248551651835,-0.0682365149485352,-9.61368103754257,-2.71971240791298,-1.58070320784863,-1.23711512491078,-0.685279287034556
775,66,2,1,-0.127409035395586,1,2,0,-0.125373110175133,-12.6468417790583,-5.36964346197794,-0.00466994389733162,-0.444873352672639,-1.04186591720833,-5.06739806221224
776,12,0,2,0.00872664625997165,1,0,2,-0.00648211408406496,-0.00226145198375132,-11.2552579409138,-6.09863837824504,-1.41664711668835,-1.09287523015175,-0.862221735014459
777,33,2,0,-0.0593411945678072,1,2,1,-0.0708366855978966,-3.86579950030868,-4.5763907239666,-0.0317364544418617,-2.25213953471626,-0.151097230710193,-3.35063767036292
778,60,2,2,0.169693807942863,1,2,2,0.156014680862427,-6.87701331560969,-8.37026408726708,-0.00126364166779959,-3.22806896428562,-2.79553168338994,-0.106156779772824
779,9,2,1,0.0959931088596881,1,2,0,0.0888064652681351,-7.54868926613338,-4.42641105845529,-0.0125626543763229,-0.166011584901583,-1.95754561901041,-4.44313693713347
780,43,0,2,0.0305432619099008,1,0,1,0.0413351096212864,-0.307242452900386,-1.59939438196407,-2.77244627728453,-0.869752640616774,-0.850521781932769,-1.87240913634803
781,12,2,1,0.0785398163397448,1,2,2,0.0606613382697105,-5.04840505585182,-7.7335799635965,-0.006881135181743,-2.14798230345882,-1.09162711645217,-0.602190754555352
782,12,2,1,0.0610946368737463,1,2,2,0.0537655167281628,-4.09369283393973,-7.8166284182169,-0.0172281005699411,-1.88704109881509,-0.999594920616047,-0.733027887194966
783,2,0,1,-0.00872664625997165,1,0,2,-0.0309633817523718,-0.0134875275258227,-10.090577813488,-4.31582608257649,-1.97804906858276,-1.29102740103559,-0.533287546289455
784,12,2,1,-0.0785398163397448,1,2,0,-0.0823826268315315,-9.00454500404561,-6.35131678670046,-0.0018689801627262,-0.216125706891765,-2.4753069064472,-2.20519721507876
785,12,2,1,-0.164573435624469,1,2,0,-0.146183162927628,-11.8746429831111,-6.45737953159939,-0.00157707052080771,-0.911994195286933,-1.19726742172085,-1.21652014796609
786,43,0,1,0.0279252680319093,1,0,0,0.000619475962594151,-7.15255993100194e-07,-18.3262049904676,-14.2187973871143,-0.0554141929679201,-2.9232821368897,-8.80547804132039
787,12,2,0,0.165806278939461,1,2,0,0.146257966756821,-7.754741496621,-6.72178731513475,-0.00163444263615453,-0.139953851982019,-2.17341905132422,-4.08555509515772
788,33,2,0,-0.0654498469497874,1,2,1,-0.0492115952074528,-6.63951901375248,-3.67397472148308,-0.0270454867546205,-1.71109610305293,-0.826372218182012,-0.963124901975096
789,56,2,1,0.126536370769589,1,2,1,0.113921351730824,-5.50551888436025,-3.13562846950195,-0.0487037352091334,-5.09255402869618,-0.00865648918173056,-6.00075290534241
790,9,2,2,-0.0610865238198015,1,2,0,-0.0604375824332237,-7.42197935397901,-6.20577758794564,-0.0026191768870803,-0.151671074125498,-3.10820397296788,-2.34290661819377
791,3,2,1,-0.0959931088596881,1,2,2,-0.10236132889986,-3.06946623003223,-6.05375062411418,-0.0500255984777237,-1.78343108915415,-1.2155146996591,-0.62477437368442
792,2,2,1,-0.0959931088596881,1,2,1,-0.093378834426403,-4.83837691961969,-7.31344070896232,-0.00862348228103075,-2.63225921449336,-0.534287055969529,-1.07295262378432
793,12,2,1,0.0785398163397448,1,2,2,0.0618108175694942,-4.94294777214976,-7.16603747021381,-0.00793731780728978,-2.07378499609818,-1.13823762039254,-0.590757118668115
794,22,2,1,-0.165909356388236,1,2,1,-0.164433673024178,-12.5800924942609,-4.21971569858673,-0.0148154024904675,-2.8997275399197,-0.515908650516066,-1.0555416093546
795,60,2,1,0.167551608191456,1,2,2,0.153093457221985,-9.38868930989863,-10.2935039761696,-0.000117547267906476,-4.31855273844159,-3.18615127318408,-0.0561998066669743
796,9,2,1,0.0785398163397448,1,2,0,0.0290793459862471,-7.04002110929258,-8.85219876499823,-0.00101969953792152,-0.071682329737971,-4.06344544443645,-2.95682372482947
797,12,2,1,0.0675458101214304,1,2,1,0.0399414710700512,-4.83694766094154,-7.04308677689543,-0.00884366913529809,-2.15675239928178,-0.686950015891102,-0.964453269868107
798,38,0,2,-0.0218166156499291,1,0,0,0.000687008025124669,-0.441874026035927,-3.30798237029827,-1.13762526545026,-0.397657773238761,-1.59518727251344,-2.07754350564283
799,12,2,0,0.0610865238198015,1,2,2,0.0465841963887215,-2.7219601570785,-9.60402855766758,-0.0680788433927347,-2.75969931695177,-1.33268370270244,-0.396127692535459
800,3,2,2,-0.148352986419518,1,2,0,-0.161082714796066,-10.709641103753,-10.0087762661635,-6.73555169280932e-05,-0.357890356794717,-1.24402907058096,-4.37170631654229
801,3,2,1,-0.0959931088596881,1,2,1,-0.0928470119833946,-1.05507696044191,-17.6710754975871,-0.427964785055403,-3.15047070120878,-0.350412875198634,-1.37527208492883
802,38,0,1,-0.0218166156499291,1,0,0,-0.0321931913495064,-0.0530102016546683,-4.29750080055383,-3.2694556207835,-0.631189537734725,-0.826542070834903,-3.49063036900931
803,22,2,1,-0.161442955809475,1,2,1,-0.160981744527817,-12.735105926702,-4.28758659243394,-0.0138362980046684,-2.64188720103701,-0.439748313318813,-1.25675922378981
804,27,2,0,-0.109083078249646,1,2,2,-0.114784896373749,-9.93570214214104,-3.34313276458259,-0.0360153588919799,-1.44819418021308,-3.66811603623756,-0.301806324652688
805,12,2,2,0.0959931088596881,1,2,1,0.0682796463370323,-5.91188179732579,-5.72643972039997,-0.00598363558543998,-1.87433196285138,-0.758495762781337,-0.972406054666623
806,12,2,1,0.0959931088596881,1,2,0,0.0861324369907379,-7.86057800378033,-8.11083552873758,-0.000686165609862723,-0.435208886928047,-1.23404298918797,-2.78454381490108
807,85,2,1,0.0506145483078356,1,2,1,0.0503734461963177,-1.99810590095503,-1.76947824874891,-0.365303064125972,-5.23326463635315,-0.0101839940526921,-5.33991979471174
808,3,1,0,0.0261799387799149,0,2,1,0.120308972895145,-3.05549089738536,-1.44543119973595,-0.332322528617866,-1.68454049511682,-0.224943501991465,-4.14086810730969
809,2,2,1,0.0984789076822258,1,2,2,0.115286849439144,-7.63540042884899,-23.1227784859093,-0.000483152740749897,-7.18794612889943,-0.744059905837398,-0.646142252426566
810,3,0,1,-0.00872664625997165,1,0,1,-0.000622321618720889,-0.00479798332933965,-7.76970959087077,-5.43434483178175,-1.34739135909329,-0.513590289343973,-1.95376723373772
811,9,2,2,-0.0785398163397448,1,2,0,-0.0848376527428627,-5.40725365622768,-9.34373527103098,-0.00458191881192188,-0.78262309045132,-1.11451824138133,-1.53841308832479
812,2,0,0,-0.00872664625997165,1,0,2,-0.0308573450893164,-0.0133819294120887,-8.84263792097082,-4.33145945057824,-1.84034130706311,-1.27956937741147,-0.574333965711999
813,3,2,2,-0.0959931088596881,1,2,0,-0.101268596947193,-6.23637566547214,-9.66309907771133,-0.00202258189368733,-0.554127326958374,-1.41345724931233,-1.70305692996213
814,3,2,0,0.0610865238198015,1,2,0,0.0629438310861588,-4.65214465298322,-5.40667080676886,-0.0141270330192811,-0.40120765366739,-1.22754173848269,-3.28402633517514
815,2,0,0,-0.00872664625997165,1,0,2,-0.0266059078276157,-0.00634929297801694,-10.414487536582,-5.06733101111681,-1.96602408770944,-1.34378856617652,-0.512273236043497
816,12,2,1,0.0959931088596881,1,2,0,0.0839885026216507,-7.71528422776608,-8.24278249200625,-0.000709427647834218,-0.411106626978229,-1.33112682880238,-2.61860678888382
817,22,2,1,-0.165788713533778,1,2,1,-0.165940672159195,-12.4745543161645,-4.23655545846181,-0.0145667414015163,-3.35989694784027,-0.629841730471673,-0.837976368941799
818,43,0,0,0.0273664091612953,1,0,0,0.0448214337229729,-0.157857689377259,-4.56777653041239,-1.99769398134286,-0.571503609306242,-2.36049905140526,-1.07601608265117
819,2,2,1,0.149963666246798,1,2,1,0.110259734094143,-6.08666576251998,-17.3394261926123,-0.00227561036689288,-3.65621915191919,-0.24538602145417,-1.65147173963279
820,66,2,0,-0.137881010907552,1,2,0,-0.139468714594841,-12.0465072535001,-4.6809237479194,-0.00931962356657958,-0.272722890548696,-1.5460000974282,-3.66525376083499
821,3,2,0,0.0448660746148509,1,2,0,0.0435833185911179,-3.20944554902875,-6.19289765674852,-0.0433490292253649,-0.374007646034179,-1.32332107530199,-3.08393434419657
822,60,2,0,0.170169602069447,1,2,1,0.140701591968536,-7.72029400697567,-1.0801869402377,-0.415478739011327,-0.825002873548656,-0.624056101335514,-3.64968042754344
823,9,2,1,-0.130899693899575,1,2,2,-0.129220068454742,-8.06642690347817,-7.0752660595174,-0.0011602812301086,-2.34815698863246,-2.93368107542842,-0.161044668562559
824,43,0,1,0.0253072741539178,1,0,1,0.037965077906847,-0.319430360583944,-1.93967308946205,-2.04263708236544,-3.84858802243407,-0.540337823215123,-0.925990580993907
825,22,1,1,-0.166678943565458,0,1,2,-0.0541476048529148,-6.816089610743,-0.534213530068471,-0.884855276152208,-1.75321874609445,-0.997472950766497,-0.780942438201176
826,3,2,2,-0.148352986419518,1,2,0,-0.143072575330734,-7.44059375150777,-10.7511559015568,-0.000608510109306264,-0.193556175708606,-2.58203808574771,-2.2990240137731
827,54,2,0,0.115191730631626,1,2,0,0.103566519916058,-4.92847762828299,-3.58521492097156,-0.035594283832219,-0.438292101078439,-1.2167163282264,-2.83597104151232
828,9,2,1,-0.130899693899575,1,2,2,-0.129824206233025,-8.13468728199907,-6.91157909286231,-0.00129019962548585,-0.847308142241285,-2.3523059174327,-0.741742095995136
829,12,2,1,0.148352986419518,1,2,0,0.103931494057178,-6.75664119450692,-4.01123518239498,-0.019462343869578,-0.0949680242387036,-2.45186703971634,-5.4114023730558
830,3,2,1,0.113446401379631,1,2,1,0.0998411625623703,-7.08715426554449,-6.75681296031287,-0.00200072266473194,-1.96409992312154,-0.681384632541835,-1.03901819397336
831,12,0,1,-0.0261799387799149,1,0,1,-0.0393536351621151,-0.104345857533191,-4.58589988772924,-2.42033541554875,-2.25670626851889,-0.579245279919406,-1.09367205123368
832,3,2,1,0.113446401379631,1,2,1,0.100331693887711,-6.54159852283817,-5.26344794758978,-0.00664157918012163,-2.3737253128898,-0.761874288966606,-0.820807312630099
833,9,2,1,-0.130899693899575,1,2,2,-0.13814415037632,-10.1575161570384,-7.78786434633752,-0.000453634618722878,-5.30415141471331,-4.87419599169418,-0.0126923724762572
834,22,2,0,-0.161442955809475,1,2,1,-0.161898016929626,-12.5639232687836,-4.18485679417351,-0.0153449886831628,-2.79208321715827,-0.459538409070689,-1.18047938446446
835,12,0,1,-0.0261799387799149,1,0,1,-0.0322816483676434,-0.13777599646043,-5.09413580869655,-2.09904368024229,-2.42089529743652,-0.536438784282599,-1.11984402042522
836,2,2,0,-0.0791527950625839,1,2,1,-0.101340174674988,-4.63394719808005,-5.59318478758706,-0.0135305432260766,-3.41781548171271,-0.0941201959297122,-2.86395426663998
837,3,2,2,-0.148352986419518,1,2,0,-0.155479341745377,-10.4013398621389,-8.30078730839356,-0.000278809787451335,-0.625779306874443,-0.790024252305177,-4.4810272797806
838,3,2,2,-0.113446401379631,1,2,0,-0.129937887191772,-8.75833792379366,-9.70189850283946,-0.000218355651672489,-0.545345536635182,-1.05784226121162,-2.61518365082082
839,9,2,1,0.0384155831364062,1,0,2,0.00530184339731932,-0.0378672022249614,-11.5089613216302,-3.29281338753499,-1.821853220781,-1.03714455353724,-0.72606533644383
840,2,2,1,-0.10121075702314,1,2,1,-0.0996271818876266,-6.64797527580583,-4.56181418406174,-0.011809185596959,-3.20619955447088,-0.143699146028233,-2.37149119133368
841,9,2,1,0.130899693899575,1,2,1,0.120508097112179,-5.54519931962345,-2.87696845437884,-0.0621002805483902,-4.60039194347583,-0.0135799652332956,-5.67220654994479
842,9,0,0,0.00872664625997165,1,0,1,-0.00214348430745304,-0.00301409554969872,-9.90543025255255,-5.82269377645563,-1.08696897684101,-0.899202939908684,-1.36308921383071
843,12,2,1,-0.165806278939461,1,2,1,-0.117488212883472,-11.5322891862174,-7.30157545280963,-0.000684495535648203,-0.82140228153304,-0.645175853881768,-3.33498249949525
844,12,2,1,0.113446401379631,1,2,1,0.0800666883587837,-5.58278053301563,-3.96336554622894,-0.0230242614053675,-0.907751143463337,-0.882018517945819,-1.70033103972748
845,85,2,1,0.0471238898038469,1,2,1,0.0495841726660728,-1.46841067234506,-2.83335869309458,-0.341232213644915,-4.44318208265174,-0.0268693798232126,-4.21629583100358
846,12,2,1,0.148352986419518,1,2,2,0.136052742600441,-7.83882212461613,-7.35000386693585,-0.00103730100193418,-1.48305619230032,-1.03298184242404,-0.874398167468066
847,3,2,1,-0.148352986419518,1,2,1,-0.152578815817833,-10.1121139766522,-6.9522342647152,-0.000997504235126855,-3.10466413919208,-0.0597358608677504,-4.33155351980405
848,40,0,0,-0.00436332312998582,1,0,1,0.00194006343372166,-0.0512793156275107,-3.00429488530984,-7.7920209623623,-1.25909849517218,-0.372563650094219,-3.60732669390506
849,2,2,0,-0.0959931088596881,1,2,1,-0.108812972903252,-4.62219367261854,-9.19959434644567,-0.00998193373519381,-1.16640966942296,-0.483347478412498,-2.6338539791189
850,9,0,1,0.0261799387799149,1,0,2,0.0121377380564809,-0.0286135683783662,-11.3766932632645,-3.56855244598407,-1.64549374489152,-1.02418645714917,-0.802975120825014
851,2,2,2,0.0785398163397448,1,2,1,0.102697856724262,-8.33692382587994,-26.5347930852736,-0.000239579764292243,-9.31501514653326,-0.26908233090699,-1.44464592999736
852,40,0,1,-0.00436332312998582,1,0,0,-0.0118363508954644,-0.00152328342094114,-7.83729725536524,-6.78778958039565,-0.646795079887709,-0.858053817336206,-2.95091272855817
853,2,2,1,-0.0610865238198015,1,2,1,-0.0482166446745396,-5.0866825228747,-12.3673830880491,-0.00620192242204537,-2.12551832756098,-0.299457483507311,-1.97034574517631
854,2,2,0,-0.0959931088596881,1,2,1,-0.109664961695671,-5.85024869141831,-9.435765652491,-0.00296345930103881,-1.02197709960434,-0.806668154632179,-1.6410595186498
855,12,0,2,-0.00872664625997165,1,0,1,-0.0321681536734104,-0.00570335080587734,-11.4454865148109,-5.17141903287989,-2.44753063214233,-0.691684360926792,-0.884886322682368
856,12,2,2,0.130899693899575,1,2,1,0.116798423230648,-6.17177161979852,-3.04613175353506,-0.0509038820985307,-1.81804732255588,-0.685202529477166,-1.09760461377897
857,3,2,1,-0.0959931088596881,1,2,1,-0.0999801233410835,-3.2892491061179,-13.4894882756263,-0.0379959728838533,-3.38640789924846,-0.126810867415511,-2.46193535314015
858,22,2,0,-0.161442955809475,1,2,1,-0.161851778626442,-12.5756045054775,-4.1919966515401,-0.0152350183868339,-2.76499337155138,-0.454883756332445,-1.19566796027855
859,60,2,0,0.170169602069447,1,2,1,0.140928044915199,-7.74039498819792,-1.26538266296011,-0.332074586148555,-0.843900540428269,-0.605719194292389,-3.71776096871008
860,9,2,2,-0.148352986419518,1,2,1,-0.12884347140789,-6.80394995263817,-5.37046834763488,-0.0057780457660225,-3.59649058035948,-0.131724110922945,-2.34343315619383
861,85,2,1,0.0366519142918809,1,0,1,0.042637724429369,-0.6777075525231,-2.93249362796752,-0.823355504854468,-4.23423488820441,-0.0349093037920468,-3.92125834831603
862,12,2,2,0.0959931088596881,1,2,2,0.0803678706288338,-5.44344604993455,-7.48493605674959,-0.00489800682596058,-2.9102296193618,-1.30608107033319,-0.393550531003611
863,56,2,1,0.130027029273578,1,2,2,0.12337726354599,-6.30779318659476,-6.99649484707249,-0.00274091738185745,-2.79658861419658,-1.28408305130978,-0.412372320671764
864,2,2,2,0.165806278939461,1,2,1,0.133261233568192,-7.03417222359966,-15.2566421054336,-0.000881881835085103,-5.74942850252534,-0.432065274505108,-1.0565637060165
865,2,2,1,-0.147453800970121,1,2,1,-0.14066669344902,-11.9115268092135,-3.59738290855785,-0.0277844819221131,-3.37194221743199,-0.0625068441228434,-3.63931100295855
866,3,2,1,-0.0786116066406179,1,2,0,-0.0939691513776779,-4.35082470137884,-10.3864873082877,-0.0130113368680635,-0.657443394809248,-1.63893496915018,-1.24604960293804
867,3,2,1,0.0785398163397448,1,2,1,0.0583504103124142,-5.72156488084561,-5.16279893448222,-0.00904098860418609,-2.1650437311686,-0.360529605009893,-1.67158905988905
868,56,2,2,0.134787222902977,1,2,2,0.128789946436882,-6.05527621540548,-10.0026396306741,-0.00239360468938196,-4.10486394850843,-3.60835976171406,-0.0445669768581897
869,33,2,0,-0.0567232006898157,1,2,0,-0.0620333887636662,-4.59231847294476,-10.2127318386791,-0.0102180761873884,-0.104045601380489,-2.99537111972939,-3.02007124726928
870,3,2,1,-0.132510373726855,1,2,1,-0.121997632086277,-2.35166856992892,-17.8936869544265,-0.100052555594711,-2.28085704930908,-0.181318222716522,-2.75461378868168
871,3,0,1,0.0261799387799149,1,0,1,0.0538588427007198,-0.0750847364343125,-6.6551938803803,-2.64440273460732,-4.56353328106861,-0.038587044792348,-3.59623139037156
872,60,2,1,0.170169602069447,1,2,1,0.141053855419159,-7.77082078690455,-1.45853054711452,-0.265267985857255,-0.863158192053276,-0.588442471384074,-3.7730895524422
873,85,1,1,0.0506145483078356,0,1,1,0.166904598474503,-10.5264800144202,-0.00394088679849968,-5.54514394723024,-8.93214633211768,-0.000218713357703711,-9.35424749007447
874,9,2,0,0.148352986419518,1,2,0,0.141241192817688,-7.38722268833543,-7.09840000775778,-0.00144663732511785,-0.0200466331793745,-5.89892236549852,-4.06840699655433
875,2,0,1,0.0261799387799149,1,0,1,0.034688476473093,-4.52996326319778e-06,-22.183657395236,-12.3006122053216,-1.53251609965018,-0.256104873888988,-4.61040637776531
876,2,2,1,0.148352986419518,1,2,1,0.118977881968021,-7.45911388645994,-18.3614791818522,-0.000576304527956953,-2.84568182150264,-0.357794536960483,-1.41597597017919
877,66,2,0,-0.137881010907552,1,2,0,-0.132696241140366,-12.8547456442852,-5.47772822074878,-0.00419021133139806,-0.459127775156371,-1.01896788352321,-4.9339284112108
878,27,2,2,-0.109083078249646,1,2,0,-0.108494438230991,-7.66646312401814,-4.28727601995323,-0.0143124585097956,-0.294769164452026,-2.61940434279434,-1.70127733864469
879,12,2,1,-0.0785398163397448,1,2,0,-0.0820252224802971,-9.22089893351746,-5.87641219191448,-0.00290804334644849,-0.296366078237093,-2.48126883805817,-1.75534362521982
880,66,2,0,-0.124342491899832,1,2,2,-0.12747448682785,-10.7222540284027,-3.17406847983403,-0.0427563187255533,-0.771435331489145,-3.24264556792834,-0.695970103329818
881,60,1,1,0.161442955809475,0,1,1,0.214605510234833,-7.34008107904782,-0.506591702440205,-0.924309656166353,-10.6525496242618,-2.65840249218836e-05,-12.7246168899835
882,60,2,0,0.170169602069447,1,2,1,0.14012348651886,-7.72057935998486,-0.83096586536543,-0.572828575185008,-0.796757210284111,-0.654218265541829,-3.52800928094397
883,2,0,1,0.0261799387799149,1,0,0,0.00588200706988573,-3.57627932601205e-07,-21.2972149469699,-14.9629033357813,-0.449470324344681,-1.0230441943038,-5.97752123909426
884,3,2,2,-0.109398396522711,1,2,0,-0.114663280546665,-7.13341652047411,-9.90626655865488,-0.00084817606693029,-0.557724548839136,-1.21186838768897,-2.04138279898688
885,43,0,2,0.0305432619099008,1,0,1,0.0533690713346004,-0.224024135605336,-7.85931337683959,-1.60784890874565,-0.761287532682728,-0.683026557803228,-3.58094758733082
886,12,2,0,-0.0430202525770193,1,2,1,-0.0454719215631485,-0.905555044147601,-2.09705278114698,-0.74894600447657,-2.52043314944519,-0.217584344065626,-2.16182013963716
887,2,2,2,-0.0436332312998582,1,2,1,-0.0534380935132504,-1.65602140477281,-5.70907809425261,-0.215935510146308,-1.83378137665477,-0.337773405784263,-2.06486869221174
888,85,2,1,0.0366519142918809,1,0,1,0.0426587723195553,-0.678846580122553,-2.94287559114513,-0.820788825017696,-4.23243522705813,-0.0349183152660604,-3.92213967035605
889,12,2,0,-0.165806278939461,1,2,1,-0.154825255274773,-9.24468569260802,-9.0652624488369,-0.000212274668718539,-1.16018185573111,-0.736211602674541,-1.57192094358286
890,22,2,1,-0.164060949687467,1,2,1,-0.158566191792488,-12.8343053589381,-4.45309349794694,-0.0117135342300757,-1.68685799083463,-0.343087319343686,-2.25071785513038
891,12,2,2,0.148352986419518,1,2,1,0.13772551715374,-7.99208875715005,-7.30413339344652,-0.00101134640916461,-2.29769776229073,-0.725710402265365,-0.878201908801817
892,9,0,0,0.00872664625997165,1,0,1,-0.009008196182549,-0.00553138177534357,-7.71777063815399,-5.28414971199318,-1.02318455321578,-0.680484575384032,-2.00857291599898
893,27,2,1,-0.117809724509617,1,2,1,-0.112835884094238,-10.7005863884502,-3.23065531067118,-0.0403577051471157,-3.54009003575167,-0.0635378546739355,-3.42495892272034
894,3,0,0,0.0261799387799149,1,2,0,0.0623244754970074,-3.39320607574434,-12.2372967576219,-0.0341832212320577,-0.09383949198629,-2.71228492304267,-3.76419811250914
895,9,2,0,0.0959931088596881,1,2,0,0.0890117734670639,-7.58431970360766,-7.28399957187691,-0.00119554909326257,-0.541738801323348,-0.971250398508275,-3.22754406062102
896,3,2,0,0.0610865238198015,1,2,0,0.0609528310596943,-4.56263596502258,-5.57537046478553,-0.0143266676197037,-0.404224432523125,-1.22539795181103,-3.24766443502991
897,56,2,1,0.126536370769589,1,2,1,0.120475552976131,-5.57166899712165,-2.98982659448622,-0.0556186515197017,-1.19017739848271,-0.466827031723881,-2.6759094185858
898,66,2,0,-0.136460159307454,1,2,0,-0.130946829915047,-12.7958843829304,-5.45583747423185,-0.00428317035021521,-0.463460465350843,-1.01178316948783,-4.9161811597948
899,33,2,2,-0.0567232006898157,1,2,2,-0.0777571126818657,-5.91486667554141,-4.89022518292221,-0.010271309265906,-6.61113261829657,-1.11092569490648,-0.401372456464656
900,54,1,1,0.109083078249646,0,1,1,0.172269448637962,-6.26237580237269,-0.396049040120545,-1.1235623027692,-10.2934022107983,-3.67171352474011e-05,-12.7698483399267
901,12,2,0,-0.0436332312998582,1,2,1,-0.0507774017751217,-2.57040008462102,-3.04975739744647,-0.132246869358157,-1.72649590070506,-0.33890094954943,-2.2114631139418
902,60,1,1,0.161442955809475,0,1,1,0.226779580116272,-8.94248253862729,-0.0306125641743063,-3.50595721079486,-10.0427210142295,-5.36456191983508e-05,-11.5005971983266
903,12,0,1,0.0261799387799149,1,0,1,0.0127873169258237,-0.0281871372459887,-6.59824034206245,-3.63322603630887,-1.08344288317821,-0.531407420349945,-2.60647068505646
904,9,0,1,0.0286657376024526,1,0,2,0.014353315345943,-0.0354790997863604,-11.1522136187339,-3.35690971507112,-1.66462217885466,-1.02448403623965,-0.79461260497768
905,60,2,1,0.170169602069447,1,2,2,0.158590272068977,-8.77743500998602,-10.0817047466711,-0.000196058894955413,-1.33291580429753,-1.15796788378619,-0.862349783173165
906,2,2,2,0.0785398163397448,1,2,1,0.102405868470669,-8.72178943533942,-27.3683194419496,-0.000163091606818597,-9.10481267949742,-0.17364217636856,-1.83702116282122
907,9,2,2,0.0610865238198015,1,2,0,0.0479478351771832,-4.08213671262732,-8.60322919821745,-0.0172019648921167,-0.872112483181087,-0.947731640720544,-1.63828376727082
908,56,2,1,0.135263017029561,1,2,0,0.12572517991066,-8.11775669449045,-7.39890220653812,-0.000910577375492854,-0.47932061768803,-2.70576729117301,-1.15843534446125
909,40,0,1,-0.0130899693899575,1,0,1,0.0315366499125957,-0.170586907827839,-5.39242293030324,-1.88203931941879,-1.42623399775973,-0.348357419107403,-2.91985288429532
910,56,2,0,0.135263017029561,1,2,1,0.113338857889175,-7.42937677983183,-1.59773421488953,-0.226835474852531,-0.880197392901339,-0.594709488210027,-3.39393896771906
911,3,2,2,0.0959931088596881,1,2,2,0.0829595848917961,-5.08865036257362,-6.79365550887908,-0.0073138856393683,-3.15495130268396,-1.06039017321048,-0.492594715190306
912,2,2,2,-0.0436332312998582,1,2,1,-0.0586277060210705,-2.91207874645555,-4.84353417244499,-0.0642630743556534,-0.861988128195408,-0.633312400723586,-3.0608516715537
913,54,2,0,0.117809724509617,1,2,0,0.0926927775144577,-5.99847859326089,-4.4385954326583,-0.0143982604192401,-0.0615611362542529,-2.9847135786592,-4.69394640631367
914,12,2,1,0.113446401379631,1,2,1,0.0871787071228027,-5.51083721143293,-2.28116956640127,-0.112281422370137,-1.14332585556005,-0.592884521085149,-2.05173059712069
915,12,2,1,0.0610865238198015,1,2,2,0.0432182550430298,-2.62900035993581,-7.6811286701593,-0.075383297399678,-2.09613220940344,-1.1122887788624,-0.60099928605883
916,54,2,0,0.117809724509617,1,2,0,0.115325100719929,-7.75574150821707,-9.50372824894609,-0.000502951242099406,-0.174294383125538,-2.95025340402784,-2.22911159106458
917,22,2,0,-0.161442955809475,1,2,1,-0.161105677485466,-12.7136422441151,-4.26855523676108,-0.0141040008220517,-2.63378497658679,-0.43433867775319,-1.27117806656939
918,3,2,1,-0.130899693899575,1,2,1,-0.108112148940563,-3.51042092283867,-3.60615976515956,-0.058731642579941,-2.25639283672604,-0.315508922909024,-1.79664205261695
919,85,2,1,0.0506145483078356,1,2,1,0.0507866479456425,-1.74549087997933,-1.66360475872426,-0.452578868572159,-5.00393929357672,-0.0129415339573988,-5.09184574016018
920,3,0,0,0.0261799387799149,1,0,1,0.0407952107489109,-0.120290615169463,-3.69137932535258,-2.42588618803126,-1.47699804235314,-0.33139480467066,-2.92329516514021
921,2,0,0,-0.00872664625997165,1,0,2,-0.0288093648850918,-0.00596648649569046,-10.7287428332758,-5.12828192556106,-2.12459463350291,-1.12557308591673,-0.586893197147495
922,9,2,1,0.0959931088596881,1,2,2,0.083441473543644,-5.26076492978002,-7.02792009207966,-0.00609667103440657,-3.04369570178758,-1.18565830197479,-0.43572334032484
923,12,2,1,-0.113446401379631,1,2,1,-0.108348689973354,-10.4593465511532,-3.31269574598026,-0.0371272781335133,-3.53759446992376,-0.0684956965176517,-3.29361624407391
924,3,2,1,0.165806278939461,1,1,1,0.136727079749107,-7.47668716768025,-0.208438643114548,-1.67353402656527,-8.42102811358596,-0.000520662884221648,-8.11048597697092
925,9,2,1,-0.165806278939461,1,2,1,-0.170699745416641,-9.94127277705985,-1.4981463426436,-0.253077562906209,-6.2126925264543,-0.00207782934269522,-9.54133101942337
926,66,2,1,-0.127893950693643,1,2,0,-0.127648428082466,-12.8184964856513,-5.33017363972783,-0.00485775664713534,-0.32154338974632,-1.31834403334551,-4.90724293757995
927,9,2,2,-0.0785398163397448,1,2,1,-0.0945301875472069,-6.76100834919817,-9.28892329202408,-0.00125128798176837,-0.877757837202262,-0.766303893356247,-2.12395018766473
928,12,0,1,-0.0261799387799149,1,0,1,-0.0526189990341663,-0.0811056009613057,-5.45984876057348,-2.60843889191013,-1.97749998092509,-0.57098778696183,-1.2153102146644
929,12,2,0,0.0436332312998582,1,0,2,0.0315290801227093,-0.258245601083474,-8.67402185433745,-1.48094121226736,-2.55486688918578,-1.2737066401499,-0.442380973856479
930,9,2,1,0.0959931088596881,1,2,2,0.0850111842155457,-6.50016016921205,-7.46526533490227,-0.00207806825721101,-1.05059363802251,-1.6207592722192,-0.792920062450237
931,9,2,1,-0.0785398163397448,1,2,0,-0.0797975957393646,-3.22679721043597,-7.41560041247623,-0.0411201466269679,-0.926197640941286,-1.39391775206968,-1.03326906919213
932,12,2,1,0.148352986419518,1,2,0,0.106104485690594,-6.62782078975036,-1.48635014468213,-0.258148914810561,-0.290487900249219,-1.5680220982117,-3.13168297968789
933,9,2,1,-0.0436332312998582,1,2,0,-0.0346352681517601,-2.82706495805606,-5.68375586241376,-0.0646314133303353,-0.342295593654034,-1.28533865972454,-4.31962972201531
934,2,2,0,0.0436332312998582,1,2,0,0.0833065435290337,-3.02655698083032,-19.4610910344329,-0.0496969263627253,-0.792605506539249,-1.06993970123952,-1.5881317096728
935,3,2,1,-0.0610865238198015,1,2,1,-0.0727199912071228,-2.83324329583877,-6.33618319139805,-0.0625062730797713,-2.66085349062214,-0.736005588458707,-0.796093075860151
936,9,2,0,0.148352986419518,1,1,0,0.148433119058609,-7.44082841992961,-0.487122631530359,-0.954456159399217,-0.0649954355046026,-3.12466462211483,-3.96454967318217
937,2,2,1,0.148352986419518,1,2,0,0.119283802807331,-17.5196402567674,-13.000297987481,-2.26497906652799e-06,-0.605080404812724,-3.80062530396384,-0.840226689167152
938,12,0,1,-0.00872664625997165,1,0,2,-0.0287443716078997,-0.0070425918113919,-10.3017298693661,-4.96409530932677,-1.83908637184686,-1.20132862519347,-0.615736075534309
939,12,2,2,0.0959931088596881,1,2,2,0.0821207985281944,-6.50662600737054,-6.24636059846283,-0.00343686181188128,-3.29223935369755,-1.00055043506967,-0.518937708456414
940,2,2,2,-0.0435614409989852,1,2,1,-0.0541968606412411,-1.56684303628081,-6.97095002012694,-0.235268961154447,-1.6118661563282,-0.639518557420122,-1.29850794732965
941,12,2,0,-0.0436332312998582,1,2,1,-0.0591731369495392,-2.86130090571528,-4.91175960762009,-0.0667316413299148,-0.86963110752323,-0.628347908198876,-3.04867940767844
942,60,2,1,0.170169602069447,1,2,1,0.139787763357162,-5.12527644424213,-7.82906900016597,-0.0063627895357201,-2.75906673766312,-0.068686631401106,-5.79921824095082
943,3,0,2,-0.0296783012763051,1,2,1,-0.0395706482231617,-2.32048687773997,-8.34053502240145,-0.103655713851752,-1.8554477697828,-0.319585585625697,-2.14415415532252
944,43,0,1,0.0304193374728382,1,0,1,0.0223312247544527,-0.00978117823770915,-7.93458965013512,-4.66967131584424,-2.37774703160234,-0.560884412896582,-1.08904858696222
945,2,2,2,0.0959849958057433,1,2,1,0.111536048352718,-7.41056152191691,-24.6485943519522,-0.000605050941590363,-10.0858158430478,-0.463755072390633,-0.991443513858146
946,9,2,1,-0.148352986419518,1,2,0,-0.14181886613369,-8.57435511870416,-9.208727963229,-0.000289064697690255,-0.286286470194289,-1.88383587156687,-2.3335939215192
947,9,0,2,-0.0226815762835248,1,0,2,-0.0392189249396324,-0.228726763443915,-3.74886098938157,-1.70975779880183,-2.85346500547139,-0.926455321908841,-0.60440198780404
948,3,2,2,0.0959931088596881,1,2,2,0.0867548212409019,-5.26335962966751,-6.55593977249242,-0.00662141876804213,-3.42636393366771,-1.09341257001586,-0.458195228564476
949,85,2,1,0.0426706822173834,1,2,1,0.0455971509218216,-0.815929851471163,-2.67843193949773,-0.715185611573077,-4.25088073791755,-0.0329404551048108,-4.00896619874956
950,43,0,0,0.0305432619099008,1,0,0,0.0341881848871708,-0.28376886603488,-1.70459030884042,-2.7301039492201,-0.022670016294845,-4.023169815845,-5.39950871525113
951,3,2,1,-0.0436332312998582,1,2,1,-0.0347915701568127,-2.94947663133434,-9.26277431214782,-0.0538882180530939,-2.0909096568188,-0.204412501089567,-2.79198658479602
952,27,2,1,-0.117809724509617,1,2,1,-0.112541116774082,-10.6968618239975,-3.25931319024441,-0.0391955746142766,-3.49470061310764,-0.0702562190175958,-3.28375738983283
953,3,2,2,0.0959931088596881,1,2,2,0.0826755538582802,-4.59118536593697,-4.96097063702776,-0.0172955956308655,-3.97928784068083,-1.69089450754354,-0.226967697080596
954,54,2,0,0.115191730631626,1,2,0,0.100249424576759,-8.55892096263314,-2.65165357387203,-0.0733519392660398,-0.416173077712803,-1.12621955311009,-4.12415774548123
955,9,2,2,-0.0785398163397448,1,2,1,-0.0933189019560814,-6.55046137082083,-9.26302860354658,-0.00152543246156464,-0.840213017604892,-0.821585863261867,-2.0506775029206
956,2,0,1,-0.0261799387799149,1,0,1,-0.0632417500019073,-0.182535751141533,-11.3684822727766,-1.79075849313031,-2.47204851914339,-0.731115602557542,-0.834211954250225
957,3,2,0,0.0610865238198015,1,2,0,0.0583902671933174,-3.8416405582556,-6.42668931384874,-0.0233465389188629,-0.178521432448015,-1.84943549050494,-5.08839348781232
958,2,0,0,0.00872664625997165,1,0,1,0.029574541375041,-3.21865599773875e-06,-13.531763446395,-13.1887449234718,-0.815605482286868,-0.778549530296407,-2.31711777004113
959,56,2,1,0.132645023151569,1,2,1,0.111014664173126,-5.04621043982097,-1.9605633341536,-0.159245169114617,-0.905611286621821,-0.61844114397775,-2.86607932663392
960,9,2,1,0.0436332312998582,1,2,2,0.0449548736214638,-1.91178478811086,-8.73170149070404,-0.16014252029683,-1.87611782209447,-1.080618182518,-0.678395065558473
961,3,2,0,0.148352986419518,1,2,0,0.137485921382904,-7.4103616557794,-8.70560868479589,-0.000770865888434122,-0.176811083024194,-3.52631030151356,-2.02005038847482
962,12,2,0,-0.0436332312998582,1,2,2,-0.0808180794119835,-1.93798455375778,-8.40864013564816,-0.1557381777788,-1.02239869751635,-1.54108102602039,-0.85303544069494
963,33,2,2,-0.0567232006898157,1,2,1,-0.036758579313755,-6.15460212133845,-4.17379951641034,-0.0176725723024759,-1.79810138416487,-0.442941828032396,-1.64899844171449
964,43,0,0,0.0279252680319093,1,0,1,0.0214382242411375,-0.13826839134397,-6.64449304700234,-2.05702349181365,-0.89051122487741,-0.633156223606741,-2.83632787525375
965,9,0,2,-0.0261799387799149,1,0,1,-0.0382644385099411,-0.28213699726251,-4.99376589226273,-1.4310843478342,-2.81146529924879,-0.587432950057991,-0.956771446221173
966,9,2,1,0.0785398163397448,1,0,1,0.0220901425927877,-0.0304183158475818,-19.0627173201037,-3.50787891053102,-3.88945622037878,-0.396565442461794,-1.18117701409066
967,54,2,0,0.115191730631626,1,2,0,0.0899181067943573,-5.30756596300906,-6.75645744977068,-0.0061361315101575,-0.0651058003368177,-2.98685211812424,-4.37519487925202
968,60,2,0,0.170169602069447,1,2,1,0.14082869887352,-7.72874071798862,-1.1714488266341,-0.371582120471409,-0.834391861988449,-0.614760247785681,-3.68524510175322
969,9,2,1,-0.113446401379631,1,2,0,-0.0903970524668694,-5.84910483645429,-7.50129785662145,-0.00344074945969676,-0.333647536455835,-2.18850807311166,-1.76253109217763
970,2,2,1,0.0610865238198015,1,2,1,0.0980209782719612,-6.55997579789819,-23.330112091902,-0.00141685199289951,-5.57760502012825,-0.642550233330749,-0.754450545869729
971,40,0,2,-0.00698131700797732,1,0,1,-0.0147453406825662,-0.00464149956998939,-7.86439984142258,-5.46166699767195,-1.45968196347697,-0.652169024527479,-1.39927737770756
972,9,2,0,0.163776856445551,1,2,1,0.142219722270966,-5.75265990546302,-9.36801687232212,-0.00326504287417097,-1.32761802916949,-0.309709027849787,-6.69945659130941
973,9,2,1,0.0436332312998582,1,0,2,0.0265244618058205,-0.295091369673761,-8.50506757736601,-1.36518259322714,-1.41074186772862,-1.15982259515377,-0.815323782884536
974,40,0,2,-0.00698131700797732,1,0,2,-0.0304263848811388,-0.0142818037986252,-4.81354574648604,-5.10584163123741,-3.62724322922294,-1.01848228692508,-0.490585231128502
975,3,2,1,0.0959931088596881,1,2,0,0.0917227938771248,-7.77970977497555,-8.52422807039849,-0.000616979156638091,-0.329056350522555,-1.27379643696788,-7.36969914294102
976,3,1,0,0.0261799387799149,0,0,0,0.103604875504971,-0.855016952744191,-1.79933265063407,-0.893270855026328,-0.311222995998635,-1.3336955583194,-5.53460117516643
977,12,2,1,0.148352986419518,1,2,0,0.113226845860481,-7.14660062091909,-1.00023266610496,-0.459786267470624,-0.138707549874008,-2.37865797242059,-3.30110253016797
978,12,0,2,-0.00871853320602684,1,0,2,-0.0202934183180332,-0.00263877867555289,-12.2954472578919,-5.94047207231287,-1.77986724442789,-1.06137391139128,-0.722865630492281
979,54,2,1,0.117809724509617,1,2,0,0.122330971062183,-6.28253487708131,-12.4848902564366,-0.00187423519763189,-0.311982428318398,-1.32471842497868,-6.15262877288674
980,41,0,2,0.0130899693899575,1,2,2,0.00776409078389406,-1.09688265784175,-5.12172858239961,-0.415327667225348,-2.78451208629526,-1.6045568097252,-0.304811697834721
981,27,2,1,-0.111701072127637,1,2,0,-0.116077922284603,-6.91457276525122,-9.88380393375688,-0.00104481900980056,-0.419004019069565,-1.67626787527946,-1.86286313013429
982,2,2,0,-0.0785398163397448,1,2,0,-0.0947356000542641,-4.33763148645637,-9.74345665138792,-0.0132129835412008,-0.697266286768674,-1.60288331993293,-1.20150886567479
983,3,2,1,0.165806278939461,1,1,1,0.146252647042274,-6.39858481937547,-0.65226983631419,-0.739245749614808,-6.77137009327615,-0.00264284250905429,-6.50685660251361
984,2,2,0,-0.0785398163397448,1,2,1,-0.0886252075433731,-4.68507760399534,-6.84228131434251,-0.010353091393666,-2.00297276178325,-0.267243260069599,-2.30679763046163
985,9,2,2,0.0436332312998582,1,2,2,0.0149331288412213,-0.793902624880847,-10.4494861063803,-0.601673439563085,-1.70488272584193,-1.03020477495107,-0.773766351798798
986,9,2,2,-0.148352986419518,1,2,0,-0.146625816822052,-8.02877207363503,-5.6202756097444,-0.00395740277582314,-0.0423596323267569,-3.89448007219196,-3.85748037642378
987,66,2,1,-0.123918376891597,1,2,1,-0.11673004925251,-10.8931163901514,-3.08953597113949,-0.0466113284429435,-3.63354342467962,-0.0439685615225944,-4.09874046370985
988,12,2,2,0.0959931088596881,1,2,2,0.0808569639921188,-5.78259932303261,-7.38387337151617,-0.00370873453477124,-2.07098776697508,-1.81069016398372,-0.341930464100947
989,85,2,1,0.0471238898038469,1,2,1,0.0498959459364414,-1.53582139594861,-2.9168592021768,-0.313864690760535,-4.48679124173633,-0.0260540342929898,-4.23631443227394
990,56,2,1,0.132645023151569,1,2,1,0.106290347874165,-5.23082380356073,-2.758208801205,-0.0712321432602125,-1.11613923953997,-0.899484234439683,-1.3254674686095
991,66,2,0,-0.123918376891597,1,2,2,-0.129500776529312,-10.2772327780618,-4.62956729540667,-0.00984161133476787,-2.1908252888563,-1.76677206935077,-0.332272420005569
992,41,0,2,0.0130899693899575,1,2,2,0.00758644659072161,-1.38459064359343,-5.58771866973877,-0.293257427692212,-3.08593542531417,-1.75168649439558,-0.247395804903691
993,2,2,0,-0.0959931088596881,1,2,1,-0.106662720441818,-6.15610514244749,-8.05033027012934,-0.00244247932696205,-0.943783376251001,-0.592248055808856,-2.85137713180326
994,12,0,2,-0.00872664625997165,1,0,1,-0.0330608189105988,-0.0071152858154982,-9.59345329700296,-4.95873294332955,-1.4847913271573,-0.907154212136321,-0.994849612931345
995,27,2,0,-0.113990554235252,1,2,2,-0.119114816188812,-10.2897594559215,-4.7223671598448,-0.00896821462485715,-2.06719736290654,-2.66890336690982,-0.217992011433972
996,3,2,2,-0.113446401379631,1,2,1,-0.105179212987423,-7.91527474060827,-9.18809709186188,-0.000467409633904683,-0.998999259710331,-0.530647563153555,-3.13434415395727
997,3,2,1,-0.130899693899575,1,2,1,-0.124891720712185,-6.90766117233282,-6.36511965936127,-0.00272436171634546,-1.32113884661697,-0.350599052010951,-3.54381922558469
998,33,2,0,-0.0593411945678072,1,2,1,-0.0557413287460804,-5.37173331266895,-6.06307183169076,-0.00699769344795372,-1.20290383013664,-0.651808656866199,-1.7227370342743
999,9,0,2,-0.0258024431522472,1,0,2,-0.0427376702427864,-0.289621898381918,-4.19474274243317,-1.44231972273776,-2.97658041461009,-0.896033522064625,-0.614617631081937
1000,12,2,2,0.130899693899575,1,2,2,0.111828468739986,-5.71164596577422,-2.54145420796312,-0.0856221886472375,-2.98094425938161,-0.837571976633876,-0.660689460739444
1001,9,2,1,-0.0594758439925215,1,2,0,-0.0507411994040012,-6.09387561494848,-6.88907066765258,-0.00328083008646953,-0.319472035977427,-2.23445806561819,-1.79325669589892
1002,2,2,1,0.148352986419518,1,2,1,0.120163828134537,-6.03299357905187,-13.4139493759918,-0.0024026266004074,-4.94880700011194,-0.408086974242264,-1.11478098644917
1003,54,2,1,0.109083078249646,1,2,1,0.0992350205779076,-4.7658338355906,-1.91733384360531,-0.169027334657679,-5.97047487833916,-0.00647508795881912,-5.54647116532543
1004,12,0,2,-0.00872664625997165,1,0,2,-0.0297393705695868,-0.0074382407351137,-9.71842534942956,-4.91298013411489,-2.37888270123436,-0.94871241229325,-0.653721347597744
1005,3,2,1,-0.158633862013775,1,2,1,-0.15427565574646,-12.3780549211673,-3.76975618972447,-0.0233319570189967,-3.60693919091275,-0.0478099367463014,-3.93476382717004
1006,3,2,0,-0.0610865238198015,1,2,1,-0.0731781795620918,-4.50009257536177,-4.92294844654597,-0.0185567046854295,-1.32048567479148,-0.458810479703163,-2.29303669683073
1007,66,2,0,-0.123918376891597,1,2,2,-0.118377983570099,-10.8573097870064,-5.22635418949694,-0.00540690399975472,-2.04379228075963,-2.72828091265531,-0.216749074831239
1008,41,0,0,0.0130899693899575,1,0,1,0.0438806898891926,-0.329952806746688,-3.69189797373159,-1.36211805219999,-1.24787428839837,-0.836323050922934,-1.27445007689375
1009,60,2,2,0.167551608191456,1,1,1,0.137464836239815,-5.36505170792658,-0.693706488115898,-0.701981348551588,-1.16823439570087,-0.52911450358599,-2.30300306849816
1010,85,2,1,0.0466389745057898,1,2,1,0.0478313416242599,-0.987659535753935,-2.51480130996531,-0.603903371475804,-4.25743207828872,-0.0318309022665693,-4.06453189262406
1011,12,2,1,0.0959931088596881,1,2,0,0.084654837846756,-7.75428254480269,-8.2046648521467,-0.000702508626155225,-0.408355038814976,-1.31857817743631,-2.69205136335502
1012,3,2,1,0.113446401379631,1,2,1,0.0869646221399307,-5.91459351193209,-1.74542779762256,-0.195127266803325,-1.76393518875666,-0.484503192558634,-1.54821255810189
1013,12,2,0,0.165806278939461,1,2,0,0.137668788433075,-7.47085567530166,-1.62556588868877,-0.219861062965805,-0.467219156524238,-1.12678835976734,-3.01217013250176
1014,9,2,1,-0.0959931088596881,1,2,1,-0.0968727767467499,-5.49209694713624,-6.59405427752332,-0.00550279306768337,-2.3135833112348,-0.168535435581836,-2.87897346539083
1015,12,2,0,0.165806278939461,1,1,2,0.129660174250603,-14.3563626405301,-0.0879462412738503,-2.4746864324778,-2.67278253183586,-7.94250308894523,-0.0719419577003745
1016,9,2,2,-0.0436332312998582,1,2,1,-0.0387713238596916,-4.11535688564096,-4.40009158952941,-0.0290131829770643,-2.11266028606701,-0.257409068933476,-2.24401210459259
1017,43,0,1,0.0305432619099008,1,0,1,0.0225665010511875,-0.0105692018377853,-7.94087465795603,-4.58952767122437,-2.26386252591937,-0.491487883612703,-1.25759769582092
1018,9,0,1,-0.00872664625997165,1,0,1,-0.00157278287224472,-0.0101462401111415,-8.65540990331609,-4.61312874592459,-1.52286051788758,-0.260780756543376,-4.46862460886821
1019,60,2,1,0.167551608191456,1,2,2,0.139695331454277,-6.43256125801211,-2.62625348324682,-0.0768350233999695,-3.85521174189509,-1.26107358564133,-0.363151240305391
1020,12,2,2,0.113446401379631,1,2,1,0.0795239731669426,-6.31779790294937,-6.48092726870974,-0.00334194808417206,-1.82121011694196,-0.786178133042828,-0.960797835502323
1021,3,2,1,0.0785398163397448,1,2,1,0.0856731981039047,-7.50446369362759,-5.75260012858625,-0.00373212681855529,-0.782630782157314,-0.630628561145826,-4.5524587938722
1022,43,0,0,0.0305414539588816,1,0,0,0.0341767780482769,-0.108132818499265,-5.16753338505237,-2.33518025854358,-0.0674106583385355,-3.89651702158451,-3.1038472109867
1023,9,2,2,0.0610865238198015,1,2,2,0.0492949932813644,-4.94135808741352,-8.83857924280685,-0.00731658754131814,-1.4733083823918,-0.960979585122195,-0.945936054000328
1024,54,2,1,0.114898191098141,1,2,1,0.112532421946526,-7.29053055568793,-10.8196567176203,-0.000702270040054631,-2.71388091436531,-0.306783289452132,-1.61993802371947
1025,2,2,1,0.0610865238198015,1,2,1,0.0979578718543053,-6.02412627844019,-21.9097941055472,-0.00242264238898159,-3.43075901401074,-0.600161659223446,-0.870087875430986
1026,2,2,2,-0.130899693899575,1,2,2,-0.132534205913544,-11.1643927318299,-3.53578969924167,-0.0295831891832669,-2.84922011581516,-3.70139913440339,-0.0861881098227622
1027,2,2,1,0.148352986419518,1,2,1,0.114468805491924,-4.1453667439922,-15.5050545132763,-0.0159645465138005,-2.42598471951192,-0.202985788398952,-2.35052444625191
1028,9,2,1,-0.0959931088596881,1,2,0,-0.102887012064457,-5.36774952201787,-9.46570326561653,-0.00475336529578314,-0.69567098349591,-1.15145494747029,-1.68694550165932
1029,3,1,0,0.0261799387799149,0,2,0,0.137451186776161,-5.90894970819557,-5.90288196689957,-0.00546155964165689,-0.262210681052906,-1.51655693387516,-4.49319494841297
1030,3,2,1,0.0436332312998582,1,2,1,0.0283838957548141,-1.33055898706778,-5.0898550503999,-0.315379984327489,-0.922934291116668,-0.594562897256911,-2.97897567020815
1031,2,0,0,0.0261799387799149,1,0,1,0.0400641150772572,-1.45436390834015e-05,-21.9140923254731,-11.1362697826813,-1.63034147410083,-0.234131826076108,-4.35209132233284
1032,12,2,0,-0.0785398163397448,1,2,0,-0.0736899450421333,-6.99725074519276,-13.5354772986943,-0.000916185331966058,-0.75159031035492,-1.01724777288071,-1.79098770814849
1033,66,2,1,-0.137881010907552,1,2,0,-0.138418331742287,-12.056352663874,-4.77495196745368,-0.00848010429237229,-0.247033738029099,-1.63944232439193,-3.69701667682436
1034,9,2,0,0.0959931088596881,1,2,1,0.0898376107215881,-7.47391772829143,-6.58880113495862,-0.00194530031325369,-0.797075918758417,-0.633660546776391,-3.97872429361573
1035,3,2,2,-0.0959931088596881,1,2,0,-0.0975267663598061,-5.83067021268293,-9.93190224361719,-0.00298910591172852,-0.660418648571872,-1.43196241039082,-1.40843668798694
1036,43,0,1,0.0218166156499291,1,0,2,0.0415402799844742,-0.142332711064635,-4.58982624791627,-2.0995402917364,-1.6842293959739,-1.70195651213475,-0.458729474197526
1037,3,2,2,0.0959931088596881,1,2,2,0.0808087512850761,-5.08437462445911,-6.93874090077234,-0.00718804513903428,-3.14301812116116,-1.02950391005079,-0.511386521669646
1038,12,2,1,-0.148352986419518,1,2,2,-0.139275997877121,-9.79804707345957,-8.96024704589477,-0.000184016468413473,-1.60006074178015,-1.26381492843082,-0.662536908169281
1039,22,2,2,-0.161442955809475,1,2,2,-0.151835024356842,-12.8580907276147,-6.54200689655568,-0.00144520474374051,-1.61933097603931,-3.11035652984457,-0.277885121816499
1040,12,2,1,-0.0610865238198015,1,2,0,-0.0863748863339424,-2.91827931322407,-8.81620328937395,-0.055697610802369,-0.797590761511394,-2.15018518793398,-0.836729897116609
1041,66,2,0,-0.130997530076124,1,2,0,-0.128340467810631,-12.727670270712,-5.31702469731375,-0.00492238532619705,-0.506475872234496,-0.939390917096786,-5.03309057151622
1042,3,2,2,0.0959931088596881,1,2,2,0.0801415219902992,-5.09514826767967,-6.99496285103585,-0.00706780300617217,-3.12150819095259,-0.992290776232624,-0.535830822161095
1043,43,0,1,0.0305432619099008,1,0,0,0.0438412949442863,-0.101416805766298,-8.54329419633615,-2.34081817417576,-0.0801951681081584,-2.62246529916283,-5.41705154755262
1044,2,0,1,0.00872664625997165,1,0,0,0.0292493756860495,-2.14576951407582e-06,-13.7910711217128,-13.7863589934586,-0.646843677850713,-0.875836184042704,-2.81691311237834
1045,9,2,0,0.0959931088596881,1,2,1,0.0813481882214546,-10.5484239108773,-9.9003907099976,-7.64160742358821e-05,-2.05131720046663,-0.53480412724182,-1.25298606376234
1046,12,2,1,-0.148352986419518,1,2,2,-0.144492894411087,-10.4701105042365,-8.59086665671422,-0.000214182424095891,-4.26939612191256,-0.795782209766619,-0.625896774643941
1047,40,0,1,-0.00436332312998582,1,0,2,0.00212950748391449,-0.0289091843780986,-8.46463723882566,-3.56544082117139,-2.32671491301313,-1.03448093523471,-0.603355311282287
1048,3,2,0,-0.0785398163397448,1,2,1,-0.0911469236016273,-5.07449759081155,-7.50011957532016,-0.0068305427992466,-0.822458896636191,-0.650097825310683,-3.25307062223443
1049,9,2,1,0.0959849958057433,1,2,0,0.0912187919020653,-7.59364736487227,-5.19592145351391,-0.0060610499969059,-0.487152221262899,-0.999875630806568,-4.03411783497907
1050,2,2,1,0.148352986419518,1,2,0,0.117697291076183,-17.6903861644852,-12.9823001584503,-2.26497906652799e-06,-0.198476388777235,-3.67467266574806,-1.86650568522854
1051,3,2,1,-0.0436332312998582,1,2,1,-0.0254573244601488,-3.1648924681047,-12.8333368984027,-0.0431385378804063,-2.81074896368942,-0.17317812380901,-2.31412975192432
1052,38,0,0,-0.0218184236009483,1,2,2,0.0201273057609797,-0.97768786183622,-3.77330338967348,-0.509419803700039,-0.912154228104018,-1.91068073687262,-0.797702787983373
1053,33,2,1,-0.0593411945678072,1,2,1,-0.0644962266087532,-3.31530105974673,-6.31462421143922,-0.038878807841559,-1.77951567317018,-0.331431252819333,-2.17696887156905
1054,66,2,0,-0.123918376891597,1,2,2,-0.128368154168129,-10.527726422522,-3.21062502637285,-0.0411951743183078,-1.69058595069733,-4.21475980927713,-0.22212816542743
1055,3,2,2,-0.148352986419518,1,2,0,-0.161240786314011,-9.74925564961158,-10.0502419092915,-0.000101571472904676,-0.300905021617918,-1.48242585460572,-3.41837004326839
1056,27,2,1,-0.109083078249646,1,2,1,-0.0965132042765617,-8.56785578873569,-7.69891828918554,-0.000643639231647522,-1.90944372996529,-0.395614260584994,-1.72276966142454
1057,2,2,1,-0.0785398163397448,1,2,1,-0.0877194926142693,-4.24097254206596,-12.2489485704941,-0.0145030587845299,-1.08813643371248,-0.960269056436942,-1.27165756692901
1058,9,2,0,0.148352986419518,1,1,0,0.165534615516663,-8.85455826251097,-0.125263454654927,-2.14052724464996,-0.0852277336560846,-2.68826351642251,-4.2905056805206
1059,9,2,0,0.0959931088596881,1,2,1,0.0899842903017998,-7.50683298352065,-6.37069688550941,-0.00226288573494746,-0.835515146520401,-0.59468064363459,-4.22603541486411
1060,40,0,0,-0.00436332312998582,1,0,0,-0.000400929478928447,-0.00102393579417123,-6.99996724679563,-9.10131803458377,-0.217541667545418,-1.68297417815625,-4.63713213015689
1061,66,2,0,-0.130899693899575,1,2,0,-0.128310143947601,-12.7200527083018,-5.31210750832232,-0.00494670452053569,-0.495782535011909,-0.956561836946212,-5.00649328112131
1062,3,2,0,-0.0785398163397448,1,2,1,-0.0924510136246681,-5.30668409054116,-6.90477954754497,-0.00597913841807079,-1.06662171043272,-0.497518375600819,-3.04087529466492
1063,40,0,1,-0.00691587322119855,1,0,1,-0.0218844842165709,-0.110785744413216,-9.35970431241607,-2.25585962364521,-2.07451034920006,-0.220442032001478,-2.62806656337624
1064,9,2,1,-0.148352986419518,1,2,0,-0.134385615587234,-8.05166182697241,-7.94693832818547,-0.000672566515228203,-0.396039386140021,-1.33159781248203,-2.76517948622589
1065,9,2,1,-0.0785398163397448,1,2,1,-0.0831731483340263,-0.738263294971501,-16.6218427712292,-0.649978964436169,-2.65337365782009,-0.219830467637145,-2.06410462893654
1066,12,2,0,-0.0785398163397448,1,2,0,-0.0751552805304527,-6.98966731687328,-8.3468975346844,-0.00115908775395954,-0.473975741045499,-1.56962689440035,-1.77575893771443
1067,2,2,1,0.165806278939461,1,2,1,0.143531635403633,-6.48180449701658,-6.65209360386013,-0.00282638961810645,-4.47157190242557,-0.100748983877734,-2.47206034668582
1068,9,0,1,0.00853063760374184,1,0,1,-0.00470587518066168,-0.00871931953525734,-6.90275270957762,-4.86960589445569,-1.24156021453021,-0.407426533142192,-3.08551379502208
1069,12,0,1,0.0261799387799149,1,0,1,0.0122247338294983,-0.0451553367015194,-9.33239631450446,-3.12214715208442,-1.18396861209926,-0.94058054290477,-1.19225123723573
1070,12,2,1,0.148352986419518,1,2,0,0.110649079084396,-7.1809857008635,-1.04009925397583,-0.437235156649872,-0.071877460692946,-3.04812573429279,-3.82093622570144
1071,33,2,0,-0.0593411945678072,1,2,1,-0.0663776397705078,-4.16595166672249,-3.80780884471427,-0.0384411642133999,-2.39201131784562,-0.137104920738105,-3.30563987858754
1072,56,2,2,0.126536370769589,1,2,0,0.12147369235754,-5.59989244686652,-3.25513018689424,-0.0431936771016641,-0.715440160354136,-0.888509421883238,-2.30503940297134
1073,12,2,1,-0.0785398163397448,1,2,0,-0.0799723416566849,-9.33750828969879,-7.64906844732325,-0.000564674989585384,-0.732072775064092,-2.53528973759891,-0.821321310270848
1074,43,0,2,0.0305432619099008,1,0,1,0.0474323257803917,-0.159838674696179,-7.59636356688926,-1.91585119681626,-0.797170691305202,-0.618060213165841,-4.56508783074966
1075,3,2,1,0.123800771697859,1,2,0,0.103459842503071,-7.90864033319354,-1.74555900315014,-0.192268742195756,-0.816254056252256,-1.03775118358558,-1.59127870303679
1076,9,2,2,-0.0610865238198015,1,2,0,-0.0543471947312355,-7.13647165862721,-5.76868433720301,-0.00392712369243211,-0.147854881532199,-3.10235368560287,-2.38054066112963
1077,60,2,1,0.166843601441991,1,2,2,0.140246585011482,-6.53662264507799,-2.86043246136449,-0.0604863783989399,-3.81964469495453,-1.28717056624963,-0.353802485125053
1078,38,0,2,-0.0218166156499291,1,2,1,-0.00354630756191909,-0.719286439429075,-4.9351441879487,-0.681790117183724,-1.40128067457134,-0.491509222871401,-1.95181454751287
1079,2,0,1,-0.0261799387799149,1,0,2,-0.0454943142831326,-0.195723106796975,-9.01704552067755,-1.72800284194619,-1.10532290233792,-1.62438600281889,-0.751065512706948
1080,9,0,0,0.0261718257259701,1,0,1,0.00455989968031645,-0.00683444366293683,-10.1045555952249,-4.99520345187594,-1.40877770067113,-0.962135983832669,-0.984885099064299
1081,3,2,0,0.148352986419518,1,2,1,0.144418358802795,-5.98518680566041,-2.83534400102722,-0.0631678229934905,-1.23616324369329,-0.45303745229333,-2.60627473340088
1082,22,2,0,-0.161442955809475,1,2,1,-0.161330044269562,-12.6711845795181,-4.23717877596218,-0.0145568833332059,-2.61733035033512,-0.426650082288596,-1.29349406137168
1083,2,0,1,0.00872664625997165,1,0,0,-0.019806357100606,-2.86102704195271e-06,-18.5583715815025,-12.7684240349428,-0.0752037388599949,-2.62886602202455,-8.16196046115463
1084,9,2,0,0.148352986419518,1,2,0,0.142267689108849,-6.68490562547569,-5.47637476963211,-0.00544897419622095,-0.115630058471447,-3.37511052903534,-2.59052127246074
1085,3,2,0,-0.0785398163397448,1,2,1,-0.0851915553212166,-5.2253851307364,-5.25796072434217,-0.0106405261250124,-2.88743555955496,-0.0765844822139325,-4.0170194832769
1086,9,2,1,0.113446401379631,1,2,1,0.10954674333334,-5.30761982508184,-3.53254107726158,-0.0347822259668297,-4.79672172789234,-0.0115965456275267,-5.72211436884559
1087,2,2,0,-0.0959931088596881,1,2,1,-0.109493143856525,-4.58289663812636,-3.7376291549988,-0.0346283840421582,-1.41012985233274,-0.623215063209421,-1.51562540971875
1088,54,2,0,0.115191730631626,1,2,2,0.11067671328783,-6.54585749603741,-6.93424613398577,-0.00241284356481651,-1.34145536773385,-1.02320859777017,-0.969967533676996
1089,3,0,1,0.00872664625997165,1,0,1,-0.00647204089909792,-0.00136092481806467,-8.75804617905204,-6.7230969441795,-1.209884007996,-0.49378304846575,-2.39190907122661
1090,33,1,1,-0.0654498469497874,0,1,1,0.0503552444279194,-6.0610296828547,-0.0744163499397145,-2.66811486100701,-6.81134473876689,-0.00186211282918967,-7.18327288796265
1091,3,2,1,-0.0436332312998582,1,2,1,-0.040341179817915,-1.6645500621036,-5.45287127298838,-0.215125489327998,-2.49755791386966,-0.294939099758952,-1.75366997197542
1092,9,2,2,-0.0610865238198015,1,2,0,-0.0470717959105968,-5.66626638937939,-10.5588784099225,-0.00349278558545984,-0.887212208392586,-0.930810330815578,-1.64008414052701
1093,2,2,1,0.113446401379631,1,2,1,0.1250189691782,-7.46679367883294,-20.1866261825639,-0.000571950890061594,-4.47482993323507,-0.574988150026393,-0.853559280232374
1094,60,2,2,0.166992749320842,1,2,2,0.155225977301598,-6.73839399614093,-6.50896904438772,-0.00267816269867897,-2.50941960553136,-2.63929649204715,-0.165732261147497
1095,9,2,0,0.148352986419518,1,2,0,0.142168074846268,-6.85825405028314,-6.03110082822466,-0.00345953000200281,-0.0710542883923235,-3.80365019249287,-3.07262616039175
1096,3,0,0,0.0261799387799149,1,0,1,0.0417739152908325,-0.21984279476862,-5.40289199093357,-1.64583482291381,-1.4072617404205,-0.371982709621163,-2.72081510594652
1097,2,0,0,-0.00872664625997165,1,0,2,-0.040043018758297,-0.0136928354058893,-12.1315832253789,-4.29812048152564,-2.21238789004383,-1.21128971209315,-0.522985850674151
1098,33,2,1,-0.0592757507810284,1,2,2,-0.062059760093689,-5.64538086928545,-5.21681736408464,-0.00899876702243186,-6.62658080380018,-2.30754222020749,-0.10628338285133
1099,12,0,1,0.0261799387799149,1,0,1,0.0116345183923841,-0.0294531031627048,-9.50821961305504,-3.54220733059688,-0.998295415763113,-0.951783480122635,-1.40469860690434
1100,9,2,1,0.0785398163397448,1,2,0,0.0628094077110291,-0.857300795014374,-17.4601950331282,-0.552178863247768,-0.174283669170644,-2.32610983502469,-2.77633131892783
1101,38,0,1,-0.0218166156499291,1,0,1,-0.0205505732446909,-0.108621193172583,-2.32783661058401,-5.21702538342407,-0.811723451333581,-0.606546842192628,-4.53960986752102
1102,9,2,1,-0.113446401379631,1,2,2,-0.119873784482479,-5.13217846792442,-5.21095006944206,-0.0114251880621744,-3.10544731248507,-0.99127710280447,-0.537694901542717
1103,3,0,1,0.00872664625997165,1,0,1,-0.0160689782351255,-0.00120784241404493,-9.09996741207996,-6.8166617611244,-2.17377930953653,-0.394805683876133,-1.54908544739545
1104,27,2,1,-0.111701072127637,1,2,1,-0.111260622739792,-6.46240416876237,-6.25279127829988,-0.00349218745368854,-2.63486372450303,-0.0952471439188136,-3.95686469259146
1105,9,0,2,-0.0261799387799149,1,2,1,-0.0254781972616911,-0.747557140906839,-4.72879670783053,-0.658473311924007,-2.81190052974436,-0.493131071594765,-1.11109569591984
1106,2,2,2,-0.0436332312998582,1,2,1,-0.0561590492725372,-3.38521339199029,-2.94256094738685,-0.0905823632288224,-1.76355092780223,-0.334810672037129,-2.1795579997949
1107,60,2,1,0.161442955809475,1,1,1,0.140365287661552,-6.54570915585435,-0.560204005425608,-0.849868313354917,-6.40053229844129,-0.00599538827832085,-5.44526121647827
1108,12,0,1,0.00872664625997165,1,0,0,-0.00140393967740238,-0.0122936138914701,-9.42671281699938,-4.4114230185083,-0.901154291077122,-1.4229512488541,-1.04157730876398
1109,9,2,0,0.148352986419518,1,2,0,0.129241406917572,-6.64955902624615,-3.01921513911769,-0.0514345485490482,-0.0509618972872997,-3.06466622971386,-5.80392738552942
1110,33,2,1,-0.0654498469497874,1,2,1,-0.0578384473919868,-5.79734692624586,-3.45660102204889,-0.0351841902888968,-2.94725695945686,-0.0613411996673589,-4.95980631847321
1111,9,2,1,-0.148352986419518,1,2,0,-0.140881165862083,-8.28739443764534,-8.98815824366522,-0.000376653070553728,-0.322958073019956,-1.78953496672897,-2.21679246439144
1112,2,2,2,0.165806278939461,1,2,1,0.12226789444685,-5.01677405030052,-11.7364781477342,-0.00665603972600749,-6.47212069075949,-0.562095089127891,-0.847603450418307
1113,41,0,2,0.010471975511966,1,0,1,0.0438846126198769,-0.329893697764422,-3.6924048533758,-1.3622350026559,-1.24781626619267,-0.83619726067165,-1.27470455148212
1114,12,2,1,0.0610865238198015,1,2,1,0.0419078432023525,-2.84938802375566,-6.43177469288811,-0.0613323271602165,-2.17442405095564,-0.748236090218607,-0.884003028294329
1115,2,2,1,-0.148352986419518,1,2,1,-0.141111120581627,-11.9134472728252,-3.60091680870109,-0.0276850842949382,-3.40282004065691,-0.0597006813233105,-3.7019941154795
1116,43,0,0,0.0305432619099008,1,0,0,0.0237690526992083,-0.0839684799987376,-4.62425829157821,-2.64890136376736,-0.0221457394652861,-4.05815597126595,-5.37702554073658
1117,9,2,1,-0.130899693899575,1,2,2,-0.138761311769485,-10.1731606728327,-7.90172073951298,-0.000408315561520861,-5.40308536574761,-4.83770956833582,-0.0125056778960054
1118,3,1,2,-0.113446401379631,0,0,2,0.0465966276824474,-0.0445027881578467,-13.7336908545028,-3.13439798723545,-3.80456441457806,-0.867524299149881,-0.583860392804291
1119,2,0,1,0.0261799387799149,1,0,1,0.027882507070899,-1.43051249779189e-06,-22.3285842155998,-13.4645256568808,-1.25648770664343,-0.345214200101356,-4.92272695434147
1120,41,0,2,0.010471975511966,1,0,1,0.0438846126198769,-0.329893697764422,-3.6924048533758,-1.3622350026559,-1.24781626619267,-0.83619726067165,-1.27470455148212
1121,2,0,2,-0.0261799387799149,1,0,2,-0.0471268855035305,-0.515825281484597,-7.47261620833591,-0.91024929703592,-1.320849388615,-1.02630805038221,-0.98145879670875
1122,38,0,0,-0.0244346095279206,1,2,2,-0.0256163123995066,-0.956851360658457,-2.96441595511364,-0.572153197829763,-1.61498658567982,-3.14140369580752,-0.277224119146926
1123,2,0,2,-0.0261799387799149,1,0,2,-0.0452792905271053,-0.290225017174215,-7.84309476699153,-1.38026354611772,-1.09979849851917,-1.42893846221279,-0.849803896248835
1124,2,0,1,0.0261799387799149,1,0,0,0.00444213021546602,-3.57627932601205e-07,-21.1721557242705,-14.9703096424899,-0.415571488347823,-1.08558911661715,-6.06006078950222
1125,3,2,1,-0.136730798024333,1,2,1,-0.125115543603897,-2.57321130814847,-17.4387819030533,-0.0793573153467308,-2.40581548307783,-0.143198361594247,-3.1413133732802
1126,9,2,2,-0.148352986419518,1,2,1,-0.153361827135086,-9.42757887914564,-5.43998812801528,-0.00442977943471551,-2.57401997591467,-0.641805494332206,-0.92273585435671
1127,56,2,1,0.135263017029561,1,2,0,0.109972052276134,-7.53984026708553,-1.39335297997437,-0.286047460341454,-0.0771866463216815,-3.72018728292733,-2.99466240625065
1128,9,2,1,-0.0785398163397448,1,2,1,-0.0914820656180382,-0.893673139928402,-11.7171308808988,-0.526207130668925,-2.16755258938656,-0.291071605855598,-1.97991913154169
1129,3,0,2,-0.0261799387799149,1,0,1,-0.0497030280530453,-0.109849693820504,-9.62738581100643,-2.26369768494968,-2.90092920587124,-0.693879333952037,-0.808796509588611
1130,54,2,0,0.117809724509617,1,2,0,0.110820442438126,-7.03713465522293,-9.16529226940258,-0.000983721915998469,-0.0709563825157554,-5.15034539248459,-2.76939330203134
1131,12,2,0,-0.0436332312998582,1,2,1,-0.0606611333787441,-2.81436586284576,-5.08073237801641,-0.0684480801903487,-1.10768103502411,-0.458820570487688,-3.27949425247738
1132,9,2,1,0.0436332312998582,1,0,1,0.0227277092635632,-0.293738245143885,-10.3056477017296,-1.36847434388065,-2.25851363630839,-0.761664707304688,-0.847217884086212
1133,12,2,0,0.165806278939461,1,2,1,0.143297016620636,-7.05301080214371,-3.68651236231014,-0.0262659773200224,-0.912640493238972,-0.599853322369238,-3.00285528829549
1134,3,2,1,-0.130899693899575,1,2,1,-0.117896847426891,-6.67165207935991,-5.7314737221823,-0.00451874912149673,-2.29614997437269,-0.135723156537291,-3.63932256016647
1135,12,2,0,-0.0436332312998582,1,2,1,-0.0544654838740826,-2.55676617759337,-4.36085814297981,-0.0946651973728483,-2.50556429145253,-0.128364880015775,-3.24835471444404
1136,43,0,2,0.0305432619099008,1,0,0,0.0393946804106236,-0.0744587290516986,-4.62193736266585,-2.78190389377394,-0.571921168571279,-1.25606188840234,-1.89188864245539
1137,38,0,1,-0.0305432619099008,1,2,1,0.00942657794803381,-1.6822074436991,-3.79390073781115,-0.233788234163511,-1.49774493790158,-0.576643946722773,-1.53904709751267
1138,9,2,1,0.0785398163397448,1,2,1,0.0849866718053818,-7.32088253511493,-2.47546241723714,-0.0885970333086145,-1.64932598512981,-0.23359743422856,-4.12644971368878
1139,54,2,1,0.115191730631626,1,2,1,0.102127075195312,-8.19601683442301,-6.85483849359151,-0.00133090330254349,-0.76665268542513,-0.681666015060364,-3.51792776120755
1140,9,2,2,0.0610865238198015,1,2,1,0.0560667440295219,-2.66446790201255,-10.1706935507836,-0.0722208734821087,-2.91498514042596,-0.400454500755237,-1.28815283292768
1141,38,0,0,-0.0218166156499291,1,0,0,-0.01134720351547,-0.253723635721111,-8.5361085446962,-1.49656658021452,-0.393214069921736,-1.48740387517605,-2.31104791516457
1142,3,2,1,0.165806278939461,1,2,1,0.152750462293625,-6.85492318559947,-3.09377916455911,-0.0474948051412418,-4.86611105172531,-0.0101140269498466,-6.04919082396116
1143,2,2,2,0.0785398163397448,1,2,1,0.103415437042713,-8.36933538711203,-26.4813110448596,-0.000231948570811105,-9.14314790289429,-0.303317488465194,-1.34121215944378
1144,22,2,1,-0.161442955809475,1,2,1,-0.160502940416336,-12.8198997113861,-4.37747871205932,-0.0126391914527188,-2.66864751777109,-0.464957995947778,-1.19569840326089
1145,60,1,1,0.161442955809475,0,1,1,0.232063204050064,-12.5104428080806,-0.000534140640258962,-7.54199563066341,-10.4849485003854,-5.09036622076135e-05,-10.684289384724
1146,2,2,1,0.0610865238198015,1,2,1,0.0979951545596123,-6.06147717353649,-21.9991922731859,-0.00233367975684306,-3.52269916202734,-0.596110152987103,-0.868620729025827
1147,85,2,1,0.0366519142918809,1,0,1,0.0425691828131676,-0.671742957745302,-2.88110952404874,-0.836763544666918,-4.24292047544182,-0.0348663461006754,-3.91703462517725
1148,22,2,2,-0.161442955809475,1,2,0,-0.146211326122284,-13.202162439024,-9.07025205489178,-0.00011695115156865,-0.708554029066589,-3.53645114498993,-0.737040817425227
1149,3,2,2,-0.0959931088596881,1,2,0,-0.0938961282372475,-5.47625826294316,-10.2436628633633,-0.00422953679024728,-0.911254756386559,-1.32273862965956,-1.10389889485708
1150,12,0,1,-0.0261799387799149,1,2,1,-0.0338621102273464,-1.52084322861572,-7.91958570413422,-0.247040682008015,-1.87999410703498,-0.385285279103156,-1.78884901178942
1151,12,2,0,-0.0436332312998582,1,2,1,-0.0555640384554863,-3.01077354184155,-4.35471471444214,-0.064111556940871,-0.99155339888382,-0.52559456772441,-3.27554278596075
1152,2,2,1,0.0610865238198015,1,2,2,0.0969485715031624,-5.41920870819485,-20.3692265527469,-0.0044404362208253,-2.30581295617391,-0.829899886440204,-0.767376505963492
1153,2,0,1,-0.0261799387799149,1,0,2,-0.0526060722768307,-0.054017810240502,-8.77251607273353,-2.94828123206384,-2.19679483824208,-1.26246375049257,-0.501064933923648
1154,56,2,1,0.135263017029561,1,2,2,0.123413853347301,-6.7279862310941,-6.42653929033578,-0.00281891797739119,-2.37933898772263,-1.1946802978051,-0.50320897799338
1155,2,2,1,-0.106347479177916,1,2,1,-0.104118049144745,-6.86492448859841,-3.85035259564268,-0.0225687480672015,-3.16494858902165,-0.106569392468215,-2.83240614620066
1156,3,2,1,0.165806278939461,1,1,1,0.139663904905319,-7.27712947579626,-0.220559960670375,-1.62333797148535,-7.837315688072,-0.000880330748250489,-7.630856594615
1157,3,2,2,0.0959931088596881,1,2,2,0.0821927785873413,-5.07739415228975,-6.83841285693029,-0.00733478053784958,-3.14450909400366,-1.03765822664674,-0.50645421120011
1158,9,2,1,-0.0959931088596881,1,2,1,-0.10959780216217,-6.36117987903269,-8.59046079394547,-0.00191502237340898,-0.963822774383064,-0.625946931121014,-2.47916470203094
1159,56,2,2,0.132645023151569,1,2,0,0.116953954100609,-7.0723722813091,-8.81667652622958,-0.000996907594001599,-0.772541922531943,-2.29411923182247,-0.827108023186086
1160,56,2,2,0.135261209078541,1,2,2,0.130077496170998,-6.1696084209515,-10.7760047302009,-0.00211516042812416,-4.06084660052187,-3.46337310725907,-0.04977692295242
1161,12,2,0,0.0610865238198015,1,2,2,0.0491178557276726,-2.9576349874002,-9.68424798518425,-0.0534049118393332,-2.44781704532739,-1.18627630018183,-0.497314596412654
1162,22,2,1,-0.162118889103849,1,2,1,-0.162491410970688,-12.5379331600872,-4.16638407794954,-0.0156334382475776,-2.91510321894089,-0.460997655114608,-1.15471481340659
1163,27,2,0,-0.111701072127637,1,2,1,-0.0942180529236794,-5.57243220569473,-7.20044251279197,-0.00455778811792644,-2.43869824430466,-0.122083124220455,-3.5881029230741
1164,22,2,1,-0.161442955809475,1,2,1,-0.161010310053825,-12.7307325420538,-4.28360999560816,-0.0138917789510571,-2.63973677021113,-0.43872920429064,-1.25961025510936
1165,2,0,1,0.0261799387799149,1,0,0,-0.00818595569580793,-5.96046625389661e-07,-19.9583002721,-14.3310981553109,-0.260852320281882,-1.47652505709981,-6.74630595063126
1166,2,0,2,-0.0261799387799149,1,2,1,-0.0490182191133499,-0.764763045105707,-7.0394279858013,-0.627960393408785,-1.44772162819202,-0.899476468476508,-1.02690913885711
1167,2,2,0,-0.0825878211966653,1,2,1,-0.0956939086318016,-5.47647147938069,-5.84111697020977,-0.00711492563399554,-2.70254589809742,-0.0966383973293228,-3.68564026124033
1168,54,2,0,0.117809724509617,1,2,0,0.0894442573189735,-7.96594527793015,-0.765535671545456,-0.626296089904962,-0.0298825311030201,-3.87022120328589,-4.75752884512723
1169,2,2,1,0.0610865238198015,1,2,2,0.0948481336236,-5.11266713482491,-19.9538188477678,-0.00603814286201,-1.81638091565988,-0.952326481823359,-0.795081497164165
1170,12,2,0,0.165806278939461,1,2,1,0.143110245466232,-7.02889275562395,-4.33385203814822,-0.0141017641277457,-3.32181477482956,-0.216887818362933,-1.83952751606678
1171,12,2,0,-0.0436332312998582,1,2,1,-0.0614306293427944,-2.7884088949764,-5.16652006160521,-0.0695895812826973,-1.22087493493912,-0.397029182633796,-3.4199626924559
1172,3,0,1,0.0261799387799149,1,0,1,0.0202727075666189,-0.0289817675108964,-15.0210911084068,-3.55555473773685,-6.6411438102308,-0.115181922028178,-2.23035334054594
1173,54,2,0,0.115191730631626,1,2,2,0.113043487071991,-6.16404160936509,-6.86076799689272,-0.00315681150146189,-2.34063480776849,-1.02859194390422,-0.604727116584631
1174,3,2,1,0.113446401379631,1,2,1,0.0949398055672646,-6.12754525849221,-4.69269836581403,-0.0114086688635191,-2.76980572360429,-0.653385623593178,-0.874562370846251
1175,3,2,1,-0.0436332312998582,1,2,1,-0.0335082970559597,-2.71830217992935,-8.49428593338699,-0.0684836964788429,-2.86158753610345,-0.127642660251756,-2.77012389171959
1176,60,2,1,0.167551608191456,1,2,2,0.152258172631264,-9.24458825664949,-8.7154133833269,-0.000260685087007719,-5.16931742308808,-3.35288927553431,-0.0415217469833635
1177,12,2,2,0.132929116393485,1,2,2,0.127204120159149,-7.36305846019508,-6.87919708988723,-0.00166459267378914,-2.7934231755544,-1.29670203905273,-0.407432087272884
1178,9,2,1,0.126851689042654,1,2,1,0.117282763123512,-5.4570843615391,-3.013751711057,-0.0548502427012713,-4.6734218688026,-0.0126634575848235,-5.73113548043948
1179,33,2,1,-0.0593411945678072,1,2,1,-0.0873608365654945,-3.45704869894825,-5.41604380174546,-0.0366301156568685,-2.63088609183206,-0.187653481948591,-2.31179161701636
1180,2,2,2,-0.130899693899575,1,2,2,-0.126531600952148,-10.9258902896185,-3.81426416711035,-0.0223191879202348,-2.84298479405023,-3.19464177306802,-0.104508360233932
1181,22,2,1,-0.166678943565458,1,2,2,-0.166244372725487,-11.158182249498,-2.39486989645436,-0.0956288472020339,-3.08662939901914,-1.122322833858,-0.463907669175914
1182,12,2,0,-0.0436332312998582,1,2,1,-0.055968664586544,-1.67368163272022,-7.70812504179087,-0.208260472965549,-1.27703909990443,-0.935014175246526,-1.11304208419731
1183,54,2,1,0.116274604409581,1,2,0,0.119487039744854,-8.68990867267316,-12.4012934841899,-0.000172391491249715,-0.474310624354437,-2.85533566022999,-1.13896689085247
1184,9,2,2,-0.148352986419518,1,2,0,-0.139626681804657,-6.16614276597325,-7.50788724008336,-0.00265150809152716,-0.313493157662675,-1.58346978341072,-2.75123490853828
1185,40,0,1,-0.00436332312998582,1,0,2,0.00365454447455704,-0.00693701183132281,-8.94913667756885,-4.99330995595737,-1.91087812323612,-1.3201372676958,-0.536227326004899
1186,12,2,2,-0.130899693899575,1,2,2,-0.127329409122467,-10.8799614578951,-4.28163812421283,-0.0139355373370807,-2.78624608796929,-2.75125906380553,-0.134102602290451
1187,33,2,0,-0.0593411945678072,1,2,1,-0.0918034538626671,-3.85469458958503,-5.11927624926849,-0.0275360676452381,-2.75712409196242,-0.193171651539503,-2.18760158915828
1188,12,2,1,-0.165806278939461,1,2,0,-0.151306495070457,-13.1084851747079,-7.16518263113861,-0.000775399345045669,-0.640069509385793,-0.782259431546066,-4.1751580677451
1189,41,0,2,0.010471975511966,1,0,1,0.0438846126198769,-0.329893697764422,-3.6924048533758,-1.3622350026559,-1.24781626619267,-0.83619726067165,-1.27470455148212
1190,41,0,1,0.010471975511966,1,0,1,0.0438846126198769,-0.329893697764422,-3.6924048533758,-1.3622350026559,-1.24781626619267,-0.83619726067165,-1.27470455148212
1191,40,0,0,-0.00436332312998582,1,0,0,-0.00928944256156683,-0.00133209698376805,-7.67791110776179,-7.0490982721116,-0.539675849730644,-0.984941276916371,-3.13265958471403
1192,2,2,0,-0.0785398163397448,1,2,1,-0.0752392485737801,-3.99880899930773,-5.79438968232349,-0.0216140021436599,-2.19243597232454,-0.269984514243907,-2.07972768490983
1193,3,2,1,-0.148352986419518,1,2,1,-0.15282054245472,-10.1477075816889,-7.03855853030041,-0.000917020562216666,-3.40075296389079,-0.0494131999317238,-4.2088103696089
1194,3,2,2,-0.148352986419518,1,2,0,-0.144190073013306,-7.56829411970741,-10.651918960871,-0.000540342854509106,-0.193318587838399,-2.54915329381759,-2.32654166917291
1195,12,0,1,-0.0261799387799149,1,2,1,-0.0284435767680407,-0.842678922221831,-7.73756056416638,-0.563860274192768,-2.14145677498843,-0.496963201825257,-1.29411243930027
1196,66,2,0,-0.130899693899575,1,2,0,-0.128356993198395,-12.395899202966,-4.86007633176727,-0.00778424663027545,-0.161853023776824,-2.08720236111582,-3.67299937047679
1197,54,1,1,0.109083078249646,0,1,1,0.181464537978172,-7.07787100103206,-0.177156135259633,-1.82320386868455,-10.3050832966845,-3.71939900277153e-05,-12.499062549118
1198,12,1,2,0.0959931088596881,0,2,0,0.163879975676537,-7.77554499447367,-4.75358857433168,-0.00908170825699082,-0.613859260770533,-1.19009676416591,-1.86723606110868
1199,2,2,1,0.148352986419518,1,2,2,0.111025504767895,-12.5378573070374,-2.82570885379178,-0.06109932527845,-8.53904693140283,-9.44993754248129,-0.000274397823540715
1200,9,2,2,0.0610865238198015,1,2,1,0.0470859743654728,-4.60783837180205,-9.80666418515268,-0.0100791054425537,-1.41051431033154,-0.731615413149583,-1.29152595003421
1201,2,2,1,-0.0959931088596881,1,2,1,-0.0939146801829338,-4.90262531099188,-7.37564585169315,-0.00808596585537121,-2.40699946178087,-0.480119992367521,-1.2337253742107
1202,85,2,1,0.0366519142918809,1,0,1,0.0426512397825718,-0.678440642477107,-2.93923199313321,-0.821694306841761,-4.23304262861591,-0.0349167721996795,-3.92176568129087
1203,3,2,1,-0.0436332312998582,1,2,1,-0.0366100296378136,-3.79906454187072,-10.0439614203946,-0.0226906857844932,-1.78372151065178,-0.217668961579694,-3.59005924717333
1204,22,2,2,-0.161442955809475,1,2,1,-0.159741580486298,-12.9031567900452,-4.59639451121769,-0.0101418446093054,-2.55836333696655,-0.582544218809715,-1.01034593393529
1205,3,2,1,-0.0785398163397448,1,2,0,-0.0947775766253471,-4.39381431902457,-9.8603493647369,-0.0124833468983527,-0.712394582631464,-1.71168236568106,-1.11178903441035
1206,41,0,1,0.0130899693899575,1,0,1,0.0437981635332108,-0.332527393422149,-3.67019337568266,-1.35704835741665,-1.25253149084808,-0.836441015152121,-1.26950788170235
1207,60,2,2,0.167551608191456,1,2,2,0.152882993221283,-9.59292705830529,-11.596264958819,-7.73698218859374e-05,-5.95902278536804,-3.22428373265901,-0.0432903959009177
1208,38,0,0,-0.0244346095279206,1,2,2,-0.0260853003710508,-0.838271414683608,-2.85348562123317,-0.673541520431485,-1.59775255114261,-3.02885007752779,-0.288645190850997
1209,2,2,2,0.0959931088596881,1,2,1,0.117718182504177,-7.44091650919028,-21.6022181035888,-0.000586920327212527,-5.48560926626694,-0.626874610609012,-0.773067204565214
1210,3,2,1,-0.148352986419518,1,2,1,-0.152985394001007,-11.571067337283,-9.8993992909646,-5.96064212028193e-05,-2.94271610179901,-0.0665290390107505,-4.45313997518248
1211,33,2,1,-0.0567232006898157,1,2,2,-0.0731747597455978,-5.74084234303563,-4.94336942464462,-0.0103965145200289,-7.03412460164112,-0.894276725114386,-0.527267648457806
1212,54,2,1,0.112573736753634,1,2,1,0.102950677275658,-7.76685920198273,-5.5534397257118,-0.0043069352467883,-0.801492072635123,-0.639708728685003,-3.73408943333472
1213,2,0,1,-0.0261799387799149,1,0,2,-0.0453587733209133,-0.185269556707548,-8.67919275629576,-1.77815454491304,-1.47029538414479,-1.27447597980888,-0.712197547663804
1214,2,2,1,0.0959931088596881,1,2,1,0.116972900927067,-7.50112199520696,-21.9132684984444,-0.000552628123219695,-5.18089496427652,-0.586719560300805,-0.825015114621072
1215,27,2,1,-0.109083078249646,1,2,1,-0.101161696016788,-9.85213898038472,-6.60573380201948,-0.00140616769112614,-1.21108628923522,-0.445588039260626,-2.78581463091366
1216,9,2,1,-0.0959931088596881,1,2,1,-0.0991663411259651,-5.79764410657898,-5.96017072193513,-0.00562998012939436,-2.59314868753595,-0.104661028317437,-3.70557744026037
1217,9,2,2,-0.157406813737315,1,2,2,-0.155783757567406,-11.8907512784982,-5.42413561517022,-0.00442546885686279,-1.0947307774289,-2.1837691391593,-0.592842142160947
1218,60,1,1,0.161442955809475,0,1,1,0.235997304320335,-12.3233591205926,-0.0011011462001436,-6.81600336502337,-6.50580337664348,-0.00387548381361697,-6.04345199885722
1219,2,2,1,-0.152400991276438,1,2,1,-0.149733632802963,-12.2015741660552,-3.42267410132117,-0.0331743188754255,-3.49703192363374,-0.0547680763633759,-3.77190398290884
1220,3,2,1,0.0785398163397448,1,2,2,0.0681746676564217,-5.83876514452077,-4.11068441758016,-0.019497898492681,-1.24097915504189,-2.86637040698688,-0.424657338905675
1221,2,2,1,0.0610865238198015,1,2,1,0.0981695130467415,-6.37680596535898,-22.8022295700648,-0.0017020277478966,-4.71089413001019,-0.566413399049617,-0.859329564288478
1222,3,2,1,-0.0395852264429378,1,2,1,-0.029182368889451,-1.97844241314619,-7.52563068974037,-0.149455812072043,-2.11426820293251,-0.247991699418982,-2.31352515835115
1223,54,2,1,0.117809724509617,1,2,2,0.110561035573483,-6.08697618668892,-6.09201873608984,-0.00454347763401479,-3.32332058854984,-1.49854710835081,-0.300412858557818
1224,2,2,1,0.148352986419518,1,2,1,0.166414082050323,-10.077374528933,-19.3602676793908,-4.20817646364631e-05,-4.17930475102247,-0.386284743511699,-1.18707028670351
1225,9,2,1,-0.0436332312998582,1,2,2,-0.0104053420946002,-1.77782332497036,-11.8726339990182,-0.185140725817567,-2.2008757458507,-1.10220894526112,-0.584907819535547
1226,2,2,0,0.0436332312998582,1,2,1,0.0751722082495689,-0.770618138287279,-17.9354007369664,-0.621248952844274,-0.811673188377446,-0.754296498132052,-2.45872235343662
1227,27,2,0,-0.109083078249646,1,2,0,-0.105660133063793,-10.2813064521487,-3.21253672503195,-0.0411226308974985,-0.428641314416199,-1.49696950954881,-2.08104947691502
1228,27,2,0,-0.109083078249646,1,2,0,-0.11040722578764,-10.7679007901422,-3.32519662415188,-0.036650024616043,-0.271384899881517,-1.65272542966426,-3.07586326581223
1229,9,0,1,0.0261799387799149,1,0,2,0.0115946335718036,-0.0271367977928749,-11.4118242102427,-3.62081478937587,-1.48415187576047,-1.09146483133533,-0.826493236944937
1230,22,2,0,-0.161442955809475,1,2,1,-0.161814227700233,-12.5795099877889,-4.19378590634732,-0.0152075428317549,-2.75216034382418,-0.454463385667526,-1.19924518945039
1231,9,2,1,-0.0959931088596881,1,2,0,-0.133639976382256,-5.57323142824322,-11.4273488619075,-0.00381636750429557,-0.606348773774427,-1.88777344602446,-1.19318775654486
1232,56,2,1,0.135263017029561,1,2,0,0.118180640041828,-5.79246997369275,-3.23593455215015,-0.0432978026810656,-0.627371868225704,-0.910945675636197,-2.75101625406747
1233,3,2,1,0.0785398163397448,1,2,2,0.062082264572382,-5.021157405077,-3.12395112298406,-0.0519039076264533,-1.98738703800565,-1.04825381137883,-0.668654301273007
1234,3,0,2,-0.0261799387799149,1,2,1,-0.0337682031095028,-1.51960186970274,-7.90642623143343,-0.247394430877714,-1.8902334473823,-0.380098806215676,-1.80078265478269
1235,27,1,1,-0.117809724509617,0,1,1,-0.037112157791853,-9.19225357802245,-0.0245766376176924,-3.72242354766636,-6.6904847463009,-0.00158387619800814,-7.98675944519821
1236,9,2,2,0.0436332312998582,1,2,2,0.0484726093709469,-2.00378345000778,-8.57480274319838,-0.145040851794549,-1.83662366854504,-1.10873194531991,-0.672034945791504
1237,43,0,2,0.0305432619099008,1,0,0,0.0414761416614056,-0.172212003333499,-2.87460930569303,-2.28512705053407,-0.909929717918006,-1.54059468960466,-0.959214358498354
1238,3,0,1,-0.00872664625997165,1,0,1,-0.0239411648362875,-0.00959592901076643,-9.58538249858984,-4.65843731423513,-1.34851187808867,-0.978665166182275,-1.00906059475804
1239,43,0,0,0.0305432619099008,1,0,0,0.0523901097476482,-0.485866990811521,-4.46527065834726,-0.985279687556485,-0.171620663841752,-4.38566329629632,-1.92932129895137
1240,9,2,1,-0.0959931088596881,1,2,1,-0.110727347433567,-5.03151423479431,-6.2874350843334,-0.00842384081143807,-3.09549287293545,-0.111492222612951,-2.80927028049044
1241,41,0,1,0.00436332312998582,1,0,1,0.0484297536313534,-0.102842570814986,-4.71433518165608,-2.42176122464158,-1.30138477489215,-0.691535221149396,-1.48263474163728
1242,66,2,0,-0.13491220584991,1,2,0,-0.13015353679657,-12.7739435201608,-5.41975180206441,-0.00444091518017117,-0.47955590510174,-0.983759733372187,-4.95627152761668
1243,56,2,0,0.135263017029561,1,2,1,0.115267239511013,-7.25117719023538,-2.19243697334842,-0.119181973601919,-0.756766210313709,-0.688552103215287,-3.5572910513605
1244,60,2,1,0.170169602069447,1,2,1,0.141081392765045,-7.78849793816652,-1.55615362695504,-0.237445836829974,-0.873125612690447,-0.579987314113523,-3.79644682457926
1245,12,2,2,0.0785398163397448,1,2,2,0.0665146037936211,-4.35064648576723,-5.60896055947989,-0.0167021226699836,-2.60263586762365,-0.945564511054645,-0.620897780951454
1246,56,2,2,0.135263017029561,1,2,0,0.138855785131454,-8.68327572535608,-14.106609789934,-0.000170245356396854,-0.788508538221839,-2.2610764265187,-0.818167250812734
1247,2,2,1,0.0785398163397448,1,2,2,0.0989832654595375,-6.37102516762919,-21.9265986272923,-0.00171193902287951,-9.41041793854594,-0.910395644457108,-0.514912071992952
1248,27,2,1,-0.111994611661121,1,2,1,-0.118175022304058,-5.18803536885343,-4.4461320430601,-0.0174583180876968,-0.939365755924226,-0.535494141468996,-3.74040940380482
1249,9,2,1,-0.0610865238198015,1,2,0,-0.0597566030919552,-4.91497513067242,-7.26837010352625,-0.00806565612842938,-0.660023350639605,-0.769860239903376,-3.90788340388591
1250,12,2,0,0.165806278939461,1,1,0,0.132095694541931,-8.4443210288683,-0.544790099372898,-0.86792579816535,-0.733614736792544,-0.775707471661607,-2.82258781493945
1251,9,2,0,0.148352986419518,1,1,0,0.154681131243706,-7.99934763547236,-0.274211876023655,-1.42922960717163,-0.0761546603967952,-2.88797491980788,-4.03768632289062
1252,54,2,0,0.117809724509617,1,2,0,0.0922300815582275,-7.88180648553455,-0.755050233606344,-0.635566265677414,-0.0227734899708714,-4.4418814413058,-4.53356673601291
1253,12,0,2,0.00872664625997165,1,0,2,-0.00808738078922033,-0.00220117655369192,-11.3718510517228,-6.12514644852897,-1.78222091773714,-1.19083927664416,-0.639094841739087
1254,12,2,1,-0.148352986419518,1,2,2,-0.141922354698181,-11.6462391995001,-4.65880662015298,-0.00953184004635566,-3.13544818730156,-3.02081279761997,-0.0967772614831434
1255,66,2,1,-0.127409035395586,1,2,0,-0.124978557229042,-12.6317890414223,-5.50598370508432,-0.00407391997455475,-0.4626613225258,-1.01107199330286,-5.02593993901078
1256,3,2,0,0.0610865238198015,1,2,0,0.0688506513834,-4.91097716028096,-4.66097667535627,-0.0169656226587332,-0.376099286132629,-1.2252202543445,-3.92344973464298
1257,33,2,0,-0.0567232006898157,1,2,0,-0.0598631761968136,-4.49239690847911,-5.12378420187853,-0.0172959594979871,-0.761585112255151,-0.853051177067478,-2.23528684571609
1258,12,2,0,-0.0785398163397448,1,2,1,-0.0848941877484322,-7.08269105882184,-8.54036692666219,-0.00103551100839188,-1.21243637788685,-0.512606168222836,-2.2672586276227
1259,2,2,0,-0.0959931088596881,1,2,1,-0.102795384824276,-4.27203795755505,-5.13758330122455,-0.0200243155806669,-1.34476689650805,-0.407669958431967,-2.60097520533784
1260,9,2,1,-0.0610865238198015,1,2,0,-0.0431819409132004,-4.20454451933531,-5.82282295938245,-0.0180487200954316,-0.351526559584335,-1.24581495333331,-4.7466776399479
1261,9,2,0,0.148352986419518,1,2,0,0.140532463788986,-6.93733480418059,-6.30407975712327,-0.00280355645945774,-0.0669005079574149,-3.83521717082597,-3.14388031284212
1262,2,2,2,0.0785398163397448,1,2,1,0.10372980684042,-8.40117509828252,-26.5710864574669,-0.000224675143728432,-9.1384621525218,-0.28364759647863,-1.39893156060284
1263,3,2,1,-0.148352986419518,1,2,1,-0.15313658118248,-11.5656915459488,-9.90042161021449,-5.96064212028193e-05,-2.96605217048648,-0.0647781764191732,-4.49020607495053
1264,12,2,0,-0.0436332312998582,1,2,1,-0.0554329343140125,-1.7061543569234,-7.36947236434113,-0.201128815719144,-1.49583622296899,-0.736303890398606,-1.21382731735602
1265,3,2,0,0.0610865238198015,1,2,2,0.0478895492851734,-1.71643214435225,-5.90598104512938,-0.201417913477384,-3.23094776710227,-1.35441451138521,-0.353278417427689
1266,85,2,1,0.0396207193495233,1,1,1,0.0449128039181232,-1.35407843802916,-0.854016674907029,-1.15165441840164,-4.77682464476106,-0.0208275153554938,-4.40719005409354
1267,3,0,0,0.0252807533305183,1,0,1,0.0420159511268139,-0.356588793393249,-1.31316313882276,-3.47467933939394,-1.37166711773018,-0.321056989305397,-3.86636273412528
1268,2,0,0,0.00872664625997165,1,0,1,-0.0137161454185843,-0.00241834045435378,-11.9278113844744,-6.0286348183074,-2.05710171104962,-0.738427053551809,-0.930615011139992
1269,12,2,2,0.130899693899575,1,2,1,0.108214065432549,-6.39556173239783,-3.23080525106049,-0.0420671007429954,-2.01874881861645,-0.691842213841774,-1.00368718023206
1270,2,0,1,-0.0261799387799149,1,0,2,-0.0477497689425945,-0.0577612054533042,-9.73554229450202,-2.88123509788479,-2.57572758427276,-0.848363473546456,-0.701609732230067
1271,2,2,2,-0.130899693899575,1,2,2,-0.138468399643898,-10.8628830260541,-3.53195805837053,-0.0297035292152236,-3.72403675737946,-6.59552731149548,-0.0258336954376108
1272,60,2,2,0.167551608191456,1,1,0,0.131036624312401,-5.65978676130431,-0.661798051018072,-0.732732669136144,-0.90796317934474,-1.0646485802204,-1.37909624686865
1273,2,2,1,0.0610865238198015,1,2,1,0.0979878082871437,-6.58314965631689,-23.398864527935,-0.00138450099386859,-5.68029516949772,-0.652010675566771,-0.743198721543313
1274,2,2,0,-0.0959931088596881,1,2,2,-0.105922341346741,-4.90337671451473,-4.07251617066382,-0.0247599174399402,-1.70745464347264,-0.898576464951952,-0.887887001291854
1275,12,2,1,-0.0610865238198015,1,2,0,-0.0905690938234329,-3.22432203103681,-9.35260337366499,-0.0406861150963018,-0.779593708423245,-2.19759176464956,-0.843185797818959
1276,40,0,2,-0.00698131700797732,1,0,2,-0.0166294779628515,-0.00415567563613497,-5.7740788685748,-6.86846930549312,-2.78559359790716,-1.26206886001216,-0.422754154153482
1277,3,2,1,-0.0610865238198015,1,2,1,-0.0762959867715836,-3.19022875871853,-6.43879398965728,-0.0437019599281378,-2.65332064732384,-0.719660889572636,-0.814940497386493
1278,3,2,1,0.091370917949631,1,2,0,0.0907837823033333,-8.22105796772606,-6.34541805028513,-0.00202568761525665,-0.293784780398307,-1.37160462123972,-7.05442499107822
1279,56,2,1,0.126536370769589,1,2,1,0.118762090802193,-5.5268830352101,-3.01177968997836,-0.0546488369970693,-2.61579563537577,-0.095736020478762,-4.00707672629589
1280,9,2,1,0.148156977763288,1,2,1,0.135910958051682,-6.04669648744589,-3.27532942161569,-0.0409992322195336,-2.62766892988335,-0.146853537528679,-2.74368430834978
1281,56,2,2,0.132645023151569,1,2,1,0.103944353759289,-6.00171057934103,-2.54921288284306,-0.0840532107658036,-2.72223761303585,-0.68426618327347,-0.844406926360688
1282,3,1,2,-0.113446401379631,0,2,1,-0.03920042142272,-2.5202642802924,-1.80410383196522,-0.281117354196138,-5.36428648817519,-0.00786017853981384,-5.76079470936673
1283,85,2,1,0.0368475866449805,1,0,1,0.0424673967063427,-0.664187988651483,-3.05204139970727,-0.82543051581484,-4.26982871752189,-0.0327204414497725,-4.00596711786457
1284,2,2,1,-0.113446401379631,1,2,1,-0.125432208180428,-11.5192468622714,-3.79122954707756,-0.0228365428229026,-2.9255303576491,-0.545355716876352,-1.00313426001569
1285,9,2,1,0.130899693899575,1,2,1,0.124599300324917,-5.93855147167335,-3.42311940729936,-0.0358825182427931,-4.57918688452944,-0.012805383996127,-6.00738095409652
1286,60,2,2,0.161442955809475,1,2,1,0.149792522192001,-6.27799991022211,-2.24427107248156,-0.114156760152543,-2.55870276863685,-0.126306564476447,-3.18809617921094
1287,54,1,1,0.109083078249646,0,1,1,0.205862790346146,-11.7696803465851,-0.00173785209753175,-6.36041953456259,-7.12843047992051,-0.00173432931292217,-6.97938684997315
1288,85,2,1,0.0471238898038469,1,2,1,0.0492573007941246,-1.39416337072282,-2.7438558420193,-0.374493197886646,-4.39484994955622,-0.0278875055492114,-4.18899219143926
1289,22,2,1,-0.161442955809475,1,2,1,-0.160085096955299,-12.8728569299618,-4.49000726679439,-0.0112865920050435,-2.62455563433024,-0.52038241689894,-1.09890779254923
1290,12,2,0,-0.0785398163397448,1,2,1,-0.0788347646594048,-6.42733528359312,-8.59991359644458,-0.00180245858552643,-0.893482536918388,-0.538924500913847,-4.90674186664608
1291,43,0,1,0.0253072741539178,1,0,1,0.013701937161386,-0.00372099896314598,-6.04039549897659,-6.62005261194067,-1.32486471351273,-0.310286424795499,-6.98659025346789
1292,12,2,2,0.130899693899575,1,2,2,0.120392009615898,-6.81238298307665,-5.812236103636,-0.00409917613456045,-3.41394451513695,-1.6466832712806,-0.255665593906917
1293,12,2,2,0.0785398163397448,1,2,2,0.0594440251588821,-4.17703401097372,-5.96576885328807,-0.0180712971044267,-3.17240576018915,-0.917030013263561,-0.582692367385075
1294,12,2,1,0.0959931088596881,1,2,0,0.0879866406321526,-7.98087118411777,-7.99034023733894,-0.000680916814580519,-0.569638705426147,-0.957025332419446,-2.99101036858374
1295,12,0,2,0.00872664625997165,1,0,2,0.00834271777421236,-0.00770549739396269,-9.34869076371886,-4.88107375884839,-1.54235067754441,-1.17258379842158,-0.74116972000744
1296,2,2,0,0.0436332312998582,1,2,0,0.0845209732651711,-3.3806661234464,-19.7382627361389,-0.0346170921256616,-0.826660181063216,-1.11877106467816,-1.44472504218177
1297,3,2,1,-0.0959931088596881,1,2,1,-0.0960166454315186,-0.948991973700788,-17.6114113354075,-0.489604126626694,-2.50307335859125,-0.270680359931245,-1.86235448288027
1298,9,2,2,0.0610865238198015,1,2,1,0.0489999018609524,-4.55072395179579,-9.59609550100246,-0.0106844436938513,-1.88495600291393,-0.586163267996004,-1.23200854114992
1299,41,0,1,0.0115548492899212,1,0,1,0.0438846126198769,-0.329893697764422,-3.6924048533758,-1.3622350026559,-1.24781626619267,-0.83619726067165,-1.27470455148212
1300,41,0,2,0.0130881614389383,1,0,2,0.0301419775933027,-0.0986506268048655,-4.29207291455888,-2.5224303383551,-3.90540529517596,-4.44850275218324,-0.0323464923536606
1301,12,0,2,0.00872664625997165,1,0,2,-0.0110411467030644,-0.00569675681577177,-10.1120151997026,-5.17786450720592,-1.03622836789776,-1.4636267914601,-0.882338373496539
1302,3,2,0,0.130899693899575,1,2,1,0.120242588222027,-6.30240745727408,-11.8415071855922,-0.00184079453769168,-0.99137813478439,-0.553224909360681,-2.92168738958494
1303,22,2,1,-0.161442955809475,1,2,1,-0.162150338292122,-12.5362437675465,-4.16260659505354,-0.0156930151138012,-2.8974423146636,-0.457900935626104,-1.16402905255622
1304,9,2,0,0.0959931088596881,1,2,0,0.0902315750718117,-7.4901180576976,-6.85812620341913,-0.00161074116554881,-0.683332483667456,-0.763379996768129,-3.54114497341599
1305,2,2,2,0.0959931088596881,1,2,1,0.11774630099535,-7.54701228640519,-21.7591299268881,-0.000527819192241819,-4.74753310073222,-0.584202107996611,-0.835226065576927
1306,9,2,1,0.0785398163397448,1,0,2,0.0327625758945942,-0.136664005295925,-19.2708021745474,-2.0577836782341,-1.15992325875894,-1.43820241223849,-0.800430229929719
1307,2,2,2,0.0959931088596881,1,2,2,0.113501004874706,-6.90771832851034,-21.1930209020246,-0.00100048744609285,-8.50450992352768,-0.913660993573191,-0.512920894018347
1308,12,0,1,0.00872664625997165,1,0,1,-0.00271119060926139,-0.00381870097657023,-10.9061453106011,-5.57454368980667,-1.23183855206804,-0.954496642673534,-1.12936513945234
1309,3,0,2,-0.0261799387799149,1,0,2,-0.0495829097926617,-0.031400206464117,-8.84874766748946,-3.48125764398898,-1.94993174831555,-1.12198552094619,-0.630954601690977
1310,2,2,1,0.108228753216179,1,2,2,0.119610838592052,-7.73662036097563,-23.1389025591438,-0.000436699362267532,-7.31126400332788,-0.752511630663844,-0.638374225868681
1311,27,2,0,-0.109083078249646,1,2,0,-0.112440496683121,-9.25892536407246,-5.07120412303964,-0.00639050303856827,-0.795525187381407,-2.02863518676427,-0.874331007624254
1312,3,2,1,-0.0436332312998582,1,2,1,-0.0267767123878002,-3.07374108423512,-13.4729739513756,-0.0473528689494778,-3.59870056478489,-0.136183464194949,-2.30300262127653
1313,22,2,1,-0.161442955809475,1,2,1,-0.160916730761528,-12.748286573241,-4.29999377472026,-0.013664495818962,-2.64673780995716,-0.442842699877431,-1.24858774882839
1314,3,0,1,-0.00872664625997165,1,0,1,-0.0178629532456398,-0.00954044518031704,-7.92145815573239,-4.6959518196847,-1.00407242162854,-0.981279091086749,-1.35176029032775
1315,2,2,1,-0.113446401379631,1,2,2,-0.125823438167572,-11.2570286491119,-3.9989348598054,-0.0185185118826309,-3.06806759612106,-0.908327217547792,-0.597308263130302
1316,2,2,1,0.148352986419518,1,2,1,0.145463719964027,-7.99760291923563,-15.2107800676656,-0.000336584462597396,-5.46006452795934,-0.448472624741862,-1.02961630582354
1317,12,2,2,0.0785398163397448,1,2,2,0.06522386521101,-3.22454360985515,-4.40169808522131,-0.0534328913200012,-3.45738603636404,-0.812705125475881,-0.644677615880007
1318,43,0,0,0.0279252680319093,1,0,1,0.0128929326310754,-0.0444260787173727,-13.7432023754567,-3.13608231786739,-3.91899925581689,-0.276787807318663,-1.50542174399595
1319,22,2,1,-0.161442955809475,1,2,1,-0.1621213555336,-12.5384444469165,-4.16594884543596,-0.0156402191752981,-2.88545049271899,-0.459091173516726,-1.16375037381613
1320,3,2,2,-0.0959931088596881,1,2,0,-0.0953821241855621,-5.62245365788162,-10.1257691178529,-0.00366254984205725,-0.799270091755505,-1.37737673636759,-1.21031439934891
1321,2,0,1,-0.00872664625997165,1,0,2,-0.0296951998025179,-0.00713065368046443,-10.840563790529,-4.94967417127591,-2.01841903634716,-1.34481378529415,-0.499974045729816
1322,41,0,1,0.0130899693899575,1,0,1,0.0433941446244717,-0.352646998099031,-3.51921482049662,-1.31844115973006,-1.31140093799643,-0.828032276044701,-1.22536841794824
1323,9,2,1,0.0785398163397448,1,2,0,0.0565503649413586,-6.73427098753146,-10.1026887450404,-0.00123117626866122,-0.0619405296199778,-3.16432984470174,-4.02750469137369
1324,9,2,1,-0.0959931088596881,1,2,1,-0.11778774112463,-5.34060401728996,-7.61841080357952,-0.00529826081075633,-2.90469327846922,-0.222444171518072,-1.9332674810919
1325,12,0,1,-0.0261799387799149,1,0,1,-0.0272023398429155,-0.431404501413291,-7.07143395319405,-1.05109474378562,-1.97612616045161,-0.602449403568561,-1.15859842823721
1326,54,2,1,0.117809724509617,1,2,0,0.124234057962894,-6.58739542978743,-13.3568613753307,-0.00138020352293023,-0.414625884592008,-1.09289789876187,-5.48007275011597
1327,2,0,1,0.00872664625997165,1,0,1,0.0279945787042379,-2.5033982140651e-06,-13.6913153340567,-13.465126659405,-0.805351048576895,-0.757345742807146,-2.47504066365425
1328,12,2,1,-0.130899693899575,1,2,1,-0.119063384830952,-10.7382442477695,-3.6668102031445,-0.0259124172667284,-1.80771111572669,-0.42900739453509,-1.68839597932517
1329,9,0,2,-0.0261799387799149,1,0,2,-0.0406839102506638,-0.210366406829506,-3.75633777505228,-1.79370029049835,-3.0650330834348,-0.85786060674453,-0.636238912338758
1330,33,2,0,-0.0567232006898157,1,2,0,-0.0585199519991875,-5.00671763882008,-3.1250280490594,-0.0519551374627212,-0.213243939398479,-2.83720633789522,-2.01401454618615
1331,38,0,1,-0.0218166156499291,1,0,1,-0.0184312928467989,-0.494038370550475,-7.81154423377945,-0.943051514615813,-2.1250165721084,-0.224748785102601,-2.50283994378623
1332,3,2,2,0.0959931088596881,1,2,2,0.0794827565550804,-5.11043924206363,-7.05784032035595,-0.00691792579326323,-3.08431403483018,-0.920417828179115,-0.58719198740298
1333,66,2,0,-0.123918376891597,1,2,2,-0.124300464987755,-10.5628049089665,-5.29141307669266,-0.00507328169976182,-2.10805627541972,-2.73478775830338,-0.206263865734119
1334,22,2,1,-0.166678943565458,1,2,1,-0.166385442018509,-12.4955445318554,-4.21762863227287,-0.0148469205098996,-3.35403041486669,-0.579955803978594,-0.903538450941515
1335,38,0,0,-0.0244346095279206,1,2,2,-0.0259145367890596,-0.921343555268026,-2.92086639205974,-0.601244577918773,-1.63451935327748,-3.03505727047067,-0.278547900452905
1336,9,2,2,-0.148352986419518,1,2,1,-0.13473616540432,-7.66363958601301,-5.47615300687095,-0.00466593170109342,-2.92796402371541,-0.117429039279948,-2.85961945467047
1337,3,2,1,0.165806278939461,1,1,1,0.0818295925855637,-11.1021093724337,-0.0154127199411733,-4.18123622096666,-2.72100313959231,-0.0906082701412416,-3.87203728582896
1338,2,2,1,0.165806278939461,1,2,0,0.130776152014732,-5.1000643553203,-9.15116883357783,-0.00622183447196097,-0.171131236433033,-1.89029392736747,-5.07332530719722
1339,3,0,1,-0.00872664625997165,1,0,1,-0.0224208161234856,-0.00991541208169382,-9.34882262296958,-4.62748817395732,-1.24390964946614,-0.872312317575147,-1.22498891946615
1340,22,2,1,-0.164060949687467,1,2,1,-0.158537194132805,-12.83536502643,-4.44533233831505,-0.0118053255916322,-1.6633707152246,-0.349096240913731,-2.25212366656024
1341,12,2,2,0.0959931088596881,1,2,2,0.0855012536048889,-6.93176999248591,-5.95884095045858,-0.0035655210757635,-2.92831972617336,-0.865063399652085,-0.643427434474945
1342,12,0,1,0.00872664625997165,1,0,2,-0.0106816617771983,-0.0136731970139443,-12.044487395909,-4.29957997408597,-1.2778191371497,-1.24350682472589,-0.837053414622495
1343,2,0,1,0.0261799387799149,1,0,1,0.0162321757525206,-4.76837271889999e-07,-22.0212331387708,-14.6696572372622,-0.776127103781646,-0.624037745076232,-5.51189655383163
1344,3,0,2,-0.0261799387799149,1,2,1,-0.0282826442271471,-0.713575844201483,-7.43234580963643,-0.674288289864126,-1.99687526079608,-0.490544831452064,-1.37853079162456
1345,41,0,1,0.00436332312998582,1,0,1,0.050763338804245,-0.0990425160191958,-4.33950194608242,-2.51019010774698,-3.03094112892374,-0.0799350029137395,-3.55597775367063
1346,3,2,1,0.130899693899575,1,2,1,0.125413089990616,-7.37105192211984,-7.40225135911812,-0.0012398296268013,-1.31301733334474,-0.71490895391384,-1.41982537210504
1347,9,2,1,-0.148352986419518,1,2,0,-0.143402591347694,-8.43010807632384,-9.25517951751977,-0.000313808082704043,-0.231501259533112,-1.97130477967923,-2.69735778220686
1348,85,2,1,0.0436332312998582,1,0,1,0.0450559072196484,-0.738642175543305,-2.44259398182424,-0.831713343465906,-5.55198374225184,-0.00699793354079282,-5.77835267315926
1349,2,2,1,0.165806278939461,1,2,1,0.127230748534203,-7.36071548448596,-8.58382712279757,-0.000823180841524104,-5.8524821400969,-0.150098592494662,-1.99140020051604
1350,12,2,0,-0.0785398163397448,1,2,1,-0.0879771336913109,-8.15174536246172,-10.2488722097951,-0.000323705608137933,-1.15761378024852,-0.463833453048184,-2.86652000563233
1351,33,1,1,-0.0654498469497874,0,1,1,0.0455377362668514,-6.66160215352804,-0.066225148790043,-2.76778707434927,-6.6745896988334,-0.00214442897372204,-7.03610378084742
1352,38,0,0,-0.0244346095279206,1,0,1,0.00644260365515947,-0.314421963661469,-11.2928479207245,-1.31016047112033,-5.18431597949798,-0.0332101179198044,-3.60966237308786
1353,22,2,2,-0.164060949687467,1,2,1,-0.164802521467209,-12.396401193395,-4.19492223185884,-0.0151908399998257,-3.52438897822954,-0.557337955161759,-0.921809437423549
1354,3,2,1,-0.141893700117889,1,2,1,-0.135648742318153,-2.99952381085722,-16.4075433814006,-0.0510942472335462,-2.39017215101314,-0.1374582171211,-3.30184002327823
1355,3,2,1,0.0436332312998582,1,2,1,0.0317771211266518,-1.18273681627874,-4.9027458863944,-0.376680973185599,-1.06613267152984,-0.50646509111307,-2.93670237216501
1356,43,0,0,0.0279252680319093,1,0,0,0.0347912199795246,-3.57628508142331e-06,-15.264022583692,-12.5925767053072,-0.0455243759186345,-3.1232025006233,-7.62572126609616
1357,54,1,1,0.109083078249646,0,1,1,0.202495545148849,-12.4348019711008,-0.00051690584301206,-7.57558536949134,-10.7195184939855,-4.07704081281618e-05,-10.8847147836083
1358,9,2,1,0.0959931088596881,1,2,0,0.0869648978114128,-7.3483124847059,-8.42344054345841,-0.000863626888650336,-0.238304481233313,-1.57335995260276,-5.36232550728723
1359,66,2,0,-0.130899693899575,1,2,0,-0.128325670957565,-12.7059139551306,-5.29997390668469,-0.00500720557471013,-0.475535526464399,-0.990486306060266,-4.95445799268285
1360,33,2,0,-0.0593411945678072,1,2,1,-0.0564190559089184,-3.90199046544475,-9.81189593462497,-0.0204644959869249,-1.1287883232442,-0.796531134325195,-1.4886159137536
1361,12,2,0,0.0436332312998582,1,0,2,0.0298515502363443,-0.312098062386538,-7.99438292541075,-1.31769056906819,-2.68297144096974,-1.23982525566162,-0.442846969239662
1362,2,2,1,0.0959931088596881,1,2,1,0.116836704313755,-7.50265711010822,-21.9653154047307,-0.000551793197265104,-5.2671770903957,-0.592445829801251,-0.816742449077053
1363,9,2,2,0.0610865238198015,1,2,0,0.0408358462154865,-4.56870199969004,-9.04675935288202,-0.0105445648159602,-0.969934358984724,-1.01106331055728,-1.35844498036547
1364,33,2,1,-0.0567232006898157,1,2,2,-0.0511452369391918,-5.75939372701653,-4.81641528384536,-0.0113125132521969,-1.07704603293651,-2.39059188055242,-0.565943126902054
1365,12,2,0,0.165806278939461,1,2,0,0.135894224047661,-7.80867090765573,-1.19963521878665,-0.359121230227369,-0.388660339707664,-1.286998169663,-3.08048142986374
1366,9,2,0,0.148352986419518,1,2,1,0.139140442013741,-6.10843473961507,-3.64275322025814,-0.0288153801704786,-1.80543088369936,-0.281380459706519,-2.5150941105376
1367,66,2,1,-0.127409035395586,1,2,0,-0.123975895345211,-12.6371268489921,-5.9832176280343,-0.00252714923641135,-0.511200170014589,-0.93104614095662,-5.10217361897783
1368,3,1,2,-0.113446401379631,0,0,1,0.0459387116134167,-0.0194065530092004,-14.7921202223618,-3.95184873970266,-3.51675312148839,-0.328759366383516,-1.38434385485036
1369,2,2,1,-0.148352986419518,1,2,1,-0.141120836138725,-11.922036397439,-3.61097764200734,-0.0274041035120892,-3.39781353130907,-0.0602383800881347,-3.68833569469315
1370,12,2,1,-0.148352986419518,1,2,2,-0.145857527852058,-11.0458161695839,-6.84422319053037,-0.00108205188184837,-3.10381649680902,-2.45984644006041,-0.139636476508613
1371,9,0,0,0.0261799387799149,1,0,2,0.0113275572657585,-0.0279989374579334,-11.2328748844174,-3.59003643404765,-1.59518169020893,-0.971744773652857,-0.870585849282635
1372,22,2,2,-0.164060949687467,1,2,2,-0.156975299119949,-12.032661159615,-4.79722232465316,-0.00829287217012625,-2.01338610094898,-4.49422198408185,-0.15631371567894
1373,12,0,2,0.00872664625997165,1,0,2,-0.00832497607916594,-0.00235889200273094,-11.1464457505891,-6.05686140563683,-1.58884950334693,-1.12198341595827,-0.754583574507049
1374,3,2,1,0.165806278939461,1,2,1,0.152741223573685,-6.85433667224329,-3.09466678428798,-0.0474533034396661,-4.86894217471255,-0.0100793462763589,-6.05456441301653
1375,3,2,0,0.0785398163397448,1,2,2,0.0766904056072235,-3.29262407834951,-5.38884846037683,-0.0426189098407548,-1.11003515558553,-1.45099521080068,-0.829847813186655
1376,66,2,0,-0.130899693899575,1,2,0,-0.128351926803589,-12.6948549067425,-5.28568762855761,-0.00507945222264087,-0.45948074785579,-1.01876331485529,-4.91341398933907
1377,9,2,1,-0.113446401379631,1,2,0,-0.110874451696873,-6.55337310599783,-7.65079042791346,-0.00190278007418082,-0.539090544254197,-1.65543028519739,-1.48849674315573
1378,3,2,2,-0.148352986419518,1,2,0,-0.140145227313042,-6.22729810436578,-9.46168935573224,-0.00205459517872554,-0.253734160033521,-2.25931265687142,-2.12293648446064
1379,9,2,1,-0.0959931088596881,1,2,0,-0.103477522730827,-5.1825845560373,-9.82434442067302,-0.00568368885476135,-0.465959559990238,-1.65793966152077,-1.7040994241543
1380,33,2,1,-0.0654498469497874,1,2,1,-0.0341722741723061,-3.19611538650291,-4.94673680705579,-0.0492190847397784,-3.10159007518006,-0.0503996366952774,-5.47912869912963
1381,12,2,1,-0.0785398163397448,1,2,0,-0.07882010191679,-9.32830365641874,-7.45292875854836,-0.00066874925874769,-0.682348590515871,-2.53769190679612,-0.878217831064454
1382,2,2,1,0.0610865238198015,1,2,2,0.0944504663348198,-4.4873559842109,-19.7460706112353,-0.0113141408878099,-1.23761030940331,-1.15958300140705,-0.925567340010973
1383,38,0,1,-0.0244346095279206,1,2,1,-0.0533454082906246,-1.20952172730623,-6.28710658764345,-0.356960848681941,-1.62583032802855,-0.472871526338828,-1.71456695044464
1384,12,2,0,0.0436332312998582,1,0,2,0.0344696901738644,-0.348641276336302,-7.98848524284161,-1.22412645133123,-2.66140170541087,-1.34945255947844,-0.39933263168819
1385,54,2,1,0.117809724509617,1,2,2,0.128387033939362,-9.40659294554947,-14.661225921297,-8.26154502210216e-05,-1.4944352154115,-2.17315494879434,-0.41278166562831
1386,3,2,0,-0.0610865238198015,1,2,1,-0.0725618749856949,-4.71339597209286,-5.4627690138123,-0.0133041274104117,-1.32355907482644,-0.529186036605921,-1.93288862434191
1387,3,2,1,0.0785398163397448,1,2,1,0.0842322558164597,-7.24133691309925,-5.8034482796721,-0.00374044287737045,-0.746196223988129,-0.666010823476965,-4.4162654750008
1388,12,0,1,0.00872664625997165,1,0,1,-0.00129637378267944,-0.00668550148517126,-10.8483126036053,-5.01407790888465,-1.2701970402893,-0.949768566835763,-1.10143667588103
1389,2,2,1,0.113446401379631,1,2,1,0.125208750367165,-7.57971445519565,-20.3677135426136,-0.000510823044313975,-3.74234535594024,-0.633310267298867,-0.808625763972468
1390,9,2,1,-0.0959931088596881,1,2,1,-0.118017859756947,-5.33897314451367,-5.70962202637115,-0.0081477988949472,-1.60960510253702,-0.24841783968486,-3.91204556604068
1391,9,2,2,-0.148352986419518,1,2,0,-0.141004234552383,-8.47790176133001,-8.74400840013481,-0.000367470539424734,-0.138583758161076,-2.41312893705839,-3.22200495254631
1392,3,2,1,-0.130899693899575,1,2,1,-0.112923949956894,-3.40403006244504,-18.3261395357846,-0.0338040391206674,-2.52752120564949,-0.226608314810426,-2.09630016781779
1393,3,0,0,0.00872664625997165,1,0,0,0.020295599475503,-0.00450252323852468,-5.7339593673426,-6.67813132350926,-0.160603781017582,-2.01174674782011,-4.22565964680087
1394,3,2,1,-0.0785398163397448,1,2,1,-0.0871950015425682,-4.28940729858672,-8.72698882866214,-0.0139723466335296,-1.14443513897557,-0.957602092214521,-1.2113864850552
1395,12,2,0,0.053987601618086,1,2,2,0.0414092615246773,-2.64950134974986,-9.62006287772786,-0.0733804824657094,-2.31324378232413,-1.29203505382732,-0.467847409112328
1396,9,2,0,0.0959931088596881,1,2,1,0.0899318978190422,-7.47323970598112,-6.75105360615546,-0.00173928509821189,-0.738805309904339,-0.695973331084684,-3.74114863571378
1397,2,2,1,-0.0959931088596881,1,2,1,-0.0946602523326874,-4.95210752361276,-7.32648096587948,-0.00775637433799326,-2.27402263182739,-0.485706840593569,-1.26641417096819
1398,2,0,1,0.0261799387799149,1,0,0,0.0138355391100049,-3.57627932601205e-07,-21.854545912369,-14.7972358776518,-0.676368875543948,-0.717536357672296,-5.63039894704716
1399,12,2,1,0.0959931088596881,1,2,0,0.0833872631192207,-7.68633531139331,-8.27905627202306,-0.000713066118096065,-0.41280256058262,-1.35067339906841,-2.53652036733415
1400,2,2,1,-0.0959931088596881,1,2,1,-0.0910024493932724,-4.90654923809929,-4.45257967249241,-0.0192301455309253,-3.12982744659383,-0.541831224498186,-0.981916396676138
1401,3,2,2,0.113446401379631,1,2,1,0.115193694829941,-6.51496237376704,-8.0777398910577,-0.00179308381774966,-1.90897024427481,-0.831681919247409,-0.87598738455394
1402,56,2,1,0.135263017029561,1,2,0,0.101688764989376,-7.84049095749655,-0.774599895893296,-0.618562289148258,-0.021984202274348,-5.15163435329035,-4.13802065822942
1403,12,2,2,0.113446401379631,1,2,2,0.104367688298225,-6.57375638418234,-6.10400451215023,-0.00363700559785456,-2.69886466065275,-1.23145505905274,-0.444958916963142
1404,9,2,2,0.0610865238198015,1,2,1,0.0441401079297066,-3.41225586552668,-9.48262350612902,-0.0336011565038399,-1.88546754132603,-0.561455343398718,-1.28062517680799
1405,40,0,2,-0.00754017587859131,1,0,2,0.0354716815054417,-0.217676075112041,-4.89064785031274,-1.6707948768396,-2.28844566494946,-2.16751288235157,-0.243200704951268
1406,40,0,2,-0.00436332312998582,1,0,0,0.00858268607407808,-0.0156489981232357,-11.5259886599878,-4.16579740805453,-0.357242813842968,-2.29259408191305,-1.6124758623117
1407,12,2,1,0.0610865238198015,1,2,2,0.0522254146635532,-2.82106200382437,-8.21008229280833,-0.0616781596978082,-2.30284506263909,-1.12068932136731,-0.555176348924972
1408,85,1,1,0.0506145483078356,0,1,1,0.150476664304733,-7.63062780625586,-0.0114285039926005,-4.52100479263687,-10.1783835077693,-5.11420929518274e-05,-11.2404247399855
1409,3,2,1,0.130899693899575,1,2,0,0.115392155945301,-7.61594040935223,-4.65469536760415,-0.0100597185115001,-0.608470100681038,-1.57148615822222,-1.39400009877669
1410,3,1,2,-0.113446401379631,0,0,2,0.0131635600700974,-0.199141800341301,-9.86978181463372,-1.71194326651509,-5.23770597003788,-1.23399548894458,-0.351601448005706
1411,9,2,0,0.0959931088596881,1,2,0,0.0851408988237381,-7.38611210859014,-6.68657289515229,-0.00186909959503102,-0.661650183356125,-0.840755466299502,-2.94472836433177
1412,12,0,1,0.0261799387799149,1,0,1,0.0111335786059499,-0.0265971976477872,-6.83659572851571,-3.68198716972213,-1.01575863727709,-0.581416106608471,-2.54126936025289
1413,38,0,1,-0.0218166156499291,1,0,1,-0.0265528578311205,-0.369684486503887,-5.63124822583628,-1.18592461686025,-1.77016162669867,-0.621620113396555,-1.2288771699338
1414,41,0,1,0.00785398163397448,1,0,1,0.0438846126198769,-0.329893697764422,-3.6924048533758,-1.3622350026559,-1.24781626619267,-0.83619726067165,-1.27470455148212
1415,12,0,0,-0.0261799387799149,1,2,1,0.0300063770264387,-0.780635725278356,-5.25200796324294,-0.622412272231677,-4.95216846299834,-0.0380620981079632,-3.49730821768593
1416,9,2,1,-0.0610865238198015,1,2,1,-0.0444105491042137,-3.4603738461864,-4.54831563291072,-0.0429106074260224,-1.75227479048261,-0.255663515753653,-2.95232021421334
1417,40,0,0,-0.00436332312998582,1,0,0,-0.00418845098465681,-0.000761560436620368,-7.75195417882275,-8.01223998321303,-0.316849954179724,-1.39168748182197,-3.77641552211547
1418,9,2,1,-0.11990568768126,1,2,2,-0.132114827632904,-10.0677038228851,-7.7315999676156,-0.000481244472174452,-5.14722436083355,-5.18649235288094,-0.0114726973515155
1419,2,2,2,-0.113446401379631,1,2,2,-0.119176924228668,-10.5841512793688,-4.76299854360147,-0.00860213960100556,-2.70784118200842,-2.06974501482354,-0.214305932725538
1420,54,2,1,0.117809724509617,1,2,2,0.131239533424377,-9.41673280817153,-14.2516136218297,-8.20193547062528e-05,-2.10300567512443,-2.30315535909097,-0.251069823706987
1421,12,2,2,0.113446401379631,1,2,1,0.0953981950879097,-6.8915588086871,-6.04838859139596,-0.00338375207531103,-2.1635979690164,-0.706566261355014,-0.937121640129085
1422,12,0,1,-0.0261799387799149,1,2,1,-0.0316845364868641,-1.27402634504828,-7.90532997365421,-0.328604035580758,-1.97436340116749,-0.428616334332782,-1.56188399149881
1423,85,2,1,0.0449926124037006,1,2,1,0.0468498580157757,-0.899067155711896,-2.57841237230326,-0.659409777653076,-4.25598594691399,-0.0322382068470897,-4.04298607365422
1424,2,2,1,0.165806278939461,1,2,1,0.118167541921139,-12.3113371282099,-3.85516343721981,-0.021402007477385,-4.15335824092453,-0.0160872563864482,-8.30621017025081
1425,9,2,1,0.0436332312998582,1,0,2,0.0129200452938676,-0.347147474936477,-10.4919209351631,-1.22665786032509,-1.83892393353592,-0.915399354376337,-0.819493376541848
1426,85,2,1,0.0366519142918809,1,0,1,0.0426455847918987,-0.678130924791637,-2.93635259267315,-0.82239900210549,-4.23351828293207,-0.0349156611933596,-3.92147757183135
1427,85,1,1,0.0446769381925508,0,1,1,0.120261237025261,-4.66222979730064,-0.0390216534534282,-3.54652093892305,-10.6976954264626,-2.92067024515231e-05,-11.9382044033893
1428,9,2,1,0.135521884809632,1,2,1,0.127282425761223,-5.97237286334111,-3.36831121497552,-0.0376976588449875,-3.98933966267014,-0.0244811010564375,-5.17222722089882
1429,2,2,2,0.165806278939461,1,2,1,0.147690922021866,-6.30261299690468,-11.3770601608802,-0.00184461627080107,-8.12852147048811,-0.161682192029003,-1.9038527510063
1430,9,2,2,-0.165806278939461,1,2,1,-0.143384501338005,-11.3005700680894,-5.57541432800479,-0.0038096064487057,-3.35811807436753,-0.548591183171778,-0.948204290997676
1431,22,2,1,-0.164060949687467,1,2,1,-0.165068820118904,-12.429941101953,-4.15323151633938,-0.0158423967048718,-3.45720671565805,-0.589212207673837,-0.882570300345834
1432,43,0,1,0.0305432619099008,1,0,1,0.0219638664275408,-0.012476044166784,-7.79384573199359,-4.42399837804641,-2.12053262280011,-0.466797181769333,-1.37426676380754
1433,27,2,0,-0.111701072127637,1,2,0,-0.109882764518261,-6.11878075043364,-10.1260304973127,-0.00224364974428887,-0.49513208967263,-1.74492140502401,-1.53316778039772
1434,9,2,1,-0.0959931088596881,1,2,1,-0.112568005919456,-6.26725534452273,-9.19583798148608,-0.0020008421127721,-1.03689378383561,-0.744425115889614,-1.76938119849936
1435,2,2,1,-0.113446401379631,1,2,2,-0.125794038176537,-10.7658639334906,-3.78288750961425,-0.0230414005623001,-3.21971671929617,-1.04556870172321,-0.496689795255596
1436,3,0,1,-0.00872664625997165,1,0,1,-0.0221508722752333,-0.00973302698981512,-9.5240972855092,-4.64466268109685,-1.21259077554268,-0.926138272349939,-1.1825570103335
1437,2,0,0,0.00872664625997165,1,0,0,0.00159124773927033,-0.000113970575209828,-15.194152344084,-9.08219381569677,-0.0272949430034595,-3.63416799342259,-7.56178506760205
1438,33,1,1,-0.0654498469497874,0,1,1,0.0271120984107256,-8.80045694076022,-0.0309848201431832,-3.49466312509758,-6.58087885235627,-0.00212633015975236,-7.21229178862322
1439,3,2,2,0.0959931088596881,1,2,2,0.0900181904435158,-5.41703623613999,-6.53253103996563,-0.00591300241237901,-3.4982527577142,-1.17566730332629,-0.413794402143747
1440,85,2,1,0.0471238898038469,1,2,1,0.0486391298472881,-1.22033434486463,-2.58411768722174,-0.462978895385591,-4.30783162330381,-0.0300363202334903,-4.12726191731448
1441,9,2,2,-0.148965965142357,1,2,2,-0.151736497879028,-12.1342042106925,-5.72086938587982,-0.00328764736883051,-1.03138375623973,-1.94721083777636,-0.69151808280739
1442,2,2,0,-0.0785398163397448,1,2,0,-0.0911718979477882,-4.30785611259486,-9.57504653715878,-0.0136241933547025,-0.614424899401801,-1.54611107633676,-1.40253311773904
1443,9,2,1,-0.113446401379631,1,2,2,-0.0989698991179466,-5.53662426366418,-5.5557173108615,-0.00783572831615765,-2.34707739635033,-1.59435020149051,-0.354803424518341
1444,9,2,1,-0.0436332312998582,1,2,0,-0.0515021905303001,-5.37696538958791,-6.75479677283305,-0.00580388456709637,-0.0809131204714982,-3.68143066731238,-2.94619353107385
1445,9,2,1,0.0785398163397448,1,2,0,0.0598195604979992,-1.68655462023525,-17.2860769553554,-0.204759092099158,-0.25129854802664,-1.96428827393755,-2.50159513563194
1446,54,2,2,0.117809724509617,1,2,1,0.12107852846384,-8.97903141910739,-10.2596099614895,-0.000161064720408828,-2.41971754514915,-0.356287690919214,-1.55693011772659
1447,12,2,0,-0.0785398163397448,1,2,1,-0.0838778018951416,-7.33733679180304,-9.03038991284641,-0.000770746587221884,-1.2101549550345,-0.49985426312086,-2.35146137468202
1448,9,0,1,-0.00872664625997165,1,0,1,-0.0242593474686146,-0.00628307250773383,-6.63617252542759,-5.30810762983196,-2.14919925862252,-0.703689817810559,-0.945034599149588
1449,56,2,0,0.135263017029561,1,2,1,0.116469033062458,-7.51703519907781,-3.26797227249529,-0.039393147567275,-0.836152766760484,-0.609841048254584,-3.76411432742514
1450,85,2,1,0.0366519142918809,1,0,1,0.0422031320631504,-0.661813878774192,-3.07431968562887,-0.825846429953076,-4.29398579838766,-0.0314392634969543,-4.05705919732039
1451,54,2,2,0.117809724509617,1,2,2,0.129133343696594,-9.13849059250348,-13.7160986427299,-0.000108605560151112,-3.21807113583552,-3.04743442644083,-0.0915812113297874
1452,3,2,0,0.148352986419518,1,2,0,0.143544927239418,-7.06258970668019,-8.16031801477825,-0.00114303563816949,-0.00777067080466381,-7.07726590028764,-4.97675049146602
1453,3,2,1,-0.0436332312998582,1,2,1,-0.0517415478825569,-3.49603115073428,-6.31891045862491,-0.0326464779662065,-4.91834075507014,-0.0840173597639896,-2.61355745234979
1454,12,0,0,-0.0345794039820616,1,0,1,-0.0471062697470188,-0.169768144731893,-4.74396786336952,-1.91436457978505,-2.34488478201695,-0.195213700285841,-2.50736152145487
1455,12,2,1,0.0610865238198015,1,2,2,0.044536542147398,-2.54152431523816,-7.62278353726549,-0.082550904647862,-2.73237657855774,-1.22572166357883,-0.444118007453971
1456,38,0,1,-0.0218166156499291,1,0,0,-0.011990207247436,-0.257038657487697,-8.61702786077664,-1.48509525099396,-0.502777455899465,-1.2549352033809,-2.20675425858873
1457,12,2,1,-0.113446401379631,1,2,1,-0.108284987509251,-10.4599095510732,-3.32293617152323,-0.0367422787557347,-3.52978588057432,-0.0688226891631031,-3.29153714682665
1458,38,0,0,-0.0218166156499291,1,0,0,-0.0072068190202117,-0.231858646962694,-3.58247944492066,-1.71961459858235,-0.0435192222728731,-4.2229149503364,-3.57805367042323
1459,27,2,2,-0.109083078249646,1,2,1,-0.0936039239168167,-8.02111017217146,-7.01447730999548,-0.00122795365786905,-0.946540163459932,-0.824784599583501,-1.75106386361495
1460,3,2,1,-0.0610865238198015,1,2,2,-0.0741086155176163,-3.02731396975408,-3.89810568923545,-0.0712016132056596,-3.32028494141875,-1.35106621484804,-0.349708678797798
1461,22,2,2,-0.161442955809475,1,2,2,-0.15178519487381,-13.2865358196639,-8.86035031271908,-0.000143657512154987,-1.44682816820792,-4.14872977267139,-0.289149741103618
1462,2,2,1,0.130899693899575,1,2,1,0.110736228525639,-4.64148336127552,-16.3956060225363,-0.00969029469918329,-1.13129664067395,-0.460510184419693,-3.06994574232359
1463,85,1,1,0.0506145483078356,0,1,1,0.160137206315994,-9.79873489845099,-0.00313020392474059,-5.78613214198189,-10.0017408289944,-6.33021362894179e-05,-10.9234107029597
1464,9,2,1,-0.130899693899575,1,2,2,-0.126739889383316,-8.06920761127403,-6.79894442062141,-0.00142902865477525,-1.34995007372759,-2.77874692350957,-0.387678436730131
1465,2,2,2,-0.113446401379631,1,2,1,-0.124379798769951,-11.5708838195816,-4.01081473347706,-0.018294424204946,-2.5944028903284,-0.637496370243575,-0.924586759351429
1466,2,0,1,-0.0261799387799149,1,0,2,-0.0538371689617634,-0.112924228002611,-8.359607383454,-2.23916357090657,-0.950546457456621,-1.63845747679833,-0.86942910654681
1467,2,0,1,0.0261799387799149,1,0,0,0.00686885882169008,-3.57627932601205e-07,-21.444857001952,-14.9484247154612,-0.482434276966684,-0.967401084970803,-5.93261156584389
1468,9,2,2,0.0436332312998582,1,2,2,0.0294727887958288,-1.16549014135194,-9.91900776020062,-0.373703418859373,-1.39174890885098,-1.23875476286415,-0.773023754087212
1469,54,2,1,0.117809724509617,1,2,0,0.109103135764599,-5.11452012326036,-10.1255503241649,-0.00606728658524264,-0.0593636278519134,-2.87250400004364,-6.83192468287596
1470,12,0,2,0.00872664625997165,1,0,2,-0.00191819365136325,-0.0030250959710628,-10.5801258471884,-5.8107910724957,-1.29068758924211,-1.05492589117723,-0.976305731877616
1471,3,2,1,0.0436332312998582,1,2,1,0.096540629863739,-1.16715384836308,-9.85676097606756,-0.372955285575376,-1.892784476482,-0.621994964458144,-1.16322786965948
1472,33,2,2,-0.0567232006898157,1,2,2,-0.0449407510459423,-5.70860653724966,-4.33850607223185,-0.0165088607472077,-2.28668968308795,-1.9853571291552,-0.273034936271681
1473,12,2,2,0.0785398163397448,1,2,2,0.0623807795345783,-4.13068155351852,-5.78538663872568,-0.0193296177781744,-2.90272501401522,-0.903836935379262,-0.615975408435543
1474,2,2,1,0.130899693899575,1,2,1,0.129028975963593,-7.38442346837343,-20.6458884661129,-0.000621034782166446,-5.79156461179001,-0.529853553744879,-0.895861813264514
1475,2,2,1,0.148352986419518,1,2,1,0.139326870441437,-10.2074982545368,-21.3382002840728,-3.68363489211618e-05,-4.67592284462369,-0.161175194002566,-1.96940343399135
1476,85,2,1,0.0471238898038469,1,2,1,0.0500008873641491,-1.53579481660064,-2.88602109639397,-0.316194423119259,-4.47836192867079,-0.0268162354227004,-4.19254045845324
1477,3,2,0,0.0610946368737463,1,2,2,0.0642305761575699,-2.30612148334935,-6.01335635784902,-0.107688559588812,-2.70436377388218,-0.783475861181147,-0.741766875074936
1478,27,2,0,-0.111701072127637,1,2,0,-0.110317923128605,-6.22961804015443,-10.1776828334446,-0.00201021882844611,-0.487132915075842,-1.75087279860721,-1.55120507476767
1479,27,2,2,-0.109083078249646,1,2,0,-0.0918777137994766,-7.56913901640438,-5.79246531775989,-0.00357299829693265,-0.929499985881259,-0.978338182078052,-1.47266453272461
1480,12,2,1,0.148352986419518,1,2,0,0.115763954818249,-6.83903922618278,-1.67067557801237,-0.209722891328788,-0.359756837488918,-1.41925249579469,-2.80909976339105
1481,33,2,1,-0.0567232006898157,1,2,1,-0.0361755900084972,-6.11671778778301,-4.26914079390254,-0.0163321760389731,-1.64358469843687,-0.506266007441245,-1.5897725646416
1482,12,2,2,0.0785398163397448,1,2,1,0.0613136999309063,-4.23264182411345,-7.80803693940775,-0.0150329030983755,-2.86148414426134,-0.617215803142299,-0.90789631300259
1483,12,2,1,-0.0963706044873558,1,2,1,-0.0893942043185234,-9.49944192461245,-3.27281505604539,-0.0387142353328392,-3.66920000681817,-0.0595059507644979,-3.43351674767268
1484,9,0,1,0.00872664625997165,1,0,1,-0.0120118157938123,-0.0050302089161262,-7.14819630247382,-5.46523010878543,-0.945294189450068,-0.735234298802712,-2.02463822933535
1485,9,2,1,-0.165806278939461,1,2,1,-0.160155653953552,-10.27772645597,-4.60401036013771,-0.0100968068817715,-3.31611674257077,-0.304465979574521,-1.48638275432622
1486,66,2,1,-0.129855987006882,1,2,1,-0.129492253065109,-11.2940207882253,-3.25781875190774,-0.0392447317293837,-3.53838651263373,-0.0574775810241923,-3.61947450142548
1487,22,2,1,-0.170169602069447,1,2,1,-0.160077661275864,-12.6192212790242,-3.96932234421973,-0.0190702328846901,-3.66271497236538,-0.0467837016090403,-3.90985298094949
1488,41,0,2,0.0130899693899575,1,0,2,0.0122629972174764,-0.0855138862981394,-4.25093726577958,-2.69254036589586,-4.20677399139382,-3.4093373460574,-0.0491455186669404
1489,66,2,0,-0.130899693899575,1,2,0,-0.128887340426445,-12.5855432982301,-5.04990117927729,-0.00643405438056836,-0.324180048831681,-1.32580337483356,-4.48379799192534
1490,3,2,1,0.0436332312998582,1,2,0,0.0313982591032982,-1.01178898946885,-5.84768219892733,-0.456423524389222,-0.350784247698486,-1.36372560201961,-3.21493333123873
1491,22,1,1,-0.166678943565458,0,2,2,-0.049938652664423,-5.41977094083247,-0.950013899676374,-0.496205957753863,-4.81288168874331,-1.09678876866179,-0.418650913177033
1492,3,0,1,0.0261799387799149,1,0,1,0.0575738064944744,-0.215388572476985,-8.06329569100506,-1.64269974405899,-7.4831034276171,-0.00323358879264251,-5.92725053883116
1493,56,2,2,0.135263017029561,1,2,2,0.130188420414925,-6.33017394999751,-12.0798806537316,-0.00178902343605228,-3.21369993588768,-2.9107591079504,-0.099424749342635
1494,12,2,2,0.130899693899575,1,2,2,0.123421557247639,-7.12563591353243,-6.43997607914442,-0.00240358256925883,-3.12891088594561,-1.49456990755945,-0.312125832840528
1495,12,2,2,-0.130899693899575,1,2,2,-0.128291547298431,-10.6493105400015,-4.68416495905113,-0.009307350444122,-3.6091597549073,-3.29070853800257,-0.0664625332362219
1496,2,2,2,-0.0436332312998582,1,2,1,-0.0540561378002167,-1.64439813829364,-7.02648918469384,-0.215692471975694,-1.55835697468906,-0.653910456810253,-1.31114944832803
1497,3,0,0,0.00872664625997165,1,0,0,0.00349766318686306,-0.000526030110435576,-8.49367484311785,-8.04364738383175,-0.583693479007934,-0.935414018048183,-3.00089735320017
1498,3,2,0,0.072708712214986,1,2,1,0.0740211680531502,-2.98821611793903,-5.80373693526993,-0.0548718400316406,-1.87290934982165,-0.62938216485377,-1.16026505831362
1499,54,2,1,0.109083078249646,1,2,1,0.108882419764996,-4.97009509788385,-2.10790804006869,-0.137464030085152,-6.21422837624853,-0.00534224400031646,-5.70557953770133
1500,22,2,1,-0.164060949687467,1,2,1,-0.165121391415596,-12.4389318546943,-4.15769039070272,-0.0157713059658094,-3.3985022154299,-0.612683404298193,-0.856414715989921
1501,27,2,0,-0.109083078249646,1,2,0,-0.10874167829752,-10.190868107268,-3.95132562616826,-0.0194547468918015,-0.713243802102745,-0.917380436356978,-2.2037935719353
1502,85,2,1,0.0471238898038469,1,2,1,0.049956601113081,-1.53633983448818,-2.90475375227162,-0.31461413119427,-4.48350932686808,-0.0264084400243169,-4.21522306073563
1503,12,2,2,0.146742306592238,1,2,2,0.136581167578697,-7.83499502938098,-7.13290094644467,-0.0011947136303442,-2.3291411881443,-0.830559031953926,-0.761822192681679
1504,12,2,0,0.165806278939461,1,2,0,0.152988404035568,-7.98202249607744,-6.42890090262055,-0.00195766257592415,-0.0531607376463639,-3.17799667112723,-4.59488780823661
1505,2,2,0,-0.0959931088596881,1,2,1,-0.106256477534771,-6.17649024207929,-7.44286339651928,-0.0026668672739265,-1.31548093055127,-0.405312829835688,-2.7351146107875
1506,12,2,0,-0.165806278939461,1,2,1,-0.153947234153748,-8.03288723232322,-8.7253253803521,-0.00048708855618735,-1.38267540532394,-0.46654140228996,-2.10434101868371
1507,22,2,1,-0.166678943565458,1,2,1,-0.166084781289101,-12.6191647777948,-4.15747287859628,-0.0157740913681214,-3.03923267916912,-0.425706813437257,-1.20791193581921
1508,3,2,1,-0.0785398163397448,1,2,0,-0.0809933394193649,-3.7036180015681,-8.84255380136679,-0.0250908225803398,-0.82131480575102,-1.48307753214372,-1.09898604982853
1509,3,1,0,0.0261799387799149,0,2,1,0.129690870642662,-5.73424772546335,-2.5476828087828,-0.0850091495119363,-1.5037703235453,-0.25922912207265,-5.10549489818666
1510,3,2,0,0.137358980201204,1,2,0,0.136040419340134,-6.84105681200653,-11.7247771751293,-0.00107769604156008,-0.347291457241832,-1.23913015903935,-5.58211044174994
1511,56,2,2,0.135263017029561,1,2,2,0.136325120925903,-8.16683198223297,-11.0687685377255,-0.000299498580574307,-4.47231817850809,-3.47497701708014,-0.0433076992208339
1512,40,0,2,-0.00927079911559198,1,0,2,0.0350902304053307,-0.236352125853037,-4.67467901261209,-1.60361052535081,-1.80479254502177,-2.24371140650707,-0.315495603388224
1513,3,2,1,0.130899693899575,1,2,0,0.122188031673431,-8.86635085054949,-8.97416944294846,-0.000267720293566183,-0.435681964210565,-1.061353066013,-4.93517126230771
1514,9,0,1,-0.00872664625997165,1,0,1,-0.0231249127537012,-0.00693677175311013,-7.11733264783778,-5.09917037983742,-1.95592822005036,-0.661123697886147,-1.07207958075338
1515,22,2,1,-0.161442955809475,1,2,1,-0.160310938954353,-12.8477211413955,-4.42550283907027,-0.0120430452764874,-2.65702714039248,-0.486010498667999,-1.1559189888212
1516,2,2,2,-0.113446401379631,1,2,1,-0.124547362327576,-11.5594462681107,-3.98020040658241,-0.0188683736100486,-2.64521599567463,-0.616551741666366,-0.943643086796564
1517,3,2,1,-0.148352986419518,1,2,1,-0.152939006686211,-11.5706640089368,-9.89724316992961,-5.97256376053272e-05,-2.94247370126814,-0.0666523794339785,-4.44436847677768
1518,9,2,2,0.0610865238198015,1,2,1,0.0567971505224705,-5.14046276219315,-9.39727483862986,-0.00595557359169705,-1.16212537291626,-0.867493928904659,-1.3198455338739
1519,54,2,0,0.117809724509617,1,2,0,0.112368129193783,-6.87899210532257,-9.07501213052102,-0.00114434844093836,-0.0364102778537478,-5.81837357073153,-3.41784661721305
1520,9,2,2,0.0610865238198015,1,2,1,0.043738104403019,-2.51226137844032,-9.90397249241843,-0.0846156497593571,-1.62046950231527,-0.592177470204249,-1.39001081325302
1521,12,2,0,-0.0785398163397448,1,2,0,-0.08475461602211,-9.19322298321534,-5.77320759224825,-0.00321666618853079,-0.327185151211107,-2.25020434456156,-1.75058652692828
1522,33,2,1,-0.0619591884457987,1,2,2,-0.0643252208828926,-6.80224146680619,-7.80683864804411,-0.00151934352512631,-2.47409641433061,-3.01233033679401,-0.143196160595158
1523,9,2,1,0.0785398163397448,1,2,1,0.0691315606236458,-2.83684359728872,-5.9255543538972,-0.063238745179723,-2.62441819162074,-0.0955867418725948,-3.98038238152153
1524,3,2,1,-0.0785398163397448,1,2,1,-0.0870643705129623,-4.47005229793211,-8.70064223640402,-0.0116811499325493,-1.16639656152318,-0.829444303232194,-1.377449401843
1525,60,2,2,0.170169602069447,1,2,2,0.169131591916084,-9.30942046482742,-14.0243700305919,-9.14377053850189e-05,-3.11925792325701,-2.75666312980373,-0.113945320929058
1526,3,2,1,0.081516352660558,1,2,0,0.0865508392453194,-7.95862156428975,-5.96658902095807,-0.00291683078485914,-0.295709653961022,-1.36431061607057,-7.72907546969761
1527,3,1,0,0.0261799387799149,0,2,1,0.130964741110802,-5.72424504762573,-3.50868390393406,-0.0337657527413196,-1.34638365511,-0.314936997004279,-4.60659829318073
1528,3,2,2,-0.148344873365573,1,2,1,-0.155430987477303,-4.89400126137724,-8.68352488114881,-0.00769024082196876,-1.36814041962004,-0.964198116336059,-1.01024083943854
1529,54,1,1,0.109083078249646,0,1,1,0.192198783159256,-8.91660836841252,-0.0167403067722736,-4.10640621095043,-10.1951674994817,-4.48236974380102e-05,-11.7949819416929
1530,85,2,1,0.0506145483078356,1,2,1,0.0504667907953262,-1.8293395973434,-1.58317726458128,-0.455455898314995,-5.07853511015532,-0.0119524385188021,-5.17569832463294
1531,2,2,0,0.0471315937962484,1,2,0,0.0874041393399239,-3.7538850668454,-19.9199474055478,-0.0237052962116273,-0.89341328207967,-1.16587305576359,-1.27620980186892
1532,12,2,1,0.0610865238198015,1,2,2,0.0467718616127968,-2.5109733174164,-8.27369354082046,-0.0849527589217523,-2.91528056909903,-1.35455366103557,-0.374331725514821
1533,41,0,1,0.010471975511966,1,0,1,0.0438846126198769,-0.329893697764422,-3.6924048533758,-1.3622350026559,-1.24781626619267,-0.83619726067165,-1.27470455148212
1534,12,0,1,-0.0249470954649223,1,0,1,-0.0486065223813057,-0.00138533661536238,-17.3137003676159,-6.58253591231887,-1.7924437261819,-0.222385205913243,-3.41609408421531
1535,9,0,1,0.0261799387799149,1,0,2,0.0115963974967599,-0.0274533582825217,-11.422184833434,-3.60936540971337,-1.55262483633376,-1.05148206027561,-0.823509024075821
1536,12,2,1,-0.113446401379631,1,2,1,-0.108284898102283,-10.4599419170242,-3.32285918184245,-0.0367451850230785,-3.52977730173444,-0.0688252432164496,-3.29147795916675
1537,9,2,1,-0.0436332312998582,1,2,1,-0.0290533751249313,-2.15236184032939,-5.76683770234413,-0.127082504910112,-2.34713278164955,-0.207893514597115,-2.38527646380026
1538,9,2,1,0.0436332312998582,1,2,2,0.04279850050807,-1.83942220508772,-8.76914005286006,-0.173240566250442,-1.86266367118762,-1.02504349219102,-0.72162759999348
1539,9,2,1,-0.165806278939461,1,2,1,-0.120452351868153,-5.27203166259318,-5.83155621696814,-0.00809942578333316,-0.768367627157654,-0.698206024583098,-3.25053386285966
1540,12,0,1,-0.00872664625997165,1,0,1,-0.0304545108228922,-0.00571228273454006,-12.1660611534169,-5.16892080414881,-2.89379971555625,-0.538443999123457,-1.01893584983037
1541,22,2,2,-0.164060949687467,1,2,1,-0.164843142032623,-12.3858124518135,-4.07447077389476,-0.0171515752928831,-3.74003881642272,-0.482797313059153,-1.02389850814486
1542,9,2,2,0.0610865238198015,1,2,1,0.0477801263332367,-4.72376164435521,-9.8787117299402,-0.00897314624790362,-1.13081528524463,-0.79163816114628,-1.49553752765088
1543,2,2,2,0.0785398163397448,1,2,1,0.103010721504688,-8.37059676050314,-26.6914756992775,-0.000231590860045537,-9.41598252052012,-0.20756938220417,-1.67471397520809
1544,3,2,2,-0.113446401379631,1,2,0,-0.128963053226471,-8.54553257952255,-9.72779689107908,-0.000254007648599462,-0.540355012541329,-1.07277234324239,-2.5849517283959
1545,12,2,1,-0.113446401379631,1,2,1,-0.103117123246193,-9.92720719350098,-3.26002931945998,-0.0391943348695995,-3.67259766518516,-0.0677992943312344,-3.21534121289859
1546,12,2,1,0.165806278939461,1,2,1,0.136487424373627,-7.67180175821698,-0.82700635026438,-0.57593746748571,-0.787649108358312,-0.663707043739465,-3.50163293997544
1547,66,2,1,-0.137881010907552,1,2,1,-0.131855964660645,-11.5452801660134,-3.45930359724221,-0.0319668981910856,-3.38982054694954,-0.0671247941789306,-3.46712344784668
1548,12,2,2,0.123800771697859,1,2,2,0.108476474881172,-6.4757375855162,-5.00557758903716,-0.0082750223343037,-1.52484573603532,-0.978480332495393,-0.900261208803254
1549,2,2,1,-0.148352986419518,1,2,1,-0.141116619110107,-11.9253347484882,-3.61785032736291,-0.0272138460532361,-3.39718565003137,-0.0606976401720599,-3.67202797354117
1550,3,2,2,-0.148352986419518,1,2,0,-0.158700674772263,-10.5404104032245,-10.4397396044508,-5.56722878932764e-05,-0.474991653792933,-1.07304560861892,-3.32023588025462
1551,9,2,0,0.0959931088596881,1,2,1,0.0701082274317741,-6.34605819246288,-6.61235410414547,-0.00310216209889063,-0.831449862455842,-0.789859045457752,-2.20116921910198
1552,43,0,1,0.0279252680319093,1,0,1,0.0226508695632219,-0.0241963169912806,-5.53980696930435,-3.91309182575798,-2.03959589949093,-0.182470293364333,-3.30472511805647
1553,2,0,1,0.0261718257259701,1,0,0,-0.00943718384951353,-7.15255993100194e-07,-19.704663033606,-14.1549584596232,-0.237798702159802,-1.55776685556455,-6.87555222011268
1554,2,2,2,-0.113446401379631,1,2,2,-0.122500002384186,-10.6404972791466,-2.74172123834522,-0.0666561384977422,-3.64382356200902,-1.65755315142954,-0.244312285662981
1555,9,2,1,-0.130899693899575,1,2,2,-0.138395562767982,-10.1641743155629,-7.80192925950386,-0.000447552204877568,-5.42062435528355,-4.75787467464692,-0.0130935849584234
1556,66,2,0,-0.130899693899575,1,2,0,-0.128369733691216,-12.6888216372624,-5.27645285513606,-0.00512678080004013,-0.450800706290347,-1.03460252971927,-4.89092134142914
1557,33,2,2,-0.0567232006898157,1,2,2,-0.0692172273993492,-6.20834361476814,-3.67664437223149,-0.0277005264346504,-6.77418325439408,-1.0568085679468,-0.428794411122233
1558,2,2,2,-0.130899693899575,1,2,2,-0.134198427200317,-11.1898169018535,-3.95874683756328,-0.0192856834886728,-3.23186650264662,-5.7474122957229,-0.0436121123355585
1559,9,2,1,0.130899693899575,1,2,1,0.124600298702717,-5.9386269987697,-3.42291026353556,-0.0358894378781482,-4.5790717376047,-0.0128076177927025,-6.00695588781956
1560,43,0,0,0.0279252680319093,1,0,0,0.0390381701290607,-5.8412722481858e-06,-14.1581412312919,-12.1810571199377,-0.0108092186690333,-4.55866411607467,-8.19883186141785
1561,2,2,1,0.130899693899575,1,2,2,0.12692055106163,-4.31635535812447,-16.4273901734423,-0.013438351730864,-15.4183745017288,-0.779230109906329,-0.613891086659795
1562,9,2,1,0.165806278939461,1,2,1,0.156505912542343,-9.2463377502495,-9.12932857077285,-0.000204882151007612,-1.49379394974266,-0.352184905613979,-2.6265071578609
1563,9,2,1,0.130899693899575,1,2,1,0.124593950808048,-5.93381580516436,-3.42910013328082,-0.0356940383774415,-4.58237397093107,-0.0127385535253557,-6.02103696165292
1564,27,2,0,-0.109083078249646,1,2,0,-0.107278145849705,-10.5602813673705,-3.47971483777541,-0.0313277550947606,-0.32036494641942,-1.74787735756874,-2.30285765747344
1565,12,2,1,0.148352986419518,1,2,1,0.139833986759186,-6.99947702214717,-9.21475754994529,-0.00101242037895312,-1.75418985689619,-0.87659864505917,-0.889754555838343
1566,22,2,2,-0.164060949687467,1,2,2,-0.158887401223183,-12.1812280643474,-5.15554086574659,-0.00578919653563854,-2.8541004764608,-5.11389175253071,-0.0657341259283864
1567,9,2,0,0.0959931088596881,1,2,0,0.0900396630167961,-7.53869764680809,-7.04893536669379,-0.00140139262109824,-0.599031844587932,-0.881299324715294,-3.31284520711484
1568,12,2,1,-0.148352986419518,1,2,2,-0.13811007142067,-9.57960911420606,-8.24025455674728,-0.000333006986387609,-3.23816624046715,-1.32119770886119,-0.365357346405174
1569,3,2,1,0.113446401379631,1,2,1,0.0912549272179604,-5.80002227300827,-2.71465955981803,-0.0717698681909893,-2.19480392501925,-0.52076882791586,-1.22228637105972
1570,66,2,0,-0.137881010907552,1,2,0,-0.131937235593796,-12.8326590741542,-5.47490102031871,-0.00420212253237736,-0.443386354845202,-1.04852020216157,-4.86850149475158
1571,2,2,1,-0.0610865238198015,1,2,1,-0.0295401196926832,-4.69454117192565,-7.11698931522592,-0.0100061354707484,-1.83727199286085,-0.363510484990241,-1.92746057510214
1572,9,0,0,0.0197206524782861,1,0,2,-0.000551915494725108,-0.00349661363726798,-10.5403007713715,-5.66533133622893,-1.44135297769994,-1.07197023189612,-0.86498178766452
1573,12,2,0,-0.0785398163397448,1,2,1,-0.0890591070055962,-7.94956177593462,-10.087468803727,-0.000394481732167008,-1.28681306803385,-0.427825529505472,-2.63212568116025
1574,56,2,1,0.132645023151569,1,2,2,0.11704183369875,-6.84814450511903,-5.78303043303413,-0.00414939110582054,-2.79167153091449,-1.39513851132815,-0.36978533477249
1575,2,2,1,0.130899693899575,1,2,1,0.105422012507915,-4.30477386473582,-16.482847707733,-0.0135960973952168,-2.37933311491879,-0.281002168619929,-1.88150253759919
1576,2,2,1,0.0610865238198015,1,2,1,0.0980508998036385,-6.5369281526312,-23.2620052245401,-0.00144998002297945,-5.47695472307398,-0.633362481369156,-0.765687807469392
1577,12,2,0,0.165806278939461,1,1,2,0.093000702559948,-13.1235979849933,-0.0706156424219111,-2.68563271949827,-3.56304010425658,-7.43918739141959,-0.0293673501850612
1578,9,0,1,-0.00872664625997165,1,0,1,-0.0362379141151905,-0.0221536616132412,-5.61250999845245,-4.00314929772822,-1.75258690747082,-0.808381605577879,-0.964702936195793
1579,3,2,2,-0.0994914713560783,1,2,0,-0.106514796614647,-6.71418414221287,-9.65086631207526,-0.00127880050556344,-0.551553188291517,-1.28958269907081,-1.90676684699187
1580,12,2,1,-0.0785398163397448,1,2,1,-0.0782298073172569,-6.36831496673261,-8.60530686694724,-0.00189991360625991,-0.904148831648536,-0.536253819531615,-4.58751332594029
1581,85,1,1,0.0506145483078356,0,1,1,0.164980962872505,-10.7106790922239,-0.00169468391473269,-6.39431043649866,-9.22281045583708,-0.000130423467539253,-10.3609940178461
1582,33,2,0,-0.0567232006898157,1,2,0,-0.0663349702954292,-4.54485826396208,-4.89797436369582,-0.0182488964066357,-0.643113403959917,-0.980003394277502,-2.31226350121869
1583,56,2,0,0.135263017029561,1,2,2,0.135171234607697,-8.23587943370604,-12.5521579491007,-0.00026855498237452,-1.42693801457848,-1.57089354750952,-0.594030079205985
1584,12,2,0,-0.0436332312998582,1,2,1,-0.0576308183372021,-2.907428662486,-4.69018240981952,-0.0659272082042212,-0.826284238495184,-0.651155635550394,-3.19700165498787
1585,33,1,1,-0.0654498469497874,0,1,1,0.0579018071293831,-4.21902036970778,-0.152196941354514,-2.06776700556307,-6.5263189156192,-0.00241989392861233,-6.9563740935477
1586,60,2,1,0.170169602069447,1,2,1,0.145769074559212,-9.92611813593367,-10.278054440201,-8.32115460911204e-05,-3.06809154478761,-0.323442598796546,-1.47038634168496
1587,27,1,1,-0.117809724509617,0,1,1,-0.0213520862162113,-8.24177656135274,-0.0265151167544807,-3.65338456692652,-5.95967512079113,-0.00351312227855514,-6.98444731490673
1588,33,2,1,-0.0567232006898157,1,2,2,-0.0366016291081905,-6.20080607741762,-4.21839517027854,-0.016891905982078,-1.16759841846671,-1.45546222586696,-0.786152555775849
1589,54,2,0,0.115191730631626,1,2,1,0.1043391674757,-7.68051726855682,-5.17104109599086,-0.00615940072720337,-0.819920630854291,-0.624502317695311,-3.72947228323867
1590,2,2,1,0.0755632800189317,1,2,2,0.104371480643749,-6.6720886729329,-22.7067146628315,-0.0012665063124449,-7.21671806341224,-0.822518726917644,-0.579922059428349
1591,12,2,1,0.113446401379631,1,2,1,0.103454731404781,-8.19731428823214,-6.33240801787702,-0.00205519245124475,-0.850719720007544,-0.585156899849508,-4.14306262040957
1592,9,0,2,-0.0261799387799149,1,0,1,-0.0289188344031572,-0.502084335163701,-2.81885608016127,-1.0934512610923,-3.49414720952663,-0.362111093129693,-1.29674531041338
1593,54,2,0,0.115191730631626,1,2,2,0.112234257161617,-6.12493303326607,-6.72098999752698,-0.0033987038555211,-2.60062995310225,-1.1546647890871,-0.49329680798741
1594,66,2,1,-0.123918376891597,1,2,1,-0.124267295002937,-11.0219587028438,-3.12971107356446,-0.0447325154714152,-3.46707253578514,-0.0612514642233573,-3.56825079949858
1595,38,0,1,-0.0218166156499291,1,0,1,-0.0170719716697931,-0.395854118626309,-8.45673004427782,-1.11876613840036,-1.19994654049721,-0.477778661114109,-2.54299950486584
1596,12,2,1,-0.0610865238198015,1,2,1,-0.0630738809704781,-3.52334183727503,-8.59235918564773,-0.0301357675698962,-1.41533448119077,-0.847771243228807,-1.11234497608858
1597,12,2,1,0.148352986419518,1,2,0,0.102303251624107,-6.99112155470338,-5.25421983459327,-0.00616431851764013,-0.148860826161621,-2.02760974513577,-5.01146213712428
1598,3,2,1,-0.0436332312998582,1,2,1,-0.053756058216095,-3.58434874834039,-6.32282261179103,-0.0299949840096455,-4.6256190469907,-0.146148336328553,-2.07010267936647
1599,3,2,2,-0.0959931088596881,1,2,0,-0.0968186780810356,-5.76002255553302,-9.99504410163707,-0.00320183672142263,-0.70108167462869,-1.41621865370504,-1.34200297381799
1600,2,2,1,-0.0610865238198015,1,2,1,-0.0669166520237923,-6.55503712257922,-9.83859357562628,-0.00147731893560157,-1.48326219005332,-0.338287485636756,-2.81152138141035
1601,22,2,2,-0.164060949687467,1,2,1,-0.151763498783112,-11.638523187158,-5.89054536759088,-0.00277815368881503,-2.35288686644964,-0.299404974402336,-1.81004581968557
1602,12,2,1,-0.165806278939461,1,2,1,-0.17488694190979,-11.9027362864832,-9.86472289131873,-5.87719067832147e-05,-1.08301931165932,-0.421361522620637,-5.24470476617373
1603,2,2,1,0.0610865238198015,1,2,1,0.098121352493763,-6.46828125547284,-23.0614876458629,-0.00155307192347084,-5.14727424700221,-0.60190507740961,-0.806500308838405
1604,41,0,1,0.00785398163397448,1,0,1,0.0438846126198769,-0.329893697764422,-3.6924048533758,-1.3622350026559,-1.24781626619267,-0.83619726067165,-1.27470455148212
1605,9,2,1,-0.0436332312998582,1,2,1,-0.0507853515446186,-3.5122673625919,-6.01853877435287,-0.03279428722085,-4.26485244046534,-0.100847147560975,-2.5025622657029
1606,12,2,1,0.165806278939461,1,1,1,0.13467013835907,-7.92176586539391,-0.56918144718636,-0.835520507022776,-0.816891853350556,-0.65970256710405,-3.18950608878184
1607,22,2,1,-0.170169602069447,1,2,1,-0.160060569643974,-12.6202058888427,-3.97227547504124,-0.0190134311658973,-3.66146147427943,-0.0467744576563186,-3.9118974933738
1608,66,2,0,-0.123918376891597,1,2,2,-0.123571090400219,-9.83306338124317,-5.5312196988981,-0.00402281111884517,-0.9025269005953,-1.97050149363911,-0.787305163280022
1609,2,0,1,0.00872664625997165,1,0,0,-0.0207328889518976,-3.09944633159913e-06,-18.2475425712612,-12.6893065064136,-0.0455444003628047,-3.11797600972805,-8.19431089922384
1610,56,2,2,0.132645023151569,1,2,2,0.115510664880276,-6.19962138197262,-4.75129571457647,-0.0107280619538354,-3.73212597063584,-1.34828863783641,-0.333553096289788
1611,85,2,1,0.0436332312998582,1,2,1,0.046592004597187,-1.16880776382274,-3.10047909276862,-0.439691411895518,-4.5283804796969,-0.0244418262045752,-4.3164344107903
1612,12,0,1,0.0261799387799149,1,0,1,0.0100277485325933,-0.0364296879080206,-6.82512028172854,-3.36136126887198,-1.10972230252129,-0.523527393258929,-2.55204263091396
1613,22,2,1,-0.161442955809475,1,2,1,-0.160029858350754,-12.8784589973958,-4.50642544155575,-0.0111017266875199,-2.61402092420156,-0.529738034820022,-1.08470559349735
1614,9,2,1,-0.0959931088596881,1,2,1,-0.10721243917942,-6.2974314271093,-7.27524228098918,-0.00253676991257107,-1.54795301176696,-0.330427546240757,-2.67799598449583
1615,2,2,1,-0.148352986419518,1,2,1,-0.141112253069878,-11.8745978671358,-3.56646280282467,-0.0286696299396181,-3.43291507835109,-0.0583400690649741,-3.71406526027759
1616,9,2,2,-0.0610865238198015,1,2,0,-0.0664480775594711,-7.62988021630241,-6.96577814239561,-0.00143034183305048,-0.181816308591205,-2.87200761224567,-2.21036837047005
1617,12,2,1,0.113446401379631,1,2,0,0.0929144397377968,-7.00841026875103,-10.9327185488399,-0.000922509235504119,-0.394484098659914,-1.1411402664785,-5.03321894920427
1618,9,0,2,-0.0261799387799149,1,2,2,-0.0307142455130816,-2.57260706622303,-5.70323379588339,-0.0830245449860348,-1.42400297534963,-2.4510488995448,-0.395937980691415
1619,3,2,0,0.0610865238198015,1,2,0,0.0501905828714371,-2.11191757343062,-3.40031214543557,-0.167671687344049,-0.267873620279437,-1.52063500127598,-4.10910038717792
1620,9,2,1,-0.148352986419518,1,2,0,-0.140791997313499,-8.27783472823336,-9.16872197056126,-0.000358407344629426,-0.274076942339514,-1.86371132281553,-2.46946191560898
1621,40,0,2,-0.00436332312998582,1,0,0,0.0112347723916173,-0.00507789461133127,-5.63985974345846,-6.49454554848618,-0.518958840375122,-1.03881083014798,-2.97622627127188
1622,56,2,2,0.135263017029561,1,2,2,0.128812357783318,-6.69043846903958,-12.6711399069225,-0.00124663300922822,-2.26862005941964,-2.04439754496557,-0.265155077621108
1623,12,2,0,-0.0785398163397448,1,2,1,-0.0618592724204063,-5.57218141227214,-9.48121990936744,-0.00388595518415702,-1.07857169885913,-0.554678427084259,-2.45734404685197
1624,2,0,1,0.0261799387799149,1,0,0,0.0114818261936307,-3.57627932601205e-07,-21.6476481745486,-14.8844969728269,-0.58386969035857,-0.823077926437548,-5.74900359613377
1625,3,2,1,0.130899693899575,1,2,1,0.123064301908016,-5.59218084003028,-4.57395191373606,-0.014143597184596,-1.05468705144598,-0.611555072748055,-2.21464735258991
1626,2,2,1,-0.148352986419518,1,2,1,-0.141118302941322,-11.924616673245,-3.61526141483422,-0.0272854486852423,-3.39693211512122,-0.0605449522065293,-3.67802996429396
1627,60,2,2,0.170169602069447,1,2,2,0.152643859386444,-7.80411329890828,-11.0339488958836,-0.000424296257794175,-2.68209706325174,-2.05024555332854,-0.219553592778097
1628,27,2,1,-0.109083078249646,1,2,1,-0.101022876799107,-4.85308361534015,-7.65546271875217,-0.00831216477520821,-2.80788756863904,-0.623818830938421,-0.90690079209945
1629,2,0,1,0.0261799387799149,1,0,0,-0.00365109252743423,-4.76837271889999e-07,-20.4351449623915,-14.6639141817568,-0.308100901180642,-1.33288619535147,-6.54045220551581
1630,22,2,1,-0.164060949687467,1,2,1,-0.158549427986145,-12.8348887790557,-4.44841651986544,-0.011768656284128,-1.67324983883075,-0.346628484097643,-2.2509821743384
1631,3,2,1,-0.165806278939461,1,2,1,-0.156994789838791,-12.4707713021162,-3.93369361077593,-0.019769188457452,-3.63817847745542,-0.046353448717367,-3.96355840711189
1632,12,2,1,-0.148352986419518,1,2,2,-0.142852395772934,-11.1527313533764,-6.23276658845725,-0.00198023753688924,-2.78231338318669,-2.37623186824463,-0.168176207911109
1633,40,0,1,-0.00436332312998582,1,0,1,-0.0171614903956652,-0.025722626846954,-9.25510989182709,-3.67699035101923,-4.46655774923202,-0.0683682353790047,-2.90778095472574
1634,2,2,1,-0.0959931088596881,1,2,1,-0.0956103727221489,-4.98640512838181,-7.25247267435724,-0.00756717564853375,-2.21046553282652,-0.529810017438529,-1.19854215628266
1635,85,2,1,0.0436332312998582,1,2,1,0.0469928905367851,-1.23742590900841,-3.12356454982913,-0.406660895905246,-4.59980021103355,-0.0227056851506788,-4.39038058634418
1636,33,2,0,-0.0593411945678072,1,2,0,-0.0716162770986557,-4.49944007249571,-5.2403238809138,-0.0165499462330202,-0.655051142347558,-0.817225412320553,-3.2460123470619
1637,38,0,0,-0.022292409776513,1,2,2,0.0183896627277136,-1.08149906688898,-3.73835772237573,-0.45079724481426,-0.866113907886768,-2.0933326558083,-0.784952010927968
1638,9,2,2,0.0520326965020049,1,2,2,0.0355306826531887,-1.56487935440869,-9.79376838822802,-0.23467102581912,-1.38921567532144,-1.18729203597008,-0.808147336458838
1639,9,2,1,0.0785398163397448,1,2,2,0.0564087964594364,-0.71814645092808,-10.133213659553,-0.668835319320861,-7.26016791068414,-0.729121820372754,-0.659780735636136
1640,27,2,1,-0.117809724509617,1,2,1,-0.112505711615086,-10.6962337019099,-3.26394955412277,-0.0390108696019111,-3.4880498490398,-0.0711575158834383,-3.26690085015872
1641,12,0,2,0.00872664625997165,1,0,2,-0.00928354915231466,-0.00187172710934575,-11.7382761816515,-6.28612293247133,-1.68903475011964,-1.18337412837849,-0.675192151761081
1642,43,0,2,0.0305432619099008,1,0,2,0.0331866852939129,-0.201507881772006,-5.75767450140275,-1.71844704583752,-2.20644662170896,-2.20527609801797,-0.2488605210879
1643,40,0,2,-0.00698131700797732,1,0,1,-0.0313258580863476,-0.00782671732797839,-5.88984673283746,-5.29257248155408,-3.40324886356365,-0.673019954644847,-0.784014622020786
1644,66,2,0,-0.123918376891597,1,2,2,-0.12803316116333,-10.9375871753126,-3.91876444764208,-0.0200837897415332,-1.78446501922653,-4.62059021122229,-0.195691138962557
1645,9,2,1,-0.0959931088596881,1,2,1,-0.112961865961552,-5.61756350045314,-9.74046023540786,-0.00369910257696417,-1.22029880060066,-0.771275164936213,-1.41702161158706
1646,9,2,1,0.0436332312998582,1,2,2,0.0290047470480204,-1.18940590743204,-8.57672103477413,-0.363254431722905,-1.46212605297122,-1.15368315462578,-0.792339557809699
1647,27,2,1,-0.111701072127637,1,2,1,-0.101565457880497,-6.032683452124,-4.73196937731848,-0.0112714615411109,-2.15507353656069,-0.14167835022797,-4.12244062964296
1648,33,2,2,-0.0567232006898157,1,2,2,-0.0623900927603245,-6.08215399278093,-4.54753937889086,-0.0129601314885891,-4.84182715634245,-2.03765817166058,-0.148762468594573
1649,41,0,2,0.0130899693899575,1,2,2,0.00748453754931688,-1.34436260053777,-5.07354270910104,-0.310563254706994,-3.31462244687752,-1.56295252092397,-0.282182995757056
1650,66,2,0,-0.137881010907552,1,2,0,-0.132131159305573,-12.8461957229304,-5.46221587900002,-0.00425575462200177,-0.443994882169843,-1.04730140510458,-4.87331523987642
1651,3,2,1,-0.148352986419518,1,2,1,-0.153000980615616,-11.5711597835862,-9.90068480850763,-5.96064212028193e-05,-2.94667587101271,-0.066226613560172,-4.45957150084479
1652,2,2,1,-0.0785398163397448,1,2,0,-0.10095826536417,-3.85745859407085,-9.59795147924978,-0.0214171702114284,-0.579357512762141,-2.23058071594919,-1.1017899083858
1653,33,2,1,-0.0567232006898157,1,2,2,-0.0752841979265213,-5.37827421679575,-5.46710325955597,-0.00887848738897856,-7.13113069444647,-1.03672425778575,-0.439147449707316
1654,12,2,0,-0.158633862013775,1,2,2,-0.160747841000557,-7.76300592787883,-7.13306310118994,-0.00122425363606279,-1.58353773551439,-1.00708399165508,-0.845204007024879
1655,2,2,2,0.0959931088596881,1,2,2,0.109646879136562,-6.621120542976,-22.6662535881026,-0.00133281319318673,-10.2636436231614,-0.987397032662655,-0.466139283101243
1656,3,2,2,0.0959931088596881,1,2,2,0.0877355188131332,-5.31612885403749,-6.52636065277031,-0.00639644174624611,-3.46512835843406,-1.10412955579067,-0.450621941398117
1657,3,2,2,0.0959931088596881,1,2,2,0.0838321372866631,-5.11731581269915,-6.73622185210528,-0.00720509511907001,-3.21162512201145,-1.1102045530136,-0.461690482011146
1658,2,2,1,-0.162307916443071,1,2,1,-0.154871970415115,-12.426673645038,-3.7714250829661,-0.0232923612170861,-3.5478825614744,-0.0508757224256577,-3.87195067122942
1659,3,2,2,0.113446401379631,1,2,2,0.109145067632198,-5.95543161215109,-6.45025702338336,-0.00418063458928235,-3.01694575559315,-1.35143155462788,-0.367909101295804
1660,22,2,1,-0.166678943565458,1,2,1,-0.165514156222343,-12.6172487887235,-4.19652107769619,-0.0151656047285765,-2.96549085386289,-0.483942333700533,-1.10227068079598
1661,40,0,2,-0.00436332312998582,1,0,2,-0.00601731520146132,-0.147203389766801,-7.57822227304297,-1.99238260131483,-3.53839189672382,-3.54406408326054,-0.0597029590980688
1662,3,2,1,0.0785398163397448,1,2,0,0.079324945807457,-6.59592780555712,-6.49272073333982,-0.00288449100121067,-0.492737435765661,-1.03901583541028,-3.34541476073662
1663,3,2,1,-0.130899693899575,1,2,1,-0.111558370292187,-6.33257619678992,-4.51480101135058,-0.0128049010137398,-2.2777384011838,-0.154307144325617,-3.20705725724451
1664,9,2,0,0.148352986419518,1,2,0,0.124826200306416,-5.76741167855599,-4.98443266686511,-0.0100216080315018,-0.262863381210198,-1.51071517334757,-4.56585096969176
1665,22,2,2,-0.164060949687467,1,2,1,-0.164839297533035,-12.4037338943763,-4.17707558887385,-0.0154664118744878,-3.51980511420484,-0.559858497698257,-0.918531081070282
1666,9,0,1,-0.00872664625997165,1,0,1,0.0292528327554464,-0.0216760682651737,-7.78169727693182,-3.86201932410806,-2.78973162665432,-0.0759750276208877,-4.44620234855657
1667,3,0,0,0.0261799387799149,1,0,1,0.0551186092197895,-0.0581153437799479,-8.01998556892187,-2.88008386413605,-2.44330736954195,-0.0997066305741317,-4.82531305125206
1668,3,2,0,-0.0610865238198015,1,2,2,-0.0714918896555901,-3.18827229794469,-4.93062031958763,-0.0496788857295812,-2.64602876325688,-1.06495646050597,-0.537298427523967
1669,27,2,1,-0.109083078249646,1,2,1,-0.0978252217173576,-8.49440967557273,-10.8432102616885,-0.000224198199538473,-2.68271327511086,-0.356699484323594,-1.46257188241849
1670,60,1,1,0.161442955809475,0,1,1,0.225827783346176,-8.20652933854689,-0.0812366355715348,-2.55423663810117,-10.2852690920669,-4.04127657425321e-05,-11.9748176179582
1671,33,2,2,-0.0567232006898157,1,2,1,-0.0369015112519264,-6.04460811260669,-4.34413714505095,-0.015472404726831,-1.42093872683557,-0.706045663767296,-1.3283251495682
1672,27,2,1,-0.117809724509617,1,2,1,-0.112584508955479,-10.6975712271426,-3.25398348859289,-0.039409081570988,-3.50378964214074,-0.068956147185166,-3.30909589609325
1673,56,2,2,0.135263017029561,1,2,0,0.137904405593872,-8.65059124988921,-14.0187991548216,-0.000175789547519802,-0.727286735183346,-2.28664377901791,-0.879055757086689
1674,3,2,1,0.0785398163397448,1,2,0,0.0785913094878197,-6.57464823064372,-6.57704097736563,-0.00279118373526554,-0.482758965432309,-1.06104569020119,-3.30150312243498
1675,9,2,1,-0.165806278939461,1,2,1,-0.12504880130291,-5.70141875556607,-5.03879061650038,-0.0098713476853036,-0.712749926968086,-0.71158639694117,-3.97171537054496
1676,12,2,1,-0.113446401379631,1,2,1,-0.10631313174963,-10.2060525947887,-3.11137491137487,-0.0456006705736195,-3.69257608889055,-0.0648369385640822,-3.27354298911399
1677,22,2,2,-0.161442955809475,1,2,2,-0.156344965100288,-13.1572075142037,-5.80012087081222,-0.00303370508088807,-1.83471005250867,-1.5685237495388,-0.458885361408494
1678,38,0,0,-0.0218166156499291,1,1,0,0.042935024946928,-1.42069033015282,-0.869331853469843,-1.08110284963812,-0.00810441321335705,-4.95087155235777,-6.91332582453064
1679,54,2,2,0.117809724509617,1,2,1,0.102559804916382,-7.9230670571456,-9.23257308437637,-0.000460134494017725,-3.90235463971958,-0.614854712240358,-0.823059328926111
1680,12,2,0,0.0436332312998582,1,0,2,0.0291826371103525,-0.242127793119229,-9.38507114863526,-1.53730237229197,-2.53921440472585,-1.32601704925673,-0.422297699147504
1681,2,0,0,-0.00872664625997165,1,0,2,-0.0289149191230536,-0.00667968106883686,-10.8576881363613,-5.0149180108163,-2.16665201800197,-1.30450978137678,-0.48754211137278
1682,2,2,2,-0.0436332312998582,1,2,1,-0.0636957660317421,-1.15535210957463,-5.73237549321901,-0.382998363737692,-1.54946169077709,-0.667488009480929,-1.29228612200765
1683,27,2,2,-0.109083078249646,1,2,0,-0.122521840035915,-6.38289776884437,-4.68511533368872,-0.0109819772764285,-0.702360381912806,-0.724407347811009,-3.91333360517735
1684,9,2,1,-0.130899693899575,1,2,2,-0.126638233661652,-8.04001907108211,-6.93522409449297,-0.00129604843902719,-1.64194894856051,-2.99206236301279,-0.279431080601527
1685,40,0,1,-0.00698131700797732,1,0,1,-0.0273993667215109,-0.00208816244765508,-8.52348667361025,-6.27269320387858,-2.67365754580832,-0.74750597396221,-0.782077716822501
1686,3,0,0,0.0261799387799149,1,2,0,0.0633848831057549,-3.05742051337643,-13.234476550648,-0.04815149875482,-0.0793573798741896,-3.05192735145733,-3.53968337711051
1687,3,2,1,0.130899693899575,1,2,0,0.10856769233942,-7.96382111895969,-2.51990005354116,-0.0842683437720629,-0.518019852490948,-1.66716186075732,-1.53470663912187
1688,12,2,0,-0.0436332312998582,1,2,1,-0.0520603805780411,-2.83439304931089,-3.38590390598853,-0.0971732122563142,-1.47078482413679,-0.348799159809419,-2.73768435651201
1689,9,2,2,-0.0785398163397448,1,2,0,-0.0909562632441521,-6.18003384112556,-9.2353130952076,-0.00217023378979815,-0.785883151108496,-0.923184155449738,-1.91711328773673
1690,12,2,0,-0.165806278939461,1,2,0,-0.14433841407299,-7.08935741417103,-7.81843574168489,-0.00123696505857408,-0.934831922455024,-0.936100562417599,-1.53621490831669
1691,66,2,1,-0.127409035395586,1,2,0,-0.127003371715546,-12.7911730889547,-5.3411447336629,-0.00480475107072667,-0.300115649173069,-1.37994544429082,-4.86975671030236
1692,3,2,1,0.0785398163397448,1,2,1,0.0611714757978916,-5.62581858299673,-4.01505455699131,-0.0218833080873456,-1.17216000575389,-0.74077756576325,-1.54383919943784
1693,43,0,0,0.0305432619099008,1,0,0,0.0344579480588436,-0.0249843587855689,-10.8584365675966,-3.70275020070998,-0.11182905119578,-3.19270061923366,-2.73734331368539
1694,3,2,1,0.0785398163397448,1,2,0,0.0807406827807426,-6.64660111976772,-6.30193895433505,-0.00313612330192646,-0.51815664158874,-0.978795387000327,-3.55368455218689
1695,3,2,0,-0.0610865238198015,1,2,2,-0.0734691843390465,-3.25511483227718,-4.34632992317955,-0.0529058140079999,-2.42474489151378,-1.29985834437442,-0.447962020406476
1696,43,0,0,0.0279252680319093,1,0,1,0.0131194377318025,-0.0981211360628082,-5.51664868248989,-2.41416857601677,-1.04940576205146,-0.494887633975487,-3.21352030084095
1697,3,2,2,-0.148352986419518,1,2,1,-0.153444707393646,-10.3042473882184,-7.85816432191883,-0.000420122170693851,-0.943005370166307,-0.515452751772991,-4.31892235294487
1698,2,2,0,-0.0785398163397448,1,2,1,-0.0853009149432182,-4.61920359733686,-7.69998891516971,-0.0103670034521718,-1.6533872751461,-0.420898892861043,-1.8829344006974
1699,56,2,0,0.135263017029561,1,2,0,0.128668382763863,-9.12155354166462,-11.7272216001446,-0.000117428044610482,-0.421859992738426,-3.58420688597859,-1.15069927969069
1700,9,2,1,0.145376450098705,1,2,1,0.133842065930367,-6.03306969375366,-3.30237707347871,-0.0399823785740033,-3.142433242169,-0.08384901338752,-3.29004200485793
1701,56,2,0,0.135263017029561,1,2,1,0.11564564704895,-7.27474234646439,-2.38966724487592,-0.0968997274353815,-0.749213770751495,-0.69408514176573,-3.58521821226025
1702,54,2,0,0.117809724509617,1,2,0,0.107810698449612,-7.34855251427754,-2.38682907150448,-0.097132421229625,-0.356934359968325,-2.06523108058065,-1.75219692684758
1703,9,2,1,0.0785398163397448,1,2,1,0.0745912864804268,-4.19470901066755,-4.2258159659884,-0.0301382247015488,-1.98959224593079,-0.181263562018505,-3.53930960245736
1704,38,0,0,-0.0244346095279206,1,2,1,-0.0133476695045829,-0.778690283962403,-8.33126172934077,-0.614793865967896,-1.97389613758591,-0.198426451691048,-3.19258930446873
1705,3,0,2,-0.0261799387799149,1,0,2,-0.0505342483520508,-0.0362705860285212,-8.2167572323187,-3.34243890525175,-2.02852574110529,-1.10255320538661,-0.622784864880916
1706,9,2,2,0.0610865238198015,1,0,1,0.0340110696852207,-0.309186285670223,-16.4054540171674,-1.32442456740671,-5.128322939746,-0.2420534567375,-1.56513755841845
1707,2,0,1,0.0261799387799149,1,0,1,0.0187053587287664,-4.76837271889999e-07,-22.1513962806108,-14.4957728513063,-0.882057972306417,-0.542066419547446,-5.39823902119274
1708,12,2,0,-0.0436332312998582,1,2,1,-0.0531175769865513,-2.97890702068887,-3.73691167118638,-0.0776113079222329,-1.2695855275647,-0.398429685059766,-3.04327502030474
1709,2,2,2,0.0785398163397448,1,2,1,0.102736808359623,-8.32021934142614,-26.5447992105978,-0.000243514621186272,-9.36489754615915,-0.254053936840949,-1.49492997267534
1710,12,2,1,0.113446401379631,1,2,1,0.0937424004077911,-5.91148529403074,-2.45735674547673,-0.0925203159883929,-0.826503316827324,-0.796166876161788,-2.19490875200782
1711,2,2,2,-0.130899693899575,1,2,2,-0.125543043017387,-10.9026726391284,-3.76547415174898,-0.0234478249278799,-2.5381014261662,-2.75315280787536,-0.154017372990862
1712,9,2,1,-0.0436332312998582,1,2,1,-0.042097844183445,-2.69360930296356,-6.54037190203957,-0.0715823134676352,-4.98584330260438,-0.0630598937766674,-2.91362103224263
1713,54,1,1,0.109083078249646,0,1,1,0.189603328704834,-8.04793064540158,-0.0397338309588754,-3.25359569818947,-10.2535316784948,-4.20817646364631e-05,-11.8971348896629
1714,12,2,0,-0.0436332312998582,1,2,1,-0.0567382536828518,-2.95544459858348,-4.54772683486849,-0.0646951267223396,-0.8984549642987,-0.589531467072121,-3.26453779115364
1715,2,2,1,-0.148352986419518,1,2,1,-0.141115963459015,-11.925428442529,-3.61763743911602,-0.0272197872228558,-3.39709604848051,-0.0607002368923705,-3.6720457760722
1716,85,2,1,0.0471238898038469,1,2,1,0.0500175543129444,-1.53687025199017,-2.87270438978325,-0.316903387366303,-4.47639079993671,-0.0272154997773171,-4.16859384118145
1717,33,2,1,-0.0567232006898157,1,2,1,-0.0366127602756023,-6.20689358797419,-4.1560570518172,-0.0178429408036451,-1.39955560336885,-0.813967523394675,-1.1705481935926
1718,38,0,1,-0.0218166156499291,1,0,0,-0.0306556019932032,-0.0672783626916823,-3.37222988066521,-3.4817966898896,-0.708116129334634,-0.723129082287101,-3.8077884535351
1719,54,2,0,0.115191730631626,1,2,0,0.111402131617069,-6.34823359471071,-6.891291954465,-0.00277026401844362,-0.913286317774258,-1.12134946712257,-1.29844221679534
1720,9,2,2,-0.0610865238198015,1,2,1,-0.0527687184512615,-5.58949267567656,-13.7724303911274,-0.00374498981646978,-1.41741463174357,-0.701364148055849,-1.34035820792998
1721,38,0,1,-0.0305432619099008,1,2,1,0.00901153404265642,-1.69689697173333,-3.62736099392297,-0.235516729197461,-1.98832850007811,-0.290412988664777,-2.1617690100056
1722,85,2,1,0.0506145483078356,1,2,1,0.0504374094307423,-1.92713837002488,-1.54501944505124,-0.444525962461328,-5.1820901886924,-0.0105880564967676,-5.31526791276471
1723,12,2,0,0.0436332312998582,1,0,0,0.022434251382947,-0.235948905123931,-7.59757161875072,-1.56218562592267,-0.664401790474918,-0.737463595560994,-4.94862533170146
1724,2,2,1,-0.0785398163397448,1,2,0,-0.0865136012434959,-4.44187250287604,-10.9081043238169,-0.0118622018652757,-0.759623218442307,-1.34341447269916,-1.30488322389429
1725,85,2,1,0.0436332312998582,1,0,1,0.0497562028467655,-1.0370968831179,-1.1733761361235,-1.09005836914038,-4.78040165484499,-0.0169453136569676,-4.77833986690016
1726,41,0,2,0.0130899693899575,1,0,1,0.0142691181972623,-0.0402673508134748,-5.15142100585421,-3.39096249593889,-3.34606700713209,-0.709517102458594,-0.748880397547699
1727,2,0,0,0.0261799387799149,1,0,1,0.0451995469629765,-5.47185609369588e-05,-21.5329755049618,-9.8135866281554,-1.58907323516166,-0.250602882821522,-4.04247353978077
1728,66,2,1,-0.127409035395586,1,2,0,-0.125256091356277,-12.6387921519878,-5.3991590255225,-0.00453383763267949,-0.454028362279332,-1.02567889612576,-5.05423374106654
1729,3,2,0,0.0436332312998582,1,2,0,0.0354033038020134,-1.48077368748622,-5.61735648204131,-0.262788960245964,-0.369915615768939,-1.37126225207821,-2.89279752965547
1730,3,0,1,0.0302279436368352,1,0,1,0.0413697399199009,-0.295565059724441,-9.28746935538424,-1.36337345290424,-3.81024274289453,-0.0447485971132988,-3.83416706195589
1731,3,2,1,0.165806278939461,1,1,1,0.142184853553772,-7.09126949898199,-0.22553639422344,-1.60405439455649,-7.29560250776791,-0.00132911278337828,-7.3388926950598
1732,33,2,2,-0.0567232006898157,1,2,2,-0.0456490628421307,-6.17536242072669,-4.90834602686774,-0.00950987622894583,-2.97968354055657,-3.54257266405363,-0.083107382248459
1733,54,2,1,0.114483723882161,1,2,0,0.106445543467999,-7.82192196764301,-9.32364470256312,-0.00049030878034,-0.747788778032206,-1.10478299435212,-1.63319296823604
1734,12,2,1,-0.113446401379631,1,2,1,-0.108539767563343,-10.4631540167776,-3.29129671248953,-0.0379450198185185,-3.56716946425222,-0.066157644320712,-3.33033804981418
1735,66,2,1,-0.127409035395586,1,2,0,-0.125620663166046,-12.6664745519133,-5.37852928563444,-0.00462844539167607,-0.392952593560786,-1.14483404456966,-5.01126348124523
1736,66,2,1,-0.137881010907552,1,2,0,-0.128680422902107,-11.9880875219863,-4.43300949665592,-0.0119561181273255,-0.192944853782231,-1.78564281007704,-4.85578141606813
1737,56,2,2,0.135263017029561,1,2,2,0.138612508773804,-8.65701097448344,-12.3412466078783,-0.000178293385844339,-1.63516956008571,-2.69845911383407,-0.304121027114785
1738,12,2,2,-0.130899693899575,1,2,1,-0.120942108333111,-10.8734231800567,-3.58777646639806,-0.0280690637926383,-1.75721880538844,-0.564885691400691,-1.35073091956241
1739,33,2,1,-0.0567232006898157,1,2,2,-0.0757215842604637,-5.67524564619375,-5.61842477507286,-0.00708521110685818,-7.37841768571837,-0.983277229391133,-0.469536056690056
1740,9,2,1,0.0959931088596881,1,2,1,0.0847660452127457,-6.60670305784713,-5.70891926906993,-0.00467850729538623,-1.04243619962934,-0.574349949900567,-2.47296335998207
1741,38,0,0,-0.0267240916355353,1,2,0,0.0125275524333119,-1.45543226973991,-3.73770605601162,-0.297204805980138,-0.805193891088132,-2.21938538417135,-0.811203764440946
1742,85,2,1,0.0471238898038469,1,2,1,0.0500142015516758,-1.53661023813862,-2.87372428548215,-0.316901096145044,-4.4770232687015,-0.0271568861153499,-4.17181495639841
1743,41,0,0,0.0130899693899575,1,0,1,0.0438846088945866,-0.329893697764422,-3.6924048533758,-1.3622350026559,-1.24781605860584,-0.83619726067165,-1.27470444486002
1744,43,0,0,0.0305432619099008,1,0,0,0.0205744933336973,-0.0716620951654871,-4.62006202971074,-2.8251039805284,-0.0207615462893631,-4.05192327181048,-5.75763941282731
1745,60,2,1,0.170169602069447,1,2,1,0.152473673224449,-9.43502290582062,-8.69364790651509,-0.000247568732362049,-2.80532191231979,-0.731551862468978,-0.780120107874289
1746,2,0,1,-0.0261799387799149,1,0,2,-0.0493626371026039,-0.132737433427179,-7.22675350523845,-2.09088138020856,-1.24809519801329,-1.26149796617206,-0.844622590827558
1747,2,2,1,-0.148352986419518,1,2,1,-0.141104906797409,-11.9088845021352,-3.59632348477981,-0.0278143889370386,-3.40647349431366,-0.0595110115076491,-3.70432144094657
1748,12,2,1,-0.148352986419518,1,2,2,-0.142473489046097,-11.7445073431072,-4.91982789981777,-0.00733514079854863,-3.36012270729522,-3.25087796348196,-0.0763102009804001
1749,54,2,1,0.117809724509617,1,2,1,0.112013041973114,-5.90982986597212,-11.9195186895317,-0.00272298707052221,-0.872911989128882,-0.616075395710977,-3.16517275113945
1750,40,0,0,-0.00436332312998582,1,0,0,-0.00680973287671804,-0.00106958110203394,-7.63336806881897,-7.44392641922057,-0.427078653449705,-1.15800811135278,-3.39690919107703
1751,9,2,2,-0.0785398163397448,1,2,0,-0.0866989120841026,-5.61959193234797,-9.27559059045468,-0.00372668252973839,-0.74089840940707,-1.08464872403431,-1.68581175501334
1752,3,2,2,-0.148352986419518,1,2,0,-0.159721493721008,-10.640688949034,-9.507620871042,-9.82332793204424e-05,-0.33208231265001,-1.29460263144409,-4.76007416164679
1753,38,0,1,-0.0218166156499291,1,0,1,-0.0365805216133595,-0.221861294371376,-2.02887734669606,-2.69576827406003,-2.02933757817113,-0.220862165272324,-2.70679733667232
1754,56,2,2,0.132645023151569,1,2,2,0.10895062983036,-5.74962804349404,-1.82794504440744,-0.179039941762847,-3.46125415482219,-0.911561040677492,-0.567901898766614
1755,2,2,1,0.0959931088596881,1,2,1,0.115557260811329,-7.54918550220958,-22.5311719865966,-0.000526626470682011,-6.1627423549401,-0.660879776989881,-0.73085591858003
1756,66,2,1,-0.123918376891597,1,2,1,-0.116229951381683,-10.8537540161433,-3.32992636518918,-0.0364722182612848,-2.73774871074351,-0.1281075281394,-2.89091618588396
1757,3,2,2,-0.0959931088596881,1,2,0,-0.098230354487896,-5.90323695762614,-9.86961995691475,-0.00278622273426224,-0.624726947796823,-1.44418446169181,-1.47554534736525
1758,3,2,0,-0.0785398163397448,1,2,1,-0.0877218618988991,-4.74000105450638,-8.34854308178452,-0.00901590804793413,-0.780485786396871,-0.718881610916866,-2.90919280100889
1759,9,2,1,-0.0825878211966651,1,2,1,-0.0907252952456474,-3.50519973231828,-13.131571876984,-0.0305032986883807,-3.28118886221584,-0.119396067840062,-2.59079685323804
1760,38,0,1,-0.0270526034059121,1,1,1,-0.0240300986915827,-0.88221414909324,-0.81382649079301,-1.94508286595449,-2.3086032525079,-0.120758735303203,-4.24385517954788
1761,66,2,1,-0.137881010907552,1,2,1,-0.132062897086143,-11.5477686364827,-3.43829226156622,-0.0326566391531145,-3.42368503413809,-0.0625365388119504,-3.57451105783426
1762,2,2,1,-0.0610865238198015,1,2,1,-0.0638195350766182,-3.91104384909371,-9.03365586109643,-0.0203445326376526,-1.45733572282763,-0.843101727735485,-1.08835339853998
1763,9,0,1,0.00872664625997165,1,0,1,-0.00620388146489859,-0.0017327769033048,-8.5359687095576,-6.47918982976711,-1.22284178533582,-0.482079191199315,-2.42917516551083
1764,38,0,0,-0.0244346095279206,1,2,1,-0.0187545586377382,-0.977541071286939,-6.57144682126308,-0.474228353522356,-4.67860377219787,-0.207718082687303,-1.72444517317654
1765,12,2,0,-0.0785398163397448,1,2,1,-0.065512128174305,-4.93307407059859,-6.02914482535752,-0.00965839713729782,-0.808182443236104,-0.661565169350132,-3.26257737227595
1766,2,0,1,-0.0261799387799149,1,0,2,-0.0528013184666634,-0.10082769865143,-7.97045849636791,-2.34794178772872,-1.12459691893625,-1.37011432129345,-0.864793036798011
1767,12,2,0,-0.0785398163397448,1,2,1,-0.091645359992981,-6.32550017753412,-9.23063911468535,-0.00188982131584706,-0.929616559272986,-0.737544596008784,-2.06350456870126
1768,9,0,1,0.0332788609816305,1,0,2,0.0170182939618826,-0.105203595563473,-9.14952278000621,-2.30506248210495,-1.5608171703695,-1.37686574592803,-0.620515359069823
1769,3,2,2,0.0959931088596881,1,2,2,0.0857650712132454,-5.21266757744882,-6.61438093637693,-0.00681127875707203,-3.36573208489603,-1.11518586890996,-0.450030121852791
1770,38,0,0,-0.0218166156499291,1,0,0,-2.98533122986555e-05,-0.146097220120603,-4.21270468749834,-2.11097276437244,-0.52559557591617,-1.11872481335897,-2.49980841159988
1771,12,2,0,0.165806278939461,1,2,0,0.139233440160751,-7.20272348170784,-2.20630518788511,-0.117490777190071,-0.548689606936926,-0.986922925593394,-3.00433200837453
1772,9,2,1,-0.148352986419518,1,2,0,-0.131534248590469,-8.31836274871462,-8.85504103112795,-0.000386730101104538,-0.156827039632124,-2.27419142875,-3.16372487941898
1773,40,0,1,-0.00959931088596881,1,0,1,0.0326356627047062,-0.0646192688230335,-8.92314353058622,-2.77351188773172,-4.99864076521009,-0.0305536281574477,-3.75739410843315
1774,3,2,2,0.113068905751964,1,2,2,0.105852127075195,-5.85118354543458,-6.04955822734169,-0.00524918648348345,-3.35021297830608,-1.5186942464875,-0.293129568367981
1775,9,2,0,0.0959931088596881,1,2,1,0.0859895125031471,-4.50229200770663,-8.35904817646947,-0.0113823834019582,-3.1161331918999,-0.115301044244067,-2.73994452993578
1776,9,2,1,-0.165806278939461,1,2,1,-0.154276773333549,-10.670286503317,-5.98491659783841,-0.00254286504722546,-3.04228586987425,-0.504292941142975,-1.05457077571391
1777,9,2,1,-0.130899693899575,1,2,2,-0.138644158840179,-10.163089726892,-7.89340914048608,-0.000411893307155911,-5.35625520705277,-4.94817409384995,-0.0118853031207636
1778,12,2,1,-0.0785398163397448,1,2,0,-0.0652963444590569,-6.5445525331702,-12.0137407967135,-0.0014450853620517,-0.405599823679092,-1.30527846235319,-2.7753751242869
1779,9,0,2,-0.0177804735777683,1,0,2,-0.0496535040438175,-0.342043991598868,-3.50582381028538,-1.34837804273098,-2.82479879227234,-0.863422318323278,-0.655922614303369
1780,9,2,2,-0.0785398163397448,1,2,1,-0.0976200923323631,-7.24801062751253,-9.41432194623148,-0.000793473725056899,-0.969756712298204,-0.68491211044161,-2.14823326346515
1781,9,2,0,0.0959931088596881,1,2,0,0.0879510268568993,-7.61672448110328,-7.50530340522227,-0.00104290966911499,-0.488855834007919,-1.07317154844504,-3.10666705225129
1782,9,2,1,0.130899693899575,1,2,1,0.124503828585148,-5.9403827775156,-3.47031147452404,-0.0343206478049725,-4.60500193250601,-0.0124173828364308,-6.05808121614095
1783,2,2,1,0.0610865238198015,1,2,2,0.0943355485796928,-4.96523373009238,-19.8868149276444,-0.00700081465935829,-1.65493752347328,-1.0004586842095,-0.818290455496397
1784,2,0,1,-0.00872664625997165,1,0,1,-0.040713906288147,-0.0126308010614552,-9.34595139260314,-4.3849047445197,-2.14872796229141,-0.706797960065561,-0.941232679423258
1785,3,2,1,0.0436332312998582,1,0,1,0.0269967000931501,-0.300168919851943,-14.8705376518502,-1.34974444127114,-2.33210632191847,-0.471364207886119,-1.27740840847481
1786,9,0,1,-0.00872664625997165,1,0,1,0.00279281032271683,-0.00267146909823908,-9.47453621954262,-5.95565155527943,-0.733030306358387,-0.692237788884076,-3.95836836916153
1787,2,2,1,-0.143730795509461,1,2,1,-0.137437105178833,-11.8064038646437,-3.76633117077881,-0.0234162787274752,-2.26666525020184,-0.229811936671727,-2.28612431528105
1788,38,0,0,-0.0218166156499291,1,0,0,-0.0180946309119463,-0.102601940143494,-6.80753892970151,-2.33916228489795,-0.266732051198976,-1.82546659301215,-2.61757972932608
1789,2,2,2,-0.130899693899575,1,2,2,-0.12606181204319,-11.0093655941646,-3.78523304329728,-0.0229821771772552,-2.71117028536479,-2.07379649424167,-0.213399462585655
1790,3,2,2,0.0959931088596881,1,2,0,0.0828509032726288,-5.43199618084008,-1.79141796313102,-0.18765326622473,-1.02507430997754,-1.08803309996943,-1.18957128175926
1791,2,2,2,-0.130899693899575,1,2,2,-0.124789886176586,-10.9648700448717,-3.70757169733846,-0.0248608578724616,-2.32994862746786,-1.34524801127601,-0.442817919373987
1792,56,2,1,0.135263017029561,1,2,1,0.113627232611179,-5.54813432783253,-6.41783334526727,-0.00554229005112887,-1.66398716334912,-0.231344698549547,-4.0656549247701
1793,9,2,1,0.130899693899575,1,2,1,0.124600417912006,-5.93861675148415,-3.42284767740109,-0.0358914767084119,-4.57905957944409,-0.012807859284523,-6.00692609359972
1794,12,2,0,0.0586007249972639,1,2,2,0.0436811484396458,-2.78347753752214,-9.49643391108565,-0.063896904202805,-2.47267389366116,-1.42406864827946,-0.393178213326211
1795,12,2,0,-0.0785398163397448,1,2,0,-0.104342184960842,-8.47506333382562,-10.0743761519157,-0.000250788185298301,-0.514262824500413,-1.52356760685444,-1.69213632406134
1796,2,2,2,-0.0436332312998582,1,2,1,-0.056391004472971,-1.65544105098419,-5.25920581838248,-0.218413785963301,-1.94830621833151,-0.289149820693206,-2.22022419790616
1797,9,2,2,0.0610865238198015,1,2,1,0.0376846343278885,-4.37830906776095,-8.82205565357037,-0.0127752584162262,-0.934203894425258,-0.916275219885664,-1.57457622841078
1798,12,2,0,-0.0785398163397448,1,2,1,-0.0643071755766869,-6.70075583181115,-10.5576322637934,-0.00125677849005219,-1.15892562525271,-0.645199261041587,-1.82251471719438
1799,12,2,1,-0.148352986419518,1,2,1,-0.144476994872093,-9.84360352460122,-8.50275082567399,-0.000256034723402935,-3.15262450829121,-0.134375682587435,-2.48893131610065
1800,12,2,2,0.0862865556724149,1,2,2,0.073592334985733,-5.04454125819534,-7.75916949019111,-0.00689493900457392,-3.01464407718181,-1.05089491917708,-0.508641374845419
1801,22,1,1,-0.166678943565458,0,1,2,-0.0453166104853153,-5.77811752272906,-0.641688634028714,-0.753953572083864,-2.13970701688011,-1.22035585379702,-0.532414390443002
1802,3,0,0,0.00872664625997165,1,0,0,0.00275004957802594,-0.000512135017374159,-8.60018543207383,-8.02288719314852,-0.589919637228818,-0.931607122274893,-2.96214194628576
1803,85,2,1,0.0366519142918809,1,0,1,0.042365700006485,-0.662060801100119,-3.06532937911801,-0.826508901670767,-4.27383429243767,-0.0325041090419001,-4.01443025578147
1804,56,2,2,0.132645023151569,1,2,2,0.116007067263126,-6.21836074628809,-4.79435099479383,-0.010321955583082,-3.71484016573288,-1.36448707349064,-0.328324980985446
1805,22,2,1,-0.161442955809475,1,2,1,-0.162018403410912,-12.5465993575856,-4.17317625408161,-0.0155267052380409,-2.84588620718921,-0.462163672675889,-1.16475866146008
1806,43,0,0,0.0219022357660701,1,0,2,0.0430672354996204,-0.127128191109216,-4.95118288659463,-2.1865442548834,-1.21265650948876,-2.14299381429436,-0.535646682680622
1807,12,0,0,-0.0261799387799149,1,2,1,-0.0143708577379584,-1.54346583239109,-9.45499604178058,-0.24043931371749,-2.06437126838118,-0.164549272200189,-3.69586545811151
1808,41,0,1,0.0130899693899575,1,0,1,0.0438846126198769,-0.329893697764422,-3.6924048533758,-1.3622350026559,-1.24781626619267,-0.83619726067165,-1.27470455148212
1809,9,2,1,-0.0959931088596881,1,2,0,-0.112145073711872,-5.33950346876902,-10.564959117876,-0.00483571556903344,-0.52361231248912,-1.70521638890633,-1.48770687905885
1810,2,2,2,-0.130899693899575,1,2,2,-0.131851494312286,-11.098115227843,-4.60728010878088,-0.010044365773771,-2.14496760319241,-4.95519169515949,-0.132524547107125
1811,9,0,0,0.0241505162860041,1,0,2,0.0040838336572051,-0.00754765718582407,-9.70503744816125,-4.89842111044039,-1.81752591654277,-1.12089883843398,-0.670239088304316
1812,2,2,0,0.0436332312998582,1,0,1,0.0718348994851112,-0.318150754457141,-17.6283333078769,-1.30009126159253,-0.911510320457777,-0.635201255807181,-2.68451365037351
1813,9,2,1,-0.0959931088596881,1,2,1,-0.0989080742001534,-5.47907603001041,-8.63286651441251,-0.00436081241870238,-1.45196101571593,-0.464917005407573,-1.98266332635714
1814,12,2,2,0.130899693899575,1,2,2,0.112835429608822,-6.18565671987028,-4.907071309675,-0.0094978414650861,-3.7085378351627,-1.32420641552204,-0.343233322589115
1815,54,2,0,0.115191730631626,1,2,0,0.0990558192133904,-8.78908873866042,-4.73236327200882,-0.00899846630530873,-0.179703526866025,-1.83133866366222,-5.45305509840672
1816,2,2,1,0.0959931088596881,1,2,1,0.116134665906429,-7.52362502998994,-22.2650819441365,-0.000540342854509106,-5.73905722103424,-0.626722447414808,-0.771234176733849
1817,3,2,1,0.0436332312998582,1,2,1,0.0379475243389606,-0.99799606821239,-4.11707284592806,-0.485985981687639,-1.3638099870677,-0.534566157832942,-1.84268373465803
1818,9,2,1,-0.113446401379631,1,2,2,-0.118619456887245,-5.12986061337977,-4.76825261525059,-0.0145175125080164,-3.01614159191289,-1.66354058005586,-0.272408437580953
1819,2,2,1,0.0657087147298585,1,2,1,0.100105904042721,-6.64987551984155,-23.3762472084067,-0.00129497416458767,-6.02135443624263,-0.684863281973114,-0.706405765197441
1820,12,2,1,0.0959931088596881,1,2,0,0.0874305292963982,-7.94785511401427,-8.01577673664523,-0.00068389908124753,-0.530509257468895,-1.02894729079472,-2.91301567118715
1821,9,2,1,0.078343807683515,1,2,0,0.0587120167911053,-1.51223417199513,-17.1509489576114,-0.248996146765519,-0.401801819161558,-1.29841404788889,-2.84865282258887
1822,3,2,1,-0.148352986419518,1,2,1,-0.152482256293297,-11.0694556888669,-9.00194397374909,-0.000138769241042877,-3.48326324795219,-0.0447027838145753,-4.34194587205826
1823,9,2,0,0.148352986419518,1,2,1,0.140190303325653,-6.20128567902673,-3.6553104523036,-0.0282762839696604,-1.13726890523937,-0.534895402873788,-2.36898437340498
1824,3,2,0,0.0610865238198015,1,2,0,0.0487641096115112,-2.61972493397786,-3.65571882168359,-0.10387920608679,-0.346835120638488,-1.27203180494173,-4.35701941139002
1825,56,2,0,0.135263017029561,1,2,1,0.115957468748093,-7.31699894744651,-2.59667414498578,-0.0781617557927626,-0.748994093748925,-0.69249138691921,-3.6182309051565
1826,33,2,1,-0.0573991339841896,1,2,2,-0.0928233042359352,-5.63683057689842,-6.81575231761062,-0.00467138110587022,-6.6322951624762,-1.40301266639806,-0.28391889017559
1827,9,2,1,0.0785398163397448,1,2,1,0.0450674705207348,-1.19781019482496,-11.5012889881892,-0.35934216125792,-4.70575846329445,-0.459998024579121,-1.02256258058772
1828,9,2,0,0.0959931088596881,1,2,0,0.0895223692059517,-7.56207091520848,-7.16575053403615,-0.00129318370975305,-0.56908309183725,-0.925968914407612,-3.2752242837384
1829,3,2,0,-0.0785317032858,1,2,1,-0.0774979889392853,-3.67753716793068,-10.7288760311417,-0.025632790189079,-2.33880306785742,-0.337205141582174,-1.66181253011173
1830,2,2,1,-0.0785398163397448,1,2,1,-0.0843423083424568,-2.74315066893784,-14.830345637124,-0.0665326064952948,-3.69971233720056,-0.155858538895729,-2.12369322334777
1831,22,2,1,-0.161442955809475,1,2,1,-0.160445868968964,-12.8290433002801,-4.39109217817304,-0.0124672930297774,-2.66723084111072,-0.470303032430316,-1.18501085762166
1832,3,2,2,-0.146323563925607,1,2,1,-0.151439651846886,-4.37645831405711,-9.43084163144534,-0.0127307659832679,-1.43251333914218,-0.783951634144169,-1.18844807732334
1833,85,2,1,0.0457932088942244,1,2,1,0.0495270751416683,-1.62185770924916,-3.25576273159,-0.269295940574132,-4.67385789872323,-0.0210420666250772,-4.46661969452673
1834,66,2,0,-0.123918376891597,1,2,2,-0.128116443753242,-10.5956480433676,-3.17814464214753,-0.0425817772262204,-1.29550328424154,-3.8231381345453,-0.350436145404694
1835,12,2,2,-0.130899693899575,1,2,1,-0.124701790511608,-11.2601883009864,-3.9927649452125,-0.0186340055529228,-1.47575586551767,-0.882631172048079,-1.02805724393974
1836,2,2,0,-0.0959931088596881,1,2,1,-0.107266671955585,-4.22881331092387,-3.8605565363589,-0.0362760249911231,-1.49055256020501,-0.371663971458492,-2.4631542125879
1837,27,2,1,-0.109083078249646,1,2,1,-0.102146595716476,-7.33239443501916,-7.84937172642139,-0.0010445803420155,-2.30890829314367,-0.497343215129316,-1.22933823195134
1838,12,2,1,-0.148352986419518,1,2,2,-0.139264971017838,-11.4172254281766,-5.62544778833043,-0.00362252882174381,-2.74712651156847,-2.87522408168214,-0.128419096334155
1839,2,2,0,-0.0785398163397448,1,2,0,-0.0951122790575027,-3.70786506272745,-8.42205578964757,-0.0250611802589503,-0.7835304679736,-1.51800188101155,-1.12682597290391
1840,9,2,2,-0.0610865238198015,1,2,0,-0.0487674362957478,-6.09773842588643,-5.83870806642978,-0.00517387196218802,-0.348835994425041,-1.97397691404836,-1.86054502957733
1841,12,2,0,0.0610865238198015,1,2,2,0.044618759304285,-2.93124101722272,-8.37814376524653,-0.0550484141281379,-3.03959187542797,-0.996087430529103,-0.539870141381224
1842,12,2,1,-0.0785317032858,1,2,1,-0.0828659534454346,-5.22817131116799,-9.42550846399395,-0.00545880281625161,-0.939868642000548,-0.832193592769237,-1.74739623643089
1843,2,2,2,-0.0436332312998582,1,2,1,-0.0593883618712425,-2.88509964203258,-4.95407606219556,-0.0649692932278359,-0.905346023829342,-0.605171339155517,-3.0034169583987
1844,3,0,1,-0.00872664625997165,1,0,2,-0.0247908364981413,-0.00925428897161158,-9.78798278818877,-4.69340214237547,-1.35871213071809,-1.0421421876804,-0.940813781764063
1845,2,2,1,-0.0959931088596881,1,2,1,-0.098359614610672,-5.05213369733253,-7.14742440312251,-0.00720851715713322,-2.21512462508194,-0.618328199007219,-1.0440798296276
1846,12,2,0,0.0610865238198015,1,2,2,0.0326995737850666,-2.84059215241494,-8.73737674607728,-0.0603356853435658,-3.6541205244841,-1.14320768436388,-0.422630083997289
1847,66,2,1,-0.137881010907552,1,2,0,-0.131913185119629,-11.8890156748678,-4.14611725245012,-0.015959277473419,-0.202876119917461,-1.76363289687855,-4.40634873707126
1848,12,0,1,-0.0261799387799149,1,0,1,-0.0278165731579065,-0.305198539560716,-6.65512072323388,-1.34042060359091,-1.86671843960355,-0.656322958363363,-1.11897516162629
1849,54,2,1,0.109083078249646,1,2,1,0.105711817741394,-5.15892315979125,-3.58019015647135,-0.0341963585933782,-4.8064729852083,-0.011985072896359,-5.58949921776911
1850,2,2,1,0.0610865238198015,1,2,1,0.0981383696198463,-6.44546761551083,-22.9958536164975,-0.00158901033602011,-5.03536272560216,-0.591241792809055,-0.821306133123729
1851,22,2,0,-0.161442955809475,1,2,1,-0.161778271198273,-12.5835382957435,-4.19571657346872,-0.0151779499615648,-2.73856633540814,-0.45423927898918,-1.20261946323951
1852,3,2,1,0.0959931088596881,1,2,0,0.0912870988249779,-6.57447336805765,-5.5068635134823,-0.00546923084799967,-0.565114205864192,-0.961029683087882,-3.01174062382596
1853,3,2,0,0.148352986419518,1,2,0,0.118813402950764,-6.74216239332463,-7.12224116288569,-0.00198907654932794,-0.0157584084431962,-4.33921323042884,-5.95683844749453
1854,22,2,2,-0.161442955809475,1,2,2,-0.157384425401688,-13.0859818376388,-5.46029961523425,-0.0042634764432131,-2.01395559173001,-1.25488565503911,-0.542261586320841
1855,3,2,1,-0.0785398163397448,1,2,0,-0.0889340788125992,-4.27937740673176,-9.43640851755015,-0.014028983615965,-0.967161170529727,-1.41955648544241,-0.972813487190411
1856,2,2,1,-0.148352986419518,1,2,1,-0.141116321086884,-11.9253651774818,-3.61778377756895,-0.027215683524606,-3.39715893568553,-0.0606990335333395,-3.67201207607558
1857,9,2,2,-0.0610865238198015,1,2,0,-0.0530087165534496,-6.93429293517668,-7.26508297945526,-0.00167480210047529,-0.396946292794301,-1.70119076961694,-1.92989331060382
1858,9,2,2,-0.0610865238198015,1,2,0,-0.0551266111433506,-7.38402218367586,-6.67587750477875,-0.00188384959433708,-0.197889730963251,-2.26967271995596,-2.57447593968713
1859,12,2,0,-0.0436332312998582,1,2,1,-0.0542649142444134,-1.68372127746556,-6.87035307818344,-0.20667969545026,-1.59474776140574,-0.591734564973609,-1.41192543904806
1860,54,1,1,0.109083078249646,0,1,1,0.186865091323853,-7.35277928013427,-0.0876950483338363,-2.48507865378234,-10.489200331152,-3.31407316430977e-05,-12.1615083428362
1861,22,2,0,-0.161442955809475,1,2,1,-0.161781653761864,-12.5878044244631,-4.1986914659143,-0.0151325033119145,-2.73444586577515,-0.450756175782685,-1.21091731863045
1862,12,2,1,-0.0610865238198015,1,2,0,-0.0809636190533638,-2.3685918399107,-8.32829416664184,-0.098554914949182,-0.730424602234863,-1.77684291869522,-1.05232765102699
1863,3,2,2,0.113446401379631,1,2,1,0.113327659666538,-6.36999889570116,-6.95424700294528,-0.00267027381716097,-1.70247431080063,-0.742618935535447,-1.07323142989809
1864,22,1,1,-0.166678943565458,0,1,1,-0.0602543763816357,-7.46393918516711,-0.461531225485335,-0.996663595741887,-1.73622570692045,-0.87487248722886,-0.89918602080744
1865,3,2,1,0.113446401379631,1,2,1,0.101206563413143,-7.30803698757897,-2.32908174094585,-0.103202072436367,-0.746308861091865,-0.721819448046485,-3.21839437623161
1866,12,2,0,0.0436332312998582,1,0,2,0.0296153929084539,-0.615669107888318,-7.82740581765406,-0.778003583174297,-2.98229874895179,-1.09236136840462,-0.487922735613743
1867,2,2,1,0.0960648991605612,1,2,2,0.114379219710827,-7.61946504469771,-23.1062648603745,-0.000490905119284029,-7.06051921235453,-0.736022573226326,-0.653683644642819
1868,54,2,0,0.117809724509617,1,1,0,0.0855894461274147,-8.12782717545466,-0.502572602307236,-0.929546870307345,-0.0141075070015722,-4.91653998450757,-5.00804359401786
1869,9,2,1,-0.130899693899575,1,2,2,-0.130461350083351,-8.14548393844703,-7.02131639726015,-0.00118343494926231,-3.12882525943613,-3.05177840684782,-0.0954585348483072
1870,9,2,2,-0.148352986419518,1,2,1,-0.12346600741148,-5.52615689744932,-5.79504397513058,-0.00704859441916484,-1.3555477872922,-0.75816093514748,-1.29584440999138
1871,85,2,1,0.0474376720780874,1,2,1,0.0506242848932743,-1.71059080370716,-3.25155458805358,-0.247785951977288,-4.6753782092436,-0.0210527193060116,-4.46447460159863
1872,12,0,1,-0.0261799387799149,1,2,1,-0.0349826030433178,-1.68289904185942,-7.94713975476024,-0.20602609617843,-1.85700958916461,-0.361286118041822,-1.91676825998593
1873,2,2,1,0.0604735450969626,1,2,2,0.0943340584635735,-4.31517024775643,-19.7282905097437,-0.0134543607843768,-1.12278839353158,-1.19846716757909,-0.986250619690398
1874,33,2,1,-0.0567232006898157,1,2,1,-0.0363276861608028,-6.12465709790811,-4.07487249994141,-0.0193690569794755,-1.64347083726528,-0.45892054077019,-1.74453261085509
1875,2,2,2,0.0785398163397448,1,2,1,0.102863840758801,-8.36080669373789,-26.5509121754409,-0.000233856363721855,-9.23016000967462,-0.273478780540549,-1.43056629097389
1876,12,2,2,0.130899693899575,1,2,2,0.0903040692210197,-5.40892820048092,-4.39002543085062,-0.0170209137326037,-3.85548709670435,-1.18993678846855,-0.393641003490936
1877,3,2,2,-0.148352986419518,1,2,0,-0.150442078709602,-8.34301670624712,-10.2405578149827,-0.000273801613694405,-0.196506384223783,-2.2223523700121,-2.65854535169694
1878,12,2,1,-0.148352986419518,1,2,2,-0.143814831972122,-11.0684005318808,-6.74651865275295,-0.00119125243426105,-3.04206117096808,-1.35368247591424,-0.365317579193664
1879,2,2,2,-0.0436332312998582,1,2,1,-0.0499779768288136,-2.87141652237652,-7.93606283364802,-0.058663883577449,-2.94438666628312,-0.411565917022115,-1.25613012435644
1880,3,2,1,-0.0959931088596881,1,2,0,-0.0916890874505043,-4.77401462673751,-9.70687825035929,-0.0085435848406852,-0.918618302835334,-1.4456349661907,-1.006944569139
1881,3,1,2,-0.113446401379631,0,0,2,0.024897700175643,-0.0536370080264172,-12.4250244955567,-2.9522919637516,-5.55756193743779,-1.28224615139516,-0.330271790260797
1882,3,2,0,0.148352986419518,1,2,0,0.147646531462669,-7.30283606396099,-3.19384751057973,-0.0425812174486113,-0.192222725990892,-2.32118761275124,-2.56759324581277
1883,12,2,1,0.113446401379631,1,2,1,0.102736912667751,-8.14571846850862,-6.50968544325352,-0.00178048474597864,-0.818696111497837,-0.620394420455223,-3.85086172470186
1884,40,0,1,-0.00959931088596881,1,0,1,-0.0262701902538538,-0.176577724463227,-5.57674563776717,-1.84464397969098,-2.0084482106956,-0.332875552071285,-1.90418584700765
1885,2,2,1,0.0610865238198015,1,2,1,0.0975382849574089,-5.67338314881496,-21.0384305768432,-0.00344218490271066,-2.7214518009425,-0.723764722805081,-0.800069855436219
1886,85,2,1,0.0380589917535217,1,0,1,0.0433183386921883,-0.702667888200201,-2.88486834405373,-0.80100954265458,-4.23874164453802,-0.0344269381287328,-3.94169068054849
1887,9,2,2,-0.0785398163397448,1,2,2,-0.0785090699791908,-4.60067208678644,-9.47923972636407,-0.0101731554547104,-1.19591773834933,-1.06269089333253,-1.04398526671159
1888,41,0,0,0.0130899693899575,1,0,1,0.0438842922449112,-0.329897262442754,-3.69237696495297,-1.36222732190782,-1.24781854965054,-0.836209502002192,-1.27468333390789
1889,27,2,1,-0.109083078249646,1,2,1,-0.0949895977973938,-9.02564109739165,-11.1945310599281,-0.000134119444355229,-1.66504766330836,-0.525332371556325,-1.51658728442297
1890,22,2,1,-0.161442955809475,1,2,1,-0.160415291786194,-12.8336602674115,-4.39870560515379,-0.0123721821627822,-2.66566833049111,-0.473544876656054,-1.17877119489685
1891,12,0,0,-0.0261799387799149,1,2,1,-0.0166750568896532,-1.45656266540925,-8.78532632295435,-0.265514749878696,-2.14287968324798,-0.177871377188949,-3.08711541834241
1892,3,2,1,0.130899693899575,1,2,0,0.115575946867466,-6.07257345685359,-4.24437405106009,-0.0167901301266721,-0.799672545822523,-0.831443291720092,-2.16192408970756
1893,3,2,2,-0.0959931088596881,1,2,0,-0.100462757050991,-6.14484845948971,-9.70685207020203,-0.00220780727052351,-0.559212673577351,-1.43663520036959,-1.65750124237637
1894,9,2,1,0.130899693899575,1,2,1,0.124565429985523,-5.93525759712097,-3.44816487922215,-0.0350558429045178,-4.59135776238254,-0.0126099762938158,-6.03573755947271
1895,54,2,1,0.117809724509617,1,2,2,0.126426607370377,-9.28071127070398,-14.9709263923191,-9.35836711125165e-05,-1.3176338049754,-2.16686360313083,-0.48175964458026
1896,2,2,1,-0.148352986419518,1,2,1,-0.141104534268379,-11.8829268846971,-3.57457578603962,-0.0284346708253174,-3.43038428022444,-0.0583492309927917,-3.71707292149616
1897,3,2,0,0.0436332312998582,1,2,0,0.0393763966858387,-2.43854638329637,-5.925541885546,-0.0942645399906664,-0.379981049767862,-1.32334480554377,-2.99808792437339
1898,3,2,1,0.0436332312998582,1,2,1,0.0452725738286972,-2.30674054418199,-3.17274400597364,-0.152538045985662,-1.06210782500915,-0.610377092408669,-2.19707531609397
1899,9,2,1,-0.165806278939461,1,2,1,-0.168940901756287,-8.75036347931065,-5.17897428089429,-0.00580898046515324,-3.24124981208545,-0.0455787110902379,-5.21386503440543
1900,3,1,0,0.0261799387799149,0,2,1,0.124583534896374,-3.94482917992571,-1.77870567484256,-0.208514927555698,-1.71517860579278,-0.24197350763459,-3.3526517286061
1901,33,2,1,-0.0567232006898157,1,2,2,-0.0366049967706203,-6.07629853280164,-4.16073014793592,-0.0180547891337773,-1.12768170902141,-1.68699099099149,-0.711023191263319
1902,9,0,1,-0.00872664625997165,1,0,0,0.0109015302732587,-0.0112918967637315,-9.21158448646501,-4.49823801767904,-0.566798474998158,-0.855148987668881,-4.90071560093438
1903,41,0,2,0.0130899693899575,1,0,1,0.00816248822957277,-0.0128387707190394,-5.49907678125055,-4.74831814935682,-1.84628294394552,-0.758287142394068,-0.984277638254461
1904,9,2,1,0.165806278939461,1,2,1,0.148571565747261,-8.08288688250861,-8.06932848505025,-0.000621989049387033,-2.04377859175687,-0.710487411545743,-0.970068400935023
1905,2,0,1,-0.0261799387799149,1,0,2,-0.0438910610973835,-0.150785516934527,-8.08618747010307,-1.96854394904443,-1.84448186138498,-1.24423030932711,-0.591077840531826
1906,3,0,1,-0.00872664625997165,1,0,2,-0.0253432095050812,-0.0119754212135277,-10.4936858614216,-4.43320473874026,-1.40989767393129,-1.26112312599156,-0.749725676157411
1907,12,2,1,-0.0959931088596881,1,2,1,-0.0894945859909058,-9.50357254272244,-3.23652899896563,-0.0401707998484207,-3.71350986560408,-0.054774435356158,-3.54358087082295
1908,2,0,0,0.00872664625997165,1,0,0,0.000965674640610814,-0.000232067807761396,-15.1609033540156,-8.36958915413035,-0.159231679678924,-1.96555166158507,-4.94448755321586
1909,85,2,1,0.0366519142918809,1,0,1,0.04261839017272,-0.676345078980417,-2.91983575718565,-0.826483429589325,-4.23623682931031,-0.0349071435192475,-3.91990637318452
1910,2,0,1,-0.0127746511168919,1,0,1,-0.0442401990294456,-0.0240272438302224,-9.88118108519849,-3.74271333966286,-2.32862204347834,-0.762489179071822,-0.829960983714464
1911,9,2,2,-0.0785398163397448,1,2,0,-0.0781429931521416,-3.60696671761992,-8.13044997598101,-0.0278116923662187,-0.992112971617563,-1.24302162451084,-1.07676327473689
1912,27,2,0,-0.111701072127637,1,2,1,-0.10324377566576,-2.18038771972454,-17.7695716309457,-0.119907715734291,-2.5024901966804,-0.235515220530471,-2.05607310995533
1913,12,2,2,0.0959931088596881,1,2,1,0.0874401703476906,-7.1201948430708,-5.92016163345279,-0.00349948468574079,-2.6699619518007,-0.65675622272978,-0.886211391365816
1914,3,2,0,0.130899693899575,1,2,0,0.138067781925201,-7.16460963225674,-12.9998298975866,-0.000775995854024591,-0.528237400810494,-0.905201076647672,-5.13345534472098
1915,12,2,2,-0.148352986419518,1,2,2,-0.140447735786438,-10.9459599443052,-4.34155784812358,-0.0131195530880413,-3.81244481073271,-3.06964783520912,-0.0709929841137008
1916,3,2,0,-0.0785398163397448,1,2,1,-0.0868814364075661,-4.37517504784121,-9.18029647341049,-0.0127701872655676,-0.869639853999263,-0.784561967641675,-2.08282314071721
1917,66,2,1,-0.123918376891597,1,2,1,-0.1227001324296,-10.9568510936659,-3.24608048361523,-0.0397224812450106,-3.44643737266665,-0.0605504614871183,-3.61582085165105
1918,33,2,1,-0.0654498469497874,1,2,1,-0.0516360551118851,-6.1825616283832,-3.03541512484109,-0.0514194885197712,-3.63596758000134,-0.0381522533980345,-4.5030427377619
1919,3,2,1,-0.148352986419518,1,2,1,-0.152932658791542,-11.5723501060398,-9.89919525675252,-5.96064212028193e-05,-2.94135832833854,-0.0667517126621559,-4.44146703531408
1920,22,2,2,-0.161442955809475,1,2,2,-0.150150969624519,-13.2173777448637,-9.20745956080875,-0.000102167580074492,-1.24460207669315,-3.94821624009473,-0.367222598030119
1921,3,2,1,-0.0785398163397448,1,2,0,-0.0876998901367188,-4.29004719517072,-9.09612134928837,-0.0139126908690319,-1.04560465251743,-1.14238909662117,-1.11028541807076
1922,3,2,1,0.113446401379631,1,2,1,0.11881311237812,-7.73928726002607,-11.0171641674822,-0.000451964932806899,-2.50906526019394,-0.228500971162265,-2.09613857324634
1923,2,2,1,0.0707930770070748,1,2,2,0.102458231151104,-6.68438602290082,-23.1568830814369,-0.00125104926470073,-6.4653107209424,-0.735182266569447,-0.655802484912616
1924,9,2,2,-0.0785398163397448,1,2,1,-0.0839669108390808,-7.17555680695622,-8.73608039988327,-0.00092620814101588,-1.20477357550051,-0.52226220661693,-2.23433836252348
1925,3,0,2,-0.0261799387799149,1,2,1,-0.0349754132330418,-1.69503901431775,-7.94434734758819,-0.203275642700813,-1.86275446902812,-0.357092280554871,-1.93069276617457
1926,2,2,0,-0.0959931088596881,1,2,1,-0.106430664658546,-4.73173047251615,-4.52235498900596,-0.0198707207685861,-2.26369947655329,-0.765065503819404,-0.842270686823163
1927,3,2,0,0.0610865238198015,1,2,0,0.0500585027039051,-2.86943683485019,-3.49665524846704,-0.0910516629736945,-0.441395601414807,-1.07366142650973,-4.19260321495427
1928,41,0,0,0.0130899693899575,1,0,1,0.0438825897872448,-0.329920060104677,-3.69218610340764,-1.3621819368734,-1.24783816684436,-0.836269197828592,-1.27457032325823
1929,66,2,1,-0.127409035395586,1,2,0,-0.124543249607086,-12.6323740552946,-5.70244998735045,-0.00334667262504911,-0.477887753964872,-0.984966095125979,-5.04270181449953
1930,27,2,1,-0.109083078249646,1,2,1,-0.101797252893448,-10.3473659221288,-9.49345935076506,-0.000107413338491353,-0.78534364435442,-0.753253767325646,-2.61449285486765
1931,2,2,0,-0.0959931088596881,1,2,1,-0.103311747312546,-5.36986032376272,-4.52588919705326,-0.0156009267596525,-2.36668811822971,-0.119424679889687,-3.97505839454648
1932,2,2,1,0.130899693899575,1,2,1,0.110605530440807,-4.58563764262375,-16.4688411877073,-0.0102496905133295,-1.20025687045981,-0.458071488704708,-2.71234698980643
1933,3,2,2,-0.113446401379631,1,2,0,-0.114734388887882,-10.4625410832114,-10.9979758923783,-4.5300556083994e-05,-0.1646383027166,-1.94177616802882,-4.78541591697038
1934,12,2,2,-0.130899693899575,1,2,1,-0.122526727616787,-11.0889948018383,-3.72773820013332,-0.0243566240140761,-1.80934820273271,-0.649778725518735,-1.1581144755215
1935,41,0,2,0.0114730854626021,1,0,2,0.0508502833545208,-0.0959695589530893,-4.93230855192912,-2.47339113205386,-1.00563067781415,-2.26964871308957,-0.633299038822733
1936,12,2,0,0.165806278939461,1,1,0,0.133406192064285,-8.51724007494441,-0.571331040914507,-0.832347652843312,-0.3355433840426,-1.39884995361637,-3.26571110758448
1937,12,2,1,-0.148352986419518,1,2,2,-0.14434015750885,-11.3891372817983,-6.48959826754524,-0.00153164082708647,-2.97103356386318,-2.61739067332033,-0.132667056144338
1938,12,2,1,0.164907093490065,1,2,1,0.136730596423149,-7.62947853965497,-1.00790223631099,-0.454870323526838,-0.800395062488237,-0.648207546016703,-3.58034214486278
1939,9,0,0,0.0261799387799149,1,0,2,0.0116655277088284,-0.0285055023335936,-11.3715515939192,-3.57228507168731,-1.63914325300023,-1.00277293797938,-0.823272067096594
1940,40,0,2,-0.00698131700797732,1,0,1,-0.0215012710541487,-0.0223570994947223,-6.4814530420842,-3.88356003758423,-1.42036897444099,-0.856141489433098,-1.09788126654315
1941,2,0,1,-0.0261799387799149,1,0,2,-0.044261459261179,-0.150664240300297,-8.37805829460365,-1.96873292540614,-1.83945680738287,-1.20059680018851,-0.616034671209958
1942,12,2,1,0.113446401379631,1,2,1,0.0832156911492348,-6.22654216643407,-5.09271597635059,-0.00815074342077173,-2.01795651489964,-0.456905994487341,-1.4531466913888
1943,22,2,1,-0.161442955809475,1,2,1,-0.160941302776337,-12.7438872932061,-4.29577384432153,-0.013722746928514,-2.64492301119221,-0.441738197291936,-1.25151450929629
1944,22,2,2,-0.164060949687467,1,2,1,-0.164735853672028,-12.3915216629667,-4.1056472720399,-0.0166208499352777,-3.65579745932223,-0.509785130409564,-0.98474498737846
1945,2,2,1,0.113823897007299,1,2,1,0.121948800981045,-7.6330513023568,-21.6032160080457,-0.000484345410458746,-5.7669078596427,-0.553674305474732,-0.862662701903975
1946,9,2,1,0.0785398163397448,1,0,1,0.0590874142944813,-0.0166542430782988,-15.722432340248,-4.10341191014639,-4.52493674101041,-0.370175365623525,-1.20881303188772
1947,2,2,2,0.0785398163397448,1,2,1,0.103628061711788,-8.39178250780744,-26.539705031786,-0.000226702159073535,-9.09000929605805,-0.315380637966583,-1.307941597655
1948,3,2,0,-0.0785398163397448,1,2,1,-0.0897419527173042,-4.73426693772667,-6.08097608052505,-0.0111366236530273,-2.78063953690553,-0.212383613221567,-2.04525797264842
1949,38,0,2,-0.0218166156499291,1,0,1,-0.034856554120779,-0.12858535544723,-6.06343516391855,-2.13423492833352,-2.64686563474319,-0.496354873685808,-1.13824301561791
1950,9,2,0,0.148352986419518,1,2,0,0.141892492771149,-6.59086222782822,-4.5728653857048,-0.0117702243519939,-0.21073626078629,-2.6619147893011,-2.11861467715331
1951,12,2,2,0.0785398163397448,1,2,2,0.045225951820612,-3.58339428311136,-5.73463506978142,-0.0315044029499972,-2.77804237101153,-0.779871434432043,-0.735272221251806
1952,56,2,2,0.132645023151569,1,2,0,0.113909862935543,-8.27050911872228,-6.08909312168118,-0.00252667119280481,-0.585208264330916,-1.36333652055632,-1.6755550562604
1953,2,2,0,0.0436332312998582,1,2,0,0.0848072543740273,-3.46312529210982,-19.8048051604046,-0.0318330559040522,-0.837192805092632,-1.13010651137662,-1.41027135866853
1954,3,2,0,0.0610865238198015,1,2,0,0.0484585873782635,-2.27271399266605,-3.65610608711513,-0.137958392418614,-0.230066008508061,-1.63029339292763,-4.64113111283476
1955,56,2,1,0.135263017029561,1,2,1,0.131385117769241,-6.16231701057632,-5.96638364349223,-0.00468180092954893,-1.43473166844891,-0.502601568954607,-1.85236401193137
1956,54,2,0,0.115191730631626,1,2,1,0.104058250784874,-7.90975624058136,-5.81838430198793,-0.00334511771039747,-0.808055262252579,-0.632720269362909,-3.76658278293976
1957,85,2,1,0.0501904332996009,1,2,1,0.0523193962872028,-1.82648235865239,-3.22833575025239,-0.2238967011285,-4.66090380473428,-0.0212749296644004,-4.45742016736746
1958,43,0,0,0.0279252680319093,1,0,1,0.0186282601207495,-0.0358705325591361,-5.60448889233832,-3.45607207880997,-1.71409008907206,-0.246085917831932,-3.26971084965782
1959,66,2,1,-0.137881010907552,1,2,0,-0.132759690284729,-11.9187434308449,-4.1249949388453,-0.0163023681164977,-0.25518427042197,-1.54527802138005,-4.42503939369459
1960,9,2,1,-0.0875936436575414,1,2,1,-0.0802788212895393,-4.40041262155718,-12.2565327556933,-0.0123529921074304,-1.63022720901804,-0.512747593462042,-1.58344343143361
1961,12,1,2,0.0959931088596881,0,2,2,0.13696376979351,-5.22019868046701,-4.88931232574169,-0.0130171942542955,-2.42639243453792,-0.899742303854753,-0.683255167175308
1962,2,2,1,0.0610865238198015,1,2,2,0.0942738875746727,-4.64957715836479,-19.7848878602558,-0.00961163594701901,-1.36649023319025,-1.10859015873648,-0.879535451659475
1963,12,2,0,0.0436332312998582,1,0,1,0.0233286712318659,-0.149719963926006,-7.45740245993875,-1.97707353957487,-0.741266156485769,-0.656804847396048,-5.30143911374659
1964,66,2,0,-0.130899693899575,1,2,0,-0.129105404019356,-12.546117108817,-4.9690878836542,-0.00697734578929777,-0.284911595709792,-1.45053105810067,-4.3070305869479
1965,9,2,0,0.148352986419518,1,2,0,0.13859161734581,-7.29406579060916,-7.44561501751293,-0.00126435782819159,-0.0160341367897231,-5.74585819993181,-4.36534352157518
1966,27,2,0,-0.109083078249646,1,2,0,-0.111607931554317,-9.31628886182835,-4.93909923149161,-0.00727738065754499,-0.843180811587192,-1.54130698752251,-1.03406276308355
1967,3,1,0,0.0261799387799149,0,2,1,0.127052634954453,-5.29995888764479,-2.47432613409871,-0.0934445969727968,-1.73794333737897,-0.204782646216499,-4.67840313454629
1968,33,2,2,-0.0567232006898157,1,2,2,-0.0478324666619301,-5.71000592100196,-4.92117181321506,-0.010659924319523,-1.25015455742988,-2.15301928313155,-0.515157481832604
1969,3,2,0,0.148352986419518,1,2,0,0.117349483072758,-7.62856926788256,-1.04582225023777,-0.433693506914408,-0.213992118394717,-4.05734779046314,-1.74096852377302
1970,56,2,1,0.130027029273578,1,2,1,0.106877468526363,-7.19388936399993,-4.51331584896766,-0.011782346805785,-0.882453105739662,-0.694890884089848,-2.44064750910689
1971,9,0,2,-0.0261799387799149,1,0,1,-0.0378213375806808,-0.306360854112633,-5.84227105332536,-1.34332356913134,-2.64234714477002,-0.410087355818878,-1.32721925748886
1972,12,0,1,0.00872664625997165,1,0,1,-0.00472493376582861,-0.00198919599597701,-11.4122980636064,-6.22662817358851,-1.17556253188509,-1.03301257090978,-1.09236696595985
1973,2,0,0,0.00872664625997165,1,0,0,0.00134800863452256,-0.000258061802315449,-15.696180870246,-8.26291229794948,-0.627017758854215,-0.938857330922424,-2.59369858457616
1974,3,0,2,-0.0261799387799149,1,2,1,-0.0314807035028934,-1.24024884991925,-7.85578994874188,-0.342067487443168,-1.98249636747598,-0.421544853684801,-1.5787030431533
1975,3,2,1,-0.0959931088596881,1,2,0,-0.0917343571782112,-4.50983749078268,-9.2959611088904,-0.0111539821826687,-0.912428725097795,-1.54702798005689,-0.953026208760612
1976,3,2,0,-0.0785398163397448,1,2,2,-0.0824899598956108,-3.85447475552193,-9.62450911978632,-0.0214798331049041,-1.5345799119673,-0.947496629208934,-0.924465662799468
1977,38,0,1,-0.0218166156499291,1,0,0,-0.0136519847437739,-0.291327453139772,-8.60650443474475,-1.37616111149039,-0.685979720539227,-0.861793521042636,-2.60369581118351
1978,12,2,0,-0.165806278939461,1,2,2,-0.154716685414314,-7.32380440569339,-8.43197390611262,-0.000877825151522941,-1.19848534614238,-1.1717210985584,-0.945420826484145
1979,9,2,1,0.0785398163397448,1,0,0,0.0667900890111923,-0.282211607571872,-17.1436656269609,-1.40288745499001,-0.390716370191133,-1.65975057652123,-2.0155918627501
1980,22,2,1,-0.166678943565458,1,2,2,-0.166322082281113,-11.2285510070626,-2.04778307024132,-0.138152250246436,-3.39926610523477,-1.03926882300087,-0.48957144944024
1981,3,2,1,-0.0436332312998582,1,2,1,-0.0522068962454796,-1.93864717875726,-5.80150557364471,-0.158903655846945,-2.56159100629683,-0.477239234948988,-1.1962555059825
1982,2,2,0,-0.0785398163397448,1,2,1,-0.10076629370451,-4.10781537031044,-6.30495088255625,-0.0184398842343831,-2.83188277737252,-0.231966729962727,-1.90969418785693
1983,2,2,1,-0.0785398163397448,1,2,1,-0.0803235098719597,-2.46201181057286,-16.773025565631,-0.0891189624884469,-3.41997157479969,-0.185429685936195,-1.99114217320759
1984,9,0,0,0.00872664625997165,1,0,1,-0.00128144095651805,-0.00285789066919512,-9.22784685008909,-5.89416755072486,-1.07331153893359,-0.698854907401441,-1.8265293832671
1985,2,2,2,0.0959931088596881,1,2,1,0.118035040795803,-7.5689101079752,-21.7759356070759,-0.000516428759424034,-4.66680903654798,-0.586664688752193,-0.833746993615629
1986,9,0,0,0.00872664625997165,1,0,1,-0.00205293181352317,-0.00179403920407445,-9.67149848991859,-6.35999797649026,-0.97647141068281,-0.76484039615503,-1.84545147515575
1987,2,0,0,0.0286657376024526,1,0,1,0.0501974858343601,-0.000175908777774049,-21.06705140605,-8.64571428685682,-1.48394556323398,-0.287179691774202,-3.77741334933692
1988,3,2,1,-0.130899693899575,1,2,1,-0.106267206370831,-4.44584126118881,-12.6380728676142,-0.0117997768600783,-2.62581446823131,-0.188290933430319,-2.31015791405359
1989,85,2,1,0.0366519142918809,1,0,1,0.0423320084810257,-0.661987653971455,-3.0696581036247,-0.826134922270276,-4.27812132948824,-0.0322502106317908,-4.02479489997112
1990,54,2,0,0.115191730631626,1,2,1,0.11418991535902,-6.35384381810937,-7.12110046328895,-0.00255117122190729,-1.52414171107717,-0.631541653018799,-1.38461266001304
1991,2,2,1,-0.0959931088596881,1,2,2,-0.0926631093025208,-4.49892649981248,-4.11904843829112,-0.0277627876390523,-2.37244518459344,-1.22140338352937,-0.491135023636096
1992,3,2,1,0.0959931088596881,1,2,0,0.0886040553450584,-7.07849628385416,-10.5161808701118,-0.000870547025203748,-0.453283798191128,-1.01651211097286,-5.94938848267576
1993,12,2,2,0.130899693899575,1,2,1,0.110886484384537,-6.34499083113269,-3.47860703495056,-0.0331493034364005,-2.49600454933492,-0.380517036474833,-1.45209870025871
1994,2,2,1,-0.113446401379631,1,2,2,-0.125725477933884,-10.9984324954702,-3.97029002296908,-0.0190652512145025,-3.13162229359446,-1.01450101202417,-0.521263595780976
1995,56,2,1,0.135139092592498,1,2,1,0.115886278450489,-8.12144640597707,-5.0017039823883,-0.0070484143404074,-0.958805120347806,-0.513645478185958,-3.99873810182171
1996,9,2,0,0.0959931088596881,1,2,0,0.0806438624858856,-7.58346440535053,-8.40757737257709,-0.000732272688700248,-0.429032109772081,-1.3021018522969,-2.56523044031232
1997,3,2,0,0.148352986419518,1,2,1,0.144555494189262,-5.95938114289329,-2.84602956503099,-0.0625734680529273,-1.79197001499661,-0.321036529180188,-2.22588655536222
1998,27,1,1,-0.117809724509617,0,1,1,0.00397631246596575,-5.36949254672767,-0.0542516219282756,-3.03343748355528,-5.67860836575031,-0.00471827116745839,-6.6540097362749
1999,43,0,1,0.0305432619099008,1,0,0,0.0255526173859835,-0.264028869082069,-3.85505179108007,-1.55648455821373,-0.389325829472035,-2.79282668693443,-1.34232086654436
2000,3,2,1,-0.148352986419518,1,2,1,-0.152931466698647,-11.5723195103263,-9.89910078910121,-5.96064212028193e-05,-2.94130794776765,-0.0667561730129192,-4.44133515737119
2001,27,2,1,-0.113428835973948,1,2,1,-0.117670111358166,-6.78025432753017,-7.60647288802497,-0.00163456204045127,-1.26320593459819,-0.41697479553644,-2.84358900123766
2002,3,2,2,-0.113446401379631,1,2,0,-0.123012505471706,-7.81806804144462,-9.82865004130306,-0.000456377680208484,-0.554166747873436,-1.12894719562661,-2.28204120729315
2003,54,1,1,0.109083078249646,0,1,1,0.194875031709671,-9.83450053194515,-0.00681613974205343,-4.99977368961214,-10.2602247331112,-4.23201932772744e-05,-11.8276437328252
2004,12,2,1,0.0959931088596881,1,2,0,0.082796536386013,-7.66140195342659,-8.31190990643865,-0.000716406364745845,-0.417170259709977,-1.34344096876164,-2.52391693061976
2005,2,2,1,-0.0959931088596881,1,2,1,-0.0932664424180984,-4.79113730293702,-7.06107904482777,-0.00920303498445223,-3.01032837805995,-0.710535323994304,-0.777957062947284
2006,2,2,1,0.148352986419518,1,2,1,0.135001718997955,-6.55805996167059,-12.5600160046143,-0.00142317906340799,-5.32466424541524,-0.359630776852048,-1.21336322188224
2007,33,2,0,-0.0567232006898157,1,2,0,-0.0503854602575302,-5.96136715031462,-3.63177584659101,-0.029475693574537,-0.0520651398022654,-4.35409432022406,-3.27336053818774
2008,9,2,2,-0.0785398163397448,1,2,0,-0.08216942101717,-5.13332314570868,-9.4786685486455,-0.0059913707606245,-0.934408868794318,-1.10289049061007,-1.28999683570524
2009,9,0,0,0.0261799387799149,1,0,2,0.010271449573338,-0.0216816720692796,-9.65338595413962,-3.84510625355355,-1.80559141591612,-0.949156729850895,-0.801722860846311
2010,9,2,2,-0.165806278939461,1,2,2,-0.147335678339005,-11.3468154238067,-10.173361164801,-4.99499397992498e-05,-1.22539348615381,-1.9301212212392,-0.57762935385083
2011,9,2,1,-0.0785398163397448,1,2,1,-0.0814928263425827,-0.786561019839881,-16.3597818586998,-0.607719003178458,-3.67309184639489,-0.259893945997231,-1.59224289775934
2012,3,2,2,-0.148352986419518,1,2,0,-0.144516274333,-5.5745860435685,-7.84634463969589,-0.00419296466173066,-0.97517812062892,-1.37939324187679,-0.991166204251037
2013,43,0,0,0.0279252680319093,1,0,0,0.0292346533387899,-2.38418863319109e-06,-16.005365884806,-12.9836773898696,-0.0773279225653953,-2.60606741575336,-7.43636814786184
2014,60,2,0,0.170169602069447,1,1,1,0.139243453741074,-7.77015030855984,-0.634715720165069,-0.756104806280522,-0.774073743730614,-0.686930705008821,-3.33116776305141
2015,9,0,1,-0.00872664625997165,1,0,2,-0.0221254620701075,-0.00583739806696976,-6.97087332313702,-5.32229036907617,-1.82577318463733,-1.04745752805061,-0.717279381936951
2016,3,2,2,-0.113446401379631,1,2,0,-0.126858055591583,-9.9208912620876,-10.8657898478301,-6.81900385108779e-05,-0.568153721882088,-0.890566337104689,-3.7719906092158
2017,3,2,0,-0.0610865238198015,1,2,2,-0.0837433412671089,-3.0819114338352,-4.10588680928539,-0.0643752654215421,-3.64909156247607,-0.955128641909721,-0.528951221068835
2018,40,0,1,-0.00436332312998582,1,0,1,-0.0113575113937259,-0.00793010827787797,-7.3559015040503,-4.92537335175216,-3.42786193688776,-0.128127176158019,-2.4326677710954
2019,54,2,1,0.113007611667287,1,2,1,0.101024948060513,-7.60306448458788,-10.9181541428596,-0.000517263655852448,-1.33456749522406,-0.675885787313994,-1.47831142430602
2020,43,0,1,0.0278832983175527,1,0,1,0.0250564310699701,-0.019309260709724,-5.35402942054733,-4.24087879037052,-2.09451032633652,-0.169318311826284,-3.42254348235034
2021,60,2,1,0.161442955809475,1,1,1,0.145090222358704,-6.39400896541082,-0.491437314310997,-0.950411460486524,-4.37730265337066,-0.0235309969540084,-4.53779032180946
2022,2,2,1,0.165806278939461,1,2,1,0.122575961053371,-5.5091259890695,-7.12998708451891,-0.00486212898395921,-4.60082869346769,-0.157551815860167,-1.9971327956119
2023,54,2,0,0.117809724509617,1,2,0,0.117424860596657,-6.52755395889571,-8.47259555648957,-0.0016731303743494,-0.0314777069480725,-5.76601768086548,-3.58073284899762
2024,43,0,1,0.0218166156499291,1,0,1,0.0401927046477795,-0.148202388398576,-3.97393894683315,-2.12910132223263,-3.67603140040897,-0.0584361787066239,-3.45972854959251
2025,33,2,1,-0.0593411945678072,1,2,1,-0.0768711864948273,-2.68898814027543,-6.34780783130255,-0.0722484233594014,-1.75702949694492,-0.450887247086832,-1.65872956679825
2026,41,0,2,0.0130899693899575,1,2,2,0.00756578613072634,-1.22778821278503,-5.0754350518077,-0.355515896834965,-3.07504346896457,-1.5831444613539,-0.289705590042618
2027,12,0,1,-0.00872664625997165,1,0,2,-0.0376015193760395,-0.013722928213197,-9.44616847259478,-4.30135207900514,-1.80060945246445,-0.993524221228946,-0.76672408798932
2028,40,0,1,-0.00436332312998582,1,0,1,0.00314455782063305,-0.0431062399066409,-9.43333262008105,-3.16746269879714,-1.31900962733191,-0.647679431483222,-1.56378897666606
2029,54,2,2,0.117809724509617,1,2,2,0.0983989462256432,-5.20837711257316,-2.89695803191768,-0.0625793057897332,-2.09480093573351,-2.2043567242935,-0.265811335872908
2030,2,2,0,-0.0959931088596881,1,2,2,-0.110479407012463,-4.8312692979982,-4.4268061024078,-0.0201302525899635,-1.35952712503359,-1.24375178733466,-0.787639674655005
2031,2,2,1,0.113446401379631,1,2,1,0.12518422305584,-7.52137692807814,-20.2495211572707,-0.000541535592428863,-4.16582747762417,-0.588574209240103,-0.845448023639485
2032,12,2,2,0.130899693899575,1,2,2,0.113371260464191,-6.20003100115812,-4.91590715400771,-0.00940253125102627,-3.70502507262625,-1.3295240554444,-0.341368051208218
2033,9,0,1,0.0261799387799149,1,0,2,0.00925425346940756,-0.0219834101909656,-11.860524412335,-3.82876468139492,-2.3200999577246,-0.923594305321517,-0.683896071282903
2034,41,0,2,0.010471975511966,1,0,1,0.0438846126198769,-0.329893697764422,-3.6924048533758,-1.3622350026559,-1.24781626619267,-0.83619726067165,-1.27470455148212
2035,9,2,2,0.0610865238198015,1,2,1,0.0467891432344913,-4.61895843925494,-9.88644541061285,-0.00996345170970055,-1.17378193818295,-0.815014489942363,-1.39363460562562
2036,12,2,1,0.148352986419518,1,2,1,0.134077206254005,-8.17014593171299,-3.84280873713004,-0.0219555048845138,-1.77810427284412,-0.188090058559148,-5.99076427386765
2037,43,0,1,0.0298673286155268,1,0,1,0.0214797575026751,-0.00883374705698701,-7.94107748409359,-4.77488928151342,-2.50866388768323,-0.63027990164513,-0.951450736157014
2038,33,2,1,-0.0605520985486869,1,2,0,-0.0672617554664612,-2.62988355687045,-3.5259971997339,-0.107038959742752,-0.922679615271296,-1.33359727831552,-1.08169666300282
2039,3,2,0,0.0610865238198015,1,2,0,0.0649480149149895,-4.73142949144028,-5.23568922161772,-0.014237848880161,-0.393600713950502,-1.23452723138427,-3.36957241860349
2040,2,2,2,0.165806278939461,1,2,1,0.129893198609352,-9.93522796043177,-7.59641316823583,-0.000550838997027734,-5.54167513612695,-0.581196839954879,-0.828162228100761
2041,9,2,0,0.0959931088596881,1,2,1,0.0903920158743858,-7.57646530692483,-6.12550131895894,-0.00270236760992836,-0.846162371230918,-0.579165607565272,-4.54917517548544
2042,3,2,2,0.0966060875825272,1,2,2,0.0918062850832939,-5.47502848226102,-6.53118749951058,-0.00566342785835962,-3.48237214616875,-1.2291306971749,-0.390499496424732
2043,3,0,0,0.00872664625997165,1,0,0,0.00200456124730408,-0.000500804397704237,-8.70487693864779,-8.00163846273578,-0.593855954399944,-0.931118203047406,-2.92446722382295
2044,33,2,0,-0.0567232006898157,1,2,0,-0.0485846474766731,-5.6827877672208,-9.48564567998219,-0.00348602671726399,-0.119423941070597,-2.77171470416603,-2.99545461406495
2045,54,2,0,0.115191730631626,1,2,1,0.1025370657444,-7.22890963615374,-3.11584968535736,-0.0461131746577097,-0.8741126264196,-0.572322633262645,-3.98704698106778
2046,9,2,2,-0.0785398163397448,1,2,0,-0.0804255679249763,-4.95766654868498,-9.57335210281444,-0.00712411030283831,-1.07383715757868,-1.08303770877335,-1.14024814690628
2047,41,0,0,0.0130899693899575,1,0,1,0.0438836328685284,-0.329905718242177,-3.69231049943481,-1.36221068048937,-1.24782467349512,-0.836234810396672,-1.27463780827042
2048,9,2,1,0.0657087147298585,1,0,1,0.0524733476340771,-0.193050112777653,-16.9447286068042,-1.739777992946,-3.20038435501924,-0.114299014093306,-2.69915605174268
2049,12,2,0,0.0436332312998582,1,0,2,0.0168415661901236,-0.396197847206163,-7.77280962314867,-1.11869626085116,-2.81748387367333,-0.77473188139681,-0.735185374751076
2050,12,1,2,0.0959931088596881,0,2,0,0.168706446886063,-8.65861327219222,-1.67725361583316,-0.207098117705404,-0.386389560602682,-1.42030681235864,-2.54015239275944
2051,27,2,1,-0.117809724509617,1,2,1,-0.0732315555214882,-4.30970990700855,-4.26714122772212,-0.0278433775326023,-3.61206996264748,-0.0377219836754321,-4.60282648971607
2052,3,0,1,-0.00872664625997165,1,0,2,-0.0254591833800077,-0.00795516161610592,-10.1732765416153,-4.84274537530785,-1.34148853708407,-1.12837605473576,-0.879511608686422
2053,3,2,0,-0.076510393845834,1,2,1,-0.0734104588627815,-3.36704436353347,-10.4299797612486,-0.0351309108515397,-2.18631440327465,-0.325847701228073,-1.79724500158493
2054,12,2,2,-0.148352986419518,1,2,2,-0.139268860220909,-10.8452511728753,-4.36739977308865,-0.01278503856512,-3.65068427396119,-2.97300950678851,-0.0802587183666175
2055,12,0,2,-0.00872664625997165,1,0,2,-0.00715568196028471,-0.0166731522127568,-7.86167052916691,-4.12585797677143,-2.06566955333888,-1.21023012561277,-0.553145417853405
2056,27,2,1,-0.111701072127637,1,2,1,-0.109932899475098,-6.49435296133518,-5.93879865641446,-0.0041557953418576,-2.61099763556498,-0.0971922617759351,-3.95507523879448
2057,9,2,1,-0.0436332312998582,1,2,0,-0.0418314822018147,-5.76610398682014,-6.81823752999128,-0.00423450495672061,-0.209303002189372,-2.34063565911776,-2.37963709793542
2058,54,2,1,0.117809724509617,1,2,0,0.11602883040905,-5.38338535968923,-10.2881214250046,-0.00463694855269629,-0.212531704413726,-1.66360585986481,-6.20928344542475
2059,66,2,0,-0.130899693899575,1,2,0,-0.128184333443642,-12.3521507865308,-4.84117070648099,-0.00793353279786766,-0.152197843594237,-2.19152112188446,-3.52557041219226
2060,2,2,2,-0.0436332312998582,1,2,1,-0.0620504207909107,-1.26675165006601,-5.96092813409962,-0.334526215794555,-1.20960943794669,-0.832978457461489,-1.32075481922582
2061,3,2,0,0.0610865238198015,1,2,0,0.0407023839652538,-3.06506502483893,-5.36344531288076,-0.0527001500676192,-0.190214524803072,-1.78162739967337,-5.32789601640193
2062,2,2,2,0.165806278939461,1,2,2,0.115814261138439,-6.16907246722896,-14.2297380182545,-0.00209598700857555,-9.5448248981924,-0.708659114798422,-0.678013146844499
2063,9,2,1,0.0785398163397448,1,2,0,0.0884519070386887,-9.4786842490543,-4.84289337504094,-0.00799253251003587,-0.324415323281978,-3.99449645901154,-1.35234387522815
2064,33,2,1,-0.0567232006898157,1,2,2,-0.0364521369338036,-6.19752223825543,-4.157360628952,-0.0178414238620009,-1.24983833676348,-1.05083542280617,-1.01114186757548
2065,12,2,2,0.130899693899575,1,2,2,0.115080691874027,-6.28286648679903,-5.03658823017462,-0.00839901615809159,-3.64652186458811,-1.36975417014335,-0.328852940825406
2066,3,2,1,-0.0785398163397448,1,2,0,-0.0897084549069405,-4.31450975893378,-9.35395849934234,-0.0135511455018917,-0.733856203341103,-1.44948396183239,-1.25437379921202
2067,38,0,1,-0.0218166156499291,1,0,1,-0.0463640838861465,-0.308581769280537,-1.51835606411282,-3.06958526433053,-2.04722342542046,-0.362137890557535,-1.74456621280789
2068,2,2,0,-0.0785398163397448,1,2,1,-0.091164730489254,-4.9251585040293,-6.36922407341614,-0.00901554718121165,-2.21655268351186,-0.196311468406741,-2.66989363952536
2069,9,2,2,0.0436332312998582,1,2,2,0.051267497241497,-2.07041888624731,-8.4348306211505,-0.135075561163682,-1.79110671343597,-1.1216514324563,-0.678291820376739
2070,9,2,1,0.0785398163397448,1,0,2,0.0445495583117008,-0.675659793409947,-10.4686103762752,-0.711003591906335,-3.03547706672218,-0.983805007458965,-0.548073225275682
2071,12,2,1,-0.0785398163397448,1,2,1,-0.0620123520493507,-5.5461737554328,-9.02393404390463,-0.00403089021378311,-1.06630578594427,-0.545843152911311,-2.57217975792843
2072,9,2,2,-0.148352986419518,1,2,0,-0.12657219171524,-5.56176041788004,-6.72881981093166,-0.00505063680613944,-0.818366452796333,-0.96856352465245,-1.71913956502916
2073,27,2,2,-0.109083078249646,1,2,0,-0.115373454988003,-5.59376966929405,-4.22933402731452,-0.0184522699556138,-0.657797974429605,-0.774044208807099,-3.86968060973424
2074,12,2,0,-0.165806278939461,1,2,2,-0.156533777713776,-7.43441256351532,-8.8456293163878,-0.000734897217679314,-1.4738548584641,-1.1701849019861,-0.775117720392636
2075,12,0,2,0.00872664625997165,1,0,2,-0.0285691749304533,-0.00514697101402384,-12.3139638109882,-5.27280849410546,-1.7588403626744,-1.29896075373775,-0.588894661277813
2076,2,2,2,0.0785398163397448,1,2,1,0.102380760014057,-8.71994522192662,-27.3666069468759,-0.000163330064313369,-9.10157871940851,-0.173492431020454,-1.83781391068475
2077,60,2,1,0.161442955809475,1,2,1,0.148730605840683,-6.80724472524288,-3.36335670932744,-0.0363783200820153,-4.936201928273,-0.00928864023846531,-6.18319409538867
2078,56,2,1,0.126536370769589,1,2,1,0.130306929349899,-6.39829094001436,-4.37120463601261,-0.0144036421797101,-5.82547307928987,-0.00384305317882275,-7.03077483262714
2079,2,2,1,0.0610865238198015,1,2,1,0.0976499691605568,-5.75024117362659,-21.2360572007857,-0.00318712706404796,-2.84967950010862,-0.695715442401457,-0.813238699298525
2080,9,2,1,-0.133876230220388,1,2,0,-0.134679645299911,-8.36382816028598,-9.2887587273604,-0.000325613576110306,-0.272525377173333,-1.861969714393,-2.48675332621786
2081,2,2,1,0.113446401379631,1,2,1,0.121599249541759,-7.07519462452604,-20.3911221154803,-0.000846147791457789,-6.10714444716179,-0.619993798005599,-0.776908563923445
2082,56,2,2,0.132645023151569,1,2,2,0.11503654718399,-6.18714251141574,-4.72814151562502,-0.0109583545264416,-3.73995256181569,-1.33881572302709,-0.336747874562373
2083,9,2,1,-0.165806278939461,1,2,1,-0.157166972756386,-10.3933260487256,-4.83525207612947,-0.00800731302391135,-3.41455911247672,-0.303778616476758,-1.47366282284168
2084,2,2,1,0.130899693899575,1,2,1,0.137105986475945,-4.29495822884125,-17.0294552324108,-0.0137310860579452,-16.8312779850599,-0.455373848328461,-1.00569829899316
2085,3,2,2,-0.148352986419518,1,2,0,-0.155309051275253,-8.97598849037573,-10.0899401403881,-0.000167979996826761,-0.205688950029486,-1.94743332800912,-3.14020345175568
2086,43,0,1,0.0305432619099008,1,0,0,0.0211537834256887,-0.0151588270184077,-7.04701869714108,-4.25631494024926,-0.990866976040006,-1.07342086020205,-1.24859315026638
2087,2,2,2,0.0959931088596881,1,2,2,0.110685773193836,-6.87597943059656,-23.5037450152155,-0.00103276635785003,-10.2340135134657,-0.798721063870896,-0.597727745991662
2088,3,2,1,-0.148352986419518,1,2,1,-0.152730688452721,-10.2146679826695,-7.21527265378513,-0.000772178202708099,-3.65412887194335,-0.0424320789779918,-4.15662031123123
2089,40,0,0,-0.00436332312998582,1,0,2,0.00453457329422235,-0.00871426891116855,-8.02884636545853,-4.78543866872863,-1.08373361463762,-1.49826113550361,-0.825190586460536
2090,3,2,1,0.0436332312998582,1,2,1,0.0386793650686741,-1.39901166506103,-4.30312843150886,-0.301601129656276,-1.12084270695686,-0.470556817962487,-3.00900796668887
2091,2,2,1,-0.113446401379631,1,2,1,-0.125644400715828,-11.3986739248584,-3.84764856675386,-0.0215719772221444,-3.07653509639408,-0.653773148504409,-0.835168218194793
2092,12,2,0,0.0610865238198015,1,2,2,0.0468569435179234,-2.96687407009321,-10.0606176488516,-0.0528804886056428,-2.47024478027561,-1.20392706874107,-0.485446856989282
2093,40,0,2,-0.00698131700797732,1,0,1,-0.0115310903638601,-0.00515523893442682,-7.8077618029466,-5.35266990980109,-1.38154752560793,-0.531541184968733,-1.8256564560205
2094,2,2,0,0.0436332312998582,1,2,0,0.0850867852568626,-3.54328743549098,-19.8703060186836,-0.0293445167020407,-0.848548034356477,-1.14110173792411,-1.37635548858765
2095,12,2,0,0.0610147335189285,1,2,2,0.0317025892436504,-3.04737919266386,-8.64843917324229,-0.0488316558234269,-3.38384170092443,-1.23563924392315,-0.392399488634088
2096,12,2,1,-0.148352986419518,1,2,1,-0.144086450338364,-9.57404942029469,-8.75342693670148,-0.000227417577235152,-3.12830102079012,-0.170162356214783,-2.18320311056814
2097,12,0,1,-0.0209622906164629,1,0,1,-0.0377792939543724,-0.00286147718954531,-17.7431492230593,-5.8578724564455,-1.34260759275993,-0.322293508383048,-4.24396173589098
2098,3,0,2,-0.0261799387799149,1,0,2,-0.0561659559607506,-0.0509007462382626,-8.91742165619419,-3.00592501383876,-2.17507714426331,-1.03347905652372,-0.633683573611135
2099,56,2,2,0.132645023151569,1,2,1,0.11407957971096,-6.0333822713635,-3.11382227740004,-0.0479600670820372,-1.76697029596019,-0.52528379065778,-1.43648239332648
2100,40,0,1,-0.00436332312998582,1,0,2,0.0101475538685918,-0.00637580638837548,-8.39385174861051,-5.09468601190356,-1.95849572470577,-1.05577499986324,-0.671372202122905
2101,40,0,1,-0.00794261163505232,1,0,1,-0.0311226230114698,-0.127894338082706,-7.39211170072996,-2.12496198761444,-2.18004741766726,-0.213543350450769,-2.53519007397296
2102,3,2,1,-0.148352986419518,1,2,1,-0.152578607201576,-10.7169191654219,-8.3220655593937,-0.000265335472238486,-3.83136900058405,-0.0367508120753488,-4.24026680585554
2103,60,2,2,0.167551608191456,1,2,2,0.143609091639519,-8.44297327899962,-8.3288489687915,-0.000456914367031418,-5.2180153343527,-3.63910136563142,-0.0322071207923621
2104,60,2,1,0.161442955809475,1,2,1,0.148690104484558,-6.10171863886484,-1.46128278792516,-0.266804898259019,-2.72365351926677,-0.109344494836119,-3.27164408111535
2105,38,0,0,-0.0283771446835584,1,2,2,0.0111871128901839,-1.55320587079984,-3.83716367416946,-0.26542924993795,-0.843158512354901,-2.04252793179004,-0.821093067585081
2106,38,0,1,-0.0218166156499291,1,0,2,-0.0338173173367977,-0.0898203998836767,-3.96148996157923,-2.70500567536717,-2.74392163721625,-1.03353442949694,-0.544839226119297
2107,9,2,1,0.0959931088596881,1,2,2,0.084519661962986,-5.92387731855074,-7.46473273364171,-0.00325302323192262,-1.70120661282213,-1.65727487535427,-0.467001871484257
2108,41,0,1,0.0130899693899575,1,0,2,-0.00135563570074737,-0.0670866766324441,-7.36782023487187,-2.74490212773705,-4.75516266856748,-0.891737845239898,-0.542230012642584
2109,9,2,1,-0.0959931088596881,1,2,0,-0.114651329815388,-4.54578671374932,-9.49073117582115,-0.0107449314043514,-0.68571155745944,-1.65049803475043,-1.18969496320674
2110,3,2,0,0.148352986419518,1,2,0,0.12803390622139,-6.40335793376084,-9.00382696571812,-0.00178048474597864,-0.0329547465796876,-3.49117907790838,-6.23856170081202
2111,56,2,2,0.135263017029561,1,2,2,0.146358579397202,-9.11921951413939,-10.2280776137619,-0.000145684363282593,-4.76093942345387,-3.64373831125477,-0.0353287320040819
2112,2,2,2,0.0785398163397448,1,2,1,0.102240733802319,-8.70963199525348,-27.3570031805789,-0.000164999268368916,-9.08357369977374,-0.172652656115803,-1.84227420346769
2113,12,2,2,0.0785398163397448,1,2,1,0.0627172663807869,-4.36791519518543,-7.85215900021687,-0.0131526483328978,-2.90606991198369,-0.683119671161729,-0.820365328819768
2114,66,2,0,-0.130899693899575,1,2,0,-0.12903368473053,-12.5608310293463,-4.99675935496999,-0.00678625406018537,-0.297767238896069,-1.40701580472569,-4.36986883554175
2115,38,0,0,-0.0218166156499291,1,0,0,-0.0119277415797114,-0.0347268080577715,-5.67631219863809,-3.48334198586955,-0.182960078667493,-2.64679152381023,-2.34007593731443
2116,43,0,1,0.0261975041855986,1,0,0,0.017580721527338,-0.0102781743714597,-7.15840801605003,-4.66203685398727,-0.477195432559618,-1.11163866157602,-2.98658674681846
2117,60,2,1,0.167551608191456,1,2,2,0.147545844316483,-9.51590192984136,-10.0528815685985,-0.000116712705133018,-5.18065168607759,-3.03191108154994,-0.0553517611070628
2118,40,0,1,-0.00436332312998582,1,0,1,-0.0185575652867556,-0.00605283455048134,-6.69789257379462,-5.33890612207844,-1.88097923999108,-0.412628389269294,-1.68388644786111
2119,56,2,1,0.135263017029561,1,2,1,0.114313080906868,-5.27705614755954,-6.19439128772072,-0.00717399713448105,-1.82549877378077,-0.190996455762251,-4.36400732663756
2120,2,2,1,-0.148352986419518,1,2,1,-0.141116172075272,-11.9253851663313,-3.6177513023223,-0.0272166635107172,-3.39714713707666,-0.0606993502066283,-3.67201647166291
2121,3,2,0,0.148352986419518,1,2,0,0.118595920503139,-6.89819045372287,-5.88165316201809,-0.00380697383765513,-0.0133331816423121,-4.56168737715229,-5.8780072667954
2122,12,2,1,-0.0785398163397448,1,2,0,-0.0750932767987251,-9.31494688253478,-5.76042866398611,-0.00324507001573015,-0.370165785610022,-2.40292738370717,-1.51901491443777
2123,12,0,0,-0.0261799387799149,1,0,1,0.0215004477649927,-0.199935695987982,-14.3427770417576,-1.70806574517219,-2.87595390474402,-0.444420170037863,-1.19586689089169
2124,9,2,1,-0.045662653793769,1,2,0,-0.0462326668202877,-6.00435842647034,-7.26910568401532,-0.00316972689505062,-0.324116087493321,-1.87443246938985,-2.09239158939917
2125,12,2,2,0.142521882294759,1,2,2,0.134136840701103,-7.67678679317108,-7.03366751978315,-0.00134606315995756,-2.427510625428,-1.01319571287622,-0.600227487717431
2126,43,0,1,0.0305432619099008,1,0,0,0.0473353751003742,-0.220889000936775,-9.13494481740617,-1.6190516246038,-0.137806233849936,-2.12582676907575,-4.66722663396013
2127,2,2,2,0.0785398163397448,1,2,1,0.102308548986912,-8.71463595873205,-27.3616676828831,-0.000164164665992862,-9.09228588394349,-0.173059274226057,-1.84011128814865
2128,2,2,1,-0.0959931088596881,1,2,1,-0.096772201359272,-5.02473484514837,-7.21013098634165,-0.00733928380591625,-2.21909638620398,-0.581232546122963,-1.10236715019984
2129,9,2,0,0.165806278939461,1,2,1,0.150311022996902,-7.65160152153408,-9.14271708538387,-0.000582387724979974,-2.15562675507923,-0.69264412470257,-0.957326711956862
2130,41,0,2,0.010471975511966,1,0,1,0.0438846126198769,-0.329893697764422,-3.6924048533758,-1.3622350026559,-1.24781626619267,-0.83619726067165,-1.27470455148212
2131,2,2,1,-0.148352986419518,1,2,1,-0.142389714717865,-11.9022195464133,-3.52242427971098,-0.0299795063981944,-3.44375565627309,-0.0559408924792528,-3.79599425837771
2132,9,0,1,-0.00872664625997165,1,0,1,-0.0226370710879564,-0.00391832737168768,-7.96006224901026,-5.63756340856613,-1.97961560834506,-0.775033683427578,-0.913321602487167
2133,2,2,1,0.165806278939461,1,2,1,0.12743815779686,-12.1859888815235,-4.87893001323981,-0.00763936724241255,-4.28459124073316,-0.0164699583475064,-5.96935222526389
2134,2,2,0,-0.0959931088596881,1,2,2,-0.112588956952095,-5.15548224963896,-4.62072187453782,-0.0157365496415476,-2.55837103473521,-0.85901719415062,-0.695167074817752
2135,85,2,1,0.0369751911572523,1,1,1,0.0423046015202999,-1.27160048667942,-0.886257590912656,-1.17953394006236,-4.86870559797859,-0.0197161160885836,-4.43629825205229
2136,54,2,0,0.117809724509617,1,2,0,0.0867987051606178,-5.91122740620793,-5.70171370294951,-0.00606740652001491,-0.021733813317252,-3.94289445062481,-6.16233678745447
2137,3,2,1,0.0959931088596881,1,2,0,0.089798130095005,-7.44052651517014,-9.5962649110583,-0.00065521004466546,-0.395627982915409,-1.12258012860025,-6.64248137340119
2138,66,2,0,-0.123918376891597,1,2,2,-0.13128699362278,-10.2448104646621,-4.58109649890344,-0.0103324344517208,-2.44082441357851,-1.60165010910477,-0.340594359308208
2139,2,2,2,-0.113446401379631,1,2,2,-0.118911199271679,-10.5621213039834,-4.66782752718981,-0.00946324232574677,-2.67145059643866,-1.64568362176644,-0.303855505284273
2140,12,2,1,-0.0610865238198015,1,2,0,-0.0870751366019249,-2.82455855109566,-8.70904299724284,-0.0613435445573983,-0.783559566717645,-1.96045272929042,-0.910238780991398
2141,9,2,2,-0.148352986419518,1,2,2,-0.152367606759071,-11.7883650969308,-5.61604040940949,-0.00365327726579421,-1.80499283710827,-1.48665658553287,-0.495285442785686
2142,3,2,1,-0.0959931088596881,1,2,0,-0.0919561982154846,-4.98336306302045,-9.98021264672126,-0.00692122681152834,-0.92029783382858,-1.36399078618982,-1.06142895561511
2143,9,2,2,0.0436332312998582,1,2,2,0.0526164583861828,-2.09450506201382,-8.38807852913564,-0.131657476481033,-1.75544596137677,-1.12504104719226,-0.688098439702682
2144,12,2,0,-0.0436332312998582,1,2,1,-0.0621839836239815,-1.25271932394667,-5.86557934250937,-0.340467172371392,-1.31753352961874,-0.753078639484881,-1.34212261372369
2145,12,2,0,0.0436332312998582,1,0,1,0.0239150952547789,-0.488530811798851,-3.06432073586912,-1.07943534470705,-1.44079955056159,-0.794147493261031,-1.16701368025112
2146,12,2,1,-0.0610865238198015,1,2,2,-0.0719556957483292,-2.53550696350088,-9.13301478928709,-0.0826531893780839,-0.951748664561156,-1.62021777354288,-0.876880026332972
2147,3,0,2,-0.0261799387799149,1,2,1,-0.0290526617318392,-0.852454836791856,-7.5963591631503,-0.556641443760881,-2.0157815541208,-0.478258951020017,-1.39868229388629
2148,40,0,0,-0.00436332312998582,1,0,1,-0.00633417349308729,-0.0156124903148744,-6.63953441536031,-4.25566855254765,-1.66873979425611,-0.559277216369114,-1.42756046911108
2149,9,2,1,0.130899693899575,1,2,1,0.124595083296299,-5.93547147394115,-3.42364297248621,-0.0358733127306931,-4.58099031349416,-0.01276596132633,-6.01570420553
2150,54,2,0,0.115191730631626,1,2,2,0.111301742494106,-6.0840543343588,-6.56415829038145,-0.0036958121778552,-2.84781231763471,-1.26474716670413,-0.41594230069623
2151,9,2,1,-0.113446401379631,1,2,0,-0.0938606634736061,-5.97620884194027,-8.23377059910522,-0.00280786005158241,-0.703982067088921,-1.9094123517117,-1.02940128797319
2152,3,2,0,0.0610865238198015,1,2,0,0.0619443766772747,-4.60828978444967,-5.4904548245824,-0.0141950445715985,-0.404523976537928,-1.22166887540113,-3.27102005595036
2153,22,2,1,-0.164060949687467,1,2,1,-0.158693641424179,-12.8275427860952,-4.46958685551753,-0.0115208721463214,-1.77181282644389,-0.315897473376311,-2.29420744570203
2154,2,2,0,-0.0785398163397448,1,2,0,-0.0941693633794785,-4.31617976216077,-10.1062078590891,-0.0134820902797081,-0.599963765326513,-2.28285348656968,-1.05217998375983
2155,12,2,2,0.130899693899575,1,2,1,0.112486846745014,-6.06789152797618,-3.14120806475672,-0.046616449246445,-2.32680124086124,-0.776644164831696,-0.815437813757121
2156,27,2,1,-0.117809724509617,1,2,1,-0.112804815173149,-9.25913803384432,-2.36732811870926,-0.0985239996748568,-3.53832908414308,-0.0526897203317132,-3.80479044447269
2157,2,2,1,-0.0610865238198015,1,0,1,-0.0742525234818459,-0.668712465453288,-14.9607943233705,-0.71819460952486,-2.89146353590084,-0.124283590476541,-2.79074001403231
2158,12,2,0,0.0436332312998582,1,0,2,0.0291944947093725,-0.384203571837492,-7.33334694032374,-1.1445921170956,-2.58006279921166,-0.829942872835631,-0.717119110883761
2159,9,2,2,-0.0610865238198015,1,2,1,-0.0455752089619637,-5.52269749967355,-8.75521232750322,-0.00416136167378523,-1.50360683942828,-0.517078446654484,-1.70697812169135
2160,12,2,1,0.113446401379631,1,2,1,0.104244954884052,-8.39313191814463,-6.25612042037246,-0.00214741560817447,-0.870717678097274,-0.556993644158849,-4.77713551350789
2161,9,2,1,-0.130899693899575,1,2,0,-0.12339424341917,-8.00595372022653,-8.20331094552731,-0.00060743657321735,-0.342145447252618,-1.78132466762719,-2.10915735130445
2162,9,2,1,-0.0785398163397448,1,2,1,-0.0871385857462883,-0.796603843239254,-15.4962740758738,-0.599397779085834,-2.98947572615015,-0.244135217078956,-1.79393492976887
2163,3,2,0,-0.0785398163397448,1,2,1,-0.087412565946579,-5.14847482775823,-5.8283568821574,-0.00878967016583545,-2.65082514155617,-0.113380967099698,-3.30779983819265
2164,9,2,1,0.0959931088596881,1,2,1,0.0817232131958008,-4.59899527224224,-12.2847080847991,-0.0101175793784087,-3.70654210734978,-0.11269817161339,-2.50082341257204
2165,33,2,1,-0.0567232006898157,1,2,2,-0.036902841180563,-5.94032923986014,-4.18913237671626,-0.0179507102267,-0.990375495165524,-1.8032019605391,-0.76831827587638
2166,85,2,1,0.0506145483078356,1,2,1,0.0525143295526505,-1.83580074978239,-3.2185751683623,-0.222516021935511,-4.66188613368144,-0.0209220948374769,-4.48684634470567
2167,54,2,1,0.117133791215243,1,2,2,0.122667744755745,-9.01182995022629,-11.1754461317231,-0.000136027050637215,-1.11015860576031,-4.59626545823378,-0.414903740644238
2168,33,2,0,-0.0593411945678072,1,2,1,-0.0537977926433086,-4.53224201952421,-1.12415252924321,-0.408997700167176,-1.89600099753835,-0.17239363753836,-4.80554615259985
2169,38,0,2,-0.0218166156499291,1,2,1,2.85846181213856e-06,-0.70697997333587,-5.89796625027928,-0.684933510594498,-1.17313231008229,-0.691111252454614,-1.66291945533316
2170,9,2,0,0.148352986419518,1,2,0,0.14123123884201,-6.78477043286145,-6.03289786138823,-0.00353567256592122,-0.0757862968291111,-3.78237337989388,-2.9913996830381
2171,38,0,1,-0.0305432619099008,1,2,1,0.0091605531051755,-1.68257650906909,-3.65837256181517,-0.237837035004655,-1.94118943056298,-0.309889484449347,-2.09606808837006
2172,3,2,0,0.148352986419518,1,2,0,0.14276559650898,-7.15461146771815,-8.51512033617598,-0.000982170671193125,-0.00791731149118097,-7.14044566391038,-4.94855252915903
2173,40,0,1,-0.00698131700797732,1,0,1,-0.015121447853744,-0.0192601623810747,-5.34471862804414,-4.24731327665998,-1.49052755414699,-0.684998186768191,-1.30690997873278
2174,2,0,0,0.00872664625997165,1,0,2,-0.0153109533712268,-0.00575148825094108,-10.7206181024997,-5.16503130180724,-2.47916905789876,-0.973135988122467,-0.619355793237468
2175,3,2,1,-0.130899693899575,1,2,1,-0.122723735868931,-6.38938636108721,-10.0184642889295,-0.00172537313674601,-1.28755832426649,-0.592262173527676,-1.76619967406055
2176,27,2,2,-0.109083078249646,1,2,1,-0.103417530655861,-4.84797619780197,-5.67371596262253,-0.0113433784972522,-0.993226217845372,-0.718845528086094,-1.94977843760502
2177,2,2,1,0.154184090544277,1,2,1,0.113571189343929,-5.72300417526217,-17.1294483092545,-0.00327526865370212,-3.38063656224305,-0.24591905354873,-1.69288115058763
2178,9,0,0,0.0261799387799149,1,0,1,0.00596099812537432,-0.028700790240661,-8.07995890742306,-3.57615275304873,-1.40169055639005,-0.690500900960274,-1.37636493106038
2179,2,2,1,-0.148352986419518,1,2,1,-0.146620512008667,-12.036243744287,-3.27517600481786,-0.0385496899037735,-3.44971938696493,-0.0602206547110728,-3.6235171673699
2180,9,2,2,-0.0612825324760313,1,2,1,-0.0320423729717731,-5.86887516417881,-5.75016661530141,-0.00602644963157176,-1.71272109047153,-0.478187412042542,-1.61084085695046
2181,27,1,1,-0.117809724509617,0,1,1,0.027702834457159,-2.22844618650816,-0.251237932902658,-2.16746842536196,-5.96251796372175,-0.00361086380338399,-6.87728812990854
2182,12,2,0,0.0610865238198015,1,2,2,0.0482453815639019,-2.69822060113834,-9.14375642399112,-0.0698132571290159,-2.79153660762449,-1.28752192844039,-0.411403653010657
2183,3,0,0,0.0261799387799149,1,0,1,0.0412286445498466,-0.160025839381855,-2.23645832134184,-3.19315934501584,-1.44163610577256,-0.321880096356807,-3.25257375543803
2184,2,2,1,0.148352986419518,1,2,2,0.0875647366046906,-15.2481878132508,-5.97975854835058,-0.00253282602170881,-4.07529730405692,-8.16636311541601,-0.017422108079471
2185,9,0,1,0.0261799387799149,1,0,2,-0.013008619658649,-0.0266943445914919,-12.4110021980072,-3.63677363901821,-1.61070201662209,-1.30344998199608,-0.637410791786428
2186,2,2,2,0.0959931088596881,1,2,2,0.109062828123569,-6.54123485700512,-22.0436114262063,-0.00144377216441546,-10.0497651077413,-1.0067208321438,-0.454852569955704
2187,40,0,1,-0.00436332312998582,1,0,0,-0.0109763899818063,-0.00146508199366454,-7.77703262723357,-6.86395761802359,-0.6124901652342,-0.895143613353989,-3.00676198013009
2188,3,2,1,0.130899693899575,1,2,0,0.129125878214836,-7.61938226778607,-7.03019749532712,-0.00137650293775431,-0.640153732892872,-0.777344132389794,-4.33030973040428
2189,38,0,1,-0.0305432619099008,1,2,2,0.00986906606703997,-1.65518371799697,-3.89531007061093,-0.237488464331749,-1.33251231658089,-1.01003322023874,-0.988916600904926
2190,40,0,0,-0.00436332312998582,1,0,0,-0.00250052358023822,-0.000608152263815239,-7.83283541701011,-8.46132438802103,-0.252090637173938,-1.58589626763131,-4.01397288185691
2191,54,2,1,0.113980826650746,1,2,1,0.106841430068016,-8.00402940559792,-10.7846652751263,-0.00035494904195126,-1.03985111450415,-0.895025884204714,-1.43592313568724
2192,3,2,2,-0.148352986419518,1,2,0,-0.141105607151985,-7.16279509536299,-10.8552103127732,-0.000794428156844584,-0.20450968657531,-2.57458350861863,-2.21854151944033
2193,3,2,0,-0.0610865238198015,1,2,2,-0.07423085719347,-3.02107227916569,-4.31775990946543,-0.0640891871870142,-3.00445428375952,-1.06761030083291,-0.499877353811809
2194,2,2,2,0.0959931088596881,1,2,2,0.116451017558575,-7.15587274711982,-21.3395351638167,-0.000780529333892727,-7.38310735811835,-0.797667517811371,-0.599656683738234
2195,9,2,1,-0.130899693899575,1,2,2,-0.138296604156494,-10.1635482590367,-7.8080151004149,-0.000445166954644841,-5.37289581826792,-4.85354292159646,-0.0125194388672115
2196,9,2,1,0.0959931088596881,1,2,2,0.0856691971421242,-7.87605188143126,-3.25536246630626,-0.0397252101261991,-3.20947138163677,-0.97764270540602,-0.538838986577501
2197,54,2,1,0.115191730631626,1,2,1,0.102475799620152,-8.17151146218689,-6.737441740198,-0.00146937982938193,-0.776791001382338,-0.668375858045654,-3.59065446217822
2198,40,0,2,-0.00436332312998582,1,0,2,0.00314378482289612,-0.142934069997171,-6.20859839290081,-2.03121015968419,-4.80135603017681,-2.85573626262841,-0.0679920102260216
2199,12,2,0,-0.165806278939461,1,2,0,-0.145512714982033,-12.1276660125441,-12.8271689188285,-8.10626454512678e-06,-0.667302123738318,-1.27212804502263,-1.57661068551196
2200,9,0,1,0.0261799387799149,1,0,2,0.0366323031485081,-0.15472237228279,-8.94967766306119,-1.94339287803323,-1.93142572539445,-0.972576211848055,-0.74034182471628
2201,2,2,1,0.0610865238198015,1,2,2,0.0963448360562325,-5.33354734901565,-20.1894299940741,-0.00483865035846156,-2.14036328463253,-0.871119891837537,-0.768074896588478
2202,9,2,1,0.0801504961670248,1,2,1,0.0780869573354721,-8.43340820233372,-2.07474275845161,-0.134453202990015,-1.42573481544025,-0.286990897488842,-4.69403526270902
2203,56,2,0,0.135263017029561,1,2,1,0.134510904550552,-8.80086383988924,-11.0462137096305,-0.000166549246058179,-1.35509670307887,-0.362092001470594,-3.0821780053326
2204,12,0,1,-0.0261799387799149,1,0,1,-0.0582775734364986,-0.030972339701127,-14.8605860278706,-3.4901195830669,-1.04877662673607,-0.49654680331951,-3.19405689620718
2205,33,1,1,-0.0654498469497874,0,1,1,0.0544884987175465,-5.43831072185944,-0.0842038249467928,-2.57165131530711,-7.03364342346045,-0.00151223981280681,-7.37084453685417
2206,12,2,0,-0.0436332312998582,1,2,1,-0.0587043091654778,-1.74510732559824,-4.54065594845017,-0.204926323715482,-2.17169990451804,-0.186430500410728,-2.88061767895322
2207,9,2,1,-0.0959931088596881,1,2,1,-0.0991270244121552,-5.41743325503161,-7.13930317078445,-0.0052455913893489,-2.03054186990591,-0.244607901021149,-2.45662136080038
2208,3,2,2,0.113446401379631,1,2,0,0.108239009976387,-6.20700541825475,-6.72903281751551,-0.00321606822189242,-1.02637666851249,-1.05769128858154,-1.22267810442819
2209,12,2,1,-0.148352986419518,1,2,2,-0.139616146683693,-11.6861813126818,-5.22299694475154,-0.00541421521737392,-3.36546041084024,-3.26962922811902,-0.0753343236912871
2210,2,2,0,-0.0785398163397448,1,2,1,-0.0874031037092209,-4.62388691099821,-7.89357643350104,-0.0102399351289895,-1.28029767291233,-0.5873886566164,-1.79414972806384
2211,3,2,2,-0.0959931088596881,1,2,0,-0.0946496278047562,-5.55182208375776,-10.1884396813976,-0.0039256875531479,-0.855853468512904,-1.35311114043233,-1.14997524135188
2212,3,2,0,0.142521882294759,1,2,0,0.136056274175644,-6.91535416919143,-11.3147849993281,-0.0010051412729705,-0.241482792073041,-1.55491445582042,-5.7047309632128
2213,33,2,2,-0.0567232006898157,1,2,2,-0.063878633081913,-6.06799377133325,-3.72715340837244,-0.0267311367927248,-4.98468663458467,-1.65373323724128,-0.220866476770964
2214,3,2,1,-0.0785398163397448,1,2,0,-0.0927811190485954,-4.20466793312819,-9.74024143705619,-0.0150980112281166,-0.732024501179253,-1.55056022193314,-1.18111419098434
2215,12,2,0,0.0436332312998582,1,0,1,0.0258574467152357,-0.64108643119336,-8.24004927561648,-0.748625384406713,-1.62530636388872,-0.320797858645405,-2.55646130367136
2216,3,0,2,-0.0261799387799149,1,0,1,-0.0292071495205164,-0.276208135016889,-8.05524321976836,-1.4228442884919,-1.53383674166715,-0.619848106542301,-1.40133730850449
2217,41,0,2,0.0130899693899575,1,0,2,0.0108714969828725,-0.201126483449763,-4.08241783733558,-1.79984591579202,-3.94253038292148,-2.18203945309001,-0.141805891231081
2218,12,2,1,-0.113446401379631,1,2,1,-0.102060325443745,-9.85775728225875,-3.3553831413231,-0.0355736547221846,-3.66868547444461,-0.0666473461334391,-3.24509152360453
2219,12,2,1,-0.165806278939461,1,2,1,-0.154631778597832,-12.0152337075803,-5.36113227645993,-0.00471276162094137,-1.17754597421404,-0.449373629807647,-2.91990889475458
2220,12,2,0,0.165806278939461,1,2,1,0.142215222120285,-7.04768489582905,-3.67024917276762,-0.0266926305119569,-3.13863103431176,-0.315009521416575,-1.48335170756287
2221,3,2,0,0.0610865238198015,1,2,0,0.059144452214241,-3.84054085165432,-6.98924267287417,-0.0226584927825661,-0.140232443959543,-2.13889486223373,-4.33828439440799
2222,3,0,1,0.0261799387799149,1,0,1,0.0278689917176962,-0.00986237853097772,-15.3467898125764,-4.62397915008503,-8.20470541463666,-0.123665954528929,-2.15371940150126
2223,3,2,0,-0.0610865238198015,1,2,0,-0.0755803659558296,-4.19584298451518,-3.52109982237931,-0.0456512665597216,-0.701875759638951,-1.05663177435954,-1.85329071788708
2224,3,0,2,-0.00872664625997165,1,0,2,-0.0423540286719799,-0.0156615915072652,-10.5671333071431,-4.16601877967229,-1.36964384043975,-1.37380433267748,-0.707935119021937
2225,3,2,0,0.148548995075748,1,2,1,0.144987732172012,-6.00348294918787,-2.9058227489344,-0.0588733698154307,-2.66567518626722,-0.215822711197075,-2.08289210004119
2226,3,2,1,-0.0581099874989884,1,2,1,-0.0671049058437347,-2.44435432396456,-6.22007609973816,-0.0929612870382332,-2.58571457027527,-0.729396072838759,-0.815410601428479
2227,33,2,0,-0.0593411945678072,1,2,1,-0.0585235394537449,-5.90504959524745,-4.02148803630681,-0.0208681700469656,-2.56263284826551,-0.109165182642506,-3.63756866964139
2228,33,2,1,-0.0603024891948822,1,2,2,-0.0539567619562149,-4.78063438419474,-5.3945650862054,-0.0130162884706769,-5.06157424166209,-2.5693059568801,-0.0865652653042498
2229,56,2,1,0.130917259305258,1,2,2,0.121143482625484,-6.64713338565225,-6.01598171764144,-0.0037441522208717,-3.14036186276957,-1.46185789213728,-0.321683485391424
2230,2,2,1,0.0610865238198015,1,2,1,0.097866602241993,-5.93493611951842,-21.6949668723735,-0.00264887852753038,-3.20848292995204,-0.630748503929566,-0.850061101455978
2231,2,0,1,0.0261799387799149,1,0,1,0.0174590852111578,-4.76837271889999e-07,-22.0907444406367,-14.588831434012,-0.828379398280035,-0.581667730892522,-5.45425258400441
2232,2,2,2,0.0959931088596881,1,2,2,0.11084508150816,-6.70649344794126,-21.2942934584262,-0.00122365685963422,-9.15057456585782,-0.971564600367879,-0.475774624911902
2233,43,0,2,0.0305432619099008,1,0,2,0.0426709167659283,-0.123473940342355,-5.67938637970768,-2.18267374914293,-1.12189555954487,-1.2826225468794,-0.923745846703694
2234,12,2,2,0.0787358249959746,1,2,2,0.066041961312294,-4.64335076552191,-7.95334158763611,-0.0100270264945896,-2.98447492731593,-0.87704291846085,-0.62844120674328
2235,12,2,1,0.113446401379631,1,2,0,0.0976202934980392,-7.92145045618354,-9.9665296185291,-0.000409865916391129,-0.387894260230036,-1.14278615881464,-5.95733705478341
2236,9,2,1,-0.0436332312998582,1,2,0,-0.0504604689776897,-3.56065621310599,-5.4006776733181,-0.0334881740944891,-0.469589343583414,-1.11945815320441,-3.03064690089536
2237,3,2,2,-0.113446401379631,1,2,0,-0.124878525733948,-8.05077541627795,-9.76146393275245,-0.000376533816362286,-0.548944790384303,-1.10044275265659,-2.41109184347377
2238,9,2,1,-0.0610865238198015,1,2,1,-0.0366865396499634,-3.80388713278992,-11.5829589686482,-0.0225455815817404,-1.33929466483413,-0.922435349389144,-1.07757554469529
2239,2,2,1,0.148352986419518,1,2,1,0.124324597418308,-8.04172646885106,-19.329663693721,-0.000321797643805894,-3.04409419555367,-0.147785988886779,-2.41078412569188
2240,27,2,1,-0.111701072127637,1,2,0,-0.112294934689999,-6.4886675524379,-10.1058193222657,-0.00156268323286586,-0.438339683386717,-1.77328189621701,-1.68675905727632
2241,2,2,2,-0.0436332312998582,1,2,1,-0.0485796071588993,-2.17354366332384,-6.66535568085204,-0.122221930228372,-2.76759454298774,-0.34128881038723,-1.48574570833288
2242,12,2,1,0.0610865238198015,1,2,2,0.0487581305205822,-2.77233328935803,-7.39569118578311,-0.0652105786844267,-1.89410551796584,-1.05498854149629,-0.690449421077097
2243,41,0,1,0.010471975511966,1,0,1,0.0438846126198769,-0.329893697764422,-3.6924048533758,-1.3622350026559,-1.24781626619267,-0.83619726067165,-1.27470455148212
2244,27,2,1,-0.109083078249646,1,2,1,-0.100665919482708,-5.35458473786763,-5.3198467458537,-0.0096665218913924,-2.47139663191656,-0.387445887882188,-1.44077223342308
2245,43,0,2,0.0305432619099008,1,0,2,0.0651501268148422,-0.341262733564321,-7.16363616674748,-1.24356769801578,-3.32512329241013,-1.24848533477535,-0.389946865978747
2246,2,2,1,0.113446401379631,1,2,1,0.123699121177197,-7.54717202475236,-20.700723001161,-0.000527699920021822,-4.48658244061962,-0.523254473052795,-0.925956952847552
2247,40,0,1,-0.00698131700797732,1,0,1,-0.0111066466197371,-0.00232698846182951,-11.9616985639783,-6.06713201727436,-1.97544070937584,-0.296668590336576,-2.136990147541
2248,2,2,1,0.165806278939461,1,2,1,0.126430839300156,-7.56859907946432,-9.21753485280127,-0.000615905611457315,-5.93235089395601,-0.127260523656701,-2.14691959783125
2249,40,0,2,-0.0130899693899575,1,0,1,0.0337307415902615,-0.221765756069522,-4.39518998786193,-1.67899971347423,-1.28039878660522,-0.718278709285562,-1.45037306265704
2250,2,2,1,0.0610865238198015,1,2,1,0.0981419906020164,-6.23442408469861,-22.4231224391182,-0.00196261946813191,-4.08825680577761,-0.578981821592878,-0.860943916771197
2251,12,2,1,0.0785398163397448,1,2,2,0.0594939962029457,-4.99473407273572,-7.83200045197363,-0.00719620988193347,-2.28728134487009,-1.18901074516443,-0.520984568792438
2252,9,2,1,-0.0436332312998582,1,2,0,-0.0449560694396496,-5.81776067032197,-6.42202968008246,-0.00461024168440675,-0.083687759338806,-3.25452226626954,-3.17767925551512
2253,3,0,1,-0.00872664625997165,1,0,1,-0.0222364012151957,-0.0102363822657416,-10.0414396310565,-4.59120437676676,-1.00244585385586,-0.981430089351351,-1.35384852779124
2254,22,2,1,-0.170169602069447,1,2,1,-0.160855680704117,-12.6215793037181,-3.89651353701761,-0.0205250914652797,-3.83674119407546,-0.0374215237590884,-4.18867957902445
2255,9,2,1,-0.0436332312998582,1,2,0,-0.0479429699480534,-5.21765631664123,-6.26173705971387,-0.00735489529222374,-0.0687212346701607,-3.91432753805194,-3.06918041307134
2256,9,2,1,0.164442263222873,1,2,2,0.155400902032852,-7.97732204339209,-6.47729385961952,-0.00188295383918637,-1.63161768711017,-1.03652577149099,-0.799169486973552
2257,33,2,1,-0.0567232006898157,1,2,2,-0.0369395017623901,-6.23410186210555,-4.28322660900905,-0.0158849687916689,-1.25309217442731,-1.33562817305523,-0.795430570647611
2258,9,2,2,0.0610865238198015,1,2,1,0.0456633195281029,-4.15456844546059,-9.54822085338115,-0.0158894501693947,-1.62220206264908,-0.623150149307019,-1.32319157631013
2259,3,2,2,-0.0963706044873559,1,2,0,-0.104032851755619,-6.55748643429466,-9.57492290393439,-0.00148997388183821,-0.552070778263048,-1.32279881677663,-1.84607826864357
2260,3,2,2,-0.113446401379631,1,2,0,-0.126161605119705,-9.91493175647814,-10.6575646031578,-7.29587466297079e-05,-0.670995870606671,-0.792748581982687,-3.31865083069288
2261,9,0,2,-0.0261799387799149,1,2,1,-0.0231377203017473,-1.23122523798698,-5.11323862221644,-0.353752392279227,-2.28825990249855,-0.427341623263054,-1.40113813583274
2262,12,2,1,0.148352986419518,1,2,0,0.107851296663284,-7.38313619709936,-5.04597610466881,-0.00708190954723443,-0.193098914491348,-1.77159374727657,-5.19614215607959
2263,9,2,2,-0.0610865238198015,1,2,0,-0.0784535631537437,-7.0740907151169,-9.19556694684842,-0.000948700167459218,-0.282380528807827,-2.26014644979325,-1.9541976271758
2264,85,1,1,0.0506145483078356,0,1,1,0.145736023783684,-6.71283669305503,-0.0180049027315379,-4.09663438344622,-10.1532189407665,-5.31687565729359e-05,-11.1669308771701
2265,2,0,0,0.00872664625997165,1,0,1,-0.00104159372858703,-0.00030438763744007,-16.3660709615498,-8.09774896876393,-1.66854675379875,-0.243917557755714,-3.57816564878318
2266,9,2,1,0.0959931088596881,1,2,0,0.0868967995047569,-7.66727042704515,-3.85140082740513,-0.0219571499355651,-0.19347769675935,-1.85104988773814,-3.97179040872029
2267,9,0,2,-0.031397586943367,1,2,2,-0.0286796782165766,-3.35693826236509,-5.24210733509675,-0.0409583717958786,-2.88206554442896,-2.04407357948722,-0.205204227064564
2268,12,2,2,0.130899693899575,1,2,2,0.122270256280899,-7.01577672269494,-6.20119585106674,-0.00292884638684947,-3.23314708565864,-1.55013504475202,-0.289887808863077
2269,3,2,1,0.151329522740331,1,2,1,0.146552443504333,-6.06909367395781,-2.7401807419819,-0.069212896434531,-3.37326691477785,-0.0848996158100328,-3.05510056611363
2270,38,0,1,-0.0218166156499291,1,0,0,-0.0182202104479074,-0.686996576791079,-1.61773010846828,-1.20876162432621,-0.525992176570783,-0.993569134651088,-3.24989078238604
2271,12,2,1,0.0959931088596881,1,2,0,0.0893891081213951,-8.02381078409645,-7.9611406004874,-0.000676503076235391,-0.632555432998534,-0.851530160592302,-3.16994226078654
2272,60,2,2,0.167551608191456,1,2,1,0.147390529513359,-9.7080262485475,-9.60495033596845,-0.000128158198178158,-1.22622342592674,-0.621870627537346,-1.77394486805393
2273,3,2,2,-0.148352986419518,1,2,0,-0.158879563212395,-10.5992403234435,-9.21014876687218,-0.000124939140018538,-0.357805448364486,-1.23019664235876,-4.76114665782809
2274,12,2,1,-0.0785398163397448,1,2,0,-0.0659462213516235,-6.03782707980425,-11.8515044151125,-0.00239671156346036,-0.537201220501953,-1.15392634685087,-2.3003627314965
2275,9,2,1,0.165806278939461,1,2,1,0.153040677309036,-8.59413341095751,-7.49060430176887,-0.000743844527330729,-1.53440163619356,-0.268740634723359,-3.90833472241856
2276,12,0,1,0.0261799387799149,1,0,1,0.0067433575168252,-0.0741164085390301,-6.29704590120592,-2.66506691908382,-0.94481884921994,-0.744166280982745,-1.99422035249874
2277,12,2,2,0.130899693899575,1,2,2,0.113916628062725,-6.22034032467297,-4.93918090873117,-0.0091911242227661,-3.69471961005023,-1.33658618467294,-0.339109509292074
2278,43,0,0,0.0256357859242946,1,0,0,0.0446948930621147,-0.146248437847858,-4.65846501481582,-2.06691254549183,-0.561333190142835,-2.30184178647007,-1.1102467937881
2279,9,2,1,0.0785398163397448,1,2,2,0.0590138621628284,-1.97130831038565,-8.96364310937473,-0.15012837368258,-5.97990574458704,-0.774017776759643,-0.623034670777034
2280,2,2,1,-0.148352986419518,1,2,1,-0.141115963459015,-11.9254472648249,-3.61754107143181,-0.0272224209485153,-3.39705074988232,-0.0606995402106497,-3.67212973795971
2281,56,2,1,0.135263017029561,1,2,1,0.116099931299686,-8.07413864233343,-4.84471415740425,-0.008214984315616,-0.957947065031335,-0.514541278211776,-3.9875279561531
2282,9,2,0,0.0959931088596881,1,2,0,0.0873982831835747,-7.62590124816408,-7.60409974245036,-0.000986585758884232,-0.465414508789886,-1.12990640301853,-3.01467581569534
2283,12,2,0,-0.165806278939461,1,2,0,-0.160519853234291,-10.7727050815588,-8.4972400811155,-0.000225032852020181,-0.902857060248718,-1.62141446469939,-0.923891330021225
2284,9,2,0,0.148352986419518,1,2,1,0.137912899255753,-6.06727035036288,-3.475557108527,-0.0338278994897884,-2.09182977618436,-0.23129211638596,-2.48853767322156
2285,9,2,1,-0.0610865238198015,1,2,1,-0.0399528406560421,-3.81499195848079,-9.89798806120581,-0.0223357664383522,-1.65369001463712,-0.487034546624214,-1.63880644420472
2286,9,2,1,-0.148352986419518,1,2,0,-0.142517581582069,-8.58181086941313,-9.10636991488443,-0.000298484998605739,-0.272512618039133,-1.9616479096983,-2.3237094621368
2287,3,2,0,0.0610865238198015,1,2,0,0.0538944080471992,-1.94130353182283,-3.78698362690597,-0.181738459616247,-0.290859273609135,-1.54717701697173,-3.23066416887508
2288,27,2,1,-0.117809724509617,1,2,1,-0.0527552925050259,-2.17474303712513,-5.54244746683386,-0.125058029727069,-3.42864101438578,-0.0419304080938416,-4.75222364197206
2289,2,2,2,-0.130899693899575,1,2,2,-0.125651210546494,-10.9893143824751,-3.75929002709874,-0.0235933042290376,-2.55917163748733,-1.7840356155103,-0.281471678406178
2290,3,2,2,-0.148352986419518,1,2,0,-0.161481380462646,-10.7266647877283,-10.2190059161715,-5.84142579594293e-05,-0.382278975522199,-1.1978863191359,-4.1437168774228
2291,2,2,2,-0.113446401379631,1,2,2,-0.120141424238682,-10.9277334804863,-4.83403355266705,-0.00800424875308388,-3.36975250386996,-3.45713757288831,-0.0681910805300793
2292,33,2,1,-0.0654498469497874,1,2,1,-0.0504840835928917,-7.09175515858571,-3.61834004519007,-0.0280487732374037,-3.75755912669964,-0.047916670158447,-3.75304865360725
2293,12,2,2,-0.148352986419518,1,2,2,-0.139031648635864,-11.0146480578831,-4.20239259376498,-0.0150895396702225,-3.48285085475466,-2.8343261596003,-0.093737038634308
2294,9,2,0,0.148352986419518,1,2,0,0.142962068319321,-6.72796872431947,-5.72772986478873,-0.0044613310355802,-0.089146460570262,-3.65912080705242,-2.82122018077528
2295,3,1,0,0.0261799387799149,0,2,0,0.137972563505173,-6.18771362527263,-6.39910556376547,-0.00372452875333376,-0.114191837332867,-2.33822375556082,-4.47288353436391
2296,3,2,1,-0.148352986419518,1,2,1,-0.152964308857918,-11.5701444033514,-9.89598344183694,-5.98448540220477e-05,-2.94082593262609,-0.0667037970059355,-4.44767576974629
2297,9,2,1,-0.113446401379631,1,2,2,-0.107662603259087,-5.00199256685304,-4.626101383964,-0.0166553339801832,-2.86822097991995,-1.48369310355785,-0.333514407519598
2298,2,2,1,0.113446401379631,1,2,1,0.125282943248749,-7.5743093659572,-20.3456121038219,-0.000513685533209905,-3.80297837301311,-0.628510376193094,-0.811232740643303
2299,9,0,0,0.00872664625997165,1,0,1,-0.00221197935752571,-0.00176478091192903,-9.92421199599064,-6.36882968840472,-0.931714029564017,-0.844392018799528,-1.73554897996003
2300,3,2,0,-0.0785398163397448,1,2,1,-0.0863544568419456,-4.62398493903573,-6.57744994749396,-0.011268326971632,-2.06815413781068,-0.242166368210052,-2.42299660027822
2301,2,2,2,0.165806278939461,1,2,1,0.125752612948418,-4.83981328774581,-12.6402503156975,-0.00794320562820007,-4.13705923330015,-0.366680356961132,-1.234434849897
2302,56,2,1,0.132645023151569,1,2,2,0.11653096228838,-6.24388333766432,-4.8584163279472,-0.00975246777707492,-3.68655041981637,-1.38536329330953,-0.321985283882453
2303,33,2,1,-0.0567232006898157,1,2,1,-0.0358813926577568,-6.17190022653875,-4.29425478427564,-0.0158590498658253,-1.48610478298038,-0.686011796049004,-1.30871380463888
2304,43,0,1,0.027990711818688,1,0,1,0.0185985807329416,-0.00651306351606325,-8.09222747198395,-5.08546260351255,-2.69666883612725,-0.709588538731547,-0.819337091444376
2305,2,2,1,0.165806278939461,1,2,1,0.12422925978899,-7.67459934352013,-9.51211808348967,-0.000538553750296887,-5.94927267387729,-0.134510546046228,-2.09355195035651
2306,3,2,1,-0.165806278939461,1,2,1,-0.157458603382111,-12.4722528339436,-3.88871331284933,-0.0206879752224633,-3.75729086617126,-0.0391810077113892,-4.19462462445764
2307,43,0,2,0.0305432619099008,1,0,2,0.0379645489156246,-0.266007060834472,-7.01751289970936,-1.45813288223738,-1.5439376570619,-0.981067461541648,-0.887822912233967
2308,12,0,1,-0.00872664625997165,1,0,2,-0.0124474940821528,-0.0206826203850766,-10.5750706830819,-3.89003521887149,-2.144143790311,-1.00241466989591,-0.661959690764101
2309,9,2,1,-0.113446401379631,1,2,0,-0.0892239585518837,-6.14553345146455,-7.73454844706538,-0.00258385878074744,-0.830304879279417,-1.84197144258705,-0.902439674920268
2310,3,2,1,-0.130899693899575,1,2,1,-0.126844391226768,-6.7792363017085,-6.67896027918511,-0.00239707004955208,-1.15348252305127,-0.420517161996091,-3.58427204353324
2311,12,2,1,-0.0785398163397448,1,2,0,-0.0727551132440567,-9.32680910396687,-6.3096511165394,-0.00190946853128338,-0.421981694979365,-2.55047566996909,-1.32347197341471
2312,2,2,1,0.148352986419518,1,2,1,0.138250842690468,-8.951755317315,-19.8549860469972,-0.000129588894019734,-2.65206825888298,-0.266744814616656,-1.81016975585287
2313,9,2,1,-0.0436332312998582,1,2,0,-0.0393720082938671,-4.90095768316316,-5.58915341780705,-0.011240598515676,-0.0615594881345324,-3.89981491662761,-3.23253557358276
2314,33,2,0,-0.0567232006898157,1,2,0,-0.0595408082008362,-4.76592417455976,-6.33031234670778,-0.010349899476804,-0.443300646434726,-1.19463650087502,-2.89549203088399
2315,2,2,1,-0.0959931088596881,1,2,1,-0.0861777141690254,-5.44591428350463,-4.97835874050187,-0.0112624195404754,-3.8361716037411,-0.337358473443733,-1.32889014806778
2316,2,2,2,-0.130899693899575,1,2,2,-0.133895739912987,-10.6710907105612,-3.4777665208314,-0.0313869212699306,-2.39505171508984,-5.39357082482833,-0.10060930348194
2317,9,2,1,-0.0959931088596881,1,2,1,-0.0981802865862846,-5.41580820658401,-4.37829874993594,-0.0171384780510772,-1.66120997494415,-0.291743743617926,-2.76254362803248
2318,9,2,1,-0.130899693899575,1,2,2,-0.138425678014755,-10.1664858664523,-7.80207217513093,-0.000447432942230808,-5.44215958215343,-4.74984456960797,-0.0130681610011009
2319,33,2,0,-0.0571989948163996,1,2,2,-0.0431772321462631,-6.4842346844109,-3.85118189142261,-0.0230454261720092,-1.03259735567666,-1.82097331723547,-0.729705268666275
2320,3,2,1,-0.0436332312998582,1,2,1,0.00966267008334398,-2.46908774157004,-4.58238990186982,-0.0997015598291724,-3.85208932438613,-0.0795669224922107,-2.89591545644213
2321,54,2,2,0.117809724509617,1,2,2,0.122262038290501,-8.60127660067406,-9.03172510025743,-0.000303433673247831,-4.07501729676219,-1.04545280312766,-0.459696121454311
2322,27,2,1,-0.109083078249646,1,2,1,-0.104932136833668,-8.42648942259519,-6.02485621394652,-0.00264033249229455,-1.62591523303554,-0.34483336180898,-2.35461533776431
2323,12,2,1,0.148352986419518,1,2,0,0.110971577465534,-7.71852787743334,-5.66432436686709,-0.00391964382293007,-0.547990946029152,-0.871181067561619,-5.67437371586742
2324,9,2,2,-0.0785398163397448,1,2,1,-0.084821455180645,-7.46395319425556,-9.32790437779971,-0.000662486603897937,-1.23241749142361,-0.481571207232346,-2.40128750998152
2325,22,2,2,-0.164060949687467,1,2,1,-0.164862707257271,-12.3995317744399,-4.19090026165,-0.0152525087259185,-3.52218750113474,-0.560298673045005,-0.917724864026899
2326,60,2,1,0.170169602069447,1,2,1,0.144198730587959,-6.41594189323883,-8.40889565422071,-0.00185984363369173,-1.58634981467938,-0.234883816948696,-5.3674521774108
2327,3,2,0,0.0436332312998582,1,2,0,0.0409284569323063,-2.79294919238392,-6.07827908423132,-0.0656404947664161,-0.379450054173523,-1.31868446263502,-3.03083293430822
2328,27,2,1,-0.117809724509617,1,2,1,-0.095634289085865,-6.70348532113231,-3.086280394356,-0.0480334834567858,-3.60173647500329,-0.0436758080288141,-4.16953704359796
2329,43,0,2,0.0305432619099008,1,0,1,0.0390170849859715,-0.0813787438154551,-6.96483067888572,-2.56121430969186,-2.5032698552513,-0.50173756109928,-1.16249403929009
2330,3,2,1,0.0950939234102915,1,2,0,0.0904204770922661,-7.81526796177139,-6.34606927877436,-0.00215954143567648,-0.262342395762445,-1.47566213710227,-6.15393915802829
2331,12,2,1,0.0785398163397448,1,2,2,0.0568389147520065,-5.17946628289554,-6.4649510329981,-0.00721410050753431,-2.04012974302283,-1.09222508204598,-0.626388193607106
2332,56,2,1,0.126536370769589,1,2,1,0.120502643287182,-5.61874203412157,-2.92140873782872,-0.0592055782756888,-6.10501371940032,-0.00396147197153883,-6.36433211022556
2333,12,2,1,-0.148424776720391,1,2,1,-0.148462176322937,-10.2011421866028,-8.71011915057779,-0.000202020545920201,-2.88211774872894,-0.380868007072612,-1.34432396315701
2334,2,2,1,0.0785398163397448,1,2,2,0.102672971785069,-6.77532309781961,-23.4030053561387,-0.001142200219123,-9.67290955213968,-0.77321713289433,-0.619132809108828
2335,66,2,0,-0.123918376891597,1,2,2,-0.125031739473343,-9.81066944035373,-5.5562396347985,-0.00392580723134281,-0.867002740247341,-2.39621237416434,-0.715947866921382
2336,3,0,1,-0.00872664625997165,1,0,2,-0.0124766202643514,-0.0110871414427608,-8.07259341399699,-4.53620501614349,-1.45801889022349,-1.10066589834796,-0.833205658281871
2337,9,2,1,0.0755632800189317,1,2,0,0.108825176954269,-1.58081492014448,-15.267029702445,-0.230429562757942,-0.328753735634459,-1.488751937442,-2.90908552987772
2338,22,2,2,-0.164060949687467,1,2,2,-0.155702739953995,-12.0505180674329,-4.82647334472939,-0.00805285760704899,-1.91928081711279,-4.3452931152591,-0.173972659746765
2339,12,2,1,-0.109398396522711,1,2,1,-0.0975653007626534,-9.69903669517157,-3.47036279128243,-0.0316631173977559,-3.67518286601714,-0.0621123945021334,-3.35590316891016
2340,85,2,1,0.0436332312998582,1,0,1,0.0495259799063206,-0.928808752386897,-1.31979533969492,-1.08534266430921,-4.83560862352342,-0.0153156338435236,-4.92577039635727
2341,3,2,2,-0.0959931088596881,1,2,0,-0.0989459529519081,-5.97900799122891,-9.81023725813278,-0.00258953588798284,-0.593100002021528,-1.4533630630924,-1.54362326857422
2342,2,2,0,-0.0785398163397448,1,2,0,-0.097931481897831,-4.5302111367911,-10.4803219562799,-0.010865315244575,-0.588037166913403,-1.74889262888829,-1.30705049127343
2343,3,2,1,0.165806278939461,1,1,1,0.137223109602928,-7.49573576996377,-0.165086878489039,-1.88634859748333,-8.20761145368153,-0.000633619254317637,-7.92710768946872
2344,12,2,2,-0.146323563925607,1,2,2,-0.135473638772964,-10.7015047926562,-4.28293864253994,-0.0139209711423837,-3.9033741843701,-2.997813656756,-0.0726456744435525
2345,3,2,0,0.148352986419518,1,2,0,0.132778480648994,-7.31839307645715,-6.78066802052811,-0.0018003686615307,-0.353223429160202,-2.82434234571025,-1.4345099704717
2346,12,2,2,0.0785398163397448,1,2,2,0.0623255558311939,-3.27011886125481,-4.65336632326606,-0.0486981656519823,-3.64908676531593,-0.892495289492781,-0.572075778350867
2347,27,2,0,-0.111701072127637,1,2,0,-0.109197817742825,-5.82848656140557,-9.84735842092364,-0.00299992670701344,-0.479919920227217,-1.74980441744258,-1.57330289286515
2348,38,0,1,-0.0244346095279206,1,2,2,-0.0254250075668097,-0.959744058486542,-2.99905783542884,-0.567087221666259,-1.79399541273207,-2.99211699990316,-0.243952930828479
2349,9,2,2,0.0436332312998582,1,2,1,0.0295846443623304,-1.16535833034159,-10.1603612839475,-0.373747851737996,-1.4009128136127,-0.853012431067089,-1.1162712715709
2350,3,2,1,0.0436332312998582,1,0,1,0.0195754673331976,-0.309390687887233,-6.05032366506338,-1.33275759872805,-3.05657000375015,-0.130274047462588,-2.58898346990428
2351,41,0,2,0.0130899693899575,1,0,2,-0.0025619741063565,-0.0128358727314624,-5.77206459460365,-4.64178549770497,-2.98001815398677,-2.41216852125855,-0.151302805632386
2352,9,2,1,0.0959931088596881,1,2,2,0.0827957913279533,-5.32272936352547,-5.21920286677069,-0.0103443588151225,-2.49232723608143,-1.80711662377774,-0.283482813771799
2353,12,2,1,0.148352986419518,1,2,1,0.133796140551567,-5.62020519070676,-6.02413301416666,-0.00606188953537802,-2.08347925429129,-0.139047987625727,-5.2367662236862
2354,3,2,0,-0.0785398163397448,1,2,1,-0.110672734677792,-4.95553392581003,-5.91933108658476,-0.00977895119135676,-1.03092451344403,-0.515977747244124,-3.07032071953399
2355,12,2,1,0.0610865238198015,1,2,2,0.032719049602747,-2.75611290565063,-7.5729850615643,-0.0661957901542762,-3.62828930541331,-1.22874294569622,-0.38451862790918
2356,33,2,0,-0.0646109879777625,1,2,2,-0.0491519123315811,-6.86415430539656,-4.10955564536385,-0.0176139086714988,-1.14350538283156,-1.33608472968321,-0.871252432099328
2357,9,2,2,-0.165806278939461,1,2,2,-0.140212625265121,-11.1225561004326,-11.9364465525763,-2.13386904978265e-05,-2.15475761331642,-1.48058464160077,-0.420735016696401
2358,9,2,2,-0.0411474324773206,1,2,2,-0.0389171987771988,-4.48986874702276,-4.18107044527286,-0.0268618488205082,-2.42032183740199,-1.10448212215779,-0.545202201615652
2359,40,0,2,-0.00698131700797732,1,0,2,-0.0183492451906204,-0.0061098643332664,-6.6783725800768,-5.3322054589689,-2.56725515213935,-1.18272504864897,-0.483191693119493
2360,2,2,0,-0.0785398163397448,1,2,1,-0.0849764049053192,-4.6736103396524,-8.33479896358185,-0.00962463497738781,-1.31704220330934,-0.631562389324669,-1.60787390326136
2361,40,0,2,-0.00483911725656972,1,0,2,0.0340620093047619,-0.150608388694257,-5.36339263245601,-2.00151422876318,-3.21107403079626,-2.46158678133315,-0.134231907354301
2362,12,2,0,-0.0785398163397448,1,2,1,-0.0935442522168159,-6.61090627004394,-9.23169478688881,-0.00144448845382145,-0.935952456266786,-0.710282384327374,-2.15173225237399
2363,56,2,2,0.132645023151569,1,2,2,0.111772827804089,-6.1911851568365,-4.88859286518792,-0.00962559787524818,-3.65403985995514,-1.34998651496802,-0.335654687890589
2364,9,2,1,-0.113446401379631,1,2,0,-0.0897021442651749,-5.89020646751618,-7.62505598367511,-0.00325984032471841,-0.802174360585367,-1.98314932127079,-0.881860716068053
2365,12,2,1,0.148352986419518,1,2,2,0.135115250945091,-7.91890507735034,-7.31075087543191,-0.00103264702538866,-1.64553900925433,-0.955059940458896,-0.862033645485123
2366,9,2,1,0.130899693899575,1,2,1,0.124594978988171,-5.934211325606,-3.42629677623221,-0.035787192782727,-4.58193819888138,-0.0127472466672275,-6.01932803482332
2367,43,0,0,0.0279252680319093,1,2,0,0.102211520075798,-1.14290755117109,-9.60358124790264,-0.384131277889217,-0.413390319943622,-2.89129747384332,-1.26198432106442
2368,3,2,0,0.0610865238198015,1,2,0,0.0581211112439632,-3.52874075716083,-4.2261699251992,-0.0449450882877557,-0.127683021968592,-2.3351713295591,-3.76905758898496
2369,12,2,0,0.165806278939461,1,1,1,0.0519423447549343,-6.70642557791262,-0.29686106548903,-1.36402506127583,-1.97918718566524,-0.411676566673317,-1.61304443927818
2370,2,0,1,0.0261799387799149,1,0,0,-0.00692612957209349,-4.76837271889999e-07,-20.2047123397276,-14.5070634178864,-0.280344467675258,-1.41380451242888,-6.67639298103638
2371,56,2,2,0.135263017029561,1,2,2,0.124293230473995,-7.64329209984766,-10.7510310804351,-0.000500804397704237,-3.1505384566742,-1.25711734543255,-0.396458667322117
2372,54,2,0,0.116192840582262,1,2,0,0.11711023747921,-5.90231691865795,-6.73531476993137,-0.00392903854801939,-0.046724179544965,-4.7573422032921,-3.29519062151451
2373,27,2,0,-0.117809724509617,1,2,1,-0.11104578524828,-9.84957999229482,-2.54785932424802,-0.0815373625332166,-2.61456247280566,-0.431296785118822,-1.28325359303723
2374,22,2,0,-0.161442955809475,1,2,1,-0.161465674638748,-12.6446218847538,-4.2244425570105,-0.0147448081511303,-2.63428293923659,-0.427070887845603,-1.28803472411864
2375,9,2,2,-0.0436332312998582,1,2,1,-0.0334709770977497,-3.66494891698762,-5.83849401263863,-0.0289332350100792,-5.14138544684426,-0.0194977769362604,-4.30808200961715
2376,9,2,1,-0.165806278939461,1,2,1,-0.168773829936981,-9.12030531835751,-4.92000894040357,-0.00743607894999802,-2.59534240413578,-0.0837102477924928,-5.17047077034504
2377,2,2,1,-0.0610865238198015,1,2,1,-0.066612109541893,-4.23279243588341,-8.97358622223838,-0.0147466833433564,-1.22878877136946,-0.837359341946077,-1.29279963009806
2378,2,2,0,0.0424003879848656,1,0,1,0.0617602802813053,-0.00181678961058967,-19.5728139611413,-6.31158016486931,-1.30225363716948,-0.369571658922082,-3.29545069502921
2379,3,2,1,-0.130899693899575,1,2,1,-0.0884243473410606,-1.01992342159032,-3.17787357234727,-0.514660838701973,-3.22610917091318,-0.0683104779186474,-3.63751006611665
2380,12,2,2,-0.148352986419518,1,2,2,-0.138112097978592,-10.9332330952784,-4.18787841094096,-0.0153129707666845,-3.59282233325683,-2.86854410988844,-0.0880687369868163
2381,3,2,2,0.0959931088596881,1,2,1,0.0723422989249229,-4.27220203169931,-2.45953546652374,-0.104722512425353,-1.22755607973044,-0.447778539002575,-2.68904165019149
2382,9,2,1,-0.0785398163397448,1,2,1,-0.0802352651953697,-1.37621917282253,-17.201627573749,-0.291063232907922,-2.85729441236102,-0.374391873742954,-1.36700658867664
2383,56,2,1,0.130027029273578,1,2,2,0.122979894280434,-7.18727110310985,-6.99223708936883,-0.0016765932387114,-1.5592396182232,-1.01723705827415,-0.848371687901585
2384,9,2,1,-0.130899693899575,1,2,2,-0.128521606326103,-8.05405330783683,-7.05497123779979,-0.0011816446941223,-2.05835019981211,-2.89232173883075,-0.202253019484089
2385,2,2,1,-0.148352986419518,1,2,1,-0.145303636789322,-11.9709727781342,-3.33898500324277,-0.0361239924078993,-3.42375327378776,-0.0593022771109733,-3.68934744516499
2386,2,2,1,-0.0785398163397448,1,2,0,-0.103497624397278,-4.06749082837617,-9.86621737909821,-0.0173213698794392,-0.608400441670628,-2.26197078262105,-1.04516358153774
2387,85,2,1,0.0366519142918809,1,0,1,0.0423879958689213,-0.662062534509298,-3.06150903289056,-0.826915044252422,-4.27141067894969,-0.0326611347414797,-4.00790133602344
2388,3,2,1,-0.130899693899575,1,2,1,-0.101163439452648,-1.95527289519138,-3.36701131416549,-0.193607099906862,-2.48299594211615,-0.558578311411592,-1.06570313100785
2389,12,2,2,0.0785398163397448,1,2,2,0.0615119263529778,-3.31583882267826,-4.82778856180156,-0.0453192888095366,-3.73350340968545,-0.88819570014098,-0.571471732045936
2390,3,2,2,0.0959931088596881,1,2,2,0.0702306851744652,-4.74347782163128,-3.78764206884113,-0.0318593921889995,-3.26547719279895,-0.814264718708603,-0.656128108063152
2391,60,2,2,0.167551608191456,1,2,2,0.154102519154549,-8.7308682396036,-8.22295568536438,-0.000430020748435275,-3.70008650825353,-0.750602665996985,-0.686774217688032
2392,43,0,0,0.0279252680319093,1,0,1,0.0187533292919397,-0.0642965714465423,-12.4110087844874,-2.77628932045628,-4.2830180663027,-0.231080012987162,-1.64753909644433
2393,12,2,1,0.113446401379631,1,2,1,0.0873972252011299,-4.86026369797344,-2.93294344362414,-0.062927601145174,-0.773709045317746,-0.708829781575285,-3.06870687775022
2394,9,2,2,-0.0785398163397448,1,2,0,-0.081297941505909,-5.04685916440128,-9.52809946115459,-0.00652350254753,-0.99974401278391,-1.09448010324539,-1.21297030833706
2395,2,2,2,-0.130899693899575,1,2,2,-0.13208432495594,-10.8952514553387,-4.2940208675346,-0.0137626907811196,-1.66188594154047,-4.87866149559152,-0.219883713023273
2396,85,2,1,0.0506145483078356,1,2,1,0.0406069196760654,-2.13894192565645,-2.87094914997671,-0.191674595301371,-6.91074586826254,-0.00202013315848146,-6.88682249646835
2397,2,0,0,0.0261799387799149,1,0,1,0.0426719971001148,-2.77761502190209e-05,-21.7355052618076,-10.4910584610746,-1.62216946320568,-0.238802645322852,-4.20238107660838
2398,3,2,2,-0.113446401379631,1,2,0,-0.120049573481083,-9.1890880452491,-9.79952929241442,-0.000157607100132671,-0.701926929183235,-0.84214469968593,-2.60931392799567
2399,2,2,1,-0.148352986419518,1,2,1,-0.144551813602448,-11.9476702233109,-3.39587881961062,-0.0340921896105947,-3.43278496045232,-0.0570248452455333,-3.76651635117846
2400,9,2,2,-0.148352986419518,1,2,2,-0.15180791914463,-11.9616545441064,-5.52229195531734,-0.00401108158607183,-1.57236941534821,-1.80003349991415,-0.466563451307017
2401,9,2,1,0.0436332312998582,1,2,1,0.029060335829854,-1.15595241150419,-9.92781273836508,-0.378053855438607,-1.51939682854279,-0.778218304986597,-1.1334128439511
2402,9,2,1,0.130899693899575,1,2,1,0.12460083514452,-5.9385521783332,-3.4225800174067,-0.0359008059544647,-4.57902392240761,-0.0128083422683391,-6.00685449651705
2403,12,2,1,-0.0959931088596881,1,2,1,-0.0896105319261551,-9.50655928204602,-3.22480383566293,-0.0406531512999521,-3.73058627729232,-0.0527725329186454,-3.59628341316163
2404,41,0,1,0.00785398163397448,1,0,1,0.0438846126198769,-0.329893697764422,-3.6924048533758,-1.3622350026559,-1.24781626619267,-0.83619726067165,-1.27470455148212
2405,33,2,1,-0.0593831642821638,1,2,0,-0.0723421946167946,-4.02640508690628,-6.63944129711877,-0.0193317446599825,-0.169129894094509,-2.12612525074295,-3.31587986949945
2406,12,2,1,0.0785398163397448,1,2,2,0.0565086342394352,-5.09163575999617,-7.37784498849031,-0.00679597581048937,-2.36175053040232,-1.31314031376541,-0.451345429954354
2407,12,2,2,0.113446401379631,1,2,2,0.102734886109829,-7.043039928036,-7.34588873988181,-0.00151982108742864,-1.8195574643525,-0.928264871230564,-0.814945075474913
2408,27,2,1,-0.109083078249646,1,2,0,-0.0932708531618118,-9.94511519369006,-11.8121320144181,-5.54338560689224e-05,-0.412226128066167,-1.52109269486971,-2.12567450281315
2409,9,2,1,0.0707930770070748,1,2,0,0.136141374707222,-0.850711137459638,-13.5192755597838,-0.557065847038568,-0.182414854336037,-2.10587415586953,-3.10097536833297
2410,9,2,0,0.0959931088596881,1,2,1,0.0665434822440147,-0.84335382066215,-10.2071324788699,-0.562648820426937,-2.73262051616544,-0.43444893109302,-1.24712389243904
2411,66,2,0,-0.123918376891597,1,2,2,-0.127745568752289,-10.6593748499341,-3.16208884653419,-0.0432841095171098,-0.988838809167948,-3.51603775460476,-0.513705252930828
2412,3,2,1,-0.0610865238198015,1,2,2,-0.072968877851963,-3.00787827182438,-3.60954825714525,-0.0795416227466977,-3.17034239737585,-1.47360610392682,-0.316200964855125
2413,12,2,1,-0.0610865238198015,1,2,0,-0.0684231147170067,-2.6677861066823,-9.04307294828738,-0.0720589852357035,-0.843589834464269,-1.64641527057814,-0.975253197211021
2414,27,2,2,-0.109083078249646,1,2,0,-0.11668149381876,-7.42522389556614,-3.26932612071724,-0.0393939535613663,-0.113133248854803,-3.24718547959207,-2.68699944990254
2415,54,2,2,0.117809724509617,1,2,0,0.118271216750145,-6.78323631237603,-8.42372399330867,-0.00135304632119827,-0.43111844565689,-1.31718792936464,-2.49701352286218
2416,12,2,0,-0.0785398163397448,1,2,0,-0.0752921178936958,-6.5030168577628,-8.31755578445519,-0.00174465886905139,-0.808089563417007,-0.812224138488313,-2.20345047523455
2417,12,2,0,0.0448660746148509,1,2,2,0.0324778072535992,-2.0681857278158,-8.11649630983123,-0.135491546440964,-2.82321881807325,-1.11059971417628,-0.492291391876345
2418,12,2,0,-0.0436332312998582,1,2,1,-0.0599141269922256,-2.83861041620057,-4.99731163405509,-0.0674901078947087,-0.974874236599978,-0.546433454690383,-3.12928531141377
2419,9,2,1,0.130899693899575,1,2,1,0.124600775539875,-5.93857258335161,-3.42264841005336,-0.0358983964057568,-4.57903236021744,-0.0128083422683391,-6.00686934516043
2420,66,2,1,-0.137881010907552,1,2,0,-0.132484450936317,-11.8924749444879,-4.11699419144106,-0.0164345112169434,-0.215099103519659,-1.71039272808985,-4.36271880858684
2421,3,2,0,0.0610865238198015,1,2,0,0.0669710412621498,-4.30246222192032,-3.92201982060272,-0.0339046017938794,-0.355081211341182,-1.21337665926773,-6.38217985737057
2422,33,2,1,-0.0654498469497874,1,2,1,-0.0505121871829033,-7.09389457288585,-3.61247354036106,-0.0282092699068906,-3.77423490118324,-0.0467727712687547,-3.78358011634985
2423,3,2,0,-0.0785398163397448,1,2,1,-0.0988685414195061,-4.88884643869132,-5.98055407088731,-0.0101084875948972,-1.16978612481424,-0.745397694145237,-1.53701889139419
2424,3,2,2,0.0959931088596881,1,2,0,0.0793560221791267,-4.53480952654001,-2.50531094938472,-0.0969284910510645,-0.491460698641333,-1.55750538377117,-1.72818270669241
2425,2,2,1,-0.113446401379631,1,2,2,-0.125793471932411,-11.2908741471088,-3.96333329198945,-0.0191952687840692,-3.06120273019714,-0.844685495946165,-0.647263744616768
2426,2,0,1,0.00872664625997165,1,0,0,-0.0196472648531199,-2.98023667967045e-06,-18.4884635193713,-12.729725968518,-0.0617746541165178,-2.81913342017885,-8.30346439111607
2427,2,0,0,0.00853063760374184,1,0,2,-0.0182849522680044,-0.00270918094987425,-11.3183448319289,-5.916970558785,-2.2007481522378,-0.853666068592153,-0.769102529644514
2428,22,2,0,-0.161442955809475,1,2,1,-0.161188676953316,-12.7011664990578,-4.25805749187246,-0.0142539311984142,-2.62929532645212,-0.431108905758835,-1.27983726846328
2429,2,0,0,0.00872664625997165,1,0,0,0.0363802127540112,-1.56165388686607e-05,-12.246927669147,-11.4343017330456,-0.607016701061554,-1.06922615110467,-2.19147645139101
2430,9,2,1,0.130899693899575,1,2,1,0.124600149691105,-5.93863123905651,-3.42296817061938,-0.0358874608345894,-4.57908389591313,-0.0128073763009402,-6.00699570941692
2431,54,2,2,0.117809724509617,1,2,2,0.112824015319347,-7.84083177691272,-10.2670269355016,-0.000428231841589736,-1.24008085319226,-2.02718187339955,-0.546568420926638
2432,40,0,1,-0.00698131700797732,1,0,1,-0.0101888542994857,-0.00242867707846801,-11.2652365155888,-6.02692049202511,-1.3140103612273,-0.429682248292795,-2.51895052076299
2433,85,2,1,0.0436332312998582,1,2,1,0.0465947426855564,-1.17159000253923,-3.11084159885523,-0.43763292643042,-4.52060402564464,-0.0247076792679564,-4.3033985108079
2434,3,2,1,-0.0436332312998582,1,2,1,-0.0547546483576298,-2.00026121729458,-5.81461961461751,-0.148829007605963,-2.36441828546679,-0.572467584608585,-1.07334117828803
2435,9,2,1,0.165806278939461,1,2,1,0.139601558446884,-6.39099389610171,-1.64500068145763,-0.21652678474576,-1.42779510783174,-0.898403367583445,-1.0414470948228
2436,12,2,1,0.0785398163397448,1,2,2,0.062213372439146,-5.0419472357477,-7.56997525929929,-0.0070012948465929,-2.02262167991986,-1.14968944232876,-0.596099009983803
2437,27,1,1,-0.117809724509617,0,1,1,0.0393012315034866,-0.93169012007686,-0.759800324548121,-1.97794857560159,-6.30254816537289,-0.00259371904025341,-7.18388238483523
2438,2,2,2,0.0785398163397448,1,2,1,0.102796904742718,-8.40109314301508,-26.6657978834287,-0.000224675143728432,-9.23014642823334,-0.254358365316885,-1.49393280374865
2439,3,2,0,-0.0610865238198015,1,2,1,-0.072282575070858,-4.89765944511015,-5.48404514802746,-0.011684527017017,-1.2349829137242,-0.791285674686067,-1.36297437620353
2440,2,2,1,0.0959931088596881,1,2,1,0.115991495549679,-7.52944350024867,-22.32996482311,-0.000537122469231751,-5.84113043244615,-0.634691882466512,-0.761435258416612
2441,41,0,1,0.00874421166565534,1,0,1,0.0438846126198769,-0.329893697764422,-3.6924048533758,-1.3622350026559,-1.24781626619267,-0.83619726067165,-1.27470455148212
2442,2,2,2,-0.0436332312998582,1,2,1,-0.0565965510904789,-3.37849264095875,-3.47697216127884,-0.0672083646538938,-1.45795056528427,-0.367558947263628,-2.59207199261716
2443,41,0,2,0.0130899693899575,1,0,2,0.0110898660495877,-0.0303134337518271,-5.27783917470939,-3.69871871787974,-2.1138825457704,-3.07391178557758,-0.182731291526379
2444,85,2,1,0.0506145483078356,1,2,1,0.0555428527295589,-2.86837354512777,-2.64272563747133,-0.136918032511964,-6.07423104279468,-0.00475300596399653,-6.01566775677251
2445,2,0,1,-0.0261799387799149,1,0,2,-0.0461933501064777,-0.138551922614878,-8.93874856815325,-2.04600119390066,-1.49013739510511,-1.52168435188201,-0.586421553999319
2446,60,2,1,0.167551608191456,1,2,2,0.145979702472687,-9.38726869729296,-9.70770991663089,-0.000144611323938592,-4.9880319287318,-2.76474602161603,-0.07236772949505
2447,3,1,1,-0.114345586829028,0,0,1,0.00997593719512224,-0.00527087715899246,-8.93394365688433,-5.27359901307817,-1.40822860243993,-0.504130306284223,-1.88787491900176
2448,9,2,1,0.0785398163397448,1,0,2,0.0577059499919415,-0.182001054380739,-11.0868119543926,-1.79345567564035,-8.12822318015115,-0.790399155078193,-0.605060865379008
2449,12,2,0,0.154159683205518,1,1,2,0.0363234616816044,-7.80367653701333,-0.162160286053455,-1.90188494868257,-1.90281156644896,-0.890763793060725,-0.819824218865287
2450,9,2,1,-0.113446401379631,1,2,2,-0.113678276538849,-6.78579823304414,-8.27206287849778,-0.00138629161221029,-1.14121854092171,-1.53726902965944,-0.764421824232047
2451,54,2,1,0.109083078249646,1,2,1,0.105420768260956,-5.17391759721851,-3.64843871588689,-0.0322072439035442,-4.87147966257368,-0.0110871414427608,-5.69467277797965
2452,9,2,1,-0.0791527950625839,1,2,1,-0.0904192849993706,-2.65056058061156,-15.4844932080886,-0.0732287317911347,-3.42344308952394,-0.278580897350452,-1.55806526878614
2453,2,2,2,0.165806278939461,1,2,1,0.129215866327286,-4.53727616836933,-12.078999445497,-0.0107658981180675,-4.61119066912656,-0.271075557129981,-1.48060023031137
2454,3,2,1,-0.148352986419518,1,2,1,-0.152955591678619,-11.5701310170088,-9.89577367745212,-5.98448540220477e-05,-2.94117163659472,-0.0667033509933248,-4.44616707602863
2455,3,0,1,-0.00872664625997165,1,0,2,-0.03025240637362,-0.0215362878785097,-10.1427635744915,-3.85061111287615,-1.10237836817639,-1.30401536865861,-0.925129695526708
2456,2,2,1,-0.113446401379631,1,2,1,-0.125630155205727,-11.4764860667665,-3.76099101652277,-0.0235461309792274,-3.05969049333172,-0.561077646564421,-0.961016281830953
2457,40,0,1,-0.00436332312998582,1,0,1,0.00404905248433352,-0.0174128889903036,-9.59960911001618,-4.06317068561522,-0.972234271785263,-0.697861738768807,-2.08654854335359
2458,9,2,1,0.0436332312998582,1,0,2,0.0269270930439234,-0.265362875933467,-9.98101917310508,-1.45660480514481,-1.50551675929534,-1.01583624715941,-0.877075156195953
2459,66,2,0,-0.123918376891597,1,2,1,-0.123612724244595,-9.88811409727418,-5.30353230653986,-0.0050374574744943,-1.08261642051835,-0.911227105704517,-1.34991915144522
2460,85,2,1,0.0471238898038469,1,2,1,0.0484269931912422,-1.14106862134577,-2.53957978679067,-0.50812417875806,-4.27521782920246,-0.031082886179578,-4.09259779507029
2461,3,2,1,-0.148352986419518,1,2,1,-0.152931466698647,-11.5723195103263,-9.89910078910121,-5.96064212028193e-05,-2.94130794776765,-0.0667561730129192,-4.44133515737119
2462,22,2,1,-0.166678943565458,1,2,2,-0.165622681379318,-11.8939178547591,-3.04635321520966,-0.0487058629133124,-3.55833010368203,-0.730362797528128,-0.713800045609634
2463,9,2,1,-0.0785398163397448,1,2,2,-0.0815309211611748,-2.86318537660429,-6.47552289549629,-0.0604161576750405,-1.08927522739956,-1.27283859401304,-0.958404830859325
2464,2,0,0,0.00872664625997165,1,0,0,0.0301902797073126,-5.72206226940458e-06,-13.1547375477507,-12.4847793219099,-0.778275416161888,-0.909728663477102,-1.97927561640149
2465,2,2,1,0.0619857092691981,1,2,1,0.0983366891741753,-6.61018655318797,-23.4452713773438,-0.00134749559931345,-5.79847466984891,-0.662631833036204,-0.730901103079179
2466,12,0,2,0.00872664625997165,1,0,0,-0.00989666488021612,-0.00520598629111904,-10.1508101614286,-5.26809309694603,-0.969821085924957,-1.27829252376472,-1.07196065573442
2467,3,2,0,0.0610865238198015,1,2,0,0.0624646581709385,-4.00005418094612,-4.1475210697463,-0.0347138488561766,-0.166586308463235,-1.89932625892368,-5.57781351503409
2468,3,2,0,0.130899693899575,1,2,2,0.125622093677521,-7.26034669214118,-12.055354487572,-0.000708950472388378,-1.22746922170553,-1.05483919714126,-1.02521777886014
2469,54,2,1,0.115191730631626,1,2,2,0.119051188230515,-6.87633856838999,-8.676903359029,-0.00120318764373785,-2.28028571495016,-0.8208365684514,-0.781581541265439
2470,3,2,2,-0.148352986419518,1,2,0,-0.160448238253593,-10.6797312536695,-9.77227107089414,-7.99926326139024e-05,-0.341007116088067,-1.2777407424213,-4.57755410853517
2471,54,2,1,0.117809724509617,1,2,1,0.0948199778795242,-4.74890357704049,-2.93210707410711,-0.0639475448788491,-1.55419233210645,-0.427853872792787,-1.98972323104913
2472,2,2,2,0.0785398163397448,1,2,1,0.102837987244129,-8.35524140150508,-26.5314031252479,-0.000235167973459293,-9.26073121006392,-0.279936285651172,-1.4102876594334
2473,9,2,1,0.148352986419518,1,2,1,0.136909276247025,-6.05296413823465,-3.34099622479234,-0.0384835943739041,-2.38356442696883,-0.194931967687186,-2.46642047534293
2474,56,2,1,0.132645023151569,1,2,0,0.106827549636364,-4.9299334138735,-2.18207465552166,-0.127872256168693,-0.683577811287311,-0.799991786988856,-3.08216768878225
2475,12,2,1,-0.0610865238198015,1,2,1,-0.0649671405553818,-4.02705655453061,-8.95356969273876,-0.0181191838993245,-1.3539739792855,-0.835800048931912,-1.17681016953814
2476,2,2,1,-0.0959931088596881,1,2,1,-0.0878754630684853,-5.25295271533582,-5.0159264898381,-0.0119344026007232,-3.30155815193394,-0.406152585921152,-1.21413857354414
2477,2,2,2,-0.130899693899575,1,2,2,-0.126579537987709,-11.0344914426524,-3.81920137085876,-0.02220625407902,-2.90887457411344,-2.45441176836762,-0.15134718485479
2478,66,2,1,-0.123918376891597,1,2,1,-0.119779922068119,-10.9872428260347,-3.22702084074352,-0.0405016932082716,-3.23458634590207,-0.0885239641179848,-3.09351548054684
2479,3,2,1,0.113446401379631,1,2,0,0.0983527973294258,-6.31437483337954,-1.31759373814392,-0.314147899021633,-0.781232060502529,-0.891419402731434,-2.02430819165559
2480,3,2,1,0.154159683205518,1,1,1,0.0482458434998989,-14.2025724081906,-0.00181057947451303,-6.31541733435126,-1.81204971283867,-0.320610741350244,-2.1984469958859
2481,41,0,0,0.0130899693899575,1,0,1,0.0438634045422077,-0.330365589279095,-3.68827783682594,-1.36131280369988,-1.2484868927199,-0.836566698477979,-1.27344400677489
2482,3,2,0,-0.0785398163397448,1,2,1,-0.0823334380984306,-4.47442542842407,-6.81959831477586,-0.0125676037577317,-2.1739717711221,-0.287142279557377,-1.99605611328244
2483,66,2,0,-0.130899693899575,1,2,0,-0.128312706947327,-12.7156981182236,-5.30927639524918,-0.00496084107280214,-0.48958632909809,-0.966747022363636,-4.99053898766136
2484,12,2,1,-0.0610865238198015,1,2,0,-0.077875979244709,-3.36955011324508,-9.64248481587864,-0.0350781898457194,-0.798048673628795,-1.56596835425715,-1.07614327136254
2485,9,2,1,-0.165806278939461,1,2,1,-0.0857501104474068,-5.78381118255396,-11.1465984535131,-0.00309618313325047,-2.46794179723969,-0.182851510961341,-2.49678821324374
2486,9,2,1,0.0436332312998582,1,2,2,0.0402598492801189,-1.75412415689778,-8.90810736118682,-0.190185255734615,-1.91149802868841,-0.953834099658871,-0.761682644192949
2487,2,2,1,-0.148965965142357,1,2,1,-0.147530168294907,-12.0893466222003,-3.28938840764587,-0.0379950441899322,-3.48590197704371,-0.0579308376631667,-3.66287481000204
2488,3,2,1,0.0787358249959746,1,2,0,0.0860943049192429,-8.00652763313393,-6.02367287592947,-0.00275777216765772,-0.305821568975341,-1.33815170162537,-6.76633945941143
2489,27,2,1,-0.111701072127637,1,2,0,-0.118428267538548,-7.20750930937855,-9.79365234106293,-0.000797052848957761,-0.417465473080229,-1.58546925817485,-1.9919132876054
2490,40,0,0,-0.00436332312998582,1,0,0,-0.00506701786071062,-0.000862374110428203,-7.69698690788849,-7.80481836761212,-0.354744103060613,-1.29982434081191,-3.64706884511679
2491,22,2,2,-0.161442955809475,1,2,2,-0.158432886004448,-12.3138823602409,-4.03425463882267,-0.0178619331077881,-2.8118110137253,-2.19753126045373,-0.187743874341166
2492,9,2,1,-0.0959931088596881,1,2,1,-0.108018048107624,-6.33838765509743,-7.87461018163038,-0.00214974518923964,-1.12203503520083,-0.489651490991865,-2.78801130868981
2493,3,2,1,-0.0436332312998582,1,2,1,-0.0317794121801853,-2.42666543346571,-6.96339113388207,-0.0935162595227151,-5.04942814489678,-0.0549012458931376,-3.05742804183768
2494,56,2,1,0.135263017029561,1,2,2,0.118999794125557,-5.94214137849304,-3.90511261115503,-0.0230282259529194,-2.18561820569192,-1.65677479841795,-0.361201519555469
2495,12,2,2,-0.136730798024333,1,2,2,-0.130108818411827,-10.6210493097712,-4.22368618875194,-0.0147775942767707,-4.06795386895915,-3.27610011321396,-0.0564515352688029
2496,40,0,1,-0.00436332312998582,1,0,1,-0.0139499856159091,-0.0985885939527603,-11.2868763631521,-2.36582221903463,-3.23621519542199,-0.51435284240686,-1.01390314423161
2497,54,1,1,0.109083078249646,0,1,1,0.200083583593369,-11.6844719879544,-0.00106993911268332,-6.84858836283119,-10.6992589359215,-3.25446656192485e-05,-11.5137273493364
2498,9,2,1,-0.113446401379631,1,2,0,-0.0976294428110123,-6.18158889745026,-6.73915368076728,-0.00325613277725806,-0.445466593972207,-1.79066909029164,-1.64700371376157
2499,33,2,1,-0.0567232006898157,1,2,1,-0.035960678011179,-6.16261425740985,-4.3321393848699,-0.0153635704393953,-1.48257541144625,-0.706556837458925,-1.27436704285331
2500,2,2,2,-0.0500925176014871,1,2,1,-0.0274340957403183,-3.98946785900028,-7.15316747628903,-0.0194804552974032,-1.11993544145653,-0.886227947765535,-1.34135347290017
2501,3,2,2,-0.0959931088596881,1,2,0,-0.0996890142560005,-6.05931208470703,-9.75591772819633,-0.00239683105880999,-0.566437763891277,-1.45632565448732,-1.61261614504404
2502,3,2,1,-0.130899693899575,1,2,1,-0.117531694471836,-2.67682389487531,-18.2634913990231,-0.0712611380743352,-2.25477863653506,-0.268126873217356,-2.03797331741238
2503,85,2,1,0.0506145483078356,1,2,1,0.0512346364557743,-1.67631511191442,-1.78989793196618,-0.437016538352624,-4.94910560677948,-0.0139177678168241,-5.00094013414229
2504,22,2,1,-0.166678943565458,1,2,1,-0.148440852761269,-9.31251262344131,-4.44456230103314,-0.0119030968798173,-2.59276987499566,-0.689507557491407,-0.859522143811535
2505,22,2,2,-0.170083981953306,1,2,0,-0.149568498134613,-12.2053741500177,-6.16500561011563,-0.00210894843885344,-0.450007593063497,-2.22923087780203,-1.36741148936045
2506,54,2,1,0.117809724509617,1,2,1,0.115089558064938,-5.98675888217648,-8.41442504776103,-0.00273721175782587,-1.85346435098803,-0.814226168473285,-0.915479379957767
2507,9,0,1,0.0261799387799149,1,0,2,-0.00220784242264926,-0.0201482544832037,-12.4689759379302,-3.91488647015326,-1.86689364906508,-1.07160944807478,-0.68728452058644
2508,12,2,2,0.081516352660558,1,2,2,0.0694249346852303,-4.83895952616698,-7.90212328184297,-0.00831973767518899,-3.00209926205593,-0.97283256625801,-0.558080463714887
2509,9,2,2,-0.165806278939461,1,2,2,-0.142733588814735,-11.3772215844891,-11.9925875160377,-1.76431304926271e-05,-2.1582354974638,-1.25479492730858,-0.511931464041881
2510,27,2,2,-0.109083078249646,1,2,1,-0.101027265191078,-4.37971350765384,-5.38467693402919,-0.0172633939149479,-1.49241250031848,-0.446159076321869,-2.00182524519937
2511,40,0,2,-0.00436332312998582,1,0,0,0.00517392996698618,-0.00105752815163263,-9.72258080056623,-6.91072309954304,-0.679680238132295,-1.11265982960248,-1.80461710725904
2512,3,2,2,-0.148352986419518,1,2,0,-0.140877589583397,-7.06587912287605,-10.7882454236358,-0.000874722992844062,-0.204839339301549,-2.58358220922624,-2.20983557222271
2513,2,2,1,-0.113446401379631,1,2,2,-0.125907868146896,-10.2960871447523,-3.57838990997624,-0.0283525002968962,-3.23795225449922,-0.994449377942056,-0.526229122947416
2514,2,2,2,-0.130899693899575,1,2,2,-0.137712195515633,-11.1587851614809,-4.41587611379915,-0.0121719719715837,-3.67784410556346,-5.97797348293828,-0.0282054686948312
2515,22,2,1,-0.170169602069447,1,2,1,-0.160058319568634,-12.6203293343261,-3.97280115498293,-0.0190033469199194,-3.66141602360719,-0.0467641519989529,-3.91244882597745
2516,3,2,1,-0.0785398163397448,1,2,0,-0.0937717482447624,-4.25502947246511,-10.0889662179286,-0.0143364629534607,-0.685340082254982,-1.6798667121105,-1.17220831463046
2517,85,2,1,0.0444275515863919,1,2,1,0.0485355816781521,-1.52937972142771,-3.25124854005304,-0.294902516803875,-4.66415387135959,-0.0212362067179446,-4.45804629413579
2518,9,2,1,-0.165806278939461,1,2,1,-0.15412563085556,-10.5445941858825,-5.61812108068865,-0.00366446419109034,-3.12352924489888,-0.480618468402789,-1.08590051163846
2519,3,2,1,0.0785398163397448,1,2,1,0.0808601230382919,-3.29243871441085,-5.23946403404673,-0.0433942825598571,-2.08110828369795,-0.688134141633787,-0.986993931368641
2520,40,0,2,-0.00698131700797732,1,0,2,-0.025542076677084,-0.0114341712446019,-7.7541204484576,-4.51532178239454,-1.74351987994682,-1.26699570857292,-0.60987329493688
2521,12,2,1,0.0610865238198015,1,2,2,0.0440797619521618,-2.55419850028817,-7.12264085606518,-0.0818188385117924,-2.5183610795665,-0.945285292478229,-0.633295108885871
2522,66,2,0,-0.130899693899575,1,2,0,-0.128822863101959,-12.5966864644505,-5.07601793475393,-0.00626765768326084,-0.336868077876406,-1.29007977023648,-4.53302026193362
2523,40,0,2,-0.00436332312998582,1,0,0,0.00233348947949708,-0.00831414814823155,-6.21531925210498,-5.07020100181277,-0.699730859649148,-1.44560454404292,-1.3179728791592
2524,2,2,1,-0.133876230220388,1,2,2,-0.127992510795593,-11.3740131711329,-4.38767218464187,-0.0125191370894963,-2.07110113273303,-2.42946592673981,-0.240964860747561
2525,60,2,1,0.167551608191456,1,2,2,0.139471963047981,-6.40608956887821,-2.57824824493141,-0.0807311447876259,-3.85225906629857,-1.26110619154056,-0.363228032904816
2526,3,2,2,-0.148352986419518,1,2,2,-0.14913022518158,-5.27817437182883,-7.83947983592423,-0.0055107642603923,-1.18556418199144,-1.19990241338103,-0.933430043656578
2527,12,2,0,0.165806278939461,1,2,0,0.143921241164207,-7.55219205098691,-6.75600183644464,-0.00169026569962591,-0.55697533417075,-1.04887972539528,-2.56745477088374
2528,12,2,1,-0.148352986419518,1,2,1,-0.142385080456734,-9.69267282053147,-9.16866404356197,-0.000166072329590218,-2.33893340337112,-0.34943956568873,-1.61703445657977
2529,12,2,0,-0.0436332312998582,1,2,1,-0.0464297831058502,-1.58114571384744,-2.13518219516369,-0.391506480849926,-2.09864106366059,-0.451074762245792,-1.42531056065687
2530,9,2,1,0.0939636863657771,1,2,0,0.0905013382434845,-7.64474084608557,-5.08262847968348,-0.00670458308764482,-0.531076989931158,-0.912695873588405,-4.54801995912797
2531,2,2,0,-0.0785398163397448,1,2,0,-0.088628813624382,-4.27090339225272,-9.67494859870041,-0.0141313856200871,-0.851492590775637,-1.28380638117033,-1.21657990341542
2532,9,2,2,-0.0436332312998582,1,2,1,-0.0356221981346607,-3.65108293819027,-6.99399844608373,-0.0272483298288222,-4.67178844778608,-0.0340511787489701,-3.72461200720288
2533,27,1,1,-0.117809724509617,0,0,1,0.0506034530699253,-0.16788090981195,-3.36425726147033,-2.12061503937332,-2.59432797880202,-0.21232464821949,-2.14899073882761
2534,3,2,1,-0.130899693899575,1,2,1,-0.146275669336319,-5.89015184683137,-8.50016299509156,-0.00297439938319535,-2.55746464499138,-0.294412818328381,-1.72861471556891
2535,2,0,1,0.00872664625997165,1,0,0,-0.0217817816883326,-3.09944633159913e-06,-18.3940327629702,-12.6660807259975,-0.0489132106273145,-3.04692786501641,-8.37065909799835
2536,12,2,1,-0.165806278939461,1,2,1,-0.141141891479492,-11.8324626012552,-7.43572744102085,-0.000597297678107533,-1.57381201815428,-0.317240827009611,-2.73968115064414
2537,60,2,0,0.170169602069447,1,1,1,0.134412154555321,-8.37530782770727,-0.428074154945945,-1.05553450143423,-0.872760396883908,-0.71534173364257,-2.37323911565474
2538,40,0,0,-0.00436332312998582,1,0,1,-0.00542551372200251,-0.0139284657554795,-6.53467330740422,-4.3916998520141,-1.51755151248182,-0.694437618911845,-1.2679899075382
2539,56,2,2,0.132645023151569,1,2,2,0.113130085170269,-6.17723595201185,-4.77644578319737,-0.010557636216498,-3.7195349780116,-1.33682282447956,-0.338167529534694
2540,12,0,1,0.0252807533305183,1,0,2,-0.0010310064535588,-0.0261883901915657,-10.7643742879034,-3.65632061827397,-1.14798171546453,-1.24557373085515,-0.92900168215657
2541,3,2,1,0.0785398163397448,1,2,0,0.0778241604566574,-6.5529024260657,-6.6557581569494,-0.00271629317004017,-0.477180447972131,-1.07539619280114,-3.26212739831257
2542,9,2,0,0.0959931088596881,1,2,2,0.0804280042648315,-9.36873789088727,-11.3626172886625,-9.70410700266701e-05,-3.20228929041606,-1.25427099983014,-0.394455093857141
2543,27,2,0,-0.111701072127637,1,2,0,-0.119715757668018,-5.83737086158896,-10.2713633131034,-0.00295544860640274,-0.639788062148341,-1.1063611544395,-1.95308768818943
2544,2,2,0,-0.0785398163397448,1,2,1,-0.087706945836544,-4.52662488406729,-7.87549031802832,-0.0112601891928893,-1.12530666386819,-0.868068991395203,-1.36380614063299
2545,2,2,1,-0.0972259521746808,1,2,1,-0.0955978110432625,-6.25500014091921,-4.70226484744237,-0.0110564649073277,-3.58817594756954,-0.18168985175955,-1.97694689073894
2546,2,2,1,0.165798165885516,1,2,1,0.122184313833714,-4.59616577205134,-14.9233871393922,-0.0101419650337558,-2.90904248800911,-0.161591462667515,-2.35721633488931
2547,12,2,1,0.0959931088596881,1,2,0,0.0886258259415627,-8.00727891430016,-7.97384072726233,-0.000677576686472288,-0.603367625167582,-0.897946724637179,-3.08722987740386
2548,66,2,1,-0.137881010907552,1,2,1,-0.131910800933838,-11.5461131991308,-3.45363728421141,-0.0321514145375233,-3.39892082747345,-0.0659464357141791,-3.49299672793133
2549,12,2,1,-0.0785398163397448,1,2,0,-0.0676073879003525,-7.16375014756213,-11.3372731045669,-0.000786375167218372,-0.52812318023791,-1.12785449076135,-2.44689125771216
2550,12,2,1,-0.0610865238198015,1,2,2,-0.0699372068047523,-3.40653618753351,-10.4930953258732,-0.0337466409265369,-1.15006390552452,-1.16971863745453,-0.986366888051491
2551,60,1,1,0.161442955809475,0,1,1,0.230659633874893,-11.6179723198367,-0.001505792789845,-6.50525273718862,-10.3502585122238,-5.0307585595794e-05,-10.9074742578309
2552,9,2,1,-0.165806278939461,1,2,1,-0.156488746404648,-8.18443679464074,-6.14849908405327,-0.00241857945023648,-2.10055623140285,-0.133147476178332,-6.0854756719782
2553,2,2,0,0.0436332312998582,1,0,1,0.0706356391310692,-0.238043014147348,-17.6366541313288,-1.5519652096484,-0.957672599268983,-0.594708948041794,-2.74121694904443
2554,12,2,2,0.113446401379631,1,2,1,0.0986365154385567,-6.66761115418223,-5.77872052169622,-0.00437362364008728,-2.19207313381585,-0.574101218298147,-1.12360969507626
2555,3,0,1,-0.00872664625997165,1,0,2,-0.0266734529286623,-0.0124776736973051,-9.76480465665854,-4.3946912542711,-1.53894981455073,-1.13724121224171,-0.7663824539593
2556,9,0,2,-0.0261799387799149,1,0,1,-0.0314328558743,-0.464235594089641,-2.42454757737607,-1.26278051269882,-3.78325835768581,-0.348374054752532,-1.30410002306091
2557,66,2,0,-0.137881010907552,1,2,0,-0.139763310551643,-12.0888908503657,-4.73962800408606,-0.00878600219015244,-0.303805268440157,-1.42494856149304,-3.84088435838966
2558,2,2,2,-0.130899693899575,1,2,2,-0.133252784609795,-11.1565328478248,-4.30665780940677,-0.0135846779727912,-2.62661027340814,-5.25495610297446,-0.0807164124099885
2559,3,0,2,-0.0261799387799149,1,0,1,-0.0277766156941652,-0.572778899545784,-7.21305864468848,-0.831703827095061,-1.96063944163794,-0.52453562042091,-1.3190040547366
2560,33,1,1,-0.0654498469497874,0,1,1,0.0342909134924412,-7.91309912554757,-0.0485890336225808,-3.05629900975988,-6.63452202933458,-0.00222841653596611,-7.00020280856782
2561,9,2,1,-0.0610865238198015,1,2,0,-0.0620542578399181,-4.94409954276007,-6.75962606608765,-0.00831949726478439,-0.644243649105831,-0.841908888339033,-3.12235591714851
2562,2,2,2,-0.129289014072295,1,2,2,-0.128470912575722,-11.0145416351965,-3.92887816876798,-0.0198784425098631,-3.96089410387308,-4.55472896670306,-0.0300092334510308
2563,9,2,1,0.0785398163397448,1,0,1,0.0510956980288029,-0.107559057194114,-13.4831455798833,-2.28302677641052,-5.71038356467027,-0.529887371625671,-0.896445685085752
2564,41,0,1,0.00436332312998582,1,0,1,0.0447774901986122,-0.0949756927616226,-4.84035325346687,-2.49252658724944,-2.0881975992603,-0.209509801097353,-2.73170611401702
2565,60,2,2,0.167551608191456,1,2,2,0.147559434175491,-8.710202366533,-8.38137928914405,-0.000394004706981927,-5.63897634666195,-3.08139798447951,-0.0507161868244232
2566,12,2,1,-0.0608905151635717,1,2,2,-0.0643093511462212,-2.11646929331876,-8.70245448806434,-0.128540890457302,-1.21196030990882,-1.21134975626166,-0.904876992694936
2567,22,2,0,-0.161442955809475,1,2,1,-0.161611676216125,-12.6179799499628,-4.21283716485786,-0.0149183085647482,-2.6651006425224,-0.439795594850503,-1.25092628507384
2568,9,2,2,-0.148352986419518,1,2,2,-0.152016818523407,-11.8789407353892,-5.45150966943822,-0.00430597745665915,-1.78220311769563,-1.76510731396091,-0.414660352957181
2569,12,2,0,-0.0785398163397448,1,2,0,-0.0756656676530838,-6.22620362931638,-8.05647301178486,-0.00229669896322325,-0.727233758058566,-0.779601246889243,-2.84443339161049
2570,2,2,0,-0.0785398163397448,1,2,0,-0.0951683893799782,-3.96951665340729,-8.22090408975748,-0.0193373353423082,-0.935178238756099,-1.10185520594447,-1.29014809353565
2571,2,0,1,-0.0261799387799149,1,0,2,-0.058373749256134,-0.30770166511674,-9.82974780050473,-1.32873662953872,-1.73181459939034,-1.76412580915532,-0.428170183524124
2572,9,0,2,-0.0261799387799149,1,0,2,-0.0382654443383217,-0.199603871365494,-2.6550517648318,-2.20138655250547,-3.32403720385217,-1.16470746357279,-0.427743064251456
2573,40,0,2,-0.00698131700797732,1,0,1,-0.0298138540238142,-0.00877391600482748,-7.14455618918092,-4.83503206739505,-1.8785045247827,-0.702798837210612,-1.04416915196365
2574,27,2,2,-0.109083078249646,1,2,1,-0.120875775814056,-7.15589923030995,-3.20302795282747,-0.0423013678839597,-2.38944698728907,-0.107126464231228,-4.61445064814171
2575,12,2,1,-0.0720805300381157,1,2,1,-0.0750830322504044,-4.69970047684973,-9.29676215233548,-0.00923221093441196,-1.06808714184486,-0.819977602868868,-1.53297118936022
2576,38,0,1,-0.0218166156499291,1,0,1,-0.0287708956748247,-0.330785014165467,-4.94640091401167,-1.29268911295916,-2.08927267928795,-0.451932971038855,-1.4278413959977
2577,2,0,0,-0.00872664625997165,1,0,2,-0.0300140585750341,-0.0112833971071387,-8.83359484273535,-4.5031394464703,-1.88385763449544,-1.26745013132364,-0.56836856849958
2578,9,2,0,0.165806278939461,1,2,1,0.144508808851242,-6.29186076427362,-10.3022405633878,-0.00188659658180252,-1.4878004898086,-0.287927912222955,-3.71664293118271
2579,27,2,2,-0.109083078249646,1,2,1,-0.112123511731625,-5.62162345770473,-3.89292255007689,-0.0242972005468886,-0.929204687174887,-0.562634486907599,-3.34030342519904
2580,12,2,2,0.0785398163397448,1,2,1,0.0601303912699223,-3.57540479704259,-5.10220063967534,-0.0346819452517115,-3.63458482463238,-0.711066638885549,-0.728805577935666
2581,12,2,1,-0.113446401379631,1,2,1,-0.108284987509251,-10.4599682547966,-3.32276886861773,-0.036748585984951,-3.52978359287649,-0.0688274780184789,-3.2914198765442
2582,2,2,2,0.0785398163397448,1,2,1,0.102356173098087,-8.7181411403036,-27.364930781047,-0.000163687750662145,-9.09840820228309,-0.173345118227418,-1.83859491981273
2583,2,0,1,0.00872664625997165,1,0,0,-0.0198775697499514,-2.98023667967045e-06,-18.4252386840015,-12.7040139432354,-0.0528395796951077,-2.97126633840297,-8.37990596086237
2584,2,2,0,-0.0956156132320204,1,2,1,-0.100853160023689,-5.69106429475956,-4.98695369521021,-0.0102548091172537,-3.27198403340747,-0.0466238182536,-4.87665149653502
2585,43,0,1,0.0253072741539178,1,0,0,0.018963472917676,-0.00981386221820075,-6.90430644446681,-4.73729281084879,-0.501358433057728,-1.06128493394408,-3.03070106383415
2586,66,2,1,-0.127409035395586,1,2,0,-0.125338941812515,-12.6451535752356,-5.38239677755909,-0.00461060096489727,-0.445962518613741,-1.03993913246864,-5.06467587120351
2587,56,2,2,0.135263017029561,1,2,2,0.135507524013519,-9.31937445186192,-11.0669521033482,-0.00010526734308569,-1.15406733850056,-4.62678426045877,-0.393246571592086
2588,12,2,1,0.148352986419518,1,2,1,0.127709001302719,-7.70710554742018,-2.41433560846823,-0.094174813691186,-0.932982126892042,-0.532842850382816,-3.92779133299001
2589,12,2,1,-0.113446401379631,1,2,1,-0.108285166323185,-10.4598772496292,-3.3230105832905,-0.0367395580024719,-3.52979337917611,-0.068820582074003,-3.29158371826025
2590,41,0,1,0.0130899693899575,1,0,2,0.00826912093907595,-0.0616673823184623,-5.65969846593197,-2.87669054450407,-2.72503198789929,-2.31451150319328,-0.179555581631743
2591,33,2,0,-0.0616306766754219,1,2,2,-0.0469403825700283,-6.77912973473082,-3.90069502887341,-0.0215966438098184,-0.982112768320767,-1.89198351679045,-0.74505410163353
2592,12,2,1,0.113446401379631,1,2,1,0.102377139031887,-8.14683889002558,-6.61396951364443,-0.00163241276529133,-0.802291555230218,-0.637782248615271,-3.76203528514258
2593,22,2,0,-0.161442955809475,1,2,1,-0.161090388894081,-12.7178714118585,-4.27227907172798,-0.0140512282601447,-2.63451809949628,-0.435388786541232,-1.26857045501924
2594,22,2,1,-0.161442955809475,1,2,1,-0.161969915032387,-12.5567919793485,-4.18114162793937,-0.0154025508805402,-2.81917351035302,-0.459264665842673,-1.17571983802406
2595,54,2,0,0.115191730631626,1,2,1,0.115147806704044,-6.73422351981892,-7.25975432678173,-0.00189459871873142,-1.79525043051273,-0.720901817643655,-1.05670096191972
2596,54,2,2,0.117809724509617,1,2,1,0.135195434093475,-8.43113231305515,-10.5903844213616,-0.000243156906283381,-0.88039561509757,-0.578291543299768,-3.70804375105763
2597,40,0,1,-0.00698131700797732,1,0,0,-0.00424353312700987,-0.00800472942239667,-5.98929935502062,-5.20897058591663,-0.800090816227137,-0.93101272042746,-1.85433201720601
2598,12,2,0,-0.0785398163397448,1,2,0,-0.0725289434194565,-8.17369959824923,-7.47060036488451,-0.000851874697500394,-0.281789073751125,-1.9938153918789,-2.21281524987702
2599,9,2,1,-0.0436332312998582,1,2,0,-0.0444151796400547,-5.11963979022681,-5.84128173480473,-0.00892292902834835,-0.061365662844796,-4.03903006922582,-3.17232157220025
2600,12,2,0,0.165806278939461,1,2,0,0.151375830173492,-7.86337576943468,-6.58791552095077,-0.00176298961572979,-0.04771634335749,-3.62294336527067,-3.91744776807004
2601,9,2,1,-0.0436332312998582,1,2,1,-0.0366830937564373,-3.35474068814592,-7.36475697159566,-0.0361989551791542,-2.91402412336384,-0.0948872133800134,-3.31683201272509
2602,3,2,0,0.0610865238198015,1,2,0,0.0668106824159622,-4.80170159937175,-5.05342244241259,-0.0147108738284378,-0.400035497497452,-1.20616772853226,-3.4945817729737
2603,85,2,1,0.0436332312998582,1,0,1,0.0453136973083019,-0.711930157426145,-2.23941149376711,-0.909358269516897,-5.61389618920662,-0.00674994835909714,-5.78270317157346
2604,2,2,2,-0.0436332312998582,1,2,1,-0.0511321537196636,-2.33133540128143,-3.19310307058978,-0.148743932527501,-2.53260220622358,-0.131481528501353,-3.12920603866246
2605,22,2,1,-0.170169602069447,1,2,1,-0.160059303045273,-12.6202938955181,-3.97256702359299,-0.019007903042557,-3.66142102525465,-0.0467695858777821,-3.91218183089096
2606,12,2,0,-0.0785398163397448,1,2,0,-0.0754722952842712,-6.5569825005507,-8.29850727690708,-0.00167038397320957,-0.768067894206865,-0.923085357435895,-1.97472051410801
2607,2,2,0,0.0436332312998582,1,2,1,0.0757058188319206,-0.880923776516434,-18.0050201385128,-0.535118081173568,-0.803476903508151,-0.771146856841945,-2.41074709965934
2608,56,2,2,0.130355541043954,1,2,2,0.12590055167675,-6.04501657611766,-6.97811866796313,-0.00330714266083771,-3.78072835437119,-4.45058158349404,-0.0350862151122216
2609,54,2,1,0.109083078249646,1,2,1,0.124574922025204,-5.152832211549,-1.97785627744142,-0.155658362943603,-5.5350322761725,-0.0183992674308781,-4.24854660953393
2610,12,2,1,-0.165806278939461,1,2,0,-0.150471270084381,-13.0194644603358,-7.05698863750419,-0.000863984825573498,-0.589052025355721,-0.849412602699454,-4.04664681963848
2611,60,2,2,0.170169602069447,1,2,2,0.154273688793182,-7.48520853453547,-10.8040370837368,-0.000581791331478827,-2.50268730686016,-1.95790669852703,-0.252338543072215
2612,3,2,2,0.0959931088596881,1,2,2,0.0855415016412735,-4.49833242152302,-4.62496270848539,-0.0211537732377287,-3.53492944494137,-1.44875488836409,-0.306556823778452
2613,38,0,0,-0.0218166156499291,1,2,0,0.0189001392573118,-0.926184171712209,-4.05591716419998,-0.533380918949104,-0.503761120706168,-1.37218627149537,-1.9505612597233
2614,22,2,1,-0.163995505900688,1,2,1,-0.163438364863396,-12.5553743962109,-4.19229816161612,-0.0152304189020973,-2.91047260606358,-0.484372574696291,-1.11028071433126
2615,3,2,2,0.0959931088596881,1,2,0,0.083926223218441,-5.87271601157794,-3.52620151206707,-0.0327625679771733,-0.492593349541561,-1.55384327048443,-1.72863528008502
2616,22,2,0,-0.161442955809475,1,2,1,-0.161222502589226,-12.6928131338389,-4.25124472873938,-0.0143520631275299,-2.62729145332049,-0.42934824406303,-1.2844859794607
2617,12,2,1,-0.0436332312998582,1,2,0,-0.0660515427589417,-1.1500166546367,-7.21946331376434,-0.381793034738196,-0.921284848544187,-1.13816906635665,-1.26731200475471
2618,12,2,0,-0.165806278939461,1,2,1,-0.156905546784401,-7.76774987557738,-9.54103008291703,-0.000495079501849618,-1.91256282925841,-0.760030290750984,-0.955430999874181
2619,3,2,1,-0.0959931088596881,1,2,0,-0.109282605350018,-4.93711949483168,-11.1538629556829,-0.00721554137721443,-0.625977026214825,-1.37791340381985,-1.54572525562743
2620,9,2,1,-0.0959931088596881,1,2,1,-0.0982234701514244,-5.94143889575449,-5.7906963354126,-0.0057002935868766,-2.6322888449426,-0.0959714615972168,-3.93240875103183
2621,3,2,1,-0.148352986419518,1,2,1,-0.152931585907936,-11.572300497058,-9.89908173727441,-5.96064212028193e-05,-2.94131712051173,-0.0667552809411749,-4.44136385594654
2622,9,2,2,0.0610865238198015,1,2,1,0.0486176796257496,-4.71617181424349,-9.71046596769462,-0.00905091273898732,-1.18707038437959,-0.709771666718038,-1.59391061790284
2623,3,2,0,-0.0785398163397448,1,2,1,-0.0939961150288582,-4.29560715544866,-5.56255448900319,-0.017621613005839,-2.88617199469988,-0.179383909850221,-2.22169041568436
2624,3,2,2,0.113446401379631,1,2,2,0.108106233179569,-5.92124052748032,-6.29775118874794,-0.00453252037263307,-3.19160570086434,-1.42097717028559,-0.332099012066781
2625,3,0,0,0.00872664625997165,1,0,0,0.00646839570254087,-0.000609225800672473,-8.06970003092763,-8.12450488857501,-0.476064823163472,-1.07929230196671,-3.24571057326308
2626,60,2,2,0.167551608191456,1,2,2,0.131008952856064,-5.68003798399256,-1.34062045531412,-0.308016304647857,-1.61781380254768,-2.39737438193385,-0.341488391870555
2627,43,0,2,0.0305432619099008,1,0,2,0.0502729900181293,-0.23091375657945,-6.97248898464218,-1.58350310549997,-3.29873189646202,-0.995482241535494,-0.521676156363778
2628,3,2,1,0.130899693899575,1,2,0,0.112550772726536,-5.73920274170597,-3.07314373814751,-0.0507595799947714,-0.929257822430466,-1.21689644553054,-1.17439620649481
2629,12,2,1,0.0610865238198015,1,2,1,0.0311447586864233,-2.76835859950149,-7.03148641688757,-0.0657643622006676,-2.10136042964703,-0.719558496973309,-0.939705485181961
2630,12,2,1,-0.0610865238198015,1,2,0,-0.0793687924742699,-3.50294576637094,-9.78815730610939,-0.0306289734645339,-0.759963124192615,-1.65200501115108,-1.07689659506498
2631,3,2,2,-0.148352986419518,1,2,0,-0.14015194773674,-6.76231080875513,-10.371242773602,-0.00118850735623072,-0.211197832009841,-2.53090800963489,-2.20003477597948
2632,2,0,0,0.00872664625997165,1,0,2,-0.00936304312199354,-0.00255589202819472,-11.8091889197388,-5.97354135942979,-2.13809461710965,-0.875392017198211,-0.764810300250907
2633,9,2,2,-0.0610865238198015,1,2,0,-0.0509551428258419,-5.58799261407045,-12.0252723545064,-0.00375551964955108,-0.714007134330912,-1.00250115905142,-1.94238590887565
2634,85,2,1,0.0506145483078356,1,2,1,0.0524923540651798,-1.83098079988565,-3.21456854986074,-0.223679973052834,-4.66906057761754,-0.0203355298836614,-4.53294028768823
2635,2,2,1,-0.148352986419518,1,2,1,-0.145989790558815,-12.0007563847959,-3.3003419376171,-0.037573877526067,-3.42861712207577,-0.0606325976947711,-3.63441646260819
2636,12,2,0,0.165806278939461,1,2,0,0.134404882788658,-8.15410051746506,-0.832176263352261,-0.571618143609101,-0.344445014053833,-1.38511464687133,-3.19195821079259
2637,27,2,0,-0.111701072127637,1,2,1,-0.106854893267155,-6.02980391724798,-7.63434761946328,-0.00289369667417682,-1.92430688174692,-0.239434105560952,-2.70380941713052
2638,3,0,2,-0.0249470954649223,1,0,2,-0.0404220148921013,-0.0110777997655217,-8.9960421312718,-4.51966188880293,-1.7786624345262,-1.00495431033197,-0.76555701019316
2639,12,2,1,-0.113446401379631,1,2,1,-0.108284927904606,-10.4599252262167,-3.32289886437394,-0.0367437009706136,-3.5297799071521,-0.0688240300402967,-3.29150720203973
2640,12,2,1,-0.0785398163397448,1,2,0,-0.0689646154642105,-7.91388111407243,-7.64026150601705,-0.000846744342640299,-0.345908498466253,-1.78810847340291,-2.0782695669293
2641,3,1,0,0.0261799387799149,0,2,0,0.117419600486755,-1.20308316374949,-2.35756648526906,-0.502390052915322,-0.347312292953804,-1.23574178637094,-5.87945159055515
2642,2,2,0,-0.0959931088596881,1,2,2,-0.109912998974323,-5.0592452603245,-4.3189265499204,-0.0198604454730504,-2.84985881829628,-0.955460830044053,-0.584270101549651
2643,3,0,2,-0.0261799387799149,1,0,1,-0.0347287133336067,-0.0719725744190909,-16.5673318818261,-2.66724178461222,-4.35084152807546,-0.153268334353524,-2.04635865308004
2644,41,0,2,0.0130899693899575,1,0,2,0.00292679411359131,-0.013409415261786,-5.12730821499969,-4.90797216494351,-3.50340249109339,-2.09704295368327,-0.165952969696001
2645,12,2,1,-0.148352986419518,1,2,2,-0.147064626216888,-10.4388644765364,-8.63155531619102,-0.000207624530233829,-4.14236165316106,-0.787949526629947,-0.636127429982527
2646,2,2,1,0.0610865238198015,1,2,1,0.0981011763215065,-6.49110866339152,-23.1277082761838,-0.00151803022997086,-5.26157838893434,-0.612970197222083,-0.791700779946069
2647,2,0,1,0.0261799387799149,1,0,1,0.0305990185588598,-2.14576951407582e-06,-22.2976973112053,-13.0410683217391,-1.36599470320285,-0.305740563717036,-4.79204390996895
2648,3,2,2,0.113446401379631,1,2,1,0.11449034512043,-6.46670852492062,-7.49515098032313,-0.002112293351358,-1.79201768008045,-0.80303692344788,-0.95344770286292
2649,9,2,1,-0.130899693899575,1,2,0,-0.132186904549599,-8.28246206863313,-6.94822544684617,-0.00121398913110873,-0.747284092022376,-2.27328434445112,-0.859496027967209
2650,56,2,1,0.135263017029561,1,2,1,0.116594202816486,-7.67591248132051,-3.71539193900494,-0.0251227272565046,-0.905661045052025,-0.554662650461311,-3.84158813077651
2651,85,2,1,0.0506145483078356,1,2,1,0.0525266416370869,-1.83826582697761,-3.22127296213391,-0.221890984534436,-4.65814846843921,-0.0212261609154781,-4.46380206949404
2652,38,0,0,-0.0244346095279206,1,2,2,-0.0290489289909601,-1.783188529919,-2.46472638267893,-0.29186863263943,-4.12559008552998,-4.68983336459861,-0.0256688094999589
2653,2,0,0,-0.00872664625997165,1,0,2,-0.0309208631515503,-0.0114194002826849,-10.9990293290721,-4.47962155023836,-2.19296992725398,-1.26534748785437,-0.500423333764271
2654,3,2,1,0.165806278939461,1,1,1,0.140104994177818,-7.27051053522926,-0.194217958357788,-1.73826152138564,-7.6128367631799,-0.000983125283096253,-7.62406862913447
2655,9,2,1,-0.0959931088596881,1,2,1,-0.0998842418193817,-5.71964014400229,-6.66830351352248,-0.00456185975746612,-2.47331927900842,-0.12943626477393,-3.29400661924808
2656,43,0,1,0.0305432619099008,1,0,0,0.0560195706784725,-0.146876180663147,-6.4809163291156,-2.00198652655472,-0.64994357151653,-0.852459100596527,-2.96501705666004
2657,43,0,1,0.0218166156499291,1,0,1,0.033301092684269,-0.12276878839638,-4.45744033297045,-2.26394359464171,-3.10526972946433,-0.0601600109759065,-4.29961949391457
2658,2,2,0,-0.0959931088596881,1,2,2,-0.106888525187969,-5.41936058917805,-9.79036766930851,-0.00449611678158244,-1.6667357126843,-1.0545013076298,-0.770522178175698
2659,38,0,1,-0.0218166156499291,1,0,1,-0.0413322485983372,-0.155447364873905,-3.36239826766224,-2.21351401836012,-2.34327227896636,-0.749997689151115,-0.840211084267738
2660,9,2,1,-0.113446401379631,1,2,2,-0.128437995910645,-5.13446486619907,-4.28454744417735,-0.0198660391119643,-1.24271126531225,-1.24867698016901,-0.856807495919453
2661,54,2,0,0.115191730631626,1,2,1,0.104010760784149,-7.34338590555554,-4.15375582646031,-0.016487288513096,-0.811665404220313,-0.629579031762309,-3.76938918381013
2662,41,0,0,0.0130899693899575,1,0,1,0.0438846088945866,-0.329893697764422,-3.6924048533758,-1.3622350026559,-1.24781626619267,-0.83619726067165,-1.27470455148212
2663,2,2,0,-0.0785398163397448,1,2,1,-0.0845169797539711,-4.69765362287033,-8.17496240496354,-0.00944266392713175,-1.4266927159684,-0.528744778679866,-1.76870324614811
2664,12,2,1,-0.0785398163397448,1,2,0,-0.0614524558186531,-5.6704831917796,-11.2476707513573,-0.00346527189425658,-0.837773360230774,-0.882177064798726,-1.87440537532844
2665,41,0,1,0.0130899693899575,1,0,1,0.0438846126198769,-0.329893697764422,-3.6924048533758,-1.3622350026559,-1.24781626619267,-0.83619726067165,-1.27470455148212
2666,33,2,2,-0.0567232006898157,1,2,2,-0.0702628791332245,-6.31398407106753,-3.30214657013056,-0.0393802517501633,-5.99238364829145,-1.07160692435211,-0.423052021745807
2667,9,2,2,-0.165806278939461,1,2,2,-0.153290450572968,-10.6165054327269,-7.75599841376132,-0.000452799775416407,-1.98066511310012,-1.79307924152177,-0.363015410694987
2668,9,2,1,-0.130899693899575,1,2,2,-0.126398950815201,-8.05320302116285,-6.86458157901451,-0.00136319288169938,-1.19219272161788,-2.69711135181178,-0.46355218316589
2669,66,2,1,-0.133166359980457,1,2,1,-0.140728950500488,-11.510078190728,-3.88125437757186,-0.0208508855150875,-3.5252830361054,-0.0617685040630108,-3.49147167864331
2670,2,0,1,0.0261799387799149,1,0,1,0.0373959578573704,-7.98705429633559e-06,-22.0646231775465,-11.74163947129,-1.61828416733931,-0.235001651706882,-4.49256764945124
2671,12,2,1,-0.148352986419518,1,2,2,-0.141432762145996,-11.5745958955021,-4.26022238123868,-0.0142292636883351,-3.08060462136061,-2.58604738997478,-0.129253313777933
2672,9,2,2,-0.148352986419518,1,2,0,-0.143325805664062,-8.64294210022848,-8.02633930040343,-0.000503309049946692,-0.0607275978674262,-3.15355373893841,-4.12148671124742
2673,54,2,1,0.112573736753634,1,1,1,0.145301312208176,-8.83400157102335,-0.197439198107751,-1.72023392804634,-0.900301536185347,-0.702870156269271,-2.31880847744176
2674,3,1,0,0.0261799387799149,0,2,0,0.134516447782516,-5.64903277815507,-5.3759457888477,-0.00818079009828751,-0.675377285000457,-0.732424271759653,-4.57624287397128
2675,3,2,0,0.148352986419518,1,2,0,0.136849224567413,-7.51488078324698,-9.89224677395051,-0.000595627752302336,-0.0550879019739321,-4.40844333668899,-3.18389821303351
2676,9,2,1,0.0785398163397448,1,2,1,0.0806542560458183,-5.83859096261871,-3.20647795353368,-0.0443823987165532,-2.08719485251585,-0.150811368084508,-4.13795598189708
2677,41,0,2,0.0130899693899575,1,0,2,0.00919563788920641,-0.209574774472624,-6.39113909692821,-1.67453846459961,-3.20091805914145,-1.19143752948914,-0.422370805242758
2678,9,0,0,0.0261799387799149,1,0,2,0.0114482864737511,-0.0273327374089425,-11.4011539770157,-3.61371800980608,-1.48408305637022,-1.08283606319158,-0.833200035912685
2679,85,2,1,0.0436332312998582,1,2,1,0.04661900177598,-1.175349546557,-3.13053168154813,-0.434490808459989,-4.51340004666918,-0.0249271590394567,-4.2934317462887
2680,22,2,2,-0.161442955809475,1,2,2,-0.158212527632713,-12.3159492479207,-4.10313778763131,-0.0166632733575221,-2.70793146824826,-2.22057769800861,-0.192639766509257
2681,54,2,1,0.117809724509617,1,2,0,0.125107020139694,-6.61375206612687,-13.3065840585534,-0.00134439198330237,-0.322816975561386,-1.32105016886694,-4.70623984033255
2682,3,2,0,0.148352986419518,1,2,0,0.144865214824677,-6.87724793049687,-7.06142861572475,-0.00189029905510843,-0.0114067999202706,-6.38790405924577,-4.63974611074801
2683,12,2,1,0.148352986419518,1,2,2,0.141424477100372,-6.82477489350708,-10.0734502920309,-0.00112937065713869,-1.90440657171801,-0.884153376450874,-0.825478685492948
2684,3,2,1,0.0401348688034681,1,2,1,0.0504470430314541,-1.06042795168637,-6.60307180898396,-0.427195144748371,-3.53602709916821,-0.0705140698312257,-3.24530809480144
2685,2,2,0,-0.0924947463632981,1,2,1,-0.0874263346195221,-5.44396648751452,-4.54866332198093,-0.0150157796381969,-2.53824702318164,-0.101531924311313,-4.04310509041455
2686,12,2,1,0.148548995075748,1,2,1,0.128534257411957,-7.61234642797361,-2.21966342474478,-0.115567966979748,-0.914008899816229,-0.547581403338705,-3.87572140658204
2687,2,2,1,-0.148352986419518,1,2,1,-0.141115963459015,-11.9254410135851,-3.6175956023284,-0.0272209509612454,-3.39707412236717,-0.0607003635618265,-3.6720744952265
2688,41,0,0,0.0130899693899575,1,0,1,0.0438846088945866,-0.329893863563133,-3.69240455430012,-1.3622346535297,-1.24781616239925,-0.836197398213858,-1.27470444486002
2689,3,2,1,-0.0959931088596881,1,2,1,-0.0998876765370369,-2.27840216601819,-17.8813994954314,-0.108084007429011,-3.16072099571666,-0.285972245950653,-1.57832047656898
2690,40,0,1,-0.00436332312998582,1,0,2,0.00541256088763475,-0.00729929549498656,-9.15340797997187,-4.93830192831779,-2.24693181613414,-1.6390836950461,-0.356504931884904
2691,43,0,1,0.0218166156499291,1,0,1,0.0463127605617046,-0.14015605143138,-3.41444846160542,-2.32398352295224,-5.49705489348345,-0.00591066404799475,-6.32303595917103
2692,12,0,1,0.0261799387799149,1,0,1,0.0353416018188,-0.0906044852104086,-3.98740974939468,-2.6871694102118,-1.29951508174726,-0.461468626835706,-2.33326220500307
2693,38,0,2,-0.0218166156499291,1,0,1,-0.000809903023764491,-0.302919269549295,-7.66538990577048,-1.34372367519962,-2.19402766433991,-0.187576543389888,-2.82064578262639
2694,3,2,1,-0.0436332312998582,1,2,1,-0.0467338673770428,-1.57563111428084,-4.77996120440241,-0.242419725075943,-2.11580230705685,-0.391752763389091,-1.59163595861817
2695,9,2,0,0.148352986419518,1,2,0,0.124383367598057,-6.43192051271986,-3.24612632528529,-0.0413784195774427,-0.186872650693496,-1.85474032811401,-4.27177114424403
2696,3,2,1,-0.0785398163397448,1,2,1,-0.0866733640432358,-4.48031492036447,-8.14697002432895,-0.0116874819752817,-1.54043279226766,-0.56168370237605,-1.53496332291119
2697,27,2,1,-0.117809724509617,1,2,1,-0.0414999723434448,-1.31855545124976,-6.47691379512507,-0.313424004939266,-3.4975178264489,-0.0411189044940169,-4.60391454969572
2698,2,2,2,-0.113446401379631,1,2,2,-0.119521223008633,-10.6619609889597,-4.83385127088853,-0.00801121848073279,-2.76447874900371,-2.43662659304194,-0.163065309725614
2699,3,2,1,0.113446401379631,1,2,1,0.0955862104892731,-6.50511504685769,-4.9107542580987,-0.00890212119488387,-2.54228010173762,-0.74303399179794,-0.808233400408418
2700,41,0,1,0.0130899693899575,1,0,1,0.043563324958086,-0.345064119873808,-3.57283914674635,-1.33275714674799,-1.28775555436163,-0.827784288436263,-1.24794518593159
2701,41,0,0,0.0130899693899575,1,0,1,0.0438415966928005,-0.331004336569657,-3.68284905383568,-1.36005464403024,-1.24959790955062,-0.836659027657023,-1.27216356580139
2702,2,2,1,-0.0610865238198015,1,2,1,-0.0418653935194016,-4.69867182217047,-10.1089960101411,-0.00919016174316841,-2.08880027178828,-0.29528882670648,-2.0261072869025
2703,60,2,1,0.170169602069447,1,2,1,0.141005337238312,-7.75464645824851,-1.36137710205169,-0.296704436026419,-0.853418149548661,-0.597014556539123,-3.74688973387853
2704,12,2,2,0.0959931088596881,1,2,2,0.0727600827813148,-5.65556347648865,-5.70310130361284,-0.00685706897241917,-2.08107067083922,-1.21926432951265,-0.545147813717758
2705,3,2,1,-0.148352986419518,1,2,1,-0.152931466698647,-11.5723195103263,-9.89910078910121,-5.96064212028193e-05,-2.94130823000468,-0.0667561730129192,-4.44133515737119
2706,85,2,1,0.0366519142918809,1,0,1,0.0426288805902004,-0.677150608504811,-2.92716826002566,-0.82464876339222,-4.23504674875495,-0.0349101061802751,-3.92062914674696
2707,56,2,2,0.128702487995931,1,2,2,0.123795501887798,-6.08770129487702,-5.76031106402887,-0.00543543003665712,-2.90937928885459,-3.60595490564005,-0.0851996291581071
2708,2,2,1,-0.148352986419518,1,2,1,-0.141119390726089,-11.9207303255387,-3.6090442517366,-0.0274578918037144,-3.39833972300527,-0.0601083590870912,-3.69253368854491
2709,38,0,1,-0.0244346095279206,1,2,2,-0.0289902407675982,-1.70590702334875,-2.50455942316239,-0.30560058008761,-4.01532301589119,-4.87342338090485,-0.0260198975554088
2710,3,2,1,-0.130899693899575,1,2,1,-0.119560219347477,-4.52672855030481,-15.5611853058995,-0.0108751369880653,-3.26451342058927,-0.119196545062156,-2.60164918712607
2711,38,0,1,-0.0305432619099008,1,2,2,0.00998102221637964,-1.63216105139877,-3.97296575267285,-0.241210933820065,-1.21689392970233,-1.24359777430258,-0.878257135753042
2712,12,2,0,0.088894186657973,1,2,0,-0.00733908545225859,-6.16489605300816,-0.89451982132005,-0.529169139377243,-0.721463196853923,-0.84825516175066,-2.4557592898717
2713,2,0,1,0.0261799387799149,1,0,1,0.0238673146814108,-8.34465375021603e-07,-22.3063286545287,-13.9911774354061,-1.09590287821689,-0.415708686440542,-5.13452170974048
2714,85,2,1,0.0413665652189762,1,2,1,0.0446926616132259,-0.753820437223882,-2.84701194261052,-0.752011699736979,-4.29032960272177,-0.0312496512638571,-4.07066600570672
2715,9,2,1,-0.130899693899575,1,2,2,-0.128159880638123,-8.03226412450451,-6.96933021735521,-0.00126590951080041,-1.15746498604319,-2.49967619866135,-0.504832746839858
2716,85,2,1,0.0436332312998582,1,2,1,0.0468237735331059,-1.2031848037164,-3.10801364590863,-0.423007163070871,-4.58034035547499,-0.0231303947152478,-4.37298196141281
2717,12,2,1,0.0966060875825272,1,2,0,0.0906235054135323,-8.03831999231871,-7.91349680662429,-0.000688909309270175,-0.657663813038773,-0.812084828447415,-3.26995222579107
2718,22,2,1,-0.161442955809475,1,2,1,-0.16205495595932,-12.5436428061743,-4.1709935762798,-0.0155608488753623,-2.85987152142735,-0.461178190114975,-1.16416374330394
2719,3,2,0,0.148352986419518,1,2,0,0.145888656377792,-7.44828658150381,-9.10527561295365,-0.00069380027036253,-0.0180305738904868,-6.33678666548865,-4.12899821470324
2720,3,2,1,0.130899693899575,1,2,0,0.121521510183811,-7.67877703909928,-3.73613721021401,-0.0246089535203662,-0.770360870014459,-0.801008945115227,-2.4272620398638
2721,12,2,2,-0.130899693899575,1,2,2,-0.127131283283234,-10.5957879045142,-4.51259795010009,-0.0110558622343284,-3.89997915404536,-3.39366584500062,-0.055330531382512
2722,41,0,1,0.0130899693899575,1,0,1,0.0438846088945866,-0.329893697764422,-3.6924048533758,-1.3622350026559,-1.24781626619267,-0.83619726067165,-1.27470455148212
2723,40,0,2,-0.00698131700797732,1,0,2,-0.0318794883787632,-0.0122610297834366,-5.70102560444435,-4.72806126591991,-2.82869830795331,-0.795778114853129,-0.714002508901531
2724,40,0,1,-0.00436332312998582,1,0,1,0.00250444305129349,-0.020834027298199,-10.9641667280222,-3.88240206756422,-3.14900243169151,-0.463263887835788,-1.11511178725094
2725,9,2,1,0.0959931088596881,1,2,0,0.0931264311075211,-7.16109932370456,-5.45187902548503,-0.00507729553070436,-0.632261622618542,-0.811675402847012,-3.70916498369041
2726,12,2,1,0.0631159463137123,1,2,2,0.0495955944061279,-4.13406698919966,-7.76952402922672,-0.0165766708843038,-2.25538248363267,-0.875348319380131,-0.737204313630937
2727,3,2,1,0.130899693899575,1,2,0,0.120072551071644,-6.04392839767199,-6.52471855718888,-0.00384640389679785,-0.602183788503752,-0.841233858154667,-3.85340827922482
2728,3,2,1,0.0785398163397448,1,2,0,0.0820347592234612,-6.75633046946181,-6.09534498485472,-0.00342268697786342,-0.565902189356682,-0.892894496701393,-3.78611415164159
2729,12,2,2,-0.148352986419518,1,2,2,-0.140359908342361,-11.2018600387908,-4.27710689563436,-0.0139938646823076,-3.50138682622702,-2.95385285585797,-0.0858781222775957
2730,43,0,1,0.0218166156499291,1,0,1,0.0464997664093971,-0.138161762769656,-3.45914264349557,-2.32702629313455,-5.44600992693563,-0.00617001598802028,-6.29931808135367
2731,12,0,2,-0.00872664625997165,1,0,2,-0.0286386366933584,-0.00595341500941072,-10.432028444833,-5.13173646356113,-2.09444407050239,-1.10208781829569,-0.607548497227355
2732,54,2,0,0.114632871761012,1,2,0,0.115549869835377,-5.69186766287719,-6.01345146074943,-0.00583589922813519,-0.0721023535967357,-4.21808132580709,-2.90338164551932
2733,3,2,1,-0.0445324167492548,1,2,1,-0.0562099777162075,-2.00571382578359,-5.80174413220371,-0.148020464412303,-2.39067316250308,-0.629906408798291,-0.978724009299642
2734,56,2,0,0.135263017029561,1,2,1,0.11482135951519,-7.24822422907329,-2.00231810652637,-0.145873953634434,-0.768188483351476,-0.680278487626287,-3.51756830650117
2735,12,2,0,0.0436332312998582,1,0,1,0.0213563423603773,-0.513747994064178,-8.93063338624668,-0.912252471411364,-0.787584712000608,-0.650499727653825,-3.76046985111149
2736,12,2,0,0.0436332312998582,1,0,2,0.0276285633444786,-0.281605638868454,-8.34218307282247,-1.40571975383191,-2.75152305939547,-1.37511670144491,-0.380734372532176
2737,12,2,0,0.165806278939461,1,1,2,0.129757404327393,-16.2151155595701,-0.00753690717982588,-4.89172700721976,-1.9184927636452,-7.25126967504079,-0.159625953789401
2738,33,2,1,-0.0567232006898157,1,2,2,-0.072742186486721,-5.41556648854149,-5.87087736596589,-0.00729371166889306,-7.17631624661487,-1.20141145845571,-0.358868516983223
2739,3,2,2,-0.113446401379631,1,2,0,-0.122899331152439,-9.42923826695564,-10.1570176284189,-0.000119216395542878,-0.737926882047778,-0.783950263467645,-2.72880735822966
2740,3,2,2,0.113446401379631,1,2,2,0.111074090003967,-6.01718207112054,-6.76293104879783,-0.00359889982333857,-2.52420655442371,-1.16337695155422,-0.498487360321957
2741,9,2,1,-0.0959931088596881,1,2,1,-0.112450785934925,-6.03818467094343,-9.82623915068042,-0.00244283782946127,-1.20280331019642,-0.94519233919593,-1.167820490215
2742,3,0,1,-0.00872664625997165,1,0,1,0.00464836973696947,-0.03299294031656,-5.99864348578567,-3.50747451269601,-1.47214234723594,-0.725938449790029,-1.24933175998879
2743,12,2,1,-0.0610865238198015,1,2,0,-0.0838084891438484,-3.46467240639403,-9.95427445974069,-0.0318320713834845,-0.853721916587641,-1.77276927463256,-0.90557103939178
2744,3,2,0,0.130899693899575,1,2,0,0.137757286429405,-7.04460158376413,-13.2789303017688,-0.000874126424970626,-0.423586203885307,-1.07531416963641,-5.49317395669658
2745,12,2,0,0.0436332312998582,1,0,1,0.0301078520715237,-0.423435176798417,-7.03907533379082,-1.06615655953664,-2.24388085421474,-0.787512917898725,-0.823304110717197
2746,12,1,2,0.0959931088596881,0,2,2,0.152228534221649,-6.17297579422141,-4.05894128953245,-0.0195420852304612,-1.84245129524961,-1.24752900726558,-0.589945011668458
2747,22,2,1,-0.161442955809475,1,2,1,-0.160138726234436,-12.8675102876561,-4.47469856770326,-0.0114617241933675,-2.63303331314475,-0.511822272815615,-1.1124956364927
2748,60,2,1,0.170169602069447,1,2,1,0.143597334623337,-5.98851161196396,-8.49047896553914,-0.00271653223714295,-1.83393188391768,-0.252135504200159,-2.76340671061068
2749,66,2,0,-0.123918376891597,1,2,2,-0.126289308071136,-10.3902124739769,-5.11212581523076,-0.00607238382574955,-2.01054650606895,-2.394527840165,-0.25506157191785
2750,60,2,2,0.170169602069447,1,2,2,0.144340291619301,-7.62021331253182,-3.50976070821504,-0.0308659856031112,-0.914010609545462,-3.29727481833634,-0.576070006995932
2751,9,2,1,-0.0959931088596881,1,2,0,-0.107986263930798,-5.25183032146113,-10.0295098515958,-0.00529598380456407,-0.588285632558832,-1.60377023926471,-1.41229009448482
2752,27,2,1,-0.109083078249646,1,2,1,-0.0977433398365974,-10.2574303414975,-9.13922245532475,-0.000142465248704824,-0.812457417162704,-0.753728165277936,-2.45777832697556
2753,3,2,1,-0.0959931088596881,1,2,1,-0.105588264763355,-1.33016016814364,-14.7786247584903,-0.307116763599553,-2.70216918668135,-0.220962300908989,-2.03108407594602
2754,54,2,1,0.113343323930857,1,2,0,0.141530081629753,-7.73832880373468,-4.63412751055602,-0.01020229950714,-0.552819641242714,-2.14416674609451,-1.17925081046946
2755,41,0,2,0.010471975511966,1,0,1,0.0438846126198769,-0.329893697764422,-3.6924048533758,-1.3622350026559,-1.24781626619267,-0.83619726067165,-1.27470455148212
2756,9,0,1,0.0261799387799149,1,0,2,0.00988301169127226,-0.0667807052977418,-9.62480223142278,-2.74056904949816,-1.53342883405554,-1.22427374330072,-0.712871685907724
2757,38,0,2,-0.0218166156499291,1,0,1,0.00445338059216738,-0.520689467052693,-7.06759113768907,-0.903776966478453,-1.6072893736895,-0.321400354584334,-2.5978037523293
2758,2,2,0,-0.0785398163397448,1,2,1,-0.0869608744978905,-4.49463466153901,-9.07906544008759,-0.0113469352956912,-1.04646344660759,-1.03582785295903,-1.22454942917246
2759,3,2,1,0.0785398163397448,1,2,0,0.0800436213612556,-6.61797113389063,-6.39967168484822,-0.00300279632982603,-0.5025821592376,-1.01368178718553,-3.43725047206102
2760,9,2,2,-0.0436332312998582,1,2,1,-0.0425401888787746,-3.98552785675567,-5.06323229233956,-0.0252231541749028,-2.37474502307794,-0.143966530962853,-3.19308500898564
2761,3,2,2,-0.113446401379631,1,2,0,-0.113584600389004,-10.8988823668173,-10.3638700882224,-5.00691550505522e-05,-0.0956670845745972,-2.47127085635926,-4.99730419021319
2762,22,2,2,-0.161444763760495,1,2,2,-0.153335928916931,-13.0026688607339,-7.08103462675996,-0.000843522970482509,-0.96725587497549,-3.38846227753852,-0.53423976690658
2763,22,2,1,-0.164768956436932,1,2,1,-0.16547629237175,-12.459428632556,-4.23412120190681,-0.0146025457554021,-3.32524541138265,-0.663666531741889,-0.800561952942228
2764,60,2,2,0.167551608191456,1,2,2,0.146875441074371,-8.76313775515841,-9.11092361087422,-0.00026688560545455,-3.68062800904978,-2.11953583957477,-0.156998299171842
2765,22,1,1,-0.166678943565458,0,1,1,-0.0950172767043114,-11.6060930148039,-0.635407035679587,-0.754446046401506,-2.35365216315192,-0.236260099915548,-2.15932353834344
2766,60,2,0,0.170169602069447,1,2,0,0.149110987782478,-7.87990611952966,-5.50581922827979,-0.00445127273214529,-0.44823464620323,-2.92067277334084,-1.17977516263537
2767,2,0,1,-0.0261799387799149,1,0,2,-0.049804050475359,-0.197089254628764,-9.3311453613081,-1.72152040962468,-1.42429955907686,-1.54744504529107,-0.604162354832909
2768,12,2,0,-0.0436332312998582,1,2,1,-0.0465297624468803,-2.18425890191341,-2.43956349806796,-0.222843695505269,-1.40418153695379,-0.473634078393403,-2.02725156972161
2769,3,2,1,0.130899693899575,1,2,0,0.110308766365051,-7.86930019565323,-3.20475656172809,-0.0418131868075151,-0.500044408734157,-1.71342188943579,-1.54529800601424
2770,9,2,1,0.0436332312998582,1,2,2,0.0286697093397379,-1.14292913980785,-9.68748926509847,-0.38411316145965,-1.44002388307464,-1.17582008652066,-0.788530766178452
2771,9,0,0,0.0261799387799149,1,0,2,0.0115283904597163,-0.0273567501557918,-11.4187829231632,-3.61284696719098,-1.51570491440729,-1.06815105581962,-0.828501069671143
2772,2,2,1,-0.0785398163397448,1,2,0,-0.0967439189553261,-4.53741775832029,-10.5979364737168,-0.0107839732241101,-0.542361439514175,-1.78177645431846,-1.38514512893324
2773,12,2,1,-0.0959931088596881,1,2,1,-0.0893622860312462,-9.49992244963292,-3.25459639021001,-0.0394389042602224,-3.68708099713425,-0.0578765219102713,-3.46770634584652
2774,3,1,1,-0.113446401379631,0,0,1,0.0168355237692595,-0.00857244096758539,-11.0752677064246,-4.76530246643005,-1.49639189260793,-0.377217105705372,-2.40466128851796
2775,38,0,1,-0.0218166156499291,1,0,1,-0.0265527535229921,-0.102027580172775,-2.56717244242941,-3.89994207175538,-2.77698383797035,-0.343683059157959,-1.47569185809644
2776,27,2,1,-0.114319066005629,1,2,1,-0.0938506498932838,-5.58617462742836,-7.42319171719182,-0.00435608308406138,-2.29607402464012,-0.246758535845887,-2.13692303683037
2777,54,2,0,0.117809724509617,1,2,0,0.0900969728827477,-7.82624127204777,-0.784686652594345,-0.6100232447007,-0.0221927248143061,-4.18219832331575,-5.0081398803811
2778,43,0,1,0.0218166156499291,1,0,1,0.0461651794612408,-0.142771939700989,-3.36145234328919,-2.31908672759695,-5.62442584341095,-0.00522036617567398,-6.43893945264193
2779,2,2,1,0.113446401379631,1,2,1,0.122957266867161,-7.57643872372184,-21.0380033424673,-0.000512492828507488,-4.96009474758761,-0.502307310794098,-0.94712396822578
2780,2,2,1,0.165806278939461,1,2,1,0.131653979420662,-11.3671466268735,-4.4486390828918,-0.0117751698129082,-3.95250265299941,-0.121599642490918,-2.3508240959189
2781,3,0,1,0.0261799387799149,1,0,1,0.0259757768362761,-0.0343841245327074,-14.3423245858043,-3.3873199821397,-8.31915275676826,-0.0535592174180061,-2.95831340865908
2782,41,0,2,0.010471975511966,1,0,1,0.0438846126198769,-0.329893697764422,-3.6924048533758,-1.3622350026559,-1.24781626619267,-0.83619726067165,-1.27470455148212
2783,2,2,2,0.165806278939461,1,2,2,0.11616450548172,-3.91819987716533,-6.82780912632448,-0.0211828737937279,-8.81901114521189,-0.721078141850701,-0.666263078164102
2784,2,2,1,-0.0610865238198015,1,2,1,-0.0655365511775017,-5.72936457762155,-8.17863905459975,-0.00353591182899097,-1.52551826302595,-0.39112311328517,-2.24248054121312
2785,12,2,2,0.0959931088596881,1,2,2,0.0808175727725029,-5.71371351497811,-7.65005953222426,-0.00378357980298333,-2.76869768156117,-1.73147253317829,-0.27413056865443
2786,60,2,0,0.170169602069447,1,2,2,0.159996330738068,-9.04287883003293,-9.29116417470886,-0.000210486151357698,-1.10367161194689,-3.99834297596959,-0.430778551207994
2787,60,2,1,0.164933614313464,1,2,2,0.14399066567421,-7.32920640608243,-4.91457511486447,-0.00802708080060341,-2.93695581225735,-1.4268653870092,-0.346847936713894
2788,12,2,0,-0.0395852264429378,1,0,1,-0.0409569852054119,-0.478589212050409,-2.84280414655091,-1.13295230600948,-2.32496416601262,-0.203037852280981,-2.45380654761155
2789,12,0,1,-0.0261799387799149,1,2,1,-0.0322219580411911,-1.80210530354247,-6.95487331836228,-0.181408258615182,-2.10788222225653,-0.256962510805721,-2.25276830049771
2790,54,2,1,0.117809724509617,1,2,0,0.101444505155087,-4.55327468793238,-8.63045702291918,-0.0107689708630454,-0.0688377581721411,-2.72915474732,-6.68669085237595
2791,22,2,2,-0.161442955809475,1,2,2,-0.157856494188309,-12.3410121726044,-4.30420132889946,-0.0136081815821219,-2.61917086897852,-2.38662807669295,-0.180086973807526
2792,56,2,0,0.135263017029561,1,2,1,0.134584784507751,-8.29938970999001,-10.0746612177077,-0.000290853355595837,-1.70917801386266,-0.601880050538366,-1.30488157556266
2793,22,2,1,-0.161442955809475,1,2,1,-0.162019997835159,-12.5499782912323,-4.17652756706196,-0.0154744023522597,-2.8411371440385,-0.459816947287701,-1.17040418676226
2794,3,2,1,-0.0785398163397448,1,2,1,-0.092662438750267,-4.52238319464669,-8.52502589447179,-0.0111231830540706,-1.1872236498951,-0.807258108384374,-1.39089130951689
2795,9,0,2,-0.0261799387799149,1,0,2,-0.0444349907338619,-0.290344616819128,-4.18140726690138,-1.4408891862298,-3.10727968789478,-0.952712136464524,-0.562848988043132
2796,12,2,1,0.148352986419518,1,2,1,0.110489040613174,-7.89310535489898,-4.57836426979014,-0.0107019751138766,-2.51093413318439,-0.0995571531718734,-4.29993701282572
2797,9,2,2,-0.148352986419518,1,2,1,-0.12546369433403,-6.49426118554675,-5.34116825815705,-0.00632224042639433,-3.90557785607778,-0.122536385980006,-2.35180724571314
2798,27,2,1,-0.109083078249646,1,2,1,-0.103452406823635,-6.2565222292765,-6.06747060056074,-0.00424390264032336,-2.06985906628212,-0.557291644727088,-1.20051809330591
2799,3,2,1,0.0785398163397448,1,2,1,0.0715942531824112,-5.52245345413861,-5.10158837524477,-0.0101343181099311,-1.44826837353669,-0.449325799831246,-2.06384428086213
2800,9,2,0,0.148352986419518,1,2,0,0.142427057027817,-6.67995157703573,-5.26585477821128,-0.00644155308126853,-0.115069100088865,-3.37287541585192,-2.59823724721384
2801,54,2,1,0.117809724509617,1,2,0,0.107491165399551,-5.13497807728346,-9.00951028501932,-0.00602746903596436,-0.0870670167640891,-2.52062734253507,-5.81743992243973
2802,9,2,1,0.0959931088596881,1,2,0,0.0962128341197968,-7.29328406617266,-4.82682805390413,-0.00872996200523643,-0.356666956948229,-1.21866401975981,-5.43309782623524
2803,3,2,0,0.0610147335189285,1,2,0,0.0589478015899658,-4.46761369519485,-5.74977445248115,-0.0147667057763458,-0.398446375868919,-1.24615114610412,-3.19349842006866
2804,38,0,0,-0.0244346095279206,1,2,2,-0.0294586215168238,-1.70052582638998,-2.30745723949301,-0.331427018455955,-4.11112880524463,-4.8472885301455,-0.0245375422693864
2805,3,2,1,-0.0785398163397448,1,2,1,-0.0846282914280891,-4.42665284951752,-7.55214636923218,-0.0125579464508865,-1.83497542692267,-0.420794117967626,-1.6935956527385
2806,22,2,1,-0.166678943565458,1,2,1,-0.166050538420677,-10.976162411658,-3.58013007596278,-0.0282854198118779,-2.82033307392275,-0.738191464177883,-0.771246614800094
2807,9,0,1,0.0261799387799149,1,0,2,0.0116922901943326,-0.0269182408769581,-11.3905466629631,-3.62880542222035,-1.42846267246109,-1.13500145697013,-0.823480776399377
2808,40,0,0,-0.00436332312998582,1,0,0,0.000936263473704457,-0.00658259911935507,-11.7517112502342,-5.02781656809621,-1.06211834171654,-1.17031312443368,-1.06709175595317
2809,12,2,0,-0.0993373915080504,1,2,1,-0.134696304798126,-7.43933050376675,-5.34741772693582,-0.00536243856506091,-1.15768387008446,-1.00239420595066,-1.14323142966986
2810,3,2,0,0.148352986419518,1,2,0,0.0699930712580681,-5.2965207130893,-7.8136291406738,-0.00542787894769716,-0.012878920786109,-4.55636974645644,-6.07649238603264
2811,3,2,1,0.0436332312998582,1,0,1,0.0362956859171391,-0.103217404178592,-15.5436003858849,-2.32208422224632,-4.39179600059397,-0.107192877221527,-2.41609944016176
2812,41,0,1,0.00436332312998582,1,0,1,0.0506720989942551,-0.0999847048110745,-4.3066325893976,-2.50506980473202,-3.06667459488547,-0.0774215596607972,-3.57824528843315
2813,12,2,1,-0.148352986419518,1,2,2,-0.146606102585793,-10.8149038577814,-7.03622310897659,-0.000899958139821191,-3.26454032572643,-1.25353301418826,-0.391131574170015
2814,3,2,0,-0.0610865238198015,1,2,2,-0.0748579502105713,-3.02689074477578,-4.25575877607947,-0.0646967800180829,-3.20331335585805,-1.15508983908464,-0.439523502180038
2815,3,2,1,0.165806278939461,1,1,1,0.133346721529961,-7.16316579500909,-0.335258219257143,-1.25852772042838,-7.5511883095084,-0.00101838689878177,-7.61641193732849
2816,12,0,2,0.00872664625997165,1,0,2,0.00574993994086981,-0.00586383795335653,-9.63981514060073,-5.1530721165642,-1.45901945344006,-1.14898888863885,-0.79722234711705
2817,3,2,0,0.0610865238198015,1,2,0,0.0676148012280464,-4.83705522783833,-4.9519072732992,-0.0151139258487791,-0.398904061166855,-1.19964708818998,-3.58833238883691
2818,33,2,1,-0.0654498469497874,1,2,1,-0.0310823395848274,-2.82145617873907,-5.13381807357709,-0.0676508116858274,-3.52904601969755,-0.0337247552646931,-5.5650223860083
2819,9,2,1,-0.0436332312998582,1,2,1,-0.0510139763355255,-3.51137781109261,-6.16817255108923,-0.0324723990009745,-3.83001845899026,-0.154964395655023,-2.1050051710909
2820,2,2,2,0.0959931088596881,1,2,1,0.117944039404392,-7.50911454125833,-21.6749829089748,-0.000548214951069715,-5.07907649492006,-0.599103566748249,-0.810871470113908
2821,9,0,1,-0.00872664625997165,1,0,0,-0.0137031963095069,-0.0130391748549671,-5.14794743312194,-4.94159658768791,-0.676892074111845,-1.1648752037387,-1.71566278079725
2822,9,2,1,0.0436332312998582,1,2,2,0.029282258823514,-1.42640758231092,-8.58354476886283,-0.274907139670229,-1.33222711475292,-1.20209757367009,-0.83115018500549
2823,9,2,0,0.148352986419518,1,2,0,0.136674761772156,-7.556177490407,-7.8351979300968,-0.000918810343674209,-0.0377139372283686,-5.07946057721984,-3.48061773022176
2824,9,2,1,0.0785398163397448,1,2,1,0.0830152258276939,-2.04705860524721,-9.84684415544404,-0.138305145932934,-3.51905782393051,-0.25365596012471,-1.63776542564418
2825,3,2,1,-0.0436332312998582,1,2,1,-0.0467276945710182,-3.26392714636649,-6.63951465149048,-0.040348768640437,-3.58035865510713,-0.117635651681986,-2.48753783870109
2826,9,2,0,0.165806278939461,1,2,1,0.152514278888702,-7.48156464317007,-9.93991525581255,-0.00061185000673086,-2.25998050664026,-0.760750734998066,-0.847856680899678
2827,12,2,0,0.0436332312998582,1,0,1,0.0218675900250673,-0.346401578753453,-7.89650285105083,-1.22963407147457,-0.733517732075326,-0.690382845943289,-3.99544852727173
2828,12,2,2,0.0959931088596881,1,2,2,0.0814280286431313,-6.26137926137953,-6.43095109443369,-0.00352568338384644,-3.18725557198525,-0.850219891937293,-0.63225152757596
2829,12,2,1,0.148352986419518,1,2,0,0.107815034687519,-6.98892817485061,-4.59748871500319,-0.0110601412204895,-0.0675546413934199,-2.77610268192045,-5.79504986747011
2830,2,2,1,0.103092031061404,1,2,2,0.117328934371471,-7.66857639893608,-23.108474925479,-0.000467409633904683,-7.28977427527834,-0.750730953474245,-0.639992979544911
2831,2,2,1,0.130899693899575,1,2,1,0.128176912665367,-5.00951844639736,-16.2597178277069,-0.00669654236800036,-15.5996690405414,-0.527517826889256,-0.891763726329234
2832,66,2,1,-0.137881010907552,1,2,0,-0.129959657788277,-11.9365516434002,-4.31132754652996,-0.0135131433941295,-0.189098869327732,-1.81775832249361,-4.61461309435643
2833,60,2,1,0.170169602069447,1,2,2,0.152275770902634,-7.43563507093768,-8.5369285974681,-0.000786255864155844,-1.93943366450369,-1.39133277708537,-0.498450663027436
2834,2,2,2,0.0959931088596881,1,2,1,0.117619521915913,-7.530390489373,-21.7564456367984,-0.000536645375998609,-4.80391407501851,-0.582471006507881,-0.836357647735773
2835,33,2,1,-0.0654498469497874,1,2,1,-0.0506353564560413,-7.09961458714285,-3.59578272125391,-0.0286717154412597,-3.81785206390831,-0.0437755625157939,-3.87010045073657
2836,27,2,1,-0.111701072127637,1,2,1,-0.124238975346088,-6.34659180250342,-7.08017811373389,-0.00259766317127888,-2.09913036276718,-0.189298362385567,-2.99778580857487
2837,3,2,0,0.148352986419518,1,2,0,0.142748937010765,-6.80962126138264,-6.25214049619433,-0.0030340637954059,-0.0291377501064513,-3.60047067062242,-6.56671723091509
2838,66,2,0,-0.130899693899575,1,2,0,-0.128317728638649,-12.7109714506854,-5.30528695827769,-0.00498066852306906,-0.482833633578077,-0.978042925798015,-4.97317060997527
2839,22,2,1,-0.161442955809475,1,2,1,-0.161064431071281,-12.7221136654379,-4.27597145959667,-0.0139990024871491,-2.63596828184928,-0.43652041800716,-1.26560314293016
2840,9,2,0,0.149963666246798,1,2,0,0.127309262752533,-5.77044590733096,-6.09105166804977,-0.00539599720068979,-0.310510159213273,-1.35274737688108,-4.77975225245206
2841,33,1,1,-0.0654498469497874,0,1,1,0.00925150979310274,-7.57423194388324,-0.0555442351095698,-2.92776979172272,-7.05889704174235,-0.00125606233508819,-7.83526900658108
2842,9,2,2,-0.148352986419518,1,2,0,-0.132262334227562,-5.77981357476464,-7.4702085319448,-0.00366578030817642,-0.482081411300429,-1.27986266825956,-2.25926042965533
2843,12,2,2,-0.130899693899575,1,2,2,-0.124668784439564,-11.353058116918,-4.21816556459146,-0.0148470415022913,-2.27216983968542,-3.29902558510927,-0.1508314672956
2844,3,0,2,-0.0265574344075827,1,2,1,-0.0363035313785076,-1.91369289851983,-8.0160164977456,-0.160009891249657,-1.850885115173,-0.333035206884614,-2.07022763823533
2845,27,2,1,-0.109083078249646,1,2,1,-0.0951079279184341,-9.12867511920472,-5.09771511412276,-0.00623862807527787,-1.33216997121817,-0.317846998373233,-4.78168072594241
2846,60,2,0,0.170169602069447,1,2,0,0.162169873714447,-9.13367532927036,-13.4313608763348,-0.000109440116158672,-0.771527833719337,-2.14506580623903,-0.86599352469964
2847,12,2,1,-0.0785398163397448,1,2,0,-0.067569874227047,-7.2255706356433,-11.2209124510337,-0.000741458570262804,-0.536149683634787,-1.12508933588595,-2.40373122448583
2848,38,0,1,-0.0218166156499291,1,0,2,-0.0344140119850636,-0.0857292039275372,-3.89673987568615,-2.7830551633992,-2.7545737461898,-1.19371298009027,-0.456858273496435
2849,3,2,1,-0.0959931088596881,1,2,1,-0.0901390537619591,-4.02206176139785,-12.6678885880271,-0.0180816147244699,-1.87106416381832,-0.511495068877698,-1.40062925197628
2850,3,2,1,0.0785398163397448,1,2,0,0.0814077705144882,-6.68936598006461,-6.201196769982,-0.00327646465813833,-0.53724446778985,-0.941518103833566,-3.6648294057267
2851,12,0,2,0.00872664625997165,1,0,2,-0.00748456921428442,-0.00255248587458382,-11.1234850923585,-5.97776694849274,-1.50023119869071,-1.13580612951254,-0.785792515600502
2852,12,2,0,0.0610865238198015,1,2,2,0.0448061153292656,-3.14306586210998,-8.37058105106194,-0.0443510574665089,-2.64054216986753,-0.940836154176695,-0.619198016304161
2853,12,2,2,0.0950939234102915,1,2,2,0.0795804634690285,-5.34646913502786,-7.47037096816979,-0.00534889557749083,-2.93853395188932,-1.16846811378175,-0.452220359852134
2854,56,2,2,0.127375229741614,1,2,2,0.122237399220467,-6.12546553873386,-4.88812175154681,-0.00976962172676172,-1.52230025980175,-2.16355751100053,-0.405152560396765
2855,2,2,1,-0.0959931088596881,1,2,1,-0.100100874900818,-5.066980230497,-7.09611685443988,-0.00715526676872149,-2.24670463832488,-0.62389591261506,-1.02610505146125
2856,2,0,1,-0.0261799387799149,1,0,2,-0.0551468953490257,-0.101613141985313,-8.33057130922425,-2.33945646144883,-1.33933686182322,-1.3393052423488,-0.742436267660297
2857,2,2,1,0.148352986419518,1,2,1,0.147908970713615,-8.41238019206772,-16.5339593464106,-0.000222171189268923,-2.62560810305365,-0.659964767101885,-0.889807812412567
2858,9,2,0,0.148352986419518,1,2,0,0.137958914041519,-6.96567834114066,-6.57763537338748,-0.00233756311823169,-0.0687070612306753,-3.73454625558996,-3.15787610424513
2859,9,2,2,-0.0365343090981427,1,2,2,-0.0344404056668282,-4.22055610793872,-4.69894734957093,-0.0240829877989821,-2.77756208271429,-1.24216421423574,-0.432243231918109
2860,12,2,2,-0.148352986419518,1,2,2,-0.142998665571213,-11.5065934866901,-4.4641330621471,-0.0115917216490735,-3.36722032120298,-3.13593898410033,-0.0811496866639187
2861,56,2,1,0.126536370769589,1,2,1,0.15959244966507,-6.36164279592358,-0.807301802714614,-0.593820550213115,-6.93343836671025,-0.00112734181124648,-8.79133037612377
2862,3,2,1,-0.0959931088596881,1,2,1,-0.098425380885601,-1.00740745495429,-17.1743563021242,-0.454389397683216,-2.58171004483757,-0.258099765037962,-1.88494609082192
2863,2,2,1,0.0610865238198015,1,2,2,0.0955669805407524,-5.23426215468903,-20.0525632706039,-0.00534500050440772,-1.97645465135179,-0.910391792934775,-0.778544142058094
2864,38,0,1,-0.0218166156499291,1,0,1,-0.0273941103368998,-0.0661500662732711,-3.08341318602588,-4.00594982836234,-1.43030122794013,-0.301696065390979,-3.85373971764643
2865,12,2,1,0.165806278939461,1,1,1,0.13540206849575,-7.78962094172859,-0.644704418537606,-0.744928235167514,-0.804800805483432,-0.661989733910684,-3.29686333013605
2866,3,0,1,0.0261799387799149,1,0,1,0.0310374852269888,-0.0608746759357417,-6.56443954106197,-2.85337802326908,-6.73047638257623,-0.131369639514688,-2.10445254590861
2867,40,0,0,-0.00436332312998582,1,0,1,-0.00376627477817237,-0.0236664180094921,-6.47140082043002,-3.82393935779404,-1.64822508982639,-0.661576373228199,-1.23246920969152
2868,22,1,1,-0.166678943565458,0,1,1,-0.0794945955276489,-9.91208804002415,-0.386155645006729,-1.13854175188016,-2.15413589281651,-0.665579214097973,-0.994195879274467
2869,12,2,1,-0.0785398163397448,1,2,0,-0.0665681585669518,-6.70462352022293,-11.9563468549368,-0.00123248918714653,-0.414554605616172,-1.30886549323385,-2.67018757683383
2870,60,2,0,0.170169602069447,1,2,2,0.16019606590271,-9.20702130811707,-9.82974590806083,-0.000154149491811612,-1.72646507813268,-4.028627587291,-0.217796494145226
2871,3,2,1,0.130827903598702,1,2,0,0.106636665761471,-8.10287312929202,-1.83981143269812,-0.173341999230601,-0.533548178391345,-1.58724572125503,-1.56546042503767
2872,2,2,2,0.165806278939461,1,2,1,0.129455074667931,-8.16537987542457,-16.1335853053068,-0.000284533445314693,-5.69296433163509,-0.131624976802967,-2.12059181050324
2873,33,2,0,-0.0567232006898157,1,2,0,-0.0637995377182961,-5.20181936097017,-6.74711499484579,-0.00670326296505823,-0.578973632841957,-0.9514421700986,-2.9310124859757
2874,2,2,2,-0.0436332312998582,1,2,1,-0.0498770587146282,-1.76279335789964,-4.8496031304251,-0.197715173513703,-2.8627003100074,-0.185870030014504,-2.18476486473098
2875,2,2,1,0.148352986419518,1,2,2,0.0908474549651146,-15.9388023064462,-8.40165770158378,-0.000224675143728432,-2.64057089763935,-7.6157987225308,-0.0745222368711283
2876,54,2,1,0.112573736753634,1,2,1,0.102483630180359,-7.52456522818647,-2.12558299189288,-0.127723182139277,-1.16512935121669,-0.404935303582673,-3.85859128803607
2877,2,2,1,-0.0959931088596881,1,2,1,-0.0915364846587181,-5.94068370361794,-4.74151450223976,-0.0114206060673161,-3.99059466086578,-0.156610775720709,-2.06771457451504
2878,3,2,1,-0.130899693899575,1,2,1,-0.134633153676987,-5.74225043915228,-10.5433335560336,-0.00323914999361437,-1.10727656378941,-0.866991818227443,-1.38898375960575
2879,2,2,1,-0.0610865238198015,1,2,1,-0.0615671835839748,-3.1528556016458,-8.35995909840366,-0.0439143137659765,-1.40481256940898,-0.910026780386517,-1.04391526035809
2880,2,0,1,0.0241505162860041,1,0,0,-0.0111906854435802,-8.34465375021603e-07,-19.5010232126637,-13.9505471134432,-0.213638180182581,-1.65319375054406,-6.98908935772745
2881,22,2,2,-0.164060949687467,1,2,1,-0.164781928062439,-12.3899581801386,-4.0891345039667,-0.016899847237881,-3.69648545762177,-0.497229921171066,-1.00245795414386
2882,9,2,2,-0.148352986419518,1,2,1,-0.148383677005768,-8.61422620393155,-6.33540141288119,-0.0019558709341837,-1.79860609568633,-0.292204913012146,-2.43206691417547
2883,85,2,1,0.0506145483078356,1,2,1,0.0451423674821854,-2.32194307463242,-2.81473595755668,-0.171979219890996,-6.36635905238938,-0.00360709513422699,-6.27530506022197
2884,27,2,0,-0.111701072127637,1,2,1,-0.11031199991703,-6.05866075185547,-6.97183248959988,-0.00328083008646953,-2.04884040295887,-0.193514584714938,-3.05637785407328
2885,2,2,1,0.148352986419518,1,2,2,0.103038527071476,-13.5420833632546,-4.5015818086518,-0.0111547657345171,-7.03613931968318,-8.26136377913182,-0.00113850051459214
2886,12,2,2,-0.130899693899575,1,2,2,-0.125131249427795,-11.2821624090483,-3.95597997833018,-0.0193383076380772,-1.63626512243392,-1.20411135498631,-0.682532340658653
2887,54,2,0,0.115191730631626,1,2,1,0.104195766150951,-7.42067901560765,-4.41524317622392,-0.0127715757923579,-0.816493131924552,-0.625695951021237,-3.7665364010269
2888,40,0,1,-0.00436332312998582,1,0,1,0.00614816416054964,-0.0137492752699241,-4.80969345661444,-5.20212578756194,-1.27877502027175,-0.686228184670554,-1.52257024015042
2889,2,2,2,0.165806278939461,1,2,1,0.139642164111137,-7.62667477588352,-16.1128054555416,-0.000487446358358888,-5.29200852897595,-0.260069961881631,-1.49623992257634
2890,43,0,1,0.0305432619099008,1,0,1,0.0257990192621946,-0.0265331115415015,-6.44765474234678,-3.70500962616912,-1.70466365092321,-0.472249286206541,-1.63697122299036
2891,2,2,1,-0.0610865238198015,1,2,1,-0.0873544663190842,-1.65906884799351,-6.31188016890304,-0.213355046001173,-1.75036175469367,-0.794803012302142,-0.981846625599626
2892,27,2,0,-0.111701072127637,1,2,0,-0.109306938946247,-5.38882857894864,-9.18434076800601,-0.00468084278031,-0.435759649505814,-1.82291503500097,-1.65196629450677
2893,12,0,0,-0.0261799387799149,1,0,1,0.0112969363108277,-0.0758633924301701,-14.6597448527476,-2.61651833466295,-3.05679062158869,-0.227968006954741,-1.85270870591816
2894,9,2,1,-0.113446401379631,1,2,2,-0.127165213227272,-5.12649959154322,-4.75091735014192,-0.0146884330461681,-1.52003381262733,-1.61145770217288,-0.541802123597163
2895,2,0,0,-0.00872664625997165,1,0,2,-0.0297214966267347,-0.0122080527038551,-8.95343496067555,-4.42247538503407,-1.78161784110742,-0.955403262488646,-0.805247029825688
2896,3,2,0,0.0586007249972639,1,2,0,0.0566826313734055,-4.3410028391896,-5.89567358720428,-0.0159004720216703,-0.392514303801872,-1.26571060095573,-3.15579420701633
2897,38,0,1,-0.0244346095279206,1,2,1,-0.0603138320147991,-0.9467364681854,-5.85379654405334,-0.495730378131634,-2.26191190658038,-0.376915636992547,-1.56124379065815
2898,40,0,2,-0.00436332312998582,1,0,2,0.0134639786556363,-0.123830075959053,-5.71215509181651,-2.17891244272893,-4.63396263025203,-2.82404881060693,-0.071583337911375
2899,43,0,1,0.0305432619099008,1,0,1,0.0111041041091084,-0.0270957649735341,-4.7104501367963,-4.03242396579343,-0.992470944165543,-0.635036572408954,-2.30835930196487
2900,60,1,1,0.161442955809475,0,1,1,0.227811947464943,-9.81167135742811,-0.0113478998533806,-4.48926509459207,-10.0148884076381,-5.78181768707039e-05,-11.2388082374716
2901,56,2,0,0.135263017029561,1,2,1,0.114328481256962,-7.27396592253473,-1.83076036077209,-0.175526685882236,-0.79315678541513,-0.660094624216571,-3.48078617168545
2902,38,0,0,-0.029704402937876,1,2,2,0.0103392777964473,-1.60707795630239,-3.9765131088981,-0.247466340773271,-0.953539880051049,-1.81590021911612,-0.794218842071416
2903,33,2,1,-0.0654498469497874,1,2,1,-0.0472966767847538,-4.61881577283056,-4.19682488387366,-0.0252231541749028,-2.70931493939082,-0.0772143977368686,-4.86313687249278
2904,2,2,1,-0.0640630601406147,1,2,1,-0.0719116553664207,-0.801861000514506,-16.5055202838109,-0.59510183544506,-3.03648309334814,-0.124466647002639,-2.67323035871758
2905,12,2,1,-0.0785398163397448,1,2,0,-0.0708869844675064,-9.34333136343779,-5.99898245438525,-0.00257208635582407,-0.408215887298296,-2.39880471665457,-1.40920158396421
2906,2,2,1,0.148352986419518,1,2,1,0.147346839308739,-9.65112349693126,-18.8992304483729,-6.43750883889618e-05,-4.27743814809205,-0.230103520890903,-1.65197780050155
2907,3,2,1,0.0436332312998582,1,2,0,0.0306880157440901,-1.00413115205727,-5.93369756631127,-0.460467675465648,-0.376622771878729,-1.28239516686463,-3.3117313842425
2908,41,0,2,0.010471975511966,1,0,1,0.0438846126198769,-0.329893697764422,-3.6924048533758,-1.3622350026559,-1.24781626619267,-0.83619726067165,-1.27470455148212
2909,9,2,2,-0.0785398163397448,1,2,0,-0.0921231359243393,-6.3568368764135,-9.24517354222865,-0.00183309140128202,-0.809871832931905,-0.87398520583909,-1.9819542409205
2910,54,2,2,0.117809724509617,1,2,2,0.120172001421452,-9.75179418875183,-12.3801549180193,-6.2348402056284e-05,-4.17211436748839,-1.57873815761598,-0.250585116411523
2911,9,2,1,-0.0959931088596881,1,2,0,-0.114778101444244,-5.27678284809492,-10.6439665493899,-0.00514589259466309,-0.567006725676408,-1.69805402797028,-1.38733536145197
2912,2,2,1,-0.113446401379631,1,2,1,-0.125369235873222,-11.5229894998354,-3.8148296085184,-0.0222980994671556,-2.88011771285035,-0.554992454417806,-0.994805770242131
2913,38,0,1,-0.0244346095279206,1,2,2,-0.0251735206693411,-0.897976936675581,-3.11895717981663,-0.600743402919285,-1.68119839885147,-3.01261013094219,-0.268289924121477
2914,3,2,1,-0.130899693899575,1,2,1,-0.123786367475986,-6.97846895385447,-6.13517438974163,-0.00310192293957866,-1.59093137570538,-0.271520565564887,-3.38008206843756
2915,12,2,0,-0.0436332312998582,1,2,1,-0.0654505118727684,-1.19933734290058,-6.60291928360936,-0.360611667591376,-1.16564873904657,-0.856082700052352,-1.33386646864693
2916,3,2,1,-0.165806278939461,1,2,1,-0.157097905874252,-12.4716264849191,-3.92330043473446,-0.0199777968466066,-3.66903294649041,-0.0443866980898946,-4.02212216719277
2917,56,2,2,0.135263017029561,1,2,0,0.130776107311249,-8.34788387455686,-9.36117713676986,-0.000322990121086817,-0.513699574176467,-2.94893221829468,-1.05174888597015
2918,38,0,1,-0.0261623733742312,1,0,1,-0.0555954687297344,-0.517943110693491,-10.5490271685563,-0.905773471362686,-3.32307838549949,-0.0668318108471528,-3.55414551979149
2919,85,2,1,0.0436332312998582,1,2,1,0.0466110818088055,-1.16882550704333,-3.09178366587708,-0.44029343572247,-4.53970808467906,-0.0240730965284679,-4.33444166725579
2920,43,0,0,0.0279252680319093,1,0,0,0.0206648241728544,-1.78814094198478e-06,-16.6648844612438,-13.2601422041052,-0.10410526176213,-2.32102754239584,-7.26897077037384
2921,12,0,1,-0.0261799387799149,1,2,1,-0.0231474172323942,-1.31864881015622,-6.73911394696409,-0.312904452349335,-2.25671431017295,-0.225385916680996,-2.3320354951634
2922,2,2,2,-0.0411474324773206,1,2,1,-0.0650411173701286,-1.16632700641893,-6.70749185032336,-0.375029112431639,-1.06881350410201,-1.00995990503398,-1.22980144350977
2923,9,2,2,0.0436332312998582,1,2,2,0.0295481625944376,-1.43072760578277,-8.7107134625803,-0.273515763397589,-1.33945163299221,-1.23950724020714,-0.80188246404201
2924,9,2,1,-0.130899693899575,1,2,2,-0.138533130288124,-10.172633048888,-7.83997576913434,-0.000431928919264507,-5.46549228186717,-4.85908990323123,-0.0120602385639991
2925,41,0,2,0.00991311664135199,1,0,2,0.0508422031998634,-0.0980379004458057,-5.0130722017134,-2.44489784058016,-1.09455427488599,-2.47383624104064,-0.54291799100963
2926,12,2,1,-0.0610865238198015,1,2,0,-0.0861389264464378,-3.68743030872396,-10.2030214433055,-0.0253929187707483,-0.750121103488409,-1.75959243196045,-1.03401716707158
2927,60,2,1,0.169493668775073,1,2,0,0.145200043916702,-7.29369471639215,-2.47866701351715,-0.0883228234891104,-0.153597920073932,-1.99018203218226,-5.165082084275
2928,2,0,1,-0.0261799387799149,1,0,2,-0.0494364388287067,-0.144978285158132,-7.09733274298558,-2.00893379392591,-1.31625609394296,-1.72059864895751,-0.592571412338652
2929,9,2,1,0.0785398163397448,1,0,1,0.0638565197587013,-0.021749346574428,-14.7129762627421,-3.83904176558025,-5.51617471024036,-0.573344184918672,-0.83853966351454
2930,3,2,1,-0.0436332312998582,1,2,1,-0.0351537056267262,-2.43889717528608,-7.96498370018812,-0.0916817455165419,-2.81487939520524,-0.134419453263461,-2.72015211953349
2931,54,2,1,0.117685800072555,1,2,2,0.119986213743687,-9.13165916969458,-12.4264340634486,-0.000112182233658767,-1.30024744492715,-4.23377315413357,-0.338220525787353
2932,3,2,1,-0.0436332312998582,1,2,1,-0.0539676323533058,-2.01625851396569,-5.85878184367864,-0.146191176620606,-2.40333132460382,-0.501182697113815,-1.19148452220778
2933,3,2,2,-0.104392574061835,1,2,0,-0.110340379178524,-6.90993002084307,-9.78630807090252,-0.00105454477049758,-0.555059840404817,-1.24839778219246,-1.97329700784493
2934,3,2,2,-0.148352986419518,1,2,0,-0.139781773090363,-6.52525230783901,-9.9805039177426,-0.00151343371050912,-0.22284444034023,-2.43732695381004,-2.18598925183315
2935,12,2,1,-0.0959931088596881,1,2,1,-0.0893166437745094,-9.49843449503821,-3.26108426892341,-0.0391792720945544,-3.6773241499535,-0.0588668582667091,-3.44586504336905
2936,41,0,1,0.00436332312998582,1,0,0,0.0491138733923435,-0.101329865414251,-4.76128012034231,-2.43257409408163,-0.954376590932715,-1.11407876107628,-1.2492127433612
2937,56,2,0,0.135263017029561,1,2,1,0.116190642118454,-7.37448232369747,-2.81338224104643,-0.0625444702349635,-0.755855877112596,-0.684150870369533,-3.6545554766975
2938,12,2,1,-0.0959931088596881,1,2,1,-0.089415431022644,-9.50180002124635,-3.24709647933838,-0.0397409633586356,-3.70035786418748,-0.0564259307175989,-3.50160618823288
2939,60,1,1,0.161442955809475,0,1,1,0.222102791070938,-7.8366554929444,-0.254892741847913,-1.49340987857834,-10.7063640315822,-2.61071752009539e-05,-12.5007461590911
2940,56,2,1,0.126536370769589,1,2,1,0.114738941192627,-5.43449700165399,-2.68993869645523,-0.0749914463792731,-6.03445922234301,-0.00408229872470383,-6.38942677796057
2941,3,2,1,0.0785398163397448,1,2,1,0.0832898542284966,-3.52518530150171,-5.64946342880698,-0.03352139563846,-2.47868087434379,-0.577173841958022,-1.03658627118317
2942,22,2,2,-0.161442955809475,1,2,2,-0.155668139457703,-12.969118333391,-5.62945389392602,-0.00359937837979217,-1.85959560061841,-2.04304058332493,-0.335989758065824
2943,12,2,1,0.156099725752188,1,2,1,0.133135810494423,-7.53204023693216,-1.54062042312474,-0.24179616947683,-0.848659720283512,-0.601160415154461,-3.73653229712557
2944,43,0,1,0.0305432619099008,1,0,0,0.0299017261713743,-0.238888017904213,-5.52573229389501,-1.56774921292267,-0.313660677123951,-2.3524727187285,-1.74812827570622
2945,2,2,1,0.113446401379631,1,2,1,0.122786171734333,-7.17402772892222,-20.2093675840328,-0.000766571053760197,-5.76785624718154,-0.595449468506303,-0.808426017902173
2946,2,2,1,0.140606247086848,1,2,1,0.133839756250381,-4.95473867417671,-13.4276018105617,-0.00707632693485095,-12.906154911905,-0.573089888537673,-0.829615976612567
2947,41,0,2,0.0130899693899575,1,0,2,0.00771454442292452,-0.0145479325332734,-5.61551487421472,-4.52805339321229,-3.28474636341075,-2.94400751600543,-0.094425412549096
2948,3,2,2,0.113446401379631,1,2,1,0.116733968257904,-6.41570585543267,-8.71906872781111,-0.00180072693390548,-2.3246350708431,-0.684818593600028,-0.921305290672989
2949,33,2,1,-0.0567232006898157,1,2,1,-0.0362313762307167,-6.19815221737064,-4.33327552933946,-0.0152737517290808,-1.50203703716616,-0.703163370157719,-1.26476025693637
2950,3,2,2,0.113446401379631,1,2,1,0.112698458135128,-6.09314055319861,-7.11885300916987,-0.00307268614458579,-1.53831767118231,-0.817740677310039,-1.06760761382787
2951,3,2,0,-0.0610865238198015,1,2,2,-0.0670244619250298,-4.82444339488204,-4.99179169071473,-0.0149354303559517,-1.21869910270375,-1.06967822710595,-1.01813897055741
2952,9,2,1,-0.165806278939461,1,2,1,-0.150055944919586,-10.8910344129071,-6.1807544014185,-0.00208971540907486,-3.01770167006578,-0.591191839957431,-0.922762775251612
2953,9,2,1,-0.148352986419518,1,2,0,-0.140505433082581,-8.31851048843877,-9.37859384875659,-0.000328475534894524,-0.23495543590812,-1.98893757757208,-2.62343567197542
2954,2,2,2,-0.0610865238198015,1,2,1,-0.0499443486332893,-5.30788334925329,-13.659775837928,-0.00496581287385475,-1.92998292872444,-0.427599086346468,-1.59565078593801
2955,2,0,0,0.0332788609816305,1,0,1,0.0541693605482578,-0.000337299959375156,-20.6396615836603,-7.99483077393326,-1.42302309801788,-0.311481528939975,-3.62479733767726
2956,9,2,0,0.165806278939461,1,2,1,0.146963551640511,-7.29979717024912,-10.9527769842499,-0.00069344239434951,-1.02228288533442,-0.763101059547173,-1.7486486265464
2957,41,0,2,0.010471975511966,1,0,1,0.0438846126198769,-0.329893697764422,-3.6924048533758,-1.3622350026559,-1.24781626619267,-0.83619726067165,-1.27470455148212
2958,2,0,1,0.00872664625997165,1,0,0,-0.0215837750583887,-2.26497906652799e-06,-18.9307349775738,-13.0239652051461,-0.120145153916548,-2.18275530330896,-7.64631442422861
2959,3,2,0,-0.0610865238198015,1,2,1,-0.0769487097859383,-3.13935216418245,-4.13120495353924,-0.0612100213340292,-2.22723983000884,-0.640322540417363,-1.00771559310563
2960,2,2,1,-0.148352986419518,1,2,1,-0.141100734472275,-11.9027237961766,-3.59095997150391,-0.0279660214600168,-3.41217902749308,-0.0592187323094241,-3.70785405237875
2961,33,2,1,-0.0596347341012915,1,2,0,-0.0781212523579597,-3.87074224979706,-6.26369999748421,-0.0230098061881942,-0.255803685323654,-1.71138374625526,-3.09908823579674
2962,2,0,1,-0.0261799387799149,1,0,2,-0.0487993434071541,-0.0934082113789488,-10.3212142360213,-2.41748536849441,-2.54557341483895,-0.787476367772155,-0.762324945716873
2963,38,0,1,-0.0270526034059121,1,0,1,0.0142517546191812,-0.0601955864998991,-3.76280849308613,-3.34667597106588,-4.69066162033319,-0.0112202246184954,-6.22623366190174
2964,56,2,1,0.135263017029561,1,2,2,0.112059079110622,-5.43318532394727,-2.31713387222118,-0.108615678362211,-1.74093521244329,-1.26518641646417,-0.611646487918686
2965,38,0,0,-0.0244346095279206,1,2,1,-0.0106804771348834,-0.747764667644905,-7.62599751844862,-0.642285308233428,-4.00510627968763,-0.107009505822413,-2.48578131312404
2966,12,2,1,0.161184088029404,1,2,1,0.135518014431,-7.57394996510209,-1.22316558196035,-0.349289103592299,-0.818610223552766,-0.629676360970602,-3.64231490735034
2967,22,2,2,-0.161442955809475,1,2,2,-0.148388013243675,-13.1615167881918,-9.3235813063325,-9.11992650328998e-05,-1.01181030236453,-3.73244717488061,-0.490197266967007
2968,9,2,1,0.165806278939461,1,2,2,0.149247661232948,-8.24733118790989,-7.09888125126476,-0.00108861551263891,-2.3339395093363,-0.859701594295774,-0.734389250044057
2969,12,2,0,0.0436332312998582,1,2,2,0.0193435307592154,-1.75580107232206,-8.1804663019963,-0.190009659311832,-3.49601185938421,-1.26786473143634,-0.373603040735155
2970,2,2,1,0.0610865238198015,1,2,1,0.0980776473879814,-6.51398679543487,-23.1945435939312,-0.00148364638870143,-5.37830196045023,-0.624444776873171,-0.776907850988765
2971,2,2,1,0.130899693899575,1,2,1,0.133712589740753,-9.87280289706768,-25.5527669421647,-5.16189546108029e-05,-12.5914818466081,-0.0463586930662533,-3.09451207655226
2972,60,2,2,0.167551608191456,1,2,2,0.147791013121605,-9.08259811031621,-9.80013408144348,-0.000169172290697632,-1.31075099878234,-1.77271707954169,-0.578905147732549
2973,3,2,1,-0.0947602655446955,1,2,0,-0.102781563997269,-4.70790476142561,-10.9342630850925,-0.00908267063220985,-0.570539086003676,-1.58176863871928,-1.47329888901743
2974,2,2,1,0.130899693899575,1,2,1,0.104895882308483,-10.9861524227322,-25.2454888836485,-1.69278623916651e-05,-7.15683509659842,-0.0191125780833022,-4.00899308369461
2975,56,2,2,0.132645023151569,1,2,2,0.112665750086308,-6.1803198656038,-4.80918794986458,-0.0102768495228583,-3.70480513453736,-1.34083993965892,-0.337195621751573
2976,9,2,2,-0.0610865238198015,1,2,0,-0.0530026257038116,-7.13269559303288,-7.04671566138274,-0.00167026456463547,-0.362311534744081,-1.72927794542679,-2.0673384476245
2977,66,2,1,-0.137881010907552,1,2,0,-0.131091639399529,-11.9082825960451,-4.22530969002903,-0.0147355532216478,-0.19431640211409,-1.80145382642562,-4.46159458982236
2978,3,2,2,-0.113446401379631,1,2,0,-0.087190292775631,-8.71983454889367,-7.11126779151674,-0.000979664819283125,-0.158417757812125,-2.0491622157331,-4.03622300144971
2979,22,2,1,-0.170169602069447,1,2,1,-0.159088879823685,-12.5857571952207,-4.21909139379731,-0.014824839643535,-2.00023269292257,-0.262670828339151,-2.34652456838454
2980,9,2,2,-0.165806278939461,1,2,1,-0.140660881996155,-12.2355787246405,-7.5771962810053,-0.000517025113944631,-1.51306821737911,-0.609624781056277,-1.44302576029605
2981,22,2,2,-0.161442955809475,1,2,1,-0.159669786691666,-12.9099118936759,-4.62552428033877,-0.00984925602060518,-2.54087281922407,-0.600985696735254,-0.986360494938153
2982,9,2,2,-0.148352986419518,1,2,1,-0.121635250747204,-6.20426456141426,-5.7164716552858,-0.00532624444183203,-4.12054804257741,-0.134660430823439,-2.20953384253668
2983,2,2,1,-0.0610865238198015,1,2,1,-0.0863328725099564,-1.45650716388454,-7.0795955313134,-0.266430835138996,-1.62708069749905,-0.720072707938949,-1.14954539745726
2984,3,0,1,-0.00872664625997165,1,0,1,-0.0138946296647191,-0.00650490434895098,-9.15689358251143,-5.05485666460653,-1.29359325865064,-0.629702652669167,-1.64523942198973
2985,12,2,2,-0.148352986419518,1,2,2,-0.141718462109566,-11.5202054179988,-4.32689893950633,-0.013306483127497,-3.10116369807349,-2.913586647964,-0.104558055868035
2986,12,2,1,-0.148352986419518,1,2,2,-0.142537921667099,-11.6782400017384,-4.32499234444774,-0.0133306446487172,-3.14480975219833,-2.6883876659287,-0.117731866378014
2987,2,2,2,-0.0436332312998582,1,2,1,-0.0485794506967068,-1.98486550535379,-5.77648976711272,-0.151402939044291,-2.75600022388007,-0.283494130831859,-1.69659281687071
2988,2,2,1,0.113446401379631,1,2,1,0.124923802912235,-7.56728681338593,-20.3679163953683,-0.000517263655852448,-3.81076854487771,-0.61501169508336,-0.827286043838178
2989,60,1,1,0.161442955809475,0,1,1,0.229124635457993,-10.7139089975104,-0.00414645833852326,-5.49295511291057,-10.1406695800092,-5.50762084389847e-05,-11.0638882953097
2990,33,2,0,-0.063283729723445,1,2,2,-0.0483184270560741,-6.82530165027045,-4.00203904291986,-0.0195542414842735,-0.909994647298074,-1.77243790399621,-0.849671519573217
2991,12,2,1,0.0610865238198015,1,2,2,0.0445770509541035,-2.51948801587021,-8.74650978703558,-0.0840990474630151,-2.78644877151462,-1.29751011638034,-0.407744153556037
2992,60,2,2,0.170169602069447,1,2,2,0.155685663223267,-7.21976505212544,-10.4782193266822,-0.00076036743623992,-2.46704875018905,-2.19277123788213,-0.218705773842502
2993,3,2,1,0.165806278939461,1,1,1,0.114044368267059,-7.0424456112418,-0.117244183511158,-2.20947804202607,-5.75100038990186,-0.0044140938100753,-6.70492124582675
2994,56,2,2,0.132645023151569,1,2,2,0.117116533219814,-7.13733788232035,-6.18071242480622,-0.00286787318276044,-1.77915080579657,-1.54865311421068,-0.480159780381228
2995,9,0,0,0.00872664625997165,1,0,1,0.0307036992162466,-0.0378051134527921,-6.21223645858312,-3.34970598478426,-1.27388198046342,-0.84840016021409,-1.23046335729068
2996,9,2,1,0.0785398163397448,1,2,1,0.072555311024189,-2.96709494548242,-5.83687410938355,-0.05590445948611,-3.13172292697455,-0.0537537996309883,-4.74534792366383
2997,2,2,1,0.078343807683515,1,2,2,0.10507345944643,-6.54725776000512,-21.8398082834934,-0.00143505735107119,-8.49291136301687,-0.850330788253745,-0.557704976154566
2998,12,2,1,-0.0785398163397448,1,2,0,-0.0754907578229904,-6.60219688522227,-8.2889443308623,-0.00160996505636267,-0.738290108135319,-1.0149102595439,-1.83486751381092
2999,12,2,2,0.148352986419518,1,2,1,0.138177111744881,-8.15142290452585,-7.39257239002662,-0.000904492181705961,-2.25132746517186,-0.647027961841628,-0.991173190256021
3000,40,0,1,-0.00436332312998582,1,0,1,-0.0162132922559977,-0.0207045875709091,-8.61550546911828,-3.89661963835347,-5.59392936704013,-0.0987540453741829,-2.40446055506051
3001,9,2,2,0.0610865238198015,1,2,1,0.0483572706580162,-4.74846270071399,-9.85527333290853,-0.00875575693631745,-1.20182830505001,-0.843953004105588,-1.31174896952545
3002,2,2,0,-0.0785398163397448,1,2,1,-0.0864242613315582,-4.67740325259988,-8.7969405759725,-0.0094993458026479,-1.15355714120471,-0.831174886692422,-1.39050216995402
3003,9,2,2,0.0610865238198015,1,2,1,0.0426705554127693,-2.71961302459262,-9.12450590139624,-0.0682887798452951,-2.45785133447879,-0.650143158299478,-0.935447434103978
3004,22,1,1,-0.166678943565458,0,1,1,-0.0731079801917076,-8.97523279748525,-0.369212817285927,-1.1757249564418,-1.97677055599123,-0.677704265807908,-1.03929822864085
3005,12,2,1,0.0610865238198015,1,2,2,0.034220602363348,-2.48928569130707,-7.54054735540669,-0.0871935670540816,-2.17166761457051,-1.17900312570539,-0.547442178474713
3006,9,2,2,-0.165806278939461,1,2,2,-0.157479390501976,-10.8304483816545,-7.5469786431142,-0.000547618577948633,-1.84188420429013,-1.67243846597655,-0.425117516756852
3007,56,2,1,0.132710466938348,1,2,1,0.114264659583569,-8.24168674006556,-5.54701788073052,-0.00417123750023113,-0.94654338881305,-0.52369150315054,-3.9327372037946
3008,60,2,2,0.170169602069447,1,2,2,0.151630535721779,-8.10000454181221,-11.032085697432,-0.000319770435691814,-2.83073009290184,-2.1437711028192,-0.19380539624464
3009,22,2,2,-0.164060949687467,1,2,1,-0.164910987019539,-12.3810081350288,-4.06431008368503,-0.0173282835555821,-3.73030310006055,-0.484768447694064,-1.02116612712017
3010,2,2,0,-0.0785398163397448,1,2,1,-0.0913494005799294,-5.19972417181289,-6.44220259201122,-0.00713635665918727,-2.23795784310337,-0.175734929362032,-2.90985663474128
3011,40,0,2,-0.00698131700797732,1,0,2,-0.0236411392688751,-0.0042030802230404,-6.29480763083952,-6.05403156275641,-3.15223636375748,-0.877049939034642,-0.613901328424356
3012,12,2,1,0.100041113716608,1,2,0,0.0933325961232185,-8.08175166292106,-7.73507630759149,-0.000746588384996574,-0.6852689971587,-0.772993475449824,-3.3692258755081
3013,41,0,1,0.00785398163397448,1,0,1,0.0438846126198769,-0.329893697764422,-3.6924048533758,-1.3622350026559,-1.24781626619267,-0.83619726067165,-1.27470455148212
3014,40,0,0,-0.00436332312998582,1,0,0,-0.00845882389694452,-0.00125403323214207,-7.64561028670979,-7.16253942725065,-0.501524160862982,-1.03886321451246,-3.2055547609948
3015,3,2,1,-0.148352986419518,1,2,1,-0.152931466698647,-11.5723195103263,-9.89910078910121,-5.96064212028193e-05,-2.94130794776765,-0.0667561730129192,-4.44133515737119
3016,43,0,1,0.0305432619099008,1,0,1,0.0276469420641661,-0.085527910401678,-6.0153459776105,-2.53160259975001,-1.76936869631421,-0.623712505793358,-1.22550828017504
3017,2,2,1,0.130899693899575,1,2,2,0.157441005110741,-6.02044363407243,-16.9569127140508,-0.00243154506247541,-14.433794994554,-1.12630687107631,-0.391901020684828
3018,3,2,0,0.148352986419518,1,2,0,0.144391268491745,-6.07033122732964,-2.95613492654244,-0.0558616618695715,-0.324552193732743,-1.67702807453608,-2.40550054808229
3019,12,2,1,-0.0610865238198015,1,2,0,-0.0678732469677925,-1.96624196836801,-5.98618600557809,-0.153728450202285,-1.06747153946553,-1.1252939919921,-1.10392810656915
3020,2,2,2,0.0801504961670249,1,2,1,0.102897338569164,-8.70848870378975,-27.3129131710867,-0.000165237726318585,-9.1014830509512,-0.171751657078874,-1.84705973170854
3021,41,0,2,0.010471975511966,1,0,1,0.0438846126198769,-0.329893697764422,-3.6924048533758,-1.3622350026559,-1.24781626619267,-0.83619726067165,-1.27470455148212
3022,12,2,1,0.0610865238198015,1,2,2,0.0485652983188629,-2.61713593299028,-7.83225813085898,-0.076242333937636,-2.41222771481618,-1.15417016532148,-0.519083838296994
3023,33,1,1,-0.0654498469497874,0,1,1,0.0401729308068752,-7.25508112763967,-0.0587834762595813,-2.87559593020991,-6.62252163244078,-0.00227095062372835,-6.97140530095038
3024,3,2,0,0.0631159463137122,1,2,1,0.0674190446734428,-2.53064891446155,-6.05371305926215,-0.0855105101544382,-2.51712986749598,-0.688961336171514,-0.87416127050849
3025,33,2,2,-0.0567232006898157,1,2,2,-0.0708147659897804,-5.74340468146545,-3.95349893526488,-0.0226458109754475,-6.55393324570099,-0.998930471507562,-0.461555528433979
3026,40,0,2,-0.0130043492738165,1,0,1,0.0328789912164211,-0.232708518523697,-4.39540342945054,-1.63331253260223,-1.36642244991486,-0.735925396877306,-1.32455814870238
3027,43,0,1,0.0305432619099008,1,0,2,0.0418243929743767,-0.449022431695425,-10.1765032903948,-1.01691204815799,-2.18274770276123,-0.876472124489581,-0.752855074854456
3028,12,2,2,0.0785398163397448,1,2,1,0.0564384311437607,-3.79804305786158,-7.79185199829833,-0.0230922708219226,-2.62728176309134,-0.462381423164689,-1.21085229906604
3029,54,2,1,0.117809724509617,1,2,0,0.129028022289276,-5.50031485707074,-6.41055602943943,-0.00574603295705944,-0.0311835445202596,-3.5190811486535,-6.83470906487037
3030,9,0,0,0.00872664625997165,1,0,2,-0.00438487809151411,-0.00374875900534303,-10.1696689990256,-5.59849483904251,-1.46821637990327,-1.16977172456863,-0.778212334461135
3031,22,2,2,-0.161442955809475,1,2,2,-0.154660254716873,-12.5616966873047,-5.24836843523395,-0.00527345370695926,-2.19627297271514,-2.82443707106189,-0.187003285862279
3032,12,2,1,-0.165806278939461,1,2,0,-0.138752654194832,-12.0364084504695,-10.1547850844233,-4.48236974380102e-05,-0.360634492443846,-1.26906673005186,-3.83171865269494
3033,2,0,1,0.00872664625997165,1,0,0,-0.0200457442551851,-1.90735045180422e-06,-19.1237144611811,-13.18763445656,-0.14555855484094,-2.00363359220664,-7.39180497574693
3034,3,2,2,0.113446401379631,1,2,1,0.112918518483639,-6.21102295614065,-6.95898299845037,-0.00296166585636604,-0.976713490340545,-0.825433577377872,-1.68519456858316
3035,56,2,1,0.132645023151569,1,2,0,0.104475595057011,-4.82556030350309,-2.31337753150515,-0.113111223525674,-0.610108485862754,-0.906928323412722,-2.93849074945771
3036,9,2,0,0.0959931088596881,1,2,2,0.0821406692266464,-10.1330274639344,-11.0480455062762,-5.56722878932764e-05,-2.67357138118049,-0.961797828454539,-0.600040224626689
3037,22,2,1,-0.166678943565458,1,2,2,-0.13454182446003,-7.74468980437062,-5.16727871207353,-0.00615202408689416,-2.83613483385867,-0.829018218814799,-0.683453487122695
3038,9,2,2,0.0610865238198015,1,2,1,0.0313599891960621,-3.51266014799912,-9.56409493453963,-0.0303434164970052,-1.92964810802591,-0.641036414864489,-1.11457547249639
3039,3,2,1,0.113446401379631,1,2,1,0.0885252133011818,-6.21953534117567,-2.82297243689738,-0.063386320084256,-0.822558412242196,-0.790144103446919,-2.23572745170275
3040,33,2,0,-0.0593411945678072,1,2,1,-0.0648086294531822,-4.70596497481454,-11.2743719894309,-0.00909506129588102,-1.57419523705459,-0.729304852990147,-1.16930853129291
3041,3,2,0,0.0610865238198015,1,2,0,0.0639509484171867,-4.6928775931981,-5.32132280037916,-0.0141461966953016,-0.393978580518261,-1.23969954047616,-3.3197913474138
3042,66,2,1,-0.137881010907552,1,2,0,-0.131433337926865,-11.9190298590925,-4.5561648785822,-0.0105645032880047,-0.279343042729579,-1.4411891212776,-4.95141307696808
3043,22,2,2,-0.164060949687467,1,2,2,-0.158813774585724,-12.529973120155,-4.71755705491648,-0.00898084443980888,-1.28165632394662,-1.06908490840569,-0.969954562398512
3044,9,0,1,-0.00872664625997165,1,0,1,-0.0197702366858721,-0.00336401606773607,-7.34116402628102,-5.91077652022482,-1.78887593458519,-0.84865463704956,-0.904209779798609
3045,9,2,1,0.0610865238198015,1,0,1,0.0561123229563236,-0.0764940762638082,-17.8502329587284,-2.60854461259829,-4.15875470319591,-0.140574910550192,-2.15836048905541
3046,3,2,0,0.148352986419518,1,2,0,0.140340268611908,-7.21147394123295,-8.81828162406043,-0.000886415795011706,-0.0132220431961295,-6.69939354505125,-4.43093084765854
3047,38,0,1,-0.0218166156499291,1,0,1,-0.0238103736191988,-0.446574386124125,-6.33115444403805,-1.02609465729579,-1.6056492363419,-0.723716663946614,-1.15742534925649
3048,9,2,2,0.0436332312998582,1,2,2,0.0288568120449781,-1.14976838884912,-9.79238641143625,-0.3809178192932,-1.4271685334173,-1.22220644432517,-0.764787120618811
3049,9,2,2,-0.148352986419518,1,2,1,-0.136849254369736,-7.13594090566533,-4.50602659422598,-0.0119088874595213,-0.881257454283985,-0.639586124529654,-2.84339608865343
3050,40,0,1,-0.00698131700797732,1,0,1,-0.00510955136269331,-0.00600995941076703,-6.62708985529776,-5.36704059237908,-1.22198066052212,-0.540619642669571,-2.09584163705599
3051,27,2,1,-0.109083078249646,1,2,1,-0.104123637080193,-8.82082835899196,-5.99030779106431,-0.00265401813633803,-1.62880652882839,-0.222975316455447,-5.59892520608419
3052,2,2,1,0.130899693899575,1,2,1,0.111312091350555,-4.75703178912197,-16.205090938747,-0.00862823184080218,-1.24437304171973,-0.39823358891699,-3.20958542212459
3053,3,2,0,0.148352986419518,1,2,0,0.144048690795898,-6.61558744999341,-5.04287262182567,-0.0078250953587293,-0.0400875352300652,-4.37855130743457,-3.6211767921994
3054,33,2,2,-0.0567232006898157,1,2,2,-0.0376216359436512,-6.15789549717925,-4.40918298489124,-0.0143847154424187,-1.73448358153358,-2.61631856908857,-0.287099150012461
3055,12,1,2,0.0959931088596881,0,2,2,0.144586145877838,-5.95640006567583,-4.79395508740669,-0.0109282845371834,-1.98605169381598,-1.46964349382942,-0.457669934414769
3056,2,0,0,0.00872664625997165,1,0,1,-0.032840009778738,-0.00181141545212316,-14.5271676163492,-6.31482262623179,-1.68889413713149,-0.310874566476288,-2.49531427635418
3057,3,2,1,-0.0436332312998582,1,2,1,-0.0529145188629627,-1.79112762123285,-5.20506677255253,-0.189057031247649,-1.46833425779343,-0.872535298049164,-1.04469093687621
3058,66,2,0,-0.130899693899575,1,2,0,-0.129239648580551,-12.5096920908626,-4.91569178935927,-0.00736132009007005,-0.259597332321615,-1.54617255010642,-4.16202094062721
3059,3,0,1,0.026792917502754,1,0,1,0.0875991806387901,-0.160937123920752,-5.13740900657623,-1.94643992133218,-7.42970035118354,-0.00606152973308938,-5.21217007816086
3060,60,2,1,0.170169602069447,1,2,0,0.132772132754326,-6.76916655773964,-0.920385658704935,-0.510016083355491,-0.547772701676776,-1.06362872341725,-2.56964425817979
3061,43,0,0,0.0305432619099008,1,0,0,0.0311752986162901,-0.0816215641826357,-5.35274022131505,-2.60850991069999,-0.0439638279616598,-4.23857438406185,-3.55493345186113
3062,43,0,2,0.0305432619099008,1,0,0,0.0476059578359127,-0.317099224353792,-2.35050928244133,-1.73488293070699,-0.725723087313118,-1.24610855888827,-1.47664117843343
3063,12,2,2,-0.130899693899575,1,2,2,-0.122588768601418,-11.0165070312422,-5.25113810416756,-0.00527183587373947,-1.67985440106309,-2.98431396744965,-0.270464892038917
3064,12,2,0,0.165806278939461,1,2,0,0.144317790865898,-7.66320894258543,-6.91092593455124,-0.00146770844663026,-0.205145537512956,-1.8097106042446,-3.82723863927467
3065,41,0,0,0.0130899693899575,1,0,1,0.0438841469585896,-0.329899334935998,-3.69236231075832,-1.36222324880778,-1.2478194837939,-0.836215278861908,-1.27467331169269
3066,12,2,2,-0.130899693899575,1,2,2,-0.121694952249527,-10.9652099501306,-5.49728247715993,-0.00412365486991719,-1.45449003604791,-2.86628039670437,-0.343095635411728
3067,9,2,2,-0.0436332312998582,1,2,1,-0.0365818478167057,-3.58822209587221,-6.57255322713744,-0.0294758163499086,-3.23710663213837,-0.0667582120370371,-3.67689950159546
3068,3,0,1,0.00872664625997165,1,0,1,-0.0026689178775996,-0.00144854743681342,-7.83652007304415,-6.85664452790637,-1.56191979916561,-0.315902051227327,-2.79465140480907
3069,40,0,2,-0.00436332312998582,1,0,2,-0.00949112605303526,-0.100378237557198,-6.77236153198603,-2.36064077333484,-3.4975266251946,-2.17963449055186,-0.154731695847717
3070,41,0,1,0.00436332312998582,1,0,1,0.0506980493664742,-0.099741797227192,-4.31570084959487,-2.50627236506862,-3.05221576813259,-0.078510493022668,-3.56653802176638
3071,3,2,2,-0.113446401379631,1,2,0,-0.125162899494171,-9.80986701216018,-10.4122582798274,-8.49998358334015e-05,-0.71022563178083,-0.784333799820446,-2.95568279128035
3072,9,2,1,-0.1423822559546,1,2,1,-0.033631082624197,-6.06310104548552,-16.5519554358381,-0.00232997564157099,-1.9702930506052,-0.233628754845826,-2.67468810145583
3073,9,2,1,0.0436332312998582,1,2,2,0.0284790508449078,-1.1452759192343,-9.64713153872465,-0.383019956878767,-1.41293520332846,-1.08429708689271,-0.87123861461561
3074,3,2,0,0.13090780695352,1,2,0,0.136901408433914,-7.11006663265274,-13.0018408241539,-0.000819482317080253,-0.367358311831349,-1.19179439587639,-5.58261313826392
3075,3,2,0,-0.0669176279445604,1,2,1,-0.062536433339119,-3.44581654603554,-6.28047447152115,-0.0343340337184208,-1.32974675025414,-0.95626440992813,-1.04659915332343
3076,33,2,1,-0.0567232006898157,1,2,2,-0.0591961853206158,-5.47294778531309,-3.80594397555215,-0.0267927866601282,-0.870109716183092,-2.44346450153349,-0.704744329186415
3077,3,2,1,0.0785398163397448,1,2,1,0.0835826769471169,-3.91924284316087,-6.3726583113961,-0.0217996028831359,-2.29240695730267,-0.504512559910355,-1.22017965574956
3078,3,2,1,0.165806278939461,1,2,1,0.152725040912628,-6.85229654740397,-3.09362590876688,-0.0475049933222581,-4.87493212002968,-0.0100067375114376,-6.06564080272541
3079,12,2,1,-0.0610865238198015,1,2,1,-0.0636478140950203,-3.72237423852973,-8.7793395681267,-0.02463131258222,-1.41710692803614,-0.846565527919163,-1.11260896402862
3080,2,2,2,-0.0552554196950427,1,2,0,-0.0465911291539669,-5.45830406176336,-11.1404796866897,-0.00428448728184354,-0.834081419565698,-0.887299346251247,-1.87105893738301
3081,60,2,2,0.167551608191456,1,2,2,0.129374384880066,-5.66859338989403,-1.09940158676481,-0.410261174917291,-1.11361887137452,-1.68577058131526,-0.720868113044972
3082,40,0,1,-0.00870908085428796,1,0,1,-0.0205294582992792,-0.00424887087816932,-8.22416048433068,-5.5285674899481,-2.42045452558985,-0.509251671263658,-1.17062294313842
3083,41,0,2,0.00436332312998582,1,0,2,0.0486908294260502,-0.10093391408392,-4.93086710721458,-2.42151490317034,-1.01693849660492,-1.69987021475617,-0.786157331021551
3084,9,0,1,-0.00410445534991472,1,0,1,-0.00386249530129135,-0.0137615425996955,-7.87439109106655,-4.32097383464764,-1.13536443021648,-0.44705175368827,-3.23948258686968
3085,85,2,1,0.0436332312998582,1,2,1,0.0466122105717659,-1.17453837789994,-3.12537438973284,-0.435226755692839,-4.51455242371331,-0.0249011880125495,-4.29435859041555
3086,3,0,2,-0.00872664625997165,1,0,2,0.000774459214881063,-0.0336084302223109,-7.38865089831729,-3.42861746667234,-1.55972553914219,-1.27093670304277,-0.67484059834619
3087,2,2,1,-0.148352986419518,1,2,1,-0.141116067767143,-11.9253975994598,-3.61771695465135,-0.0272175822485686,-3.39713378032895,-0.0606996668800174,-3.67202159987254
3088,2,2,2,-0.0436332312998582,1,2,1,-0.0683420747518539,-1.16907125904569,-4.33970761043649,-0.391112096615318,-2.44377497841483,-0.284767841125089,-1.82648328431245
3089,12,2,1,-0.165806278939461,1,2,1,-0.152774095535278,-11.0156334751812,-5.05858266413942,-0.00639146282731876,-2.56204829023139,-0.14559206210178,-2.84141390160482
3090,12,2,1,-0.148352986419518,1,2,1,-0.145110309123993,-9.76628633128755,-9.26477572845135,-0.000152122623526394,-2.81935837057611,-0.219318877200041,-1.98565849295074
3091,2,2,1,0.0610865238198015,1,2,1,0.0981520786881447,-6.42263516282548,-22.9307943476615,-0.00162566645937887,-4.92577617131488,-0.580970481853265,-0.836122715578918
3092,9,2,1,0.0436332312998582,1,2,2,0.0137271815910935,-0.790354550833616,-10.1266912485209,-0.604630767069105,-1.78739812552299,-0.984519302031776,-0.778735474764991
3093,3,2,0,0.148352986419518,1,2,0,0.127161890268326,-7.40769648962099,-3.04819058854231,-0.0492441297440871,-0.220738031818444,-2.7903507829245,-1.99015924521516
3094,12,2,1,-0.0785398163397448,1,2,0,-0.0640511140227318,-5.80013809950739,-11.7068763761856,-0.00303998260352775,-0.634825583318084,-1.01756876979072,-2.22101090772033
3095,60,2,1,0.170169602069447,1,1,0,0.131288856267929,-7.44377419116873,-0.366225232245194,-1.18394719014082,-0.174592291228131,-2.21759536593466,-2.96947808487053
3096,9,2,1,-0.115475823873542,1,2,2,-0.128924027085304,-10.005743859391,-7.6862038302825,-0.000504382474256712,-5.06686887266697,-5.23264898546263,-0.0117097952073489
3097,9,2,2,-0.0785398163397448,1,2,1,-0.0964105129241943,-7.00922264590676,-9.37769760455333,-0.000988614319223909,-0.916150655868873,-0.726467969379054,-2.15132534300642
3098,9,2,1,0.0785398163397448,1,2,1,0.0860033705830574,-1.90799713042233,-7.9297254108239,-0.161034305684684,-4.88000989297925,-0.0239379866846616,-4.13162874305187
3099,12,2,2,0.0959931088596881,1,2,2,0.0815329179167747,-6.05903464097057,-6.70635590407752,-0.0035661192513996,-2.91220724228323,-0.763918080120326,-0.734371982429194
3100,27,2,1,-0.109083078249646,1,2,1,-0.0901035442948341,-8.65266973145302,-9.06990412190236,-0.000289780160468572,-2.2163317558513,-0.53110912580773,-1.19389283646232
3101,66,2,0,-0.133257019363122,1,2,0,-0.129356771707535,-12.7536942295317,-5.37817363989077,-0.00462982265932855,-0.494479330682094,-0.958815226816343,-4.99602949163977
3102,9,2,1,0.165806278939461,1,2,1,0.147660985589027,-8.21770280932126,-7.72365097258963,-0.000712350352408405,-1.90727622031969,-0.703971221433919,-1.03030372185136
3103,2,2,1,0.148352986419518,1,2,1,0.116454087197781,-4.6489903400163,-12.7312409375075,-0.00962036212931822,-5.06991791565288,-0.414458071306089,-1.09955639493229
3104,12,2,2,0.130899693899575,1,2,2,0.117795400321484,-6.53021672099907,-5.43314652986349,-0.00584513211105978,-3.48585879660097,-1.60004531552181,-0.264636158986158
3105,9,2,1,0.0436332312998582,1,2,2,0.0370666198432446,-1.57925244396107,-9.31788653160282,-0.23094762138372,-2.02973415923256,-0.882637943803748,-0.787591197305611
3106,9,2,0,0.165806278939461,1,2,1,0.145817399024963,-6.68611333066131,-10.326463803575,-0.00128172487472255,-1.24315519640053,-0.442611067893587,-2.67118149230602
3107,41,0,2,0.010471975511966,1,0,1,0.0438846126198769,-0.329893697764422,-3.6924048533758,-1.3622350026559,-1.24781626619267,-0.83619726067165,-1.27470455148212
3108,3,2,1,0.0436332312998582,1,2,0,0.0292906742542982,-0.989828360847007,-6.09137755659414,-0.468249549494436,-0.418036604994095,-1.17346680332286,-3.43055045318671
3109,12,0,1,-0.0261799387799149,1,0,1,-0.0297186318784952,-0.204978561894667,-6.10223538432033,-1.69773731338612,-1.70007771878444,-0.716922668876406,-1.11145978358795
3110,12,2,2,0.0785398163397448,1,2,2,0.0596717558801174,-4.45512643497009,-6.43058166432618,-0.0133186242189396,-2.82444027267188,-1.04550731703382,-0.529083544629268
3111,12,2,1,0.0785398163397448,1,2,2,0.0611836947500706,-5.01719918986032,-7.34003838822364,-0.00729857499954507,-2.03149009968978,-1.15619416745468,-0.590268377115145
3112,56,2,2,0.132645023151569,1,2,2,0.116301707923412,-5.66373801200223,-2.03839908196187,-0.143531593713587,-3.32467585744188,-0.926372983212858,-0.56558377346569
3113,2,2,1,0.0959931088596881,1,2,2,0.114967249333858,-7.58074440455098,-22.8124190150101,-0.000510345963627943,-6.62884975275252,-0.701428152804121,-0.687559388732358
3114,3,2,2,0.113446401379631,1,2,1,0.115984663367271,-6.46286268992964,-8.4671576127337,-0.00177212525989353,-2.10089604120822,-0.722884726878898,-0.935720500309874
3115,41,0,1,0.0130899693899575,1,0,1,0.0436520725488663,-0.339689656248217,-3.61335752208862,-1.34305239213302,-1.27178555758119,-0.831781466894494,-1.25738704257184
3116,2,2,2,0.0959931088596881,1,2,1,0.117304064333439,-7.32676121181283,-21.4935358595082,-0.000657953659141344,-6.19648592037137,-0.687666322066994,-0.702762246790233
3117,2,2,2,0.0785398163397448,1,2,1,0.103732563555241,-8.40484306761604,-26.5907351661588,-0.000223840491545286,-9.06222309268411,-0.323825428158969,-1.2855172372831
3118,12,2,1,-0.104392574061835,1,2,1,-0.0941092744469643,-9.61054082625823,-3.42824812730211,-0.0330509113399974,-3.67212849240027,-0.0607417219970546,-3.39586959288422
3119,12,2,1,0.151329522740331,1,2,1,0.130477398633957,-7.54442560929504,-1.90564537476349,-0.161643587255942,-0.884500114677777,-0.570699704982952,-3.81900524016618
3120,9,2,1,0.165806278939461,1,2,1,0.153069257736206,-8.90485715367095,-9.46762037816493,-0.000213109311248297,-1.21992455176301,-0.556291134715369,-2.02938701464075
3121,12,2,1,-0.113446401379631,1,2,1,-0.108321122825146,-10.4594655452272,-3.31695250692403,-0.0369668282500055,-3.53385615569934,-0.068680055638505,-3.2919165918878
3122,2,2,1,-0.0959931088596881,1,2,2,-0.0965337827801704,-4.52673147791273,-4.23168138160115,-0.0256705829800169,-2.93736448621304,-1.52767668936001,-0.3147717949235
3123,54,1,1,0.109083078249646,0,1,1,0.197588309645653,-10.7597992094172,-0.0027419932107612,-5.90824624215195,-10.4163097152033,-3.7551631262176e-05,-11.7758915756131
3124,38,0,1,-0.0305432619099008,1,2,1,0.00975317973643541,-1.66468532464738,-3.83465577450281,-0.236810192212403,-1.44588603167845,-0.714817279590069,-1.29032558268196
3125,12,2,1,-0.123152954566904,1,2,1,-0.113076128065586,-10.5585573597277,-3.60074481049324,-0.0277097795770651,-2.59525913559178,-0.178814401718589,-2.41785735865943
3126,2,2,1,0.165806278939461,1,2,1,0.144827038049698,-7.61769312382857,-13.4659492098792,-0.000493171210514596,-2.02849605915083,-0.219592271947569,-2.72386377335484
3127,3,1,2,-0.113446401379631,0,2,1,-0.0463889949023724,-5.8918957946288,-4.00165137124103,-0.021271763581044,-0.73449584379308,-0.673060029483153,-4.59447050634895
3128,60,2,1,0.167509638477099,1,2,2,0.139935404062271,-6.46384107875363,-2.68594061212651,-0.0722652740072724,-3.84657006340445,-1.26467654574584,-0.361950837240417
3129,2,2,0,0.0436332312998582,1,0,1,0.0642978027462959,-0.00928617364583051,-18.8110974287392,-4.68386969496398,-1.19426858399037,-0.429311068150453,-3.07657104235962
3130,9,0,1,0.00872664625997165,1,0,1,-0.00663818325847387,-0.00516428579521861,-7.2714406080072,-5.41353618668725,-1.21557730956879,-0.434491820901562,-2.88477058538779
3131,33,2,1,-0.0567232006898157,1,2,2,-0.0368696637451649,-5.73761473820435,-4.32795919067048,-0.0165530974019251,-0.855578361845975,-1.94884086355246,-0.838118230841923
3132,12,2,0,-0.0785398163397448,1,2,1,-0.087443433701992,-5.74936314305297,-9.2977382750284,-0.00328178689522529,-0.926785798591712,-0.78913675026176,-1.89752444444699
3133,38,0,2,-0.0218166156499291,1,0,2,-0.0412889160215855,-0.084784644285472,-3.97953421219408,-2.771060792562,-3.60448748185009,-1.00120720198554,-0.50192698211345
3134,12,2,2,-0.130899693899575,1,2,1,-0.1199666634202,-10.7919713751322,-3.59480968987183,-0.0278712637610821,-1.72284167857016,-0.508371991214941,-1.51427310266828
3135,41,0,2,0.00818249340435131,1,0,2,0.050689984112978,-0.0941953779859126,-5.1230178122693,-2.47768746869534,-0.821314060444158,-2.36686178533905,-0.762771332468918
3136,9,2,1,-0.0436332312998582,1,2,2,-0.0113405799493194,-2.02742356844336,-12.1007227598992,-0.141194844910806,-1.50892103330183,-0.998461704761643,-0.890608889597843
3137,38,0,1,-0.0244346095279206,1,2,2,-0.0262052956968546,-1.20693313506447,-3.12542290735823,-0.420119336564155,-2.93213552910988,-3.05595544461642,-0.105761496880812
3138,12,2,2,-0.130899693899575,1,2,2,-0.127856284379959,-10.5782173695662,-4.65559188045267,-0.00957950018050389,-3.65838564226133,-3.23742574400079,-0.0672503756387844
3139,41,0,2,0.0130899693899575,1,0,2,0.00368174654431641,-0.0211314917944869,-5.75652407575288,-4.03150038635582,-2.14487965505299,-2.61961147754912,-0.210614040079309
3140,12,2,1,-0.155451908621233,1,2,1,-0.142043009400368,-11.1668475496787,-6.4110748997643,-0.00165874170431035,-1.50237148507239,-0.924387769107942,-0.965943199312437
3141,60,2,2,0.167551608191456,1,2,2,0.14531147480011,-8.75936873910821,-8.98673331478845,-0.000282148583890344,-3.56432495721547,-2.03970404309382,-0.172430605732828
3142,2,0,1,0.0261799387799149,1,0,1,0.015024614520371,-3.57627932601205e-07,-21.9426426059497,-14.7388957875342,-0.725418875248182,-0.669292431011399,-5.57078687479045
3143,9,2,1,-0.0959931088596881,1,2,1,-0.108475357294083,-4.6507520240918,-7.27472344310379,-0.0103000948485466,-2.72027520103747,-0.261174691375896,-1.8079066323992
3144,9,0,2,-0.0261799387799149,1,0,2,-0.052589725703001,-0.462244199817388,-2.51367669543462,-1.24076991195993,-3.79488676677501,-1.11476744775843,-0.43151709294048
3145,12,2,2,-0.130899693899575,1,2,2,-0.12393132597208,-10.6245299789653,-4.52122758650543,-0.0109598008012204,-3.21807569565583,-3.08974065645331,-0.0894278054789782
3146,54,2,1,0.115191730631626,1,2,2,0.117897443473339,-6.86065093406338,-8.193941033003,-0.00132547207096247,-2.17186457332019,-0.832707035926555,-0.795923032156396
3147,2,2,1,0.116944763876022,1,2,1,0.123215772211552,-7.64575327832658,-21.587546775191,-0.000478143543505946,-5.88998993801698,-0.560225610145958,-0.852957391947164
3148,9,2,0,0.148352986419518,1,1,0,0.179295688867569,-7.75928753240487,-0.283946205699704,-1.39931403118693,-0.14962103725264,-2.24097086473911,-3.42311712258721
3149,12,2,1,-0.0765103938458338,1,2,1,-0.0794229879975319,-4.96255102456453,-9.41213791624448,-0.00710189915684012,-1.00016760116215,-0.824310816661425,-1.64172822906331
3150,2,2,0,-0.0959931088596881,1,2,2,-0.108641259372234,-4.75977007279092,-4.19767012133755,-0.0238810298933318,-1.40285757868911,-1.36238013333283,-0.69704258998998
3151,9,2,0,0.0959931088596881,1,2,2,0.121436908841133,-3.0524082235573,-3.78663826008711,-0.0724811540034395,-7.03171390665885,-1.18399850623556,-0.366632882928
3152,12,2,1,-0.0482554222099152,1,0,2,-0.0446024052798748,-0.613524544601211,-5.52366937756632,-0.78840409311196,-1.28265962461039,-1.12617415078064,-0.920224228459544
3153,54,2,0,0.115191730631626,1,2,1,0.104299269616604,-7.76360087692361,-5.40164525956646,-0.00494628521907096,-0.81004875409878,-0.633150610217686,-3.71945454527267
3154,2,2,1,0.0959931088596881,1,2,1,0.115410976111889,-7.55649347604263,-22.6001683880411,-0.000522809771250366,-6.27518897429661,-0.670392543055186,-0.72029267507704
3155,33,2,0,-0.0567232006898157,1,2,0,-0.0563242174685001,-4.86839230935752,-8.66645457740545,-0.00788907502943605,-0.524716113364549,-2.10646222707725,-1.24963607039149
3156,3,2,2,-0.148352986419518,1,2,0,-0.143633022904396,-7.50377278248406,-10.7012926229878,-0.000573680415175447,-0.19288232535301,-2.56837774873927,-2.315050907391
3157,2,2,1,0.0959931088596881,1,2,1,0.115847580134869,-7.53565815386427,-22.3960111165057,-0.000533782821379723,-5.94574857873311,-0.643037094355829,-0.751434112098829
3158,40,0,1,-0.0130899693899575,1,0,1,0.0387188605964184,-0.205633965859019,-4.7662980853084,-1.72958960291454,-1.48437091990058,-0.563009632437854,-1.59030885859731
3159,60,2,0,0.170169602069447,1,1,0,0.134462267160416,-8.64425907082217,-0.48893222226986,-0.950512070433448,-0.39881835133597,-1.967605252109,-1.66549933320058
3160,12,2,2,0.0913709179496312,1,2,2,0.0771870687603951,-5.21645336997268,-7.58619572506584,-0.00595167615484639,-2.9993467265793,-1.12135047321735,-0.471058567822033
3161,9,2,2,0.0610865238198015,1,2,2,0.109195820987225,-3.01882910391704,-13.1736447492368,-0.0500943413224557,-3.28660356589405,-1.16154744347994,-0.431370827355685
3162,9,2,2,-0.148352986419518,1,2,1,-0.150498002767563,-11.4502571942072,-6.41962098311829,-0.00164124870382359,-1.54605093500882,-0.799910740214675,-1.08606189618401
3163,38,0,1,-0.0305432619099008,1,2,1,0.00915922317653894,-1.68269587336019,-3.65812767830938,-0.237816923309136,-1.94127819793464,-0.309884934040322,-2.09599154851216
3164,60,1,1,0.161442955809475,0,1,1,0.233740836381912,-13.0056455886821,-0.0003337224806057,-8.01219651042205,-9.66508838777645,-0.000122793107002296,-9.7322013168339
3165,33,2,1,-0.0567232006898157,1,2,1,-0.0363552756607533,-6.16862874538523,-4.3608183886325,-0.0149736075608072,-1.4662880551084,-0.72419588087256,-1.25700336944071
3166,12,2,1,0.0785398163397448,1,2,2,0.0597070343792439,-4.7632103501254,-6.95802933915557,-0.00953442759633487,-2.35687472392517,-1.13066359363127,-0.540485681543784
3167,3,0,2,-0.0261799387799149,1,0,1,-0.0443505384027958,-0.172972041809756,-10.31437331489,-1.84007375438351,-3.3434930613208,-0.645183580456469,-0.820707090841906
3168,9,2,1,0.0959931088596881,1,2,1,0.108213976025581,-7.37133800306272,-7.45723404958586,-0.00120700694085589,-0.807035791272683,-0.603876222999641,-4.94304145008697
3169,2,2,2,-0.0436332312998582,1,2,1,-0.0481783337891102,-2.47464377741802,-7.36891464313851,-0.0886383894500937,-3.16076247152067,-0.308162142829541,-1.50143401522804
3170,40,0,2,-0.00436332312998582,1,0,2,-0.00637372862547636,-0.106477428205317,-7.52268291586565,-2.29795573752913,-3.16697811625542,-2.97555421157066,-0.0977780474010012
3171,3,2,1,-0.0959931088596881,1,2,0,-0.0923197716474533,-5.14905207454774,-10.14810558754,-0.00586125988378924,-0.92838936984761,-1.30515908299381,-1.09757004872855
3172,2,2,1,0.0610865238198015,1,2,1,0.0973968133330345,-5.59039620107948,-20.8209364705726,-0.00374056253339766,-2.58837716080981,-0.755643492163031,-0.787128618879498
3173,9,2,1,0.0959931088596881,1,2,1,0.111683264374733,-7.27168674659937,-8.36582960610558,-0.000928117258891261,-1.22582451399233,-0.357795133674812,-4.92425382828653
3174,40,0,2,-0.00698131700797732,1,0,1,-0.0222822967916727,-0.0223311951283388,-6.29762551073403,-3.89993995543788,-1.29550927172085,-0.761663239175053,-1.34956746340222
3175,54,2,1,0.117809724509617,1,2,2,0.126556366682053,-9.17882203452435,-15.2366690681405,-0.000103479017098899,-1.15942365250803,-1.95606730273914,-0.607116890360348
3176,3,2,1,-0.0785398163397448,1,2,0,-0.100019827485085,-3.61221141714357,-8.71347471679217,-0.027532023917345,-0.765474541724086,-1.55187946340047,-1.12998721651154
3177,2,2,2,-0.0436332312998582,1,2,1,-0.0630183815956116,-1.11423122678257,-4.533541941031,-0.413865266307003,-2.08199486415248,-0.372601543599458,-1.67997240149318
3178,85,2,1,0.0471238898038469,1,2,1,0.0498173050582409,-1.51915166513191,-2.8990632241584,-0.320167155348463,-4.4773714528273,-0.0262273053805054,-4.23201305489337
3179,12,2,1,-0.0785398163397448,1,2,0,-0.0749933943152428,-7.07478964744443,-8.39592992047515,-0.0010725645280285,-0.43471697655079,-1.65639959240757,-1.82184336201519
3180,2,0,1,-0.0226815762835248,1,0,1,-0.0515102855861187,-0.0872941814098448,-10.4263434947655,-2.48215542180041,-2.66573314087764,-0.571060374346575,-1.00641895219269
3181,56,2,1,0.131683728524494,1,2,1,0.113606907427311,-8.28083681715051,-5.73293282520076,-0.0034969725178763,-0.944047467872721,-0.527342887307103,-3.87381534716856
3182,9,2,1,-0.0924947463632979,1,2,0,-0.0959480926394463,-5.02244434681681,-10.938087444494,-0.0066280788592188,-0.763679159166811,-1.2160677722214,-1.43692426885297
3183,9,0,0,0.00872664625997165,1,0,2,-0.0106137348338962,-0.00572565080367224,-10.0826843268541,-5.17302061556063,-1.09630928594432,-1.38001971823198,-0.881105598752615
3184,27,2,1,-0.109083078249646,1,2,1,-0.0912695974111557,-8.98737979478918,-4.46576714870526,-0.0116889293049645,-1.3251122757325,-0.318018116059245,-5.01506252815495
3185,38,0,1,-0.0244346095279206,1,2,2,-0.0266355872154236,-0.87861718981454,-2.87003976498798,-0.638760378884776,-1.64158426431942,-3.13254347965668,-0.270863911442515
3186,27,2,0,-0.109083078249646,1,2,0,-0.11380223929882,-9.20638987153006,-5.10763928741793,-0.00616977609387597,-0.769147482163183,-2.42028336698735,-0.803641579826038
3187,9,2,0,0.0959931088596881,1,2,2,0.0786736458539963,-8.27057870973524,-11.3839705696467,-0.000267362570004458,-3.39185947892144,-1.39645420934551,-0.330059427294127
3188,85,2,1,0.0471238898038469,1,2,1,0.0489318184554577,-1.30832724067099,-2.6558214415796,-0.416292824440934,-4.34882441545156,-0.0289472852642801,-4.15982420658108
3189,12,0,1,-0.00872664625997165,1,0,2,-0.0121331391856074,-0.00595725249225223,-16.8960920097233,-5.12611927976925,-3.2892669923875,-1.01461970780103,-0.510528101775114
3190,12,0,1,0.0261799387799149,1,0,1,0.0210749376565218,-0.027755004776505,-6.06981680407329,-3.68641016426041,-1.45304135857573,-0.346036463647767,-2.83607678262952
3191,9,2,2,-0.0436332312998582,1,2,1,-0.0409838296473026,-4.56972827813927,-4.07603014521693,-0.0277160300925795,-1.92962132310741,-0.234777981056495,-2.74808386155193
3192,41,0,2,0.010471975511966,1,0,1,0.0438846126198769,-0.329893697764422,-3.6924048533758,-1.3622350026559,-1.24781626619267,-0.83619726067165,-1.27470455148212
3193,38,0,1,-0.0218166156499291,1,0,1,-0.0407739318907261,-0.141179949353886,-2.30813159355159,-3.43516389988642,-1.18051053299673,-0.507678152197971,-2.39704325964207
3194,38,0,0,-0.0218166156499291,1,0,0,-0.0060310484841466,-0.180450649303785,-2.61622588896751,-2.3856629729913,-0.389998276959281,-1.49992063708932,-2.30464661655593
3195,54,2,2,0.117809724509617,1,2,0,0.0970542952418327,-6.58140480437995,-6.61199963560764,-0.00273380498655718,-0.607197070905539,-2.80390620663993,-0.930006846827277
3196,9,2,1,-0.0785398163397448,1,2,2,-0.0877644792199135,-2.49488551319563,-5.53507877161949,-0.0904191063915904,-1.74332667320759,-1.06287807843404,-0.73479792113314
3197,12,2,0,-0.165806278939461,1,2,0,-0.142548754811287,-11.8739873367406,-11.0438576913263,-2.30076575574241e-05,-0.522310640942205,-1.37219109061755,-1.87535352131951
3198,66,2,0,-0.130899693899575,1,2,0,-0.128957241773605,-12.5737616376778,-5.02363366142933,-0.00660581872810571,-0.31084024260929,-1.36548727610016,-4.43014351541526
3199,12,2,0,-0.0436332312998582,1,2,1,-0.0530611462891102,-1.52332517861656,-6.11228494879452,-0.24871948683572,-1.84526809769906,-0.435835866211788,-1.6332536260992
3200,41,0,1,0.0130899693899575,1,0,1,0.0438846088945866,-0.329893697764422,-3.6924048533758,-1.3622350026559,-1.24781626619267,-0.83619726067165,-1.27470455148212
3201,43,0,1,0.0305432619099008,1,0,1,0.0224106162786484,-0.0114228367727167,-7.9034048981788,-4.51091355355769,-2.20263936187196,-0.466750222179383,-1.33768636533655
3202,2,2,0,0.0436332312998582,1,0,1,0.0733724012970924,-0.476493607290673,-17.7335870271283,-0.970105354074751,-0.849724844562306,-0.697387731150125,-2.59584006323579
3203,3,2,1,0.0785398163397448,1,2,0,0.0835786536335945,-7.02564740517948,-5.86781910496309,-0.00372476806159409,-0.658934695955267,-0.76141164635889,-4.16105833482992
3204,2,2,2,-0.0365343090981429,1,2,1,-0.053399745374918,-1.47229362174344,-7.18095617357926,-0.26157218813468,-1.46549456445224,-0.768314677440723,-1.18664958669469
3205,12,0,2,-0.00872664625997165,1,0,2,-0.0287147928029299,-0.00615190414197287,-9.4179312885218,-5.10740249610304,-1.72572955487731,-1.06381358003453,-0.740616609456164
3206,56,2,1,0.135263017029561,1,2,1,0.116238996386528,-5.41953709439932,-1.70904820325056,-0.2051405614999,-1.33600979385336,-0.838515192819971,-1.18824592295564
3207,22,2,2,-0.164060949687467,1,2,2,-0.15943369269371,-12.0867190601405,-4.37483597677061,-0.0126757719666453,-2.02029002871227,-4.13840623464056,-0.160832391037464
3208,43,0,0,0.0305432619099008,1,0,0,0.0431882254779339,-0.0877857568474261,-6.67709496198291,-2.49152689854461,-0.0417827960447634,-4.89752189044326,-3.39749814956425
3209,12,2,2,0.0785398163397448,1,2,2,0.0642214491963387,-4.50243335171019,-7.90585335532743,-0.0115166514833059,-2.94721089433234,-0.770092724608513,-0.724547017988507
3210,3,2,1,-0.0959931088596881,1,2,0,-0.10435239225626,-4.79896887163541,-10.6994877703505,-0.00829515601049518,-0.585703210675629,-1.25749183963661,-1.83935844247665
3211,3,2,1,0.0785398163397448,1,2,0,0.0857640206813812,-7.66031574244698,-5.58534352870985,-0.00423258951612049,-0.517482283520079,-0.95887034773856,-3.87979557547002
3212,2,2,2,0.0785398163397448,1,2,1,0.102285422384739,-8.71293212053994,-27.3600812131622,-0.000164522352640163,-9.08931469374636,-0.172921378221251,-1.84084460515007
3213,54,2,2,0.117809724509617,1,2,0,0.120870433747768,-7.65743852631301,-10.545143304705,-0.000499015364228975,-0.460770189613704,-1.31461859127614,-2.29634735220951
3214,12,2,1,0.0785398163397448,1,2,2,0.059418186545372,-4.8514022282194,-7.22009472285577,-0.00858590744510436,-2.30812987038846,-1.16261203361544,-0.531224701848985
3215,9,2,1,0.0436332312998582,1,2,2,0.0283435452729464,-1.16514808042822,-9.68977579227636,-0.37387683086664,-1.39595648961754,-1.01298362205721,-0.943482222296152
3216,9,0,0,0.00872664625997165,1,0,2,-0.00343282776884735,-0.00419655597355727,-9.60480826932169,-5.49182307271403,-1.1308235029154,-1.25630753869521,-0.935143996532146
3217,3,0,1,0.00872664625997165,1,0,0,-0.0017256464343518,-0.00047504262445317,-9.19426736016672,-7.89307892617399,-0.717435403767745,-0.751022123568038,-3.21603590386959
3218,12,2,2,-0.141893700117889,1,2,2,-0.134302631020546,-10.6946010001009,-4.32594046795816,-0.0133322755724322,-4.06300257391326,-3.25657631539012,-0.057329676155097
3219,22,2,1,-0.170169602069447,1,2,1,-0.160058528184891,-12.6203286461819,-3.97273821317795,-0.019004501135691,-3.66141181934317,-0.0467658383719814,-3.91237261424818
3220,12,2,1,0.0610865238198015,1,2,2,0.0447011925280094,-3.62376747164866,-6.95397788346491,-0.0280259085431541,-1.92776157791283,-0.89467321736963,-0.807917668238143
3221,41,0,2,0.010471975511966,1,0,1,0.0438846126198769,-0.329893697764422,-3.6924048533758,-1.3622350026559,-1.24781626619267,-0.83619726067165,-1.27470455148212
3222,22,2,1,-0.164060949687467,1,2,1,-0.158585995435715,-12.8335486051388,-4.45825010496483,-0.011652987904399,-1.70337754389391,-0.338443575501528,-2.25328568289472
3223,2,2,1,0.0570385189628811,1,2,0,0.0927354469895363,-4.12072794894169,-19.7762173808325,-0.0163659230723652,-1.01645915497175,-1.22371500029879,-1.06714096457373
3224,3,2,2,0.0959931088596881,1,2,1,0.0705596730113029,-4.3139545920102,-2.74424998288075,-0.0808598684775571,-1.29920591829421,-0.603641512089526,-1.71238516212229
3225,3,2,2,0.113446401379631,1,2,1,0.112796001136303,-6.07666355966356,-7.09199727205554,-0.00313241621312362,-1.73879261844414,-0.844789676080509,-0.929832376713715
3226,85,1,1,0.0506145483078356,0,1,1,0.155126601457596,-8.6319108831801,-0.00671058366682074,-5.03444154164969,-10.210709210607,-5.0188370316067e-05,-11.2233644854135
3227,2,2,1,0.0959931088596881,1,2,1,0.117498658597469,-7.51643579117982,-21.7656503872396,-0.000544159620859974,-4.8678225816987,-0.580290330480854,-0.838001790988247
3228,9,2,1,0.0610865238198015,1,0,1,0.039116520434618,-0.226093470187499,-18.941879422583,-1.59772420004989,-4.75261415723649,-0.261985876373295,-1.5057579305304
3229,3,1,2,-0.113446401379631,0,2,1,-0.0525858588516712,-6.60460883210462,-3.63146338024008,-0.0282261916068744,-0.863796510622902,-0.58645605431845,-3.81009604896249
3230,9,2,0,0.0959931088596881,1,2,1,0.0702616199851036,-3.25084940410492,-7.69276967518283,-0.0399862868536285,-2.07693318891638,-0.273857684534534,-2.16940357936758
3231,12,2,1,0.0785398163397448,1,2,2,0.0601858533918858,-5.11032293831995,-7.90427252105545,-0.00642391622662473,-2.13475657627796,-1.26160540488225,-0.513282522961524
3232,56,2,2,0.135263017029561,1,2,2,0.139891639351845,-8.43616475013905,-11.0053662431765,-0.000233498652273848,-4.93167470313742,-2.85027140440678,-0.0672547744630998
3233,3,0,1,0.00872664625997165,1,0,1,-0.0039404621347785,-0.000476712348902122,-9.457751128629,-7.8275259901916,-0.843114746363341,-0.617887271579416,-3.48839476140604
3234,2,2,1,0.0959931088596881,1,2,1,0.115115962922573,-7.572261909568,-22.7408176636519,-0.000514639697996072,-6.50818632894072,-0.69065381065004,-0.698641163435927
3235,12,2,1,-0.165806278939461,1,2,0,-0.151857495307922,-13.2104624321032,-7.35608567192846,-0.000640776370736934,-0.566573041568346,-0.87097975015321,-4.26927004722386
3236,66,2,1,-0.127409035395586,1,2,0,-0.126668438315392,-12.7644984679228,-5.36145661494122,-0.00470803062152582,-0.294269051456076,-1.39778056406212,-4.85631654702011
3237,54,2,1,0.117809724509617,1,2,0,0.117952488362789,-6.37875363171718,-13.2678384729777,-0.0017003559762563,-0.288058367759803,-1.39373560434208,-6.14903840359943
3238,12,2,1,-0.0445324167492548,1,2,2,-0.0575475580990314,-1.64162142693738,-7.98324210554096,-0.215680195899459,-1.21071107113092,-1.1753333283182,-0.933186017428762
3239,3,2,0,0.0610865238198015,1,2,0,0.0599584355950356,-4.51571030321435,-5.66143552614472,-0.0145182382234902,-0.401537375482847,-1.23540015577876,-3.21909137849372
3240,22,2,1,-0.161442955809475,1,2,1,-0.161994472146034,-12.5533187406453,-4.17893342605196,-0.0154369324065265,-2.83063622242887,-0.459429506718526,-1.17318230354414
3241,12,2,1,-0.0785398163397448,1,2,0,-0.0755559727549553,-6.64495669787054,-8.27557094710841,-0.00155647467461903,-0.703822165848984,-1.09789824159742,-1.76178722238529
3242,41,0,0,0.0130899693899575,1,0,1,0.0438846051692963,-0.329893946462498,-3.69240395614902,-1.3622341880283,-1.24781626619267,-0.836197466984969,-1.27470433823793
3243,9,2,0,0.148352986419518,1,2,0,0.141746342182159,-6.47879160820174,-4.15093654002324,-0.017436422096867,-0.305867455983972,-2.05002096695434,-2.00408511245311
3244,43,0,2,0.0305432619099008,1,0,1,0.0302921067923307,-0.212278436829347,-2.76811658708219,-2.05197899552053,-2.93217167582148,-0.175129715339674,-2.23146894581815
3245,54,2,2,0.117809724509617,1,2,2,0.0854459404945374,-8.72745668147405,-14.2879568218647,-0.000162733920683054,-4.18319023846522,-1.65402860276215,-0.231336510573755
3246,38,0,1,-0.0244346095279206,1,2,2,-0.0262894164770842,-0.919994246594189,-2.91570661295416,-0.602734582855328,-1.54772022014072,-3.18295474219741,-0.293291552913155
3247,2,2,0,0.0436332312998582,1,0,1,0.0677507296204567,-0.0870662364419916,-17.9029041377759,-2.48430259018233,-1.05800862356776,-0.517487683780912,-2.86755799179017
3248,2,2,0,-0.0785398163397448,1,2,0,-0.0946256890892982,-4.38829060363088,-10.1081754893226,-0.0125409860314652,-0.600395989297166,-1.69006078254118,-1.32089114937365
3249,2,2,2,0.0785398163397448,1,2,1,0.103206716477871,-8.34579943113926,-26.4426564960828,-0.000237433485239598,-9.19056579703899,-0.296030639760357,-1.36205684776179
3250,3,2,2,-0.113446401379631,1,2,0,-0.127079471945763,-8.30103111897598,-9.73959354322435,-0.000307130289562017,-0.543618453316694,-1.07965630745906,-2.53018490127633
3251,54,2,2,0.117809724509617,1,2,2,0.0948014780879021,-5.21497026929383,-4.91554328465464,-0.0128485514891158,-1.48312218313549,-1.92866902629141,-0.465644457579348
3252,2,2,1,0.0959931088596881,1,2,2,0.114667139947414,-7.59907287374558,-22.9581407355108,-0.000501042935742765,-6.85142939136421,-0.71995564048347,-0.669102136374788
3253,9,2,1,-0.0436332312998582,1,2,1,-0.0260435398668051,-2.64165960923238,-6.86694709048303,-0.075030251929037,-4.08729619954927,-0.0492589065908473,-3.46475005124935
3254,2,2,1,0.113446401379631,1,2,1,0.122329942882061,-7.60589907997604,-21.3474176207916,-0.000497584139753224,-5.38511422911122,-0.528057180845626,-0.902224986672567
3255,3,2,0,0.0610865238198015,1,2,0,0.0627014562487602,-4.16793327434008,-4.87563925237406,-0.0233857707761855,-0.0626925138590512,-2.84414350417501,-5.95851883135555
3256,56,2,2,0.133646133102205,1,2,2,0.126936465501785,-6.01524716553944,-9.06685474403073,-0.00255995552487186,-3.9631171468061,-3.7192244219967,-0.0442199707172975
3257,85,2,1,0.0506145483078356,1,2,1,0.0525214485824108,-1.83724373508292,-3.22009709089584,-0.222152802124536,-4.65969797636265,-0.021099957704215,-4.47329370098495
3258,9,2,0,0.148352986419518,1,2,0,0.122146047651768,-6.73021442577498,-2.9320314310837,-0.0560234074004589,-0.0375368080024807,-3.35975905051265,-6.16708392831044
3259,2,2,1,-0.0739176254296877,1,2,1,-0.0716625973582268,-1.14093793817248,-16.8615086402529,-0.38495579143947,-3.32057296662346,-0.134594077784536,-2.41020116634675
3260,12,1,2,0.0959931088596881,0,2,0,0.168100342154503,-8.57341328830423,-2.91441240319638,-0.0559619460596702,-0.376814675284404,-1.5008780106587,-2.39664807117719
3261,2,0,1,-0.00872664625997165,1,0,2,-0.03788847848773,-0.0122506513645621,-9.69523979156093,-4.41336844295584,-1.65439473717965,-1.26667898355349,-0.640504608601609
3262,2,2,2,0.0785398163397448,1,2,1,0.103167004883289,-8.37589035450946,-26.5402771135773,-0.000230398491751111,-9.20258635423266,-0.285452009317315,-1.39342063253354
3263,3,2,2,0.113446401379631,1,2,2,0.11247280985117,-6.0601391921393,-7.01224230240729,-0.00324010676249106,-1.98336327719647,-0.922886290708656,-0.765666594205949
3264,54,2,0,0.117809724509617,1,2,0,0.113484278321266,-6.62431778047058,-8.9297687260662,-0.00146114232715014,-0.033912679308173,-5.85930061771768,-3.49032591870792
3265,12,0,2,0.00872664625997165,1,0,2,-0.00914895813912153,-0.00198943488931794,-11.7401276787023,-6.22494554462738,-1.83470351938039,-1.27288084497171,-0.5792553856783
3266,12,2,0,-0.165806278939461,1,2,1,-0.14028787612915,-11.4777905908924,-11.9361112109749,-1.69278623916651e-05,-0.96671920440109,-0.811442709044836,-1.74037596876944
3267,85,2,1,0.0471238898038469,1,2,1,0.0499254949390888,-1.53654193769199,-2.91223445125136,-0.313995718666485,-4.48704990452069,-0.026161468620037,-4.2289002486351
3268,2,2,2,-0.130899693899575,1,2,1,-0.124980635941029,-11.042671076528,-3.61144145668171,-0.0274008567032505,-2.59373437124872,-0.59554937050728,-0.983499526828887
3269,9,2,1,-0.0610865238198015,1,2,1,-0.040033470839262,-5.18412080162065,-8.28339206982496,-0.00587474985628818,-1.21195470221113,-0.892785837758963,-1.22802060325578
3270,27,2,0,-0.109083078249646,1,2,2,-0.115491338074207,-9.86030399914088,-3.34164527874481,-0.0360737525744798,-1.74644853023024,-3.97975164338,-0.214533860580195
3271,27,2,1,-0.109083078249646,1,2,1,-0.0755960121750832,-8.45270071703284,-3.52514874046102,-0.030109538065726,-0.971162713580785,-0.640370711755358,-2.36169282776408
3272,54,2,1,0.109083078249646,1,2,1,0.101327411830425,-4.60143857127126,-1.24291657702014,-0.354646714716782,-3.25144345322397,-0.471047779985881,-1.08786847810906
3273,9,2,1,-0.0436332312998582,1,2,1,-0.0270327497273684,-2.76742968114278,-5.79499255255013,-0.0681354389420362,-3.21290159905311,-0.108323304077333,-2.77382347919928
3274,2,2,1,-0.148352986419518,1,2,1,-0.14110466837883,-11.8939078703547,-3.58399781996013,-0.028164208080678,-3.42099619277823,-0.0587719082664734,-3.71324400254169
3275,9,2,1,-0.0436332312998582,1,2,0,-0.0446100607514381,-3.21646272406796,-5.7863313300749,-0.0441252176599844,-0.491302670181462,-1.03994225202141,-3.36112803590007
3276,40,0,1,-0.0130899693899575,1,0,1,0.046690110117197,-0.194088403772062,-3.94036983375485,-1.85167573961578,-3.24018436434316,-0.049913689971395,-4.65312505503242
3277,2,2,2,0.0959931088596881,1,2,2,0.10940770059824,-6.58062307244882,-21.5861085665128,-0.00138796285888869,-9.65524861104937,-0.999847847836919,-0.458865178633662
3278,22,2,1,-0.164354489220951,1,2,1,-0.165283501148224,-12.4526932383261,-4.20798045830966,-0.0149920614073895,-3.33521117751968,-0.659033081442588,-0.805103755044647
3279,56,2,1,0.130027029273578,1,2,1,0.10286507755518,-7.20826723828794,-7.8843912774484,-0.0011176750138194,-2.66401307284109,-0.156343682539776,-2.58937812038598
3280,2,2,1,0.113446401379631,1,2,1,0.124432869255543,-7.53639252220878,-20.4321664323501,-0.000533425002628517,-4.04725787580884,-0.571820959563082,-0.872194322763859
3281,2,2,2,0.0785398163397448,1,2,1,0.102219007909298,-8.70802708586669,-27.3555080413143,-0.000165237726318585,-9.08078508791564,-0.172522819714091,-1.84296610221731
3282,22,2,1,-0.164060949687467,1,2,1,-0.158631086349487,-12.8311233065095,-4.46748627681203,-0.0115451714527583,-1.7371518332105,-0.328123871555914,-2.26620333113696
3283,9,2,1,-0.165806278939461,1,2,1,-0.151528626680374,-10.7628516316205,-6.07685748367597,-0.00231928157930557,-3.04209410387781,-0.538711801360358,-0.997593683190621
3284,43,0,1,0.0305432619099008,1,0,0,0.0727304443717003,-0.498139378917154,-5.36362365174715,-0.947637229720947,-0.0381683534123144,-3.37437639640234,-5.74158422610891
3285,3,0,1,0.00872664625997165,1,0,1,-0.00050485017709434,-0.00106254025197656,-7.9045368188209,-7.27448764321037,-1.98886266117244,-0.211801633458596,-2.91833123612815
3286,9,0,0,0.00872664625997165,1,0,2,-0.00596415903419256,-0.00251083612749843,-11.1523635902285,-5.99411993979534,-1.33926998440166,-1.06234482257102,-0.935680770048715
3287,3,2,1,-0.0959931088596881,1,2,0,-0.0927466973662376,-5.28161175885197,-10.239058918352,-0.00513307147581181,-0.956478765634562,-1.28735033510623,-1.07952946062468
3288,38,0,1,-0.0218166156499291,1,2,2,-0.0224862974137068,-0.868981948599102,-7.42750684577218,-0.544680446491983,-1.37320903347557,-1.05567238697763,-0.919423820743501
3289,2,2,2,0.0785398163397448,1,2,1,0.102332092821598,-8.71637138555829,-27.3632849601829,-0.000163926208299073,-9.09531080604478,-0.173201229184193,-1.83935750482153
3290,3,2,1,-0.0810256151622825,1,2,0,-0.0910297557711601,-4.31402725998933,-10.2196302541673,-0.0135067997807088,-0.629487304857849,-1.57044301404692,-1.35022473774446
3291,12,2,2,0.0959931088596881,1,2,2,0.0766688659787178,-5.47192257422176,-5.57348555097201,-0.00803254855250869,-2.32314399723722,-1.67162140802092,-0.336742365590093
3292,12,0,1,-0.0261799387799149,1,2,1,-0.0291010644286871,-0.961350977444784,-7.8309747225561,-0.482518770806868,-2.12886620184759,-0.484300597032554,-1.32840299934832
3293,38,0,1,-0.0305432619099008,1,2,1,0.00916027743369341,-1.68260921459003,-3.65831193148446,-0.237831213156461,-1.94120977887838,-0.309889403191862,-2.09604542275013
3294,66,2,1,-0.123918376891597,1,2,1,-0.115320079028606,-10.7659752788599,-3.60787806651705,-0.0275052499497639,-2.25308974520086,-0.278683438811512,-1.97944106758476
3295,3,2,1,0.113446401379631,1,2,1,0.101892106235027,-7.20292496608623,-2.6244151078574,-0.0760461565404121,-0.74255092433023,-0.708498645581488,-3.45084988824973
3296,60,2,2,0.170169602069447,1,2,2,0.169966012239456,-9.74155222303323,-13.6346691264033,-5.99640704529808e-05,-2.74279306183243,-3.59302018724902,-0.0964066717307801
3297,3,2,1,-0.130899693899575,1,2,1,-0.122132509946823,-2.3353599328117,-17.7231565382388,-0.101784373885093,-2.73820230103237,-0.188158691065127,-2.23651432279943
3298,43,0,1,0.0305432619099008,1,0,0,0.0480656139552593,-0.34300626230271,-9.12207331775772,-1.23698862051459,-0.20047803207459,-1.89691701193439,-3.45364470410876
3299,9,2,1,-0.0500925176014871,1,2,0,-0.0481616333127022,-6.14508495513356,-7.38913505194857,-0.00276578127891837,-0.335714388541869,-1.93545145844385,-1.96031811480515
3300,9,0,1,0.00872664625997165,1,0,1,0.0116700967773795,-0.012083284065654,-5.65837310106814,-4.76505601137868,-1.37637638017817,-0.395535382970035,-2.60114390927227
3301,60,2,1,0.164933614313464,1,2,2,0.148070976138115,-8.09432539929379,-6.9688494592434,-0.0012467523672278,-2.11941188532998,-0.980802868370383,-0.683418896347791
3302,9,0,2,-0.0261799387799149,1,0,2,-0.0440981797873974,-0.22538225770762,-3.69084258121699,-1.73252082303213,-3.32067308357272,-1.11251467462118,-0.453909453776657
3303,3,0,2,-0.0209622906164629,1,0,1,-0.0357055142521858,-0.00692680855811268,-9.01502539113402,-4.99358871159402,-1.60791109863774,-0.8167365812835,-1.02771653853799
3304,12,2,2,0.0785398163397448,1,2,2,0.0599570535123348,-4.64215846456887,-6.65399022618059,-0.0109858341049283,-2.46961511121683,-1.09598562681137,-0.542707619768234
3305,2,2,0,-0.0785398163397448,1,2,0,-0.0902594849467278,-4.33875733797902,-9.96648389801919,-0.0131862882352607,-0.588696943982936,-1.59532706064026,-1.41837228508089
3306,27,2,0,-0.109083078249646,1,2,0,-0.11077343672514,-10.7825086717543,-3.36416980830672,-0.0352246919688885,-0.276302183186042,-1.59389601979374,-3.26273276050919
3307,3,2,2,-0.0959931088596881,1,2,0,-0.102987058460712,-6.44043471535308,-9.59232550943483,-0.00166536882537345,-0.550727007200206,-1.3561538293802,-1.79685482719738
3308,41,0,0,0.0130899693899575,1,0,1,0.0438845939934254,-0.329894029361871,-3.69240328322946,-1.3622341880283,-1.24781605860584,-0.83619726067165,-1.27470444486002
3309,3,2,1,-0.130899693899575,1,2,0,-0.130818501114845,-6.279586447053,-10.8672820074088,-0.00189507646027516,-0.632962243151909,-0.944794241044758,-2.52293255803454
3310,12,0,1,-0.00872664625997165,1,0,1,-0.00845356564968824,-0.0267987865522526,-12.7188488031701,-3.63288247105504,-4.18269904118964,-0.479373754686584,-1.00629258435237
3311,2,2,1,0.165806278939461,1,2,1,0.167634069919586,-6.64239360511691,-3.86205963328745,-0.0225815508288915,-4.25886844689409,-0.474562555025982,-1.01141346518927
3312,12,2,1,0.148352986419518,1,2,1,0.129161447286606,-6.77030962292125,-11.6251222844348,-0.00115699917412609,-1.32292009699013,-0.625716677897176,-1.61562878443928
3313,9,2,2,-0.0436332312998582,1,2,1,-0.0402936674654484,-4.03513894823274,-3.88631015629267,-0.038953109802096,-1.70499453565519,-0.328598322914223,-2.31978693660851
3314,3,2,1,0.165806278939461,1,2,1,0.152746379375458,-6.85481850864868,-3.09445820999205,-0.0474626161716114,-4.86715526358924,-0.0101015032345658,-6.05106280115567
3315,9,2,1,-0.0785398163397448,1,2,1,-0.0999246016144753,-1.90672552258059,-6.33964433251429,-0.162908370909156,-1.60914200425677,-0.883965444786891,-0.949848848156347
3316,3,2,1,-0.0436332312998582,1,2,1,-0.0462868846952915,-3.06333686431131,-6.53297822116535,-0.0493857710476794,-4.97456274217344,-0.0858699386611439,-2.58528142769356
3317,85,2,1,0.0385280175740687,1,0,1,0.0432839021086693,-0.692956463884245,-2.97679328250429,-0.800846825961277,-4.27927541298247,-0.0321526455814473,-4.02920102651939
3318,3,2,1,-0.0436332312998582,1,2,1,-0.0261251796036959,-3.22029609780168,-13.689712784966,-0.0407640281997638,-3.24981374041349,-0.169006795800649,-2.14801702935153
3319,56,2,2,0.132645023151569,1,2,2,0.112655602395535,-5.61793695958208,-4.40579069354877,-0.0159653944079494,-3.06227432438901,-1.8079250776273,-0.236704152254877
3320,2,2,1,0.145376450098705,1,2,1,0.133709847927094,-4.56564728369071,-14.4253676178194,-0.0104581894410561,-13.782759806361,-0.305293170370411,-1.33525304134828
3321,3,2,2,0.0959931088596881,1,2,2,0.0847826674580574,-5.16132130355211,-6.67818425245559,-0.00701678100853704,-3.28523111571202,-1.13646491237543,-0.443764655336865
3322,2,2,0,-0.0785398163397448,1,2,1,-0.118733644485474,-4.62509960412662,-8.64471630019619,-0.0100288326554767,-2.40136711650821,-0.445544205581975,-1.3133027597367
3323,3,2,1,0.113446401379631,1,2,1,0.102365374565125,-7.19891403057717,-2.85649827742193,-0.0599803802400097,-0.747001304818239,-0.700478658714101,-3.51099357389477
3324,22,1,1,-0.166678943565458,0,1,2,-0.0488632507622242,-6.25510651171475,-0.608072802739812,-0.790362433618704,-1.89741532977432,-1.1650385768453,-0.61964827232428
3325,12,2,0,0.0436332312998582,1,0,2,0.0347931645810604,-0.389922569928201,-7.76414875665411,-1.13175724835436,-2.59724849270114,-1.2568369333559,-0.444774032873686
3326,85,2,1,0.0471238898038469,1,2,1,0.0500079691410065,-1.53597687159919,-2.87759130322187,-0.316788914553778,-4.4781755501509,-0.0269707783576865,-4.18277253752575
3327,38,0,0,-0.0244346095279206,1,2,2,-0.0268861260265112,-1.74151815092698,-2.79861596093072,-0.269381771770906,-3.60944014120646,-3.66284780566501,-0.0541673024768105
3328,40,0,1,-0.00959931088596881,1,0,1,0.0163628999143839,-0.0271406561893565,-7.22061780599956,-3.6479566374593,-4.5781577473053,-0.208116829421491,-1.72814277124018
3329,9,2,2,0.0604735450969626,1,2,1,0.0281544048339128,-1.97382083791571,-9.96902315466649,-0.149628098174411,-1.73940892582408,-0.864078908577938,-0.908976770279467
3330,9,2,2,-0.0785398163397448,1,2,0,-0.0775477662682533,-3.9387211531441,-8.67585467122581,-0.0198392872088688,-1.05411205055549,-1.15048888734398,-1.09357623904898
3331,41,0,2,0.010471975511966,1,0,1,0.0438846126198769,-0.329893697764422,-3.6924048533758,-1.3622350026559,-1.24781626619267,-0.83619726067165,-1.27470455148212
3332,3,2,2,-0.113446401379631,1,2,0,-0.127213627099991,-9.84033107895323,-10.7188472062484,-7.53431092168664e-05,-0.483938658877856,-0.991454758847098,-4.37307263485888
3333,2,2,1,-0.0610865238198015,1,2,1,-0.0686436891555786,-4.44210840926992,-8.91099862951601,-0.0119774118654864,-1.10921923029948,-0.82442941126589,-1.46231858677584
3334,3,2,2,-0.148352986419518,1,2,0,-0.145308017730713,-7.70214301571508,-10.5549728512218,-0.000478024277210727,-0.195321444684495,-2.49893197638347,-2.35117569092511
3335,12,0,2,-0.00669722376606085,1,0,2,-0.0239147376269102,-0.00446665958256119,-11.2362286356969,-5.41630753722314,-1.56636891733403,-1.14762371187353,-0.746953059681608
3336,3,2,2,-0.148352986419518,1,2,0,-0.146468251943588,-7.84446720194358,-10.4634667385083,-0.000420599208337786,-0.193969286266192,-2.44413645066123,-2.41334132286333
3337,12,2,0,0.0401348688034681,1,0,1,0.0151243386790156,-0.0661324268390354,-7.6654290200858,-2.75633162191137,-0.792040910610838,-0.62577562926382,-4.40352546838236
3338,3,2,1,-0.165806278939461,1,2,1,-0.156918540596962,-12.4702998594307,-3.94100247587519,-0.0196238996680685,-3.62049563944493,-0.047447053332633,-3.93377717573717
3339,22,2,0,-0.161442955809475,1,2,1,-0.16187696158886,-12.5717035977525,-4.18997304050292,-0.0152661259837171,-2.7765277539999,-0.455579126921558,-1.1918300208211
3340,9,0,2,-0.0261799387799149,1,0,1,-0.0361114181578159,-0.368753177598448,-2.20188003698155,-1.62045390865619,-3.78811464828183,-0.254599683615545,-1.59881987312806
3341,12,2,1,0.148352986419518,1,2,2,0.139893338084221,-7.40751101118132,-11.7241543910802,-0.000614951350041933,-1.09110874864583,-1.15265170972508,-1.05452509049464
3342,3,2,0,0.0769291365124649,1,2,0,0.0758281946182251,-3.08117300721368,-5.35371978630756,-0.0519628598347815,-0.842651789017245,-1.21454449600247,-1.29979536762758
3343,9,0,0,0.00872664625997165,1,0,1,-0.00582992192357779,-0.00202246244305036,-8.71194911624459,-6.28945418946108,-1.14124821030957,-0.526631424862414,-2.40806991855334
3344,12,2,1,0.0610865238198015,1,2,2,0.0453406907618046,-2.8836176743533,-7.94447134932207,-0.0579328587713681,-2.09319685995054,-1.16469284973137,-0.571479859595262
3345,2,2,0,0.044010726927526,1,2,0,0.0855127200484276,-3.62596608264372,-19.9293280368106,-0.0269842499512091,-0.862050370963253,-1.15134269186821,-1.34134880011987
3346,3,2,1,-0.0785398163397448,1,2,1,-0.0920313894748688,-3.77987074522583,-6.47347994267049,-0.0246713279982407,-2.65805504215889,-0.304256198100429,-1.6489910005543
3347,3,2,1,-0.0959931088596881,1,2,1,-0.101908147335052,-1.0968155422443,-16.114983124069,-0.40636491710222,-2.94903446426473,-0.296491465733927,-1.58871536125872
3348,9,0,0,0.00872664625997165,1,0,1,-0.00340563128702343,-0.00340444539852731,-10.2107045610489,-5.69528656417651,-1.17748657136168,-0.899291421949525,-1.25494994291838
3349,12,2,2,0.0959931088596881,1,2,2,0.0806232094764709,-5.56184405118224,-7.56044648961842,-0.00437182766458104,-2.89590028525909,-1.51428157050387,-0.321880836496207
3350,27,2,0,-0.109083078249646,1,2,0,-0.112636655569077,-9.33795696870864,-4.90752220291801,-0.00750687984233503,-0.892743338076066,-1.14008849420137,-1.30682343459539
3351,2,2,2,0.0939636863657773,1,2,1,0.110080771148205,-8.31970746575326,-26.2454906540913,-0.000243753097859289,-9.61534380690416,-0.218811776819363,-1.62729433895012
3352,85,2,1,0.0366519142918809,1,0,1,0.0422810949385166,-0.66170909675737,-3.07326683408042,-0.826081002327897,-4.28364510790844,-0.0319532977663337,-4.0366906684654
3353,27,1,1,-0.117809724509617,0,1,1,0.0159574709832668,-3.79252751523295,-0.101890426993382,-2.59920202208839,-5.7478325116316,-0.00442762414346652,-6.70223068282337
3354,12,2,2,0.0785398163397448,1,2,2,0.0456160344183445,-4.49650894163228,-6.09713631946916,-0.0134876483538499,-2.23180041340014,-0.844784820573462,-0.769995527583952
3355,2,2,1,0.113446401379631,1,2,1,0.122075133025646,-7.61883122885986,-21.4775230500037,-0.000491262922821143,-5.56976263440844,-0.540312755977372,-0.882801416373592
3356,3,1,0,0.0261799387799149,0,2,0,0.138573557138443,-6.54369196957826,-8.24001056261958,-0.00170453541059734,-0.0355702577538553,-3.64849789184347,-4.72003469085145
3357,9,2,1,-0.130899693899575,1,2,2,-0.138746157288551,-10.1799520853212,-7.86504207759955,-0.00042191106303199,-5.54247053065299,-4.86768307636839,-0.0116759637178938
3358,22,1,1,-0.166678943565458,0,1,1,-0.0667236968874931,-8.19187541764982,-0.404276314909428,-1.10182731044925,-1.81486586097059,-0.780914716959473,-0.969814483310982
3359,22,2,1,-0.166678943565458,1,2,2,-0.128071621060371,-6.91399332133827,-4.78338050383483,-0.00940559980957361,-3.98158714275855,-1.34449647117538,-0.327569664413454
3360,12,2,0,0.0436332312998582,1,0,2,0.0294218827039003,-0.233862636426459,-9.12016455853015,-1.56819974952667,-2.56537703772416,-1.32145955938625,-0.421039548170638
3361,12,0,1,0.0261799387799149,1,0,1,0.0123243434354663,-0.0307898233472258,-6.87064166004004,-3.53075474608097,-0.856038434911728,-0.70681391209539,-2.50170559927067
3362,27,2,0,-0.111701072127637,1,2,1,-0.107847794890404,-5.97900743935298,-7.78696455830355,-0.0029508454750838,-1.96638100252795,-0.232344736511974,-2.69763336087404
3363,41,0,1,0.00436332312998582,1,0,1,0.0506533943116665,-0.100197626791192,-4.29833493892902,-2.50408776163341,-3.08397967159855,-0.0760775423378526,-3.59433610294448
3364,40,0,1,-0.00768932375744216,1,0,1,-0.0214309561997652,-0.00312613811020487,-8.2423896164613,-5.85763690880164,-2.46664598024686,-0.639307298421906,-0.948108681647408
3365,12,2,1,-0.165806278939461,1,2,1,-0.155004888772964,-11.6159113477804,-5.00688540082832,-0.00672330501375712,-1.24570722979365,-0.587137947676048,-1.85568000966315
3366,60,2,1,0.167617051978234,1,2,1,0.146896421909332,-7.6878096662464,-2.48262683967105,-0.0877191236795188,-1.84423044149265,-0.236200087562044,-2.95209259240197
3367,22,2,0,-0.161442955809475,1,2,1,-0.161902338266373,-12.5678658403333,-4.18794529361619,-0.0152973555952015,-2.78748857831891,-0.456487783835583,-1.18770704434779
3368,3,2,1,0.113446401379631,1,2,1,0.0961016789078712,-5.51090690085027,-4.82629882565274,-0.0121318502779566,-1.28284051916833,-0.526922531222055,-2.02243969500676
3369,12,2,2,0.0785398163397448,1,2,2,0.0589629337191582,-4.08712032160301,-5.91971944456903,-0.0196655388576883,-3.47261001610993,-0.845899986394339,-0.616569298494589
3370,9,2,2,0.0610865238198015,1,2,1,0.0475042797625065,-4.61234030719879,-9.80441122031129,-0.0100338899233154,-1.09439115795616,-0.818929891112043,-1.49453271264822
3371,9,2,1,0.113446401379631,1,2,1,0.109593980014324,-5.30605674908039,-3.50972956502644,-0.0354887957335009,-4.78213694130664,-0.0118102712261417,-5.6949905981142
3372,12,2,2,-0.148352986419518,1,2,2,-0.142290472984314,-11.5817115315278,-4.27023958026414,-0.0140864701088462,-3.1264665211621,-2.6987447398402,-0.117840764421121
3373,12,2,1,-0.148352986419518,1,2,1,-0.14096075296402,-9.71639988195508,-9.07174463230195,-0.0001751933964618,-1.77534864683233,-0.734229008095763,-1.04782338271829
3374,12,2,2,-0.148352986419518,1,2,2,-0.14322604238987,-11.5502278175387,-4.2820393741255,-0.013920487620887,-3.08820151081064,-2.64931722725297,-0.123618807483321
3375,12,2,2,0.0959931088596881,1,2,0,0.0836988836526871,-6.84449962936621,-7.08238547594231,-0.00190684091780078,-0.694625812737237,-1.34869544301299,-1.42229445788657
3376,9,2,1,0.140606247086848,1,2,1,0.130560472607613,-6.00182932973697,-3.32146622785251,-0.0393378455241791,-3.62117045602327,-0.0409476291349244,-4.31479616565627
3377,9,2,2,0.0610865238198015,1,2,1,0.0436487011611462,-3.05685802030363,-9.56173609363235,-0.0482511377745558,-1.71396848981838,-0.580413969644851,-1.34636647346947
3378,54,2,2,0.117809724509617,1,2,2,0.114396348595619,-8.61283415801209,-10.5465928564519,-0.000208101466519136,-1.23116603009868,-1.12532300898899,-0.958414544726489
3379,40,0,2,-0.00436332312998582,1,0,2,-0.00900272559374571,-0.09448430518865,-7.27747574988092,-2.41388431011572,-3.56795043232403,-2.17590978284977,-0.152823152663387
3380,41,0,2,0.0130899693899575,1,0,2,0.0140801491215825,-0.0710119893179598,-4.36605643007917,-2.88512225448073,-4.08931685243535,-3.8985578529503,-0.0377245214144743
3381,22,2,1,-0.166245068651806,1,2,1,-0.166081070899963,-12.4812526654586,-4.21192031068414,-0.0149326472886655,-3.3714353716668,-0.607963869055411,-0.864644297624048
3382,41,0,1,0.0124140360955835,1,0,1,0.0438846126198769,-0.329893697764422,-3.6924048533758,-1.3622350026559,-1.24781626619267,-0.83619726067165,-1.27470455148212
3383,2,2,0,-0.0959931088596881,1,2,1,-0.105804152786732,-6.07748038420356,-8.91734891738586,-0.0024309475651289,-0.877653534433381,-0.693858278323633,-2.46984327530487
3384,9,2,1,-0.113446401379631,1,2,2,-0.106758095324039,-4.95657640849187,-4.32017810407097,-0.0205441347785053,-2.73157040452392,-1.24897340171482,-0.433735076745753
3385,27,2,1,-0.109083078249646,1,2,1,-0.100556269288063,-5.03252239276659,-5.59495179892207,-0.010291724060201,-2.62217254524083,-0.313022312411758,-1.62902114718024
3386,12,2,2,0.0959931088596881,1,2,1,0.0999095812439919,-7.76185435288075,-6.45461666351811,-0.00200096156082653,-1.83083287439166,-0.30571062337438,-2.271859038339
3387,2,2,2,-0.0436332312998582,1,2,1,-0.0566410832107067,-3.07818234411486,-4.40405467669529,-0.0600372155103989,-1.01505071493042,-0.51819066665501,-3.16964077835971
3388,12,2,0,0.165806278939461,1,1,2,0.138345807790756,-15.8767977156149,-0.0123739322175997,-4.39834884434722,-2.15745404158638,-5.09276473258327,-0.129835522122577
3389,12,2,2,0.130827903598702,1,2,2,0.0901494175195694,-5.98142463094573,-3.9653302113591,-0.0217212041447367,-2.80556675450483,-0.871433216563355,-0.651667519659212
3390,9,2,0,0.148352986419518,1,1,0,0.161183416843414,-8.57906485083818,-0.163368733802663,-1.89356578535059,-0.060426225086491,-3.09374407389432,-4.31962209215963
3391,9,2,0,0.0959931088596881,1,2,0,0.0868348032236099,-7.63113558933484,-7.6952740323133,-0.000940466953193231,-0.445441934469916,-1.18433879759213,-2.9278776241098
3392,27,2,0,-0.111701072127637,1,2,1,-0.113405860960484,-6.08699913936409,-7.20701761120252,-0.00301810112390362,-2.23683197944749,-0.201358352212062,-2.58250560683803
3393,33,2,1,-0.0568471251268783,1,2,2,-0.0712442919611931,-5.37853584482887,-5.37624516671977,-0.00928262416954521,-6.96063097299731,-1.06139915038539,-0.426055392483867
3394,9,2,2,-0.0610865238198015,1,2,0,-0.0728081688284874,-6.73532613522443,-7.18642507686443,-0.00194679333203225,-0.489847877662579,-1.29041840071606,-2.18814266979618
3395,2,2,1,-0.0610865238198015,1,2,1,-0.0625860616564751,-2.5191387823528,-7.40364711420225,-0.0846192174868746,-1.23942736616928,-1.02029620339826,-1.04993096850333
3396,2,2,0,0.0436332312998582,1,0,1,0.0634247288107872,-0.00421325574297813,-19.1535243337797,-5.47162238159775,-1.2465597024952,-0.399608047863633,-3.17187230421288
3397,12,2,1,-0.113446401379631,1,2,1,-0.108425155282021,-10.4603918487644,-3.3022531599366,-0.0375240598695096,-3.54843570641124,-0.0678813902064412,-3.30065348319236
3398,40,0,1,-0.00436332312998582,1,0,1,0.0158567558974028,-0.0158545080671525,-8.54404796394897,-4.16467443812315,-1.26515399408184,-0.566584490596772,-1.89483007501633
3399,3,1,1,-0.118068592289688,0,0,1,0.00643412489444017,-0.0038945118712065,-7.49573964735297,-5.70437159233375,-1.18912114387124,-0.503384676001494,-2.39656531997044
3400,41,0,2,0.0130899693899575,1,0,2,0.0166595559567213,-0.0678261485727598,-4.39441384326915,-2.9331153084319,-3.98277406469997,-4.22611025392669,-0.0338080466364241
3401,56,2,2,0.132645023151569,1,2,2,0.114569641649723,-6.17976712363256,-4.72200910753246,-0.011028742325276,-3.741605946032,-1.33521146941963,-0.338019255258103
3402,9,2,1,-0.130899693899575,1,2,2,-0.127275675535202,-8.04060311914421,-6.97963468759432,-0.0012535557967531,-1.75282662718906,-2.89027928556549,-0.25986480625986
3403,3,2,2,-0.113446401379631,1,2,0,-0.102290593087673,-8.72842791430455,-8.32905866629834,-0.000403425996520406,-0.270392324654425,-1.51063363449335,-4.12584344445426
3404,60,2,0,0.170169602069447,1,2,0,0.153920546174049,-8.17650851017882,-7.3672553240414,-0.000913202372480075,-0.484452975228371,-3.03829408557254,-1.09049734909493
3405,9,2,2,-0.148352986419518,1,2,1,-0.132302910089493,-7.18001252475392,-5.45392837726738,-0.00505381185290773,-3.33778148873481,-0.123617728320889,-2.51619034004237
3406,9,0,2,-0.0261799387799149,1,2,2,-0.0313325636088848,-1.20386607797082,-7.47232758693316,-0.357533380756394,-2.38211650244065,-0.888438916483767,-0.700478538627627
3407,12,2,2,0.0959931088596881,1,2,1,0.0915449932217598,-7.27235067646505,-5.11076638510432,-0.00674862817662152,-2.71313533712901,-0.528226281420491,-1.06705086612465
3408,9,2,2,-0.0785398163397448,1,2,1,-0.0780469849705696,-4.42691121926507,-9.32081258267484,-0.0121139317859184,-1.14096489425985,-1.06538853436559,-1.09095515390981
3409,12,2,1,-0.0785398163397448,1,2,1,-0.0502825528383255,-4.75544674292285,-3.36244944164282,-0.0442184132308949,-1.65920352772766,-0.224168292595755,-4.55363321652569
3410,9,2,0,0.0959931088596881,1,2,0,0.0903505682945251,-7.51381507694601,-6.94033688270573,-0.00151462760963682,-0.630139195873929,-0.836411092878835,-3.37495462363345
3411,2,2,0,-0.0785398163397448,1,2,0,-0.101328276097775,-3.77982349809538,-9.33255383174372,-0.0231818795274835,-0.641831653887033,-2.12845934997569,-1.03661845514975
3412,3,2,2,-0.148352986419518,1,2,0,-0.141144782304764,-5.91161589659841,-8.79112921898147,-0.00286392798584938,-0.379337338848153,-1.90525159905899,-1.79035985919635
3413,12,2,1,-0.113446401379631,1,2,1,-0.108284913003445,-10.4599569580285,-3.32281526420981,-0.0367467927490676,-3.52977736528114,-0.0688265202455691,-3.29144791600975
3414,12,2,2,0.0785398163397448,1,2,1,0.0587014220654964,-3.97106359590861,-7.76397950328855,-0.0194664158734241,-2.73958622189801,-0.552504741847878,-1.02193917279001
3415,41,0,2,0.00520218210201063,1,0,2,0.0500273741781712,-0.0985065033686489,-5.28578051592374,-2.4219642022005,-1.11833563896878,-2.37292971690997,-0.544779924888193
3416,12,2,2,0.0959931088596881,1,2,2,0.0796087309718132,-5.96010347831821,-7.48656123912841,-0.00314515191440667,-2.40876464025365,-2.25347144430122,-0.216863681232043
3417,2,0,0,-0.00872664625997165,1,0,2,-0.0293006375432014,-0.00368450525253382,-11.0946621833774,-5.60959574630161,-2.1600006284166,-1.12205626942161,-0.581488921872074
3418,43,0,2,0.0305432619099008,1,0,0,0.0383743718266487,-0.0715956313181138,-5.69066043974181,-2.72242160606254,-0.500418909686532,-1.34383026770633,-2.0183186650349
3419,22,2,2,-0.164060949687467,1,2,1,-0.164818972349167,-12.3880691178861,-4.07838147021492,-0.0170840899515922,-3.72741455554708,-0.487981963325183,-1.01588711247055
3420,2,2,2,-0.0436332312998582,1,2,1,-0.0564560554921627,-3.28598836454366,-3.844922045368,-0.0605907371499718,-1.29500013749595,-0.397866533551495,-2.91230319660246
3421,3,2,1,0.0352337660977116,1,0,1,0.0411198809742928,-0.511743519332075,-8.04318275201691,-0.915718005869749,-3.64903621753477,-0.0570805661917676,-3.52452310865938
3422,22,2,1,-0.161442955809475,1,2,1,-0.161038875579834,-12.7264068934837,-4.27978454408235,-0.0139453892819922,-2.63773063580972,-0.437679277040105,-1.26250682931381
3423,41,0,0,0.0130899693899575,1,0,1,0.0438846088945866,-0.329893697764422,-3.6924048533758,-1.3622350026559,-1.24781605860584,-0.83619726067165,-1.27470444486002
3424,9,2,1,-0.0959931088596881,1,2,0,-0.117022328078747,-4.73457301408663,-9.99343123404225,-0.00887121093524305,-0.59978806141907,-2.18030543538463,-1.08451692275184
3425,60,2,1,0.170169602069447,1,2,1,0.151341617107391,-5.98241758496565,-8.37895394647697,-0.00275615839927275,-2.24971342866913,-0.112763487852928,-6.71826178630643
3426,3,2,1,-0.0436332312998582,1,2,1,-0.0533029921352863,-2.02505474000467,-5.92818385095215,-0.14462122035376,-2.51970442788028,-0.460322686293535,-1.24328000358496
3427,3,2,2,-0.148352986419518,1,2,0,-0.1447494328022,-7.63450201192459,-10.6035452751277,-0.000508437643159869,-0.194734099620795,-2.52512786470681,-2.33409258694422
3428,9,2,2,-0.148352986419518,1,2,0,-0.15623776614666,-7.62803335972049,-4.08996456944471,-0.0173765593281524,-0.0668492077210497,-3.22928069599679,-3.6857743182938
3429,38,0,2,-0.0218166156499291,1,0,1,-0.0381143800914288,-0.0915287598827181,-6.23765167666197,-2.45911584479676,-2.52574151899441,-0.682320052123771,-0.880542402463683
3430,2,2,1,0.0610865238198015,1,2,1,0.0978086367249489,-5.88097546995563,-21.5631425849891,-0.00279596544627292,-3.09250781142768,-0.649713548067394,-0.838365624407272
3431,12,2,1,0.165806278939461,1,1,1,0.13505345582962,-7.85314340318578,-0.598736004362928,-0.798272775549565,-0.810292984868387,-0.661043115448249,-3.24522471172827
3432,2,2,1,0.0959931088596881,1,2,1,0.115702770650387,-7.5422435996162,-22.4631005045694,-0.000530323912147938,-6.05294334012605,-0.651763133937562,-0.741239451030522
3433,2,2,0,-0.0959931088596881,1,2,1,-0.108416259288788,-6.17369463730715,-6.63651232466711,-0.00340085693028531,-1.77488261143879,-0.28802402315269,-2.51635935294744
3434,9,2,1,0.165806278939461,1,2,1,0.148465886712074,-8.56990819022757,-7.60378504796094,-0.000688551435007508,-2.07298045441128,-0.541606739126881,-1.22971112844468
3435,9,2,1,0.130899693899575,1,2,1,0.122284553945065,-5.65386475130087,-2.99755088441372,-0.0548924303406896,-4.60835826603406,-0.0133122818393494,-5.72731586489154
3436,60,2,2,0.167551608191456,1,2,2,0.126679033041,-5.8546677905523,-5.13902767370148,-0.00876814354994792,-1.13099027158899,-2.30654619095793,-0.548732012614093
3437,66,2,1,-0.127409035395586,1,2,0,-0.125842958688736,-12.6883420117942,-5.39101933964412,-0.00457084137389367,-0.347732136472077,-1.24959957320814,-4.94873004798854
3438,60,2,2,0.167551608191456,1,2,1,0.153294414281845,-9.36762517865852,-7.13313288540253,-0.000884029497751013,-3.76185622225816,-0.689529056214936,-0.744551923020812
3439,3,2,1,0.0436332312998582,1,2,1,0.0368390642106533,-1.0686067238524,-4.36894257187062,-0.440291676785275,-1.55348651050806,-0.308091167754051,-2.92541506944722
3440,22,2,2,-0.161442955809475,1,2,2,-0.15811924636364,-12.3210115697938,-4.16909604113115,-0.0155916033622355,-2.67536541727405,-2.28700124114624,-0.186874518842956
3441,12,2,2,0.0785398163397448,1,2,2,0.0662526786327362,-4.83267350395244,-5.92292627428587,-0.0106996255242851,-2.28264356263018,-1.14504081535851,-0.545115429134482
3442,2,2,0,0.0436332312998582,1,2,0,0.0767034813761711,-1.11357685094324,-18.1490311016615,-0.398066018883551,-0.789231626343236,-0.805265765737708,-2.3142813343612
3443,85,2,1,0.0436332312998582,1,0,1,0.0471894405782223,-0.759477097668323,-1.77374990818738,-1.01502456307697,-5.44806360843499,-0.00834630338095601,-5.51974266028119
3444,12,0,1,0.0261799387799149,1,0,1,0.0184295363724232,-0.0186933363519315,-6.54143749601781,-4.07000426932456,-1.62843491119109,-0.287046968132785,-2.93206219095744
3445,9,2,1,-0.0956156132320204,1,2,0,-0.106042973697186,-5.20388437465031,-10.5985987204496,-0.00553539744544729,-0.551881036619069,-1.45061769290828,-1.66226376194064
3446,41,0,1,0.010471975511966,1,0,1,0.0438846126198769,-0.329893697764422,-3.6924048533758,-1.3622350026559,-1.24781626619267,-0.83619726067165,-1.27470455148212
3447,9,2,1,0.0785398163397448,1,2,2,0.133577644824982,-9.46084980504918,-0.81324965462114,-0.586074902577844,-2.7909802793427,-4.65348067483804,-0.0735275088855057
3448,43,0,1,0.0257411490675702,1,0,0,0.017941964790225,-0.0099842214363738,-7.09242741293243,-4.69913455514468,-0.477495555810307,-1.11589978828977,-2.9556554477697
3449,12,0,1,0.0261799387799149,1,0,1,0.0145118189975619,-0.0538481485283744,-8.6475007932868,-2.9517444476775,-1.13372245649718,-0.890721887599802,-1.31748634469467
3450,9,2,2,-0.152400991276438,1,2,2,-0.153741955757141,-12.2263012415045,-5.92871813830862,-0.00267027381716097,-0.831964978211494,-2.12864822937457,-0.807865523850321
3451,9,2,2,-0.165806278939461,1,2,2,-0.146524384617805,-11.5671040499603,-11.8135726638758,-1.69278623916651e-05,-2.55290162663632,-1.13916127903026,-0.50740279076207
3452,3,2,1,0.0862865556724151,1,2,0,0.0860474109649658,-8.38582701760959,-5.53531978012677,-0.00418183167703122,-0.57453627452094,-0.82924725333152,-7.32865561609289
3453,3,0,1,0.00289554213521283,1,0,1,-0.0175229795277119,-0.00400084827954947,-9.48453823714331,-5.54246874734903,-0.964209918877662,-0.762163038416591,-1.88348194735872
3454,33,2,1,-0.0615253135321462,1,2,1,-0.0715148225426674,-2.56410159497264,-3.19308691496867,-0.125600899767554,-1.4862894079375,-0.312094723468933,-3.17301039725526
3455,9,2,1,0.0785398163397448,1,0,1,0.0474158152937889,-0.372444614998102,-12.3497604716667,-1.16813011255824,-5.48901282244686,-0.559119776807334,-0.857654013220136
3456,33,2,2,-0.0567232006898157,1,2,2,-0.0432833023369312,-6.44312051154691,-4.86467555203173,-0.00934934439892391,-2.83140981120513,-3.55177719179022,-0.0916804389645626
3457,3,2,1,-0.0959931088596881,1,2,0,-0.0921999737620354,-4.61220889863338,-11.3240432761535,-0.00999162639976427,-0.906522737629054,-1.34734251481092,-1.09021705708398
3458,12,2,0,-0.0785398163397448,1,2,1,-0.0554554834961891,-4.68712948085802,-3.61691085180886,-0.0367454942009526,-1.80387294853096,-0.190813575404776,-4.70461369037678
3459,2,2,0,-0.0785398163397448,1,2,1,-0.0984658151865005,-4.12227569973004,-8.3004854407375,-0.0165928514624653,-1.05431209146234,-0.987890573078534,-1.27580336265777
3460,3,2,1,-0.130899693899575,1,2,1,-0.113623283803463,-5.11722248406819,-4.44051091906135,-0.0179426392538416,-2.92751692896241,-0.14426924054637,-2.5155848220081
3461,54,2,1,0.117809724509617,1,2,2,0.109548315405846,-6.04490378500619,-5.95089629194732,-0.00498588003294622,-3.39025908508618,-1.54611625145725,-0.283389670527116
3462,60,2,1,0.170169602069447,1,2,0,0.163134410977364,-8.92821404369707,-12.527047068891,-0.000136265501678328,-0.842771679042518,-1.82624069812595,-0.895345039658633
3463,2,0,0,0.00872664625997165,1,0,1,-0.0149889169260859,-0.00159886079089181,-16.4069027782403,-6.43935162768787,-2.93093490059744,-0.202460335915928,-2.0407290092807
3464,9,2,1,-0.148352986419518,1,2,0,-0.13433763384819,-8.15668769655415,-8.39023110727901,-0.000514043344898027,-0.249807532646027,-1.82191504759379,-2.82457939566487
3465,22,2,1,-0.170169602069447,1,2,1,-0.160058856010437,-12.6203148833983,-3.97266389548681,-0.0190060198426833,-3.66141181934317,-0.0467677745815583,-3.91228373895656
3466,12,2,2,0.130899693899575,1,2,2,0.114484265446663,-6.24777938323733,-4.97931624075459,-0.00885250888799073,-3.67608965740812,-1.34809493552481,-0.335551554240835
3467,85,2,1,0.0471238898038469,1,2,1,0.0500170774757862,-1.53684683203835,-2.87296999112063,-0.316889721945794,-4.47647620326709,-0.0272112123501605,-4.16879843524278
3468,40,0,2,-0.00698131700797732,1,0,1,-0.0150287793949246,-0.00557663391623458,-7.53101015562388,-5.29333791795711,-1.51482860911124,-0.568838087974871,-1.54191372436671
3469,3,2,1,-0.0610865238198015,1,2,1,-0.074608214199543,-3.01427429903651,-6.38262030625278,-0.0521063310066933,-2.66443387893805,-0.725066385766823,-0.807281959639928
3470,43,0,1,0.0305432619099008,1,0,2,0.0213279854506254,-0.0176017153187746,-7.19733407137661,-4.09240034688111,-1.50592841746851,-1.58828619827826,-0.555276876988172
3471,3,2,0,-0.0785398163397448,1,2,1,-0.0805994942784309,-4.87868292048136,-4.91067006634548,-0.0150879058780265,-2.54472040358313,-0.111608440313357,-3.6078290784218
3472,9,2,1,-0.0785398163397448,1,2,1,-0.0921115875244141,-2.33626225630377,-17.4951508513219,-0.101687701790526,-2.99334503861725,-0.334123450891774,-1.45279709032516
3473,9,2,0,0.0959931088596881,1,2,2,0.0957199335098267,-8.31026605792917,-9.02981330616975,-0.000365800997369387,-3.10098828123972,-1.62411332582329,-0.277192032066362
3474,38,0,1,-0.0218166156499291,1,0,2,-0.0341800712049007,-0.256898314717399,-1.79347654304648,-2.81054067598019,-1.7545413347799,-0.915806397531398,-0.851393645057199
3475,12,2,1,0.0610865238198015,1,2,2,0.0444540716707706,-2.44132741069196,-8.19975883082816,-0.0913699199779859,-3.0202049300817,-1.41374091915916,-0.345343591882296
3476,9,2,2,0.0610865238198015,1,2,0,0.00963935349136591,-3.44154155796217,-10.2005461251067,-0.0325773846332792,-1.02929817590746,-1.10419446686162,-1.16711200650758
3477,9,2,1,-0.130899693899575,1,2,2,-0.138485267758369,-10.170129418707,-7.81225794280531,-0.000443139496420319,-5.47511772640265,-4.74786764859016,-0.0129432850088976
3478,3,2,2,0.113446401379631,1,2,2,0.117935605347157,-6.45232176368837,-7.87707153134576,-0.00195814034759707,-3.0278850884041,-1.04519943301347,-0.51089164802374
3479,22,2,1,-0.161442955809475,1,2,1,-0.159964993596077,-12.8843273625368,-4.52407158032224,-0.0109065913188201,-2.60015287999786,-0.540257405649428,-1.06961821063223
3480,33,2,0,-0.0593411945678072,1,2,1,-0.0718157216906548,-3.64559153504854,-4.63811187310855,-0.036437724028031,-2.09533420149697,-0.171213781331191,-3.37174958360772
3481,2,2,2,0.0843709204645036,1,2,1,0.104855932295322,-8.7130475193012,-27.1811108361881,-0.000164522352640163,-9.18384060659661,-0.171736511656634,-1.84708458300824
3482,3,2,0,0.148352986419518,1,2,1,0.144713863730431,-5.96795634173686,-2.89648160723695,-0.0595129092929336,-2.21606953596404,-0.304029496111663,-1.87650680900254
3483,60,2,2,0.170169602069447,1,2,2,0.142536908388138,-7.58990412614465,-3.25450267453144,-0.0398906314452782,-0.878872225826304,-3.8049158620731,-0.575385549822858
3484,2,0,0,0.0261799387799149,1,0,1,0.0413768775761127,-2.00273611907906e-05,-21.8280554069014,-10.8181877775722,-1.63006230081403,-0.235437602684724,-4.27891317386217
3485,27,2,2,-0.109083078249646,1,2,0,-0.104565568268299,-8.25949787488509,-4.62919460606907,-0.0100720008713943,-0.407103729903188,-1.23519238416647,-3.13164277793998
3486,2,2,1,0.148352986419518,1,2,2,0.0986669585108757,-16.4374840908564,-10.9091541896534,-1.83583991051979e-05,-2.28970489641289,-6.49738938647582,-0.108480541790355
3487,12,2,1,0.0785398163397448,1,2,2,0.0599805004894733,-5.08484673165403,-7.72191063976319,-0.00665495967801016,-2.14943115455368,-1.2482162622323,-0.516787892989792
3488,9,2,1,-0.0610865238198015,1,2,1,-0.0570076815783978,-3.78445575190937,-7.18601082743183,-0.0237583365733713,-2.50503541237092,-0.106633248622006,-3.93877318929776
3489,3,2,1,-0.0856387385414604,1,2,0,-0.103079073131084,-4.58882614681446,-10.9575734996399,-0.0102343950765481,-0.667926953120211,-1.54917579462841,-1.29168806723532
3490,33,2,1,-0.0567232006898157,1,2,2,-0.0654675289988518,-5.22742603762519,-4.91153191307257,-0.0128102138328297,-6.95447776929672,-1.00373767524378,-0.458014006240613
3491,3,2,1,-0.0785398163397448,1,2,1,-0.113838098943233,-4.4590819390379,-9.4565858020304,-0.0117195649413523,-1.2013578538507,-1.03447397544607,-1.06769160781936
3492,85,2,1,0.0506145483078356,1,2,1,0.0526768714189529,-1.70242075272287,-2.89909433930637,-0.27091001950043,-4.77981413494411,-0.0179032562681055,-4.67275901285211
3493,3,2,1,0.0785398163397448,1,2,2,0.084281861782074,-4.897080782645,-7.66254221396497,-0.00797018190400907,-2.07798812585869,-1.29873148531219,-0.507596654740067
3494,3,2,2,-0.0959931088596881,1,2,0,-0.102109283208847,-6.33464472526156,-9.6248635733158,-0.00184151111153715,-0.551255858238693,-1.38667190859733,-1.74945511447416
3495,41,0,2,0.010471975511966,1,0,1,0.0438846126198769,-0.329893697764422,-3.6924048533758,-1.3622350026559,-1.24781626619267,-0.83619726067165,-1.27470455148212
3496,12,2,0,-0.0785398163397448,1,2,0,-0.0737459883093834,-9.31947937333219,-6.49583192805733,-0.00160065179311157,-0.459665634117055,-2.5574314788618,-1.23442624717735
3497,41,0,2,0.010471975511966,1,0,1,0.0438846126198769,-0.329893697764422,-3.6924048533758,-1.3622350026559,-1.24781626619267,-0.83619726067165,-1.27470455148212
3498,2,2,1,-0.148352986419518,1,2,1,-0.143508538603783,-11.9242072620242,-3.46333148334115,-0.0318331789691913,-3.43796988291927,-0.0560693009983038,-3.79884637248565
3499,9,2,0,0.0959931088596881,1,2,0,0.088487833738327,-7.60285625516193,-7.39815092717183,-0.00111206592729016,-0.518022854245474,-1.0146599886556,-3.17540630235948
3500,22,2,1,-0.170169602069447,1,2,1,-0.160021975636482,-12.6208938408417,-3.98008984182019,-0.0188640610818596,-3.61348347417829,-0.0490251324203884,-3.86872604286537
3501,40,0,0,-0.00436332312998582,1,0,0,-0.00763674732297659,-0.0011662486322198,-7.62982736908358,-7.29356286533845,-0.464475609608826,-1.09521618646101,-3.29499603787414
3502,22,2,1,-0.161442955809475,1,2,1,-0.160273879766464,-12.8525310766755,-4.43614495333134,-0.0119148590299602,-2.65231937216905,-0.491335793683906,-1.14663545348434
3503,9,2,0,0.0959931088596881,1,2,0,0.0856935307383537,-7.63279496872861,-7.85806043423066,-0.000871262904132156,-0.417831104756911,-1.28067977122005,-2.75391257443809
3504,3,2,1,-0.0959931088596881,1,2,2,-0.0944015309214592,-3.81266858151412,-7.95720697441587,-0.0226948319282563,-0.907554884112735,-1.66772457544926,-0.896942858168442
3505,85,2,1,0.0506145483078356,1,2,1,0.0666460320353508,-4.01650757334532,-2.56863057236299,-0.0994404841359204,-6.5025570993317,-0.00402376863779866,-5.98503235259262
3506,60,2,1,0.170169602069447,1,2,0,0.0998141393065453,-6.37923230623496,-1.66990744754081,-0.21067275713376,-0.385844982343589,-1.37171986686781,-2.71124921247631
3507,27,2,0,-0.109083078249646,1,2,2,-0.113463200628757,-10.0698367714273,-3.42667193005053,-0.0330783886844358,-0.995511597091523,-3.23657705912445,-0.52565596845661
3508,3,2,2,-0.0959931088596881,1,2,0,-0.0961074307560921,-5.69101629525278,-10.0601035386871,-0.00342472048601067,-0.747096166450541,-1.39801006640184,-1.27592868248235
3509,9,2,1,0.0959931088596881,1,2,0,0.0920330733060837,-7.56089479478028,-6.71171992479551,-0.00173844918089892,-0.62762304605568,-0.8301744434266,-3.50098800842194
3510,60,2,2,0.167551608191456,1,2,2,0.147407010197639,-8.80335133742062,-9.21447943975121,-0.000249834272236625,-4.11931664509197,-2.23132836900893,-0.131979810804493
3511,33,2,2,-0.0567232006898157,1,2,2,-0.0680226311087608,-6.28541767358229,-3.26090058012843,-0.0410481675683092,-5.49544567518705,-1.24625850294968,-0.344865254081431
3512,12,2,1,-0.0785398163397448,1,2,0,-0.0811618193984032,-7.96651882605471,-9.44382185837461,-0.000426204417700122,-0.304371103765187,-1.89172233760597,-2.19282451160231
3513,43,0,2,0.0305432619099008,1,0,1,0.0421743728220463,-0.107189758830587,-7.58267407955532,-2.29129282694593,-2.65754350930338,-0.683383598462857,-0.85572716110217
3514,38,0,1,-0.0244346095279206,1,2,2,-0.0259239580482244,-0.887843405802373,-3.068567032523,-0.612544712718293,-1.56848555913187,-3.09707602385112,-0.292415455103717
3515,54,2,1,0.109083078249646,1,2,1,0.0881669297814369,-4.82849554706394,-1.65683768497254,-0.221569499627042,-6.25990330176849,-0.00485506138053559,-5.83213085739902
3516,9,2,2,-0.0785398163397448,1,2,2,-0.0790341049432755,-4.7420720366071,-9.56611576191134,-0.00882947758691814,-1.18489486895411,-1.06816484512331,-1.04815749282602
3517,54,2,2,0.117809724509617,1,2,2,0.124706499278545,-9.90126680387833,-12.6923978537448,-5.31687565729359e-05,-4.05458964273292,-1.74889177233508,-0.212338652092667
3518,2,2,0,-0.0785398163397448,1,2,0,-0.112879365682602,-4.68773133077591,-10.9820475979813,-0.00926740367679379,-0.778294691919744,-1.97291821967741,-0.911897609290269
3519,85,1,1,0.0477728451076404,0,1,1,0.133217290043831,-5.63127687454025,-0.0230997124917357,-3.95018994233842,-10.3953303756604,-4.18433360525e-05,-11.3872355248301
3520,40,0,1,-0.0130899693899575,1,0,1,0.0325324051082134,-0.18834482828909,-4.83847793688956,-1.80940298228008,-1.59113114001927,-0.290538349191015,-3.02734688194467
3521,9,0,1,-0.00872664625997165,1,0,1,0.0328367352485657,-0.0226143510329141,-8.02114278053001,-3.8152562032714,-3.65640355862036,-0.0399870933259285,-4.3145256373143
3522,9,2,1,-0.0436332312998582,1,2,1,-0.0346165485680103,-2.49427687149409,-6.74217048260105,-0.0874510091014483,-5.06773723073356,-0.055068126366614,-3.05160962977129
3523,3,2,2,-0.148352986419518,1,2,0,-0.140578046441078,-6.93877146134236,-10.6356603871885,-0.000993924393715019,-0.206788242640048,-2.57454370676536,-2.20165821834604
3524,3,0,1,-0.00872664625997165,1,0,2,-0.0265198182314634,-0.00976462598472895,-10.3899860419219,-4.63702482467249,-1.55922998157309,-1.22490857355667,-0.70134581881209
3525,3,1,0,0.0261799387799149,0,2,1,0.126736134290695,-4.72593278846465,-2.23876932882138,-0.122678556747281,-1.72866524627988,-0.220823065288531,-3.88148279851173
3526,2,2,1,0.130899693899575,1,2,1,0.139674305915833,-10.4553377711821,-25.8418448071136,-2.884906420154e-05,-11.8748860959677,-0.0302358391405035,-3.51404052323873
3527,9,2,0,0.0959931088596881,1,2,2,0.0982975661754608,-7.99576776241604,-6.73155896143195,-0.00153080508332885,-3.52766311570985,-1.71167625872616,-0.235641805607014
3528,66,2,1,-0.123918376891597,1,2,1,-0.116345681250095,-10.8812936608783,-3.21449455248344,-0.0410246311054677,-3.0996376341417,-0.0834616715479347,-3.35217552702099
3529,12,2,2,-0.148344873365573,1,2,2,-0.136145859956741,-10.7382941268212,-4.19485803211221,-0.0152096609644321,-3.75440376549766,-2.96000687712275,-0.0782134463145306
3530,2,2,1,0.0959931088596881,1,2,1,0.115263901650906,-7.56418365856055,-22.6700610731972,-0.000518754544065501,-6.39031754231681,-0.680313676075441,-0.709552729071339
3531,66,2,0,-0.123918376891597,1,2,1,-0.115312270820141,-10.6921290368399,-3.77523818902792,-0.0232218979896648,-2.05360101541235,-0.468858540786112,-1.40237592382276
3532,2,2,1,-0.148352986419518,1,2,1,-0.141116008162498,-11.925413879536,-3.61767893072695,-0.0272186234858206,-3.3971140794517,-0.0607001102229306,-3.67202870614937
3533,12,2,2,0.0785398163397448,1,2,1,0.0599830411374569,-4.0982020280555,-7.77790003496199,-0.0171678864496025,-2.81222258091421,-0.574699125260551,-0.975365743613808
3534,12,2,1,0.0785398163397448,1,2,1,0.0458467453718185,-4.89653168110162,-7.3811789075423,-0.00812832918728785,-1.86225527883435,-0.659746492916472,-1.11566994355492
3535,12,2,1,-0.150838785242056,1,2,2,-0.14087076485157,-10.7527936895965,-6.57133280522861,-0.00142234341029165,-2.02955767995067,-0.916089124586156,-0.758164306404164
3536,2,0,1,0.0261799387799149,1,0,1,0.038736242800951,-1.07288936139436e-05,-21.9930909660956,-11.4443676215962,-1.63093385339919,-0.232819777859507,-4.42644050024595
3537,12,0,1,-0.00872664625997165,1,0,1,-0.0303907357156277,-0.00978635463487895,-10.8208147610942,-4.63370108233252,-2.77653553321616,-0.522392040009317,-1.06523745589898
3538,56,2,1,0.132645023151569,1,2,2,0.117772310972214,-6.31986606168286,-5.05212918319662,-0.00822964792343832,-3.60347379597857,-1.45978479062382,-0.30045020711606
3539,12,2,1,0.0610865238198015,1,2,2,0.0421671234071255,-2.58653598991318,-7.65153226734685,-0.0787788004868328,-2.22450024084266,-1.05450190647197,-0.60970231163607
3540,9,2,1,-0.0610865238198015,1,2,0,-0.0437964871525764,-5.1940996814031,-10.9083712084973,-0.0055830472992267,-0.786026772240905,-1.14501506032512,-1.4866486779019
3541,12,1,2,0.0959931088596881,0,2,2,0.15883994102478,-6.97226923585718,-4.59539151191681,-0.0110971461745169,-1.15176425752138,-1.11034394529514,-1.03711546338147
3542,2,2,2,-0.0436332312998582,1,2,1,-0.0529984571039677,-1.55786181164885,-6.39565150945258,-0.238580392922896,-1.79519023045383,-0.472429856594377,-1.55865577653836
3543,2,2,0,-0.0875936436575415,1,2,1,-0.0964166149497032,-5.83842528215536,-5.86200825178039,-0.00577552786751095,-2.61936834152488,-0.103087950862935,-3.68474413751649
3544,38,0,0,-0.0234334995772845,1,2,2,0.0162903927266598,-1.21405126754529,-3.75145731632971,-0.386361491350572,-0.898680923398868,-2.18193768342373,-0.733821376418025
3545,27,2,0,-0.109083078249646,1,2,2,-0.11626160889864,-9.75386301095709,-3.34837140581571,-0.0358339585774425,-2.00250386142216,-4.32842028388327,-0.160386209061658
3546,27,2,2,-0.109083078249646,1,2,0,-0.0985250398516655,-7.28530791377076,-4.85808657653407,-0.00848677677411684,-0.632728012515143,-1.55585761965066,-1.35537405590511
3547,12,2,2,0.0959931088596881,1,2,1,0.0678164213895798,-6.95886034902913,-6.03027821358986,-0.00336072677100894,-1.23293019280623,-0.543154160065503,-2.05846704469459
3548,12,2,1,0.0610865238198015,1,2,2,0.0476585291326046,-3.45768186168218,-8.12447560745404,-0.032315402932634,-2.03893549214551,-1.07050927389208,-0.640556747273977
3549,12,2,0,-0.0785398163397448,1,2,1,-0.0852516815066338,-8.25094228257055,-10.8570126668463,-0.000280359941554539,-0.74279618720679,-0.675494167274842,-4.1790248911817
3550,2,2,1,0.130899693899575,1,2,1,0.106773383915424,-4.23995171071412,-16.1659337103512,-0.0145131582262334,-2.63856746963388,-0.190657991113138,-2.28159423865433
3551,3,0,0,0.0261799387799149,1,2,0,0.0683907493948936,-2.13802237617529,-11.139535405619,-0.125452434214854,-0.362892194491438,-1.45915683113094,-2.63238965720668
3552,2,2,0,-0.0959931088596881,1,2,1,-0.107467211782932,-5.09322276291753,-9.88098827499776,-0.00620851974406044,-1.28073393954508,-0.628535184495876,-1.66709792696807
3553,9,2,2,-0.148352986419518,1,2,0,-0.146946430206299,-8.42506461052816,-5.85039288751943,-0.00310281978729347,-0.04111921502711,-3.75113978070798,-4.08671054058828
3554,22,2,2,-0.169330743097422,1,2,0,-0.151086837053299,-11.9855235963153,-6.48852860545751,-0.00152817846463777,-0.575631315362817,-1.92518197860952,-1.23168309456457
3555,3,2,1,-0.0533397844871315,1,2,1,-0.0629239678382874,-2.24968014417778,-6.07052957159909,-0.114000898725395,-2.51627345908591,-0.709233710091366,-0.850458578379006
3556,33,2,1,-0.0654498469497874,1,2,1,-0.0504360683262348,-7.08796261754615,-3.62650865140197,-0.0278276880404004,-3.73772217233455,-0.0491301800399858,-3.72411007329554
3557,2,2,0,-0.0959931088596881,1,2,1,-0.104802317917347,-3.89037856836027,-5.49029220492724,-0.0248710013606569,-1.55262230226461,-0.280810037971761,-3.40713084499614
3558,40,0,0,-0.00436332312998582,1,0,2,-1.48776452988386e-05,-0.0321453824442016,-7.10911456010309,-3.47970111714847,-1.50316618881286,-0.960254108280186,-0.92942758735778
3559,56,2,0,0.135263017029561,1,2,1,0.126839265227318,-8.74106044188544,-10.5842649634956,-0.000185208781404695,-2.21857138587844,-0.177740363089793,-2.91736817070901
3560,12,2,1,0.0610865238198015,1,2,2,0.0331749282777309,-2.76175003716576,-7.36569867789733,-0.065940705622872,-2.91831696223243,-0.848790082727502,-0.657696833941065
3561,9,2,1,-0.0666709638338689,1,2,0,0.0339236371219158,-6.74632596073339,-18.1256609336967,-0.00117591589921189,-0.27086414588489,-3.29625355947365,-1.60814769361748
3562,3,2,0,-0.0610865238198015,1,2,2,-0.0677011832594872,-2.99348909695801,-4.79975407741792,-0.0601153218086798,-2.4237979871272,-1.21115572652307,-0.488473008748981
3563,22,2,1,-0.170169602069447,1,2,1,-0.159250795841217,-12.6094996105987,-4.14938562372181,-0.015903197223657,-2.35614248677596,-0.185724973496936,-2.59410198149069
3564,54,2,0,0.115191730631626,1,2,2,0.110305845737457,-6.04263867146215,-6.40317004045093,-0.00403968752472649,-3.06342224475919,-1.35416616871908,-0.363685139440457
3565,3,2,2,0.0959931088596881,1,2,2,0.0705770999193192,-4.61250212947747,-4.7838054269095,-0.0184603450427527,-4.11460013539122,-1.35062059816754,-0.322151928834665
3566,3,2,0,0.148352986419518,1,2,0,0.143804728984833,-6.47893770040058,-4.15248690416744,-0.0174113727008822,-0.109968714768564,-3.15499620936238,-2.78873116057965
3567,43,0,1,0.027631728498425,1,0,1,0.0312161576002836,-0.0266877331580462,-4.66167936148728,-4.08137379007286,-2.07669955679246,-0.167510852661036,-3.54428095385991
3568,3,0,0,0.0261799387799149,1,0,1,0.0514185801148415,-0.133761527092058,-5.68026364877858,-2.10546847448905,-2.06778656481535,-0.169848952487391,-3.51518392221591
3569,9,2,2,-0.0785398163397448,1,2,0,-0.0830506235361099,-5.22047270963254,-9.42957621889314,-0.00550015599536106,-0.877078523308228,-1.10887095181031,-1.37013660778157
3570,2,2,1,0.0785398163397448,1,2,2,0.0993655547499657,-6.40079381043924,-22.1953184927965,-0.0016616074810021,-9.5338999018489,-0.939039709140218,-0.496060979391458
3571,9,2,1,0.0959931088596881,1,2,1,0.0957817584276199,-5.99706330587089,-9.43266119438168,-0.00256933748468386,-2.92496112983311,-0.0659952701579433,-4.58556330211716
3572,9,2,2,-0.165806278939461,1,2,1,-0.144009470939636,-11.1985308756962,-11.5173918829328,-2.36037178966122e-05,-3.20203119420299,-0.181931127230786,-2.07416130295086
3573,9,2,1,-0.113446401379631,1,2,0,-0.102007694542408,-5.93218657125747,-8.92586513720723,-0.00278939059953257,-0.218866080807315,-2.27765627910266,-2.36396709136374
3574,3,2,1,-0.130703685243345,1,0,1,-0.0819205567240715,-0.365756222564228,-4.2905940710261,-1.22884182993886,-2.28202157296535,-0.149639658810832,-3.29943140274931
3575,12,2,0,-0.165806278939461,1,2,2,-0.155741989612579,-7.57276851379336,-9.48203397128625,-0.000590617991618593,-1.64030810895262,-0.965893637536785,-0.854638745359986
3576,9,2,2,0.0610865238198015,1,2,1,0.0567301362752914,-5.07385256803736,-9.04834081128653,-0.00639632177200458,-1.30969693468027,-0.770660196191487,-1.31904440102816
3577,27,2,0,-0.109558872376229,1,2,2,-0.120160050690174,-9.80324652055572,-4.48153017567998,-0.0114365225607104,-2.27261702543718,-2.12240005810217,-0.252039636930698
3578,22,2,1,-0.166678943565458,1,2,1,-0.15319037437439,-9.87653447733364,-4.12203323893798,-0.0163965205591869,-2.85115543715635,-0.704939056561921,-0.802775103430085
3579,3,2,0,0.0610865238198015,1,2,0,0.0659327656030655,-4.76803929973586,-5.14635907572232,-0.0144210575132223,-0.397611555534648,-1.21860474447873,-3.4285263824455
3580,40,0,0,-0.00436332312998582,1,0,2,0.00307691586203873,-0.00896544811526007,-6.6201481333071,-4.88064524299894,-1.17278984020276,-1.11342611830839,-1.0159289260231
3581,9,2,1,-0.043641344353803,1,2,0,-0.0452914722263813,-5.82332875859315,-7.09012389102493,-0.00379829823665506,-0.304643067450942,-1.85116829031672,-2.24847614620586
3582,9,2,1,-0.110960602557094,1,2,1,-0.123524904251099,-4.61610266234203,-4.92646831687716,-0.017291956966932,-1.24510305369155,-0.391645795422456,-3.32020939234936
3583,9,2,1,0.165806278939461,1,2,1,0.13974916934967,-9.82727574236198,-9.07616470787577,-0.000168337684838758,-3.1995492536651,-0.201518599766443,-1.9538245317275
3584,85,2,1,0.0435353951233084,1,1,1,0.0492594130337238,-1.14569877696331,-1.07177254627958,-1.07999490764142,-4.58896212380707,-0.0219427101353812,-4.46190411205516
3585,85,2,1,0.0471238898038469,1,2,1,0.0500174798071384,-1.53686574811068,-2.87275610765837,-0.316900850657363,-4.47640471944511,-0.0272146422904152,-4.16862688398986
3586,2,2,1,0.148352986419518,1,2,1,0.0952021405100822,-10.0523693082722,-24.0102988428002,-4.30354795407978e-05,-5.73639823586674,-0.0191421661083319,-4.15194656629926
3587,9,2,0,0.154184090544277,1,2,0,0.131461679935455,-5.87109706207364,-7.18328952589183,-0.00358532087941111,-0.633514759904409,-0.768793447371741,-5.16644847276349
3588,41,0,1,0.0130899693899575,1,0,1,0.0438846126198769,-0.329893697764422,-3.6924048533758,-1.3622350026559,-1.24781626619267,-0.83619726067165,-1.27470455148212
3589,12,2,1,0.0610865238198015,1,2,2,0.0448095463216305,-2.39963160233493,-8.3080418963924,-0.0954078467840535,-2.98340114857705,-1.40350111649115,-0.351482001940502
3590,9,2,1,0.130899693899575,1,2,1,0.124496079981327,-5.94386773325973,-3.47690260270751,-0.0340997135903507,-4.60243075337053,-0.012447739041759,-6.05623571236544
3591,9,2,1,-0.0785398163397448,1,2,1,-0.0842521041631699,-0.757203004697208,-16.9452256003043,-0.632948773684161,-2.63591327454988,-0.256891456075284,-1.86501228332733
3592,40,0,1,-0.0130899693899575,1,0,1,0.0403269194066525,-0.206802902177782,-4.74149657063729,-1.72544076817984,-1.5173612290078,-0.490877617674164,-1.78010042730675
3593,3,2,2,0.0959931088596881,1,2,2,0.0830208957195282,-4.55373096306986,-4.8503903358385,-0.0185236729869579,-3.75802552233635,-1.59459359275109,-0.256597888644089
3594,3,2,1,0.0785398163397448,1,2,0,0.0862640365958214,-8.02837213558439,-5.92604379409537,-0.00299956800474087,-0.38751763151281,-1.14532369610172,-5.76372686775173
3595,2,2,1,-0.0610865238198015,1,2,1,-0.0674811154603958,-6.78162716309071,-10.3134689788252,-0.00116827755704957,-1.28608810182846,-0.374035110729592,-3.33267291865417
3596,60,2,2,0.167551608191456,1,2,2,0.152087464928627,-8.6684503638592,-9.7251405794,-0.000231710096953176,-3.92822068177237,-2.33460781025038,-0.123894639119302
3597,3,2,1,0.165806278939461,1,1,1,0.0696907788515091,-12.5668625942536,-0.00633669635517136,-5.06509738778746,-2.3452713053255,-0.145996237074012,-3.21842826063014
3598,43,0,1,0.0290081418098645,1,0,1,0.0202274341136217,-0.00771943273398521,-7.99943728803233,-4.91249789942471,-2.61039932362627,-0.685922673650694,-0.860691649901116
3599,9,2,2,-0.0785398163397448,1,2,0,-0.0857472494244576,-5.50898157435987,-9.30569203630959,-0.00414975022077455,-0.744271538283938,-1.1126499464275,-1.62845283194612
3600,2,0,1,-0.0261799387799149,1,0,2,-0.0451128259301186,-0.147969045090417,-9.05060655553995,-1.98467757626724,-1.41945296825486,-1.43846700348329,-0.652269264141435
3601,3,2,1,-0.0436332312998582,1,2,1,-0.0399432964622974,-2.61858961999654,-6.80727915343302,-0.0768932753353582,-5.19965050364038,-0.0669233230694833,-2.82658828790419
3602,27,2,0,-0.109083078249646,1,2,2,-0.113019369542599,-10.1452566138266,-3.48023841730586,-0.0313248645293233,-0.78437003937093,-3.13705104505768,-0.692782824147649
