window_index,run_id,y_main_true,y_turn_true,theta_true_rad,mask_theta,pred_main,pred_turn,theta_hat_rad,main_logit_0,main_logit_1,main_logit_2,turn_logit_0,turn_logit_1,turn_logit_2
1,54.0,1,1,0.10908307880163193,0,1,1,0.21392102539539337,-9.953784942626953,12.398331642150879,-3.892570734024048,-10.517868041992188,10.15839672088623,-2.103849172592163
2,56.0,2,2,0.13526301085948944,1,2,0,0.13308563828468323,-4.8170318603515625,-6.016268730163574,7.109123706817627,3.5145263671875,-2.843515634536743,-1.9734761714935303
3,22.0,2,1,-0.16406095027923584,1,2,1,-0.17579354345798492,-6.731502532958984,-3.5243492126464844,8.0331449508667,-2.5089938640594482,3.9885921478271484,-2.375469923019409
4,43.0,0,1,0.025307273492217064,1,0,1,0.023919615894556046,7.35825252532959,-4.500956058502197,-3.732152223587036,-0.02181369811296463,1.085797905921936,-2.7610819339752197
5,12.0,2,0,-0.07853981852531433,1,2,1,-0.0913492739200592,-8.024945259094238,-6.86606502532959,9.09640121459961,-1.1232259273529053,1.8705543279647827,-0.4762195944786072
6,2.0,2,1,-0.07764063030481339,1,2,2,-0.08208249509334564,-3.996215343475342,-11.964777946472168,9.367780685424805,-3.5970239639282227,1.365182876586914,1.5062668323516846
7,9.0,2,0,0.09599310904741287,1,2,2,0.07893511652946472,-4.885950088500977,-9.416894912719727,8.385912895202637,-5.452327251434326,1.0389482975006104,2.7092254161834717
8,60.0,2,1,0.16144295036792755,1,1,1,0.1588779240846634,-6.242378234863281,4.0456976890563965,0.36878857016563416,-11.119524002075195,12.405678749084473,-3.4683310985565186
9,12.0,2,0,-0.04363323003053665,1,2,2,-0.03420655056834221,-1.9813708066940308,-8.243729591369629,7.568199157714844,-3.1984426975250244,0.9801585078239441,1.7066705226898193
10,27.0,2,1,-0.10908307880163193,1,2,1,-0.09313636273145676,-6.5970258712768555,-8.696992874145508,10.20362663269043,-0.641646146774292,2.8249242305755615,-3.1232447624206543
11,27.0,2,1,-0.1178097277879715,1,2,1,-0.11416225135326385,-5.477999687194824,-3.205305814743042,6.837197780609131,-4.661687850952148,4.64714241027832,-1.5335195064544678
12,2.0,2,1,0.11344639956951141,1,2,1,0.10296346247196198,-5.7430033683776855,-5.350006103515625,3.8259003162384033,-4.735515594482422,4.401049613952637,0.2364235818386078
13,2.0,2,2,-0.04363323003053665,1,2,2,-0.04019743576645851,-3.4885435104370117,-5.675161361694336,6.691111087799072,-2.5617570877075195,0.6225336790084839,1.8257315158843994
14,40.0,0,1,-0.007023286540061235,1,0,1,-0.005647751502692699,9.470488548278809,-2.885838270187378,-6.8106160163879395,-6.441147327423096,2.855551242828369,2.498547315597534
15,66.0,2,1,-0.12740904092788696,1,2,1,-0.13290949165821075,-5.556342124938965,-10.69060230255127,11.886826515197754,-3.792196035385132,4.330728530883789,-1.3093013763427734
16,9.0,2,2,-0.16580627858638763,1,2,1,-0.17536510527133942,-8.389490127563477,-7.805896282196045,11.118729591369629,-2.5060837268829346,1.1356185674667358,0.45111531019210815
17,43.0,0,1,0.02607686072587967,1,0,2,0.023020807653665543,2.983793258666992,-1.4908844232559204,-1.8123210668563843,-4.047265529632568,1.2751526832580566,2.7493679523468018
18,12.0,2,1,-0.1483529806137085,1,2,1,-0.13119497895240784,-6.615772724151611,-1.773157000541687,6.038202285766602,-6.0475592613220215,6.62785005569458,-2.9433488845825195
19,2.0,2,2,-0.059475842863321304,1,2,2,-0.047499608248472214,-5.679150104522705,-9.336502075195312,8.633744239807129,0.09222763031721115,-1.0553476810455322,0.6344401836395264
20,38.0,0,0,-0.021816615015268326,1,0,0,-0.02722834423184395,3.9016644954681396,-4.822299480438232,-0.48381438851356506,11.234292984008789,-0.2264733761548996,-15.265326499938965
21,9.0,2,1,0.07853981852531433,1,0,2,0.05196833983063698,1.9854066371917725,-9.532668113708496,1.8840056657791138,-2.636967897415161,0.7935901880264282,2.6571500301361084
22,38.0,0,1,-0.0224925484508276,1,0,1,-0.0038639111444354057,9.035948753356934,-5.970614910125732,-4.6486735343933105,-2.1797826290130615,4.0055108070373535,-5.032955169677734
23,2.0,2,1,0.11221355944871902,1,2,1,0.09380097687244415,-6.629064083099365,-6.392498016357422,4.951536655426025,-5.0016045570373535,2.7498388290405273,2.2652335166931152
24,9.0,2,2,-0.07853981852531433,1,2,0,-0.09069310128688812,-7.2933807373046875,-8.262469291687012,9.223716735839844,1.300545573234558,-0.7456437349319458,-1.0343384742736816
25,3.0,2,1,0.04363323003053665,1,2,1,0.024348009377717972,-3.0503103733062744,-10.212754249572754,7.316367149353027,-1.3629173040390015,2.90712571144104,-0.9872203469276428
26,56.0,2,1,0.13526301085948944,1,2,0,0.12311010807752609,-6.969069004058838,-7.070842742919922,10.181896209716797,3.6422979831695557,2.542344808578491,-8.329803466796875
27,27.0,1,1,-0.1178097277879715,0,1,1,0.01586545631289482,-2.269758462905884,6.6399760246276855,-5.2293219566345215,-10.180932998657227,5.571995735168457,1.6612942218780518
28,56.0,2,1,0.12653636932373047,1,2,1,0.11960852891206741,-1.6461901664733887,-6.428379535675049,6.424069881439209,-2.647908926010132,5.704894065856934,-5.079919815063477
29,22.0,2,2,-0.16144295036792755,1,2,2,-0.15662242472171783,-5.495194435119629,-4.230411529541016,6.947042942047119,-5.036312580108643,0.5113453269004822,2.81978440284729
30,43.0,0,1,0.030543262138962746,1,0,1,0.012146693654358387,5.178167819976807,-4.068090915679932,-3.0915656089782715,-3.344254732131958,4.190934181213379,-2.023801803588867
31,43.0,0,2,0.030543262138962746,1,0,1,0.02249806746840477,6.712165355682373,-4.244689464569092,-4.133838176727295,-3.4735891819000244,1.9591164588928223,-1.7483640909194946
32,27.0,2,1,-0.10908307880163193,1,2,1,-0.10155227035284042,-8.682497024536133,-4.6626152992248535,10.248799324035645,-0.5929042100906372,4.313039302825928,-3.9463717937469482
33,12.0,2,0,-0.07853981852531433,1,2,1,-0.08295517414808273,-7.235352516174316,-7.755636692047119,8.93005084991455,0.7639074921607971,0.9939805865287781,-2.295900344848633
34,33.0,2,0,-0.06544984877109528,1,2,1,-0.06853179633617401,-4.894670486450195,-0.6213770508766174,4.558618545532227,2.0823824405670166,2.4731831550598145,-5.228922367095947
35,2.0,2,1,0.09599310904741287,1,2,1,0.09504182636737823,-5.576435565948486,-6.352955341339111,4.453159809112549,-4.423422813415527,3.8875045776367188,0.39016109704971313
36,12.0,2,1,0.1483529806137085,1,2,1,0.14907371997833252,-4.741887092590332,-4.145938873291016,6.85092830657959,2.330595016479492,2.3594627380371094,-4.505014896392822
37,3.0,2,2,0.11344639956951141,1,2,2,0.11544238775968552,-3.601759910583496,-5.797244548797607,6.74303674697876,-3.919492721557617,-0.8817691802978516,3.0927274227142334
38,12.0,2,1,-0.16580627858638763,1,2,1,-0.1550460010766983,-8.651737213134766,-6.186568260192871,10.834217071533203,1.7570472955703735,1.967499017715454,-3.9057915210723877
39,9.0,2,1,0.07853981852531433,1,2,2,0.05767786130309105,-3.0821216106414795,-8.401313781738281,10.005830764770508,-9.692727088928223,1.9454083442687988,5.695969104766846
40,40.0,0,1,-0.006981316953897476,1,0,1,-0.011102135293185711,9.82567310333252,-3.1977951526641846,-6.814184188842773,-5.478903293609619,2.806443214416504,1.5618127584457397
41,2.0,2,1,0.09599310904741287,1,2,1,0.09143878519535065,-5.8443732261657715,-7.1056294441223145,5.009215831756592,-4.338723659515381,3.1396536827087402,1.0315616130828857
42,2.0,2,2,0.08953382074832916,1,2,1,0.06013352796435356,-5.677224159240723,-5.700599670410156,3.641602039337158,-7.014005661010742,6.628401756286621,-0.26601284742355347
43,2.0,0,0,-0.008726646192371845,1,0,2,-0.018407262861728668,13.90192985534668,-6.860240459442139,-8.143176078796387,-9.424385070800781,1.6379952430725098,4.989943504333496
44,2.0,2,1,-0.16580627858638763,1,2,1,-0.15993380546569824,-4.9687113761901855,-2.092771530151367,5.534852027893066,-2.000147819519043,5.367176055908203,-4.720790863037109
45,2.0,2,1,-0.11344639956951141,1,2,1,-0.10966712236404419,-5.2416534423828125,-4.3251051902771,7.040034294128418,-1.5475445985794067,3.6565842628479004,-3.3328490257263184
46,3.0,2,2,-0.1483529806137085,1,2,0,-0.17184801399707794,-9.65875244140625,-4.798909664154053,8.375234603881836,3.910382032394409,-2.280280351638794,-2.497171640396118
47,27.0,1,1,-0.1178097277879715,0,1,1,-0.05667642131447792,-5.777284622192383,7.913978099822998,-2.393228530883789,-4.6596999168396,5.563753128051758,-3.384615182876587
48,22.0,2,1,-0.16406095027923584,1,2,2,-0.16176073253154755,-4.975127220153809,-1.7289589643478394,4.937058448791504,-6.1352858543396,0.3797556459903717,2.337082862854004
49,9.0,2,1,0.16580627858638763,1,2,1,0.1475798338651657,-7.3298139572143555,-3.974134922027588,7.562207221984863,-4.873784065246582,2.962333917617798,1.0782873630523682
50,27.0,2,1,-0.10908307880163193,1,2,1,-0.09042780846357346,-8.837526321411133,-5.326467990875244,10.71248722076416,-2.867076873779297,4.772054195404053,-2.2107083797454834
51,3.0,2,1,0.07853981852531433,1,2,2,0.08196200430393219,-1.1034326553344727,-13.394880294799805,9.741999626159668,-7.8755693435668945,-1.9855798482894897,6.949001789093018
52,43.0,0,1,0.027217261493206024,1,0,1,0.024267200380563736,5.194281101226807,-3.3552777767181396,-2.379591941833496,-2.0736517906188965,0.9761049151420593,0.22568252682685852
53,2.0,2,1,0.13089969754219055,1,2,1,0.18003930151462555,-2.5837485790252686,-16.34366798400879,10.848701477050781,-5.573153018951416,3.6159780025482178,1.0738451480865479
54,40.0,0,1,-0.004363323096185923,1,0,1,0.0005333414301276207,10.31080150604248,-1.4422138929367065,-9.75656509399414,-0.1733093559741974,4.664375305175781,-7.319410800933838
55,27.0,2,1,-0.11431906372308731,1,2,0,-0.11682628095149994,-6.37741231918335,-10.06743335723877,12.45443344116211,0.17381083965301514,-0.35246115922927856,-0.29366374015808105
56,12.0,2,1,-0.058109987527132034,1,2,2,-0.06071088835597038,-6.516695499420166,-6.391357898712158,10.092848777770996,-3.6006529331207275,-0.17353980243206024,1.9168167114257812
57,2.0,0,1,-0.008726646192371845,1,0,2,-0.0320344977080822,11.930315017700195,-4.533609867095947,-8.943546295166016,-11.640440940856934,4.371438503265381,5.017449855804443
58,2.0,0,1,-0.02617993950843811,1,0,2,-0.029146645218133926,9.304845809936523,-8.356036186218262,-2.543288230895996,-3.0483906269073486,-0.24786607921123505,1.8828136920928955
59,3.0,2,0,-0.07853981852531433,1,2,0,-0.08470156043767929,-5.198863983154297,-9.793691635131836,11.147465705871582,5.7112321853637695,3.6978094577789307,-9.667814254760742
60,60.0,2,2,0.1636090725660324,1,2,2,0.14666201174259186,-3.238445997238159,-4.459819316864014,5.713189125061035,-5.8620195388793945,-1.1346122026443481,5.650568962097168
61,12.0,2,1,0.06108652427792549,1,2,0,0.07096915692090988,-2.3397891521453857,-10.480630874633789,9.503803253173828,7.275450706481934,1.0137546062469482,-8.058771133422852
62,3.0,0,1,0.02617993950843811,1,0,2,0.041910991072654724,7.047737121582031,-5.5716986656188965,-3.4845664501190186,-10.536558151245117,2.7863967418670654,2.917208194732666
63,2.0,2,1,0.09599310904741287,1,2,1,0.09438446164131165,-5.562497138977051,-6.316184997558594,4.434648036956787,-4.376916408538818,3.83487606048584,0.414465069770813
64,3.0,2,1,0.11344639956951141,1,2,1,0.10570691525936127,-8.793624877929688,-5.688040256500244,10.777137756347656,-4.3987555503845215,2.8556714057922363,1.115901231765747
65,3.0,2,0,0.06108652427792549,1,2,0,0.07519590854644775,-4.707528114318848,-9.691123008728027,10.931203842163086,10.956804275512695,4.0201239585876465,-18.81498146057129
66,43.0,0,0,0.030543262138962746,1,0,0,0.0420224703848362,11.963772773742676,-3.5948262214660645,-8.602981567382812,10.206634521484375,-4.532667636871338,-12.79036808013916
67,41.0,0,2,0.004363323096185923,1,0,1,-0.0015097139403223991,6.400391578674316,-2.618647336959839,-4.508974075317383,-3.06195330619812,1.030530571937561,-0.36633065342903137
68,9.0,2,1,0.13089969754219055,1,2,1,0.12277443706989288,-1.729975700378418,-6.477797508239746,6.525820255279541,-2.612199306488037,5.741474151611328,-5.182435512542725
69,12.0,0,1,0.02617993950843811,1,0,0,0.0014906162396073341,8.463706970214844,-6.578076362609863,-2.480530261993408,5.172787666320801,4.098116874694824,-9.842754364013672
70,12.0,0,2,0.008726646192371845,1,0,1,-0.005392658524215221,10.673709869384766,-7.366810321807861,-4.18411922454834,-3.4636809825897217,2.07240629196167,-0.5408548712730408
71,3.0,2,1,-0.1483529806137085,1,2,1,-0.18605980277061462,-9.311315536499023,-3.067232608795166,7.697415828704834,1.0470716953277588,3.366800308227539,-5.0346598625183105
72,9.0,2,0,0.16580627858638763,1,2,2,0.14895789325237274,-7.297003746032715,-5.412196636199951,8.714946746826172,-4.010428428649902,1.5699410438537598,1.7290892601013184
73,12.0,2,1,0.09599310904741287,1,2,2,0.08142513036727905,-5.6434855461120605,-7.654613971710205,9.248669624328613,-1.699877381324768,-1.7974735498428345,3.457289457321167
74,41.0,0,2,0.010471975430846214,1,0,2,0.011389200575649738,4.53879976272583,-2.878779888153076,-2.4082517623901367,-0.33568891882896423,-1.4150304794311523,0.27617985010147095
75,2.0,2,0,0.04363323003053665,1,0,0,0.05570300668478012,1.990269422531128,-9.649760246276855,1.8320720195770264,2.199535608291626,0.700522243976593,-3.3197951316833496
76,41.0,0,2,0.006529440172016621,1,0,2,0.0033255061134696007,6.000271797180176,-2.816582679748535,-4.046382904052734,-2.8320868015289307,-1.2571313381195068,1.856263279914856
77,41.0,0,2,0.013089969754219055,1,0,2,0.0007262667641043663,7.326706886291504,-4.612553596496582,-4.138947010040283,-8.198261260986328,0.5321876406669617,4.321838855743408
78,12.0,2,1,0.09599310904741287,1,2,2,0.08492383360862732,-5.907970428466797,-7.397035598754883,9.349634170532227,-1.9159125089645386,-1.009760856628418,2.9488422870635986
79,43.0,0,0,0.027925267815589905,1,0,0,0.013807891868054867,4.137824058532715,-7.329921722412109,1.3379895687103271,5.62399959564209,3.372422456741333,-9.596529006958008
80,12.0,2,2,0.13089969754219055,1,2,2,0.12684433162212372,-4.693387031555176,-4.691090106964111,7.367206573486328,-3.9947383403778076,-0.058325931429862976,3.193265676498413
81,9.0,2,2,-0.06883326172828674,1,2,2,-0.08235355466604233,-7.155524253845215,-9.35306453704834,10.727625846862793,-0.6996197700500488,0.6249472498893738,1.0943951606750488
82,43.0,0,2,0.030543262138962746,1,0,0,0.0371023565530777,7.579596519470215,-5.703529357910156,-3.4140591621398926,1.3019707202911377,-2.977267265319824,-1.204264760017395
83,40.0,0,1,-0.004363323096185923,1,0,1,0.0017970399931073189,8.920149803161621,-13.062132835388184,0.11782661825418472,1.513906717300415,3.2884340286254883,-5.675734519958496
84,2.0,2,2,0.07853981852531433,1,2,1,0.0584435798227787,-5.51521110534668,-7.13730001449585,4.640011310577393,-6.0974016189575195,5.915366172790527,-0.41227349638938904
85,66.0,2,0,-0.1255151331424713,1,2,0,-0.13025601208209991,-5.827474117279053,-6.0701727867126465,9.28453540802002,4.517265796661377,-1.9240671396255493,-2.986523151397705
86,54.0,2,1,0.11525717377662659,1,2,2,0.14180459082126617,-4.703975200653076,-4.758031368255615,6.831596851348877,0.6432600617408752,-1.2204358577728271,1.6160556077957153
87,3.0,2,1,0.11344639956951141,1,2,1,0.11207364499568939,-5.603599548339844,-6.8374223709106445,8.77559757232666,-9.427267074584961,6.672929286956787,-0.41097360849380493
88,2.0,2,0,-0.09599310904741287,1,2,0,-0.11735604703426361,-5.564640998840332,-8.070252418518066,10.029638290405273,4.9848833084106445,0.09316940605640411,-3.9944467544555664
89,12.0,0,0,-0.02617993950843811,1,0,0,-0.029708046466112137,1.6694021224975586,-6.436408996582031,1.081240177154541,3.2854552268981934,1.8974847793579102,-6.4322829246521
90,12.0,2,0,-0.04363323003053665,1,2,2,-0.05020466074347496,0.9650595188140869,-9.583846092224121,5.894416332244873,-6.205069541931152,0.6329028010368347,4.494359016418457
91,3.0,2,0,0.1483529806137085,1,2,0,0.1597815603017807,-3.414144992828369,-1.5423051118850708,3.076352119445801,4.0958428382873535,-0.9981133341789246,-5.1198906898498535
92,2.0,2,1,0.06108652427792549,1,2,0,0.05288266763091087,-2.9984383583068848,-10.59210205078125,6.34326171875,0.6326391696929932,-1.1045360565185547,0.42707008123397827
93,2.0,2,1,-0.11096060276031494,1,2,1,-0.11435334384441376,-12.849681854248047,-4.339669704437256,13.194899559020996,-2.1407997608184814,4.54957389831543,-3.7365927696228027
94,9.0,2,1,-0.04363323003053665,1,2,1,-0.06146259233355522,-1.7395116090774536,-3.815455913543701,2.058119773864746,-4.49910831451416,2.483896493911743,1.2710111141204834
95,3.0,2,1,-0.07853981852531433,1,2,0,-0.09690442681312561,-4.1812639236450195,-7.357760906219482,8.892494201660156,4.034536361694336,0.4671088755130768,-4.880616664886475
96,43.0,0,1,0.021816615015268326,1,0,1,0.011025120504200459,9.883965492248535,-2.119051218032837,-7.915676593780518,-3.4483702182769775,6.325908184051514,-7.219564914703369
97,38.0,0,0,-0.024434609338641167,1,0,0,-0.026369798928499222,3.3094823360443115,-6.68176794052124,-0.025413788855075836,2.7679150104522705,1.6283925771713257,-5.310826778411865
98,9.0,2,1,0.13089969754219055,1,2,1,0.12281401455402374,-1.7356082201004028,-6.4606146812438965,6.51973295211792,-2.610698938369751,5.734360218048096,-5.178561210632324
99,27.0,2,1,-0.10908307880163193,1,2,2,-0.10388947278261185,-6.890579700469971,-7.6688385009765625,10.992818832397461,-2.88763689994812,1.0646917819976807,3.133821487426758
100,38.0,0,0,-0.021816615015268326,1,0,0,-0.027276303619146347,6.423429489135742,-4.072299957275391,-3.3883073329925537,3.3393666744232178,-0.6044421792030334,-7.0842132568359375
101,12.0,0,1,-0.008798436261713505,1,0,0,0.009711080230772495,12.76333236694336,-13.91263484954834,-3.9397127628326416,3.44991135597229,0.8614845871925354,-4.216877460479736
102,3.0,2,1,-0.07853981852531433,1,2,0,-0.07967326045036316,-6.30081844329834,-4.711916923522949,8.888882637023926,3.7357492446899414,0.8343636393547058,-4.895575523376465
103,3.0,2,0,0.1483529806137085,1,2,0,0.14195330440998077,-4.6713104248046875,-4.00018310546875,5.95016622543335,7.54871940612793,0.29065412282943726,-10.800524711608887
104,66.0,2,1,-0.12456493079662323,1,2,1,-0.12545770406723022,-5.340143203735352,-3.1411805152893066,6.614221572875977,-3.1554958820343018,4.221331596374512,-2.5171096324920654
105,43.0,0,0,0.03006746806204319,1,0,0,0.017183344811201096,5.49881649017334,-6.938265800476074,-0.559314489364624,5.827768325805664,-5.975116729736328,-2.7520668506622314
106,3.0,2,1,-0.07853981852531433,1,2,1,-0.07481229305267334,-4.4129638671875,-7.287880897521973,9.118571281433105,1.1695795059204102,2.3816285133361816,-3.816455602645874
107,12.0,2,2,0.11344639956951141,1,2,0,0.10063132643699646,-1.4762277603149414,-7.653083801269531,6.613748550415039,6.648326873779297,2.4379138946533203,-9.65138053894043
108,2.0,0,1,0.02617993950843811,1,0,0,0.006243755109608173,9.094964027404785,-8.294089317321777,-5.189441204071045,3.2305195331573486,2.7696127891540527,-6.131750583648682
109,9.0,2,1,-0.04363323003053665,1,2,1,-0.053049419075250626,-2.817971706390381,-9.984040260314941,9.126873970031738,0.7660039663314819,3.429189920425415,-6.171374320983887
110,85.0,2,1,0.05061454698443413,1,2,1,0.06001028046011925,-3.7029361724853516,-3.9314727783203125,5.354010105133057,-6.821507453918457,7.881204605102539,-3.059572458267212
111,3.0,1,2,-0.11344639956951141,0,0,2,-0.0241304449737072,2.808396339416504,-6.41104793548584,0.6973456144332886,-7.303524971008301,2.706946849822998,3.048443555831909
112,3.0,2,0,0.13089969754219055,1,2,0,0.1303853541612625,-6.295825004577637,-6.2906646728515625,8.843572616577148,3.5964179039001465,-1.9274930953979492,-2.6392221450805664
113,3.0,2,1,0.07853981852531433,1,2,2,0.09545548260211945,-3.362255573272705,-12.596957206726074,11.121649742126465,-7.369699954986572,-3.352689266204834,6.453118801116943
114,3.0,0,2,-0.02617993950843811,1,0,1,-0.036628030240535736,7.599324703216553,-4.7546892166137695,-4.897225856781006,-9.318991661071777,3.61551833152771,3.332111120223999
115,60.0,2,1,0.17016960680484772,1,2,1,0.15554586052894592,-6.946141242980957,-1.7588533163070679,5.665846824645996,-4.584133625030518,6.928915977478027,-3.0524117946624756
116,2.0,0,1,0.008726646192371845,1,0,0,-0.009255233220756054,7.1265034675598145,-7.6913957595825195,-3.7759056091308594,6.714328765869141,1.5923165082931519,-7.934340953826904
117,85.0,2,1,0.04363323003053665,1,2,1,0.04970637336373329,-1.362046718597412,-5.2506914138793945,4.8862175941467285,-4.319680213928223,4.857078552246094,-2.975336790084839
118,9.0,2,2,-0.07853981852531433,1,2,1,-0.0809648185968399,-6.638746738433838,-6.096765995025635,7.533301830291748,-0.8936141729354858,2.1188814640045166,-0.8362780213356018
119,54.0,2,1,0.11514975875616074,1,2,1,0.09952406585216522,-6.232388973236084,-3.8335373401641846,6.349917888641357,-0.2195119857788086,0.6652833223342896,-2.4042677879333496
120,3.0,2,2,-0.1483529806137085,1,2,1,-0.183680921792984,-10.594247817993164,-3.6877079010009766,8.8253755569458,-0.42593491077423096,2.6332740783691406,-2.9651095867156982
121,2.0,2,2,-0.11344639956951141,1,2,2,-0.11367683112621307,-5.758236885070801,-3.304644823074341,6.755190849304199,-9.11600112915039,-3.059257984161377,9.481491088867188
122,54.0,2,1,0.1178097277879715,1,2,2,0.12147347629070282,-4.483577251434326,-9.714579582214355,9.71977710723877,-1.959702730178833,-1.675163745880127,0.8778676986694336
123,2.0,2,2,0.16580627858638763,1,2,1,0.15188360214233398,-4.698702812194824,-8.760224342346191,7.341314792633057,-2.525026559829712,1.4633674621582031,1.4278340339660645
124,9.0,2,0,0.09599310904741287,1,2,0,0.09044909477233887,-8.473738670349121,-4.438689231872559,9.797593116760254,2.85949969291687,0.5472050309181213,-3.5833616256713867
125,3.0,2,1,0.09599310904741287,1,2,1,0.07785064727067947,-2.0196244716644287,-13.885279655456543,10.754876136779785,-2.0859503746032715,5.566304683685303,-7.746121406555176
126,12.0,2,0,-0.07853981852531433,1,2,0,-0.08313827216625214,-0.8013425469398499,-9.278185844421387,6.43118143081665,1.0957856178283691,-1.344677209854126,-0.35436537861824036
127,3.0,2,1,0.04363323003053665,1,2,1,0.018342260271310806,-3.015348434448242,-10.698562622070312,7.735776424407959,-1.693663477897644,2.634286880493164,-0.5582508444786072
128,2.0,2,1,0.07853981852531433,1,2,1,0.05084811523556709,-4.858081340789795,-7.8466572761535645,4.274390697479248,-6.70590877532959,4.1885666847229,1.9498871564865112
129,12.0,2,0,0.16580627858638763,1,2,0,0.15544678270816803,-3.883443593978882,-0.7104954719543457,3.1985325813293457,0.744967520236969,0.2752058506011963,-0.1476798951625824
130,9.0,2,2,-0.06108652427792549,1,2,2,-0.05960688367486,-4.337632179260254,-10.733163833618164,9.280099868774414,-1.308232307434082,-0.7045347094535828,1.4402885437011719
131,3.0,2,1,-0.04363323003053665,1,2,1,-0.055461447685956955,-1.6820000410079956,-8.200763702392578,6.723163604736328,-4.258441925048828,2.9822475910186768,-0.2910136580467224
132,60.0,2,1,0.17016960680484772,1,2,1,0.1469361037015915,-7.101223945617676,-5.161211967468262,8.112224578857422,-4.08191442489624,5.521173000335693,-1.8500609397888184
133,66.0,2,0,-0.13788101077079773,1,2,0,-0.1478268951177597,-5.255237102508545,-7.47184419631958,9.57804012298584,2.2144484519958496,0.7918593287467957,-2.680429220199585
134,12.0,2,1,0.07853981852531433,1,2,1,0.0728236585855484,-11.081343650817871,-1.367228627204895,8.994134902954102,-5.648192882537842,3.450343370437622,1.1895067691802979
135,66.0,2,1,-0.12740904092788696,1,2,0,-0.12542739510536194,-5.3949666023254395,-6.9184746742248535,9.291259765625,2.27827787399292,2.2591142654418945,-4.141560077667236
136,2.0,2,1,-0.11344639956951141,1,2,1,-0.12104935944080353,-5.45658540725708,-1.949809193611145,5.249823093414307,-3.335317611694336,2.702530860900879,-1.681921124458313
137,3.0,2,1,-0.06108652427792549,1,2,2,-0.07086139172315598,-7.3860673904418945,-0.054717376828193665,6.538423538208008,-4.666464805603027,0.7138900756835938,4.080679893493652
138,3.0,2,1,0.07853981852531433,1,2,2,0.08437122404575348,-2.1037561893463135,-8.312281608581543,6.80605936050415,-5.593442916870117,0.6388777494430542,3.7427966594696045
139,27.0,2,0,-0.11170107126235962,1,2,0,-0.10498525947332382,-6.954501152038574,-5.426485061645508,9.687268257141113,3.8015706539154053,3.506521224975586,-7.880269527435303
140,12.0,2,2,-0.13089969754219055,1,2,1,-0.13978342711925507,-5.130504131317139,-1.1183189153671265,4.901428699493408,-5.804263114929199,1.5371043682098389,1.4060149192810059
141,9.0,2,0,0.1483529806137085,1,2,0,0.16646072268486023,-6.0331597328186035,-1.0805693864822388,4.804093837738037,5.431253910064697,0.8509811758995056,-9.500707626342773
142,41.0,0,1,0.004363323096185923,1,0,1,0.0013412097468972206,5.529367923736572,-2.4929468631744385,-3.806159257888794,-2.8487746715545654,3.6883745193481445,-3.5732014179229736
143,66.0,2,0,-0.12709525227546692,1,2,0,-0.1299590766429901,-5.796857833862305,-6.2539591789245605,9.400809288024902,4.3692402839660645,-1.9348056316375732,-2.7863991260528564
144,60.0,2,2,0.17016960680484772,1,2,2,0.16863365471363068,-4.839352607727051,-6.398482799530029,8.007405281066895,1.5617713928222656,-1.792145013809204,1.5934175252914429
145,3.0,2,1,0.16580627858638763,1,2,1,0.1438024789094925,-4.665140151977539,-1.656931757926941,4.622244834899902,-5.973784446716309,7.584393501281738,-2.907680034637451
146,2.0,2,2,-0.04363323003053665,1,2,2,-0.05003173276782036,-2.7089014053344727,-5.698983669281006,5.492528915405273,-2.435354232788086,-0.1380026489496231,1.6244078874588013
147,66.0,2,0,-0.13183774054050446,1,2,0,-0.12783612310886383,-5.261940956115723,-6.668356895446777,9.036853790283203,2.5643115043640137,1.8750293254852295,-3.970047950744629
148,3.0,2,1,-0.07853981852531433,1,2,0,-0.08492137491703033,-3.8811533451080322,-8.03282642364502,9.139627456665039,3.1215498447418213,-0.17211808264255524,-3.9703519344329834
149,2.0,0,1,-0.008726646192371845,1,0,2,-0.013715664856135845,12.85747241973877,-4.544316291809082,-9.664441108703613,-11.637711524963379,4.640417575836182,5.056755542755127
150,33.0,2,1,-0.05672319978475571,1,2,1,-0.05757497623562813,-6.94789981842041,-1.7634916305541992,6.968369007110596,-2.760667562484741,5.5020904541015625,-3.7764222621917725
151,3.0,2,1,-0.09599310904741287,1,2,2,-0.0961669310927391,-6.4512715339660645,-8.369288444519043,8.232450485229492,0.6899377107620239,-2.0883090496063232,1.2968389987945557
152,2.0,2,2,0.07853981852531433,1,2,1,0.055940281599760056,-4.978628158569336,-6.599375247955322,3.837265729904175,-6.416400909423828,6.333337783813477,-0.6428528428077698
153,56.0,2,2,0.12653636932373047,1,2,2,0.1257011592388153,-2.5311460494995117,-5.847410202026367,6.288265228271484,-2.3099496364593506,-1.880303144454956,2.9015579223632812
154,54.0,2,1,0.10908307880163193,1,2,1,0.10266116261482239,-1.5024654865264893,-5.998142242431641,6.0458760261535645,-3.7578113079071045,5.864598274230957,-4.443507671356201
155,3.0,0,1,-0.008726646192371845,1,0,1,-0.007553908042609692,14.338788986206055,-7.040744304656982,-7.890438556671143,-4.555049896240234,2.0306084156036377,1.3711503744125366
156,2.0,2,1,0.11344639956951141,1,2,1,0.1038309782743454,-5.71215295791626,-5.396097660064697,3.825406312942505,-4.770812034606934,4.54115629196167,0.10436592251062393
157,9.0,2,1,-0.11345451325178146,1,2,2,-0.10993707180023193,-7.132345199584961,-7.442543029785156,10.887726783752441,-5.2904791831970215,-2.023911952972412,3.097165822982788
158,43.0,0,0,0.030543262138962746,1,0,0,0.019260607659816742,9.310163497924805,-5.733543872833252,-3.2999119758605957,6.685642719268799,-2.984415054321289,-6.258768558502197
159,56.0,2,2,0.13526301085948944,1,2,2,0.14099429547786713,-4.100239276885986,-6.004007816314697,7.487473011016846,1.3823333978652954,-1.6352535486221313,1.3947203159332275
160,9.0,2,1,0.04363323003053665,1,2,0,0.0220564603805542,-3.033715009689331,-4.240072250366211,4.441981315612793,1.0110150575637817,-2.658529043197632,0.019782789051532745
161,41.0,0,1,0.004363323096185923,1,0,1,0.0039052898064255714,6.08871603012085,-2.7047817707061768,-4.147441387176514,-3.235243558883667,4.2443013191223145,-3.724863052368164
162,9.0,2,1,-0.10121075809001923,1,2,0,-0.12999410927295685,-3.565526008605957,-10.450064659118652,9.754899978637695,1.9149763584136963,0.8827274441719055,-2.7011003494262695
163,12.0,2,1,-0.11806859076023102,1,2,1,-0.11255401372909546,-5.824575424194336,-3.285940647125244,7.171950817108154,-4.705859184265137,4.044292449951172,-0.8473122119903564
164,3.0,2,2,-0.1483529806137085,1,2,0,-0.17208480834960938,-9.640083312988281,-4.764688014984131,8.355490684509277,3.8600847721099854,-2.2216219902038574,-2.49403977394104
165,60.0,2,1,0.17016960680484772,1,2,1,0.15701182186603546,-5.87064266204834,-6.340677738189697,8.359010696411133,-1.7711005210876465,8.033038139343262,-5.958920478820801
166,2.0,2,1,0.06108652427792549,1,2,0,0.05547735467553139,-3.205104112625122,-9.99790096282959,5.943699836730957,0.46063435077667236,-0.3707325756549835,-0.14175495505332947
167,3.0,1,0,0.02617993950843811,0,2,0,0.09456614404916763,-9.107956886291504,2.1261136531829834,4.331183910369873,3.2601475715637207,2.5634679794311523,-9.914437294006348
168,22.0,2,2,-0.16406095027923584,1,2,2,-0.16127681732177734,-4.957581043243408,-1.7059276103973389,4.905945301055908,-6.197850227355957,0.38373374938964844,2.3926641941070557
169,3.0,2,0,0.07853981852531433,1,2,0,0.09261731803417206,-3.455338716506958,-5.936465263366699,6.632983684539795,1.7047923803329468,-0.8386766314506531,-1.3340574502944946
170,27.0,2,1,-0.10920700430870056,1,2,1,-0.1146080493927002,-6.472768783569336,-6.596886157989502,9.912407875061035,-4.747805595397949,4.193963050842285,-1.2453759908676147
171,12.0,2,0,-0.04363323003053665,1,2,2,-0.05119789019227028,-4.298448085784912,-6.848471164703369,8.318078994750977,-2.729205846786499,0.5169497132301331,1.7237516641616821
172,9.0,2,2,-0.1483529806137085,1,2,2,-0.14231939613819122,-5.441056251525879,-5.186446189880371,7.3184099197387695,-3.7539515495300293,-0.3442321717739105,1.735207438468933
173,2.0,2,1,0.07853981852531433,1,2,1,0.05436864122748375,-5.428834915161133,-6.574963092803955,4.241479873657227,-6.428333759307861,6.443798065185547,-0.739848256111145
174,3.0,2,0,0.06108652427792549,1,2,1,0.06640813499689102,-4.668373107910156,-2.6681032180786133,4.843429088592529,-0.3186013996601105,1.9850647449493408,-2.355271577835083
175,12.0,2,0,-0.07853981852531433,1,2,1,-0.0845552310347557,-7.5034589767456055,-6.386982440948486,8.381911277770996,-1.0232044458389282,1.97762131690979,-0.6053040623664856
176,60.0,2,1,0.17016960680484772,1,2,1,0.20480124652385712,-8.231965065002441,-3.9424710273742676,8.555548667907715,-0.746080219745636,1.5234835147857666,-4.177204608917236
177,3.0,2,2,0.09599310904741287,1,2,2,0.07659827172756195,-13.546133995056152,-3.3594584465026855,12.280402183532715,-8.1966552734375,-1.61257803440094,8.236446380615234
178,9.0,2,2,-0.16580627858638763,1,2,2,-0.16464456915855408,-5.101307392120361,-11.771783828735352,11.98420524597168,-1.0418953895568848,-0.14805243909358978,0.09872884303331375
179,9.0,2,1,0.04363323003053665,1,2,0,0.03789776191115379,-4.948105335235596,-4.554614543914795,6.449676513671875,1.4861066341400146,-2.704176664352417,-0.5454034805297852
180,12.0,0,2,-0.008726646192371845,1,0,2,-0.010065983049571514,13.053279876708984,-8.339207649230957,-5.90516471862793,-6.497645378112793,0.7231571078300476,3.947218418121338
181,9.0,2,1,0.09599310904741287,1,2,0,0.09101077914237976,-4.445714950561523,-9.597535133361816,9.924392700195312,5.421721458435059,2.9334163665771484,-10.066442489624023
182,9.0,2,1,-0.09599310904741287,1,2,0,-0.09641250967979431,-5.9473466873168945,-5.951667308807373,8.920999526977539,3.392505645751953,1.22663152217865,-5.6192545890808105
183,2.0,2,0,0.04363323003053665,1,0,0,0.038287945091724396,5.606385231018066,-9.059245109558105,-1.6089997291564941,2.701308012008667,1.7178356647491455,-4.99539852142334
184,9.0,2,1,-0.16580627858638763,1,2,1,-0.1268516182899475,-8.278369903564453,-9.15108585357666,11.930996894836426,-2.145407199859619,3.862306833267212,-3.7022180557250977
185,12.0,2,2,-0.13089969754219055,1,2,2,-0.1397421509027481,-5.34600305557251,-0.9364272952079773,4.89973258972168,-4.828721046447754,0.8237894177436829,1.3071410655975342
186,9.0,0,1,-0.008726646192371845,1,0,2,-0.010899248532950878,9.669849395751953,-9.381787300109863,-1.5350500345230103,-4.610173225402832,1.1750606298446655,2.5004217624664307
187,38.0,0,1,-0.02194054052233696,1,0,1,0.010901165194809437,10.76651382446289,-6.318620681762695,-6.068127155303955,-3.433208703994751,3.897793769836426,-3.1635310649871826
188,2.0,2,1,0.11344639956951141,1,2,1,0.10479474067687988,-5.656159400939941,-5.4926838874816895,3.8463025093078613,-4.859246253967285,4.778871536254883,-0.09604840725660324
189,9.0,0,1,0.0057501099072396755,1,0,1,-0.007168191485106945,14.847333908081055,-5.3344197273254395,-9.429962158203125,2.0859031677246094,6.568558216094971,-9.601795196533203
190,2.0,0,0,-0.008726646192371845,1,0,2,-0.027626406401395798,12.232513427734375,-6.387829303741455,-7.083289623260498,-10.977791786193848,2.935868740081787,5.4383063316345215
191,2.0,2,2,-0.13109570741653442,1,2,2,-0.12130416929721832,-5.817039489746094,-3.2208025455474854,6.881010055541992,-0.01631561666727066,-4.427148818969727,3.1533761024475098
192,38.0,0,1,-0.030543262138962746,1,0,1,-0.02283497154712677,3.6623661518096924,-4.4877424240112305,-0.21970286965370178,-0.6020139455795288,0.9326760768890381,-2.4519546031951904
193,2.0,0,0,0.008726646192371845,1,0,1,-0.005972252227365971,11.230484962463379,-13.194869041442871,-3.308549642562866,-8.404655456542969,4.464997291564941,2.6833279132843018
194,2.0,2,0,-0.07853981852531433,1,2,0,-0.07482544332742691,-4.671759128570557,-7.133887767791748,9.289710998535156,3.6329915523529053,0.4053151607513428,-4.465216636657715
195,3.0,2,1,0.16580627858638763,1,2,1,0.1540675014257431,-5.187169551849365,-2.1437559127807617,5.6840949058532715,-1.4158872365951538,6.401706695556641,-6.601615905761719
196,9.0,0,0,0.02617993950843811,1,0,2,0.016481243073940277,9.170931816101074,-7.736769199371338,-2.951446533203125,-4.186445713043213,1.0134228467941284,1.948394775390625
197,12.0,2,2,-0.1483529806137085,1,2,2,-0.15193621814250946,-5.045125961303711,-1.1332272291183472,4.762772083282471,-0.38243234157562256,-2.0057945251464844,0.26139798760414124
198,56.0,2,2,0.13526301085948944,1,2,2,0.13483425974845886,-5.757814884185791,-5.189048767089844,7.189721584320068,-0.01033002883195877,-2.3458642959594727,1.3496809005737305
199,12.0,2,0,-0.04363323003053665,1,2,2,-0.04026741161942482,-2.7037901878356934,-5.420860767364502,5.701845645904541,-1.6654345989227295,0.26864945888519287,1.0181114673614502
200,27.0,2,0,-0.11170107126235962,1,2,1,-0.10069599747657776,-5.883246421813965,-6.173700332641602,9.404473304748535,3.955174684524536,5.160374164581299,-9.411223411560059
201,3.0,2,1,0.07853981852531433,1,2,0,0.08558010309934616,-6.770698547363281,-6.227795600891113,9.137526512145996,2.6638615131378174,2.0297048091888428,-4.736007213592529
202,22.0,2,1,-0.16144295036792755,1,2,0,-0.1599562019109726,-6.069369792938232,-3.29390287399292,7.0189995765686035,1.01128351688385,-0.27446869015693665,-2.7163238525390625
203,3.0,2,0,0.1467422991991043,1,2,0,0.14715135097503662,-4.664643287658691,-4.158214092254639,5.814758777618408,9.760955810546875,-0.16544084250926971,-12.009916305541992
204,12.0,2,1,0.1483529806137085,1,2,0,0.14830656349658966,-4.814054489135742,-4.062769889831543,6.85919713973999,2.5267231464385986,2.334256887435913,-4.725592613220215
205,12.0,2,1,0.06108652427792549,1,2,0,0.05603510141372681,-4.091691493988037,-7.827037334442139,8.508797645568848,4.620689392089844,0.8691798448562622,-6.169055938720703
206,9.0,2,1,0.09599310904741287,1,2,1,0.09641236066818237,-6.598255634307861,-1.980530858039856,5.718748092651367,-1.5947132110595703,3.1007142066955566,-2.1118226051330566
207,43.0,0,0,0.030543262138962746,1,0,0,0.03033187985420227,7.547147274017334,-5.780298709869385,-2.855619192123413,13.750384330749512,-2.1519999504089355,-17.915645599365234
208,40.0,0,1,-0.004363323096185923,1,0,1,-0.005179493688046932,7.645046710968018,-8.900208473205566,-1.0006394386291504,-0.7482960224151611,2.32496976852417,-3.370804786682129
209,3.0,0,0,0.008726646192371845,1,0,0,0.004928280599415302,13.754295349121094,-2.7256529331207275,-10.725733757019043,2.617140293121338,-1.8496822118759155,-3.9258270263671875
210,12.0,2,2,-0.13089969754219055,1,2,2,-0.12932421267032623,-4.989064693450928,-3.651312828063965,6.745185375213623,-1.9930658340454102,0.1053503006696701,0.6654717326164246
211,41.0,0,1,0.013089969754219055,1,0,1,0.002601739950478077,6.733087539672852,-8.29018497467041,-2.9962174892425537,-16.99422836303711,13.230854988098145,0.2299291491508484
212,12.0,2,0,0.06108652427792549,1,2,0,0.06509117782115936,-4.143986701965332,-11.269909858703613,10.789697647094727,4.840035438537598,1.2625541687011719,-5.760618209838867
213,12.0,2,1,-0.06108652427792549,1,2,2,-0.069073885679245,-3.012664794921875,-9.985428810119629,9.5292387008667,-2.1081533432006836,-3.3402106761932373,3.535977840423584
214,2.0,2,0,0.04363323003053665,1,0,0,0.052868716418743134,3.9365248680114746,-9.431360244750977,0.04541289061307907,2.6426889896392822,1.1953818798065186,-4.329646587371826
215,54.0,2,0,0.11733393371105194,1,2,0,0.12094151973724365,-3.474576950073242,-7.0979437828063965,7.779367923736572,8.54416275024414,-5.6714982986450195,-4.16521692276001
216,22.0,2,1,-0.16667895019054413,1,2,2,-0.16817113757133484,-7.872274875640869,-1.355789303779602,6.884030342102051,-8.31716537475586,2.0333638191223145,2.4397194385528564
217,9.0,2,2,-0.04356143996119499,1,2,1,-0.035780783742666245,-5.810187339782715,-4.606381893157959,7.7582502365112305,-0.5540989637374878,2.186797618865967,-2.7442920207977295
218,3.0,2,1,0.11866404861211777,1,2,1,0.11684220284223557,-3.5766489505767822,0.8855100274085999,1.3609097003936768,0.1404142677783966,1.1258065700531006,-1.8834385871887207
219,9.0,2,1,0.16580627858638763,1,2,2,0.14810460805892944,-5.160985469818115,-5.965682029724121,8.686007499694824,-3.4759597778320312,0.1603214293718338,0.47268837690353394
220,9.0,2,0,0.09599310904741287,1,2,2,0.08787958323955536,-6.119562149047852,-7.797111988067627,9.943611145019531,0.05517994612455368,-1.2727413177490234,1.5890125036239624
221,85.0,2,1,0.04363323003053665,1,2,1,0.04890649765729904,-1.4474008083343506,-5.267074108123779,4.9662699699401855,-4.241082191467285,4.800677299499512,-3.0042803287506104
222,40.0,0,2,-0.006981316953897476,1,0,1,-0.011648590676486492,9.209378242492676,-7.84973669052124,-3.2139763832092285,-5.87103271484375,2.3778510093688965,1.3418997526168823
223,2.0,2,1,-0.06108652427792549,1,2,1,-0.07047300040721893,-5.743686199188232,-7.693466663360596,8.3477201461792,0.41990578174591064,1.9768790006637573,-2.0478334426879883
224,3.0,2,1,0.09599310904741287,1,2,1,0.09240374714136124,-6.219693183898926,-10.70504093170166,12.403524398803711,0.5615246295928955,6.789455413818359,-11.297478675842285
225,9.0,2,2,-0.1483529806137085,1,2,0,-0.13323870301246643,-8.393895149230957,-7.131015777587891,12.073234558105469,5.649421691894531,-2.718524694442749,-4.095098972320557
226,38.0,0,1,-0.024369165301322937,1,0,1,-0.007603353820741177,10.194713592529297,-11.694704055786133,-1.8906036615371704,-4.7730607986450195,5.6614766120910645,-4.3303303718566895
227,54.0,2,0,0.11290224641561508,1,2,0,0.10837206244468689,-2.672592878341675,-5.8410115242004395,6.541813850402832,6.996063709259033,-3.5997533798217773,-5.268599987030029
228,85.0,2,1,0.036651913076639175,1,0,1,0.04124201461672783,2.185683488845825,-3.60575795173645,0.5062183141708374,-3.740285873413086,4.163698196411133,-3.327024459838867
229,9.0,2,1,0.16580627858638763,1,2,0,0.18294166028499603,-7.057702541351318,-6.290472030639648,9.547346115112305,3.7205913066864014,2.7203054428100586,-9.165409088134766
230,12.0,2,1,0.1483529806137085,1,2,1,0.14956074953079224,-4.672268390655518,-4.209654808044434,6.82427978515625,2.134873628616333,2.4102845191955566,-4.302506446838379
231,2.0,2,1,-0.09599310904741287,1,2,2,-0.10187956690788269,-3.839247703552246,-7.88367223739624,8.945269584655762,-1.4232609272003174,0.6638380289077759,1.2878834009170532
232,43.0,0,1,0.030543262138962746,1,0,1,0.014114064164459705,3.6134772300720215,-3.592808723449707,-2.287727117538452,-2.5973284244537354,4.297915458679199,-3.380789279937744
233,9.0,0,0,0.008726646192371845,1,0,1,-0.006180002354085445,14.086676597595215,-5.970124244689941,-8.160357475280762,3.9560744762420654,6.565808296203613,-11.386240005493164
234,3.0,2,1,0.15609972178936005,1,2,1,0.1428617686033249,-2.4278998374938965,-4.887841701507568,5.5542097091674805,-4.618767261505127,3.8355190753936768,-0.759200930595398
235,9.0,2,1,0.13089969754219055,1,2,1,0.12313669919967651,-1.723770260810852,-6.4141974449157715,6.474327087402344,-2.654846429824829,5.7103352546691895,-5.1164679527282715
236,2.0,0,1,0.014557749964296818,1,0,0,-0.007021094672381878,8.034673690795898,-7.865584373474121,-4.469404220581055,5.08082389831543,2.367865562438965,-7.169435501098633
237,2.0,2,1,0.11344639956951141,1,2,1,0.09486406296491623,-5.679817199707031,-5.730830669403076,4.165820121765137,-3.855121612548828,2.7789101600646973,1.1804704666137695
238,40.0,0,2,-0.006981316953897476,1,0,1,-0.017392270267009735,12.918482780456543,-7.236369609832764,-7.135276794433594,-4.630862236022949,5.534210205078125,-3.7381739616394043
239,2.0,2,2,0.16580627858638763,1,2,1,0.15024417638778687,-1.9096930027008057,-11.973050117492676,6.97395658493042,-6.282205581665039,5.0582756996154785,1.9344069957733154
240,41.0,0,1,0.010537419468164444,1,0,2,0.011389200575649738,4.53879976272583,-2.878779888153076,-2.4082517623901367,-0.33568891882896423,-1.4150304794311523,0.27617985010147095
241,3.0,2,1,0.04363323003053665,1,2,1,0.03861502185463905,-2.871730327606201,-5.984172821044922,6.529287815093994,1.3017089366912842,1.5069570541381836,-3.0571470260620117
242,9.0,2,1,0.07853981852531433,1,2,0,0.07567907124757767,-2.242900848388672,-5.971867561340332,2.9305737018585205,0.2872728705406189,-2.227614164352417,-0.2604970335960388
243,12.0,0,1,-0.008726646192371845,1,0,2,-0.02235657349228859,13.135513305664062,-6.291540145874023,-7.906397342681885,-10.244035720825195,3.4252350330352783,4.359093189239502
244,33.0,2,1,-0.06195918843150139,1,2,1,-0.06648585200309753,-4.248436450958252,-7.353010654449463,8.5324125289917,1.3600966930389404,2.7134742736816406,-4.001368522644043
245,12.0,2,0,-0.07853981852531433,1,2,1,-0.08249424397945404,-6.464951515197754,-7.727400302886963,8.800535202026367,-0.5464372038841248,1.4881800413131714,-0.22107774019241333
246,12.0,2,1,-0.11344639956951141,1,2,1,-0.11027873307466507,-5.6190185546875,-3.2383153438568115,6.982213497161865,-5.049132347106934,4.7649030685424805,-1.2693287134170532
247,38.0,0,0,-0.024434609338641167,1,0,1,-0.012895750813186169,6.905533790588379,-6.237387180328369,-2.07827091217041,-6.678864002227783,3.928629159927368,-0.26451575756073
248,54.0,2,1,0.1178097277879715,1,2,2,0.11753440648317337,-4.468912601470947,-7.428440570831299,8.140641212463379,-0.07125438004732132,-2.285663366317749,2.1936895847320557
249,9.0,2,0,0.1483529806137085,1,2,0,0.14089058339595795,-4.181722164154053,-2.3317954540252686,5.090377330780029,4.609365463256836,-2.4845807552337646,-2.7792680263519287
250,43.0,0,2,0.030543262138962746,1,0,2,0.010203077457845211,8.616357803344727,-7.554588317871094,-3.68143892288208,-12.41951847076416,1.4183213710784912,7.747264385223389
251,3.0,0,1,0.008726646192371845,1,0,1,-0.007327455095946789,13.321828842163086,-5.881049633026123,-7.339458465576172,3.7388713359832764,6.548047065734863,-10.996005058288574
252,2.0,2,1,0.1483529806137085,1,2,1,0.11750490963459015,-4.369797706604004,-10.060135841369629,7.2736005783081055,-11.588133811950684,6.0834527015686035,4.579931259155273
253,22.0,2,1,-0.16667895019054413,1,2,2,-0.1694370061159134,-5.531982898712158,-2.901275396347046,6.298778057098389,-5.90834379196167,0.06853893399238586,2.795292615890503
254,12.0,2,1,-0.04363323003053665,1,2,2,-0.038517531007528305,-0.6306499242782593,-8.686528205871582,6.544709205627441,-5.815203666687012,0.38512885570526123,3.913792371749878
255,2.0,0,1,0.02617993950843811,1,0,0,0.014161464758217335,9.10678768157959,-8.880062103271484,-4.882800102233887,3.3608076572418213,2.4237890243530273,-6.0540080070495605
256,2.0,2,2,-0.13089969754219055,1,2,2,-0.15259818732738495,-7.326535701751709,-3.852954149246216,9.039957046508789,-2.276402711868286,-2.744631052017212,4.2388763427734375
257,38.0,0,2,-0.021816615015268326,1,0,1,-0.01832246407866478,5.475363731384277,-8.108278274536133,-0.09008995443582535,1.89425790309906,2.5877020359039307,-4.5102152824401855
258,41.0,0,0,0.013089969754219055,1,0,2,0.011402181349694729,4.53347110748291,-2.8728458881378174,-2.4084548950195312,-0.340978741645813,-1.4106394052505493,0.27829980850219727
259,12.0,2,2,0.13089969754219055,1,2,2,0.12679363787174225,-4.787734031677246,-4.606506824493408,7.397346496582031,-3.8122143745422363,-0.0931573361158371,3.0561602115631104
260,33.0,2,1,-0.0593411959707737,1,2,1,-0.06951823085546494,-3.0556561946868896,-8.058812141418457,8.701093673706055,-2.186876058578491,3.762935161590576,-1.781981110572815
261,3.0,2,1,0.16580627858638763,1,2,1,0.15061859786510468,-3.1063039302825928,-4.06480073928833,5.317743301391602,-5.635417938232422,5.957556247711182,-1.8127267360687256
262,22.0,2,1,-0.1652718484401703,1,2,2,-0.16429926455020905,-5.118086814880371,-1.8232003450393677,5.141113758087158,-5.521298885345459,0.20822250843048096,1.9663283824920654
263,12.0,2,2,-0.13089969754219055,1,2,2,-0.13800790905952454,-5.439138412475586,-3.5833592414855957,6.996084690093994,-4.0584564208984375,0.46227380633354187,2.234999895095825
264,9.0,0,2,-0.02617993950843811,1,0,1,-0.02574758604168892,8.345212936401367,-5.121193885803223,-3.3008503913879395,-5.723997592926025,3.78548002243042,3.5685746669769287
265,3.0,2,1,0.09599310904741287,1,2,1,0.08766026794910431,-8.846381187438965,-5.85999059677124,10.683204650878906,-4.510498046875,1.8012118339538574,-0.4236970543861389
266,3.0,2,0,0.06108652427792549,1,2,0,0.06105701997876167,-4.253414154052734,-3.8012771606445312,7.036798000335693,8.568635940551758,0.932059109210968,-11.711359977722168
267,2.0,2,1,-0.1483529806137085,1,2,1,-0.13881288468837738,-4.981720924377441,-2.730510711669922,6.042158126831055,-1.782699704170227,4.526771068572998,-3.9117610454559326
268,85.0,2,1,0.04363323003053665,1,2,1,0.04497301205992699,-3.982412099838257,-5.786785125732422,7.474967956542969,-5.526073932647705,5.8718461990356445,-2.0167109966278076
269,2.0,2,2,0.16580627858638763,1,2,1,0.13334134221076965,-4.892454147338867,-6.947990417480469,4.759852409362793,-1.338301658630371,2.5819578170776367,-0.25073233246803284
270,3.0,2,2,0.09599310904741287,1,2,2,0.09341797232627869,-5.487864971160889,-2.8216593265533447,6.7537760734558105,-4.622028350830078,2.2658939361572266,2.412062883377075
271,85.0,2,1,0.04363323003053665,1,2,1,0.047458093613386154,-0.7287185192108154,-4.763129234313965,3.941638231277466,-4.482748031616211,4.900975227355957,-2.938131332397461
272,2.0,2,2,0.16580627858638763,1,2,1,0.1722613275051117,-3.965369939804077,-5.907177448272705,5.464523792266846,-3.6689841747283936,2.3096508979797363,1.3330302238464355
273,43.0,0,0,0.027925267815589905,1,0,0,0.015664923936128616,6.120571613311768,-6.380866527557373,-3.7350826263427734,7.016823768615723,0.9559375643730164,-8.460169792175293
274,41.0,0,1,0.00951068103313446,1,0,2,0.011389200575649738,4.53879976272583,-2.878779888153076,-2.4082517623901367,-0.33568891882896423,-1.4150304794311523,0.27617985010147095
275,3.0,2,1,0.16580627858638763,1,2,1,0.15099681913852692,-2.6896579265594482,-4.507538318634033,5.395288467407227,-4.485579490661621,5.709837436676025,-2.6330580711364746
276,12.0,0,1,0.02617993950843811,1,0,1,0.009130042977631092,7.948920249938965,-7.160996437072754,-1.7921929359436035,2.903768301010132,4.730832099914551,-8.510392189025879
277,56.0,2,1,0.13526301085948944,1,2,0,0.12970805168151855,-5.581422805786133,-4.063888072967529,7.53276252746582,2.3335437774658203,1.6170761585235596,-3.720773458480835
278,33.0,2,0,-0.05672319978475571,1,2,0,-0.05265972390770912,-3.542536497116089,-6.268538951873779,6.951694488525391,5.6102294921875,-5.314515113830566,-1.845048427581787
279,9.0,2,1,-0.1483529806137085,1,2,0,-0.12659412622451782,-7.268831253051758,-8.823639869689941,12.324322700500488,1.3914318084716797,-3.4872803688049316,-0.8765667080879211
280,3.0,2,1,-0.09077546000480652,1,2,0,-0.08131743222475052,-4.286285400390625,-4.426657199859619,6.680393218994141,1.584165334701538,0.44303131103515625,-3.332838535308838
281,12.0,2,1,-0.11344639956951141,1,2,1,-0.11007191240787506,-5.4442620277404785,-3.2552781105041504,6.852287769317627,-5.653628349304199,4.439451217651367,-0.47884464263916016
282,9.0,2,1,-0.11344639956951141,1,2,2,-0.10867133736610413,-7.109661102294922,-7.634326934814453,10.974592208862305,-5.061160087585449,-2.0276565551757812,2.9784491062164307
283,9.0,2,1,0.13089969754219055,1,2,1,0.12281019985675812,-1.7352421283721924,-6.460507392883301,6.519259452819824,-2.610072612762451,5.733892917633057,-5.178487300872803
284,3.0,2,1,-0.04363323003053665,1,2,2,-0.034029457718133926,-3.6918087005615234,-6.249353408813477,7.3711137771606445,-5.643866062164307,0.26926273107528687,5.266127586364746
285,3.0,0,1,-0.006697223987430334,1,0,1,-0.011997739784419537,15.295768737792969,-5.251944065093994,-9.842513084411621,2.061784505844116,6.376478672027588,-9.826141357421875
286,3.0,2,0,-0.07208053022623062,1,2,1,-0.07832908630371094,-2.5286800861358643,-13.26441764831543,11.020611763000488,-2.35866117477417,4.7467780113220215,-3.80812931060791
287,2.0,2,2,0.07853981852531433,1,2,1,0.057396989315748215,-5.490842819213867,-6.364779472351074,3.7821333408355713,-6.650846481323242,5.282566070556641,0.8078116774559021
288,22.0,1,1,-0.16667895019054413,0,1,2,-0.06327182054519653,-10.35976791381836,7.479243755340576,1.547180414199829,-13.826370239257812,5.1223039627075195,5.3075385093688965
289,3.0,2,0,0.1483529806137085,1,2,0,0.13433487713336945,-2.280221462249756,-6.683187961578369,5.445929050445557,6.263415336608887,0.5372118353843689,-8.427008628845215
290,41.0,0,2,0.010471975430846214,1,0,2,0.011389200575649738,4.53879976272583,-2.878779888153076,-2.4082517623901367,-0.33568891882896423,-1.4150304794311523,0.27617985010147095
291,9.0,0,1,0.02617993950843811,1,0,1,0.020195551216602325,6.832183361053467,-7.487449645996094,-0.9969187378883362,-2.153153419494629,1.6942920684814453,-1.016900658607483
292,2.0,0,1,0.02617993950843811,1,0,0,0.01262804213911295,9.095942497253418,-8.743241310119629,-4.9502739906311035,3.323859930038452,2.4926867485046387,-6.057326793670654
293,2.0,2,1,0.1483529806137085,1,2,1,0.13933853805065155,-2.2874863147735596,-5.781285762786865,3.77955961227417,-2.858006000518799,1.8973842859268188,1.466830849647522
294,3.0,2,0,0.04363323003053665,1,2,0,0.04575080797076225,-3.4466023445129395,-7.448189735412598,8.179011344909668,4.285064220428467,1.0633341073989868,-5.732565879821777
295,3.0,1,2,-0.11344639956951141,0,2,0,-0.04239099472761154,-1.4980363845825195,-5.233774662017822,3.6949737071990967,2.992239475250244,2.4956767559051514,-4.321478843688965
296,9.0,0,1,-0.008726646192371845,1,0,1,0.017153382301330566,7.607729911804199,-7.503684043884277,-1.1932499408721924,1.9822447299957275,3.9300122261047363,-6.994401454925537
297,12.0,2,1,0.11344639956951141,1,2,0,0.10892792046070099,-7.093639373779297,-4.959890842437744,9.396743774414062,4.3246355056762695,2.3519515991210938,-6.69425106048584
298,9.0,2,0,0.09599310904741287,1,2,2,0.08584851026535034,-5.856136798858643,-7.746801376342773,9.579001426696777,-0.5553876757621765,-1.8971476554870605,2.576101541519165
299,41.0,0,2,0.004448943305760622,1,0,2,0.0017941081896424294,5.988311767578125,-3.193511486053467,-3.7209315299987793,-3.6353821754455566,-0.8829132914543152,2.0036864280700684
300,22.0,2,0,-0.16144295036792755,1,2,0,-0.16316327452659607,-5.867734909057617,-2.979525566101074,6.737168312072754,2.131399393081665,-0.7476595044136047,-3.2814371585845947
301,9.0,2,2,-0.1483529806137085,1,2,0,-0.1408575028181076,-8.40569019317627,-7.940267086029053,12.461837768554688,6.607131004333496,-2.358442544937134,-4.445815086364746
302,3.0,2,1,0.11344639956951141,1,2,1,0.11175957322120667,-5.4937920570373535,0.04241698235273361,3.8169682025909424,0.08160146325826645,1.2181127071380615,-1.7363325357437134
303,9.0,2,1,0.11344639956951141,1,2,1,0.10733196139335632,-1.5777170658111572,-6.0186896324157715,6.121815204620361,-3.3051083087921143,5.843284606933594,-4.834142684936523
304,33.0,2,1,-0.06106895953416824,1,2,1,-0.08114132285118103,-8.170044898986816,-5.026482105255127,9.771417617797852,-3.0399465560913086,7.1663007736206055,-4.195700168609619
305,2.0,2,2,0.16580627858638763,1,2,2,0.11802057921886444,-5.31403923034668,-8.867058753967285,6.835135459899902,-3.1460297107696533,0.8628866672515869,2.56676983833313
306,2.0,2,2,-0.11547582596540451,1,2,2,-0.13355717062950134,-7.259258270263672,-3.334239959716797,8.153487205505371,-7.557431697845459,-5.068513870239258,10.440978050231934
307,12.0,0,1,-0.008726646192371845,1,0,2,-0.010751358233392239,12.632530212402344,-4.91248083114624,-8.749557495117188,-10.303133010864258,3.0256190299987793,4.680552005767822
308,43.0,0,1,0.027925267815589905,1,0,1,0.014825479127466679,6.108057022094727,-4.352575302124023,-1.8219488859176636,-0.7194216251373291,4.186250686645508,-4.025272369384766
309,9.0,2,1,0.084370918571949,1,2,0,0.0824417695403099,-7.066068649291992,-6.661728382110596,9.719850540161133,4.056859016418457,1.8016853332519531,-6.1441497802734375
310,38.0,0,1,-0.021816615015268326,1,0,1,-0.0007613850757479668,12.04509449005127,-5.742731094360352,-7.978911876678467,-1.1998395919799805,2.0744402408599854,-3.2896571159362793
311,38.0,0,2,-0.021816615015268326,1,0,1,-0.011728848330676556,5.523248672485352,-7.997862815856934,-0.45479682087898254,0.9151194095611572,2.6258366107940674,-3.6466264724731445
312,2.0,2,1,0.09599310904741287,1,2,1,0.09216592460870743,-5.591395378112793,-6.354922294616699,4.506196022033691,-4.175020217895508,3.417449474334717,0.7334117889404297
313,9.0,2,1,0.09599310904741287,1,2,0,0.09318794310092926,-7.286620140075684,-7.834049224853516,11.387459754943848,2.0599379539489746,-0.030045943334698677,-1.5084013938903809
314,12.0,2,1,-0.11344639956951141,1,2,1,-0.11055535078048706,-5.646451473236084,-3.228503704071045,6.997748374938965,-5.045834541320801,4.748984336853027,-1.257139801979065
315,2.0,2,1,0.13089969754219055,1,2,1,0.12347474694252014,-2.850874662399292,-10.540777206420898,7.0695600509643555,-10.629325866699219,5.844928741455078,3.3758041858673096
316,3.0,1,2,-0.11344639956951141,0,2,1,-0.0356639064848423,0.956174910068512,-5.761282444000244,2.440030336380005,-7.4102373123168945,3.8028836250305176,2.1695854663848877
317,33.0,2,2,-0.05672319978475571,1,2,1,-0.055475275963544846,-6.604526996612549,-1.7867907285690308,6.618678092956543,-2.5882699489593506,4.199859619140625,-2.696194887161255
318,12.0,2,2,0.09599310904741287,1,2,1,0.10748152434825897,-4.209278106689453,-8.720850944519043,9.25605583190918,-4.463421821594238,2.0519208908081055,1.9779870510101318
319,54.0,2,1,0.1178097277879715,1,2,2,0.11608928442001343,-4.613972187042236,-7.223818778991699,8.119763374328613,-2.3330938816070557,-0.8223962187767029,3.354626178741455
320,2.0,2,0,0.04363323003053665,1,0,0,0.0552128367125988,2.753939151763916,-9.615374565124512,1.1680423021316528,2.370729446411133,0.8948220014572144,-3.7168779373168945
321,3.0,2,0,0.04363323003053665,1,2,0,0.041489128023386,-3.061840057373047,-6.379655838012695,7.108364105224609,3.08010196685791,1.3425897359848022,-4.7838311195373535
322,2.0,2,1,0.09599310904741287,1,2,1,0.08981684595346451,-5.953531265258789,-7.301285266876221,5.199877738952637,-4.285574913024902,2.835118055343628,1.2924104928970337
323,2.0,2,1,0.16580627858638763,1,2,1,0.18174706399440765,-3.361503839492798,-5.898024082183838,3.0509836673736572,-1.7966210842132568,3.2715539932250977,0.01605052500963211
324,12.0,0,2,-0.008726646192371845,1,0,2,-0.036858946084976196,12.482755661010742,-9.403321266174316,-4.537214756011963,-6.0711164474487305,0.06622584164142609,3.8279213905334473
325,85.0,2,1,0.036651913076639175,1,0,1,0.0429837703704834,1.9844460487365723,-3.4082388877868652,0.5328110456466675,-3.822396755218506,4.383014678955078,-3.4408657550811768
326,66.0,2,0,-0.12391837686300278,1,2,0,-0.11313198506832123,-3.850238561630249,-0.753075897693634,3.5302112102508545,5.457054615020752,-2.2205076217651367,-5.3785400390625
327,12.0,2,1,0.1483529806137085,1,2,0,0.14707228541374207,-4.3587541580200195,-3.970036268234253,6.5480475425720215,6.670027732849121,0.4715372920036316,-10.194525718688965
328,2.0,0,0,0.02617993950843811,1,0,1,0.017247125506401062,12.582027435302734,-8.766607284545898,-8.34591007232666,0.4122666120529175,3.9527530670166016,-5.341652870178223
329,9.0,2,0,0.09599310904741287,1,2,2,0.08381033688783646,-5.675514221191406,-7.8245439529418945,9.444746017456055,-0.6113649606704712,-2.2173798084259033,2.8865954875946045
330,12.0,2,0,-0.07853981852531433,1,2,0,-0.08609534800052643,-3.9352681636810303,-6.553277969360352,6.563320636749268,1.690873384475708,1.2029948234558105,-1.4934628009796143
331,2.0,2,1,-0.11337461322546005,1,2,1,-0.1167183667421341,-5.706775188446045,-11.333062171936035,11.892704963684082,-1.6702792644500732,5.239593505859375,-2.678276538848877
332,12.0,2,1,-0.06108652427792549,1,2,0,-0.0811103954911232,-5.751256465911865,-9.491876602172852,8.733078002929688,0.6511314511299133,0.3835718631744385,-0.8635576367378235
333,2.0,2,1,0.13089969754219055,1,2,1,0.13476653397083282,-5.960478782653809,-13.409287452697754,10.87198257446289,-11.294085502624512,6.602153778076172,3.1649329662323
334,41.0,0,1,0.013089969754219055,1,0,1,-0.014379593543708324,14.38881778717041,-6.13255500793457,-10.452116012573242,-3.3902552127838135,7.972956657409668,-9.365464210510254
335,3.0,2,1,0.16580627858638763,1,2,1,0.15111257135868073,-2.6967976093292236,-4.487192153930664,5.387171745300293,-4.490872383117676,5.715309143066406,-2.6367909908294678
336,2.0,2,0,0.04363323003053665,1,2,0,0.05225491151213646,-2.2454962730407715,-10.341946601867676,5.810009956359863,1.0146405696868896,-0.9319031834602356,-0.25887784361839294
337,3.0,2,1,-0.04363323003053665,1,2,1,-0.04270913079380989,-2.996466875076294,-11.474546432495117,8.941317558288574,-3.9706552028656006,2.4670233726501465,0.06654620915651321
338,12.0,2,1,0.1483529806137085,1,2,0,0.14269305765628815,-5.331274032592773,-5.19997501373291,7.278537273406982,0.5120733976364136,0.42309412360191345,-1.5451571941375732
339,3.0,2,1,0.13089969754219055,1,2,1,0.14168451726436615,-6.325829029083252,-3.9748921394348145,7.930312633514404,2.4389960765838623,2.817652940750122,-5.435758590698242
340,27.0,2,0,-0.11170107126235962,1,2,0,-0.1138501912355423,-9.87531566619873,-1.07439124584198,8.513650894165039,3.3022563457489014,2.25457763671875,-6.776730060577393
341,60.0,2,1,0.16659031808376312,1,2,1,0.1895441859960556,-10.330765724182129,1.804397702217102,5.768874645233154,2.981736898422241,8.133931159973145,-15.491142272949219
342,2.0,0,1,-0.008726646192371845,1,0,2,-0.016065750271081924,14.286768913269043,-6.287201404571533,-9.163515090942383,-10.03218936920166,3.4586029052734375,4.378180503845215
343,9.0,2,1,0.13089969754219055,1,2,1,0.12281076610088348,-1.7354989051818848,-6.461036205291748,6.519833564758301,-2.6100594997406006,5.734509468078613,-5.179285526275635
344,9.0,2,1,0.04363323003053665,1,2,0,0.04025938734412193,-3.8197991847991943,-5.390492916107178,6.187666416168213,1.607710599899292,-1.841896891593933,-1.1448488235473633
345,27.0,2,1,-0.11431906372308731,1,2,1,-0.11737240850925446,-7.419837474822998,-5.345998287200928,9.551066398620605,0.5783674716949463,0.8859296441078186,-1.7456157207489014
346,3.0,2,1,0.07853981852531433,1,2,0,0.08294661343097687,-7.499341011047363,-4.316532135009766,9.055627822875977,2.7417404651641846,0.8320536613464355,-3.779400110244751
347,12.0,2,0,0.04363323003053665,1,2,0,0.038733694702386856,-0.5592632293701172,-8.279440879821777,5.708441257476807,6.93679141998291,1.9057936668395996,-10.037453651428223
348,40.0,0,1,-0.009599311277270317,1,0,1,-0.012392434291541576,10.690373420715332,-8.325318336486816,-4.734134674072266,-4.739556312561035,2.511460304260254,1.6807060241699219
349,3.0,2,0,0.05398759990930557,1,2,0,0.05385197699069977,-5.603837490081787,-8.22884464263916,10.500746726989746,4.455183506011963,-0.13981665670871735,-4.590765476226807
350,2.0,2,2,-0.0436413437128067,1,2,2,-0.03944568336009979,-1.9459654092788696,-9.702131271362305,7.355582237243652,0.19664600491523743,-0.6070026755332947,0.6461645364761353
351,12.0,2,0,-0.04363323003053665,1,2,2,-0.036985959857702255,-0.4065690040588379,-8.888771057128906,6.5107808113098145,-6.206452369689941,0.22045119106769562,4.48482084274292
352,3.0,2,2,0.09599310904741287,1,2,2,0.07621248066425323,-13.417858123779297,-4.564656734466553,13.136691093444824,-7.320935249328613,-1.988145351409912,7.92735481262207
353,12.0,2,1,0.06108652427792549,1,2,0,0.06177113950252533,-7.939855098724365,-5.23572301864624,9.52132797241211,5.472752571105957,0.7021366953849792,-6.806960105895996
354,12.0,0,0,0.030227944254875183,1,0,0,0.030070684850215912,4.136638164520264,-7.750701904296875,1.6259790658950806,3.340451717376709,3.1975388526916504,-7.618007659912109
355,9.0,2,1,0.16580627858638763,1,2,1,0.16341446340084076,-6.007019519805908,-2.2268600463867188,6.245774745941162,-3.2039361000061035,2.0561776161193848,0.4174782633781433
356,12.0,2,1,-0.06108652427792549,1,2,2,-0.05949220433831215,-1.0348238945007324,-9.745534896850586,7.586447715759277,-4.665585041046143,-1.2488338947296143,4.067795276641846
357,85.0,2,1,0.04712389037013054,1,2,1,0.05143048241734505,-1.440272331237793,-5.024494171142578,4.796629428863525,-3.5468523502349854,4.737634658813477,-3.7474920749664307
358,27.0,2,2,-0.10908307880163193,1,2,2,-0.1056092232465744,-5.732511520385742,-11.572356224060059,12.8978271484375,-0.5074945092201233,-3.367997169494629,2.345411777496338
359,9.0,2,1,-0.04363323003053665,1,2,1,-0.043349288403987885,-1.7708516120910645,-9.163361549377441,7.720194339752197,-3.288919687271118,2.3033599853515625,0.020285554230213165
360,56.0,2,2,0.13264502584934235,1,2,2,0.12740500271320343,-3.9613938331604004,-4.257756233215332,6.378512859344482,-4.9329752922058105,-0.22126607596874237,4.357705116271973
361,9.0,2,1,-0.13089969754219055,1,2,2,-0.12359108030796051,-7.7903151512146,-6.353289604187012,10.381730079650879,-6.036793231964111,-0.9328392744064331,2.2575817108154297
362,3.0,0,1,0.02617993950843811,1,0,2,0.009333913214504719,9.866058349609375,-7.448588848114014,-6.9170823097229,-14.599947929382324,3.7620315551757812,6.496041774749756
363,54.0,2,0,0.1178097277879715,1,2,1,0.10402193665504456,-4.146928310394287,-4.56264066696167,6.1219000816345215,0.22538036108016968,0.8929061889648438,-0.7685105800628662
364,9.0,0,0,0.010337325744330883,1,0,1,0.009330538101494312,13.71396255493164,-7.480978488922119,-6.951465606689453,-2.4352619647979736,1.1564666032791138,0.08402740210294724
365,40.0,0,2,-0.006981316953897476,1,0,2,-0.008480179123580456,11.047074317932129,-4.899206638336182,-6.059706687927246,-5.59871768951416,3.2518391609191895,3.556532144546509
366,3.0,2,2,0.09599310904741287,1,2,2,0.08240246772766113,-13.114920616149902,-3.791140556335449,11.978388786315918,-8.342588424682617,-1.0434510707855225,6.871870994567871
367,43.0,0,0,0.030543262138962746,1,0,0,0.037504371255636215,5.180499076843262,-8.29419231414795,1.1413836479187012,5.769570350646973,-1.8486676216125488,-6.058215141296387
368,3.0,2,1,-0.04363323003053665,1,2,1,-0.056610945612192154,-1.766191840171814,-10.735666275024414,7.9070515632629395,-4.853394508361816,2.8666083812713623,0.3221970200538635
369,22.0,2,2,-0.16406095027923584,1,2,2,-0.17491762340068817,-7.2775349617004395,-4.96557092666626,9.619558334350586,-5.616462707519531,-1.0464328527450562,3.756165027618408
370,43.0,0,0,0.030543262138962746,1,0,0,0.013260909356176853,9.635711669921875,-5.819656848907471,-4.719404220581055,13.514327049255371,-2.440676689147949,-15.957340240478516
371,66.0,2,1,-0.13600490987300873,1,2,1,-0.12918058037757874,-4.988226890563965,-3.0419774055480957,6.276178359985352,-2.62988018989563,4.286656379699707,-2.985429525375366
372,3.0,2,0,0.13089969754219055,1,2,0,0.12685807049274445,-5.574150085449219,-6.7667236328125,8.699615478515625,4.029326438903809,-2.4147205352783203,-2.3192880153656006
373,38.0,0,2,-0.021816615015268326,1,0,0,-0.0034904340282082558,5.527566432952881,-3.184452533721924,-2.7504303455352783,3.3000295162200928,0.5583775639533997,-6.0917463302612305
374,3.0,2,0,0.06108652427792549,1,2,0,0.0709693431854248,-4.535962104797363,-5.6973981857299805,7.940054416656494,10.386833190917969,3.701932430267334,-18.437332153320312
375,2.0,2,1,0.06108652427792549,1,2,1,0.05848206952214241,-3.503915786743164,-9.461869239807129,5.677827835083008,0.06364896148443222,0.42069971561431885,-0.5988268256187439
376,3.0,2,1,0.16580627858638763,1,2,1,0.1018110141158104,-3.2955665588378906,-4.483348846435547,6.016304016113281,-3.760491132736206,2.8132402896881104,-0.987609326839447
377,2.0,2,1,0.06108652427792549,1,2,0,0.05753454193472862,-3.397322416305542,-9.68015193939209,5.805037498474121,0.33843907713890076,0.09117744863033295,-0.4963753819465637
378,27.0,2,2,-0.10908307880163193,1,2,1,-0.11607798933982849,-9.4815034866333,-1.2279033660888672,8.297769546508789,-1.3080929517745972,2.7434194087982178,-2.2060482501983643
379,12.0,2,1,0.07853981852531433,1,2,2,0.07174662500619888,-7.10385799407959,-3.917196035385132,8.541049003601074,-7.286345958709717,2.6305432319641113,3.6068239212036133
380,9.0,0,1,0.03092675656080246,1,2,2,0.10315601527690887,-1.908623218536377,-7.327202796936035,6.77157735824585,0.42275941371917725,-1.0484107732772827,1.0606485605239868
381,56.0,2,1,0.13260304927825928,1,2,2,0.128569096326828,-4.929872512817383,-4.757699489593506,7.582597732543945,-3.3164007663726807,-0.07115213572978973,2.512214183807373
382,40.0,0,1,-0.013089969754219055,1,0,1,0.0016893232241272926,4.144876003265381,-2.8923637866973877,-2.178535223007202,-1.9256254434585571,0.4535564184188843,-0.23733678460121155
383,56.0,2,2,0.13264502584934235,1,2,2,0.12649895250797272,-3.8226428031921387,-4.195522308349609,6.201114177703857,-5.04245138168335,-0.26851409673690796,4.514301300048828
384,3.0,2,1,-0.07853981852531433,1,2,0,-0.07893820852041245,-6.837350845336914,-5.4596991539001465,9.667196273803711,1.7001043558120728,0.10397692024707794,-2.7093472480773926
385,43.0,0,0,0.021816615015268326,1,0,0,0.015810009092092514,7.786285400390625,-3.290778160095215,-5.256653785705566,1.281360149383545,-0.8914282917976379,-3.8538968563079834
386,41.0,0,2,0.010471975430846214,1,0,2,0.011389200575649738,4.53879976272583,-2.878779888153076,-2.4082517623901367,-0.33568891882896423,-1.4150304794311523,0.27617985010147095
387,2.0,2,1,-0.1483529806137085,1,2,1,-0.13914833962917328,-4.9872236251831055,-2.727851629257202,6.043798923492432,-1.7845959663391113,4.534084320068359,-3.91900897026062
388,43.0,0,1,0.027925267815589905,1,0,0,0.01027862448245287,7.312382221221924,-7.003879547119141,-4.3338799476623535,7.174472808837891,1.3214364051818848,-8.51638126373291
389,40.0,0,1,-0.013089969754219055,1,0,1,0.005958867259323597,4.963861465454102,-2.896639347076416,-2.7735722064971924,-1.838397741317749,1.4135401248931885,-1.3889498710632324
390,2.0,2,2,-0.04363323003053665,1,2,2,-0.05278139188885689,-2.665699005126953,-5.907546043395996,5.681989669799805,-1.751380443572998,0.006773395463824272,0.6332089900970459
391,2.0,2,1,0.1483529806137085,1,2,1,0.0910344123840332,-2.7537717819213867,-8.1521635055542,3.9405553340911865,-2.5938870906829834,1.8389437198638916,0.9879234433174133
392,43.0,0,0,0.027925267815589905,1,2,1,0.01110286358743906,2.1833317279815674,-6.7308855056762695,2.3001620769500732,3.098179817199707,4.879443168640137,-9.729598045349121
393,12.0,2,0,0.04363323003053665,1,2,1,0.0492713563144207,0.9757094383239746,-8.69851303100586,4.378848075866699,0.29636216163635254,3.658545970916748,-7.0835418701171875
394,12.0,2,1,0.1483529806137085,1,2,0,0.14139775931835175,-4.868547439575195,-5.606975078582764,7.28115177154541,0.6819615960121155,0.04621423780918121,-1.2492159605026245
395,27.0,2,1,-0.1178097277879715,1,2,1,-0.1152375340461731,-6.278671741485596,-2.952930212020874,7.321150302886963,-0.36705607175827026,1.9395015239715576,-2.0699210166931152
396,9.0,2,1,0.09599310904741287,1,2,1,0.08280667662620544,-3.389725685119629,-13.01650619506836,11.401459693908691,-1.2010892629623413,1.5234897136688232,-3.5681750774383545
397,9.0,2,1,-0.04363323003053665,1,2,1,-0.0340292751789093,-0.8899461030960083,-6.494100093841553,2.9236602783203125,-3.8671748638153076,1.9303452968597412,1.8499934673309326
398,12.0,0,2,0.008726646192371845,1,0,2,-0.0010872548446059227,13.812372207641602,-7.4019856452941895,-7.27661657333374,-5.781810760498047,0.6267415881156921,3.4490697383880615
399,9.0,2,0,0.1483529806137085,1,2,0,0.1423652619123459,-2.8566019535064697,-6.1073737144470215,6.478431701660156,3.1516523361206055,-3.954318046569824,-0.0545041486620903
400,9.0,0,1,0.02617993950843811,1,0,1,0.024053405970335007,7.27475643157959,-6.660167217254639,-2.0036964416503906,-2.8784682750701904,1.0410953760147095,-0.10612275451421738
401,60.0,2,1,0.16144295036792755,1,2,1,0.14482232928276062,-4.355339527130127,-2.9430203437805176,5.048457145690918,-3.268319845199585,7.080512046813965,-5.178001880645752
402,2.0,0,1,-0.008726646192371845,1,0,2,-0.01755611225962639,14.806086540222168,-7.938559055328369,-8.46376895904541,-8.974834442138672,2.7853236198425293,3.8260509967803955
403,33.0,2,2,-0.05672319978475571,1,2,1,-0.05524221435189247,-6.422813415527344,-1.9739047288894653,6.5134477615356445,-2.0782525539398193,3.0223300457000732,-2.1072580814361572
404,56.0,2,1,0.13526301085948944,1,2,0,0.13921569287776947,-5.400543689727783,-5.340944766998291,7.730017185211182,2.268009901046753,-1.7120290994644165,-0.9017587304115295
405,12.0,2,1,0.06108652427792549,1,2,0,0.07080541551113129,-2.013788938522339,-8.617483139038086,7.90569543838501,3.4727206230163574,-0.045999571681022644,-3.372224807739258
406,38.0,0,2,-0.021816615015268326,1,0,1,-0.0021302076056599617,6.978588581085205,-9.594995498657227,-0.16933032870292664,1.4400780200958252,4.4564008712768555,-5.8224005699157715
407,3.0,2,1,0.1146792471408844,1,2,1,0.11356900632381439,-4.223883628845215,0.6600856781005859,2.0799942016601562,-0.14837586879730225,1.4631590843200684,-1.8919700384140015
408,27.0,2,1,-0.11431906372308731,1,2,1,-0.06063609942793846,-5.6708879470825195,-5.880262851715088,8.574963569641113,-0.10068041831254959,1.109696865081787,-1.108459234237671
409,22.0,2,1,-0.16667895019054413,1,2,2,-0.11650855839252472,-8.219358444213867,-2.340576648712158,7.331794261932373,-12.615480422973633,3.4731743335723877,6.720717906951904
410,56.0,2,1,0.13526301085948944,1,2,1,0.13355205953121185,-5.88534688949585,-4.494770526885986,8.042399406433105,1.9093704223632812,2.866374969482422,-4.501762866973877
411,3.0,2,1,-0.1483529806137085,1,2,1,-0.1860802322626114,-9.311246871948242,-3.0563130378723145,7.693374156951904,1.0431890487670898,3.3878846168518066,-5.057490348815918
412,22.0,2,2,-0.17016960680484772,1,2,2,-0.16387861967086792,-5.929572105407715,-2.497401237487793,6.24880838394165,0.02189212292432785,-2.2335963249206543,1.9559495449066162
413,2.0,2,1,0.13089969754219055,1,2,1,0.11604394018650055,-0.3748435378074646,-19.113950729370117,10.340800285339355,-9.47165584564209,7.5506696701049805,-0.11882739514112473
414,33.0,2,0,-0.05672319978475571,1,2,0,-0.05710607394576073,-7.306726932525635,-2.3496763706207275,7.676640510559082,0.5887979865074158,-1.343691110610962,0.3548808991909027
415,66.0,2,1,-0.13773424923419952,1,2,0,-0.13130095601081848,-5.052870750427246,-6.535099029541016,8.760448455810547,2.782431125640869,1.6120387315750122,-3.840036153793335
416,2.0,2,1,0.1483529806137085,1,2,1,0.10694246739149094,-3.3565311431884766,-9.634615898132324,5.257311820983887,-4.5199055671691895,2.775890350341797,1.3830375671386719
417,33.0,2,1,-0.05672319978475571,1,2,2,-0.07665877789258957,-6.8509521484375,-4.2400641441345215,8.181572914123535,-0.3422201871871948,-2.8120503425598145,2.0238566398620605
418,22.0,2,1,-0.16667895019054413,1,2,1,-0.16818766295909882,-5.65596866607666,-2.2813336849212646,6.049050331115723,-0.945269763469696,-0.44944703578948975,-1.229249358177185
419,40.0,0,0,-0.004363323096185923,1,0,0,-0.008882912807166576,12.378108978271484,-11.872143745422363,-2.8765971660614014,8.269911766052246,-2.6526708602905273,-7.941547870635986
420,85.0,1,1,0.049967993050813675,0,1,1,0.0820985659956932,-9.64372730255127,14.017857551574707,-6.3356170654296875,-6.437954425811768,12.489118576049805,-12.148786544799805
421,41.0,0,2,0.013089969754219055,1,0,2,-0.0053979819640517235,9.43832778930664,-4.93983268737793,-6.730396270751953,-11.182873725891113,-2.267869710922241,8.230716705322266
422,2.0,0,1,0.008726646192371845,1,0,0,-0.008121843449771404,7.600643157958984,-7.836970329284668,-4.097017765045166,5.899303913116455,1.9734963178634644,-7.523735523223877
423,2.0,2,1,0.1483529806137085,1,2,1,0.12482142448425293,-5.378479480743408,-9.64100170135498,7.916937828063965,-11.116021156311035,5.775824546813965,4.329373836517334
424,3.0,2,1,-0.09599310904741287,1,2,2,-0.10892149060964584,-4.415923118591309,-9.277164459228516,7.1461100578308105,-0.04223782569169998,-0.7819925546646118,1.259064793586731
425,66.0,2,1,-0.12391837686300278,1,2,1,-0.12527203559875488,-5.526447296142578,-3.145667552947998,6.777730464935303,-3.5111825466156006,4.264466285705566,-2.237278461456299
426,2.0,0,0,0.008726646192371845,1,0,1,-0.006042296998202801,16.14688491821289,-6.711475849151611,-10.873564720153809,-9.728680610656738,4.008699417114258,3.085865020751953
427,2.0,0,0,0.008726646192371845,1,0,0,0.00904142577201128,17.78173065185547,-11.655595779418945,-11.190157890319824,3.7426726818084717,1.0042978525161743,-6.39299201965332
428,2.0,2,1,0.07853981852531433,1,2,1,0.05086937174201012,-5.183502197265625,-7.727226257324219,4.349650859832764,-7.201382637023926,4.5797624588012695,1.9791474342346191
429,12.0,2,2,0.07853981852531433,1,2,1,0.07425111532211304,-2.1585347652435303,-6.446005821228027,6.863351821899414,-4.403374671936035,1.9598557949066162,1.8163199424743652
430,2.0,2,1,0.11344639956951141,1,2,1,0.09648977965116501,-6.670107364654541,-5.153700351715088,4.01463508605957,-5.488056182861328,3.005364418029785,2.5808346271514893
431,40.0,0,2,-0.006981316953897476,1,0,2,-0.005907426588237286,9.727581024169922,-4.462728500366211,-5.4669060707092285,-5.983828544616699,3.025089740753174,4.125854969024658
432,3.0,0,1,0.02617993950843811,1,0,2,0.034318339079618454,6.733670711517334,-5.026248455047607,-3.823486566543579,-12.87926197052002,3.2635886669158936,6.063508033752441
433,56.0,2,1,0.13526301085948944,1,2,1,0.1399565488100052,-6.677340030670166,-6.034904479980469,8.760944366455078,0.2368553876876831,0.5599842071533203,-1.820507287979126
434,3.0,2,1,-0.09599310904741287,1,2,2,-0.09977255016565323,-4.497302532196045,-8.758008003234863,6.661678314208984,-0.34783607721328735,-1.131285309791565,1.7698854207992554
435,3.0,2,1,-0.13089969754219055,1,2,0,-0.1354646384716034,-7.118483543395996,-6.037769794464111,9.688712120056152,3.7327489852905273,3.660554885864258,-8.45593547821045
436,85.0,2,1,0.036651913076639175,1,2,1,0.04175189882516861,-2.3309638500213623,0.43905287981033325,1.2885785102844238,-2.048938751220703,5.343014717102051,-4.98977518081665
437,54.0,2,1,0.10908307880163193,1,2,1,0.10241546481847763,-1.4880880117416382,-6.031606197357178,6.063294410705566,-3.8497207164764404,5.886800765991211,-4.389477252960205
438,41.0,0,1,0.013089969754219055,1,0,2,0.011389200575649738,4.53879976272583,-2.878779888153076,-2.4082517623901367,-0.33568891882896423,-1.4150304794311523,0.27617985010147095
439,56.0,2,1,0.13264502584934235,1,2,2,0.11292216181755066,-5.492834091186523,-3.8619933128356934,7.371293544769287,-2.7321600914001465,-1.4874651432037354,3.214902400970459
440,3.0,2,0,0.1483529806137085,1,2,0,0.14772452414035797,-3.898975133895874,-5.58198356628418,6.879409313201904,7.806697368621826,-3.83730411529541,-5.466400146484375
441,9.0,2,1,-0.04363323003053665,1,2,2,-0.05532904341816902,-3.990339756011963,-2.652024269104004,3.310298442840576,-1.0989235639572144,-1.3432445526123047,3.3881962299346924
442,27.0,2,1,-0.10908307880163193,1,2,1,-0.1037813127040863,-8.185454368591309,-7.610752582550049,11.44450855255127,0.9603316783905029,4.308895111083984,-5.185925006866455
443,40.0,0,2,-0.006981316953897476,1,0,2,-0.007357035763561726,9.650103569030762,-4.537357807159424,-5.415317535400391,-8.564166069030762,1.9610551595687866,4.142031669616699
444,56.0,2,1,0.13193701207637787,1,2,2,0.1274266242980957,-5.124565601348877,-4.652517795562744,7.673598766326904,-2.8226311206817627,-0.3571024537086487,2.292515516281128
445,9.0,2,2,-0.07853981852531433,1,2,0,-0.0827595591545105,-6.667077541351318,-9.673205375671387,9.462093353271484,1.277954339981079,-1.0334781408309937,-0.6239385008811951
446,2.0,2,1,0.14815697073936462,1,2,1,0.11939078569412231,-2.902323007583618,-10.866546630859375,6.792205333709717,-11.247750282287598,5.780489921569824,4.555857181549072
447,9.0,2,1,0.08953382074832916,1,2,0,0.08268227428197861,-7.4306817054748535,-6.553164005279541,9.991586685180664,4.346597671508789,2.1658473014831543,-6.782754898071289
448,9.0,2,1,-0.12506859004497528,1,2,2,-0.12067575752735138,-7.577505111694336,-6.443030834197998,10.316505432128906,-5.9803667068481445,-1.2723485231399536,2.5748097896575928
449,2.0,2,2,-0.04566265270113945,1,2,2,-0.00675534550100565,-1.3756942749023438,-5.063544750213623,2.919977903366089,-1.4640003442764282,0.5813820362091064,0.6209743618965149
450,12.0,0,1,0.02617993950843811,1,0,0,-9.512994438409805e-05,8.221756935119629,-6.396778583526611,-2.2967779636383057,5.079960346221924,4.166871070861816,-9.801865577697754
451,9.0,2,1,-0.11344639956951141,1,2,2,-0.09643104672431946,-6.924057960510254,-5.309066295623779,8.383134841918945,-2.340212106704712,-4.1752519607543945,2.532766342163086
452,9.0,2,1,0.06198570877313614,1,2,1,0.03909161314368248,-4.226673126220703,-10.70826244354248,8.62808609008789,-2.5856268405914307,2.3923192024230957,0.34857791662216187
453,9.0,2,1,0.16580627858638763,1,2,1,0.1518334001302719,-6.025522232055664,-6.979457855224609,9.526529312133789,-2.757338047027588,0.9979167580604553,-0.18899106979370117
454,66.0,2,0,-0.12391837686300278,1,2,0,-0.13354168832302094,-6.606128692626953,-4.2266316413879395,8.746285438537598,5.092103004455566,-0.4277295470237732,-4.9857258796691895
455,27.0,2,2,-0.10908307880163193,1,2,0,-0.12050245702266693,-7.371259689331055,-6.643515110015869,11.490013122558594,6.2935895919799805,0.9415819048881531,-6.004114151000977
456,9.0,2,2,-0.1483529806137085,1,2,0,-0.15474069118499756,-5.116362571716309,-1.963808536529541,5.18521785736084,0.31800591945648193,-1.2791944742202759,-1.5051240921020508
457,2.0,2,1,0.1483529806137085,1,2,1,0.14018236100673676,-2.086041212081909,-5.672056674957275,3.439586639404297,-3.1693878173828125,2.1595821380615234,1.5715665817260742
458,2.0,0,0,-0.008726646192371845,1,0,2,-0.025635145604610443,15.82384204864502,-7.764920234680176,-9.239349365234375,-9.437975883483887,2.529362916946411,4.371528148651123
459,3.0,2,0,0.06108652427792549,1,2,0,0.06533842533826828,-3.0326666831970215,-4.612040042877197,6.964101314544678,5.733007907867432,0.9149819016456604,-6.5995402336120605
460,12.0,2,1,-0.06108652427792549,1,2,0,-0.06257763504981995,-6.705359935760498,-8.923402786254883,9.025008201599121,0.8172653913497925,-0.4660295844078064,-0.8428449630737305
461,3.0,2,0,0.1483529806137085,1,2,0,0.16624140739440918,-4.498314380645752,-2.2518577575683594,5.0024824142456055,8.444477081298828,-4.114767551422119,-6.179555416107178
462,12.0,2,1,-0.16580627858638763,1,2,0,-0.15665900707244873,-9.15566349029541,-6.7055158615112305,12.007264137268066,1.0208961963653564,0.833116888999939,-2.0517985820770264
463,3.0,2,0,-0.07853981852531433,1,2,0,-0.08335766196250916,-4.87921667098999,-7.927265644073486,10.066411018371582,2.2006490230560303,1.720670223236084,-4.0833916664123535
464,9.0,2,1,-0.07853981852531433,1,2,0,-0.08702661842107773,-4.5939555168151855,-9.706698417663574,7.42032527923584,0.5537549257278442,-0.2497277706861496,-0.03675728291273117
465,9.0,2,2,0.05703851953148842,1,2,2,0.06517266482114792,-7.823119163513184,-3.0123822689056396,7.416144371032715,0.38220393657684326,-3.218818426132202,1.345672845840454
466,22.0,2,2,-0.16800348460674286,1,2,2,-0.16371233761310577,-5.482673645019531,-4.825501441955566,7.613378524780273,-0.11352790147066116,-4.262441635131836,4.040759086608887
467,12.0,0,2,0.008726646192371845,1,0,1,-0.002223665826022625,10.379204750061035,-6.8592848777771,-4.121574401855469,-1.8326187133789062,2.329418182373047,-2.276768207550049
468,27.0,2,1,-0.1178097277879715,1,2,1,-0.0715862512588501,-6.731101989746094,-4.599332332611084,7.459657669067383,-6.60768985748291,6.13633918762207,-1.3687584400177002
469,9.0,2,1,0.13089969754219055,1,2,1,0.12292785942554474,-1.7193408012390137,-6.364570617675781,6.440965175628662,-2.7812719345092773,5.689916610717773,-5.00221061706543
470,40.0,0,1,-0.006981316953897476,1,0,1,-0.013794557191431522,11.046682357788086,-5.279186248779297,-7.0899224281311035,-6.546809196472168,4.083196640014648,-1.4569377899169922
471,9.0,2,1,-0.06108652427792549,1,2,2,-0.04903864115476608,-4.717381000518799,-6.647254467010498,5.866366863250732,-1.6289623975753784,-0.05000811815261841,1.9662697315216064
472,9.0,0,2,-0.02617993950843811,1,0,1,-0.02295267954468727,7.526908874511719,-10.95170783996582,-0.8031492829322815,-0.9751423001289368,6.326932907104492,-4.891310691833496
473,3.0,2,1,-0.09599310904741287,1,2,0,-0.09518464654684067,-4.757638931274414,-9.881970405578613,9.400339126586914,1.1505135297775269,0.07188339531421661,-2.231782913208008
474,66.0,2,1,-0.12740904092788696,1,2,0,-0.1258944422006607,-5.335390090942383,-6.7663774490356445,9.158519744873047,2.3844165802001953,2.0175342559814453,-4.001357555389404
475,22.0,2,1,-0.16144295036792755,1,2,1,-0.16020123660564423,-6.029424667358398,-3.460319995880127,7.024805545806885,-0.2531180679798126,0.07385672628879547,-1.7910616397857666
476,2.0,2,1,0.13028670847415924,1,2,1,0.11286430060863495,-6.301970958709717,-4.642457485198975,3.6997063159942627,-5.382610321044922,5.085111618041992,0.1658509075641632
477,2.0,2,2,-0.04363323003053665,1,2,1,-0.05521409586071968,-0.6667290925979614,-9.52492618560791,7.514988899230957,-6.608394622802734,3.266806125640869,2.5673742294311523
478,9.0,2,1,0.07853981852531433,1,0,1,0.032132338732481,1.0798664093017578,-6.646183013916016,0.8399059176445007,-2.8006937503814697,2.063311815261841,1.884328842163086
479,3.0,0,1,-0.006216439884155989,1,0,1,-0.06660179048776627,3.574505567550659,-1.997772216796875,-2.185509204864502,-2.0778002738952637,2.7747802734375,-2.9443023204803467
480,2.0,2,1,0.09599310904741287,1,2,1,0.09392835199832916,-5.564988136291504,-6.311609745025635,4.435759544372559,-4.345486164093018,3.7764410972595215,0.456303209066391
481,2.0,0,0,-0.008726646192371845,1,0,1,-0.016463477164506912,15.317997932434082,-6.760903835296631,-10.012948036193848,-10.7402982711792,4.689538478851318,3.594069480895996
482,12.0,2,0,0.16580627858638763,1,2,1,0.17205224931240082,-7.065080642700195,-0.11976180970668793,4.692716598510742,-2.906667947769165,2.6836037635803223,-0.33001136779785156
483,3.0,2,1,-0.07853981852531433,1,2,0,-0.07923666387796402,-4.456971645355225,-8.46218490600586,10.265937805175781,1.9742369651794434,-0.3381107449531555,-2.5185139179229736
484,54.0,2,0,0.11519172787666321,1,2,0,0.11836031079292297,-3.5759479999542236,-5.543394565582275,6.796530246734619,5.530091285705566,-0.7307536602020264,-5.084864616394043
485,22.0,2,1,-0.17016960680484772,1,2,1,-0.16594409942626953,-5.308070659637451,-1.7714362144470215,5.51523494720459,-1.7824586629867554,4.292058944702148,-3.840513229370117
486,85.0,2,1,0.05061454698443413,1,2,1,0.06559888273477554,-4.31184196472168,1.233040452003479,1.2910655736923218,-7.734862327575684,12.369526863098145,-7.886600971221924
487,12.0,1,2,0.09599310904741287,0,2,0,0.21163703501224518,-10.484724044799805,-1.725084662437439,7.629953861236572,-0.592334508895874,-1.2911691665649414,-1.1135647296905518
488,2.0,2,1,-0.1483529806137085,1,2,1,-0.13881227374076843,-4.9821600914001465,-2.731018543243408,6.043046951293945,-1.7830020189285278,4.526792049407959,-3.9115407466888428
489,9.0,2,2,0.06108652427792549,1,2,1,0.053127456456422806,-3.7383973598480225,-7.796749114990234,8.406275749206543,0.2175370454788208,3.932441234588623,-5.287630081176758
490,2.0,2,1,-0.06108652427792549,1,2,0,-0.07072150707244873,-6.793669700622559,-8.193156242370605,8.80713939666748,1.317668080329895,0.2863479256629944,-2.2411577701568604
491,27.0,2,0,-0.11697086691856384,1,2,2,-0.10769455879926682,-4.581235885620117,-1.7380906343460083,4.96118688583374,0.7184937000274658,-2.9737160205841064,0.7897408604621887
492,12.0,2,2,0.07853981852531433,1,2,2,0.07067164033651352,-5.494607925415039,-3.97190260887146,7.182406902313232,-6.896449089050293,1.356102466583252,4.55138635635376
493,12.0,2,1,0.1483529806137085,1,2,1,0.14437802135944366,-6.090973854064941,-4.682284355163574,7.39182186126709,0.039693258702754974,1.2303729057312012,-2.0460307598114014
494,2.0,2,1,0.07853981852531433,1,2,1,0.05177927389740944,-5.472114562988281,-7.300615310668945,4.276906967163086,-8.166190147399902,5.604994773864746,1.7116891145706177
495,12.0,2,1,-0.1483529806137085,1,2,0,-0.14386196434497833,-4.402576923370361,-2.5775792598724365,5.43602991104126,1.571986198425293,-0.7472575306892395,-2.5231637954711914
496,9.0,2,0,0.1483529806137085,1,2,0,0.13858261704444885,-2.6115686893463135,-5.678466796875,6.634295463562012,3.2701570987701416,0.26169252395629883,-5.150671005249023
497,22.0,2,1,-0.16667895019054413,1,2,1,-0.1667783111333847,-5.587883949279785,-2.254617214202881,5.973153591156006,-1.1263561248779297,-0.5659194588661194,-0.970298171043396
498,9.0,2,1,-0.09722594916820526,1,2,0,-0.11878100037574768,-4.029734134674072,-14.697534561157227,12.865166664123535,3.288438320159912,0.9505118727684021,-3.3541476726531982
499,2.0,2,1,-0.11344639956951141,1,2,1,-0.11714902520179749,-5.172103404998779,-1.2452077865600586,4.6263861656188965,-2.3266968727111816,2.337886333465576,-2.407766342163086
500,85.0,2,1,0.036651913076639175,1,1,1,0.0420939177274704,-2.9231245517730713,1.2634373903274536,1.16885244846344,-1.9560706615447998,6.065360069274902,-5.660590648651123
501,12.0,2,2,0.07853981852531433,1,2,2,0.07896207273006439,-9.197949409484863,-6.69292688369751,12.689521789550781,-7.009908676147461,2.9153144359588623,3.7248785495758057
502,2.0,2,1,0.1483529806137085,1,2,2,0.15497435629367828,-5.323655605316162,-5.369441986083984,5.686260223388672,-2.699927568435669,1.45619797706604,1.8053319454193115
503,22.0,2,2,-0.16144295036792755,1,2,2,-0.15120653808116913,-4.824265480041504,-5.319143772125244,7.09458065032959,-3.3621997833251953,-2.229074001312256,4.5272603034973145
504,9.0,2,2,0.04713159427046776,1,2,2,0.03651377186179161,-6.437247276306152,-2.718198776245117,6.128065586090088,0.1850791573524475,-3.600808620452881,1.6601489782333374
505,3.0,0,0,0.008726646192371845,1,0,0,0.008115713484585285,9.089977264404297,-0.9940730929374695,-8.00436019897461,2.6818950176239014,-0.9916924834251404,-4.729188919067383
506,43.0,0,1,0.021816615015268326,1,0,1,0.011022449471056461,10.036744117736816,-2.11309814453125,-8.129576683044434,-3.1375811100006104,6.187503337860107,-7.5527663230896
507,12.0,2,1,0.06108652427792549,1,2,0,0.05299248546361923,-7.460183620452881,-7.468047142028809,10.818117141723633,2.53869891166687,1.4360893964767456,-4.576009750366211
508,2.0,2,2,0.07853981852531433,1,2,1,0.05605282261967659,-5.004641056060791,-6.589105129241943,3.842890739440918,-6.4300127029418945,6.33203125,-0.6256536841392517
509,2.0,2,2,-0.13089969754219055,1,2,2,-0.14075379073619843,-6.528419494628906,-4.02919864654541,8.119379997253418,-0.4669589400291443,-3.633775234222412,2.8289108276367188
510,12.0,2,1,0.07692913711071014,1,2,1,0.07098979502916336,-1.7489349842071533,-10.423360824584961,8.70732593536377,-2.875502109527588,3.2168731689453125,-1.3021245002746582
511,66.0,2,1,-0.12740904092788696,1,2,1,-0.12545427680015564,-5.397884368896484,-6.940293312072754,9.30467414855957,2.2490553855895996,2.286787271499634,-4.136474132537842
512,2.0,2,1,0.11344639956951141,1,2,1,0.10439076274633408,-5.672005653381348,-5.441549777984619,3.8235998153686523,-4.8112077713012695,4.657656669616699,0.0033912137150764465
513,9.0,2,2,0.06108652427792549,1,2,1,0.05784211680293083,-4.9669694900512695,-7.778698444366455,9.257965087890625,1.6340577602386475,3.1413192749023438,-6.050230503082275
514,66.0,2,0,-0.13089969754219055,1,2,0,-0.1279015690088272,-5.299683570861816,-6.675992965698242,9.149133682250977,3.1613881587982178,1.161798119544983,-3.955127000808716
515,60.0,2,0,0.17016960680484772,1,2,0,0.15986429154872894,-4.732264041900635,-3.1027159690856934,5.876572132110596,2.435591459274292,1.4969854354858398,-3.4849488735198975
516,12.0,2,0,-0.07853981852531433,1,2,2,-0.08984597027301788,-7.754477024078369,-10.078214645385742,11.718792915344238,-0.8191050291061401,0.25953060388565063,1.6947053670883179
517,54.0,2,0,0.11519172787666321,1,2,0,0.11838865280151367,-4.081308364868164,-6.5378241539001465,7.6625542640686035,5.71666955947876,-0.01627962477505207,-6.011964797973633
518,3.0,0,2,-0.02617993950843811,1,0,2,-0.030986730009317398,11.267783164978027,-6.6568284034729,-6.571654319763184,-9.790300369262695,3.169252395629883,4.790177822113037
519,9.0,2,1,0.09599310904741287,1,2,1,0.08458049595355988,-3.6586530208587646,-12.89183521270752,11.43013858795166,-1.0456767082214355,0.20758552849292755,-2.378192663192749
520,3.0,2,2,0.10004111379384995,1,2,2,0.10455065965652466,-5.767056465148926,-3.65460205078125,7.688765048980713,-4.597995281219482,1.9478368759155273,2.310356855392456
521,56.0,2,1,0.13526301085948944,1,2,0,0.13584280014038086,-8.535809516906738,-1.708762764930725,7.786825656890869,3.0882909297943115,1.3929848670959473,-5.792688846588135
522,3.0,2,2,0.1099480390548706,1,2,2,0.10951854288578033,-5.7879533767700195,-3.9968080520629883,7.8625969886779785,-4.000465393066406,1.2191218137741089,2.2006657123565674
523,9.0,0,0,0.008726646192371845,1,0,1,-0.006229299120604992,14.499520301818848,-6.251707553863525,-8.248164176940918,3.4719419479370117,5.948863506317139,-10.041781425476074
524,54.0,2,1,0.11519172787666321,1,2,0,0.10378357023000717,-5.492183208465576,-6.024013996124268,7.753195285797119,5.773985862731934,2.322288751602173,-8.876546859741211
525,3.0,2,1,0.16580627858638763,1,2,1,0.14506712555885315,-4.013065338134766,-2.1926398277282715,4.458525657653809,-5.983950614929199,7.097155570983887,-2.443941831588745
526,2.0,2,2,-0.04363323003053665,1,2,2,-0.03917611017823219,-3.913907766342163,-5.897244930267334,7.224913120269775,-2.971987247467041,0.6902278065681458,2.1144628524780273
527,33.0,2,1,-0.05672319978475571,1,2,1,-0.058040495961904526,-7.108903884887695,-1.3597139120101929,6.765872955322266,-3.3030245304107666,5.649463176727295,-3.4108948707580566
528,2.0,2,2,-0.13089969754219055,1,2,2,-0.13674631714820862,-6.4216508865356445,-3.8780245780944824,7.859296798706055,-0.6826270222663879,-4.006392002105713,3.416590452194214
529,27.0,2,0,-0.11170107126235962,1,2,0,-0.11710220575332642,-9.318477630615234,-1.5084333419799805,8.138084411621094,4.351913928985596,1.250545859336853,-6.595012187957764
530,12.0,2,1,0.06108652427792549,1,2,0,0.06096236780285835,-8.866316795349121,-7.550009250640869,11.928035736083984,2.268296003341675,1.8915122747421265,-4.4406538009643555
531,3.0,2,1,-0.04363323003053665,1,2,1,-0.045013178139925,-3.979017972946167,-8.505675315856934,8.063042640686035,-1.1763508319854736,1.515404224395752,-0.36595451831817627
532,2.0,2,2,0.09599310904741287,1,2,1,0.0936795175075531,-5.6710896492004395,-6.338621139526367,4.511268615722656,-4.007527828216553,2.8778929710388184,1.219414472579956
533,12.0,2,2,0.07853981852531433,1,2,2,0.07793323695659637,-5.420629024505615,-4.030045986175537,7.21826171875,-2.435807466506958,1.0060856342315674,1.981644868850708
534,12.0,2,2,-0.13089969754219055,1,2,2,-0.12909133732318878,-4.793166637420654,-1.9628984928131104,5.189574718475342,-8.011574745178223,0.370382696390152,4.437351226806641
535,12.0,0,2,-0.008726646192371845,1,0,2,-0.013887076638638973,15.346031188964844,-7.661601543426514,-8.71415901184082,-8.511255264282227,1.3027870655059814,4.893447399139404
536,12.0,2,1,-0.1483529806137085,1,2,1,-0.16024139523506165,-8.224910736083984,-3.5480988025665283,8.895843505859375,-5.446842670440674,5.900025367736816,-2.3023765087127686
537,27.0,2,0,-0.10908307880163193,1,2,0,-0.11335189640522003,-5.466495990753174,-7.256427764892578,9.680060386657715,3.9100358486175537,0.450644314289093,-4.604308128356934
538,12.0,2,1,0.06108652427792549,1,2,0,0.06847947090864182,-3.9942123889923096,-11.290472984313965,10.988741874694824,5.210873126983643,1.4570093154907227,-6.2898268699646
539,40.0,0,2,-0.006981316953897476,1,0,2,-0.009244482032954693,8.868644714355469,-5.947143077850342,-3.345247268676758,-4.7545881271362305,2.8022122383117676,3.2460503578186035
540,9.0,2,2,-0.07853981852531433,1,2,0,-0.0883169174194336,-6.864602088928223,-9.321166038513184,9.482508659362793,1.3902342319488525,-1.3193615674972534,-0.5301548838615417
541,85.0,2,1,0.036651913076639175,1,0,1,0.04391873627901077,1.7267000675201416,-3.1861257553100586,0.5923479199409485,-3.850954532623291,4.47586727142334,-3.44187331199646
542,3.0,0,1,0.008726646192371845,1,0,1,-0.002649719826877117,13.683454513549805,-6.494332313537598,-7.1399407386779785,0.5436176657676697,6.531545162200928,-7.646872520446777
543,9.0,2,1,0.09599310904741287,1,2,0,0.09479856491088867,-4.876445770263672,-5.74437952041626,7.676854610443115,3.1767706871032715,2.746352434158325,-6.08480167388916
544,9.0,2,1,0.04363323003053665,1,2,0,0.039086248725652695,-4.322291851043701,-4.439465045928955,5.69297456741333,1.2619092464447021,-2.666018009185791,-0.13373026251792908
545,27.0,1,1,-0.1178097277879715,0,1,1,-0.02988455444574356,-5.5773820877075195,8.667580604553223,-3.68721079826355,-6.2244062423706055,5.070145606994629,-0.987851083278656
546,3.0,2,2,-0.11344639956951141,1,2,0,-0.11827100813388824,-6.155046463012695,-6.5031208992004395,7.738601207733154,3.2904202938079834,1.1758204698562622,-3.516922950744629
547,12.0,2,1,-0.16580627858638763,1,2,1,-0.1574208289384842,-7.987486839294434,-7.402251720428467,11.592352867126465,1.061523675918579,2.165083169937134,-2.7440407276153564
548,12.0,2,0,-0.07853981852531433,1,2,0,-0.10132889449596405,-5.576938629150391,-4.372856616973877,6.285223960876465,1.4393224716186523,-1.7909458875656128,1.0502269268035889
549,54.0,2,0,0.10908307880163193,1,2,1,0.09456606209278107,-2.7142157554626465,-2.8823180198669434,4.612071990966797,0.37993907928466797,2.403712749481201,-4.327178478240967
550,12.0,2,1,0.1483529806137085,1,2,1,0.09528108686208725,-7.115531921386719,-6.235795497894287,9.177788734436035,2.9024431705474854,6.702897071838379,-12.08658504486084
551,3.0,2,0,0.04363323003053665,1,2,0,0.04729043319821358,-3.6462326049804688,-7.839345932006836,8.622779846191406,4.580956935882568,0.8220049142837524,-5.810349941253662
552,12.0,2,1,-0.09949146956205368,1,2,1,-0.09171701967716217,-6.731922626495361,-2.4069807529449463,7.170933246612549,-3.737650156021118,4.531991958618164,-2.196719169616699
553,9.0,0,1,-0.008726646192371845,1,0,1,-0.022212043404579163,8.424731254577637,-6.344998836517334,-3.8278539180755615,-9.318906784057617,3.7822329998016357,3.3991408348083496
554,2.0,2,1,-0.1483529806137085,1,2,1,-0.13921721279621124,-4.9838457107543945,-2.717421770095825,6.025823593139648,-1.770090937614441,4.543436527252197,-3.9616363048553467
555,9.0,2,2,-0.06108652427792549,1,2,2,-0.03160631284117699,-3.895341634750366,-5.761490821838379,4.222446441650391,0.3585996627807617,-0.6629540920257568,0.39087456464767456
556,3.0,2,1,0.07853981852531433,1,2,2,0.08376520872116089,-3.341172695159912,-12.682038307189941,10.992128372192383,-5.495826721191406,0.9021848440170288,1.8505945205688477
557,43.0,0,0,0.027925267815589905,1,0,0,-0.0014886697754263878,17.67481803894043,-10.543452262878418,-12.474687576293945,7.659559726715088,-2.494152307510376,-8.402409553527832
558,56.0,2,1,0.13526301085948944,1,2,1,0.13467466831207275,-8.166125297546387,-2.5073113441467285,7.649164199829102,2.9711997509002686,3.9806113243103027,-8.26152515411377
559,2.0,0,1,0.008726646192371845,1,0,0,-0.007538209669291973,7.200771331787109,-7.7212090492248535,-3.805802583694458,6.543741703033447,1.6726560592651367,-7.830535411834717
560,12.0,2,1,-0.16580627858638763,1,2,0,-0.14775298535823822,-5.875556945800781,-6.701294898986816,9.187806129455566,2.3724935054779053,0.449788361787796,-2.0174405574798584
561,56.0,2,0,0.13526301085948944,1,2,0,0.1350513994693756,-4.4245500564575195,-7.8671112060546875,8.38700008392334,2.38051176071167,1.5529195070266724,-6.4728288650512695
562,2.0,0,2,-0.02741278149187565,1,0,2,-0.050391290336847305,6.189350605010986,-8.750938415527344,0.8003672957420349,-6.396801948547363,0.30355900526046753,4.488711833953857
563,12.0,2,1,-0.1483529806137085,1,2,1,-0.15202082693576813,-6.284262657165527,-2.1994917392730713,6.310007095336914,-7.525973796844482,5.231013298034668,-1.5362812280654907
564,60.0,2,2,0.16755160689353943,1,2,0,0.15941563248634338,-9.759393692016602,-11.103155136108398,14.87734603881836,3.3080151081085205,-5.115146636962891,-0.5152273178100586
565,27.0,2,0,-0.11170107126235962,1,2,0,-0.10361801087856293,-7.561348915100098,-5.645996570587158,9.571243286132812,3.2768990993499756,1.878359317779541,-6.118646621704102
566,54.0,2,1,0.1178097277879715,1,2,0,0.13684633374214172,-2.815176486968994,-6.621227264404297,6.871667385101318,7.832881927490234,2.0580403804779053,-11.398269653320312
567,85.0,2,1,0.04363323003053665,1,2,1,0.05021286755800247,-1.2104663848876953,-5.186121940612793,4.718847274780273,-4.338171005249023,4.838354110717773,-2.942699432373047
568,2.0,2,1,0.09599310904741287,1,2,1,0.09242771565914154,-5.58867073059082,-6.350642204284668,4.495952606201172,-4.21340799331665,3.4927430152893066,0.6801328063011169
569,9.0,2,1,0.16580627858638763,1,2,1,0.17752239108085632,-7.010897636413574,-6.036692142486572,9.512674331665039,1.9907495975494385,4.412995338439941,-9.549626350402832
570,33.0,2,1,-0.06195918843150139,1,2,1,-0.04854099079966545,-3.6436846256256104,-7.61204195022583,7.747655391693115,-2.407777786254883,2.7919270992279053,-0.39651456475257874
571,40.0,0,1,-0.004363323096185923,1,0,1,0.005169817246496677,11.876242637634277,-7.734171390533447,-6.739568710327148,-1.2151012420654297,0.7529155611991882,-3.7869205474853516
572,9.0,2,2,-0.16580627858638763,1,2,0,-0.15876559913158417,-5.264838695526123,-8.310246467590332,9.926596641540527,1.813155174255371,-0.25511640310287476,-3.1819827556610107
573,12.0,0,1,0.02617993950843811,1,0,0,0.010290884412825108,8.951274871826172,-6.273200511932373,-2.9901299476623535,5.313351154327393,4.72066593170166,-10.661922454833984
574,3.0,0,1,-0.008726646192371845,1,0,1,-0.01497409213334322,14.802568435668945,-7.962019443511963,-7.2397050857543945,-3.6566667556762695,1.5862836837768555,0.9089839458465576
575,9.0,2,1,-0.06108652427792549,1,2,2,-0.04635285958647728,-4.179202079772949,-4.0797343254089355,3.547630786895752,0.08319178968667984,-0.9422754049301147,1.6101875305175781
576,12.0,0,1,-0.02617993950843811,1,0,1,-0.08239300549030304,7.9196014404296875,-14.844225883483887,-0.5569166541099548,0.013264976441860199,3.8934929370880127,-1.643038034439087
577,2.0,0,2,-0.02617993950843811,1,0,2,-0.0292985662817955,7.419556617736816,-8.300915718078613,-0.6665387749671936,-5.231000900268555,0.09945841133594513,3.780827283859253
578,12.0,2,0,0.04363323003053665,1,2,0,0.06344451755285263,-2.5224769115448,-13.155159950256348,10.765886306762695,10.845952987670898,4.210693836212158,-15.994280815124512
579,2.0,0,0,0.0009799068793654442,1,0,1,-0.011320206336677074,14.72730827331543,-5.977096080780029,-9.815999984741211,-10.1458158493042,4.4055328369140625,3.2607223987579346
580,2.0,2,1,0.13089969754219055,1,2,2,0.11044773459434509,-3.2046914100646973,-7.580358982086182,5.03599739074707,-1.4244309663772583,-0.14548812806606293,1.7743449211120605
581,3.0,2,0,0.0675458088517189,1,2,2,0.07738496363162994,-4.320984840393066,-2.967402219772339,6.091226577758789,0.05595222860574722,-0.8649068474769592,0.6359682679176331
582,9.0,2,2,0.04401072859764099,1,2,0,0.03849445655941963,-5.2381978034973145,-3.4584338665008545,5.603671073913574,0.8521745800971985,-3.092883348464966,0.8038396239280701
583,2.0,2,1,0.1483529806137085,1,2,1,0.15202362835407257,-3.2813544273376465,-5.706999778747559,4.441462516784668,-2.254366159439087,1.5298224687576294,1.2847930192947388
584,3.0,2,1,-0.1483529806137085,1,2,1,-0.18608133494853973,-9.31126594543457,-3.0562617778778076,7.693374156951904,1.0432119369506836,3.3878045082092285,-5.057435512542725
585,33.0,1,1,-0.06544984877109528,0,1,1,0.02374100685119629,-6.2820844650268555,6.351463317871094,-1.7954645156860352,-8.581039428710938,11.490544319152832,-7.442275524139404
586,2.0,2,1,-0.09599310904741287,1,2,1,-0.07953840494155884,-7.92545223236084,-9.219364166259766,12.221295356750488,-0.7661909461021423,5.141765594482422,-4.447868824005127
587,12.0,2,0,-0.07853981852531433,1,2,1,-0.0840551108121872,-7.221599102020264,-7.512664794921875,8.739030838012695,0.15479791164398193,1.6516051292419434,-2.178516387939453
588,54.0,1,1,0.10908307880163193,0,1,1,0.21509775519371033,-9.768763542175293,12.120829582214355,-3.7387773990631104,-11.751289367675781,10.09475326538086,-0.5566714406013489
589,9.0,0,1,0.008726646192371845,1,0,1,-0.01265848707407713,13.497551918029785,-5.895105838775635,-7.419315338134766,2.683260679244995,6.848651885986328,-10.296266555786133
590,27.0,2,0,-0.11170107126235962,1,2,0,-0.130990669131279,-6.3070831298828125,-7.041557312011719,7.295907020568848,0.7199763059616089,-0.1637863963842392,-0.38963761925697327
591,2.0,0,2,-0.02617993950843811,1,0,2,-0.023646492511034012,7.0758137702941895,-9.286003112792969,0.34264305233955383,-3.401268482208252,0.3402942419052124,2.0757129192352295
592,9.0,2,1,0.09599310904741287,1,2,1,0.095549076795578,-8.552154541015625,-0.36440783739089966,6.869170665740967,0.9259834289550781,2.4847617149353027,-3.6569621562957764
593,40.0,0,0,-0.004363323096185923,1,0,0,0.0008583152666687965,7.093573093414307,-8.807330131530762,-0.47137656807899475,9.9690523147583,0.26193904876708984,-13.94898509979248
594,12.0,2,0,-0.04363323003053665,1,2,2,-0.03890344128012657,-4.241581439971924,-6.209425449371338,7.721801280975342,-2.94319486618042,0.628655731678009,2.145042896270752
595,2.0,0,1,-0.009339625015854836,1,0,2,-0.04956286400556564,12.590025901794434,-5.299408912658691,-9.230266571044922,-10.354175567626953,3.6003785133361816,4.727545738220215
596,3.0,2,1,0.04363323003053665,1,2,1,0.035836394876241684,-2.6938188076019287,-11.173089981079102,7.743287086486816,-0.1368579864501953,1.7204241752624512,-1.800050973892212
597,12.0,2,2,0.07853981852531433,1,2,2,0.07718192040920258,-4.275660991668701,-5.326140880584717,7.287725448608398,-5.585361480712891,1.7510274648666382,3.281792402267456
598,12.0,2,0,0.04363323003053665,1,2,0,0.0605064295232296,-1.730749249458313,-11.918667793273926,9.189629554748535,11.767454147338867,4.293661117553711,-16.854177474975586
599,60.0,2,1,0.17016960680484772,1,2,1,0.1593969464302063,-4.954477310180664,-5.47445011138916,7.818047046661377,-3.5638697147369385,0.8625915050506592,0.44914573431015015
600,43.0,0,0,0.027925267815589905,1,0,0,0.011122352443635464,6.050503730773926,-7.505967140197754,-0.0574842169880867,7.065597057342529,4.876336097717285,-12.574941635131836
601,3.0,2,1,0.04363323003053665,1,2,1,0.0016959505155682564,-3.823683261871338,-4.8719329833984375,4.687646389007568,-0.43580400943756104,2.6182754039764404,-1.7397499084472656
602,3.0,2,1,-0.043020252138376236,1,2,0,-0.04232688620686531,-0.6659125089645386,-6.99893045425415,3.4968621730804443,3.4789602756500244,1.9649615287780762,-6.749678134918213
603,2.0,0,0,-0.008726646192371845,1,0,2,-0.013576232828199863,13.906758308410645,-6.880978584289551,-7.94620943069458,-8.891788482666016,2.2283389568328857,3.8537936210632324
604,66.0,2,1,-0.12391837686300278,1,2,1,-0.12210066616535187,-5.612762928009033,-3.150170087814331,6.8612823486328125,-3.8738064765930176,4.267322540283203,-1.862054467201233
605,43.0,0,0,0.027925267815589905,1,0,0,0.024799469858407974,6.645996570587158,-6.157212257385254,-4.346677303314209,6.801052570343018,1.1076103448867798,-8.522921562194824
606,2.0,2,2,-0.11990568786859512,1,2,2,-0.13340486586093903,-6.787774562835693,-3.435922384262085,7.848447322845459,-7.269320964813232,-5.091368675231934,10.278316497802734
607,2.0,2,2,0.09599310904741287,1,2,1,0.09265223145484924,-5.609698295593262,-6.387557506561279,4.536113739013672,-3.963658094406128,2.9494895935058594,1.0716590881347656
608,3.0,0,2,-0.02617993950843811,1,0,2,-0.030484706163406372,10.793984413146973,-6.29144287109375,-6.650536060333252,-10.022271156311035,3.812246799468994,4.131656169891357
609,2.0,2,1,-0.07853981852531433,1,2,1,-0.054893609136343,1.027047872543335,-12.399580955505371,6.478621959686279,0.47546035051345825,4.1685943603515625,-4.026630401611328
610,3.0,2,2,0.09599310904741287,1,2,1,0.10134994983673096,-5.9519195556640625,-3.2921690940856934,7.6521430015563965,-4.910999298095703,2.531744956970215,2.28375506401062
611,2.0,2,1,-0.06108652427792549,1,2,1,-0.0735560953617096,-6.311110019683838,-7.167492389678955,7.846078395843506,1.0196752548217773,2.0353081226348877,-3.4888596534729004
612,66.0,2,0,-0.13089969754219055,1,2,0,-0.1289406567811966,-5.4783711433410645,-6.617769718170166,9.3466215133667,3.9337270259857178,0.261445015668869,-3.9880454540252686
613,9.0,2,2,-0.07391762733459473,1,2,1,-0.0847458764910698,-6.652982234954834,-8.819748878479004,9.904377937316895,-0.4748690724372864,0.920712411403656,0.5390560030937195
614,27.0,2,0,-0.10908307880163193,1,2,0,-0.12114058434963226,-5.587646007537842,-7.145551681518555,9.692582130432129,4.604864120483398,-1.7508491277694702,-3.4405698776245117
615,27.0,2,1,-0.1124090775847435,1,2,0,-0.12567119300365448,-8.136075019836426,-7.953251838684082,11.013317108154297,2.9085748195648193,1.1105848550796509,-5.199782848358154
616,60.0,2,1,0.16582384705543518,1,2,2,0.1660260260105133,-3.507638931274414,-3.832531452178955,5.745645046234131,-2.677924394607544,-1.137197494506836,2.706359386444092
617,2.0,2,1,0.06108652427792549,1,2,1,0.06134519353508949,-4.006143569946289,-9.010138511657715,5.472929954528809,-1.1630821228027344,1.3318126201629639,-0.364932656288147
618,60.0,2,2,0.1652621328830719,1,2,2,0.15010087192058563,-3.819859027862549,-4.622562408447266,6.257832050323486,-4.636207580566406,-1.386936902999878,5.097711563110352
619,38.0,0,1,-0.021816615015268326,1,0,1,-0.015485386364161968,2.9393112659454346,-7.494369029998779,2.4087820053100586,-0.06827277690172195,2.3727691173553467,-3.2035326957702637
620,12.0,2,1,0.06108652427792549,1,2,1,0.0644347295165062,0.8611560463905334,-8.88892936706543,5.743480205535889,-1.3318004608154297,1.240338921546936,-0.4554142653942108
621,9.0,2,1,0.16580627858638763,1,2,1,0.15027035772800446,-10.482011795043945,-2.5768299102783203,8.963837623596191,-5.50396203994751,5.030046463012695,-4.233226299285889
622,12.0,2,1,-0.1483529806137085,1,2,2,-0.14432838559150696,-5.452527046203613,-1.86149263381958,5.486265659332275,-6.982512474060059,-0.32817542552948,4.107604503631592
623,2.0,0,0,-0.008726646192371845,1,0,2,-0.027500662952661514,14.891766548156738,-6.439052104949951,-9.345903396606445,-10.075058937072754,2.2622199058532715,5.170627593994141
624,9.0,2,1,-0.04363323003053665,1,2,1,-0.06079019978642464,-4.251354694366455,-6.045466899871826,6.829762935638428,-2.7598586082458496,5.025531768798828,-2.3737428188323975
625,9.0,2,1,-0.04363323003053665,1,2,2,-0.054617542773485184,-1.1653552055358887,-4.420671463012695,3.034759998321533,-2.280153751373291,0.6642594933509827,1.6059433221817017
626,2.0,2,0,0.038415584713220596,1,0,1,0.02940690889954567,8.9633207321167,-8.811702728271484,-4.899728775024414,1.8382794857025146,2.6459381580352783,-5.235162258148193
627,2.0,2,1,-0.09599310904741287,1,2,2,-0.12232108414173126,-6.99456262588501,-3.0340068340301514,8.2236328125,-3.2406208515167236,0.06282754242420197,2.319080114364624
628,54.0,2,1,0.1178097277879715,1,2,0,0.1226968914270401,-2.414609432220459,-5.6915388107299805,5.511765956878662,8.096426963806152,1.8074679374694824,-11.910611152648926
629,9.0,2,1,-0.09599310904741287,1,2,0,-0.1039656326174736,-7.305203914642334,-9.506797790527344,12.012489318847656,4.8484039306640625,3.142732858657837,-8.38955020904541
630,9.0,0,2,-0.02617993950843811,1,2,2,-0.020112257450819016,0.3372993469238281,-4.889537811279297,2.3186094760894775,-3.266254186630249,-0.9440340399742126,1.4470255374908447
631,3.0,2,1,-0.09599310904741287,1,2,2,-0.09334415942430496,-4.532697677612305,-8.67171573638916,6.365507125854492,0.7813543081283569,-1.313380241394043,0.8384518623352051
632,12.0,2,0,-0.16580627858638763,1,2,2,-0.1707117110490799,-7.723048686981201,-7.2126641273498535,10.78870964050293,-5.298681259155273,-3.21012020111084,3.6656088829040527
633,3.0,2,2,-0.1483529806137085,1,2,0,-0.17140822112560272,-9.664649963378906,-4.840023517608643,8.391002655029297,3.9594810009002686,-2.3329763412475586,-2.5099234580993652
634,2.0,2,1,0.16580627858638763,1,2,1,0.14503668248653412,-2.7481884956359863,-9.314093589782715,5.031152248382568,-7.870984077453613,6.707086086273193,1.2010166645050049
635,3.0,0,2,-0.02617993950843811,1,0,0,-0.03747572377324104,2.4909303188323975,-7.823946475982666,0.731349766254425,2.0623779296875,0.020835233852267265,-3.3345930576324463
636,3.0,2,2,-0.1483529806137085,1,2,0,-0.18016794323921204,-11.76873779296875,-5.334227085113525,11.185179710388184,1.0753395557403564,0.8634880781173706,-2.3785431385040283
637,3.0,2,0,-0.06108652427792549,1,2,0,-0.06703044474124908,-6.807982921600342,-6.9535980224609375,10.637225151062012,1.893871545791626,0.7903054356575012,-1.039505958557129
638,2.0,2,2,-0.04363323003053665,1,2,2,-0.05205202475190163,1.0602277517318726,-9.47702693939209,5.748526573181152,-9.521323204040527,2.372130870819092,5.728655815124512
639,9.0,2,2,-0.1483529806137085,1,2,0,-0.15093116462230682,-6.101404666900635,-7.780486583709717,10.375362396240234,5.010376930236816,1.3088796138763428,-6.075725078582764
640,3.0,0,1,-0.008726646192371845,1,0,2,0.01873127371072769,12.67212200164795,-6.820417881011963,-6.379263401031494,-4.234011173248291,1.0978952646255493,2.1083524227142334
641,12.0,2,1,0.07270871102809906,1,2,1,0.0741850882768631,-6.905588626861572,-9.065861701965332,11.74849796295166,-2.875201940536499,3.2191860675811768,-1.3026151657104492
642,9.0,0,1,-0.008726646192371845,1,0,1,0.02035221830010414,7.621822834014893,-7.878965854644775,-0.704742968082428,2.3861465454101562,4.3753862380981445,-7.846556186676025
643,12.0,2,2,-0.13089969754219055,1,2,2,-0.13959039747714996,-4.961652755737305,-3.943282127380371,6.938793182373047,-3.9815592765808105,-0.1281423717737198,2.73274302482605
644,12.0,0,0,-0.02617993950843811,1,0,0,-0.031838562339544296,1.6631461381912231,-6.876937389373779,1.472419261932373,3.326073408126831,2.02032470703125,-6.7577056884765625
645,9.0,2,2,0.06108652427792549,1,2,1,0.053347792476415634,-7.613764762878418,-4.998837947845459,9.754695892333984,0.9847694635391235,3.4600465297698975,-5.3385162353515625
646,3.0,2,0,0.13292911648750305,1,2,0,0.1484580785036087,-4.164375305175781,-6.301202774047852,7.521810531616211,7.630672931671143,1.7530732154846191,-10.818836212158203
647,12.0,2,2,0.09599310904741287,1,2,2,0.05982082709670067,-9.73327350616455,-5.692162036895752,10.934825897216797,-5.06303071975708,0.6556764841079712,3.748424768447876
648,2.0,2,0,-0.07853981852531433,1,2,0,-0.07948269695043564,-5.304287910461426,-5.006969928741455,8.293015480041504,3.9284684658050537,-0.19836239516735077,-4.2428975105285645
649,33.0,2,0,-0.0593411959707737,1,2,0,-0.07779102027416229,1.3664543628692627,-13.124251365661621,7.745032787322998,3.9581387042999268,0.8911215662956238,-7.74228048324585
650,2.0,2,1,-0.1483529806137085,1,2,1,-0.13925045728683472,-4.98866605758667,-2.7274985313415527,6.044256210327148,-1.7851845026016235,4.535351276397705,-3.919888734817505
651,3.0,2,1,0.08889418840408325,1,2,1,0.0039948103949427605,-1.1491118669509888,-3.522632122039795,3.519340991973877,-2.6527249813079834,1.4573016166687012,-0.6173770427703857
652,3.0,2,0,-0.06108652427792549,1,2,1,-0.04446016624569893,-10.002840995788574,-7.977899551391602,13.445758819580078,-1.595184087753296,6.2765092849731445,-4.215759754180908
653,85.0,2,1,0.04363323003053665,1,2,1,0.04624379053711891,-0.8001378178596497,-4.652343273162842,3.9170281887054443,-4.460240840911865,4.903720855712891,-2.9434030055999756
654,3.0,2,1,-0.1483529806137085,1,2,1,-0.18608056008815765,-9.311233520507812,-3.0563254356384277,7.69338846206665,1.0432372093200684,3.38795804977417,-5.057662010192871
655,2.0,2,1,0.16580627858638763,1,2,1,0.14096301794052124,-2.9865400791168213,-6.373754024505615,3.643327474594116,-1.2980669736862183,1.6773972511291504,0.7033238410949707
656,38.0,0,0,-0.024434609338641167,1,0,1,0.00045999977737665176,3.0653975009918213,-10.229863166809082,1.0479272603988647,-7.84284782409668,3.9360556602478027,1.6189783811569214
657,54.0,2,2,0.1178097277879715,1,2,1,0.10725472867488861,-6.876777648925781,-4.993227481842041,8.748419761657715,-0.3801591396331787,-0.15484243631362915,-0.6445313096046448
658,12.0,0,2,0.008726646192371845,1,0,1,-0.0031389398500323296,10.885762214660645,-7.135549068450928,-4.46004581451416,-2.5648763179779053,1.8818330764770508,-1.2102196216583252
659,3.0,2,1,0.07853981852531433,1,2,2,0.08026659488677979,-2.1011037826538086,-12.807395935058594,10.05698013305664,-5.875731468200684,-0.8080881834030151,3.993143320083618
660,2.0,2,1,-0.09599310904741287,1,2,0,-0.0888521820306778,-5.709590435028076,-6.117005825042725,8.256568908691406,0.3201505243778229,-1.0754905939102173,0.014212973415851593
661,22.0,2,1,-0.16667895019054413,1,2,2,-0.16336055099964142,-4.891539573669434,-4.41404914855957,6.747232913970947,-5.316852569580078,-0.826078474521637,3.1441776752471924
662,9.0,0,1,-0.008726646192371845,1,0,1,0.029301173985004425,10.494461059570312,-9.154008865356445,-3.35994553565979,0.6899411678314209,3.5031232833862305,-5.266422271728516
663,2.0,2,1,0.1483529806137085,1,2,1,0.13397784531116486,-2.9289371967315674,-17.345422744750977,12.594264030456543,-12.419560432434082,6.137853622436523,3.873751640319824
664,33.0,2,2,-0.05672319978475571,1,2,1,-0.05906267836689949,-6.337142467498779,-2.091989040374756,6.666386127471924,-3.317965269088745,4.275106430053711,-2.1626906394958496
665,38.0,0,1,-0.021816615015268326,1,0,1,-0.02690156176686287,7.626235008239746,-2.8221020698547363,-6.0159430503845215,-1.8462566137313843,0.2829097807407379,-1.2647193670272827
666,12.0,2,1,-0.07853981852531433,1,2,0,-0.08431484550237656,-4.029088973999023,-6.531819820404053,6.518380641937256,1.5703132152557373,0.9766278862953186,-1.1886906623840332
667,12.0,2,2,0.07853981852531433,1,2,2,0.07329650968313217,-2.3026623725891113,-6.925716400146484,7.194754600524902,-5.057706832885742,1.6146799325942993,2.773566722869873
668,2.0,2,1,-0.09599310904741287,1,2,0,-0.11025679856538773,-5.27113151550293,-6.824196815490723,9.383214950561523,1.6354422569274902,0.17020221054553986,-0.8355422616004944
669,3.0,2,1,0.13089969754219055,1,2,1,0.10509835928678513,-4.316826820373535,-5.118278980255127,7.6391520500183105,-0.05539274960756302,0.35780489444732666,-2.787550210952759
670,9.0,2,1,-0.13089969754219055,1,2,0,-0.1467440277338028,-9.235282897949219,-7.778283596038818,13.455334663391113,4.368082046508789,-2.655205726623535,-3.4894261360168457
671,27.0,2,1,-0.10908307880163193,1,2,1,-0.1205623596906662,-11.00958251953125,-3.052727222442627,11.29475212097168,-3.5943901538848877,6.156869888305664,-3.1062533855438232
672,12.0,2,1,0.11344639956951141,1,2,2,0.08883257210254669,-9.857097625732422,-0.8548759818077087,7.2664923667907715,-8.659127235412598,0.010162843391299248,5.683263778686523
673,3.0,2,1,-0.1483529806137085,1,2,1,-0.1873919814825058,-9.321057319641113,-3.372077465057373,7.789213180541992,-0.05828074365854263,3.5638132095336914,-4.0168137550354
674,38.0,0,1,-0.030543262138962746,1,0,1,-0.022721730172634125,3.645209312438965,-4.468594551086426,-0.22393092513084412,-0.6481183171272278,0.9393832683563232,-2.4170966148376465
675,9.0,2,1,-0.13089969754219055,1,2,2,-0.1340850442647934,-7.7881999015808105,-5.948906421661377,10.050477027893066,-5.718165874481201,-2.515259265899658,3.372730016708374
676,56.0,2,1,0.13526301085948944,1,2,0,0.13071300089359283,-8.857870101928711,-1.2234325408935547,7.951421737670898,7.914451599121094,-2.3036651611328125,-7.566059112548828
677,9.0,2,0,0.16580627858638763,1,2,1,0.15188388526439667,-5.546915054321289,-7.192906379699707,9.147024154663086,-0.7634662389755249,5.560826301574707,-5.022011756896973
678,9.0,2,1,-0.04363323003053665,1,2,2,-0.06569662690162659,-6.001110076904297,-2.9848804473876953,5.043312072753906,-0.6406941413879395,-1.395207166671753,2.6969237327575684
679,66.0,2,0,-0.13089969754219055,1,2,0,-0.12971921265125275,-5.616847038269043,-6.365869522094727,9.3590726852417,4.425142765045166,-0.43028560280799866,-3.9430763721466064
680,12.0,2,2,-0.13089969754219055,1,2,2,-0.12414933741092682,-5.176435947418213,-5.394490718841553,7.839737892150879,-9.9989013671875,-1.9573050737380981,8.856201171875
681,66.0,2,1,-0.13788101077079773,1,2,0,-0.1279451698064804,-5.114100933074951,-6.185198783874512,8.481012344360352,2.2027924060821533,-1.2991429567337036,-0.9250489473342896
682,3.0,2,0,0.1483529806137085,1,2,0,0.13908718526363373,-3.6501426696777344,-5.543931007385254,5.601461410522461,8.06529712677002,-0.8387162089347839,-9.447737693786621
683,9.0,0,1,-0.008726646192371845,1,0,2,-0.015003661625087261,8.99407958984375,-6.721383571624756,-4.063504695892334,-10.022272109985352,2.423682928085327,4.944652557373047
684,12.0,2,2,-0.13089969754219055,1,2,1,-0.1284216195344925,-4.787528991699219,-3.7404658794403076,6.640911102294922,-2.142691135406494,0.881564736366272,0.0045973435044288635
685,60.0,2,2,0.17016960680484772,1,2,2,0.15780092775821686,-6.917070388793945,-8.622737884521484,11.398842811584473,-5.9360857009887695,1.4277760982513428,3.8082568645477295
686,2.0,2,0,0.04363323003053665,1,0,0,0.05351390317082405,3.6738903522491455,-9.492008209228516,0.3094986379146576,2.5892961025238037,1.1236751079559326,-4.197324275970459
687,9.0,2,2,-0.07764063030481339,1,2,1,-0.08453153073787689,-6.585637092590332,-8.175891876220703,9.285770416259766,-0.49727141857147217,1.3274259567260742,-0.03508310765028
688,3.0,2,1,-0.1483529806137085,1,2,1,-0.18616195023059845,-9.314377784729004,-3.077925443649292,7.703169822692871,1.0539525747299194,3.3562893867492676,-5.02702522277832
689,3.0,2,1,-0.04363323003053665,1,2,1,-0.044161323457956314,-2.413440227508545,-10.58884334564209,8.30744457244873,-1.1541948318481445,2.4221882820129395,-1.0870070457458496
690,56.0,2,0,0.13526301085948944,1,2,0,0.13227933645248413,-4.3129096031188965,-6.74830961227417,7.394514560699463,0.9251313209533691,0.07612144947052002,-3.130058765411377
691,3.0,2,1,-0.09599310904741287,1,2,1,-0.09099224954843521,-6.740264892578125,-6.801751613616943,10.036901473999023,1.6564526557922363,2.254824638366699,-4.64754581451416
692,3.0,2,1,-0.04363323003053665,1,2,0,-0.04584788158535957,-2.923807382583618,-8.141402244567871,6.417791843414307,3.5062310695648193,1.7368836402893066,-6.4379377365112305
693,66.0,2,1,-0.13788101077079773,1,2,0,-0.12785564363002777,-5.102283954620361,-6.016669750213623,8.343745231628418,2.281994104385376,-1.253492832183838,-1.0270955562591553
694,12.0,2,1,0.1483529806137085,1,2,1,0.12725761532783508,-9.677478790283203,-5.424863338470459,11.336426734924316,5.1776123046875,6.870388031005859,-15.514700889587402
695,12.0,0,0,-0.02617993950843811,1,0,1,0.012795978225767612,4.349994659423828,-11.849833488464355,2.5911736488342285,-0.9644064903259277,1.0318706035614014,-2.14935564994812
696,3.0,2,1,-0.09599310904741287,1,2,0,-0.08333621174097061,-3.703784227371216,-12.395334243774414,9.595501899719238,0.8825245499610901,-0.9167007803916931,0.1664237380027771
697,3.0,0,2,-0.02617993950843811,1,0,2,-0.025012120604515076,10.921564102172852,-5.489822864532471,-7.3331146240234375,-9.495988845825195,3.5377657413482666,4.160711765289307
698,40.0,0,1,-0.005898443050682545,1,0,1,-0.02627803385257721,6.4874467849731445,-8.359040260314941,-1.8012536764144897,-1.0518537759780884,3.830136299133301,-2.100188970565796
699,2.0,2,2,0.09599310904741287,1,2,1,0.09164195507764816,-5.5849504470825195,-6.385435104370117,4.535152912139893,-3.9913384914398193,3.085901975631714,0.9328320026397705
700,9.0,0,2,-0.02741278149187565,1,0,1,-0.015688396990299225,3.0062005519866943,-4.70425271987915,0.06322105973958969,-0.48314565420150757,-0.2086784690618515,-1.6311404705047607
701,54.0,2,1,0.10908307880163193,1,2,1,0.10154164582490921,-4.031887054443359,-2.6434807777404785,4.546262741088867,-5.473499298095703,8.431556701660156,-4.708970069885254
702,3.0,2,1,-0.07853981852531433,1,2,0,-0.07697251439094543,-5.970948696136475,-4.883664131164551,8.887999534606934,3.5525014400482178,-0.5559390187263489,-3.4930813312530518
703,38.0,0,0,-0.021816615015268326,1,0,0,-0.02082141861319542,5.156867027282715,-4.937572479248047,-1.5269273519515991,6.3536248207092285,-4.176013946533203,-5.173018932342529
704,54.0,2,1,0.1178097277879715,1,2,0,0.12203475832939148,-3.5580215454101562,-4.524345874786377,5.027943134307861,7.996241569519043,2.5471761226654053,-12.960036277770996
705,2.0,2,1,0.07853981852531433,1,2,1,0.05773050710558891,-4.902328014373779,-6.8484930992126465,3.8278095722198486,-7.191638946533203,6.719241142272949,-0.4606624245643616
706,85.0,2,1,0.04363323003053665,1,2,1,0.043807465583086014,-3.252371311187744,-5.353796005249023,6.28354024887085,-3.4733479022979736,5.20915412902832,-3.506016492843628
707,12.0,2,0,-0.07853981852531433,1,2,1,-0.08884906768798828,-7.8717756271362305,-6.9696125984191895,8.996078491210938,-1.0053361654281616,1.9147226810455322,-0.784080445766449
708,9.0,2,1,-0.1437307894229889,1,2,0,-0.13931354880332947,-8.318885803222656,-9.823125839233398,13.568595886230469,1.9720003604888916,-3.730584144592285,-0.8723437190055847
709,2.0,2,2,0.07853981852531433,1,2,1,0.05554142966866493,-4.908892631530762,-6.626274585723877,3.824514150619507,-6.367506980895996,6.339939594268799,-0.706823468208313
710,12.0,2,0,0.04325573518872261,1,0,0,0.022766191512346268,5.395515441894531,-9.5653715133667,1.1008214950561523,4.021565914154053,2.1661925315856934,-7.133453845977783
711,2.0,2,2,-0.13089969754219055,1,2,2,-0.13946737349033356,-6.070262432098389,-4.1045098304748535,7.939116477966309,-2.8179879188537598,-4.955433368682861,6.414013385772705
712,9.0,2,2,-0.1483529806137085,1,2,0,-0.14142288267612457,-8.396541595458984,-4.7223944664001465,10.024710655212402,5.446104049682617,-1.3587498664855957,-5.400198936462402
713,9.0,2,1,-0.16580627858638763,1,2,1,-0.08691439032554626,-6.902122974395752,-12.514508247375488,13.336721420288086,-3.151449680328369,4.764288425445557,-2.1424264907836914
714,3.0,2,1,-0.13089969754219055,1,2,0,-0.11041422188282013,-8.09936809539795,-6.200092315673828,10.194854736328125,3.543168067932129,2.2932283878326416,-6.757725238800049
715,3.0,2,1,-0.0993373915553093,1,2,1,-0.12508073449134827,-2.688218832015991,-2.7214977741241455,4.269287109375,-1.912053108215332,4.578142166137695,-4.01296329498291
716,3.0,2,2,0.11344639956951141,1,2,2,0.10994409769773483,-5.9474382400512695,-4.1355061531066895,8.069084167480469,-3.2771332263946533,0.5067376494407654,2.090256690979004
717,27.0,2,0,-0.11170107126235962,1,2,0,-0.12049870193004608,-7.513613700866699,-7.003740310668945,8.291437149047852,2.0140347480773926,-3.0615170001983643,0.8117257952690125
718,9.0,2,2,0.06108652427792549,1,2,1,0.07092016190290451,-0.5238935947418213,-10.733665466308594,5.835536003112793,-2.655470132827759,1.8645296096801758,1.0892882347106934
719,3.0,2,1,-0.04363323003053665,1,2,1,-0.023819006979465485,-8.519742965698242,-6.124059677124023,8.66905689239502,-3.8613030910491943,2.3414502143859863,0.5704613327980042
720,22.0,2,2,-0.16406095027923584,1,2,2,-0.17110560834407806,-6.394970417022705,-4.35263204574585,8.196575164794922,-1.0688830614089966,-3.507758617401123,3.4023971557617188
721,40.0,0,2,-0.004363323096185923,1,0,2,-0.006527896039187908,12.693465232849121,-8.244725227355957,-5.7046709060668945,-10.643424987792969,-0.4227611720561981,5.741853713989258
722,43.0,0,1,0.021816615015268326,1,0,1,0.004357256926596165,9.540231704711914,-2.0579450130462646,-7.684688568115234,-2.7888076305389404,4.565059661865234,-6.161509037017822
723,9.0,2,2,-0.04363323003053665,1,2,1,-0.049848560243844986,-4.491334438323975,-6.23741340637207,7.719231605529785,0.8365494012832642,2.0610878467559814,-4.785678386688232
724,2.0,2,2,-0.13089969754219055,1,2,2,-0.13312770426273346,-6.297123432159424,-5.423476219177246,8.84402847290039,-0.45179563760757446,-4.305416107177734,3.7886006832122803
725,3.0,2,1,0.09599310904741287,1,2,1,0.09691290557384491,-9.030879974365234,-6.394839763641357,11.36564826965332,-4.188638687133789,3.785212993621826,-2.999596357345581
726,2.0,2,2,0.16580627858638763,1,2,1,0.13332641124725342,-2.8643264770507812,-11.59277629852295,7.366793632507324,-10.365477561950684,5.683930397033691,4.3067946434021
727,3.0,2,2,0.11344639956951141,1,2,2,0.10780223459005356,-5.960477828979492,-4.6087965965271,8.457925796508789,-1.834152102470398,-0.749065101146698,1.7939249277114868
728,41.0,0,0,0.013089969754219055,1,0,2,0.011423136107623577,4.5266642570495605,-2.86545467376709,-2.4083447456359863,-0.3464389443397522,-1.405532956123352,0.2800866365432739
729,3.0,2,1,-0.13089969754219055,1,2,1,-0.14911608397960663,-9.223566055297852,-2.5871832370758057,8.404439926147461,-4.186269760131836,4.856383323669434,-2.1006863117218018
730,41.0,0,2,0.013089969754219055,1,0,2,-0.004339667968451977,7.414981842041016,-2.8130643367767334,-5.947397232055664,-10.606274604797363,-1.6121201515197754,6.650997638702393
731,12.0,0,0,-0.02655743435025215,1,0,1,-0.029327847063541412,4.215886116027832,-10.641100883483887,2.972127676010132,0.3633878231048584,1.2120171785354614,-2.1673080921173096
732,3.0,2,1,-0.1483529806137085,1,2,1,-0.18687096238136292,-9.368257522583008,-3.2691383361816406,7.785281181335449,0.10026677697896957,3.6191396713256836,-4.25822639465332
733,3.0,2,1,-0.1483529806137085,1,2,1,-0.18522663414478302,-9.969134330749512,-3.4615368843078613,8.16010856628418,-0.5531618595123291,3.1839194297790527,-3.165363073348999
734,3.0,2,0,0.1483529806137085,1,2,0,0.13918013870716095,-5.339284420013428,-5.548287391662598,7.79230260848999,6.420269966125488,0.715597927570343,-9.172530174255371
735,41.0,0,1,0.010471975430846214,1,0,2,0.011389200575649738,4.53879976272583,-2.878779888153076,-2.4082517623901367,-0.33568891882896423,-1.4150304794311523,0.27617985010147095
736,12.0,2,2,0.09599310904741287,1,2,2,0.07612602412700653,-6.140879154205322,-8.118498802185059,10.493230819702148,-1.0270121097564697,-1.2187597751617432,1.5110104084014893
737,3.0,2,2,0.09599310904741287,1,2,2,0.08471085876226425,-10.725897789001465,-2.0492897033691406,9.628351211547852,-5.309133052825928,-0.940619170665741,4.726624011993408
738,27.0,1,1,-0.1178097277879715,0,1,1,0.001311357133090496,-4.237871170043945,8.265203475952148,-4.874344825744629,-10.295032501220703,6.580172538757324,0.6361834406852722
739,3.0,0,1,0.008726646192371845,1,0,1,-0.012076391838490963,13.748866081237793,-5.750204563140869,-8.010740280151367,2.331892728805542,5.600068092346191,-8.728795051574707
740,12.0,2,1,-0.16580627858638763,1,2,1,-0.16212446987628937,-8.499299049377441,-3.500073194503784,9.36229419708252,1.3971946239471436,3.670332431793213,-4.575679302215576
741,56.0,2,2,0.13526301085948944,1,2,2,0.14827901124954224,-7.901087760925293,-9.446462631225586,12.270983695983887,-14.657124519348145,-2.9669246673583984,12.725102424621582
742,2.0,2,0,0.04363323003053665,1,2,0,0.052536237984895706,-2.0963857173919678,-10.274962425231934,5.650084018707275,1.0642971992492676,-0.847513735294342,-0.4130828082561493
743,40.0,0,2,-0.006981316953897476,1,0,2,-0.01302406471222639,12.547773361206055,-6.928588390350342,-6.2225728034973145,-7.406728744506836,2.1453633308410645,5.28957462310791
744,2.0,2,1,-0.11344639956951141,1,2,1,-0.11988385021686554,-5.344985008239746,-1.9283889532089233,5.159401893615723,-2.842621326446533,2.7215816974639893,-2.1358954906463623
745,2.0,2,2,-0.13089969754219055,1,2,2,-0.133480042219162,-7.13601541519165,-3.0110156536102295,7.736798286437988,-6.965917110443115,-2.4083003997802734,7.530663013458252
746,3.0,0,2,-0.008726646192371845,1,0,1,-0.018606986850500107,13.792872428894043,-8.73809814453125,-6.664090156555176,-6.706421852111816,2.802678108215332,1.9973320960998535
747,54.0,2,1,0.10908307880163193,1,2,1,0.0946645438671112,-2.610457181930542,-5.352166175842285,5.953717231750488,-4.029809474945068,6.46639347076416,-4.936699867248535
748,12.0,2,1,-0.05333978310227394,1,2,2,-0.045800887048244476,-2.483367919921875,-8.177475929260254,7.740990161895752,-5.590909481048584,0.32532018423080444,3.5078012943267822
749,12.0,2,1,-0.07853981852531433,1,2,2,-0.06567816436290741,-4.802067756652832,-6.170677185058594,4.723060607910156,0.1725882589817047,-0.4591846168041229,0.9039338827133179
750,2.0,2,2,-0.04363323003053665,1,2,2,-0.04095311835408211,-2.792208433151245,-5.509213447570801,5.83775520324707,-2.211221218109131,0.42585811018943787,1.426255702972412
751,3.0,1,1,-0.11344639956951141,0,0,1,0.0006421403959393501,7.561317443847656,-10.47323226928711,-1.3495209217071533,-9.366106033325195,6.066929817199707,1.5148338079452515
752,12.0,0,0,-0.006216439884155989,1,2,0,-0.047473516315221786,-1.0269343852996826,-9.020079612731934,6.580590724945068,3.8899834156036377,-1.394083023071289,-2.7787301540374756
753,3.0,2,1,-0.13089969754219055,1,2,1,-0.12858720123767853,-8.728522300720215,-2.834162712097168,7.974839210510254,-2.6904895305633545,3.3891806602478027,-3.360161066055298
754,22.0,2,1,-0.17016960680484772,1,2,1,-0.16550755500793457,-5.154881954193115,-1.7785402536392212,5.415470123291016,-2.2139015197753906,5.499998092651367,-4.696773529052734
755,12.0,2,2,0.12841390073299408,1,2,0,0.1098242849111557,-5.649801731109619,-8.215256690979004,10.450617790222168,3.133690118789673,2.401012897491455,-6.124443531036377
756,2.0,2,2,-0.04363323003053665,1,2,2,-0.06455294787883759,-3.1948516368865967,-7.609726905822754,7.0660834312438965,-2.1282241344451904,0.18173904716968536,1.2444627285003662
757,3.0,2,1,-0.048255421221256256,1,2,2,-0.0591072179377079,-4.350484848022461,-4.310792446136475,6.680583953857422,-7.351957321166992,0.2901375889778137,6.949889183044434
758,56.0,2,1,0.13526301085948944,1,2,0,0.13662537932395935,-10.514971733093262,0.19295065104961395,8.224268913269043,2.616708517074585,2.086251735687256,-6.598543643951416
759,9.0,2,1,-0.14745379984378815,1,2,0,-0.12511542439460754,-7.173267364501953,-7.574400424957275,11.269438743591309,2.190751075744629,-3.380472183227539,-1.6922588348388672
760,38.0,0,0,-0.021816615015268326,1,0,0,-0.03446478769183159,6.453283786773682,-4.30963659286499,-3.3334014415740967,3.0743958950042725,0.31334370374679565,-7.182161808013916
761,12.0,0,0,-0.02617993950843811,1,0,1,0.005626213736832142,6.609554290771484,-11.08913803100586,-0.6119535565376282,-2.8335719108581543,2.5664143562316895,-2.175204038619995
762,12.0,0,1,-0.01582556776702404,1,0,1,-0.08718077838420868,7.0978007316589355,-15.567119598388672,1.0176035165786743,1.895539402961731,5.350494861602783,-5.417212009429932
763,9.0,2,1,0.09599310904741287,1,2,2,0.07473474740982056,-4.790119171142578,-12.637341499328613,11.59494686126709,-8.450987815856934,0.013267768546938896,7.142006874084473
764,27.0,2,1,-0.11174304038286209,1,2,1,-0.10705813020467758,-8.122535705566406,-6.7143707275390625,10.838274002075195,2.4214863777160645,3.087846040725708,-6.159609317779541
765,27.0,2,1,-0.11170107126235962,1,2,0,-0.12656362354755402,-8.122244834899902,-6.452373504638672,8.62498950958252,0.637637734413147,-1.550918698310852,0.6003384590148926
766,9.0,2,1,-0.09599310904741287,1,2,0,-0.09185482561588287,-4.465197563171387,-7.726950645446777,9.182290077209473,3.4537689685821533,0.6726515889167786,-5.290298938751221
767,2.0,2,1,0.09599310904741287,1,2,1,0.09267789125442505,-5.581475257873535,-6.340633869171143,4.476933002471924,-4.248037338256836,3.5686912536621094,0.6214555501937866
768,3.0,2,2,-0.09599310904741287,1,2,2,-0.1050538569688797,-7.18353796005249,-8.425869941711426,9.093486785888672,0.8965798616409302,-2.356494426727295,1.190319299697876
769,2.0,2,1,-0.1386464387178421,1,2,1,-0.1274251490831375,-5.165373802185059,-2.6717333793640137,6.037223815917969,-0.4022844433784485,1.7220596075057983,-2.5342624187469482
770,2.0,2,1,0.09599310904741287,1,2,1,0.09479866176843643,-5.5689377784729,-6.330420970916748,4.442387104034424,-4.40657901763916,3.8752806186676025,0.39272287487983704
771,12.0,2,1,0.11344639956951141,1,2,1,0.10742154717445374,-4.891589641571045,-11.103241920471191,10.804804801940918,-0.1322411298751831,4.2183380126953125,-7.5470194816589355
772,66.0,2,1,-0.12391837686300278,1,2,1,-0.12542513012886047,-5.461455345153809,-3.1539463996887207,6.722780227661133,-3.313955068588257,4.222357273101807,-2.3727643489837646
773,66.0,2,0,-0.12391837686300278,1,2,0,-0.1095329001545906,-4.58684778213501,-2.7239999771118164,5.643215179443359,1.0244451761245728,-1.6754131317138672,-0.8173835277557373
774,9.0,0,0,0.02617993950843811,1,0,1,0.008940682746469975,7.383552074432373,-6.707143306732178,-1.8138009309768677,-2.578418493270874,1.334713101387024,-1.3209028244018555
775,66.0,2,1,-0.12740904092788696,1,2,0,-0.12494216859340668,-5.365717887878418,-6.7750654220581055,9.185105323791504,2.424940347671509,2.1487302780151367,-4.208812236785889
776,12.0,0,2,0.008726646192371845,1,0,1,-0.004016808234155178,11.234930038452148,-8.395304679870605,-4.072973251342773,-2.698230028152466,4.288323879241943,-2.618542194366455
777,33.0,2,0,-0.0593411959707737,1,2,1,-0.0694948360323906,-4.713817596435547,-8.77686882019043,10.64933967590332,-1.862540602684021,1.88847017288208,-0.4730755388736725
778,60.0,2,2,0.16969381272792816,1,2,2,0.1570023149251938,-6.832442283630371,-5.810851097106934,9.212213516235352,-6.2620697021484375,1.3163949251174927,4.371377944946289
779,9.0,2,1,0.09599310904741287,1,2,0,0.08634476363658905,-5.729519844055176,-5.819159984588623,8.570493698120117,3.604128360748291,2.1517961025238037,-6.289022445678711
780,43.0,0,2,0.030543262138962746,1,0,0,0.03175030276179314,3.360485076904297,-4.824267387390137,-0.5815890431404114,1.5328985452651978,-0.9154619574546814,-2.5040552616119385
781,12.0,2,1,0.07853981852531433,1,2,1,0.07483887672424316,-8.240756034851074,-8.269083023071289,12.462340354919434,-2.6647403240203857,2.937316417694092,-0.8652196526527405
782,12.0,2,1,0.06109463796019554,1,2,1,0.06561007350683212,-6.92545747756958,-7.38132905960083,10.644882202148438,-1.0266200304031372,2.093233585357666,-1.7204629182815552
783,2.0,0,1,-0.008726646192371845,1,0,2,-0.019142206758260727,14.515056610107422,-7.179568290710449,-8.412001609802246,-8.981026649475098,2.064021348953247,4.234603404998779
784,12.0,2,1,-0.07853981852531433,1,2,2,-0.07790619879961014,-5.9284987449646,-4.8555145263671875,5.030078887939453,0.9840562343597412,-1.2274519205093384,1.1318460702896118
785,12.0,2,1,-0.16457343101501465,1,2,0,-0.14622153341770172,-5.794875144958496,-7.306370258331299,9.72583293914795,1.8520145416259766,-1.6664319038391113,0.08391524106264114
786,43.0,0,1,0.027925267815589905,1,0,0,0.011253987438976765,7.160960674285889,-6.993593215942383,-4.215681552886963,7.447033882141113,1.1597288846969604,-8.68026065826416
787,12.0,2,0,0.16580627858638763,1,2,1,0.16426171362400055,-5.50247859954834,-1.669426679611206,5.375894069671631,0.11480643600225449,0.28785440325737,-0.8107127547264099
788,33.0,2,0,-0.06544984877109528,1,2,0,-0.06487352401018143,-4.900030136108398,-0.9550592303276062,4.795206069946289,3.760603427886963,1.081956386566162,-5.313951015472412
789,56.0,2,1,0.12653636932373047,1,2,1,0.11164554208517075,-2.0819966793060303,-5.157415390014648,5.592548370361328,-2.554097890853882,4.855381011962891,-4.06650447845459
790,9.0,2,2,-0.06108652427792549,1,2,2,-0.055360350757837296,-5.445415496826172,-4.681569576263428,4.697723388671875,0.034298621118068695,-1.203651785850525,2.6864030361175537
791,3.0,2,1,-0.09599310904741287,1,2,2,-0.09970670193433762,-3.3970954418182373,-8.699748992919922,5.276840686798096,0.31653690338134766,-1.3006770610809326,1.240990161895752
792,2.0,2,1,-0.09599310904741287,1,2,2,-0.07509901374578476,-5.61961555480957,-5.75204610824585,8.460110664367676,-1.7460564374923706,-0.09724758565425873,1.1526811122894287
793,12.0,2,1,0.07853981852531433,1,2,2,0.07792734354734421,-9.329667091369629,-7.645974159240723,13.419341087341309,-6.58138370513916,2.347905158996582,3.9615771770477295
794,22.0,2,1,-0.16590934991836548,1,2,1,-0.1657993197441101,-5.5340776443481445,-2.2653305530548096,5.928257942199707,-1.3056484460830688,-0.5265675187110901,-0.8378326892852783
795,60.0,2,1,0.16755160689353943,1,2,2,0.14066196978092194,-6.3739423751831055,-10.713530540466309,12.190622329711914,-6.946654319763184,-4.5355939865112305,8.60935115814209
796,9.0,2,1,0.07853981852531433,1,2,2,0.05515529587864876,-2.5150065422058105,-6.915184497833252,3.953092336654663,-0.18711072206497192,-2.0264995098114014,0.6240151524543762
797,12.0,2,1,0.0675458088517189,1,2,1,0.0610889196395874,-3.2098965644836426,-7.645603656768799,7.887133598327637,-2.4998533725738525,2.4082558155059814,-1.2956018447875977
798,38.0,0,2,-0.021816615015268326,1,0,0,-0.016765203326940536,8.251876831054688,-7.020028591156006,-3.1641411781311035,5.817168712615967,0.9320783019065857,-9.942585945129395
799,12.0,2,0,0.06108652427792549,1,2,0,0.0752180963754654,-4.272403240203857,-11.528485298156738,11.382750511169434,10.141510009765625,2.8444018363952637,-13.19804859161377
800,3.0,2,2,-0.1483529806137085,1,2,0,-0.1765156388282776,-12.306467056274414,-6.8344807624816895,12.7061767578125,2.2998056411743164,-0.9938832521438599,-0.8392933011054993
801,3.0,2,1,-0.09599310904741287,1,2,0,-0.08591718971729279,-4.877307891845703,-13.693669319152832,11.225322723388672,0.8091168403625488,-1.305133581161499,0.5129367709159851
802,38.0,0,1,-0.021816615015268326,1,0,0,-0.004319909028708935,8.461848258972168,-6.914697647094727,-2.9306347370147705,3.5275607109069824,-0.49451541900634766,-5.287919521331787
803,22.0,2,1,-0.16144295036792755,1,2,0,-0.16032150387763977,-6.053030967712402,-3.2151739597320557,7.006393909454346,1.7080003023147583,-0.3970223069190979,-3.2407965660095215
804,27.0,2,0,-0.10908307880163193,1,2,0,-0.12222720682621002,-5.795804023742676,-6.8181633949279785,9.619180679321289,4.57602596282959,-1.5744551420211792,-3.666660785675049
805,12.0,2,2,0.09599310904741287,1,2,2,0.07109126448631287,-9.358750343322754,-6.575042724609375,11.506508827209473,-4.635716438293457,0.01673818938434124,3.7740261554718018
806,12.0,2,1,0.09599310904741287,1,2,2,0.0823967307806015,-5.760596752166748,-7.511624336242676,9.274463653564453,-1.8876937627792358,-1.4617736339569092,3.329782485961914
807,85.0,2,1,0.05061454698443413,1,2,1,0.045800283551216125,-4.152552604675293,-3.819336414337158,6.128729820251465,-0.7042089700698853,4.830164909362793,-5.673049449920654
808,3.0,1,0,0.02617993950843811,0,2,0,0.10533849895000458,-11.638277053833008,3.3647408485412598,5.768246173858643,2.6070492267608643,2.201730251312256,-9.429821014404297
809,2.0,2,1,0.09847890585660934,1,2,1,0.08886483311653137,-6.15871000289917,-7.397091865539551,5.384018421173096,-4.325697898864746,2.527665376663208,1.6638925075531006
810,3.0,0,1,-0.008726646192371845,1,0,1,-0.0010902276262640953,15.870774269104004,-5.864524841308594,-10.064276695251465,2.518284797668457,7.256672382354736,-10.775833129882812
811,9.0,2,2,-0.07853981852531433,1,2,0,-0.09094258397817612,-7.469714164733887,-8.09408187866211,9.267189025878906,1.1046993732452393,-0.45326000452041626,-1.1251256465911865
812,2.0,0,0,-0.008726646192371845,1,0,2,-0.029128290712833405,14.804570198059082,-7.0610785484313965,-8.825942039489746,-9.826231956481934,2.774914026260376,4.6374006271362305
813,3.0,2,2,-0.09599310904741287,1,2,0,-0.10877983272075653,-8.04207706451416,-7.165348052978516,9.034491539001465,0.18837231397628784,-0.6795694828033447,0.17256808280944824
814,3.0,2,0,0.06108652427792549,1,2,0,0.05749313905835152,-5.67291784286499,-6.9757609367370605,9.614850997924805,3.5970542430877686,-0.3634568452835083,-3.5407843589782715
815,2.0,0,0,-0.008726646192371845,1,0,2,-0.014630899764597416,14.939602851867676,-7.209766387939453,-8.903060913085938,-9.879595756530762,3.3638854026794434,4.185576438903809
816,12.0,2,1,0.09599310904741287,1,2,2,0.08125518262386322,-5.516144752502441,-7.820026874542236,9.26906967163086,-1.2679030895233154,-2.210529327392578,3.4244964122772217
817,22.0,2,1,-0.1657887101173401,1,2,2,-0.1651872992515564,-5.136319160461426,-1.8093661069869995,5.155905246734619,-5.407728672027588,0.16257816553115845,1.9080455303192139
818,43.0,0,0,0.027366409078240395,1,0,0,0.021974630653858185,7.543983459472656,-5.0363287925720215,-3.7363157272338867,6.210748672485352,-6.1342082023620605,-3.4674487113952637
819,2.0,2,1,0.14996366202831268,1,2,1,0.09767819195985794,-1.237109661102295,-8.234793663024902,3.2562081813812256,0.13982945680618286,2.027553081512451,-0.8228006362915039
820,66.0,2,0,-0.13788101077079773,1,2,0,-0.13003100454807281,-5.168270111083984,-6.022192478179932,8.407726287841797,2.154996633529663,-0.7596142888069153,-1.4137630462646484
821,3.0,2,0,0.04486607387661934,1,2,0,0.04872765764594078,-4.703301429748535,-8.45051097869873,9.882528305053711,4.786517143249512,0.34436261653900146,-5.522820472717285
822,60.0,2,0,0.17016960680484772,1,2,0,0.15952196717262268,-4.78899621963501,-3.158952474594116,5.98423957824707,2.407677412033081,1.7576911449432373,-3.7410061359405518
823,9.0,2,1,-0.13089969754219055,1,2,2,-0.15194034576416016,-8.387393951416016,-7.34882116317749,11.804170608520508,-3.64343523979187,-3.9209728240966797,3.0621533393859863
824,43.0,0,1,0.025307273492217064,1,0,1,0.040516261011362076,0.40164029598236084,-1.390241265296936,0.23654097318649292,-4.194247722625732,2.128706693649292,1.8069021701812744
825,22.0,1,1,-0.16667895019054413,0,1,1,-0.07190421223640442,-9.57443904876709,10.768346786499023,-1.8077716827392578,-9.265952110290527,4.142429351806641,1.6712729930877686
826,3.0,2,2,-0.1483529806137085,1,2,0,-0.17214220762252808,-9.622661590576172,-4.728405952453613,8.337189674377441,3.8198471069335938,-2.1539618968963623,-2.5105910301208496
827,54.0,2,0,0.11519172787666321,1,2,0,0.10046529769897461,-3.4101130962371826,-3.2073605060577393,5.86796236038208,7.739695072174072,0.35350877046585083,-8.9512300491333
828,9.0,2,1,-0.13089969754219055,1,2,0,-0.1500738114118576,-9.090791702270508,-7.914741516113281,13.420883178710938,4.425990104675293,-2.5026516914367676,-3.6456878185272217
829,12.0,2,1,0.1483529806137085,1,2,0,0.13540828227996826,-4.897294044494629,-3.5113511085510254,5.464478492736816,13.009485244750977,1.9974291324615479,-19.310495376586914
830,3.0,2,1,0.11344639956951141,1,2,1,0.09934362769126892,-6.634986400604248,-6.512099742889404,9.044939994812012,-8.508066177368164,7.103178977966309,-1.3573695421218872
831,12.0,0,1,-0.02617993950843811,1,0,0,-0.03336063399910927,7.682652473449707,-9.10922622680664,-4.271080493927002,1.1843281984329224,-0.6232902407646179,-0.6962595582008362
832,3.0,2,1,0.11344639956951141,1,2,1,0.09783578664064407,-8.942972183227539,-4.38662576675415,8.791412353515625,-9.758648872375488,7.861528396606445,-0.6551337838172913
833,9.0,2,1,-0.13089969754219055,1,2,2,-0.12508971989154816,-7.831949710845947,-6.339001178741455,10.431140899658203,-6.048491477966309,-0.9284076690673828,2.299468755722046
834,22.0,2,0,-0.16144295036792755,1,2,0,-0.16221602261066437,-5.584439754486084,-2.49619197845459,6.142520427703857,0.34320205450057983,-0.6601834297180176,-1.9975566864013672
835,12.0,0,1,-0.02617993950843811,1,0,0,-0.027481842786073685,5.343132972717285,-8.730423927307129,-1.9954750537872314,1.6450066566467285,-0.30333006381988525,-1.617250680923462
836,2.0,2,0,-0.07915279269218445,1,2,0,-0.08334659785032272,-5.937596797943115,-5.087246894836426,9.384550094604492,5.11759614944458,2.3253097534179688,-7.250977039337158
837,3.0,2,2,-0.1483529806137085,1,2,1,-0.18197481334209442,-11.411601066589355,-4.687283515930176,10.34862995147705,0.4648931622505188,1.4790635108947754,-2.6222829818725586
838,3.0,2,2,-0.11344639956951141,1,2,2,-0.11932073533535004,-9.097763061523438,-7.205470561981201,10.228943824768066,-0.007739074528217316,0.20481593906879425,0.4304097294807434
839,9.0,2,1,0.038415584713220596,1,2,1,0.013461989350616932,2.1321709156036377,-6.811160087585449,2.74463152885437,-0.02993202954530716,0.40820610523223877,-1.7445108890533447
840,2.0,2,1,-0.10121075809001923,1,2,1,-0.09792748093605042,-9.420343399047852,-10.210458755493164,13.976835250854492,-2.15498423576355,8.44178295135498,-5.301333427429199
841,9.0,2,1,0.13089969754219055,1,2,1,0.11885372549295425,-1.7701342105865479,-6.207291126251221,6.41663122177124,-3.4055726528167725,5.774407863616943,-4.578874111175537
842,9.0,0,0,0.008726646192371845,1,0,1,-0.008299021981656551,16.898353576660156,-6.465718746185303,-10.828076362609863,1.2558372020721436,6.441127300262451,-8.838583946228027
843,12.0,2,1,-0.16580627858638763,1,2,1,-0.13913311064243317,-8.034789085388184,-4.919156551361084,9.721734046936035,-1.266141653060913,0.8077011704444885,0.06589586287736893
844,12.0,2,1,0.11344639956951141,1,2,2,0.07957631349563599,-9.297566413879395,0.059388741850852966,6.282708168029785,-6.954431533813477,0.5125967860221863,4.343096733093262
845,85.0,2,1,0.04712389037013054,1,2,1,0.04900741204619408,-1.4708890914916992,-4.901205539703369,4.716039657592773,-3.426760196685791,4.548702239990234,-3.6877293586730957
846,12.0,2,1,0.1483529806137085,1,2,1,0.1451224982738495,-5.187708377838135,-4.9426774978637695,6.958539962768555,-0.25432801246643066,0.6261318325996399,-0.8018906116485596
847,3.0,2,1,-0.1483529806137085,1,2,1,-0.18750225007534027,-9.318333625793457,-3.6957781314849854,7.887815952301025,-0.5690263509750366,3.19964861869812,-3.0328502655029297
848,40.0,0,0,-0.004363323096185923,1,0,0,-0.009684513323009014,10.09462833404541,-9.307868957519531,-3.079277276992798,7.335703372955322,-2.2537505626678467,-7.730259895324707
849,2.0,2,0,-0.09599310904741287,1,2,0,-0.12040095031261444,-2.9581446647644043,-15.402891159057617,12.575791358947754,7.259279251098633,0.7465179562568665,-7.464469909667969
850,9.0,0,1,0.02617993950843811,1,0,1,0.023362096399068832,8.894042015075684,-6.5199875831604,-4.1112260818481445,-3.6869726181030273,2.1486103534698486,-0.357115775346756
851,2.0,2,2,0.07853981852531433,1,2,1,0.05958942696452141,-5.51033878326416,-7.372409343719482,4.713296890258789,-5.9864349365234375,5.513831615447998,-0.04819121211767197
852,40.0,0,1,-0.004363323096185923,1,0,0,-0.0042313216254115105,12.426484107971191,-3.5992095470428467,-8.74626350402832,2.4671075344085693,2.063124895095825,-7.198441028594971
853,2.0,2,1,-0.06108652427792549,1,2,2,-0.06723401695489883,-4.12147331237793,-11.3219575881958,9.968945503234863,-2.3496968746185303,-0.02929304726421833,1.447399377822876
854,2.0,2,0,-0.09599310904741287,1,2,0,-0.10410091280937195,-5.492033004760742,-13.842294692993164,13.96694278717041,5.243050575256348,1.2902188301086426,-7.0353288650512695
855,12.0,0,2,-0.008726646192371845,1,0,2,-0.0213809572160244,14.774101257324219,-7.3036580085754395,-9.261872291564941,-11.462979316711426,4.059153079986572,5.070255756378174
856,12.0,2,2,0.13089969754219055,1,2,2,0.11638477444648743,-7.809584140777588,-4.446592807769775,9.836725234985352,-2.584353446960449,0.6256846189498901,1.4435675144195557
857,3.0,2,1,-0.09599310904741287,1,2,0,-0.0635814294219017,-1.6217031478881836,-12.021688461303711,7.982305526733398,2.5229310989379883,1.3420114517211914,-4.240453243255615
858,22.0,2,0,-0.16144295036792755,1,2,0,-0.16245344281196594,-5.623288631439209,-2.5551059246063232,6.225326061248779,0.6804127097129822,-0.699558436870575,-2.225313663482666
859,60.0,2,0,0.17016960680484772,1,2,0,0.1596030294895172,-4.9158549308776855,-3.237032175064087,6.174867630004883,2.31744647026062,2.2669546604156494,-4.202648639678955
860,9.0,2,2,-0.1483529806137085,1,2,0,-0.13533873856067657,-9.056953430175781,-9.348729133605957,13.28179931640625,1.389785647392273,-0.8088534474372864,-2.356572389602661
861,85.0,2,1,0.036651913076639175,1,0,1,0.041391514241695404,2.1677603721618652,-3.585418224334717,0.5057947635650635,-3.760554552078247,4.192394256591797,-3.3339622020721436
862,12.0,2,2,0.09599310904741287,1,2,1,0.0941016897559166,-5.630842208862305,-4.650060653686523,7.965112686157227,-2.646714687347412,2.5124106407165527,0.5583819150924683
863,56.0,2,1,0.13002702593803406,1,2,2,0.13733290135860443,-6.674260139465332,-5.130764961242676,8.281929969787598,-5.199810981750488,-0.20836018025875092,4.24575138092041
864,2.0,2,2,0.16580627858638763,1,2,1,0.11503838002681732,-4.338192939758301,-7.964118003845215,5.723008632659912,-2.8727102279663086,1.9500690698623657,1.4334423542022705
865,2.0,2,1,-0.14745379984378815,1,2,1,-0.13833288848400116,-4.951895236968994,-2.7264227867126465,6.0166096687316895,-1.761460781097412,4.488832473754883,-3.8930766582489014
866,3.0,2,1,-0.07861160486936569,1,2,0,-0.07777348905801773,-3.726717233657837,-7.889179229736328,8.691091537475586,2.143280267715454,0.6937918066978455,-3.778440475463867
867,3.0,2,1,0.07853981852531433,1,2,0,0.05909629538655281,-2.366412401199341,-8.663954734802246,9.02289867401123,5.522165775299072,-1.551970362663269,-3.7670950889587402
868,56.0,2,2,0.13478721678256989,1,2,2,0.13165676593780518,-4.64172887802124,-9.2897367477417,10.739900588989258,-4.140212535858154,-3.2496683597564697,5.957034587860107
869,33.0,2,0,-0.05672319978475571,1,0,0,-0.07824232429265976,4.059324741363525,-8.233220100402832,1.7797486782073975,13.441666603088379,-0.02599005587399006,-17.109222412109375
870,3.0,2,1,-0.13251037895679474,1,2,1,-0.14800547063350677,-5.103489398956299,-12.146681785583496,9.615139961242676,-0.9691412448883057,2.3339176177978516,-1.7880576848983765
871,3.0,0,1,0.02617993950843811,1,0,1,0.045426275581121445,6.553252220153809,-7.645103931427002,-0.837863564491272,-7.393732070922852,4.80435037612915,-2.3633673191070557
872,60.0,2,1,0.17016960680484772,1,2,1,0.15988565981388092,-5.043394088745117,-3.2844040393829346,6.331643104553223,2.3009893894195557,2.5982987880706787,-4.539614200592041
873,85.0,1,1,0.05061454698443413,0,1,1,0.15048372745513916,-8.176539421081543,12.263764381408691,-5.084862232208252,-5.876186847686768,11.210014343261719,-9.59878921508789
874,9.0,2,0,0.1483529806137085,1,2,0,0.16094829142093658,-2.722759962081909,-6.397316932678223,6.138675212860107,5.783094882965088,-4.416611194610596,-1.2690199613571167
875,2.0,0,1,0.02617993950843811,1,0,1,0.014302446506917477,13.11778736114502,-8.463336944580078,-9.169573783874512,0.2573949098587036,4.148892402648926,-5.305368423461914
876,2.0,2,1,0.1483529806137085,1,2,1,0.1096055656671524,-2.9303629398345947,-8.767627716064453,5.719027996063232,-0.23137986660003662,0.3977159261703491,0.30089840292930603
877,66.0,2,0,-0.13788101077079773,1,2,0,-0.13035248219966888,-4.992691993713379,-6.579257965087891,8.76413631439209,2.7461416721343994,1.4392374753952026,-3.699113368988037
878,27.0,2,2,-0.10908307880163193,1,2,0,-0.11379219591617584,-8.282228469848633,-8.999706268310547,12.67727279663086,4.278428077697754,-1.333639144897461,-2.1541268825531006
879,12.0,2,1,-0.07853981852531433,1,2,2,-0.07942931354045868,-6.259711265563965,-4.622766017913818,5.2565107345581055,1.0565422773361206,-1.363703966140747,1.3139801025390625
880,66.0,2,0,-0.12434249371290207,1,2,0,-0.13065166771411896,-5.916243076324463,-5.7508134841918945,9.143707275390625,4.493168354034424,-1.975754976272583,-2.9554288387298584
881,60.0,1,1,0.16144295036792755,0,1,1,0.22681942582130432,-12.905003547668457,11.130559921264648,-0.5707284212112427,-12.500457763671875,12.044902801513672,-0.78924161195755
882,60.0,2,0,0.17016960680484772,1,2,0,0.16106656193733215,-4.6126389503479,-2.9658284187316895,5.639017105102539,2.455110788345337,1.0146307945251465,-2.9479942321777344
883,2.0,0,1,0.02617993950843811,1,0,0,0.009366207756102085,9.116598129272461,-8.559354782104492,-5.071138381958008,3.276113271713257,2.602107524871826,-6.083159923553467
884,3.0,2,2,-0.10939839482307434,1,2,1,-0.11157441139221191,-8.785211563110352,-7.438131332397461,9.949773788452148,-1.0814176797866821,0.7172113060951233,0.3571022152900696
885,43.0,0,2,0.030543262138962746,1,0,1,0.057864803820848465,6.529616832733154,-8.834729194641113,0.6163094639778137,-3.2071428298950195,3.5192348957061768,-4.775777339935303
886,12.0,2,0,-0.043020252138376236,1,2,1,-0.0335058756172657,-1.36288321018219,-7.698815822601318,5.468245029449463,-2.5980184078216553,0.7548339366912842,0.38339871168136597
887,2.0,2,2,-0.04363323003053665,1,2,2,-0.04859931021928787,-0.42738258838653564,-9.234480857849121,7.1248345375061035,-9.00203800201416,2.2624716758728027,5.647697925567627
888,85.0,2,1,0.036651913076639175,1,0,1,0.04121633246541023,2.189302921295166,-3.60904598236084,0.5056639313697815,-3.737567663192749,4.159663200378418,-3.3261513710021973
889,12.0,2,0,-0.16580627858638763,1,2,2,-0.15508338809013367,-8.011043548583984,-6.076419353485107,9.711405754089355,-0.7660571336746216,-2.2466602325439453,-0.002124093472957611
890,22.0,2,1,-0.16406095027923584,1,2,1,-0.17573708295822144,-6.735950469970703,-3.5174453258514404,8.031699180603027,-2.4575023651123047,4.003039836883545,-2.450481414794922
891,12.0,2,2,0.1483529806137085,1,2,1,0.14322921633720398,-5.015801906585693,-2.859902858734131,6.1051926612854,-1.5340421199798584,0.5609461665153503,0.12722688913345337
892,9.0,0,0,0.008726646192371845,1,0,1,-0.011652900837361813,13.926148414611816,-5.285918712615967,-8.557267189025879,2.7253007888793945,7.071865081787109,-11.732848167419434
893,27.0,2,1,-0.1178097277879715,1,2,1,-0.11495736241340637,-5.420665264129639,-3.229614496231079,6.822503566741943,-4.701014995574951,4.6876702308654785,-1.5534547567367554
894,3.0,0,0,0.02617993950843811,1,2,0,0.0714898630976677,-0.844314694404602,-8.914749145507812,6.424489974975586,4.249959945678711,-0.02302365191280842,-5.92431116104126
895,9.0,2,0,0.09599310904741287,1,2,0,0.09328009933233261,-7.334197044372559,-7.808035373687744,11.451101303100586,2.1374969482421875,-0.07912914454936981,-1.5982928276062012
896,3.0,2,0,0.06108652427792549,1,2,0,0.05665885657072067,-5.7713212966918945,-7.4855637550354,10.08332633972168,3.9449989795684814,-0.45644062757492065,-3.781179428100586
897,56.0,2,1,0.12653636932373047,1,2,1,0.11864962428808212,-2.351041555404663,-5.653506278991699,6.095679759979248,-1.9484559297561646,0.5696338415145874,-0.07061412185430527
898,66.0,2,0,-0.13646015524864197,1,2,0,-0.12956778705120087,-5.154232978820801,-6.539586544036865,8.876779556274414,2.780113935470581,1.6131160259246826,-3.917917013168335
899,33.0,2,2,-0.05672319978475571,1,2,2,-0.06247571483254433,-3.886484146118164,-7.188779830932617,8.258283615112305,-9.195627212524414,0.3575208783149719,5.443836688995361
900,54.0,1,1,0.10908307880163193,0,1,1,0.17761781811714172,-9.647636413574219,6.368711948394775,1.3599543571472168,-9.77908706665039,12.737448692321777,-5.160081386566162
901,12.0,2,0,-0.04363323003053665,1,2,2,-0.04732377454638481,-1.1469024419784546,-6.441420078277588,4.691505432128906,-2.4683241844177246,0.013368053361773491,1.239305019378662
902,60.0,1,1,0.16144295036792755,0,1,1,0.2191152125597,-17.307334899902344,19.137710571289062,-4.924427032470703,-14.123522758483887,13.598093032836914,-3.729900598526001
903,12.0,0,1,0.02617993950843811,1,0,1,0.001584635116159916,6.73714017868042,-6.466704368591309,-0.9712151885032654,2.7227375507354736,3.9512696266174316,-7.055800437927246
904,9.0,0,1,0.028665738180279732,1,0,1,0.025257442146539688,7.914616107940674,-6.256340026855469,-3.4328997135162354,-3.189101457595825,1.7814886569976807,-0.5168623328208923
905,60.0,2,1,0.17016960680484772,1,2,1,0.17134009301662445,-7.4427971839904785,-6.8581109046936035,9.922239303588867,-0.21637240052223206,1.752886176109314,-3.4550464153289795
906,2.0,2,2,0.07853981852531433,1,2,1,0.055870410054922104,-4.970047950744629,-6.602067470550537,3.835677146911621,-6.411006927490234,6.335239887237549,-0.651778519153595
907,9.0,2,2,0.06108652427792549,1,2,1,0.05403706803917885,-4.621077537536621,-6.147704601287842,7.979804039001465,-1.2559927701950073,3.1496102809906006,-4.042966842651367
908,56.0,2,1,0.13526301085948944,1,2,2,0.1253470480442047,-4.694777488708496,-6.091766357421875,8.108785629272461,0.02884180098772049,0.20772764086723328,0.8173430562019348
909,40.0,0,1,-0.013089969754219055,1,0,1,-0.0034171631559729576,7.2087507247924805,-3.4574999809265137,-4.671539783477783,-1.8513559103012085,2.053365707397461,-2.1119558811187744
910,56.0,2,0,0.13526301085948944,1,1,0,0.1268528401851654,-3.6053130626678467,1.8377584218978882,0.9010782241821289,0.8882789611816406,0.8438794016838074,-2.4517762660980225
911,3.0,2,2,0.09599310904741287,1,2,1,0.09491804987192154,-5.604402542114258,-2.8201992511749268,6.897592544555664,-4.552303791046143,2.3525376319885254,2.2876293659210205
912,2.0,2,2,-0.04363323003053665,1,2,2,-0.03880244866013527,-4.0421142578125,-6.183952331542969,7.530649185180664,-3.1873207092285156,0.6564205288887024,2.343698263168335
913,54.0,2,0,0.1178097277879715,1,2,0,0.13428036868572235,-5.850196838378906,-2.616868257522583,5.8245720863342285,9.778977394104004,0.6093483567237854,-13.963035583496094
914,12.0,2,1,0.11344639956951141,1,2,2,0.09539426863193512,-9.573643684387207,0.6315879821777344,5.580514430999756,-7.012983798980713,-0.1117808073759079,3.8761398792266846
915,12.0,2,1,0.06108652427792549,1,2,0,0.06528201699256897,0.4646511673927307,-11.011185646057129,7.387821674346924,5.780107498168945,1.8281787633895874,-7.544456481933594
916,54.0,2,0,0.1178097277879715,1,2,0,0.11449447274208069,-4.323144912719727,-7.159134387969971,8.593343734741211,4.4701409339904785,-1.178558349609375,-3.3035430908203125
917,22.0,2,0,-0.16144295036792755,1,2,0,-0.1614203155040741,-5.9890031814575195,-3.178128480911255,6.9567670822143555,2.099055528640747,-0.5280313491821289,-3.4245736598968506
918,3.0,2,1,-0.13089969754219055,1,2,1,-0.1164422482252121,-6.455491542816162,-4.662355422973633,7.022754192352295,-3.977476119995117,2.1334242820739746,-0.6899122595787048
919,85.0,2,1,0.05061454698443413,1,2,1,0.04549391195178032,-3.321220874786377,-3.70524001121521,5.245937824249268,-2.0981383323669434,4.91700553894043,-4.5162882804870605
920,3.0,0,0,0.02617993950843811,1,0,0,0.02419779822230339,5.950993537902832,-6.840151786804199,-0.7465242743492126,2.9185431003570557,0.6225807666778564,-5.615896701812744
921,2.0,0,0,-0.008726646192371845,1,0,2,-0.018887940794229507,15.491754531860352,-7.307162761688232,-9.780496597290039,-10.385374069213867,4.13226318359375,4.241452693939209
922,9.0,2,1,0.09599310904741287,1,2,1,0.09767875075340271,-5.922365188598633,-4.172835350036621,8.004651069641113,-2.411195993423462,2.5800909996032715,0.20067530870437622
923,12.0,2,1,-0.11344639956951141,1,2,1,-0.11036291718482971,-5.631171703338623,-3.2347333431243896,6.989826679229736,-5.047882556915283,4.76002836227417,-1.2658487558364868
924,3.0,2,1,0.16580627858638763,1,2,1,0.15463940799236298,-4.772671222686768,-1.5810214281082153,5.058949947357178,-1.3231185674667358,6.758393287658691,-7.016731262207031
925,9.0,2,1,-0.16580627858638763,1,2,1,-0.1670992225408554,-8.073122024536133,-1.2660090923309326,7.0731377601623535,-3.0021393299102783,5.951554775238037,-3.218301296234131
926,66.0,2,1,-0.12789395451545715,1,2,0,-0.12662266194820404,-5.190553188323975,-6.8961310386657715,9.115595817565918,2.295048475265503,1.9084303379058838,-3.723240375518799
927,9.0,2,2,-0.07853981852531433,1,2,1,-0.08930449187755585,-7.797449588775635,-6.88100004196167,8.869049072265625,-0.9273062348365784,1.8932890892028809,-0.8539741635322571
928,12.0,0,1,-0.02617993950843811,1,0,1,-0.047688696533441544,6.376468181610107,-9.458151817321777,-2.1853244304656982,0.3078762888908386,0.3860846161842346,-0.2517816424369812
929,12.0,2,0,0.04363323003053665,1,2,0,0.048935987055301666,2.204268217086792,-10.73705768585205,5.177050590515137,5.134945869445801,0.9545071721076965,-6.833638668060303
930,9.0,2,1,0.09599310904741287,1,2,2,0.07926847040653229,-5.822376251220703,-14.133109092712402,13.571935653686523,-6.19438362121582,0.9640117287635803,3.7775909900665283
931,9.0,2,1,-0.07853981852531433,1,2,0,-0.07826854288578033,-5.899492263793945,-9.712530136108398,8.739601135253906,1.4512076377868652,-0.8233210444450378,-0.8866238594055176
932,12.0,2,1,0.1483529806137085,1,2,0,0.13370102643966675,-4.417796611785889,-2.261507272720337,5.183959484100342,5.769231796264648,0.6679081320762634,-8.721115112304688
933,9.0,2,1,-0.04363323003053665,1,0,1,-0.04984195530414581,1.4178210496902466,-3.1413826942443848,-1.3487982749938965,0.19119793176651,0.47066694498062134,0.24790984392166138
934,2.0,2,0,0.04363323003053665,1,2,0,0.052041418850421906,-2.3770670890808105,-10.407139778137207,5.957377910614014,0.972719669342041,-0.9986634254455566,-0.13943135738372803
935,3.0,2,1,-0.06108652427792549,1,2,2,-0.07473014295101166,-5.6975860595703125,-4.7603936195373535,7.972718715667725,-6.43927001953125,-0.07306627929210663,6.34677267074585
936,9.0,2,0,0.1483529806137085,1,1,0,0.1970527321100235,-7.683581352233887,3.662022352218628,1.8534302711486816,8.819385528564453,-3.750887393951416,-7.541797637939453
937,2.0,2,1,0.1483529806137085,1,2,1,0.1291881650686264,-2.857893705368042,-17.457876205444336,12.490042686462402,-12.657853126525879,6.077348709106445,4.234897136688232
938,12.0,0,1,-0.008726646192371845,1,0,2,-0.01693589612841606,12.090688705444336,-6.3661789894104,-7.009128093719482,-9.487584114074707,3.090702533721924,4.103712558746338
939,12.0,2,2,0.09599310904741287,1,2,1,0.10273227095603943,-4.686861038208008,-8.613041877746582,9.536553382873535,-4.0851216316223145,2.2855701446533203,1.4499971866607666
940,2.0,2,2,-0.04356143996119499,1,2,2,-0.04730498418211937,1.1486749649047852,-9.654522895812988,5.790881633758545,-8.929238319396973,1.6564017534255981,5.742006301879883
941,12.0,2,0,-0.04363323003053665,1,2,2,-0.039022479206323624,-4.115839958190918,-6.488680839538574,7.820143699645996,-3.080068826675415,0.5464392304420471,2.328005313873291
942,60.0,2,1,0.17016960680484772,1,2,1,0.14803892374038696,-5.105928897857666,-8.724074363708496,9.33684253692627,-3.052494764328003,5.927971839904785,-2.6418943405151367
943,3.0,0,2,-0.029678301885724068,1,2,0,-0.048875000327825546,0.5947538018226624,-7.28236198425293,2.102736711502075,3.5522572994232178,1.3131675720214844,-6.175909519195557
944,43.0,0,1,0.03041933663189411,1,0,1,0.023079227656126022,5.10495662689209,-2.2802419662475586,-3.233180284500122,-3.807600975036621,3.6539366245269775,0.6597819924354553
945,2.0,2,2,0.09598499536514282,1,2,1,0.07190819829702377,-6.777993202209473,-6.711418628692627,5.395288467407227,-6.081209659576416,5.630159378051758,0.20047461986541748
946,9.0,2,1,-0.1483529806137085,1,2,0,-0.13401825726032257,-7.919276237487793,-8.521803855895996,12.38866138458252,1.4112842082977295,-3.399082660675049,-0.7849974632263184
947,9.0,0,2,-0.022681577131152153,1,0,2,-0.029953185468912125,4.965112209320068,-8.95781421661377,2.2314019203186035,-2.8340437412261963,-0.6021396517753601,3.5942931175231934
948,3.0,2,2,0.09599310904741287,1,2,1,0.0993659496307373,-5.78874397277832,-3.0478291511535645,7.329453945159912,-4.821539878845215,2.5976815223693848,2.2085869312286377
949,85.0,2,1,0.042670682072639465,1,2,1,0.043998755514621735,0.7938920259475708,-3.9352221488952637,2.0291907787323,-3.8613688945770264,4.319226264953613,-3.2488858699798584
950,43.0,0,0,0.030543262138962746,1,0,0,0.00837064627557993,6.985111236572266,-4.523822784423828,-1.8359427452087402,5.705897808074951,-2.759974241256714,-6.14786434173584
951,3.0,2,1,-0.04363323003053665,1,2,0,-0.044999878853559494,-1.7655951976776123,-7.627190113067627,4.9694037437438965,3.5189921855926514,2.026728630065918,-6.9179158210754395
952,27.0,2,1,-0.1178097277879715,1,2,1,-0.11420588195323944,-5.4616570472717285,-3.2078304290771484,6.828035831451416,-4.6762237548828125,4.661826133728027,-1.5374560356140137
953,3.0,2,2,0.09599310904741287,1,2,2,0.09824904054403305,-5.148526191711426,-4.094634056091309,7.150533199310303,-3.607696294784546,1.0281113386154175,2.4307165145874023
954,54.0,2,0,0.11519172787666321,1,2,1,0.11688704788684845,-4.334462642669678,-3.9829084873199463,5.390109062194824,2.062743663787842,2.5110929012298584,-5.128002643585205
955,9.0,2,2,-0.07853981852531433,1,2,1,-0.08818157762289047,-7.645678520202637,-6.976205348968506,8.772041320800781,-0.6901781558990479,1.8300180435180664,-1.1645290851593018
956,2.0,0,1,-0.02617993950843811,1,0,2,-0.05743465945124626,8.580490112304688,-6.95772123336792,-3.6475462913513184,-8.081886291503906,2.3528294563293457,3.738252639770508
957,3.0,2,0,0.06108652427792549,1,2,0,0.06591325998306274,-6.255166530609131,-8.864203453063965,11.279752731323242,9.318631172180176,4.246487617492676,-16.02544593811035
958,2.0,0,0,0.008726646192371845,1,0,0,0.055230457335710526,8.15420913696289,-4.012589931488037,-7.9959588050842285,6.373791694641113,6.16009521484375,-10.793679237365723
959,56.0,2,1,0.13264502584934235,1,2,2,0.12344666570425034,-8.099217414855957,-2.043689489364624,8.020004272460938,-2.732333183288574,-0.8176244497299194,1.3847447633743286
960,9.0,2,1,0.04363323003053665,1,2,0,0.05315207317471504,-5.43235445022583,-4.284475803375244,6.530500411987305,1.1986472606658936,-2.841052293777466,-0.004218362271785736
961,3.0,2,0,0.1483529806137085,1,2,0,0.14252273738384247,-3.2127797603607178,-6.457353115081787,6.856112480163574,4.457432746887207,-2.1463189125061035,-2.2929248809814453
962,12.0,2,0,-0.04363323003053665,1,2,2,-0.06988649070262909,-1.6615997552871704,-9.121649742126465,8.056504249572754,-4.464743614196777,-0.3342737555503845,2.934352397918701
963,33.0,2,2,-0.05672319978475571,1,2,1,-0.05916285887360573,-7.564770221710205,-1.982879400253296,7.441181659698486,-4.510242462158203,4.78550910949707,-1.5585262775421143
964,43.0,0,0,0.027925267815589905,1,2,1,0.019744310528039932,2.4482955932617188,-8.412590980529785,3.343921661376953,2.8235771656036377,3.803027629852295,-8.523409843444824
965,9.0,0,2,-0.02617993950843811,1,0,2,-0.021458256989717484,5.766256809234619,-6.700369834899902,-1.5776262283325195,-3.3450706005096436,0.9854219555854797,1.8604594469070435
966,9.0,2,1,0.07853981852531433,1,0,1,-0.02219681814312935,9.975019454956055,-12.406021118164062,-4.89054536819458,-0.4080185890197754,1.2022364139556885,-1.3189555406570435
967,54.0,2,0,0.11519172787666321,1,2,0,0.1066884994506836,-3.208791971206665,-6.016949653625488,7.138247489929199,14.317049026489258,2.093438148498535,-19.922910690307617
968,60.0,2,0,0.17016960680484772,1,2,0,0.15947897732257843,-4.8497233390808105,-3.2010324001312256,6.081502914428711,2.3603527545928955,2.0132739543914795,-3.967974901199341
969,9.0,2,1,-0.11344639956951141,1,2,0,-0.07996053248643875,-7.121452331542969,-13.640955924987793,14.532867431640625,3.0886096954345703,2.27374005317688,-4.361557483673096
970,2.0,2,1,0.06108652427792549,1,2,1,0.05730873718857765,-4.329566955566406,-9.233843803405762,5.708901882171631,-1.8842339515686035,1.1539661884307861,0.5090213418006897
971,40.0,0,2,-0.006981316953897476,1,0,1,-0.01464733388274908,11.367494583129883,-9.903194427490234,-3.8555660247802734,-6.829575061798096,4.202633857727051,0.2973089814186096
972,9.0,2,0,0.16377685964107513,1,2,1,0.14714281260967255,-5.582457542419434,-3.7041730880737305,5.930046558380127,2.465897798538208,5.200794219970703,-9.339351654052734
973,9.0,2,1,0.04363323003053665,1,2,2,0.02502429112792015,-0.2529980540275574,-5.6386189460754395,3.7584428787231445,-1.3368656635284424,-0.4341810345649719,-0.22711476683616638
974,40.0,0,2,-0.006981316953897476,1,0,2,-0.015780437737703323,10.304057121276855,-4.4682536125183105,-5.4674201011657715,-5.35388708114624,2.893432378768921,2.954543352127075
975,3.0,2,1,0.09599310904741287,1,2,1,0.07961834967136383,-6.892307758331299,-9.226347923278809,11.679261207580566,0.3349647521972656,4.915667533874512,-7.359319686889648
976,3.0,1,0,0.02617993950843811,0,2,1,0.08884322643280029,-14.652420997619629,1.628856897354126,9.060004234313965,2.650599718093872,3.170820713043213,-9.684552192687988
977,12.0,2,1,0.1483529806137085,1,2,0,0.14278395473957062,-4.5155134201049805,-2.2213706970214844,5.79533052444458,6.399561882019043,0.5769572854042053,-8.405706405639648
978,12.0,0,2,-0.00871853344142437,1,0,2,-0.018666867166757584,14.012033462524414,-8.710844993591309,-6.294575214385986,-6.725455284118652,1.1719807386398315,3.684709310531616
979,54.0,2,1,0.1178097277879715,1,2,0,0.1369071900844574,-3.1738648414611816,-6.785036087036133,7.332764625549316,7.733940124511719,2.4792561531066895,-11.381155967712402
980,41.0,0,2,0.013089969754219055,1,0,2,0.0016108332201838493,7.117005348205566,-4.774847030639648,-3.8210840225219727,-8.9490327835083,0.17983348667621613,5.29475736618042
981,27.0,2,1,-0.11170107126235962,1,2,2,-0.12299437820911407,-8.307762145996094,-6.514819622039795,8.839912414550781,0.06707312911748886,-0.8934382200241089,0.6163336634635925
982,2.0,2,0,-0.07853981852531433,1,2,0,-0.07965084910392761,-3.60791015625,-7.971080303192139,8.832965850830078,2.508650779724121,-0.8369179368019104,-3.174182415008545
983,3.0,2,1,0.16580627858638763,1,2,1,0.14404936134815216,-4.437430381774902,-1.723857045173645,4.45480489730835,-6.205204963684082,7.75071907043457,-2.869166135787964
984,2.0,2,0,-0.07853981852531433,1,2,0,-0.0840163379907608,-4.041370391845703,-6.257969379425049,8.12917423248291,3.9261438846588135,2.579164981842041,-6.069369316101074
985,9.0,2,2,0.04363323003053665,1,2,0,0.02181083709001541,-3.558544158935547,-3.532428741455078,4.262866020202637,0.7605100870132446,-2.9528729915618896,0.5152838230133057
986,9.0,2,2,-0.1483529806137085,1,2,0,-0.14059177041053772,-8.369745254516602,-6.937114238739014,11.872942924499512,6.427504062652588,-2.5697367191314697,-4.467740058898926
987,66.0,2,1,-0.12391837686300278,1,2,1,-0.11929573118686676,-5.634385585784912,-3.212146759033203,6.94018030166626,-4.1829328536987305,4.64033842086792,-1.9194504022598267
988,12.0,2,2,0.09599310904741287,1,2,1,0.08980323374271393,-4.994123458862305,-6.948266506195068,8.853181838989258,-1.8256540298461914,2.2164862155914307,-0.1862313151359558
989,85.0,2,1,0.04712389037013054,1,2,1,0.0504101924598217,-1.6124943494796753,-5.135157585144043,5.016234397888184,-3.4485769271850586,4.724171161651611,-3.7928617000579834
990,56.0,2,1,0.13264502584934235,1,2,2,0.10812516510486603,-5.51850700378418,-4.805323123931885,8.080403327941895,-2.4093756675720215,-1.368996500968933,2.026650905609131
991,66.0,2,0,-0.12391837686300278,1,2,0,-0.11773429811000824,-4.066036701202393,-0.5304270386695862,3.465733289718628,4.2414164543151855,-1.5256989002227783,-5.02510929107666
992,41.0,0,2,0.013089969754219055,1,0,2,0.009142008610069752,6.691792011260986,-5.738404273986816,-2.740931749343872,-9.717162132263184,-1.5468940734863281,7.08912467956543
993,2.0,2,0,-0.09599310904741287,1,2,0,-0.10149114578962326,-6.475429058074951,-11.615707397460938,12.997184753417969,4.908710479736328,1.898116946220398,-7.308838367462158
994,12.0,0,2,-0.008726646192371845,1,0,2,-0.01522852387279272,12.88735294342041,-7.069479465484619,-6.3559184074401855,-5.289775848388672,0.6998470425605774,2.5156161785125732
995,27.0,2,0,-0.11399055272340775,1,2,0,-0.10290540754795074,-4.269899845123291,-1.2856802940368652,4.256373405456543,2.9407167434692383,-2.054682970046997,-2.498236894607544
996,3.0,2,2,-0.11344639956951141,1,2,0,-0.12414312362670898,-6.653937339782715,-7.0510735511779785,8.769525527954102,3.059565305709839,1.2651638984680176,-3.2667291164398193
997,3.0,2,1,-0.13089969754219055,1,2,1,-0.14558137953281403,-9.048443794250488,-2.6103460788726807,8.245634078979492,-4.184319019317627,5.048828125,-2.3668887615203857
998,33.0,2,0,-0.0593411959707737,1,2,1,-0.06109503284096718,-2.705734968185425,-14.317814826965332,11.863429069519043,-0.6916134357452393,1.2085256576538086,-2.998623847961426
999,9.0,0,2,-0.02580244280397892,1,2,2,-0.02898649498820305,3.7743563652038574,-10.730222702026367,4.762002468109131,-1.997192621231079,-0.3410525918006897,2.476344108581543
1000,12.0,2,2,0.13089969754219055,1,2,2,0.11972396820783615,-2.9264981746673584,-5.344570636749268,6.542010307312012,-4.4340691566467285,-0.5501444935798645,3.730663299560547
1001,9.0,2,1,-0.059475842863321304,1,2,2,-0.049611154943704605,-3.4648520946502686,-4.984469890594482,4.447514533996582,0.8114723563194275,-1.0248297452926636,1.2530137300491333
1002,2.0,2,1,0.1483529806137085,1,2,1,0.12788376212120056,-0.8496390581130981,-6.183356285095215,2.16335129737854,-3.5706281661987305,2.105344533920288,1.7530741691589355
1003,54.0,2,1,0.10908307880163193,1,2,1,0.1141195148229599,-4.53307580947876,-2.573758602142334,4.851940631866455,-7.869647979736328,9.74233341217041,-3.608476161956787
1004,12.0,0,2,-0.008726646192371845,1,0,2,-0.021955721080303192,12.920456886291504,-6.924144744873047,-7.186557769775391,-10.704319953918457,2.690033197402954,5.52006196975708
1005,3.0,2,1,-0.15863385796546936,1,2,1,-0.15777768194675446,-4.857717514038086,-2.1022095680236816,5.466409206390381,-1.8918123245239258,5.3086838722229,-4.755955219268799
1006,3.0,2,0,-0.06108652427792549,1,2,1,-0.044988248497247696,-9.771465301513672,-7.753151893615723,13.036009788513184,-1.5464694499969482,6.3370747566223145,-4.360794544219971
1007,66.0,2,0,-0.12391837686300278,1,2,0,-0.09622101485729218,-4.496982574462891,-0.34204620122909546,3.651338815689087,3.1677703857421875,-4.132854461669922,-1.7831192016601562
1008,41.0,0,0,0.013089969754219055,1,0,2,0.011396757327020168,4.534802436828613,-2.874533176422119,-2.408191204071045,-0.3394773602485657,-1.4121776819229126,0.277971088886261
1009,60.0,2,2,0.16755160689353943,1,2,1,0.15871642529964447,-11.057648658752441,-1.593927025794983,8.443341255187988,-4.397494316101074,1.5299400091171265,-0.5547568798065186
1010,85.0,2,1,0.04663897305727005,1,2,1,0.04496632516384125,-0.09590405970811844,-4.144694805145264,2.904414653778076,-3.9438836574554443,4.373369216918945,-3.1587603092193604
1011,12.0,2,1,0.09599310904741287,1,2,2,0.08143375813961029,-5.556416988372803,-7.774287223815918,9.258981704711914,-1.4663877487182617,-2.0500681400299072,3.464796543121338
1012,3.0,2,1,0.11344639956951141,1,2,1,0.11377328634262085,-4.970244407653809,-2.6596429347991943,6.350244045257568,1.0776032209396362,1.692789077758789,-2.519813299179077
1013,12.0,2,0,0.16580627858638763,1,2,1,0.16674913465976715,-6.3553900718688965,-0.7287812829017639,4.8868021965026855,-1.8309476375579834,1.8558204174041748,-0.32102516293525696
1014,9.0,2,1,-0.09599310904741287,1,2,0,-0.08789031207561493,-4.2024359703063965,-6.598947048187256,8.590529441833496,4.423695087432861,4.187242031097412,-8.389738082885742
1015,12.0,2,0,0.16580627858638763,1,2,2,0.16164974868297577,-7.663536548614502,-3.814286231994629,8.711469650268555,-6.932456016540527,-0.09722773730754852,4.337284564971924
1016,9.0,2,2,-0.04363323003053665,1,2,1,-0.05489369109272957,-4.2817158699035645,-8.355481147766113,9.266914367675781,3.194063663482666,3.3185923099517822,-9.047377586364746
1017,43.0,0,1,0.030543262138962746,1,0,1,0.02328137680888176,5.006895065307617,-2.8558011054992676,-2.735480546951294,-3.4834043979644775,3.333209753036499,0.6473842859268188
1018,9.0,0,1,-0.008726646192371845,1,0,1,0.0019904756918549538,13.659886360168457,-8.370004653930664,-5.770866394042969,0.20949611067771912,5.778783798217773,-7.372776031494141
1019,60.0,2,1,0.16755160689353943,1,2,2,0.16175593435764313,-3.15749192237854,-3.3915867805480957,5.083407402038574,-3.4268076419830322,-0.9958685040473938,3.5478994846343994
1020,12.0,2,2,0.11344639956951141,1,2,1,0.0858699232339859,-9.07433795928955,-4.564470291137695,10.407564163208008,-2.327758550643921,1.3088911771774292,0.13581833243370056
1021,3.0,2,1,0.07853981852531433,1,2,0,0.08474865555763245,-7.114232540130615,-3.40486478805542,7.898013591766357,2.334484338760376,1.4623422622680664,-4.0016021728515625
1022,43.0,0,0,0.030541453510522842,1,0,0,0.01894542947411537,6.623511791229248,-6.566519260406494,-1.694005012512207,6.54824161529541,-5.370002269744873,-3.7495503425598145
1023,9.0,2,2,0.06108652427792549,1,2,1,0.05666846036911011,-3.388385057449341,-6.893558025360107,7.314685821533203,0.5224133729934692,3.3518428802490234,-5.566285610198975
1024,54.0,2,1,0.1148981899023056,1,2,1,0.11354072391986847,-6.041245460510254,-5.340602874755859,7.035079002380371,0.9534933567047119,1.4628900289535522,-4.313638210296631
1025,2.0,2,1,0.06108652427792549,1,2,1,0.05877378210425377,-3.527462959289551,-9.412243843078613,5.649862289428711,-0.0446493998169899,0.5207167863845825,-0.6070194840431213
1026,2.0,2,2,-0.13089969754219055,1,2,2,-0.13672572374343872,-6.431029796600342,-4.166622638702393,8.213991165161133,-3.8875815868377686,-3.0192179679870605,5.5169358253479
1027,2.0,2,1,0.1483529806137085,1,2,1,0.130561962723732,-3.0660006999969482,-8.070531845092773,4.3486762046813965,-0.0619053915143013,1.8860284090042114,-0.829248309135437
1028,9.0,2,1,-0.09599310904741287,1,2,0,-0.09135863184928894,-5.170702934265137,-7.040652751922607,9.250760078430176,4.66016149520874,2.464911460876465,-7.3348774909973145
1029,3.0,1,0,0.02617993950843811,0,2,0,0.13173545897006989,-3.8513779640197754,-5.365588665008545,5.921230792999268,2.2684414386749268,2.1355321407318115,-5.721504211425781
1030,3.0,2,1,0.04363323003053665,1,2,0,0.0401175320148468,0.16359733045101166,-6.475200653076172,5.0041728019714355,3.2921741008758545,3.1310524940490723,-7.110727310180664
1031,2.0,0,0,0.02617993950843811,1,0,1,0.015648983418941498,12.875847816467285,-8.659880638122559,-8.736244201660156,0.3152254521846771,4.050238132476807,-5.3157958984375
1032,12.0,2,0,-0.07853981852531433,1,2,0,-0.07553693652153015,-5.47808313369751,-12.150723457336426,10.63321590423584,3.661203622817993,-2.466822624206543,-1.2434465885162354
1033,66.0,2,1,-0.13788101077079773,1,2,0,-0.1288362741470337,-5.089869499206543,-6.177060127258301,8.451679229736328,2.1166253089904785,-1.1492327451705933,-0.9831768870353699
1034,9.0,2,0,0.09599310904741287,1,2,0,0.09465792030096054,-8.345540046691895,-5.694639205932617,10.737039566040039,3.0865280628204346,-0.04211468994617462,-3.103318691253662
1035,3.0,2,2,-0.09599310904741287,1,2,0,-0.10785868018865585,-7.301465034484863,-7.758220672607422,8.823596000671387,1.1991500854492188,-2.065450668334961,0.5094515085220337
1036,43.0,0,1,0.021816615015268326,1,0,1,0.010822209529578686,8.747464179992676,-2.6700992584228516,-6.561512470245361,-0.5037055015563965,0.6187823414802551,-4.088465690612793
1037,3.0,2,2,0.09599310904741287,1,2,2,0.09295561909675598,-5.466305255889893,-2.7899868488311768,6.685494899749756,-4.615283966064453,2.215017080307007,2.44753098487854
1038,12.0,2,1,-0.1483529806137085,1,2,1,-0.1548665314912796,-7.306184768676758,-3.3640692234039307,7.9349236488342285,-4.486175537109375,5.843997955322266,-2.921673059463501
1039,22.0,2,2,-0.16144295036792755,1,2,2,-0.15114767849445343,-5.073245048522949,-5.041768550872803,7.022037506103516,-4.250955581665039,-1.8282569646835327,4.681586742401123
1040,12.0,2,1,-0.06108652427792549,1,2,2,-0.06520453095436096,-5.582793235778809,-5.489100933074951,8.156791687011719,-1.015014410018921,-3.3116517066955566,2.882932662963867
1041,66.0,2,0,-0.13099752366542816,1,2,0,-0.12751199305057526,-5.2415690422058105,-6.681442737579346,9.028129577636719,2.547193765640259,1.8916376829147339,-3.9730231761932373
1042,3.0,2,2,0.09599310904741287,1,2,2,0.0927228033542633,-5.471370697021484,-2.7963314056396484,6.664497375488281,-4.570291519165039,2.1813395023345947,2.438944101333618
1043,43.0,0,1,0.030543262138962746,1,0,0,0.029993027448654175,3.2535080909729004,-5.39749813079834,0.884190022945404,12.609601020812988,-0.22733287513256073,-16.39320182800293
1044,2.0,0,1,0.008726646192371845,1,0,0,0.061698343604803085,7.420562744140625,-3.976942777633667,-7.437128067016602,7.198211193084717,5.611026763916016,-10.894612312316895
1045,9.0,2,0,0.09599310904741287,1,2,2,0.08271913975477219,-11.54548454284668,-5.235416889190674,10.087825775146484,-2.1404147148132324,-3.0186097621917725,4.503937244415283
1046,12.0,2,1,-0.1483529806137085,1,2,2,-0.14060498774051666,-6.66359806060791,-3.8211727142333984,7.298189640045166,-9.22617244720459,2.5464065074920654,2.8481905460357666
1047,40.0,0,1,-0.004363323096185923,1,0,1,0.0004123011603951454,9.150862693786621,-8.704936027526855,-3.9108498096466064,-3.1174354553222656,4.557812213897705,-3.4634640216827393
1048,3.0,2,0,-0.07853981852531433,1,2,0,-0.09054853022098541,-6.136394023895264,-12.96739387512207,13.432483673095703,5.047982692718506,3.0664258003234863,-8.419941902160645
1049,9.0,2,1,0.09598499536514282,1,2,0,0.0915682390332222,-7.753262996673584,-6.375376224517822,10.337889671325684,1.931274652481079,1.2595288753509521,-3.009493350982666
1050,2.0,2,1,0.1483529806137085,1,2,2,0.11266164481639862,-4.4679646492004395,-16.015119552612305,12.138280868530273,-15.796722412109375,5.891838073730469,7.45072603225708
1051,3.0,2,1,-0.04363323003053665,1,2,1,-0.017987065017223358,-3.372882843017578,-10.032122611999512,6.870767116546631,-4.64408540725708,2.09647274017334,1.1547636985778809
1052,38.0,0,0,-0.02181842364370823,1,0,0,-0.012391678057610989,4.2174787521362305,-4.933310031890869,-0.44775810837745667,1.4626113176345825,-2.332197666168213,-0.8138513565063477
1053,33.0,2,1,-0.0593411959707737,1,2,1,-0.06752873957157135,-3.1414971351623535,-7.703405857086182,8.434442520141602,0.10815901309251785,3.2375903129577637,-2.9249141216278076
1054,66.0,2,0,-0.12391837686300278,1,2,0,-0.1336415559053421,-6.159763336181641,-5.4039506912231445,9.044661521911621,4.384609699249268,-1.6281851530075073,-3.389615535736084
1055,3.0,2,2,-0.1483529806137085,1,2,0,-0.15153490006923676,-9.701676368713379,-6.257202625274658,10.162842750549316,3.6437790393829346,-1.4635285139083862,-1.8290883302688599
1056,27.0,2,1,-0.10908307880163193,1,2,2,-0.10973915457725525,-4.2851457595825195,-10.089558601379395,10.591020584106445,-4.0104756355285645,-0.3918178379535675,4.898595333099365
1057,2.0,2,1,-0.07853981852531433,1,2,1,-0.0703699067234993,-3.071650743484497,-10.783698081970215,9.20836353302002,0.8852153420448303,2.5029149055480957,-3.1621406078338623
1058,9.0,2,0,0.1483529806137085,1,1,0,0.1923108547925949,-6.2548723220825195,6.439023494720459,-1.6882909536361694,2.63368821144104,0.5827739834785461,-5.819272994995117
1059,9.0,2,0,0.09599310904741287,1,2,0,0.09388651698827744,-8.480706214904785,-5.087998390197754,10.353127479553223,3.002138376235962,0.39258861541748047,-3.498986005783081
1060,40.0,0,0,-0.004363323096185923,1,0,0,0.002611716277897358,8.081170082092285,-1.258413314819336,-6.850697040557861,3.1001503467559814,2.3726296424865723,-8.8057861328125
1061,66.0,2,0,-0.13089969754219055,1,2,0,-0.12751971185207367,-5.238667011260986,-6.684450149536133,9.031092643737793,2.565694570541382,1.8620758056640625,-3.964601755142212
1062,3.0,2,0,-0.07853981852531433,1,2,0,-0.08758815377950668,-6.105707168579102,-12.623503684997559,13.137312889099121,5.388011455535889,3.1303694248199463,-8.833789825439453
1063,40.0,0,1,-0.006915873382240534,1,0,1,-0.02601766213774681,4.4732794761657715,-6.982676982879639,-0.6544923186302185,-0.29608380794525146,3.3857169151306152,-2.0844175815582275
1064,9.0,2,1,-0.1483529806137085,1,2,0,-0.13132373988628387,-6.991607189178467,-11.947425842285156,14.125385284423828,0.9877104759216309,-3.04968523979187,0.17504727840423584
1065,9.0,2,1,-0.07853981852531433,1,2,2,-0.09061688184738159,-4.415274143218994,-14.72895336151123,11.423361778259277,0.2586406469345093,-0.9513240456581116,0.7618526816368103
1066,12.0,2,0,-0.07853981852531433,1,2,0,-0.09221208095550537,-4.691716194152832,-5.949778079986572,6.79364013671875,1.3381117582321167,-1.3875391483306885,0.9910513758659363
1067,2.0,2,1,0.16580627858638763,1,2,1,0.24969607591629028,-9.758014678955078,-1.8800183534622192,7.793325424194336,-0.8646405935287476,0.7398014664649963,0.4438632130622864
1068,9.0,0,1,0.008530637249350548,1,0,1,-0.010326466523110867,11.405588150024414,-5.63676118850708,-5.948917865753174,1.9417269229888916,5.705319404602051,-8.077406883239746
1069,12.0,0,1,0.02617993950843811,1,0,1,0.011107371188700199,5.867618560791016,-7.129225730895996,-0.18647703528404236,-0.5409306287765503,4.031905174255371,-4.541441440582275
1070,12.0,2,1,0.1483529806137085,1,2,0,0.14126351475715637,-5.327298641204834,-0.5918541550636292,5.043147087097168,6.45201301574707,0.27266961336135864,-8.323740005493164
1071,33.0,2,0,-0.0593411959707737,1,2,1,-0.06249810382723808,-5.091376781463623,-8.50676441192627,10.621504783630371,-0.7953920364379883,2.3041577339172363,-1.9275342226028442
1072,56.0,2,2,0.12653636932373047,1,2,2,0.12222471833229065,-2.6975297927856445,-5.391640663146973,6.057616710662842,-2.1266467571258545,-0.7149465680122375,1.5255273580551147
1073,12.0,2,1,-0.07853981852531433,1,2,0,-0.09647264331579208,-7.983940601348877,-6.236664772033691,7.194186210632324,1.5918182134628296,-1.824610948562622,1.5917870998382568
1074,43.0,0,2,0.030543262138962746,1,0,1,0.0361442007124424,5.531115531921387,-7.846604824066162,0.5235280394554138,-2.3677687644958496,2.5043785572052,-3.92820143699646
1075,3.0,2,1,0.12380076944828033,1,2,0,0.11787179112434387,-3.9608328342437744,-0.7500256896018982,2.6540162563323975,0.6463379859924316,-0.134325310587883,-1.23927903175354
1076,9.0,2,2,-0.06108652427792549,1,2,2,-0.05153026804327965,-4.607090473175049,-4.292900085449219,3.831366777420044,-0.02342129498720169,-0.9874745607376099,2.4772467613220215
1077,60.0,2,1,0.16684360802173615,1,2,2,0.1644233614206314,-3.3601737022399902,-3.5786051750183105,5.412452697753906,-3.001405954360962,-1.0499181747436523,3.055725336074829
1078,38.0,0,2,-0.021816615015268326,1,0,0,-0.00936321821063757,5.327925205230713,-6.151613712310791,-0.9630568623542786,3.541971206665039,3.3121237754821777,-10.189054489135742
1079,2.0,0,1,-0.02617993950843811,1,0,2,-0.016982290893793106,9.30544376373291,-9.39139175415039,-1.671044945716858,-1.9098643064498901,-0.9209039807319641,1.2637121677398682
1080,9.0,0,0,0.02617182582616806,1,0,1,0.009292750619351864,8.506959915161133,-8.481968879699707,-1.3107831478118896,-2.3307883739471436,0.7138841152191162,0.37338924407958984
1081,3.0,2,0,0.1483529806137085,1,2,0,0.1415611207485199,-2.7782576084136963,-5.456114292144775,6.694969654083252,4.061768054962158,0.5759744048118591,-6.303905963897705
1082,22.0,2,0,-0.16144295036792755,1,2,0,-0.16291306912899017,-5.8897929191589355,-3.040980100631714,6.79501485824585,2.181394100189209,-0.7023550868034363,-3.3527021408081055
1083,2.0,0,1,0.008726646192371845,1,0,0,-0.005297358147799969,7.08575439453125,-7.653212070465088,-3.7636327743530273,6.890758514404297,1.5161758661270142,-8.039473533630371
1084,9.0,2,0,0.1483529806137085,1,2,0,0.1515999585390091,-2.8626010417938232,-7.033592700958252,7.065309524536133,3.674255609512329,-5.109386444091797,1.0031418800354004
1085,3.0,2,0,-0.07853981852531433,1,2,0,-0.0761416032910347,-6.739198207855225,-9.767609596252441,12.818319320678711,5.819514274597168,2.974301338195801,-8.640597343444824
1086,9.0,2,1,0.11344639956951141,1,2,1,0.10703857243061066,-1.5450750589370728,-6.1660542488098145,6.214969635009766,-3.4420523643493652,5.882833480834961,-4.759371757507324
1087,2.0,2,0,-0.09599310904741287,1,2,0,-0.10527505725622177,-10.460922241210938,-8.049511909484863,14.396485328674316,3.933943510055542,-0.8327372670173645,-1.219102144241333
1088,54.0,2,0,0.11519172787666321,1,2,0,0.11910001933574677,-4.592583179473877,-4.500499248504639,6.827914714813232,6.043745040893555,-1.0705513954162598,-5.163408279418945
1089,3.0,0,1,0.008726646192371845,1,0,1,-0.008870388381183147,13.569612503051758,-6.326944351196289,-7.26974630355835,3.8168039321899414,7.140287399291992,-11.61007022857666
1090,33.0,1,1,-0.06544984877109528,0,1,1,0.02203904464840889,-9.755341529846191,8.540471076965332,-0.09550455957651138,-7.641294002532959,7.87661075592041,-3.488091468811035
1091,3.0,2,1,-0.04363323003053665,1,2,1,-0.05106114223599434,-1.6851214170455933,-10.915771484375,7.864311695098877,-1.728853464126587,4.332784175872803,-2.0555076599121094
1092,9.0,2,2,-0.06108652427792549,1,2,2,-0.03775027021765709,-2.578718423843384,-6.929317951202393,3.5945606231689453,-0.9376319646835327,-0.32344597578048706,1.164860725402832
1093,2.0,2,1,0.11344639956951141,1,2,1,0.09876780211925507,-5.637174129486084,-5.799373149871826,4.085086822509766,-4.294534206390381,3.0932676792144775,1.349718451499939
1094,60.0,2,2,0.16699275374412537,1,2,2,0.15583543479442596,-5.1479597091674805,-4.144463539123535,6.591071605682373,-6.3300957679748535,-0.03869958221912384,5.541038513183594
1095,9.0,2,0,0.1483529806137085,1,2,0,0.16153229773044586,-2.771193742752075,-7.332663059234619,7.263781547546387,4.924086093902588,-4.967745304107666,0.044465579092502594
1096,3.0,0,0,0.02617993950843811,1,0,0,0.02853129431605339,6.330502986907959,-7.569245338439941,-0.498592346906662,2.597106695175171,0.7740194797515869,-5.237705230712891
1097,2.0,0,0,-0.008726646192371845,1,0,1,-0.03937768191099167,11.243378639221191,-8.402316093444824,-4.971687316894531,-8.713398933410645,3.4223856925964355,3.1794183254241943
1098,33.0,2,1,-0.05927575007081032,1,2,2,-0.047008875757455826,-6.643040657043457,-6.33324670791626,9.420385360717773,-13.944473266601562,-0.1878785341978073,9.674933433532715
1099,12.0,0,1,0.02617993950843811,1,0,1,0.006587977521121502,7.044276237487793,-7.725050926208496,-0.7646520733833313,1.3104934692382812,3.8383026123046875,-6.101410865783691
1100,9.0,2,1,0.07853981852531433,1,2,0,0.07506785541772842,0.2577160596847534,-10.66132640838623,3.9039082527160645,1.5373395681381226,0.7311043739318848,-2.3488194942474365
1101,38.0,0,1,-0.021816615015268326,1,0,1,-0.02287321910262108,5.043537616729736,-6.316723346710205,0.630461573600769,-0.6444271206855774,2.864785671234131,-2.6218209266662598
1102,9.0,2,1,-0.11344639956951141,1,2,2,-0.1374395340681076,-7.288815021514893,-3.8423471450805664,9.158278465270996,-0.5869338512420654,-0.0709933489561081,0.0259060338139534
1103,3.0,0,1,0.008726646192371845,1,0,1,-0.014477993361651897,11.89121150970459,-4.231819152832031,-6.951636791229248,-1.632208228111267,5.457854270935059,-4.639472484588623
1104,27.0,2,1,-0.11170107126235962,1,2,1,-0.1003631129860878,-5.168247222900391,-8.100994110107422,10.301473617553711,3.4158830642700195,3.499882936477661,-7.080979824066162
1105,9.0,0,2,-0.02617993950843811,1,0,1,-0.02116360142827034,6.528997898101807,-9.839315414428711,-1.001274824142456,-1.9484291076660156,6.6881842613220215,-4.673077583312988
1106,2.0,2,2,-0.04363323003053665,1,2,2,-0.049035944044589996,-2.7196247577667236,-5.687063217163086,5.560388088226318,-2.690859079360962,0.3091036081314087,1.468794822692871
1107,60.0,2,1,0.16144295036792755,1,2,1,0.1565847247838974,-4.96844482421875,1.1897462606430054,2.1020543575286865,-9.630337715148926,11.156126976013184,-3.7888669967651367
1108,12.0,0,1,0.008726646192371845,1,0,1,0.003080490045249462,10.206462860107422,-6.751932621002197,-4.050419330596924,0.7821110486984253,1.9575903415679932,-4.442776203155518
1109,9.0,2,0,0.1483529806137085,1,2,0,0.14248056709766388,-4.219846725463867,-4.256295680999756,5.289347171783447,5.903263568878174,0.3562895655632019,-8.489042282104492
1110,33.0,2,1,-0.06544984877109528,1,2,1,-0.06584422290325165,-5.378627300262451,-3.427367925643921,6.605391979217529,-1.7924913167953491,7.222168445587158,-6.556203365325928
1111,9.0,2,1,-0.1483529806137085,1,2,0,-0.13134488463401794,-6.7303948402404785,-7.729258060455322,10.990501403808594,1.4906957149505615,-3.528815507888794,-1.1509286165237427
1112,2.0,2,2,0.16580627858638763,1,2,2,0.12382861971855164,0.6374229788780212,-8.125441551208496,1.9140218496322632,-3.8033607006073,1.7193055152893066,1.8086031675338745
1113,41.0,0,2,0.010471975430846214,1,0,2,0.011389200575649738,4.53879976272583,-2.878779888153076,-2.4082517623901367,-0.33568891882896423,-1.4150304794311523,0.27617985010147095
1114,12.0,2,1,0.06108652427792549,1,2,0,0.06334508210420609,-8.32312297821045,-5.755064964294434,10.40778636932373,4.283627510070801,1.1362433433532715,-5.684338092803955
1115,2.0,2,1,-0.1483529806137085,1,2,1,-0.13937275111675262,-4.990761756896973,-2.725623607635498,6.044101715087891,-1.787217617034912,4.535353660583496,-3.918470621109009
1116,43.0,0,0,0.030543262138962746,1,0,0,0.02657083049416542,8.622591018676758,-4.226537704467773,-5.285882472991943,8.858357429504395,-3.331333637237549,-11.818184852600098
1117,9.0,2,1,-0.13089969754219055,1,2,2,-0.12418392300605774,-7.7867937088012695,-6.308919429779053,10.327559471130371,-5.9588446617126465,-0.8464736938476562,2.133488655090332
1118,3.0,1,2,-0.11344639956951141,0,0,1,0.002718907780945301,6.907472610473633,-7.7259907722473145,-3.1508328914642334,-10.410872459411621,4.290813446044922,4.241790771484375
1119,2.0,0,1,0.02617993950843811,1,0,1,0.015055128373205662,11.894251823425293,-8.595718383789062,-7.908592224121094,1.4788057804107666,3.4240856170654297,-5.514219284057617
1120,41.0,0,2,0.010471975430846214,1,0,2,0.011389200575649738,4.53879976272583,-2.878779888153076,-2.4082517623901367,-0.33568891882896423,-1.4150304794311523,0.27617985010147095
1121,2.0,0,2,-0.02617993950843811,1,0,2,-0.02882934734225273,8.958136558532715,-9.143595695495605,-1.5919897556304932,-5.884453773498535,0.7135999798774719,3.941558361053467
1122,38.0,0,0,-0.024434609338641167,1,0,2,-0.011820702813565731,3.9859678745269775,-4.973954200744629,-0.6576490998268127,-4.955356121063232,-1.2884743213653564,2.4231255054473877
1123,2.0,0,2,-0.02617993950843811,1,0,2,-0.017286423593759537,8.1889009475708,-8.462227821350098,-1.391249418258667,-2.9199728965759277,-0.2374863475561142,1.832454800605774
1124,2.0,0,1,0.02617993950843811,1,0,0,0.008491587825119495,9.10924243927002,-8.447502136230469,-5.130438804626465,3.251403570175171,2.660987138748169,-6.098730564117432
1125,3.0,2,1,-0.13673080503940582,1,2,1,-0.16610105335712433,-6.328631401062012,-11.922371864318848,10.533904075622559,-0.7276691198348999,1.559185266494751,-1.1856908798217773
1126,9.0,2,2,-0.1483529806137085,1,2,1,-0.15488745272159576,-7.685037136077881,-3.5436463356018066,8.056733131408691,-2.30147385597229,-0.15311817824840546,-0.7073947787284851
1127,56.0,2,1,0.13526301085948944,1,2,0,0.12917806208133698,-6.786892890930176,-1.419851541519165,6.525694370269775,6.154725551605225,-1.714875340461731,-5.59710693359375
1128,9.0,2,1,-0.07853981852531433,1,2,0,-0.09960025548934937,-4.343428134918213,-13.019088745117188,9.382075309753418,0.37391066551208496,-0.4131231904029846,0.22417396306991577
1129,3.0,0,2,-0.02617993950843811,1,0,2,-0.02934359386563301,10.758737564086914,-7.316483020782471,-5.643712043762207,-9.970261573791504,3.3266234397888184,4.364903926849365
1130,54.0,2,0,0.1178097277879715,1,2,0,0.11444607377052307,-2.5915753841400146,-7.1812968254089355,6.798644065856934,5.727863311767578,-4.186147212982178,-2.1318700313568115
1131,12.0,2,0,-0.04363323003053665,1,2,2,-0.039369162172079086,-3.7294745445251465,-6.925775051116943,7.796584129333496,-3.297478199005127,0.48090463876724243,2.5972354412078857
1132,9.0,2,1,0.04363323003053665,1,2,2,0.03809225931763649,-3.688616991043091,-4.593247413635254,5.292047023773193,-1.0584160089492798,-2.8205912113189697,2.2054131031036377
1133,12.0,2,0,0.16580627858638763,1,2,1,0.18657417595386505,-6.625664234161377,-1.5735419988632202,5.819246292114258,-1.9589241743087769,1.8863518238067627,0.24990272521972656
1134,3.0,2,1,-0.13089969754219055,1,2,1,-0.14762435853481293,-9.158047676086426,-4.941360950469971,10.66146183013916,-1.5172656774520874,3.5680742263793945,-3.35011887550354
1135,12.0,2,0,-0.04363323003053665,1,2,2,-0.03774038702249527,-2.5612244606018066,-8.792545318603516,8.412893295288086,-3.391587495803833,0.7472302317619324,2.083479881286621
1136,43.0,0,2,0.030543262138962746,1,0,0,0.03010188788175583,6.632687091827393,-3.8282978534698486,-4.234738826751709,2.1738734245300293,-1.765292763710022,-4.065657615661621
1137,38.0,0,1,-0.030543262138962746,1,0,1,-0.023225799202919006,3.629570722579956,-4.478438377380371,-0.20791158080101013,-0.28720390796661377,0.19630737602710724,-1.9566433429718018
1138,9.0,2,1,0.07853981852531433,1,2,0,0.0928083062171936,-7.423734664916992,-7.6423773765563965,10.737259864807129,3.4706337451934814,2.204284191131592,-6.966413974761963
1139,54.0,2,1,0.11519172787666321,1,2,1,0.11209297925233841,-6.963566780090332,-6.08076810836792,9.951394081115723,0.19028854370117188,3.2738394737243652,-2.8242828845977783
1140,9.0,2,2,0.06108652427792549,1,2,1,0.06906858831644058,0.6709112524986267,-7.794951915740967,4.400576114654541,-2.325119733810425,2.9181556701660156,-2.4411933422088623
1141,38.0,0,0,-0.021816615015268326,1,0,1,-0.02353367954492569,8.48146915435791,-4.567925453186035,-5.108940601348877,0.15705299377441406,0.7876541018486023,-4.348511219024658
1142,3.0,2,1,0.16580627858638763,1,2,1,0.15111173689365387,-2.697277307510376,-4.486401557922363,5.387134075164795,-4.4916672706604,5.716273784637451,-2.637617826461792
1143,2.0,2,2,0.07853981852531433,1,2,1,0.05760909989476204,-5.662854194641113,-6.571410655975342,3.9688827991485596,-6.5575456619262695,4.8024187088012695,1.257992148399353
1144,22.0,2,1,-0.16144295036792755,1,2,1,-0.15971241891384125,-5.954338073730469,-3.67995023727417,7.030720233917236,-2.217395067214966,0.5911856293678284,-0.322046160697937
1145,60.0,1,1,0.16144295036792755,0,1,1,0.2506211996078491,-16.899051666259766,19.470354080200195,-5.140763282775879,-17.018695831298828,15.940658569335938,-1.908324122428894
1146,2.0,2,1,0.06108652427792549,1,2,1,0.05905354395508766,-3.5440149307250977,-9.371718406677246,5.623934268951416,-0.1424272060394287,0.6157386898994446,-0.6190230250358582
1147,85.0,2,1,0.036651913076639175,1,0,1,0.042517878115177155,2.0401108264923096,-3.4601516723632812,0.5227026343345642,-3.8165395259857178,4.32650089263916,-3.3944156169891357
1148,22.0,2,2,-0.16144295036792755,1,2,2,-0.14743393659591675,-4.957549571990967,-5.8267502784729,7.607383728027344,-2.2606403827667236,-2.619053363800049,4.086989879608154
1149,3.0,2,2,-0.09599310904741287,1,2,2,-0.10598384588956833,-7.206074237823486,-8.322189331054688,9.060905456542969,1.0022196769714355,-2.3765721321105957,1.095646619796753
1150,12.0,0,1,-0.02617993950843811,1,0,0,-0.04271874204277992,1.973381757736206,-7.57175874710083,0.9916761517524719,3.006509780883789,0.4178900122642517,-4.785881519317627
1151,12.0,2,0,-0.04363323003053665,1,2,2,-0.04023444280028343,-3.300999164581299,-5.458443641662598,6.338565349578857,-1.8045545816421509,0.38303178548812866,1.3299229145050049
1152,2.0,2,1,0.06108652427792549,1,2,0,0.05484427884221077,-3.1719160079956055,-10.09012508392334,5.99776554107666,0.48800766468048096,-0.5263800024986267,-0.0041930899024009705
1153,2.0,0,1,-0.02617993950843811,1,0,2,-0.042291413992643356,9.03750228881836,-5.438255786895752,-5.215414524078369,-9.275169372558594,2.8744359016418457,4.305026531219482
1154,56.0,2,1,0.13526301085948944,1,2,2,0.12727665901184082,-5.8267693519592285,-3.389007568359375,7.331787109375,-1.1316527128219604,-1.2406998872756958,1.582875370979309
1155,2.0,2,1,-0.1063474789261818,1,2,1,-0.10164082795381546,-3.798645257949829,-11.556443214416504,10.495445251464844,-3.21429443359375,7.467693328857422,-3.386868953704834
1156,3.0,2,1,0.16580627858638763,1,2,1,0.16104835271835327,-4.654153823852539,-2.928058624267578,6.0989155769348145,-1.8565194606781006,6.009909152984619,-5.859148025512695
1157,3.0,2,2,0.09599310904741287,1,2,2,0.09406530857086182,-5.525062561035156,-2.8446998596191406,6.824770450592041,-4.603142261505127,2.315825939178467,2.3552658557891846
1158,9.0,2,1,-0.09599310904741287,1,2,0,-0.10550321638584137,-5.986065864562988,-12.310324668884277,13.328348159790039,5.1118621826171875,1.1155990362167358,-6.648853302001953
1159,56.0,2,2,0.13264502584934235,1,2,2,0.12700171768665314,-6.038272857666016,-16.52034568786621,15.180474281311035,-5.757497787475586,-4.693358898162842,7.841005325317383
1160,56.0,2,2,0.13526120781898499,1,2,2,0.1330161839723587,-4.8168721199035645,-10.418577194213867,11.641420364379883,-3.576395273208618,-3.005342483520508,5.181953430175781
1161,12.0,2,0,0.06108652427792549,1,2,0,0.0883256122469902,-11.729393005371094,-12.289628028869629,17.861337661743164,10.980138778686523,4.946455955505371,-16.3359375
1162,22.0,2,1,-0.16211888194084167,1,2,1,-0.16275715827941895,-5.4635539054870605,-2.330381155014038,5.90326452255249,-1.0412348508834839,-0.4354727566242218,-1.105621099472046
1163,27.0,2,0,-0.11170107126235962,1,2,1,-0.08940783888101578,-7.045197486877441,-4.209591388702393,9.072452545166016,4.1393046379089355,4.160982131958008,-8.409244537353516
1164,22.0,2,1,-0.16144295036792755,1,2,0,-0.1605537384748459,-6.04071569442749,-3.203327178955078,6.99871301651001,1.8380869626998901,-0.4207848608493805,-3.3186514377593994
1165,2.0,0,1,0.02617993950843811,1,0,0,0.000662301667034626,8.828658103942871,-7.926878452301025,-5.136661529541016,3.706362009048462,2.8347396850585938,-6.501904010772705
1166,2.0,0,2,-0.02617993950843811,1,0,2,-0.03610646352171898,7.308487892150879,-8.375455856323242,-0.47095707058906555,-6.662292957305908,0.18801410496234894,5.085010528564453
1167,2.0,2,0,-0.0825878232717514,1,2,0,-0.08359500020742416,-4.346331596374512,-8.12277603149414,9.779179573059082,5.891872406005859,3.3604683876037598,-9.028559684753418
1168,54.0,2,0,0.1178097277879715,1,2,0,0.12512633204460144,-5.87147855758667,-1.5370231866836548,5.462973594665527,10.088545799255371,-1.8013657331466675,-11.943228721618652
1169,2.0,2,1,0.06108652427792549,1,2,0,0.05262858793139458,-3.0237326622009277,-10.437958717346191,6.1946306228637695,0.5954941511154175,-0.9449264407157898,0.31469082832336426
1170,12.0,2,0,0.16580627858638763,1,2,1,0.15920530259609222,-6.999145030975342,-0.7531586289405823,4.378347873687744,-1.9836373329162598,2.3159244060516357,-2.3092703819274902
1171,12.0,2,0,-0.04363323003053665,1,2,2,-0.039701465517282486,-3.577622413635254,-7.108526229858398,7.772015571594238,-3.335418462753296,0.4702129364013672,2.646730661392212
1172,3.0,0,1,0.02617993950843811,1,0,2,0.022576842457056046,10.241593360900879,-10.989368438720703,-4.772989273071289,-14.688529014587402,3.9134016036987305,6.491299152374268
1173,54.0,2,0,0.11519172787666321,1,2,2,0.10943518579006195,-5.950601577758789,-4.2212815284729,8.167853355407715,-1.5512601137161255,-1.0440185070037842,1.7665899991989136
1174,3.0,2,1,0.11344639956951141,1,2,1,0.09691967070102692,-8.72201156616211,-6.2804155349731445,10.650699615478516,-6.489729881286621,6.498732566833496,-1.7249605655670166
1175,3.0,2,1,-0.04363323003053665,1,2,1,-0.03734656795859337,-4.073854446411133,-7.857412815093994,6.635708808898926,-5.486236572265625,3.1773509979248047,0.904092013835907
1176,60.0,2,1,0.16755160689353943,1,2,2,0.14108869433403015,-7.680631637573242,-7.881525993347168,10.867704391479492,-6.568811893463135,-2.5420618057250977,6.228376865386963
1177,12.0,2,2,0.13292911648750305,1,2,2,0.134914368391037,-4.625107288360596,-3.9627127647399902,6.819080352783203,-2.082289934158325,0.0725528746843338,1.131747841835022
1178,9.0,2,1,0.12685169279575348,1,2,1,0.11448423564434052,-1.6944788694381714,-6.200522422790527,6.3618927001953125,-3.529353380203247,5.849579334259033,-4.567616939544678
1179,33.0,2,1,-0.0593411959707737,1,2,1,-0.0807214304804802,-6.055217742919922,-5.9670538902282715,10.006959915161133,-1.9450827836990356,2.6758320331573486,-1.423189640045166
1180,2.0,2,2,-0.13089969754219055,1,2,2,-0.13603411614894867,-6.972631454467773,-3.269033670425415,7.827476978302002,-7.018229007720947,-3.890260696411133,8.980637550354004
1181,22.0,2,1,-0.16667895019054413,1,2,2,-0.1717803031206131,-5.345536231994629,-2.827552318572998,6.022422790527344,-5.833488464355469,0.1771194189786911,2.575782537460327
1182,12.0,2,0,-0.04363323003053665,1,2,2,-0.04920737445354462,0.1179112046957016,-9.918905258178711,6.934781074523926,-4.113699913024902,-0.16043917834758759,3.238560914993286
1183,54.0,2,1,0.11627460271120071,1,2,2,0.11297164857387543,-2.4725754261016846,-6.772159576416016,6.45107364654541,0.1666489839553833,-0.6500676274299622,1.2146973609924316
1184,9.0,2,2,-0.1483529806137085,1,2,0,-0.14474515616893768,-7.669291973114014,-7.010031700134277,12.015935897827148,6.000582218170166,0.4483744502067566,-6.031160831451416
1185,40.0,0,1,-0.004363323096185923,1,0,1,0.003630545921623707,10.093507766723633,-5.287017822265625,-6.296811580657959,-6.419262886047363,4.348510265350342,-0.2736091911792755
1186,12.0,2,2,-0.13089969754219055,1,2,2,-0.12018097937107086,-3.972263813018799,-2.8053362369537354,5.077386379241943,-6.180904388427734,-1.3217130899429321,4.895976543426514
1187,33.0,2,0,-0.0593411959707737,1,2,1,-0.07890057563781738,-6.871746063232422,-5.5484299659729,10.415329933166504,-0.8088905215263367,1.6171355247497559,-1.6436715126037598
1188,12.0,2,1,-0.16580627858638763,1,2,0,-0.15033061802387238,-5.700504302978516,-6.640185832977295,9.056523323059082,2.5350778102874756,0.42857545614242554,-2.1391260623931885
1189,41.0,0,2,0.010471975430846214,1,0,2,0.011389200575649738,4.53879976272583,-2.878779888153076,-2.4082517623901367,-0.33568891882896423,-1.4150304794311523,0.27617985010147095
1190,41.0,0,1,0.010471975430846214,1,0,2,0.011389200575649738,4.53879976272583,-2.878779888153076,-2.4082517623901367,-0.33568891882896423,-1.4150304794311523,0.27617985010147095
1191,40.0,0,0,-0.004363323096185923,1,0,0,-0.002949724905192852,13.001956939697266,-3.3821780681610107,-9.425000190734863,4.039176940917969,1.1173120737075806,-8.292662620544434
1192,2.0,2,0,-0.07853981852531433,1,2,0,-0.06478376686573029,-4.225266933441162,-6.267592906951904,8.371342658996582,4.421077251434326,2.6577038764953613,-6.949463367462158
1193,3.0,2,1,-0.1483529806137085,1,2,1,-0.18857116997241974,-9.285977363586426,-3.556527614593506,7.826961994171143,-0.4461234211921692,3.3779399394989014,-3.3768978118896484
1194,3.0,2,2,-0.1483529806137085,1,2,0,-0.17208431661128998,-9.552183151245117,-4.666461944580078,8.278517723083496,3.7117459774017334,-1.992248296737671,-2.5360705852508545
1195,12.0,0,1,-0.02617993950843811,1,2,0,-0.03092310205101967,0.9174487590789795,-8.02340030670166,2.183626413345337,0.3905683755874634,0.24183960258960724,-1.5323528051376343
1196,66.0,2,0,-0.13089969754219055,1,2,0,-0.12931548058986664,-5.520659446716309,-6.474290370941162,9.310150146484375,4.139565467834473,-0.06961192190647125,-3.9364964962005615
1197,54.0,1,1,0.10908307880163193,0,1,1,0.14207373559474945,-9.49128246307373,10.476184844970703,-4.033133506774902,-10.408069610595703,15.112496376037598,-7.987255573272705
1198,12.0,1,2,0.09599310904741287,0,2,2,0.19859936833381653,-11.574189186096191,-0.6856794953346252,7.576844692230225,-1.724501371383667,-1.2636454105377197,-0.08535999804735184
1199,2.0,2,1,0.1483529806137085,1,2,2,0.10577528178691864,-6.7024407386779785,-16.0742244720459,13.576147079467773,-13.855950355529785,5.7845001220703125,6.185499668121338
1200,9.0,2,2,0.06108652427792549,1,2,1,0.049925532191991806,-6.057640075683594,-8.289529800415039,10.337711334228516,0.23422926664352417,3.3391189575195312,-4.819360733032227
1201,2.0,2,1,-0.09599310904741287,1,2,2,-0.0813579112291336,-5.321659564971924,-5.225510120391846,7.992311954498291,-2.543243885040283,0.39169690012931824,1.3898952007293701
1202,85.0,2,1,0.036651913076639175,1,0,1,0.0412808321416378,2.1810057163238525,-3.5995168685913086,0.5054630041122437,-3.7454512119293213,4.171621322631836,-3.329678773880005
1203,3.0,2,1,-0.04363323003053665,1,2,0,-0.05127079412341118,-4.265044212341309,-9.36975383758545,8.587838172912598,2.921558141708374,0.907494843006134,-4.5952348709106445
1204,22.0,2,2,-0.16144295036792755,1,2,2,-0.15876875817775726,-5.792900085449219,-3.956838846206665,7.062989711761475,-4.565131187438965,0.8201774954795837,1.8081315755844116
1205,3.0,2,1,-0.07853981852531433,1,2,0,-0.08115270733833313,-4.426857948303223,-8.496370315551758,9.896848678588867,2.511693239212036,-0.8094896674156189,-2.9639527797698975
1206,41.0,0,1,0.013089969754219055,1,0,2,0.011864800937473774,4.412774085998535,-2.7354249954223633,-2.4147191047668457,-0.44359156489372253,-1.300096035003662,0.30067628622055054
1207,60.0,2,2,0.16755160689353943,1,2,2,0.14142072200775146,-5.887969017028809,-11.98524284362793,12.866534233093262,-10.132376670837402,-0.9066563248634338,8.18443775177002
1208,38.0,0,0,-0.024434609338641167,1,0,2,-0.01583346724510193,1.9217472076416016,-5.055429935455322,1.2358067035675049,-6.2188849449157715,-1.2913703918457031,4.799209117889404
1209,2.0,2,2,0.09599310904741287,1,2,1,0.09576859325170517,-5.944460868835449,-6.098076343536377,4.369877815246582,-4.3731513023376465,2.567248582839966,2.043626546859741
1210,3.0,2,1,-0.1483529806137085,1,2,1,-0.1860814392566681,-9.310980796813965,-3.0701100826263428,7.698096752166748,1.0495707988739014,3.363823652267456,-5.032498836517334
1211,33.0,2,1,-0.05672319978475571,1,2,2,-0.06006559357047081,-3.660430431365967,-8.213896751403809,8.771265983581543,-8.078235626220703,1.2538570165634155,3.886117696762085
1212,54.0,2,1,0.11257373541593552,1,2,0,0.10836398601531982,-8.140934944152832,-5.252379417419434,10.662774085998535,3.057559013366699,1.644413709640503,-4.679310321807861
1213,2.0,0,1,-0.02617993950843811,1,0,1,-0.018637236207723618,8.942458152770996,-10.141922950744629,-0.8849400877952576,-1.2661532163619995,0.203382208943367,-0.07490990310907364
1214,2.0,2,1,0.09599310904741287,1,2,1,0.09304751455783844,-5.576380729675293,-6.3284010887146,4.458898544311523,-4.283234596252441,3.641864538192749,0.5640867352485657
1215,27.0,2,1,-0.10908307880163193,1,2,1,-0.10352318733930588,-5.348107814788818,-6.55900764465332,8.643045425415039,0.1492002010345459,2.711167335510254,-3.6416232585906982
1216,9.0,2,1,-0.09599310904741287,1,2,0,-0.08755916357040405,-4.031234264373779,-8.199346542358398,9.612844467163086,5.851465225219727,3.634190797805786,-9.31180191040039
1217,9.0,2,2,-0.15740680694580078,1,2,2,-0.15747053921222687,-5.837486267089844,-2.864011764526367,6.333730220794678,-1.341265082359314,-1.7313756942749023,0.6375813484191895
1218,60.0,1,1,0.16144295036792755,0,1,1,0.2616690993309021,-13.898070335388184,15.940251350402832,-4.0693440437316895,-15.812508583068848,12.571518898010254,1.2934105396270752
1219,2.0,2,1,-0.15240098536014557,1,2,1,-0.15070658922195435,-4.7314605712890625,-2.481440544128418,5.690704822540283,-1.8603217601776123,5.001643657684326,-4.462822437286377
1220,3.0,2,1,0.07853981852531433,1,2,2,0.07083314657211304,-6.88001012802124,-7.4931511878967285,10.253024101257324,-1.604252576828003,-2.8178558349609375,2.242194414138794
1221,2.0,2,1,0.06108652427792549,1,2,1,0.061426419764757156,-3.96804141998291,-9.016291618347168,5.471721172332764,-1.0936394929885864,1.3115835189819336,-0.416836678981781
1222,3.0,2,1,-0.03958522528409958,1,2,0,-0.038764629513025284,0.13692808151245117,-6.614848613739014,2.4398324489593506,3.4742372035980225,1.719460129737854,-6.403740406036377
1223,54.0,2,1,0.1178097277879715,1,2,2,0.1136593446135521,-5.7328362464904785,-4.338433742523193,8.0155029296875,-3.07458233833313,0.14758463203907013,2.1761367321014404
1224,2.0,2,1,0.1483529806137085,1,2,1,0.21066366136074066,-6.397728443145752,-11.39482593536377,11.022621154785156,-3.024582624435425,2.8596529960632324,0.159742534160614
1225,9.0,2,1,-0.04363323003053665,1,2,2,-0.023279815912246704,-1.0592225790023804,-7.059393882751465,3.025498628616333,-4.90031623840332,1.8879663944244385,2.6174023151397705
1226,2.0,2,0,0.04363323003053665,1,0,0,0.05412733182311058,3.3850314617156982,-9.540772438049316,0.5881666541099548,2.5260069370269775,1.0504943132400513,-4.051736831665039
1227,27.0,2,0,-0.10908307880163193,1,2,1,-0.10729289054870605,-8.998997688293457,-5.884354591369629,11.556089401245117,0.4447130560874939,2.097325563430786,-2.7501461505889893
1228,27.0,2,0,-0.10908307880163193,1,2,0,-0.10702654719352722,-7.265212535858154,-7.607971668243408,11.493965148925781,2.403738498687744,0.028269005939364433,-2.748696804046631
1229,9.0,0,1,0.02617993950843811,1,0,1,0.018616434186697006,7.040884017944336,-7.827324390411377,-0.8604276776313782,-2.0816056728363037,1.6437907218933105,-1.107463002204895
1230,22.0,2,0,-0.16144295036792755,1,2,0,-0.16250716149806976,-5.633596897125244,-2.5736565589904785,6.248550891876221,0.7876372337341309,-0.7075237035751343,-2.2993319034576416
1231,9.0,2,1,-0.09599310904741287,1,2,0,-0.12630392611026764,-6.918183326721191,-6.074903964996338,9.80146312713623,3.3264565467834473,0.3976132273674011,-4.843316078186035
1232,56.0,2,1,0.13526301085948944,1,2,0,0.1446753889322281,-7.7732696533203125,-0.4733695387840271,5.911881923675537,4.7458953857421875,2.0856165885925293,-9.366544723510742
1233,3.0,2,1,0.07853981852531433,1,2,0,0.05072697624564171,-3.3983147144317627,-9.185568809509277,9.497321128845215,5.056914806365967,-0.6987124681472778,-5.10073709487915
1234,3.0,0,2,-0.02617993950843811,1,0,0,-0.04403432831168175,2.478414297103882,-7.700144290924072,0.6204734444618225,3.3032243251800537,0.3324764370918274,-5.028119087219238
1235,27.0,1,1,-0.1178097277879715,0,1,1,-0.05067594721913338,-3.392746686935425,8.934770584106445,-5.683915615081787,-5.522323131561279,5.801285266876221,-3.4040238857269287
1236,9.0,2,2,0.04363323003053665,1,2,0,0.05437794700264931,-5.8093695640563965,-3.745474100112915,6.370034694671631,0.9318177700042725,-3.093581199645996,0.50100177526474
1237,43.0,0,2,0.030543262138962746,1,0,0,0.040153663605451584,6.393069744110107,-4.385329723358154,-2.7625253200531006,1.5664851665496826,-3.888939380645752,0.007386632263660431
1238,3.0,0,1,-0.008726646192371845,1,0,1,-0.016228485852479935,13.414098739624023,-7.3351922035217285,-6.862049579620361,-0.5705163478851318,4.618107795715332,-4.711637496948242
1239,43.0,0,0,0.030543262138962746,1,0,0,0.06584150344133377,6.765203952789307,-3.9924206733703613,-3.6003835201263428,10.809334754943848,-2.395374298095703,-14.886574745178223
1240,9.0,2,1,-0.09599310904741287,1,2,0,-0.09063275158405304,-6.865515232086182,-4.8746466636657715,9.778613090515137,4.8505859375,2.6921427249908447,-7.68241548538208
1241,41.0,0,1,0.004363323096185923,1,0,1,-0.0003143148496747017,5.755302429199219,-2.4924705028533936,-4.012540340423584,-2.2624640464782715,2.41125226020813,-2.6644580364227295
1242,66.0,2,0,-0.13491220772266388,1,2,0,-0.12907372415065765,-5.214502811431885,-6.579214096069336,8.947626113891602,2.710127592086792,1.7115039825439453,-3.9497900009155273
1243,56.0,2,0,0.13526301085948944,1,2,0,0.1271163523197174,-4.396615028381348,-1.9996474981307983,4.855020046234131,2.277207374572754,-0.0998028963804245,-2.1888933181762695
1244,60.0,2,1,0.17016960680484772,1,2,1,0.15995457768440247,-5.09982442855835,-3.2978689670562744,6.392707824707031,2.303713798522949,2.6866538524627686,-4.651562213897705
1245,12.0,2,2,0.07853981852531433,1,2,2,0.0781644806265831,-8.6392822265625,-4.316863059997559,10.627727508544922,-5.8955888748168945,2.0569674968719482,3.658643960952759
1246,56.0,2,2,0.13526301085948944,1,2,0,0.1375042349100113,-4.494781494140625,-6.618401527404785,7.3149895668029785,1.8511794805526733,-2.5779101848602295,0.42604896426200867
1247,2.0,2,1,0.07853981852531433,1,2,1,0.05016612634062767,-5.274881362915039,-7.603377819061279,4.341548442840576,-7.603808403015137,4.970159530639648,1.8924976587295532
1248,27.0,2,1,-0.11199460923671722,1,2,0,-0.10902880132198334,-7.60843563079834,-6.00037145614624,9.654640197753906,4.6229448318481445,2.2149741649627686,-8.379630088806152
1249,9.0,2,1,-0.06108652427792549,1,2,2,-0.06638306379318237,-0.2265438586473465,-4.815711975097656,1.9121688604354858,0.15964660048484802,0.285552442073822,0.870423436164856
1250,12.0,2,0,0.16580627858638763,1,2,0,0.15123571455478668,-4.055970191955566,-1.0009177923202515,3.466414451599121,1.027794599533081,-0.052466586232185364,-0.06973173469305038
1251,9.0,2,0,0.1483529806137085,1,1,0,0.20328916609287262,-7.206328868865967,4.403409004211426,0.9013169407844543,6.857802391052246,-3.454056978225708,-6.050651550292969
1252,54.0,2,0,0.1178097277879715,1,2,0,0.09927385300397873,-4.932617664337158,-3.40769100189209,7.094654083251953,2.347761631011963,-1.881738305091858,-0.8089436888694763
1253,12.0,0,2,0.008726646192371845,1,0,2,-0.006123780272901058,14.931920051574707,-7.706064701080322,-8.261893272399902,-6.77048397064209,1.6667182445526123,3.2617223262786865
1254,12.0,2,1,-0.1483529806137085,1,2,0,-0.14140324294567108,-4.020477771759033,-2.111027479171753,4.733784198760986,0.795357346534729,-3.3474817276000977,0.4528712332248688
1255,66.0,2,1,-0.12740904092788696,1,2,1,-0.12542866170406342,-5.4023356437683105,-6.955068111419678,9.314153671264648,2.2229092121124268,2.314096450805664,-4.135879039764404
1256,3.0,2,0,0.06108652427792549,1,2,0,0.056084707379341125,-5.924539566040039,-1.8838179111480713,5.7621612548828125,2.718672037124634,-0.0945272296667099,-3.6773629188537598
1257,33.0,2,0,-0.05672319978475571,1,2,0,-0.05241525545716286,-0.7720158100128174,-7.4972243309021,5.118009090423584,5.406010627746582,-0.5171177983283997,-7.335322380065918
1258,12.0,2,0,-0.07853981852531433,1,2,1,-0.07871724665164948,-6.56499719619751,-6.378475666046143,7.7226881980896,-0.6064339876174927,2.143749952316284,-1.1797713041305542
1259,2.0,2,0,-0.09599310904741287,1,2,0,-0.11545445024967194,-3.7627904415130615,-9.5261869430542,9.532485961914062,4.066397666931152,0.4135826826095581,-4.066873550415039
1260,9.0,2,1,-0.06108652427792549,1,2,1,-0.05322779342532158,-1.4400392770767212,-4.522872447967529,2.5484042167663574,0.5521336793899536,0.5694279074668884,0.19815009832382202
1261,9.0,2,0,0.1483529806137085,1,2,0,0.16304002702236176,-2.6510064601898193,-7.256521224975586,7.140077590942383,5.066415786743164,-4.659261226654053,-0.27814775705337524
1262,2.0,2,2,0.07853981852531433,1,2,1,0.05921938642859459,-5.6682305335998535,-7.1269965171813965,4.471252918243408,-6.067386627197266,4.722408771514893,0.934013307094574
1263,3.0,2,1,-0.1483529806137085,1,2,1,-0.18606002628803253,-9.319531440734863,-3.0893073081970215,7.713013648986816,1.0590962171554565,3.343906879425049,-5.017819881439209
1264,12.0,2,0,-0.04363323003053665,1,2,2,-0.04903850331902504,0.7924445867538452,-9.644820213317871,6.186964511871338,-5.050180435180664,0.07666982710361481,3.9517898559570312
1265,3.0,2,0,0.06108652427792549,1,2,2,0.05224592611193657,-4.522504806518555,-3.8732306957244873,6.8586602210998535,0.36212459206581116,-0.9082725644111633,0.6589527726173401
1266,85.0,2,1,0.039620719850063324,1,2,1,0.04560298100113869,-4.554263591766357,-1.6101491451263428,4.492681980133057,-3.929840326309204,5.864845275878906,-3.488746404647827
1267,3.0,0,0,0.025280753150582314,1,0,0,0.027759823948144913,2.245215654373169,-4.438628673553467,0.5885376334190369,2.897871255874634,0.36790749430656433,-5.387369155883789
1268,2.0,0,0,0.008726646192371845,1,0,2,-0.00850363727658987,12.680023193359375,-7.199242115020752,-6.9075236320495605,-9.669562339782715,3.274829387664795,3.914966583251953
1269,12.0,2,2,0.13089969754219055,1,2,0,0.10796588659286499,-4.911008834838867,-6.085007190704346,8.45529842376709,0.7503858804702759,-0.4234549403190613,-1.0141897201538086
1270,2.0,0,1,-0.02617993950843811,1,0,2,-0.029212985187768936,10.024645805358887,-5.481400012969971,-6.547484874725342,-10.048336029052734,3.0880401134490967,5.019266128540039
1271,2.0,2,2,-0.13089969754219055,1,2,2,-0.14999227225780487,-6.759627342224121,-3.8202638626098633,8.386805534362793,-1.5953786373138428,-2.663637161254883,3.405917167663574
1272,60.0,2,2,0.16755160689353943,1,2,2,0.14018943905830383,-9.851264953613281,0.9989082217216492,5.25487756729126,-4.564595699310303,0.7565375566482544,0.8084246516227722
1273,2.0,2,1,0.06108652427792549,1,2,1,0.05636753514409065,-4.384762763977051,-9.28076457977295,5.755978584289551,-2.0016300678253174,1.133378505706787,0.649559497833252
1274,2.0,2,0,-0.09599310904741287,1,2,0,-0.1214262843132019,-4.924868106842041,-5.884378433227539,8.371198654174805,4.087878227233887,-0.35654139518737793,-3.611403703689575
1275,12.0,2,1,-0.06108652427792549,1,2,2,-0.08016743510961533,-5.695844650268555,-7.1779351234436035,10.066811561584473,-1.064356803894043,-3.411667823791504,2.922390937805176
1276,40.0,0,2,-0.006981316953897476,1,0,1,-0.014328951947391033,13.282732009887695,-4.643703937530518,-8.948369026184082,-4.733630180358887,3.2437515258789062,2.3962905406951904
1277,3.0,2,1,-0.06108652427792549,1,2,2,-0.07492898404598236,-5.274877071380615,-4.8929595947265625,7.697993755340576,-5.742493629455566,-0.11248950660228729,5.73070764541626
1278,3.0,2,1,0.09137091785669327,1,2,1,0.0905015766620636,-3.8818869590759277,-9.33277702331543,9.034770011901855,1.6785446405410767,2.9823575019836426,-5.761058330535889
1279,56.0,2,1,0.12653636932373047,1,2,1,0.11549687385559082,-2.0401217937469482,-6.565938472747803,6.659732818603516,-1.7741615772247314,3.1595659255981445,-2.946993589401245
1280,9.0,2,1,0.14815697073936462,1,2,1,0.13343220949172974,-2.6950647830963135,-5.401882648468018,6.432319164276123,-1.55863356590271,3.506801128387451,-3.829691171646118
1281,56.0,2,2,0.13264502584934235,1,2,2,0.1181848794221878,-4.8810343742370605,-3.863283634185791,6.9925336837768555,-4.066507339477539,-1.221634864807129,3.837045669555664
1282,3.0,1,2,-0.11344639956951141,0,2,1,-0.07886724919080734,-1.8670103549957275,-4.8606672286987305,4.961026191711426,-3.008237838745117,5.8452677726745605,-3.348314046859741
1283,85.0,2,1,0.036847587674856186,1,0,1,0.04026571288704872,2.378688097000122,-3.595280170440674,0.31572750210762024,-3.9046270847320557,4.163661003112793,-3.15712571144104
1284,2.0,2,1,-0.11344639956951141,1,2,1,-0.12036840617656708,-5.400572776794434,-2.0096962451934814,5.278076648712158,-2.959630250930786,2.7554779052734375,-2.0638644695281982
1285,9.0,2,1,0.13089969754219055,1,2,1,0.12281158566474915,-1.7347630262374878,-6.4620361328125,6.519918918609619,-2.6096231937408447,5.733487129211426,-5.178372859954834
1286,60.0,2,2,0.16144295036792755,1,2,2,0.15227939188480377,-2.612264633178711,-4.765646934509277,5.3217549324035645,-4.260321140289307,0.2361602932214737,2.8630564212799072
1287,54.0,1,1,0.10908307880163193,0,1,1,0.2122850865125656,-10.033406257629395,12.979177474975586,-4.492211818695068,-9.641703605651855,11.54158878326416,-4.829017162322998
1288,85.0,2,1,0.04712389037013054,1,2,1,0.04717478156089783,-1.1954911947250366,-4.659468650817871,4.296189785003662,-3.33796763420105,4.358854293823242,-3.6362388134002686
1289,22.0,2,1,-0.16144295036792755,1,2,2,-0.15922637283802032,-5.859100818634033,-3.8526153564453125,7.047417640686035,-3.8957643508911133,0.8226667046546936,1.1193969249725342
1290,12.0,2,0,-0.07853981852531433,1,2,0,-0.08944923430681229,-7.367379188537598,-6.752273082733154,9.545838356018066,2.6219027042388916,1.6217355728149414,-2.6108667850494385
1291,43.0,0,1,0.025307273492217064,1,0,1,0.03885672241449356,11.442487716674805,-8.68518352508545,-4.684489727020264,2.0248119831085205,2.369673728942871,-7.037008285522461
1292,12.0,2,2,0.13089969754219055,1,2,2,0.12929117679595947,-5.147773265838623,-4.706362247467041,7.8033246994018555,-2.6108858585357666,-0.46515482664108276,2.1665501594543457
1293,12.0,2,2,0.07853981852531433,1,2,2,0.07668542861938477,-1.8567936420440674,-6.679506778717041,6.648612022399902,-4.88067626953125,1.1353503465652466,3.1451363563537598
1294,12.0,2,1,0.09599310904741287,1,2,2,0.09095305949449539,-6.244421005249023,-7.1753411293029785,9.643257141113281,-1.7531592845916748,0.17176119983196259,1.801076889038086
1295,12.0,0,2,0.008726646192371845,1,0,1,0.009173081256449223,13.629093170166016,-6.576135158538818,-7.600954532623291,-3.543217420578003,3.3626298904418945,-1.0085833072662354
1296,2.0,2,0,0.04363323003053665,1,2,0,0.05158815160393715,-2.736203908920288,-10.651217460632324,6.402219772338867,0.8681761026382446,-1.188278079032898,0.18457230925559998
1297,3.0,2,1,-0.09599310904741287,1,2,2,-0.09324250370264053,-4.656160354614258,-14.306137084960938,11.189552307128906,0.11664514988660812,-0.5764334797859192,0.5683161616325378
1298,9.0,2,2,0.06108652427792549,1,2,1,0.05225929617881775,-4.762343883514404,-7.05138635635376,8.230367660522461,-0.415766179561615,3.395245313644409,-4.390174388885498
1299,41.0,0,1,0.011554849334061146,1,0,2,0.011389200575649738,4.53879976272583,-2.878779888153076,-2.4082517623901367,-0.33568891882896423,-1.4150304794311523,0.27617985010147095
1300,41.0,0,2,0.013088161125779152,1,0,2,0.001599879004061222,4.3466291427612305,-4.054964065551758,-1.6550575494766235,-5.781227111816406,-3.9296345710754395,5.759757041931152
1301,12.0,0,2,0.008726646192371845,1,0,1,-0.006078016944229603,10.759062767028809,-6.8351569175720215,-4.566493511199951,-2.2529163360595703,2.1913137435913086,-1.6960091590881348
1302,3.0,2,0,0.13089969754219055,1,2,0,0.13297340273857117,-4.414644718170166,-8.445554733276367,9.141317367553711,3.8087334632873535,1.3519328832626343,-5.563462734222412
1303,22.0,2,1,-0.16144295036792755,1,2,1,-0.16233867406845093,-5.470973014831543,-2.3444008827209473,5.91991662979126,-0.7790906429290771,-0.4718945026397705,-1.2854845523834229
1304,9.0,2,0,0.09599310904741287,1,2,0,0.09383484721183777,-7.988576412200928,-6.974173545837402,11.459895133972168,3.2387783527374268,-0.08428512513637543,-3.056001663208008
1305,2.0,2,2,0.09599310904741287,1,2,1,0.09154116362333298,-5.584874153137207,-6.377223014831543,4.528892517089844,-4.032940864562988,3.1654293537139893,0.884397566318512
1306,9.0,2,1,0.07853981852531433,1,0,0,0.010878411121666431,7.552608013153076,-11.864608764648438,-2.2166860103607178,3.699526071548462,-0.7075271010398865,-4.052032470703125
1307,2.0,2,2,0.09599310904741287,1,2,2,0.0895182341337204,-6.433879375457764,-4.886396884918213,3.318026542663574,-5.513329029083252,2.7305710315704346,3.237865447998047
1308,12.0,0,1,0.008726646192371845,1,0,1,0.0035340571776032448,10.197138786315918,-8.023065567016602,-3.469228982925415,-0.4270018935203552,3.4139769077301025,-3.8749585151672363
1309,3.0,0,2,-0.02617993950843811,1,0,2,-0.03460731729865074,8.800293922424316,-5.624247074127197,-4.946060657501221,-9.082940101623535,3.48868727684021,3.513394594192505
1310,2.0,2,1,0.10822875052690506,1,2,1,0.09094691276550293,-6.512415885925293,-7.0435709953308105,5.362792015075684,-4.621277332305908,2.4976093769073486,2.0871448516845703
1311,27.0,2,0,-0.10908307880163193,1,2,0,-0.11293070018291473,-7.239611625671387,-5.73691987991333,9.807193756103516,4.271296501159668,-2.02974271774292,-2.616095781326294
1312,3.0,2,1,-0.04363323003053665,1,2,1,-0.030486270785331726,-3.429344892501831,-11.074806213378906,8.354626655578613,-3.6991794109344482,2.4770476818084717,-0.28001368045806885
1313,22.0,2,1,-0.16144295036792755,1,2,0,-0.1599673181772232,-6.071552276611328,-3.263485908508301,7.012584209442139,1.2211650609970093,-0.3123176693916321,-2.8824236392974854
1314,3.0,0,1,-0.008726646192371845,1,0,1,-0.015672359615564346,16.222997665405273,-5.336234092712402,-10.770362854003906,1.8649343252182007,5.810310363769531,-9.28007984161377
1315,2.0,2,1,-0.11344639956951141,1,2,1,-0.11777283251285553,-5.158912181854248,-1.2979427576065063,4.6318359375,-2.5076582431793213,2.495772361755371,-2.380556106567383
1316,2.0,2,1,0.1483529806137085,1,2,1,0.144807368516922,-2.7386927604675293,-5.913887023925781,4.246658802032471,-2.79669451713562,1.8388698101043701,1.449460744857788
1317,12.0,2,2,0.07853981852531433,1,2,2,0.09074705839157104,-7.785550117492676,-3.816296100616455,9.166305541992188,-3.820624589920044,1.3605828285217285,2.3508031368255615
1318,43.0,0,0,0.027925267815589905,1,2,1,0.03437638655304909,1.3789551258087158,-9.036401748657227,3.3022823333740234,-3.750361680984497,3.782763719558716,-0.27577096223831177
1319,22.0,2,1,-0.16144295036792755,1,2,1,-0.16232159733772278,-5.482324600219727,-2.355776786804199,5.9383392333984375,-0.636872410774231,-0.49790048599243164,-1.379630446434021
1320,3.0,2,2,-0.09599310904741287,1,2,0,-0.10712683200836182,-7.176636695861816,-8.102004051208496,8.90101146697998,1.1714563369750977,-2.2970242500305176,0.8204675316810608
1321,2.0,0,1,-0.008726646192371845,1,0,2,-0.027717802673578262,14.725597381591797,-7.6882829666137695,-8.340099334716797,-9.613823890686035,2.411842107772827,4.981932640075684
1322,41.0,0,1,0.013089969754219055,1,0,2,0.014065819792449474,3.832052707672119,-2.147548198699951,-2.404409646987915,-1.0453174114227295,-0.8102015852928162,0.45311981439590454
1323,9.0,2,1,0.07853981852531433,1,2,2,0.08639790862798691,-2.8382599353790283,-5.087021827697754,2.6424686908721924,-0.13342350721359253,-1.9143736362457275,-0.050032131373882294
1324,9.0,2,1,-0.09599310904741287,1,2,0,-0.10576356947422028,-8.13926887512207,-5.447902679443359,11.03673267364502,3.7970778942108154,1.906827449798584,-6.020345211029053
1325,12.0,0,1,-0.02617993950843811,1,2,0,-0.026806000620126724,0.8311150074005127,-8.536184310913086,2.4515955448150635,0.9722706079483032,-0.15514205396175385,-1.4563106298446655
1326,54.0,2,1,0.1178097277879715,1,2,0,0.13060249388217926,-3.7523677349090576,-7.622507572174072,8.417610168457031,7.140535354614258,2.4182076454162598,-10.004130363464355
1327,2.0,0,1,0.008726646192371845,1,0,0,0.054131414741277695,7.920269966125488,-4.032995223999023,-7.841155529022217,6.653944492340088,6.046195983886719,-10.855733871459961
1328,12.0,2,1,-0.13089969754219055,1,2,1,-0.12355293333530426,-5.961994171142578,-2.8271780014038086,6.791834831237793,-3.2336783409118652,1.5617009401321411,0.30637261271476746
1329,9.0,0,2,-0.02617993950843811,1,0,2,-0.034254077821969986,6.576586723327637,-7.406401634216309,-0.3366077244281769,-4.178888320922852,1.99932861328125,3.1654858589172363
1330,33.0,2,0,-0.05672319978475571,1,2,0,-0.054747577756643295,-3.2288196086883545,-6.7789692878723145,6.884064674377441,4.012681484222412,-3.4971024990081787,-1.7654869556427002
1331,38.0,0,1,-0.021816615015268326,1,0,1,-0.027032949030399323,8.641298294067383,-4.333733558654785,-5.650893688201904,-1.3590717315673828,1.8985756635665894,-3.032766580581665
1332,3.0,2,2,0.09599310904741287,1,2,2,0.09276130050420761,-5.506065845489502,-2.799187183380127,6.658878326416016,-4.476186275482178,2.1406173706054688,2.410217761993408
1333,66.0,2,0,-0.12391837686300278,1,2,0,-0.10039980709552765,-3.366150379180908,-1.6916948556900024,3.876235246658325,5.769773960113525,-3.3049941062927246,-4.242455959320068
1334,22.0,2,1,-0.16667895019054413,1,2,2,-0.16692888736724854,-5.19010591506958,-1.880626916885376,5.276917934417725,-5.105949878692627,-0.0006913114339113235,1.7870643138885498
1335,38.0,0,0,-0.024434609338641167,1,0,2,-0.008193152956664562,4.192338943481445,-4.863423824310303,-0.8284539580345154,-4.954573631286621,-1.8541924953460693,3.0366313457489014
1336,9.0,2,2,-0.1483529806137085,1,2,0,-0.13953155279159546,-8.624260902404785,-10.783411979675293,14.060707092285156,1.5817937850952148,-1.9270353317260742,-0.24747279286384583
1337,3.0,2,1,0.16580627858638763,1,2,1,0.08772821724414825,-3.4243650436401367,-4.521644592285156,6.268369674682617,-3.8562536239624023,2.827446222305298,-0.7133703231811523
1338,2.0,2,1,0.16580627858638763,1,2,1,0.14907105267047882,-4.86646032333374,-4.7825469970703125,4.477372169494629,1.5790256261825562,1.7638421058654785,-2.2856414318084717
1339,3.0,0,1,-0.008726646192371845,1,0,1,-0.01809237152338028,14.084755897521973,-7.052937030792236,-7.766791820526123,0.7544847726821899,5.875715255737305,-7.212658882141113
1340,22.0,2,1,-0.16406095027923584,1,2,1,-0.17567314207553864,-6.737189292907715,-3.5113282203674316,8.029474258422852,-2.421894073486328,4.034861087799072,-2.5289697647094727
1341,12.0,2,2,0.09599310904741287,1,2,1,0.115870401263237,-4.1436944007873535,-8.069299697875977,8.652156829833984,-4.045519828796387,2.401625156402588,1.1482608318328857
1342,12.0,0,1,0.008726646192371845,1,0,1,-0.010506530292332172,7.725974082946777,-8.198869705200195,-1.0461764335632324,-0.0048774853348731995,2.5326342582702637,-3.894390821456909
1343,2.0,0,1,0.02617993950843811,1,0,0,0.016136612743139267,9.234894752502441,-9.005450248718262,-4.949513912200928,3.3554036617279053,2.387601613998413,-6.060848712921143
1344,3.0,0,2,-0.02617993950843811,1,0,0,-0.03290614113211632,2.1862008571624756,-8.20283031463623,1.1976616382598877,1.5039252042770386,-0.3274436593055725,-2.070843458175659
1345,41.0,0,1,0.004363323096185923,1,0,1,0.003940978087484837,6.181295394897461,-2.7163186073303223,-4.220503330230713,-3.2566893100738525,4.309416770935059,-3.768480062484741
1346,3.0,2,1,0.13089969754219055,1,2,0,0.1322772353887558,-5.616057395935059,-7.142756938934326,9.403199195861816,0.5405367016792297,-0.6681709885597229,-0.8019168972969055
1347,9.0,2,1,-0.1483529806137085,1,2,0,-0.13788606226444244,-7.689783096313477,-11.213014602661133,14.427691459655762,1.4386669397354126,-3.7855703830718994,-0.20307078957557678
1348,85.0,2,1,0.04363323003053665,1,2,1,0.04231410473585129,-2.226383686065674,-5.574188709259033,5.9869608879089355,-5.7046685218811035,5.284404754638672,-1.5883429050445557
1349,2.0,2,1,0.16580627858638763,1,2,1,0.18249200284481049,-3.1498827934265137,-5.54577112197876,2.542235851287842,-1.8066617250442505,3.237596035003662,0.09541863948106766
1350,12.0,2,0,-0.07853981852531433,1,2,2,-0.08744970709085464,-6.927105903625488,-9.386475563049316,10.521416664123535,-0.564812958240509,0.7076902985572815,0.8925784230232239
1351,33.0,1,1,-0.06544984877109528,0,1,1,0.019672494381666183,-9.4300537109375,8.640046119689941,-0.39100971817970276,-6.857967853546143,6.64179801940918,-2.9714317321777344
1352,38.0,0,0,-0.024434609338641167,1,0,1,-0.03804171457886696,5.101579666137695,-11.052385330200195,1.5682190656661987,-7.483503341674805,4.857443332672119,0.14635461568832397
1353,22.0,2,2,-0.16406095027923584,1,2,2,-0.16081781685352325,-4.944198131561279,-1.6941779851913452,4.8870110511779785,-6.323536396026611,0.4198645353317261,2.4653985500335693
1354,3.0,2,1,-0.14189369976520538,1,2,1,-0.17026418447494507,-6.7523345947265625,-11.2898530960083,9.992547035217285,-0.6283161640167236,1.2904127836227417,-0.7747969627380371
1355,3.0,2,1,0.04363323003053665,1,2,1,0.04227492958307266,-1.6124885082244873,-5.874805450439453,6.133195400238037,1.909745216369629,2.7620577812194824,-5.375805377960205
1356,43.0,0,0,0.027925267815589905,1,0,0,0.03799031302332878,9.616799354553223,-6.020486354827881,-7.496507167816162,4.668704032897949,1.3075220584869385,-6.986820697784424
1357,54.0,1,1,0.10908307880163193,0,1,1,0.19667312502861023,-12.868246078491211,16.992952346801758,-5.942931175231934,-11.554287910461426,14.423615455627441,-6.691958427429199
1358,9.0,2,1,0.09599310904741287,1,2,0,0.07966583222150803,-6.905714511871338,-9.23569107055664,11.949190139770508,4.995171546936035,1.0727782249450684,-7.803292274475098
1359,66.0,2,0,-0.13089969754219055,1,2,0,-0.12758801877498627,-5.241008758544922,-6.688135623931885,9.042500495910645,2.606318712234497,1.7981877326965332,-3.9453675746917725
1360,33.0,2,0,-0.0593411959707737,1,2,0,-0.05407712236046791,-1.3438175916671753,-15.498695373535156,11.692954063415527,9.054070472717285,-1.7330124378204346,-8.393427848815918
1361,12.0,2,0,0.04363323003053665,1,2,0,0.05442936718463898,-0.14135940372943878,-11.708436012268066,7.89463996887207,3.8374369144439697,-0.2721478343009949,-3.867614269256592
1362,2.0,2,1,0.09599310904741287,1,2,1,0.09343613684177399,-5.572764873504639,-6.32002067565918,4.447021961212158,-4.314150333404541,3.711524486541748,0.5070145726203918
1363,9.0,2,2,0.06108652427792549,1,2,1,0.045559659600257874,-4.847654342651367,-6.415800094604492,8.155940055847168,-0.8817025423049927,3.2775826454162598,-4.349948406219482
1364,33.0,2,1,-0.05672319978475571,1,2,2,-0.07085862010717392,-8.20956039428711,-2.9029903411865234,8.098921775817871,-0.671601414680481,-4.513649940490723,3.8171355724334717
1365,12.0,2,0,0.16580627858638763,1,2,1,0.1620020717382431,-6.048380374908447,-0.38114678859710693,4.323984146118164,-1.4196621179580688,1.6056199073791504,-0.45019054412841797
1366,9.0,2,0,0.1483529806137085,1,2,1,0.13686712086200714,-3.0215375423431396,-5.546023845672607,6.991587162017822,1.755229115486145,2.719572067260742,-6.239195823669434
1367,66.0,2,1,-0.12740904092788696,1,2,1,-0.1254851073026657,-5.483497142791748,-7.206017017364502,9.47638988494873,1.7730883359909058,2.834026336669922,-4.17659330368042
1368,3.0,1,2,-0.11344639956951141,0,0,1,0.015285995788872242,9.389965057373047,-7.568327903747559,-5.507561206817627,-10.783881187438965,5.488551139831543,2.8328068256378174
1369,2.0,2,1,-0.1483529806137085,1,2,1,-0.13898760080337524,-4.985030651092529,-2.729243040084839,6.043233394622803,-1.784217119216919,4.532304763793945,-3.9169304370880127
1370,12.0,2,1,-0.1483529806137085,1,2,2,-0.15319880843162537,-6.318758010864258,-2.8560214042663574,6.712738990783691,-9.548579216003418,0.701865017414093,4.772027969360352
1371,9.0,0,0,0.02617993950843811,1,0,1,0.018783148378133774,7.737394332885742,-7.400483131408691,-2.046031951904297,-3.572394609451294,2.108753204345703,-0.08088653534650803
1372,22.0,2,2,-0.16406095027923584,1,2,2,-0.1664917916059494,-6.62455415725708,-4.631559371948242,8.51552677154541,-0.3912510275840759,-4.072995662689209,3.134079933166504
1373,12.0,0,2,0.008726646192371845,1,0,2,-0.003912101499736309,12.75622272491455,-7.587662220001221,-6.1070733070373535,-6.136464595794678,2.024775505065918,2.7340810298919678
1374,3.0,2,1,0.16580627858638763,1,2,1,0.15108825266361237,-2.694425582885742,-4.490796089172363,5.387641429901123,-4.490483283996582,5.714134216308594,-2.6346323490142822
1375,3.0,2,0,0.07853981852531433,1,2,2,0.08173920214176178,-2.81109881401062,-6.370386123657227,6.3103556632995605,-4.669479846954346,0.9317144751548767,2.841646432876587
1376,66.0,2,0,-0.13089969754219055,1,2,0,-0.12763363122940063,-5.242463111877441,-6.687628269195557,9.049339294433594,2.6478941440582275,1.739790916442871,-3.934332847595215
1377,9.0,2,1,-0.11344639956951141,1,2,0,-0.09242533892393112,-4.509554862976074,-13.165342330932617,12.04665470123291,4.524525165557861,-0.5373508334159851,-4.244063854217529
1378,3.0,2,2,-0.1483529806137085,1,2,0,-0.16466224193572998,-8.906801223754883,-5.277523994445801,7.808574676513672,3.9049551486968994,-1.8990554809570312,-3.046278953552246
1379,9.0,2,1,-0.09599310904741287,1,2,0,-0.08552582561969757,-5.009273529052734,-7.020358085632324,9.199949264526367,3.80839467048645,0.3839186131954193,-5.010286808013916
1380,33.0,2,1,-0.06544984877109528,1,2,1,-0.04863687604665756,-5.298262119293213,-2.692777633666992,5.703629016876221,-3.6513326168060303,8.136332511901855,-6.323744297027588
1381,12.0,2,1,-0.07853981852531433,1,2,2,-0.0937880277633667,-7.843272686004639,-6.100457191467285,7.033125877380371,1.5184859037399292,-1.7345389127731323,1.546003818511963
1382,2.0,2,1,0.06108652427792549,1,2,0,0.054876651614904404,-3.1557133197784424,-10.625224113464355,6.563759803771973,0.6500498652458191,-1.192227840423584,0.4953609108924866
1383,38.0,0,1,-0.024434609338641167,1,2,1,-0.05329049006104469,0.044726043939590454,-5.8815836906433105,2.074587106704712,2.020264148712158,2.0761280059814453,-4.161730766296387
1384,12.0,2,0,0.04363323003053665,1,2,0,0.050951916724443436,-1.569138765335083,-10.570374488830566,8.044788360595703,4.295896530151367,0.2900075912475586,-4.917027950286865
1385,54.0,2,1,0.1178097277879715,1,2,0,0.12110869586467743,-4.9190897941589355,-7.760271072387695,8.544849395751953,1.5507954359054565,-2.156538963317871,-1.339953064918518
1386,3.0,2,0,-0.06108652427792549,1,2,1,-0.04620525240898132,-10.32633113861084,-8.199615478515625,13.903017044067383,-1.9313844442367554,6.230185508728027,-3.835460901260376
1387,3.0,2,1,0.07853981852531433,1,2,0,0.08319447934627533,-7.1974897384643555,-3.5225772857666016,8.208958625793457,2.5139658451080322,1.3228657245635986,-4.018682479858398
1388,12.0,0,1,0.008726646192371845,1,0,1,-0.0012875357642769814,9.586908340454102,-7.029908180236816,-3.762235641479492,-1.3565871715545654,4.054831504821777,-3.7344448566436768
1389,2.0,2,1,0.11344639956951141,1,2,1,0.09519681334495544,-5.668470859527588,-5.747546672821045,4.163183689117432,-3.8798468112945557,2.786416530609131,1.1886845827102661
1390,9.0,2,1,-0.09599310904741287,1,2,0,-0.10031107068061829,-7.274698257446289,-6.344488143920898,10.621845245361328,5.901122570037842,2.8494324684143066,-9.133155822753906
1391,9.0,2,2,-0.1483529806137085,1,2,0,-0.1421261727809906,-8.578363418579102,-7.473602294921875,12.3377685546875,2.99340558052063,-3.4822444915771484,-1.9814311265945435
1392,3.0,2,1,-0.13089969754219055,1,2,1,-0.11475570499897003,-5.899993419647217,-10.348958015441895,9.617839813232422,0.3246433734893799,2.3750572204589844,-3.4196391105651855
1393,3.0,0,0,0.008726646192371845,1,0,0,0.01416491437703371,6.714579105377197,1.0561734437942505,-7.576996803283691,2.43328595161438,0.015543801710009575,-5.8424201011657715
1394,3.0,2,1,-0.07853981852531433,1,2,0,-0.0766601487994194,-2.730372667312622,-7.32143497467041,7.786046981811523,3.7037289142608643,0.5210302472114563,-4.8770856857299805
1395,12.0,2,0,0.05398759990930557,1,2,0,0.08560037612915039,-6.264939308166504,-11.9307279586792,13.188282012939453,14.158904075622559,5.840365409851074,-20.66325569152832
1396,9.0,2,0,0.09599310904741287,1,2,0,0.09416892379522324,-8.145966529846191,-6.503280162811279,11.22116470336914,3.2779743671417236,-0.1608327478170395,-3.095179319381714
1397,2.0,2,1,-0.09599310904741287,1,2,2,-0.08625957369804382,-5.298603534698486,-4.943435192108154,7.807633876800537,-2.94820237159729,1.070559024810791,1.133467197418213
1398,2.0,0,1,0.02617993950843811,1,0,0,0.014798198826611042,9.135798454284668,-8.932182312011719,-4.880417823791504,3.3670384883880615,2.40203857421875,-6.051968097686768
1399,12.0,2,1,0.09599310904741287,1,2,2,0.08132350444793701,-5.49085807800293,-7.8235039710998535,9.26385498046875,-1.035668134689331,-2.332456588745117,3.3297345638275146
1400,2.0,2,1,-0.09599310904741287,1,2,0,-0.08375122398138046,-4.922298431396484,-8.311822891235352,9.356271743774414,1.5565632581710815,-1.3934016227722168,-0.12747082114219666
1401,3.0,2,2,0.11344639956951141,1,2,2,0.11585342884063721,-4.387345790863037,-6.6764912605285645,7.848207473754883,-6.02648401260376,-1.1733815670013428,5.087501525878906
1402,56.0,2,1,0.13526301085948944,1,2,0,0.12091676145792007,-5.359984397888184,-4.653317451477051,7.524762153625488,6.178931713104248,-1.0903831720352173,-5.9013872146606445
1403,12.0,2,2,0.11344639956951141,1,2,1,0.09772497415542603,-5.925970554351807,-6.037840366363525,9.104286193847656,-1.02279531955719,1.2075923681259155,-0.11232993006706238
1404,9.0,2,2,0.06108652427792549,1,2,1,0.05139503255486488,-6.141266345977783,-7.641846179962158,9.487987518310547,0.6614288687705994,1.0916804075241089,-2.9579217433929443
1405,40.0,0,2,-0.007540175691246986,1,0,2,-0.010740756057202816,6.249938011169434,-2.372314929962158,-4.7722578048706055,-4.614595413208008,-2.8479790687561035,4.840362071990967
1406,40.0,0,2,-0.004363323096185923,1,0,2,-0.007414723746478558,7.697663307189941,-7.173521041870117,-2.3067710399627686,-2.075317621231079,-0.12299685180187225,0.7924479842185974
1407,12.0,2,1,0.06108652427792549,1,2,0,0.06689541041851044,-5.50557279586792,-9.203948020935059,10.696207046508789,4.959850788116455,1.3394948244094849,-6.023139476776123
1408,85.0,1,1,0.05061454698443413,0,1,1,0.09957246482372284,-9.849952697753906,13.81771183013916,-5.822133541107178,-6.492280960083008,13.031357765197754,-12.81354808807373
1409,3.0,2,1,0.13089969754219055,1,2,1,0.12214276939630508,-6.007533073425293,-3.826296806335449,7.1299147605896,1.8637793064117432,2.026982545852661,-3.7097623348236084
1410,3.0,1,2,-0.11344639956951141,0,0,2,-0.014996989630162716,4.1637067794799805,-7.0560455322265625,-0.34325671195983887,-8.720170021057129,2.819852352142334,3.971320867538452
1411,9.0,2,0,0.09599310904741287,1,2,0,0.09309855103492737,-3.9312398433685303,-7.464534282684326,8.867074966430664,2.934783935546875,-2.615290641784668,-1.0130198001861572
1412,12.0,0,1,0.02617993950843811,1,0,1,0.009511909447610378,8.732415199279785,-5.880606174468994,-3.354423999786377,2.879415512084961,5.299057960510254,-8.899460792541504
1413,38.0,0,1,-0.021816615015268326,1,0,2,-0.014081361703574657,4.246054649353027,-5.061112403869629,-2.0405681133270264,-8.331856727600098,2.377619743347168,3.987311601638794
1414,41.0,0,1,0.007853982038795948,1,0,2,0.011389200575649738,4.53879976272583,-2.878779888153076,-2.4082517623901367,-0.33568891882896423,-1.4150304794311523,0.27617985010147095
1415,12.0,0,0,-0.02617993950843811,1,0,1,-0.021511714905500412,5.082268714904785,-8.547948837280273,1.1606287956237793,-4.427238464355469,3.153074026107788,-1.2486939430236816
1416,9.0,2,1,-0.06108652427792549,1,2,1,-0.07674001157283783,-0.7850723266601562,-5.974125385284424,4.006996154785156,-0.9895110130310059,1.5132911205291748,-0.34892505407333374
1417,40.0,0,0,-0.004363323096185923,1,0,0,-0.002463991753757,12.0769681930542,-2.643958330154419,-9.213767051696777,4.258437156677246,-0.00919799692928791,-7.621126174926758
1418,9.0,2,1,-0.11990568786859512,1,2,2,-0.11591337621212006,-7.430078506469727,-6.682709217071533,10.405322074890137,-5.647885799407959,-1.534271240234375,2.658823251724243
1419,2.0,2,2,-0.11344639956951141,1,2,2,-0.11045167595148087,-5.893584251403809,-2.7898173332214355,6.392582416534424,-8.147024154663086,-1.7264699935913086,7.267367362976074
1420,54.0,2,1,0.1178097277879715,1,2,2,0.12175849080085754,-4.92400598526001,-8.947307586669922,9.63796329498291,-0.10590048879384995,-2.989389419555664,0.815195620059967
1421,12.0,2,2,0.11344639956951141,1,2,0,0.10305048525333405,-1.8750216960906982,-8.081110000610352,7.427958011627197,4.639277458190918,1.7228422164916992,-6.516470909118652
1422,12.0,0,1,-0.02617993950843811,1,0,0,-0.038216982036828995,1.735119104385376,-7.505069255828857,1.1926357746124268,1.982600450515747,0.27378982305526733,-3.551693916320801
1423,85.0,2,1,0.044992610812187195,1,2,1,0.04426955804228783,0.02288653329014778,-4.181700229644775,2.836118221282959,-4.148883819580078,4.634331703186035,-3.188330888748169
1424,2.0,2,1,0.16580627858638763,1,2,1,0.16201244294643402,-3.7560627460479736,-8.452462196350098,5.545200824737549,-8.251848220825195,6.862353324890137,1.8161051273345947
1425,9.0,2,1,0.04363323003053665,1,2,2,0.01623709499835968,-1.9924571514129639,-4.19742488861084,3.542836904525757,-0.7959251403808594,-2.7908782958984375,2.1835126876831055
1426,85.0,2,1,0.036651913076639175,1,0,1,0.04132953658699989,2.175138235092163,-3.592966079711914,0.5054397583007812,-3.7513725757598877,4.181125640869141,-3.3327085971832275
1427,85.0,1,1,0.04467693716287613,0,1,1,0.10063235461711884,-12.153812408447266,19.7130126953125,-8.473000526428223,-11.533624649047852,12.674646377563477,-6.500892162322998
1428,9.0,2,1,0.13552188873291016,1,2,1,0.12482015788555145,-1.8204808235168457,-6.339634895324707,6.477860450744629,-2.4994711875915527,5.020173072814941,-4.566656589508057
1429,2.0,2,2,0.16580627858638763,1,2,1,0.17015478014945984,-3.5540781021118164,-5.50851583480835,4.684693813323975,-3.9305248260498047,2.640780448913574,1.4551045894622803
1430,9.0,2,2,-0.16580627858638763,1,2,2,-0.17525745928287506,-7.515870094299316,-4.117639064788818,8.75860595703125,-4.49092435836792,2.316399574279785,3.5492918491363525
1431,22.0,2,1,-0.16406095027923584,1,2,2,-0.1621675044298172,-4.986928462982178,-1.7372063398361206,4.9555583000183105,-6.0243000984191895,0.34249556064605713,2.2744219303131104
1432,43.0,0,1,0.030543262138962746,1,0,1,0.023164819926023483,5.184493064880371,-4.296157360076904,-2.087879180908203,-3.8147614002227783,2.6580159664154053,1.4148365259170532
1433,27.0,2,0,-0.11170107126235962,1,2,0,-0.12613710761070251,-7.893429279327393,-6.941488265991211,8.643339157104492,1.8298293352127075,-2.972562789916992,0.823082685470581
1434,9.0,2,1,-0.09599310904741287,1,2,0,-0.10686072707176208,-5.433369159698486,-12.469002723693848,12.82000732421875,3.135263204574585,1.8558638095855713,-5.376718521118164
1435,2.0,2,1,-0.11344639956951141,1,2,1,-0.11450783908367157,-4.951991558074951,-1.5330939292907715,4.7525763511657715,-2.3209967613220215,2.363156318664551,-2.403615713119507
1436,3.0,0,1,-0.008726646192371845,1,0,1,-0.014617047272622585,12.815706253051758,-7.644984722137451,-5.9950337409973145,1.4003474712371826,5.66840934753418,-7.462825775146484
1437,2.0,0,0,0.008726646192371845,1,0,0,0.009622161276638508,17.553356170654297,-11.344555854797363,-11.203620910644531,4.715736389160156,1.0572617053985596,-7.365970611572266
1438,33.0,1,1,-0.06544984877109528,0,1,1,-0.0018572965636849403,-9.534314155578613,9.976637840270996,-1.1200385093688965,-5.892524719238281,6.324544906616211,-3.2754857540130615
1439,3.0,2,2,0.09599310904741287,1,2,1,0.10202319920063019,-5.948132514953613,-3.38424015045166,7.70328426361084,-4.881632328033447,2.4336490631103516,2.300286054611206
1440,85.0,2,1,0.04712389037013054,1,2,1,0.04447578638792038,-0.5776003003120422,-4.161487102508545,3.331286907196045,-3.319833517074585,4.091987133026123,-3.4862568378448486
1441,9.0,2,2,-0.1489659696817398,1,2,0,-0.15217050909996033,-5.159314155578613,-2.356393575668335,5.501704216003418,1.0429840087890625,-1.7162843942642212,-1.6850110292434692
1442,2.0,2,0,-0.07853981852531433,1,2,0,-0.07197946310043335,-3.4309310913085938,-7.820995807647705,8.497452735900879,2.850137233734131,-0.5362022519111633,-3.387605667114258
1443,9.0,2,1,-0.11344639956951141,1,2,2,-0.08939479291439056,-6.2025861740112305,-8.533385276794434,10.297307014465332,-1.373948574066162,0.61095130443573,0.6649287939071655
1444,9.0,2,1,-0.04363323003053665,1,2,2,-0.037051063030958176,-5.279088497161865,-5.1177239418029785,4.678245544433594,-0.46219348907470703,-1.385301947593689,2.760685443878174
1445,9.0,2,1,0.07853981852531433,1,2,1,0.07009602338075638,-1.0853755474090576,-10.804163932800293,5.221307754516602,0.8412686586380005,0.9718939065933228,-1.7808990478515625
1446,54.0,2,2,0.1178097277879715,1,2,1,0.13182342052459717,-7.826213836669922,-10.551080703735352,13.575557708740234,-1.1098506450653076,1.9292409420013428,-4.0507941246032715
1447,12.0,2,0,-0.07853981852531433,1,2,1,-0.07812172174453735,-6.377165794372559,-6.810703754425049,7.977399826049805,-0.5471441745758057,1.79624342918396,-0.6874433159828186
1448,9.0,0,1,-0.008726646192371845,1,0,1,-0.011353361420333385,12.95035171508789,-8.892853736877441,-5.441808700561523,-9.661959648132324,3.9232895374298096,3.9176299571990967
1449,56.0,2,0,0.13526301085948944,1,2,0,0.1289629340171814,-5.447635173797607,-3.903702735900879,7.315783977508545,2.4364612102508545,1.3431212902069092,-3.5726053714752197
1450,85.0,2,1,0.036651913076639175,1,0,1,0.04110237583518028,2.207434892654419,-3.5816397666931152,0.45517563819885254,-3.996577024459839,4.297122955322266,-3.186478614807129
1451,54.0,2,2,0.1178097277879715,1,2,0,0.13025374710559845,-7.5645222663879395,-10.372210502624512,12.468147277832031,0.6978622078895569,-1.412085771560669,-1.6210696697235107
1452,3.0,2,0,0.1483529806137085,1,2,0,0.15129142999649048,-3.4277172088623047,-7.280264377593994,7.501537799835205,7.814657211303711,-5.616360664367676,-2.883662462234497
1453,3.0,2,1,-0.04363323003053665,1,2,1,-0.05040585622191429,-4.062946796417236,-7.122427463531494,7.4941558837890625,-2.148221015930176,4.338381290435791,-2.350745439529419
1454,12.0,0,0,-0.034579403698444366,1,2,1,-0.03479867801070213,2.712646245956421,-8.727132797241211,2.8836886882781982,-2.0710504055023193,1.5071320533752441,-0.5943531394004822
1455,12.0,2,1,0.06108652427792549,1,2,0,0.0627790093421936,-0.3647017478942871,-11.564295768737793,8.222278594970703,5.095274925231934,0.5778899788856506,-5.534821033477783
1456,38.0,0,1,-0.021816615015268326,1,0,0,-0.018597189337015152,9.128520011901855,-5.236622333526611,-5.007961273193359,1.4473857879638672,0.14456434547901154,-4.72597599029541
1457,12.0,2,1,-0.11344639956951141,1,2,1,-0.1106022521853447,-5.650773048400879,-3.2265217304229736,6.999677658081055,-5.0456342697143555,4.747183799743652,-1.2556053400039673
1458,38.0,0,0,-0.021816615015268326,1,0,0,-0.016673166304826736,5.830643177032471,-5.2389116287231445,-1.856394648551941,6.920373439788818,-4.710762023925781,-5.3172993659973145
1459,27.0,2,2,-0.10908307880163193,1,2,0,-0.09968799352645874,-5.32685661315918,-11.307368278503418,12.63614273071289,3.398165464401245,-2.1158156394958496,-1.8807907104492188
1460,3.0,2,1,-0.06108652427792549,1,2,2,-0.06467478722333908,-3.6374661922454834,-6.692159175872803,8.037885665893555,-2.5446200370788574,-0.23849992454051971,3.825078248977661
1461,22.0,2,2,-0.16144295036792755,1,2,2,-0.14753058552742004,-5.059329509735107,-6.24111270904541,8.516802787780762,-0.3743504285812378,-2.8858373165130615,3.2090423107147217
1462,2.0,2,1,0.13089969754219055,1,2,0,0.1021130159497261,-4.674239635467529,-7.963966369628906,6.0300469398498535,0.365286260843277,-0.4514380693435669,0.09315133839845657
1463,85.0,1,1,0.05061454698443413,0,1,1,0.11622948199510574,-9.7091064453125,14.501047134399414,-6.583216190338135,-7.398384094238281,13.984997749328613,-12.525197982788086
1464,9.0,2,1,-0.13089969754219055,1,2,0,-0.15494944155216217,-9.28408145904541,-7.745811462402344,13.351930618286133,1.8964662551879883,-3.200253963470459,-1.4238828420639038
1465,2.0,2,2,-0.11344639956951141,1,2,1,-0.11925549805164337,-5.904033660888672,-2.134751319885254,5.824131965637207,-4.0303874015808105,2.5688023567199707,-0.807762861251831
1466,2.0,0,1,-0.02617993950843811,1,0,2,-0.02815406024456024,8.724239349365234,-7.89994478225708,-2.086101770401001,-1.7174952030181885,-1.1721181869506836,1.1462817192077637
1467,2.0,0,1,0.02617993950843811,1,0,0,0.009794008918106556,9.106459617614746,-8.661252975463867,-5.007338047027588,3.3058035373687744,2.54661226272583,-6.081544399261475
1468,9.0,2,2,0.04363323003053665,1,2,2,0.03622378781437874,-5.823830604553223,-3.0692193508148193,5.78680944442749,0.5488876700401306,-3.0214316844940186,0.9157181978225708
1469,54.0,2,1,0.1178097277879715,1,2,0,0.11959969997406006,-4.992692947387695,-6.088207721710205,7.747594356536865,7.011821746826172,1.2963123321533203,-10.776179313659668
1470,12.0,0,2,0.008726646192371845,1,0,1,0.001985185779631138,13.392115592956543,-7.838319778442383,-6.447467803955078,-2.706228733062744,3.5393776893615723,-2.1618900299072266
1471,3.0,2,1,0.04363323003053665,1,2,0,0.1215219646692276,-0.05716671049594879,-10.888945579528809,5.524896621704102,3.4119255542755127,2.219784736633301,-3.8650224208831787
1472,33.0,2,2,-0.05672319978475571,1,2,2,-0.04997614771127701,-3.0959317684173584,-4.071371078491211,4.963820934295654,-0.30737751722335815,-3.3015248775482178,1.8851324319839478
1473,12.0,2,2,0.07853981852531433,1,2,2,0.08316829055547714,-9.071529388427734,-7.087581157684326,12.65200424194336,-4.794775485992432,2.284825563430786,2.3461716175079346
1474,2.0,2,1,0.13089969754219055,1,2,1,0.1131538599729538,-6.2454023361206055,-4.590505599975586,3.6347239017486572,-5.3680419921875,4.92171573638916,0.34960150718688965
1475,2.0,2,1,0.1483529806137085,1,2,1,0.18115252256393433,-5.1272196769714355,-12.007384300231934,10.1622896194458,-5.528019905090332,3.8693435192108154,1.5102022886276245
1476,85.0,2,1,0.04712389037013054,1,2,1,0.05124324932694435,-1.460160732269287,-5.051267623901367,4.832231521606445,-3.5227763652801514,4.722187042236328,-3.75244402885437
1477,3.0,2,0,0.06109463796019554,1,2,0,0.07227804511785507,-4.5763397216796875,-3.5821633338928223,6.803091526031494,0.7031618356704712,-0.8549280166625977,0.19913309812545776
1478,27.0,2,0,-0.11170107126235962,1,2,0,-0.12721583247184753,-7.95797872543335,-6.922543525695801,8.710095405578613,1.743207573890686,-2.882026433944702,0.8153466582298279
1479,27.0,2,2,-0.10908307880163193,1,2,0,-0.09338070452213287,-6.687243461608887,-9.758888244628906,12.59918212890625,3.995745897293091,-2.548497438430786,-1.9854178428649902
1480,12.0,2,1,0.1483529806137085,1,2,0,0.13899065554141998,-5.676774024963379,-2.0280861854553223,6.908877372741699,3.612913131713867,-0.3516136407852173,-3.637094497680664
1481,33.0,2,1,-0.05672319978475571,1,2,1,-0.059096548706293106,-7.287082195281982,-0.9587928056716919,6.675878524780273,-3.029855489730835,5.182520866394043,-3.10660982131958
1482,12.0,2,2,0.07853981852531433,1,2,2,0.08053883910179138,-5.291584014892578,-3.517530918121338,6.819460868835449,-3.301196575164795,1.7589385509490967,2.0340893268585205
1483,12.0,2,1,-0.09637060761451721,1,2,1,-0.08972794562578201,-6.65809440612793,-2.316988945007324,7.029469013214111,-3.703636646270752,4.609579086303711,-2.3127989768981934
1484,9.0,0,1,0.008726646192371845,1,0,1,-0.02086562290787697,13.32082462310791,-5.053730010986328,-8.058631896972656,4.1645188331604,6.024955749511719,-11.381664276123047
1485,9.0,2,1,-0.16580627858638763,1,2,1,-0.16474972665309906,-7.56829833984375,-5.6324968338012695,10.027549743652344,-0.6658461093902588,1.2386900186538696,0.07040233165025711
1486,66.0,2,1,-0.12985599040985107,1,2,1,-0.12712065875530243,-5.044641017913818,-3.033940553665161,6.290677070617676,-2.7169971466064453,4.291266441345215,-2.9662461280822754
1487,22.0,2,1,-0.17016960680484772,1,2,1,-0.16565242409706116,-5.167963981628418,-1.773264765739441,5.4261674880981445,-2.2094852924346924,5.501157283782959,-4.698108673095703
1488,41.0,0,2,0.013089969754219055,1,0,2,0.004730922169983387,8.524452209472656,-5.801215171813965,-4.011631965637207,-6.2502546310424805,-4.90611457824707,6.314857006072998
1489,66.0,2,0,-0.13089969754219055,1,2,0,-0.12795515358448029,-5.3165178298950195,-6.6829400062561035,9.186908721923828,3.319127321243286,0.9957632422447205,-3.9725542068481445
1490,3.0,2,1,0.04363323003053665,1,2,0,0.03997255116701126,-2.8804075717926025,-5.695649147033691,6.40723180770874,1.7415764331817627,1.5425084829330444,-3.5989766120910645
1491,22.0,1,1,-0.16667895019054413,0,2,2,-0.05337896570563316,-8.105915069580078,3.1410651206970215,3.5553524494171143,-11.657903671264648,3.368119239807129,5.357759952545166
1492,3.0,0,1,0.02617993950843811,1,0,1,0.029982414096593857,4.468863010406494,-8.082359313964844,0.9095310568809509,-13.043059349060059,7.667016506195068,2.6634488105773926
1493,56.0,2,2,0.13526301085948944,1,2,2,0.13508963584899902,-4.956544876098633,-11.43641471862793,12.153708457946777,-3.7979087829589844,-2.4530699253082275,4.936984539031982
1494,12.0,2,2,0.13089969754219055,1,2,2,0.13139566779136658,-5.071181774139404,-4.4031243324279785,7.559441566467285,-2.222939968109131,-0.255698025226593,1.5870347023010254
1495,12.0,2,2,-0.13089969754219055,1,2,2,-0.13157662749290466,-5.178049087524414,-2.1829681396484375,5.653193950653076,-7.158973217010498,0.4175725281238556,3.7150814533233643
1496,2.0,2,2,-0.04363323003053665,1,2,2,-0.04441370442509651,1.1290819644927979,-9.957747459411621,6.240747451782227,-8.041261672973633,1.7940459251403809,5.13593053817749
1497,3.0,0,0,0.008726646192371845,1,0,0,0.0009444402530789375,14.761462211608887,-3.5259687900543213,-11.052755355834961,2.2445647716522217,-0.5806959271430969,-4.841762065887451
1498,3.0,2,0,0.07270871102809906,1,2,2,0.08021364361047745,-4.143599033355713,-3.6681032180786133,6.3375020027160645,0.13088446855545044,-1.2608078718185425,0.715353786945343
1499,54.0,2,1,0.10908307880163193,1,2,1,0.12271690368652344,-4.076268672943115,-2.5520036220550537,4.688595771789551,-9.625014305114746,10.576685905456543,-3.1085610389709473
1500,22.0,2,1,-0.16406095027923584,1,2,2,-0.16246889531612396,-5.015950679779053,-1.6877152919769287,4.952082633972168,-5.884880065917969,0.30218929052352905,2.1891043186187744
1501,27.0,2,0,-0.10908307880163193,1,2,1,-0.1101853996515274,-8.120447158813477,-4.700136661529541,9.725448608398438,-1.031193494796753,5.385403156280518,-4.450397968292236
1502,85.0,2,1,0.04712389037013054,1,2,1,0.050804175436496735,-1.5349161624908447,-5.1120710372924805,4.938597202301025,-3.4677722454071045,4.7160725593566895,-3.783125162124634
1503,12.0,2,2,0.1467422991991043,1,2,1,0.14472055435180664,-4.950167655944824,-3.009124755859375,6.263960361480713,-1.7278597354888916,0.4552268981933594,0.3815566897392273
1504,12.0,2,0,0.16580627858638763,1,2,0,0.1736578792333603,-6.510081768035889,-1.1939467191696167,5.674287796020508,1.9354627132415771,1.2709975242614746,-5.079954624176025
1505,2.0,2,0,-0.09599310904741287,1,2,0,-0.10227860510349274,-6.887409210205078,-11.275837898254395,12.95595932006836,6.010387897491455,2.200190544128418,-8.79572582244873
1506,12.0,2,0,-0.16580627858638763,1,2,2,-0.17320607602596283,-8.78923225402832,-12.94899845123291,14.829205513000488,0.3309495449066162,-5.88482666015625,3.3923685550689697
1507,22.0,2,1,-0.16667895019054413,1,2,1,-0.1685008555650711,-5.661379814147949,-2.283348560333252,6.055038928985596,-0.9482713937759399,-0.42725616693496704,-1.24705171585083
1508,3.0,2,1,-0.07853981852531433,1,2,0,-0.06633294373750687,-3.468822717666626,-7.321465015411377,8.208383560180664,2.61488938331604,-0.1849728673696518,-3.5942635536193848
1509,3.0,1,0,0.02617993950843811,0,2,1,0.12119457125663757,-9.530136108398438,-0.1481785923242569,6.83634614944458,1.1526001691818237,4.444479942321777,-7.772472858428955
1510,3.0,2,0,0.13735897839069366,1,2,0,0.1505804806947708,-3.914005756378174,-5.988959312438965,6.974760055541992,9.277792930603027,0.563864529132843,-11.842851638793945
1511,56.0,2,2,0.13526301085948944,1,2,2,0.1238279789686203,-7.575788497924805,-6.8810343742370605,9.870392799377441,-13.098352432250977,0.9367665648460388,8.70042610168457
1512,40.0,0,2,-0.009270799346268177,1,0,2,-0.01649308204650879,4.745238780975342,-3.6352245807647705,-2.2426648139953613,-2.2815239429473877,-2.792628288269043,2.9496405124664307
1513,3.0,2,1,0.13089969754219055,1,2,1,0.13156285881996155,-6.826200485229492,-8.900920867919922,11.439562797546387,-1.1793746948242188,6.883598804473877,-7.621962070465088
1514,9.0,0,1,-0.008726646192371845,1,0,2,-0.019774530082941055,11.673309326171875,-7.208680629730225,-6.081628322601318,-10.379891395568848,2.3423516750335693,4.963099002838135
1515,22.0,2,1,-0.16144295036792755,1,2,1,-0.15953116118907928,-5.908690929412842,-3.762319564819336,7.033360481262207,-3.127502202987671,0.757131040096283,0.4130435585975647
1516,2.0,2,2,-0.11344639956951141,1,2,1,-0.11963610351085663,-5.823416709899902,-2.0724048614501953,5.696094989776611,-3.951953649520874,2.6189184188842773,-0.950570285320282
1517,3.0,2,1,-0.1483529806137085,1,2,1,-0.18604694306850433,-9.312378883361816,-3.059696674346924,7.696046352386475,1.0433963537216187,3.3808579444885254,-5.049273490905762
1518,9.0,2,2,0.06108652427792549,1,2,1,0.058819569647312164,-3.424664258956909,-7.328359603881836,7.558194160461426,1.2831969261169434,2.804755449295044,-5.298954010009766
1519,54.0,2,0,0.1178097277879715,1,2,0,0.11909471452236176,-2.508828639984131,-7.584993839263916,7.062379360198975,6.153863430023193,-4.641290187835693,-2.08609938621521
1520,9.0,2,2,0.06108652427792549,1,2,0,0.052059147506952286,-9.749850273132324,-3.4624876976013184,9.455333709716797,0.5844236612319946,-1.2782046794891357,-0.5275768637657166
1521,12.0,2,0,-0.07853981852531433,1,2,0,-0.0768376812338829,-5.806884288787842,-5.553145408630371,5.475475788116455,1.88443124294281,-1.613463282585144,0.16655990481376648
1522,33.0,2,1,-0.06195918843150139,1,2,2,-0.05573746934533119,-7.865942001342773,-7.146731853485107,10.86438274383545,-4.444839954376221,-0.5058404207229614,2.9242255687713623
1523,9.0,2,1,0.07853981852531433,1,2,0,0.07758541405200958,-6.639017105102539,-10.321879386901855,11.331671714782715,3.2403366565704346,1.8633549213409424,-6.621418476104736
1524,3.0,2,1,-0.07853981852531433,1,2,0,-0.0768524706363678,-3.248666524887085,-7.8694329261779785,8.831541061401367,4.309352397918701,1.3520042896270752,-5.765572547912598
1525,60.0,2,2,0.17016960680484772,1,2,2,0.178205206990242,-5.942022323608398,-7.520240783691406,9.16087818145752,-2.7596347332000732,-3.642352819442749,5.803913116455078
1526,3.0,2,1,0.08151635527610779,1,2,1,0.08377795666456223,-5.414494514465332,-8.447467803955078,9.054276466369629,1.899488925933838,2.0410685539245605,-4.163246154785156
1527,3.0,1,0,0.02617993950843811,0,2,1,0.1334225982427597,-6.380185604095459,-3.124026298522949,6.98471736907959,-1.9378200769424438,5.434751510620117,-5.022488594055176
1528,3.0,2,2,-0.14834487438201904,1,2,0,-0.17073988914489746,-8.90075969696045,-4.944138526916504,7.646683216094971,1.8096752166748047,0.8899804949760437,-3.172844648361206
1529,54.0,1,1,0.10908307880163193,0,1,1,0.16321878135204315,-12.9673433303833,14.247419357299805,-4.148580551147461,-8.48845100402832,12.855072021484375,-9.24944019317627
1530,85.0,2,1,0.05061454698443413,1,2,1,0.046058669686317444,-3.8922810554504395,-3.6380136013031006,5.710628032684326,-1.5594874620437622,5.333018779754639,-5.406104564666748
1531,2.0,2,0,0.04713159427046776,1,2,0,0.0522833950817585,-3.121058225631714,-10.759378433227539,6.749778747558594,0.8144524097442627,-1.28670334815979,0.3899805545806885
1532,12.0,2,1,0.06108652427792549,1,2,0,0.06897992640733719,-4.624949932098389,-11.553631782531738,11.266398429870605,4.5710129737854,1.3553986549377441,-5.785341262817383
1533,41.0,0,1,0.010471975430846214,1,0,2,0.011389200575649738,4.53879976272583,-2.878779888153076,-2.4082517623901367,-0.33568891882896423,-1.4150304794311523,0.27617985010147095
1534,12.0,0,1,-0.024947095662355423,1,0,1,-0.05687524750828743,9.96573257446289,-16.017879486083984,-1.4626352787017822,0.1265072226524353,3.1467905044555664,-1.7090437412261963
1535,9.0,0,1,0.02617993950843811,1,0,1,0.020957957953214645,7.473644256591797,-7.441538333892822,-1.6501387357711792,-2.359766960144043,1.6571650505065918,-0.8338924050331116
1536,12.0,2,1,-0.11344639956951141,1,2,1,-0.11060099303722382,-5.649857997894287,-3.227229356765747,6.999550819396973,-5.045263290405273,4.7471160888671875,-1.2558152675628662
1537,9.0,2,1,-0.04363323003053665,1,2,1,-0.05965781584382057,0.9210608005523682,-5.197353363037109,1.1242660284042358,-4.486577987670898,2.1588997840881348,1.9841792583465576
1538,9.0,2,1,0.04363323003053665,1,2,0,0.05318257585167885,-5.181427001953125,-4.8830766677856445,6.874972820281982,1.3618009090423584,-2.254998207092285,-0.6833571791648865
1539,9.0,2,1,-0.16580627858638763,1,2,1,-0.17613384127616882,-10.349190711975098,-3.296438217163086,9.673538208007812,0.8569282293319702,3.186624050140381,-7.183513641357422
1540,12.0,0,1,-0.008726646192371845,1,0,1,-0.013892280869185925,15.064837455749512,-6.583370208740234,-10.132019996643066,-11.375387191772461,4.755208969116211,4.307158946990967
1541,22.0,2,2,-0.16406095027923584,1,2,2,-0.16020743548870087,-4.966822624206543,-1.582905650138855,4.814728260040283,-6.645688533782959,0.5406753420829773,2.6396119594573975
1542,9.0,2,2,0.06108652427792549,1,2,1,0.054165199398994446,-7.139533042907715,-5.868969440460205,9.813488006591797,2.1562302112579346,3.353515148162842,-6.669400691986084
1543,2.0,2,2,0.07853981852531433,1,2,1,0.05717575177550316,-5.558749198913574,-6.853675365447998,4.490920066833496,-6.245892524719238,6.160008430480957,-0.5686387419700623
1544,3.0,2,2,-0.11344639956951141,1,2,2,-0.11883373558521271,-9.2202787399292,-7.208076000213623,10.277047157287598,-0.5029652714729309,0.357011616230011,0.6800362467765808
1545,12.0,2,1,-0.11344639956951141,1,2,1,-0.10866397619247437,-5.446282386779785,-3.2004387378692627,6.820420742034912,-5.2959136962890625,4.3991570472717285,-0.7466931939125061
1546,12.0,2,1,0.16580627858638763,1,2,0,0.1587037742137909,-4.421700954437256,-2.96459698677063,5.442638874053955,1.9931602478027344,0.5601786375045776,-1.8921570777893066
1547,66.0,2,1,-0.13788101077079773,1,2,1,-0.13017453253269196,-5.045735836029053,-3.0423829555511475,6.316982746124268,-2.6466352939605713,4.334632396697998,-3.0119822025299072
1548,12.0,2,2,0.12380076944828033,1,2,0,0.11105731129646301,-6.0742058753967285,-8.758249282836914,11.056730270385742,4.812164783477783,3.204573392868042,-8.502102851867676
1549,2.0,2,1,-0.1483529806137085,1,2,1,-0.1388123631477356,-4.9822001457214355,-2.7310073375701904,6.043066501617432,-1.783379077911377,4.527334690093994,-3.9118599891662598
1550,3.0,2,2,-0.1483529806137085,1,2,0,-0.1483227163553238,-10.576496124267578,-7.260924339294434,11.791885375976562,3.5408878326416016,-1.6942768096923828,-0.9868447184562683
1551,9.0,2,0,0.09599310904741287,1,2,0,0.08127935230731964,-1.989349126815796,-5.5752105712890625,5.670784950256348,2.5378148555755615,-1.839089274406433,-2.0275635719299316
1552,43.0,0,1,0.027925267815589905,1,0,1,0.024100851267576218,5.893061637878418,-5.372199058532715,-0.8285838961601257,0.02324875444173813,4.5219244956970215,-4.636057376861572
1553,2.0,0,1,0.02617182582616806,1,0,0,-0.0006173392757773399,8.717227935791016,-7.831155300140381,-5.089933395385742,3.9948666095733643,2.7692408561706543,-6.669460773468018
1554,2.0,2,2,-0.11344639956951141,1,2,1,-0.11805035173892975,-5.66202449798584,-2.1890835762023926,5.654603958129883,-5.048773765563965,2.5878500938415527,0.18723276257514954
1555,9.0,2,1,-0.13089969754219055,1,2,2,-0.12485416233539581,-7.758925437927246,-6.424945831298828,10.414216041564941,-6.195805549621582,-0.7519375681877136,2.2472403049468994
1556,66.0,2,0,-0.13089969754219055,1,2,0,-0.1276400238275528,-5.243711948394775,-6.686203479766846,9.052338600158691,2.673900842666626,1.7068296670913696,-3.9313604831695557
1557,33.0,2,2,-0.05672319978475571,1,2,2,-0.054489631205797195,-4.3423662185668945,-5.106624126434326,7.125502109527588,-11.951703071594238,0.866442859172821,7.262409210205078
1558,2.0,2,2,-0.13089969754219055,1,2,2,-0.14078755676746368,-6.679810047149658,-3.2614009380340576,7.895907402038574,-1.7225574254989624,-4.04886531829834,4.838571071624756
1559,9.0,2,1,0.13089969754219055,1,2,1,0.12281373143196106,-1.7351505756378174,-6.461944103240967,6.520386219024658,-2.610257863998413,5.733882904052734,-5.178294658660889
1560,43.0,0,0,0.027925267815589905,1,0,0,0.03719395026564598,9.993069648742676,-6.910562038421631,-7.5102996826171875,5.286586761474609,0.12045206129550934,-6.734243869781494
1561,2.0,2,1,0.13089969754219055,1,2,1,0.1363455206155777,-5.7526936531066895,-14.132882118225098,11.095283508300781,-10.868918418884277,6.319490432739258,3.0264334678649902
1562,9.0,2,1,0.16580627858638763,1,2,1,0.17373041808605194,-5.592717170715332,-6.413807392120361,8.039976119995117,1.0917366743087769,1.1710715293884277,-4.317074298858643
1563,9.0,2,1,0.13089969754219055,1,2,1,0.12275764346122742,-1.728734016418457,-6.4864606857299805,6.531863212585449,-2.6123886108398438,5.740202903747559,-5.183474540710449
1564,27.0,2,0,-0.10908307880163193,1,2,1,-0.10396941006183624,-6.418140888214111,-8.134647369384766,11.179265022277832,1.1074399948120117,1.1494417190551758,-2.528021812438965
1565,12.0,2,1,0.1483529806137085,1,2,1,0.1454690843820572,-6.577050685882568,-4.629673957824707,7.71330451965332,-0.11791396886110306,1.7640738487243652,-2.512434244155884
1566,22.0,2,2,-0.16406095027923584,1,2,2,-0.1687609702348709,-6.267614364624023,-4.511945724487305,8.386174201965332,-0.9435189366340637,-3.402087450027466,3.485100269317627
1567,9.0,2,0,0.09599310904741287,1,2,0,0.09461919963359833,-7.703391075134277,-7.54928731918335,11.653767585754395,2.782747268676758,-0.01737748272716999,-2.4989287853240967
1568,12.0,2,1,-0.1483529806137085,1,2,1,-0.156468465924263,-6.595427989959717,-3.1057865619659424,6.954720497131348,-5.903017520904541,7.210515975952148,-3.2358059883117676
1569,3.0,2,1,0.11344639956951141,1,2,1,0.09705876559019089,-7.093293190002441,-3.2163479328155518,7.65918493270874,-2.2288007736206055,3.223513603210449,-0.6361796855926514
1570,66.0,2,0,-0.13788101077079773,1,2,0,-0.12986335158348083,-5.041414260864258,-6.492856979370117,8.755061149597168,2.8140132427215576,1.432350516319275,-3.772597074508667
1571,2.0,2,1,-0.06108652427792549,1,2,2,-0.07338055968284607,-2.101221799850464,-8.73043155670166,7.484548568725586,-2.7889645099639893,0.07099319994449615,1.8800221681594849
1572,9.0,0,0,0.01972065307199955,1,0,2,0.004524213261902332,11.303369522094727,-7.528774738311768,-4.749421119689941,-4.475345134735107,1.4731459617614746,1.770998239517212
1573,12.0,2,0,-0.07853981852531433,1,2,1,-0.08698748052120209,-6.765256881713867,-8.660964012145996,9.839162826538086,-0.47906064987182617,1.1180460453033447,0.25410324335098267
1574,56.0,2,1,0.13264502584934235,1,2,2,0.12969087064266205,-4.441163539886475,-5.160706520080566,7.407871246337891,-3.271233558654785,-0.8279854655265808,3.321589708328247
1575,2.0,2,1,0.13089969754219055,1,2,1,0.11176830530166626,-4.132156848907471,-7.686130523681641,4.5794267654418945,-1.4214860200881958,2.2585196495056152,-0.14381065964698792
1576,2.0,2,1,0.06108652427792549,1,2,1,0.058197226375341415,-4.276970863342285,-9.187676429748535,5.661938190460205,-1.7769547700881958,1.1915829181671143,0.36405399441719055
1577,12.0,2,0,0.16580627858638763,1,2,2,0.1233467236161232,-7.377614974975586,-4.311920166015625,8.566055297851562,-5.0702056884765625,0.9883105158805847,2.2214136123657227
1578,9.0,0,1,-0.008726646192371845,1,0,1,-0.02508646622300148,8.528129577636719,-6.1859588623046875,-3.2063539028167725,-5.170432090759277,1.7507795095443726,1.6056582927703857
1579,3.0,2,2,-0.09949146956205368,1,2,1,-0.10690245032310486,-8.464890480041504,-7.392890453338623,9.645747184753418,-0.8110659718513489,0.49473434686660767,0.18451982736587524
1580,12.0,2,1,-0.07853981852531433,1,2,0,-0.08843458443880081,-6.381844520568848,-6.746768474578857,8.74525260925293,2.3566653728485107,1.4432770013809204,-2.228013277053833
1581,85.0,1,1,0.05061454698443413,0,1,1,0.1376500278711319,-10.583660125732422,15.635684967041016,-6.698184967041016,-8.406359672546387,12.972311973571777,-9.698813438415527
1582,33.0,2,0,-0.05672319978475571,1,2,0,-0.05933542922139168,-3.119736671447754,-7.29541540145874,6.884711742401123,1.3596093654632568,0.3943498730659485,-2.7607667446136475
1583,56.0,2,0,0.13526301085948944,1,2,0,0.1374514251947403,-3.992020845413208,-5.484337329864502,6.05806303024292,0.9636380672454834,-0.4536982476711273,-0.3187142610549927
1584,12.0,2,0,-0.04363323003053665,1,2,2,-0.038771871477365494,-4.207064628601074,-5.894962310791016,7.480916976928711,-2.7584667205810547,0.7178959846496582,1.9089913368225098
1585,33.0,1,1,-0.06544984877109528,0,1,1,0.027326256036758423,-3.841379165649414,6.1711297035217285,-3.127469301223755,-6.438009262084961,11.87911319732666,-8.932089805603027
1586,60.0,2,1,0.17016960680484772,1,2,1,0.1690225750207901,-9.446374893188477,-8.057759284973145,13.201470375061035,-1.1950722932815552,0.4491458535194397,-2.814225435256958
1587,27.0,1,1,-0.1178097277879715,0,1,1,-0.039184052497148514,-5.404099941253662,7.88620138168335,-3.1744236946105957,-5.983196258544922,5.325338363647461,-1.4432311058044434
1588,33.0,2,1,-0.05672319978475571,1,2,2,-0.0611301027238369,-8.160696983337402,-0.6865420937538147,6.975968837738037,-2.662670373916626,0.28804296255111694,1.7525044679641724
1589,54.0,2,0,0.11519172787666321,1,2,0,0.11005228012800217,-8.043237686157227,-5.0459747314453125,10.454092025756836,3.0804977416992188,1.6967673301696777,-4.7573981285095215
1590,2.0,2,1,0.07556328177452087,1,2,1,0.0609763003885746,-5.095889568328857,-8.827315330505371,5.560434818267822,-3.9395711421966553,2.024948835372925,1.790047287940979
1591,12.0,2,1,0.11344639956951141,1,2,0,0.1098925843834877,-7.229814052581787,-5.183248043060303,9.705915451049805,3.7703795433044434,2.59409499168396,-6.25649881362915
1592,9.0,0,2,-0.02617993950843811,1,0,1,-0.023909959942102432,6.005317687988281,-8.591631889343262,-1.5453327894210815,-1.2989494800567627,6.91694974899292,-5.4093451499938965
1593,54.0,2,0,0.11519172787666321,1,2,2,0.10935138911008835,-5.905192852020264,-4.4772443771362305,8.323567390441895,-1.6817041635513306,-0.9085127115249634,1.7835118770599365
1594,66.0,2,1,-0.12391837686300278,1,2,1,-0.12558935582637787,-5.502251148223877,-3.1575961112976074,6.761481285095215,-3.434839963912964,4.2508134841918945,-2.2979183197021484
1595,38.0,0,1,-0.021816615015268326,1,0,1,-0.01836862787604332,8.459253311157227,-4.738903045654297,-4.943737030029297,-1.430712342262268,1.378901481628418,-2.341400623321533
1596,12.0,2,1,-0.06108652427792549,1,2,0,-0.06403780728578568,-6.804436206817627,-8.9345121383667,9.15560245513916,0.8540422320365906,-0.5166381001472473,-0.8676567673683167
1597,12.0,2,1,0.1483529806137085,1,2,0,0.1188381016254425,-5.583228588104248,-8.534860610961914,10.144450187683105,10.454373359680176,4.116976737976074,-17.936140060424805
1598,3.0,2,1,-0.04363323003053665,1,2,1,-0.03945555165410042,-5.494536399841309,-7.412603378295898,8.868058204650879,-2.069624662399292,3.9194774627685547,-2.0585572719573975
1599,3.0,2,2,-0.09599310904741287,1,2,0,-0.10761266201734543,-7.184699535369873,-7.86329460144043,8.784781455993652,1.2358369827270508,-2.178093671798706,0.5976424813270569
1600,2.0,2,1,-0.06108652427792549,1,2,1,-0.07105007767677307,-6.441491603851318,-8.596571922302246,9.664071083068848,0.08056920021772385,1.5751316547393799,-1.0267287492752075
1601,22.0,2,2,-0.16406095027923584,1,2,2,-0.15978942811489105,-4.934186935424805,-3.119260549545288,5.445167541503906,-5.44927453994751,-0.4486604332923889,3.0009617805480957
1602,12.0,2,1,-0.16580627858638763,1,2,1,-0.18822020292282104,-8.802773475646973,-9.13668155670166,13.406245231628418,-0.047662802040576935,2.322575330734253,-1.2381125688552856
1603,2.0,2,1,0.06108652427792549,1,2,1,0.06040756031870842,-4.122765064239502,-9.055427551269531,5.526278495788574,-1.4777683019638062,1.333574891090393,-0.06848353892564774
1604,41.0,0,1,0.007853982038795948,1,0,2,0.011389200575649738,4.53879976272583,-2.878779888153076,-2.4082517623901367,-0.33568891882896423,-1.4150304794311523,0.27617985010147095
1605,9.0,2,1,-0.04363323003053665,1,2,1,-0.05617866292595863,-5.2514119148254395,-5.668051242828369,7.404371738433838,-3.232586145401001,4.888108730316162,-1.9060959815979004
1606,12.0,2,1,0.16580627858638763,1,2,0,0.1558074802160263,-4.087641716003418,-1.473313570022583,3.889390468597412,1.2021000385284424,0.3028777837753296,-0.5655831694602966
1607,22.0,2,1,-0.17016960680484772,1,2,1,-0.16570831835269928,-5.172356128692627,-1.7711087465286255,5.428932189941406,-2.208360195159912,5.500613689422607,-4.696991443634033
1608,66.0,2,0,-0.12391837686300278,1,2,0,-0.12503166496753693,-7.200873851776123,-4.862518310546875,9.202747344970703,5.0859551429748535,-1.811272382736206,-3.833220958709717
1609,2.0,0,1,0.008726646192371845,1,0,0,-0.0010385913774371147,7.024527549743652,-7.925937175750732,-3.6559975147247314,7.261600017547607,1.1820688247680664,-8.216636657714844
1610,56.0,2,2,0.13264502584934235,1,2,2,0.1290878802537918,-4.31877326965332,-4.604318141937256,6.961932182312012,-4.4936418533325195,-0.02301173098385334,3.7033262252807617
1611,85.0,2,1,0.04363323003053665,1,2,1,0.04622262343764305,-0.7389959096908569,-4.636436462402344,3.8544886112213135,-4.466726779937744,4.892200469970703,-2.9320695400238037
1612,12.0,0,1,0.02617993950843811,1,0,0,0.002869163639843464,7.33141565322876,-6.353076934814453,-1.7716689109802246,4.0813469886779785,3.719694137573242,-8.350815773010254
1613,22.0,2,1,-0.16144295036792755,1,2,2,-0.15911146998405457,-5.843889236450195,-3.871600389480591,7.046956539154053,-4.061420440673828,0.8221218585968018,1.2852189540863037
1614,9.0,2,1,-0.09599310904741287,1,2,0,-0.10236521065235138,-7.1632080078125,-10.920363426208496,12.956781387329102,5.798299312591553,1.9062443971633911,-8.119597434997559
1615,2.0,2,1,-0.1483529806137085,1,2,1,-0.1394592970609665,-4.9899678230285645,-2.717221260070801,6.032228946685791,-1.8169026374816895,4.544042587280273,-3.910557746887207
1616,9.0,2,2,-0.06108652427792549,1,2,2,-0.06447868049144745,-6.408917427062988,-5.198605537414551,5.604223251342773,0.2897580564022064,-1.3465874195098877,2.6365773677825928
1617,12.0,2,1,0.11344639956951141,1,2,0,0.11249463260173798,-6.469752311706543,-11.260183334350586,12.557478904724121,5.021735191345215,2.8417975902557373,-11.627676010131836
1618,9.0,0,2,-0.02617993950843811,1,0,2,-0.014637508429586887,2.079925775527954,-3.898141622543335,-0.06416750699281693,-1.6188653707504272,-1.5849313735961914,0.08039199560880661
1619,3.0,2,0,0.06108652427792549,1,2,0,0.05742140859365463,-5.416136741638184,-3.7442471981048584,8.255308151245117,7.365945816040039,0.5877907276153564,-9.043193817138672
1620,9.0,2,1,-0.1483529806137085,1,2,0,-0.13683946430683136,-7.817728042602539,-8.117295265197754,12.146703720092773,1.0872694253921509,-3.8790652751922607,-0.45988425612449646
1621,40.0,0,2,-0.004363323096185923,1,0,2,-0.0037441952154040337,6.147305011749268,-4.651858806610107,-1.4988900423049927,-0.6683778166770935,-0.5694689154624939,0.6688063144683838
1622,56.0,2,2,0.13526301085948944,1,2,2,0.13151870667934418,-5.267236709594727,-9.495869636535645,10.734906196594238,-3.171675205230713,-2.0379769802093506,3.8601105213165283
1623,12.0,2,0,-0.07853981852531433,1,2,1,-0.07097383588552475,-3.0342419147491455,-7.050382137298584,5.944575786590576,0.41749000549316406,1.7153900861740112,-2.00602388381958
1624,2.0,0,1,0.02617993950843811,1,0,0,0.013488014228641987,9.098026275634766,-8.81879711151123,-4.909451007843018,3.347865581512451,2.4537782669067383,-6.057236194610596
1625,3.0,2,1,0.13089969754219055,1,2,1,0.12663207948207855,-6.502410888671875,-7.416565418243408,10.726181030273438,-0.7417224645614624,1.7596056461334229,-3.6173388957977295
1626,2.0,2,1,-0.1483529806137085,1,2,1,-0.13886280357837677,-4.982712268829346,-2.729454278945923,6.041902542114258,-1.7823762893676758,4.5279645919799805,-3.913736581802368
1627,60.0,2,2,0.17016960680484772,1,2,2,0.14388735592365265,-5.059988975524902,-10.559613227844238,10.769006729125977,-7.415011405944824,0.8567412495613098,5.466960906982422
1628,27.0,2,1,-0.10908307880163193,1,2,2,-0.082660973072052,-6.999719142913818,-6.464170455932617,9.501232147216797,-1.002208948135376,-0.2627407908439636,-0.006626628339290619
1629,2.0,0,1,0.02617993950843811,1,0,0,0.0037667984142899513,9.008286476135254,-8.137544631958008,-5.174880027770996,3.354600667953491,2.8323440551757812,-6.239346027374268
1630,22.0,2,1,-0.16406095027923584,1,2,1,-0.17570263147354126,-6.7361273765563965,-3.5157759189605713,8.031732559204102,-2.4373245239257812,4.018432140350342,-2.4921159744262695
1631,3.0,2,1,-0.16580627858638763,1,2,1,-0.16069816052913666,-4.973402976989746,-2.1326746940612793,5.568544864654541,-1.9155374765396118,5.370265007019043,-4.791166305541992
1632,12.0,2,1,-0.1483529806137085,1,2,2,-0.14540667831897736,-5.957612037658691,-2.2869794368743896,6.120960235595703,-9.077564239501953,0.8578330874443054,4.3961100578308105
1633,40.0,0,1,-0.004363323096185923,1,0,1,-0.010158992372453213,8.062894821166992,-8.347002983093262,-2.525953769683838,-0.6832883954048157,3.844172239303589,-2.555101156234741
1634,2.0,2,1,-0.09599310904741287,1,2,1,-0.09364601969718933,-5.3007097244262695,-4.6719651222229,7.574364185333252,-3.280426502227783,1.551910638809204,1.0348351001739502
1635,85.0,2,1,0.04363323003053665,1,2,1,0.04975751414895058,-1.015120267868042,-5.084965705871582,4.46733283996582,-4.374231815338135,4.811159610748291,-2.9105541706085205
1636,33.0,2,0,-0.0593411959707737,1,2,1,-0.057894643396139145,-5.010480880737305,-6.07877779006958,8.445571899414062,0.4884597659111023,1.144209384918213,-1.8965351581573486
1637,38.0,0,0,-0.02229240909218788,1,0,0,-0.014420936815440655,4.310157299041748,-4.946117877960205,-0.44372114539146423,1.7862696647644043,-2.854722261428833,-0.6021535992622375
1638,9.0,2,2,0.052032697945833206,1,2,2,0.04075298830866814,-7.453911781311035,-2.7003707885742188,6.866105556488037,0.609844446182251,-3.049931287765503,1.1668989658355713
1639,9.0,2,1,0.07853981852531433,1,2,1,0.0623987577855587,0.5270599126815796,-11.79426383972168,6.291538715362549,-8.966225624084473,3.9382739067077637,1.883167028427124
1640,27.0,2,1,-0.1178097277879715,1,2,1,-0.11417700350284576,-5.470334053039551,-3.2079691886901855,6.833893299102783,-4.672459125518799,4.655683517456055,-1.53346586227417
1641,12.0,0,2,0.008726646192371845,1,0,2,-0.004707212559878826,12.996302604675293,-7.7934041023254395,-6.325101852416992,-6.610897064208984,1.0580297708511353,3.799976110458374
1642,43.0,0,2,0.030543262138962746,1,0,1,0.02016434818506241,7.1359429359436035,-6.695666790008545,-2.1455562114715576,-2.317575454711914,0.6149657964706421,-0.9723055362701416
1643,40.0,0,2,-0.006981316953897476,1,0,1,-0.014487537555396557,11.711048126220703,-3.3467936515808105,-8.063078880310059,-5.363588333129883,3.0344369411468506,2.0285751819610596
1644,66.0,2,0,-0.12391837686300278,1,2,0,-0.13396216928958893,-6.778318405151367,-3.780912399291992,8.536638259887695,4.4212188720703125,-0.03927253186702728,-4.736171245574951
1645,9.0,2,1,-0.09599310904741287,1,2,0,-0.11287981271743774,-5.133358955383301,-13.46435260772705,12.977814674377441,1.98201584815979,-0.15870308876037598,-1.6480613946914673
1646,9.0,2,1,0.04363323003053665,1,2,2,0.038151323795318604,-5.145717620849609,-3.745267629623413,5.922471523284912,-0.234561026096344,-3.47369122505188,1.959291696548462
1647,27.0,2,1,-0.11170107126235962,1,2,0,-0.09248661249876022,-7.460710525512695,-4.921501159667969,9.839714050292969,4.218091011047363,3.486142873764038,-8.432263374328613
1648,33.0,2,2,-0.05672319978475571,1,2,2,-0.04605766385793686,-4.017513275146484,-5.09133768081665,6.743330955505371,-9.658291816711426,-1.0739185810089111,7.443255424499512
1649,41.0,0,2,0.013089969754219055,1,0,2,0.005344700999557972,6.507867336273193,-5.139651298522949,-2.9209818840026855,-9.802037239074707,-0.8571240901947021,6.6595377922058105
1650,66.0,2,0,-0.13788101077079773,1,2,0,-0.12993450462818146,-5.0251264572143555,-6.500308513641357,8.742878913879395,2.8006131649017334,1.4088759422302246,-3.727282762527466
1651,3.0,2,1,-0.1483529806137085,1,2,1,-0.18613585829734802,-9.314098358154297,-3.0733933448791504,7.701968193054199,1.050567388534546,3.362072467803955,-5.030751705169678
1652,2.0,2,1,-0.07853981852531433,1,2,0,-0.07713077962398529,-5.294125556945801,-4.16627836227417,7.099895000457764,2.0506200790405273,-0.45322930812835693,-2.7679085731506348
1653,33.0,2,1,-0.05672319978475571,1,2,2,-0.06535091251134872,-3.7981460094451904,-9.885025978088379,9.412308692932129,-12.067525863647461,-1.2304396629333496,8.90894889831543
1654,12.0,2,0,-0.15863385796546936,1,2,2,-0.16684380173683167,-7.698553085327148,-10.113747596740723,12.869587898254395,-3.866147756576538,-2.700005292892456,2.5383262634277344
1655,2.0,2,2,0.09599310904741287,1,2,1,0.07389911264181137,-5.71316385269165,-6.903707981109619,4.665034770965576,-5.38386344909668,4.805423259735107,0.719140350818634
1656,3.0,2,2,0.09599310904741287,1,2,1,0.10047753155231476,-5.859664440155029,-3.1905739307403564,7.505372047424316,-4.876587867736816,2.5778980255126953,2.239169120788574
1657,3.0,2,2,0.09599310904741287,1,2,1,0.09541643410921097,-5.6475934982299805,-2.8088607788085938,6.947102069854736,-4.509913921356201,2.3906171321868896,2.220360279083252
1658,2.0,2,1,-0.16230791807174683,1,2,1,-0.15773814916610718,-4.84614896774292,-2.1362574100494385,5.485924243927002,-1.9245715141296387,5.290890693664551,-4.707363605499268
1659,3.0,2,2,0.11344639956951141,1,2,2,0.1079956442117691,-5.976937770843506,-4.4080023765563965,8.311423301696777,-2.391775608062744,-0.3572172522544861,1.9796526432037354
1660,22.0,2,1,-0.16667895019054413,1,2,1,-0.1673189252614975,-5.6256422996521,-2.27805233001709,6.023116111755371,-1.0100141763687134,-0.5070635676383972,-1.1186144351959229
1661,40.0,0,2,-0.004363323096185923,1,0,2,-0.002813081257045269,7.516221523284912,-7.383020401000977,-2.37304949760437,-8.44404125213623,-2.6689863204956055,6.542110919952393
1662,3.0,2,1,0.07853981852531433,1,2,0,0.07602328807115555,-7.944823741912842,-6.741289138793945,11.27747631072998,3.895548105239868,-1.195474624633789,-2.931544780731201
1663,3.0,2,1,-0.13089969754219055,1,2,1,-0.1275016814470291,-7.868275165557861,-3.8616602420806885,9.216910362243652,-0.33940213918685913,3.7300450801849365,-4.871469020843506
1664,9.0,2,0,0.1483529806137085,1,2,0,0.13837267458438873,-6.087038516998291,-3.7765374183654785,7.011936187744141,4.557676792144775,1.6006656885147095,-8.888912200927734
1665,22.0,2,2,-0.16406095027923584,1,2,2,-0.1610589474439621,-4.935157299041748,-1.7247627973556519,4.900462627410889,-6.239239692687988,0.4003449082374573,2.411233425140381
1666,9.0,0,1,-0.008726646192371845,1,0,1,0.04957516863942146,7.327948093414307,-8.393684387207031,-1.1193301677703857,0.13054001331329346,7.320958137512207,-10.089598655700684
1667,3.0,0,0,0.02617993950843811,1,0,1,0.042163025587797165,5.01447868347168,-9.69324016571045,2.3643898963928223,-3.7105367183685303,4.537525177001953,-4.79507303237915
1668,3.0,2,0,-0.06108652427792549,1,2,0,-0.0618308000266552,-6.1774067878723145,-10.798927307128906,13.266203880310059,2.869666337966919,0.27207714319229126,-2.0308456420898438
1669,27.0,2,1,-0.10908307880163193,1,2,1,-0.11526593565940857,-5.803894519805908,-7.601941108703613,10.040215492248535,-5.573942184448242,2.7745797634124756,1.001057744026184
1670,60.0,1,1,0.16144295036792755,0,1,1,0.2227621078491211,-17.46179962158203,20.35712242126465,-5.843166828155518,-12.237918853759766,11.682461738586426,-3.401918649673462
1671,33.0,2,2,-0.05672319978475571,1,2,1,-0.05716455355286598,-6.514923572540283,-1.85775625705719,6.611883640289307,-2.9001495838165283,3.7641208171844482,-2.0072102546691895
1672,27.0,2,1,-0.1178097277879715,1,2,1,-0.11429445445537567,-5.45255184173584,-3.209327459335327,6.8245391845703125,-4.689554214477539,4.67636251449585,-1.5425546169281006
1673,56.0,2,2,0.13526301085948944,1,2,2,0.13592460751533508,-4.6935715675354,-7.436923503875732,8.001912117004395,-3.6415913105010986,-0.7856743335723877,4.3642258644104
1674,3.0,2,1,0.07853981852531433,1,2,0,0.07486259192228317,-7.854338645935059,-7.118587493896484,11.450701713562012,4.131603717803955,-1.2976434230804443,-3.0769689083099365
1675,9.0,2,1,-0.16580627858638763,1,2,1,-0.15704408288002014,-6.033504009246826,-5.864896774291992,8.696904182434082,-0.0756881907582283,4.837094783782959,-7.105154514312744
1676,12.0,2,1,-0.11344639956951141,1,2,1,-0.10981801152229309,-5.454610824584961,-3.285050868988037,6.892585754394531,-5.540306091308594,4.53753662109375,-0.654817521572113
1677,22.0,2,2,-0.16144295036792755,1,2,2,-0.15676116943359375,-5.444337844848633,-4.23275089263916,6.886795997619629,-4.87548828125,0.4534537196159363,2.772979974746704
1678,38.0,0,0,-0.021816615015268326,1,0,0,0.012697332538664341,4.360231399536133,-2.582536220550537,-2.2432727813720703,15.908524513244629,-2.831155300140381,-18.051300048828125
1679,54.0,2,2,0.1178097277879715,1,2,2,0.1115877702832222,-5.707676887512207,-10.944357872009277,12.293039321899414,-6.213066577911377,0.7090317010879517,2.492807149887085
1680,12.0,2,0,0.04363323003053665,1,2,0,0.04779516160488129,2.0295517444610596,-11.347234725952148,5.825160503387451,8.262552261352539,1.2332735061645508,-10.064263343811035
1681,2.0,0,0,-0.008726646192371845,1,0,2,-0.024377744644880295,15.443323135375977,-7.083484172821045,-9.72364330291748,-10.28749942779541,2.8766541481018066,5.261350631713867
1682,2.0,2,2,-0.04363323003053665,1,2,2,-0.0528714619576931,-3.4768717288970947,-7.486917018890381,8.355255126953125,-9.07883071899414,1.7373623847961426,5.281408786773682
1683,27.0,2,2,-0.10908307880163193,1,2,0,-0.11770716309547424,-7.900298595428467,-8.346761703491211,11.838464736938477,5.161871910095215,-0.006943659856915474,-3.6680996417999268
1684,9.0,2,1,-0.13089969754219055,1,2,0,-0.15471597015857697,-9.234633445739746,-7.672805309295654,13.14149284362793,1.276131272315979,-3.5207948684692383,-0.7110204100608826
1685,40.0,0,1,-0.006981316953897476,1,0,1,-0.01399227511137724,10.083398818969727,-3.475996732711792,-6.795597553253174,-4.604302406311035,2.8707778453826904,0.7634903788566589
1686,3.0,0,0,0.02617993950843811,1,0,0,0.06584005802869797,3.0400896072387695,-7.445570468902588,2.1520473957061768,8.286356925964355,-2.4614100456237793,-8.584161758422852
1687,3.0,2,1,0.13089969754219055,1,2,1,0.11686922609806061,-4.286266803741455,-3.1339619159698486,4.913056373596191,-0.9286720752716064,1.6502747535705566,-0.33517780900001526
1688,12.0,2,0,-0.04363323003053665,1,2,2,-0.04314756765961647,-1.5943140983581543,-6.030348777770996,4.936460018157959,-2.460131883621216,0.14828185737133026,1.2193666696548462
1689,9.0,2,2,-0.07853981852531433,1,2,1,-0.0877625048160553,-7.410052299499512,-7.229042053222656,8.6885347366333,-0.2049853801727295,1.4373444318771362,-1.4964642524719238
1690,12.0,2,0,-0.16580627858638763,1,2,2,-0.14610691368579865,-5.949069023132324,-6.9473090171813965,9.387742042541504,-1.6683346033096313,-1.404249668121338,-0.8720519542694092
1691,66.0,2,1,-0.12740904092788696,1,2,0,-0.12628419697284698,-5.265710830688477,-6.9102325439453125,9.189728736877441,2.290534019470215,1.933142900466919,-3.7678287029266357
1692,3.0,2,1,0.07853981852531433,1,2,0,0.06521371006965637,-7.206153869628906,-6.921224117279053,11.113601684570312,4.402620315551758,-0.2639699876308441,-4.585273742675781
1693,43.0,0,0,0.030543262138962746,1,0,0,0.02073885127902031,3.2854583263397217,-8.154215812683105,2.304154872894287,4.49692440032959,-1.005736231803894,-5.526159286499023
1694,3.0,2,1,0.07853981852531433,1,2,0,0.07932738959789276,-7.790558815002441,-6.015540599822998,10.633177757263184,3.2809386253356934,-0.7465728521347046,-2.736975908279419
1695,3.0,2,0,-0.06108652427792549,1,2,0,-0.08201737701892853,-7.541701793670654,-4.38938045501709,8.89846134185791,0.5591168403625488,0.00518999807536602,0.02916242927312851
1696,43.0,0,0,0.027925267815589905,1,0,0,0.02137284353375435,5.083322525024414,-8.166482925415039,1.4372977018356323,7.419068813323975,3.797154664993286,-12.008529663085938
1697,3.0,2,2,-0.1483529806137085,1,2,1,-0.18264000117778778,-10.964452743530273,-4.100188255310059,9.49207592010498,-0.05330093950033188,2.0569210052490234,-2.8166916370391846
1698,2.0,2,0,-0.07853981852531433,1,2,0,-0.0780038833618164,-3.821831703186035,-7.12241792678833,8.793631553649902,4.350672721862793,1.7809337377548218,-6.080515384674072
1699,56.0,2,0,0.13526301085948944,1,2,2,0.1310126930475235,-3.3384337425231934,-5.813562393188477,6.539850234985352,0.06071978062391281,-0.775569498538971,1.7739167213439941
1700,9.0,2,1,0.14537644386291504,1,2,1,0.13156376779079437,-2.313401222229004,-5.644559383392334,6.292565822601318,-2.6663835048675537,3.9150896072387695,-3.322967290878296
1701,56.0,2,0,0.13526301085948944,1,2,0,0.12646767497062683,-4.58363676071167,-2.6030595302581787,5.5240044593811035,2.466395854949951,0.12787117063999176,-2.4925942420959473
1702,54.0,2,0,0.1178097277879715,1,2,0,0.14757181704044342,-7.5619964599609375,-0.0566512793302536,5.618980884552002,9.663667678833008,-1.3528659343719482,-12.540023803710938
1703,9.0,2,1,0.07853981852531433,1,2,0,0.0908769816160202,-3.7152976989746094,-9.549473762512207,8.105203628540039,3.2794437408447266,1.691891074180603,-6.562066555023193
1704,38.0,0,0,-0.024434609338641167,1,0,0,-0.024770986288785934,3.424633741378784,-7.109846591949463,0.21539753675460815,2.6430249214172363,1.6575838327407837,-5.5795512199401855
1705,3.0,0,2,-0.02617993950843811,1,0,2,-0.03471342846751213,9.218047142028809,-5.480677127838135,-5.559622287750244,-10.453903198242188,3.7450060844421387,4.2386040687561035
1706,9.0,2,2,0.06108652427792549,1,2,1,0.035734135657548904,-1.2378880977630615,-9.57675552368164,5.985176086425781,-3.5864176750183105,1.9919660091400146,0.6903140544891357
1707,2.0,0,1,0.02617993950843811,1,0,0,0.017125889658927917,9.514121055603027,-8.991397857666016,-5.262362957000732,3.2684595584869385,2.438009738922119,-6.05328893661499
1708,12.0,2,0,-0.04363323003053665,1,2,2,-0.041370537132024765,-2.027073383331299,-5.739947319030762,5.21893835067749,-1.974845051765442,0.1181609183549881,1.004143238067627
1709,2.0,2,2,0.07853981852531433,1,2,1,0.05929120257496834,-5.515692710876465,-7.281185150146484,4.700552463531494,-6.017038822174072,5.701152324676514,-0.2320067286491394
1710,12.0,2,1,0.11344639956951141,1,2,1,0.10062560439109802,-8.040319442749023,-2.0009453296661377,6.62750768661499,-5.697265148162842,1.418735146522522,1.045263409614563
1711,2.0,2,2,-0.13089969754219055,1,2,2,-0.13531826436519623,-7.0985941886901855,-3.065901279449463,7.72659158706665,-6.927196979522705,-3.6196789741516113,8.713553428649902
1712,9.0,2,1,-0.04363323003053665,1,2,1,-0.061318736523389816,-3.8472259044647217,-7.048651218414307,7.241662979125977,-2.633392095565796,4.85801887512207,-2.351370334625244
1713,54.0,1,1,0.10908307880163193,0,1,1,0.1603003293275833,-13.363099098205566,15.221728324890137,-4.709594249725342,-8.076866149902344,12.872081756591797,-9.802372932434082
1714,12.0,2,0,-0.04363323003053665,1,2,2,-0.0396621935069561,-3.8290770053863525,-5.678689002990723,7.001960754394531,-2.298438787460327,0.5903818011283875,1.6164114475250244
1715,2.0,2,1,-0.1483529806137085,1,2,1,-0.13881714642047882,-4.982606887817383,-2.7309954166412354,6.043342590332031,-1.7833600044250488,4.52683162689209,-3.911283493041992
1716,85.0,2,1,0.04712389037013054,1,2,1,0.0517122708261013,-1.4246037006378174,-4.967580318450928,4.74298620223999,-3.6116440296173096,4.790423393249512,-3.734870672225952
1717,33.0,2,1,-0.05672319978475571,1,2,2,-0.061362121254205704,-8.268895149230957,-1.6149259805679321,7.579601764678955,-4.923628807067871,1.8766367435455322,1.962531328201294
1718,38.0,0,1,-0.021816615015268326,1,0,0,-0.020239677280187607,5.73118782043457,-5.165135860443115,-1.811848521232605,3.842895030975342,2.2156386375427246,-8.132142066955566
1719,54.0,2,0,0.11519172787666321,1,2,0,0.12173314392566681,-4.859724521636963,-7.8692545890808105,9.370140075683594,1.3911296129226685,-2.0544939041137695,-0.2771480679512024
1720,9.0,2,2,-0.06108652427792549,1,2,2,-0.05261385813355446,-4.670352935791016,-10.886919021606445,9.318150520324707,-1.2077406644821167,-1.2071871757507324,1.995741367340088
1721,38.0,0,1,-0.030543262138962746,1,0,1,-0.02297535538673401,3.6992547512054443,-4.555354118347168,-0.22407594323158264,-0.6964887976646423,0.8972883224487305,-2.359949827194214
1722,85.0,2,1,0.05061454698443413,1,2,1,0.04534072056412697,-4.320248603820801,-3.5780365467071533,6.065939426422119,-1.1141479015350342,5.368532657623291,-5.884963512420654
1723,12.0,2,0,0.04363323003053665,1,0,0,0.04386654123663902,7.267978668212891,-9.40285587310791,-0.09282704442739487,5.423756122589111,2.8004355430603027,-9.570755004882812
1724,2.0,2,1,-0.07853981852531433,1,2,0,-0.06593094766139984,-2.399726390838623,-8.685522079467773,7.915700912475586,0.9263956546783447,0.6456572413444519,-2.46319842338562
1725,85.0,2,1,0.04363323003053665,1,2,1,0.04894024133682251,-2.990658760070801,-4.45253324508667,5.294622898101807,-2.3960349559783936,5.013609409332275,-4.698423862457275
1726,41.0,0,2,0.013089969754219055,1,0,2,0.008440406061708927,8.79064655303955,-4.166616439819336,-6.115622043609619,-11.853432655334473,-2.1226139068603516,8.33247184753418
1727,2.0,0,0,0.02617993950843811,1,0,1,0.017802201211452484,12.475948333740234,-8.810497283935547,-8.203967094421387,0.4706583023071289,3.9048399925231934,-5.359392166137695
1728,66.0,2,1,-0.12740904092788696,1,2,0,-0.12528446316719055,-5.37570858001709,-6.861721515655518,9.249360084533691,2.3645012378692627,2.1871893405914307,-4.160945415496826
1729,3.0,2,0,0.04363323003053665,1,2,0,0.04389207065105438,-3.260335922241211,-6.904675483703613,7.6336894035339355,3.7886464595794678,1.264487862586975,-5.428661346435547
1730,3.0,0,1,0.030227944254875183,1,2,1,0.03654776141047478,0.4281165599822998,-5.651910305023193,1.4257049560546875,-2.8633759021759033,2.205726385116577,-0.5172842144966125
1731,3.0,2,1,0.16580627858638763,1,2,1,0.14556892216205597,-5.025221347808838,-1.877278447151184,5.214504718780518,-4.900777816772461,7.718371391296387,-4.360918045043945
1732,33.0,2,2,-0.05672319978475571,1,2,2,-0.06386376172304153,-9.491416931152344,-4.045130729675293,10.40648365020752,-3.392775297164917,-1.9695987701416016,4.786004066467285
1733,54.0,2,1,0.11448372155427933,1,2,0,0.13056452572345734,-5.742225646972656,-6.669915676116943,8.429094314575195,4.545318126678467,0.2228385955095291,-6.208333492279053
1734,12.0,2,1,-0.11344639956951141,1,2,1,-0.1102859377861023,-5.583353519439697,-3.250920534133911,6.963402271270752,-5.066425800323486,4.770491600036621,-1.2622723579406738
1735,66.0,2,1,-0.12740904092788696,1,2,0,-0.12516038119792938,-5.357731819152832,-6.7455735206604,9.153692245483398,2.4218969345092773,2.1294801235198975,-4.184507369995117
1736,66.0,2,1,-0.13788101077079773,1,2,0,-0.12167836725711823,-5.076131343841553,-5.991575241088867,8.327949523925781,1.6307384967803955,-0.17243240773677826,-1.3547074794769287
1737,56.0,2,2,0.13526301085948944,1,2,0,0.13463221490383148,-4.0416364669799805,-7.502299785614014,7.76768159866333,3.755980968475342,-1.7704253196716309,-3.9992189407348633
1738,12.0,2,2,-0.13089969754219055,1,2,2,-0.13326792418956757,-5.771094799041748,-3.353682041168213,7.07548713684082,-3.640838623046875,0.6443189978599548,1.7024154663085938
1739,33.0,2,1,-0.05672319978475571,1,2,2,-0.06302352249622345,-3.3518803119659424,-8.733230590820312,8.74100399017334,-7.947556018829346,0.7148981690406799,4.27145528793335
1740,9.0,2,1,0.09599310904741287,1,2,2,0.09039060771465302,-4.916227340698242,-6.331396579742432,8.851461410522461,-0.8333141207695007,-2.5225534439086914,2.9757463932037354
1741,38.0,0,0,-0.026724090799689293,1,0,0,-0.025493357330560684,3.7492446899414062,-4.586606502532959,-0.2773655354976654,1.6071066856384277,-2.4097886085510254,-0.7604047656059265
1742,85.0,2,1,0.04712389037013054,1,2,1,0.051666464656591415,-1.4266319274902344,-4.9763360023498535,4.750987529754639,-3.6010215282440186,4.781289100646973,-3.7368152141571045
1743,41.0,0,0,0.013089969754219055,1,0,2,0.011389200575649738,4.53879976272583,-2.878779888153076,-2.4082517623901367,-0.33568891882896423,-1.4150304794311523,0.27617985010147095
1744,43.0,0,0,0.030543262138962746,1,0,0,0.03179733082652092,10.326271057128906,-3.504031181335449,-7.305549144744873,9.334870338439941,-4.078108787536621,-12.068231582641602
1745,60.0,2,1,0.17016960680484772,1,2,1,0.16750629246234894,-8.328755378723145,-6.974305152893066,11.297590255737305,-2.7631053924560547,1.84514319896698,-1.8951034545898438
1746,2.0,0,1,-0.02617993950843811,1,0,1,-0.026715420186519623,7.332619667053223,-8.115324020385742,-0.848042368888855,-1.102575421333313,0.3963957726955414,-0.7576227784156799
1747,2.0,2,1,-0.1483529806137085,1,2,1,-0.1395089477300644,-4.991356372833252,-2.7241568565368652,6.043173313140869,-1.7895987033843994,4.535373210906982,-3.917174816131592
1748,12.0,2,1,-0.1483529806137085,1,2,2,-0.1417749971151352,-4.489343643188477,-2.0759124755859375,5.071946620941162,0.19511163234710693,-4.077346324920654,1.6128590106964111
1749,54.0,2,1,0.1178097277879715,1,2,0,0.12001208961009979,-3.7248659133911133,-8.054591178894043,8.379425048828125,3.7409656047821045,1.8159370422363281,-6.078510761260986
1750,40.0,0,0,-0.004363323096185923,1,0,0,-0.0007957248017191887,13.190789222717285,-3.0851588249206543,-9.81698989868164,4.9638776779174805,0.22171111404895782,-8.629672050476074
1751,9.0,2,2,-0.07853981852531433,1,2,0,-0.09098406136035919,-7.637022495269775,-7.80967378616333,9.216669082641602,0.7675482034683228,0.17787952721118927,-1.4035731554031372
1752,3.0,2,2,-0.1483529806137085,1,2,0,-0.1786665916442871,-12.185745239257812,-6.448122024536133,12.336897850036621,1.880882978439331,-0.29966598749160767,-1.5073814392089844
1753,38.0,0,1,-0.021816615015268326,1,0,1,-0.02206466719508171,9.04015827178955,-6.203519344329834,-4.5320563316345215,-1.867827296257019,3.7081339359283447,-2.7587854862213135
1754,56.0,2,2,0.13264502584934235,1,2,2,0.12371816486120224,-3.457411766052246,-4.666055679321289,6.272639274597168,-3.9425246715545654,-1.6465469598770142,4.381444931030273
1755,2.0,2,1,0.09599310904741287,1,2,1,0.09409438073635101,-5.659221649169922,-6.652495861053467,4.637145519256592,-4.4424543380737305,3.677452564239502,0.6060148477554321
1756,66.0,2,1,-0.12391837686300278,1,2,1,-0.12188330292701721,-5.110824108123779,-3.3720285892486572,6.648848533630371,-3.9705655574798584,3.1413826942443848,-0.7283864617347717
1757,3.0,2,2,-0.09599310904741287,1,2,0,-0.10824431478977203,-7.459457874298096,-7.641645908355713,8.87696361541748,1.0869812965393066,-1.931274652481079,0.4726707935333252
1758,3.0,2,0,-0.07853981852531433,1,2,0,-0.08814144879579544,-5.969852924346924,-13.851017951965332,14.149367332458496,4.454103946685791,1.972076177597046,-6.817873001098633
1759,9.0,2,1,-0.0825878232717514,1,2,0,-0.05372234061360359,-1.5251543521881104,-11.295854568481445,7.627166271209717,2.7993741035461426,1.6694777011871338,-4.614457607269287
1760,38.0,0,1,-0.027052603662014008,1,0,1,-0.013086671940982342,7.254559516906738,-5.3090643882751465,-1.787392497062683,-2.0003762245178223,4.586355209350586,-2.89524507522583
1761,66.0,2,1,-0.13788101077079773,1,2,1,-0.13048912584781647,-5.02424955368042,-3.035810947418213,6.302968978881836,-2.708904981613159,4.402646064758301,-3.036115884780884
1762,2.0,2,1,-0.06108652427792549,1,2,0,-0.06661087274551392,-6.979000091552734,-8.920310020446777,9.346010208129883,0.8346989154815674,-0.3642086386680603,-1.062706470489502
1763,9.0,0,1,0.008726646192371845,1,0,1,-0.011590818874537945,14.616117477416992,-6.444328784942627,-8.129059791564941,4.230897426605225,6.7223029136657715,-11.84455394744873
1764,38.0,0,0,-0.024434609338641167,1,2,1,-0.00012564938515424728,-0.16723670065402985,-8.825669288635254,5.332486152648926,-4.402568340301514,4.572352409362793,-1.3894495964050293
1765,12.0,2,0,-0.07853981852531433,1,2,1,-0.08384859561920166,-2.7974660396575928,-4.826070308685303,4.829479694366455,1.3498448133468628,1.420804738998413,-3.4482085704803467
1766,2.0,0,1,-0.02617993950843811,1,0,2,-0.029209669679403305,7.025200843811035,-7.386253833770752,-0.8849807977676392,-1.5925425291061401,-0.5999900698661804,0.7264955639839172
1767,12.0,2,0,-0.07853981852531433,1,2,1,-0.08521053194999695,-7.388464450836182,-7.316756725311279,8.758614540100098,-0.2071247100830078,1.8890342712402344,-1.921539545059204
1768,9.0,0,1,0.03327886015176773,1,0,1,0.015711698681116104,6.544251918792725,-6.544139862060547,-1.1807039976119995,-1.8630871772766113,0.985706627368927,-1.466286540031433
1769,3.0,2,2,0.09599310904741287,1,2,1,0.0978044718503952,-5.724118709564209,-2.8800268173217773,7.134210586547852,-4.7110185623168945,2.556368350982666,2.1893584728240967
1770,38.0,0,0,-0.021816615015268326,1,0,0,-0.024638798087835312,6.805779457092285,-3.9770960807800293,-3.915121555328369,9.213934898376465,-2.1519758701324463,-10.395756721496582
1771,12.0,2,0,0.16580627858638763,1,2,1,0.16890399158000946,-6.815725326538086,-0.2420397698879242,4.815934658050537,-2.571402072906494,2.1542139053344727,-0.12683361768722534
1772,9.0,2,1,-0.1483529806137085,1,2,0,-0.1277839094400406,-7.8582916259765625,-8.346739768981934,12.4617338180542,2.449021577835083,-3.4589529037475586,-1.5951250791549683
1773,40.0,0,1,-0.009599311277270317,1,0,1,-0.020803991705179214,8.182121276855469,-9.197514533996582,-1.8618767261505127,-10.848076820373535,6.899376392364502,1.3865275382995605
1774,3.0,2,2,0.11306890845298767,1,2,2,0.11049703508615494,-5.910473823547363,-4.041405200958252,7.977376461029053,-3.657546281814575,0.8993675112724304,2.1255247592926025
1775,9.0,2,0,0.09599310904741287,1,2,0,0.10080346465110779,-7.734174728393555,-3.508965492248535,7.838325023651123,0.7650214433670044,-0.155427023768425,0.6550096869468689
1776,9.0,2,1,-0.16580627858638763,1,2,2,-0.173182874917984,-7.387218475341797,-5.056853771209717,9.422208786010742,-3.0946431159973145,0.5132742524147034,3.192544937133789
1777,9.0,2,1,-0.13089969754219055,1,2,2,-0.1235199123620987,-7.761084079742432,-6.3483052253723145,10.347261428833008,-5.817869663238525,-1.0160454511642456,2.199612855911255
1778,12.0,2,1,-0.07853981852531433,1,2,0,-0.0704592913389206,-5.9869866371154785,-7.174718379974365,7.14591121673584,0.4076111912727356,0.19246725738048553,-0.035923682153224945
1779,9.0,0,2,-0.017780473455786705,1,0,2,-0.026983600109815598,5.371461868286133,-6.818567752838135,0.2585069537162781,-3.298342704772949,-0.8352065682411194,2.816718101501465
1780,9.0,2,2,-0.07853981852531433,1,2,1,-0.09263965487480164,-7.957330226898193,-6.781919956207275,9.013145446777344,-1.026669979095459,1.8597050905227661,-0.495239794254303
1781,9.0,2,0,0.09599310904741287,1,2,0,0.0915958359837532,-6.845058441162109,-7.919338226318359,10.929596900939941,1.38525390625,-0.3720255196094513,-0.33312535285949707
1782,9.0,2,1,0.13089969754219055,1,2,1,0.12299284338951111,-1.7385691404342651,-6.426788806915283,6.493382453918457,-2.6077182292938232,5.742292404174805,-5.179691314697266
1783,2.0,2,1,0.06108652427792549,1,2,0,0.05248664692044258,-2.9776182174682617,-10.530232429504395,6.24892520904541,0.6198311448097229,-1.0244258642196655,0.3629981577396393
1784,2.0,0,1,-0.008726646192371845,1,0,2,-0.030638497322797775,13.803116798400879,-4.847029685974121,-10.169763565063477,-11.2261381149292,3.759319305419922,4.868450164794922
1785,3.0,2,1,0.04363323003053665,1,2,1,0.039809297770261765,-3.092536449432373,-10.185272216796875,7.320265769958496,-0.7828210592269897,2.5885009765625,-1.4834282398223877
1786,9.0,0,1,-0.008726646192371845,1,0,1,0.01025379914790392,9.452625274658203,-9.395315170288086,-2.49916934967041,-0.3996499180793762,3.970134735107422,-4.927469730377197
1787,2.0,2,1,-0.1437307894229889,1,2,1,-0.1336192935705185,-4.877076148986816,-2.688997745513916,5.92074728012085,-1.202842116355896,3.2090516090393066,-3.1225273609161377
1788,38.0,0,0,-0.021816615015268326,1,0,0,-0.027209240943193436,12.26674747467041,-6.83094596862793,-6.606461048126221,5.113816261291504,-4.230820655822754,-4.246399879455566
1789,2.0,2,2,-0.13089969754219055,1,2,2,-0.13551191985607147,-7.211678981781006,-3.106236219406128,7.880583763122559,-7.113967418670654,-3.0403542518615723,8.231806755065918
1790,3.0,2,2,0.09599310904741287,1,2,2,0.08034062385559082,-9.182701110839844,-2.9977290630340576,7.966834545135498,-8.166933059692383,-1.200616717338562,6.444003105163574
1791,2.0,2,2,-0.13089969754219055,1,2,2,-0.13315561413764954,-7.02537202835083,-3.032130718231201,7.661594867706299,-6.836493492126465,-2.4270455837249756,7.461543560028076
1792,56.0,2,1,0.13526301085948944,1,2,1,0.1345573514699936,-6.99821138381958,-2.5310583114624023,6.195614337921143,2.440051555633545,5.534661293029785,-9.33996868133545
1793,9.0,2,1,0.13089969754219055,1,2,1,0.12281351536512375,-1.7352478504180908,-6.462099075317383,6.520609378814697,-2.61011004447937,5.734011650085449,-5.178623676300049
1794,12.0,2,0,0.05860072374343872,1,2,0,0.08535760641098022,-3.8808233737945557,-13.064512252807617,12.260701179504395,13.916360855102539,5.5357441902160645,-20.56679344177246
1795,12.0,2,0,-0.07853981852531433,1,2,0,-0.11834640800952911,-6.842855930328369,-6.046862602233887,7.793043613433838,1.5209780931472778,0.6765221357345581,-1.5931599140167236
1796,2.0,2,2,-0.04363323003053665,1,2,2,-0.059127625077962875,-0.7879922389984131,-8.57809829711914,7.063387870788574,-8.551162719726562,2.144315719604492,5.356674671173096
1797,9.0,2,2,0.06108652427792549,1,2,1,0.04423098638653755,-5.044126987457275,-5.8153815269470215,7.91713809967041,0.16166746616363525,3.3196840286254883,-5.7115020751953125
1798,12.0,2,0,-0.07853981852531433,1,2,0,-0.0846659243106842,-2.0100104808807373,-11.134572982788086,8.435818672180176,1.932917833328247,-0.9841004014015198,-1.219980239868164
1799,12.0,2,1,-0.1483529806137085,1,2,1,-0.15161673724651337,-6.781813621520996,-3.7836732864379883,7.890827655792236,-2.4585554599761963,5.868537425994873,-3.7047512531280518
1800,12.0,2,2,0.08628655225038528,1,2,1,0.08973818272352219,-5.2644476890563965,-3.0252466201782227,6.55934476852417,-3.9692740440368652,2.24639630317688,2.0298380851745605
1801,22.0,1,1,-0.16667895019054413,0,1,2,-0.06257607787847519,-9.583154678344727,8.42003345489502,0.22547706961631775,-7.981550693511963,2.100536584854126,3.1476118564605713
1802,3.0,0,0,0.008726646192371845,1,0,0,0.0011169174686074257,14.556598663330078,-3.573620319366455,-10.838805198669434,2.053875684738159,-0.31118446588516235,-4.8328471183776855
1803,85.0,2,1,0.036651913076639175,1,0,1,0.0403389148414135,2.357037305831909,-3.593925714492798,0.3336115777492523,-3.911362648010254,4.180451393127441,-3.165355920791626
1804,56.0,2,2,0.13264502584934235,1,2,2,0.1289215087890625,-4.432645320892334,-4.712856292724609,7.141120910644531,-4.303136825561523,0.007793022319674492,3.457636594772339
1805,22.0,2,1,-0.16144295036792755,1,2,0,-0.16214142739772797,-5.514093399047852,-2.402583122253418,6.005617618560791,-0.23667725920677185,-0.5728640556335449,-1.6301689147949219
1806,43.0,0,0,0.021902235224843025,1,0,0,0.026616469025611877,7.962913513183594,-3.3843016624450684,-5.4390549659729,4.291039943695068,-2.302975654602051,-5.676944255828857
1807,12.0,0,0,-0.02617993950843811,1,2,0,-0.03485793247818947,1.678360939025879,-7.728856563568115,2.063744068145752,3.3214755058288574,1.4479724168777466,-6.638875484466553
1808,41.0,0,1,0.013089969754219055,1,0,2,0.011389200575649738,4.53879976272583,-2.878779888153076,-2.4082517623901367,-0.33568891882896423,-1.4150304794311523,0.27617985010147095
1809,9.0,2,1,-0.09599310904741287,1,2,0,-0.10809281468391418,-7.911334037780762,-4.3760294914245605,9.115203857421875,2.6908674240112305,-0.13363470137119293,-3.315023422241211
1810,2.0,2,2,-0.13089969754219055,1,2,2,-0.13917779922485352,-6.35504674911499,-4.444917678833008,8.338404655456543,-2.027383804321289,-4.934287071228027,5.521632671356201
1811,9.0,0,0,0.024150516837835312,1,0,2,0.020016461610794067,10.238472938537598,-8.038796424865723,-3.27238130569458,-2.885721445083618,0.20588822662830353,1.3111591339111328
1812,2.0,2,0,0.04363323003053665,1,0,0,0.05079888179898262,4.523021697998047,-9.198654174804688,-0.586981475353241,2.761674165725708,1.3846911191940308,-4.644633769989014
1813,9.0,2,1,-0.09599310904741287,1,2,0,-0.0912274494767189,-5.268857002258301,-7.360469818115234,10.011312484741211,4.125852108001709,3.497361660003662,-7.823206901550293
1814,12.0,2,2,0.13089969754219055,1,2,2,0.12521454691886902,-4.0528435707092285,-4.210203170776367,6.4184041023254395,-4.977507591247559,-0.14675967395305634,4.33531379699707
1815,54.0,2,0,0.11519172787666321,1,2,0,0.08982202410697937,-7.0113139152526855,-7.188479423522949,10.795891761779785,6.21122932434082,4.458853721618652,-12.303236961364746
1816,2.0,2,1,0.09599310904741287,1,2,1,0.09514319896697998,-5.5853753089904785,-6.3846635818481445,4.4677300453186035,-4.442967414855957,3.8849902153015137,0.40798506140708923
1817,3.0,2,1,0.04363323003053665,1,2,1,0.04116666689515114,-1.4061260223388672,-4.447168827056885,5.200804233551025,0.3307339549064636,1.9257023334503174,-2.6920275688171387
1818,9.0,2,1,-0.11344639956951141,1,2,2,-0.1397540122270584,-5.969117164611816,-6.352035999298096,9.470124244689941,-2.038928985595703,0.9780610799789429,1.028265357017517
1819,2.0,2,1,0.0657087117433548,1,2,1,0.05678241327404976,-4.603086471557617,-9.207924842834473,5.780245304107666,-2.384526252746582,1.1715843677520752,1.0156166553497314
1820,12.0,2,1,0.09599310904741287,1,2,2,0.08779958635568619,-6.068650722503662,-7.232412338256836,9.439955711364746,-1.8637840747833252,-0.48050445318222046,2.4417953491210938
1821,9.0,2,1,0.07834380865097046,1,2,0,0.06141979619860649,-1.6333870887756348,-11.389431953430176,6.463653087615967,2.219886302947998,0.29800063371658325,-2.2464044094085693
1822,3.0,2,1,-0.1483529806137085,1,2,1,-0.1850699633359909,-9.313288688659668,-3.167872428894043,7.72786283493042,0.7228123545646667,3.2824816703796387,-4.606388568878174
1823,9.0,2,0,0.1483529806137085,1,2,0,0.1376173347234726,-2.6927103996276855,-5.677236080169678,6.803201675415039,2.7803919315338135,1.5774857997894287,-6.093502521514893
1824,3.0,2,0,0.06108652427792549,1,2,0,0.06386785954236984,-4.187989711761475,-4.293046474456787,7.168181419372559,9.622145652770996,1.2482556104660034,-13.65526008605957
1825,56.0,2,0,0.13526301085948944,1,2,0,0.12623651325702667,-4.852771759033203,-3.066807746887207,6.1362457275390625,2.50541353225708,0.44947999715805054,-2.78631591796875
1826,33.0,2,1,-0.05739913508296013,1,2,2,-0.07534025609493256,-4.676147937774658,-9.684612274169922,10.0486478805542,-12.539501190185547,-0.28830578923225403,8.978561401367188
1827,9.0,2,1,0.07853981852531433,1,0,2,0.0487322174012661,1.8720219135284424,-8.953274726867676,1.5282323360443115,-3.590378761291504,2.057878255844116,2.402942180633545
1828,9.0,2,0,0.09599310904741287,1,2,0,0.0941145196557045,-7.539120197296143,-7.704303741455078,11.60403823852539,2.5166008472442627,-0.027234749868512154,-2.1372132301330566
1829,3.0,2,0,-0.07853170484304428,1,2,1,-0.09169454127550125,-3.251084566116333,-14.096837997436523,12.29147720336914,-3.245246171951294,2.3482630252838135,0.39442378282546997
1830,2.0,2,1,-0.07853981852531433,1,2,1,-0.08833461254835129,-6.435620307922363,-8.729762077331543,10.661758422851562,-2.260789394378662,1.8443015813827515,-0.9329596161842346
1831,22.0,2,1,-0.16144295036792755,1,2,1,-0.15960325300693512,-5.943266868591309,-3.703537702560425,7.031736850738525,-2.5045976638793945,0.6498882174491882,-0.09138374775648117
1832,3.0,2,2,-0.146323561668396,1,2,0,-0.1722811460494995,-8.881354331970215,-5.898952007293701,8.54516315460205,1.8724708557128906,1.0868035554885864,-3.0876004695892334
1833,85.0,2,1,0.045793209224939346,1,2,1,0.048509057611227036,-2.061041831970215,-5.402632713317871,5.5933403968811035,-4.112133979797363,4.787085056304932,-3.0675251483917236
1834,66.0,2,0,-0.12391837686300278,1,2,0,-0.13100303709506989,-5.958686351776123,-5.0528764724731445,8.663723945617676,4.2140421867370605,-1.635311484336853,-3.1984004974365234
1835,12.0,2,2,-0.13089969754219055,1,2,2,-0.12866593897342682,-5.326104164123535,-3.3232719898223877,6.701202869415283,-1.925440788269043,-0.4627249836921692,1.1353492736816406
1836,2.0,2,0,-0.09599310904741287,1,2,0,-0.10913469642400742,-6.878356456756592,-6.1338629722595215,9.723146438598633,3.9316399097442627,-0.13710980117321014,-3.183039665222168
1837,27.0,2,1,-0.10908307880163193,1,2,1,-0.09890921413898468,-6.580362796783447,-11.150431632995605,11.963068008422852,2.4678595066070557,3.244112730026245,-4.086158752441406
1838,12.0,2,1,-0.1483529806137085,1,2,2,-0.14425817131996155,-3.935788631439209,-2.5920157432556152,4.90354585647583,-3.7721941471099854,-1.8580113649368286,2.993779420852661
1839,2.0,2,0,-0.07853981852531433,1,2,0,-0.07070622593164444,-5.443657875061035,-4.227262020111084,7.835953235626221,3.179614782333374,-1.9131648540496826,-2.2099156379699707
1840,9.0,2,2,-0.06108652427792549,1,2,2,-0.04683810472488403,-2.9032604694366455,-5.435060024261475,4.7105326652526855,0.6725614070892334,-1.098305344581604,1.139266014099121
1841,12.0,2,0,0.06108652427792549,1,2,0,0.0636674091219902,-9.648270606994629,-7.4180073738098145,12.508513450622559,8.148529052734375,1.7973078489303589,-10.405945777893066
1842,12.0,2,1,-0.07853170484304428,1,2,0,-0.08226806670427322,-7.277139663696289,-7.882861614227295,9.051864624023438,1.0607513189315796,0.6897047162055969,-2.3325576782226562
1843,2.0,2,2,-0.04363323003053665,1,2,2,-0.03908957913517952,-3.9532344341278076,-6.499948978424072,7.677545070648193,-3.359853506088257,0.5524749755859375,2.5867178440093994
1844,3.0,0,1,-0.008726646192371845,1,0,1,-0.014209832064807415,14.15281867980957,-7.876054286956787,-6.809606552124023,1.9622802734375,3.4226489067077637,-5.907174110412598
1845,2.0,2,1,-0.09599310904741287,1,2,2,-0.10733160376548767,-5.482503890991211,-4.448328495025635,7.485013484954834,-4.118103504180908,1.6151639223098755,1.7492165565490723
1846,12.0,2,0,0.06108652427792549,1,2,0,0.059563931077718735,-8.673778533935547,-6.5960917472839355,11.229840278625488,7.765162467956543,1.8183670043945312,-10.338200569152832
1847,66.0,2,1,-0.13788101077079773,1,2,0,-0.12467561662197113,-5.091440200805664,-5.959921360015869,8.31047248840332,1.5229146480560303,0.22864873707294464,-1.7005221843719482
1848,12.0,0,1,-0.02617993950843811,1,0,0,-0.026525218039751053,1.8468018770217896,-8.514763832092285,1.4721497297286987,1.1944669485092163,-0.5398358702659607,-1.2607072591781616
1849,54.0,2,1,0.10908307880163193,1,2,1,0.1023934930562973,-1.4888107776641846,-6.026857852935791,6.062395095825195,-3.86849308013916,5.8882246017456055,-4.3758955001831055
1850,2.0,2,1,0.06108652427792549,1,2,1,0.06086524948477745,-4.08567476272583,-9.028894424438477,5.502082824707031,-1.3615761995315552,1.3477020263671875,-0.19238707423210144
1851,22.0,2,0,-0.16144295036792755,1,2,0,-0.16250623762607574,-5.646275043487549,-2.607044219970703,6.284559726715088,0.9023528099060059,-0.7213709950447083,-2.374913454055786
1852,3.0,2,1,0.09599310904741287,1,2,1,0.09114423394203186,-8.97432804107666,-5.769791603088379,10.767535209655762,-4.624783039093018,3.140767812728882,-1.8084203004837036
1853,3.0,2,0,0.1483529806137085,1,2,0,0.13566146790981293,-3.2195301055908203,-3.871957778930664,3.6141650676727295,5.7175517082214355,0.6020674109458923,-8.124411582946777
1854,22.0,2,2,-0.16144295036792755,1,2,2,-0.15656261146068573,-5.517820835113525,-4.22580099105835,6.971848011016846,-5.091307640075684,0.5427016615867615,2.8186676502227783
1855,3.0,2,1,-0.07853981852531433,1,2,0,-0.07712779939174652,-3.2969930171966553,-6.613362789154053,7.640872478485107,3.2513749599456787,-0.4014309346675873,-3.771263360977173
1856,2.0,2,1,-0.1483529806137085,1,2,1,-0.13881300389766693,-4.982114315032959,-2.7310872077941895,6.043148517608643,-1.7826601266860962,4.526548385620117,-3.9116735458374023
1857,9.0,2,2,-0.06108652427792549,1,2,2,-0.06989602744579315,-6.057754039764404,-5.051876544952393,6.518610000610352,0.8244100213050842,-1.5411654710769653,2.249946355819702
1858,9.0,2,2,-0.06108652427792549,1,2,2,-0.06012764200568199,-5.20368766784668,-4.637537002563477,5.271273612976074,0.42715907096862793,-1.521683692932129,2.6111056804656982
1859,12.0,2,0,-0.04363323003053665,1,2,2,-0.051410380750894547,0.7774651050567627,-9.455199241638184,6.246413230895996,-7.8774590492248535,1.6389164924621582,5.221309661865234
1860,54.0,1,1,0.10908307880163193,0,1,1,0.15763883292675018,-13.209898948669434,15.540821075439453,-5.141669273376465,-7.3022003173828125,11.90949535369873,-9.448410987854004
1861,22.0,2,0,-0.16144295036792755,1,2,0,-0.16259796917438507,-5.667058944702148,-2.621070623397827,6.313723564147949,0.9985262155532837,-0.7269126772880554,-2.445009231567383
1862,12.0,2,1,-0.06108652427792549,1,2,2,-0.06542336195707321,-4.887629508972168,-6.2091217041015625,8.515772819519043,-2.939288377761841,-2.1634466648101807,2.9835433959960938
1863,3.0,2,2,0.11344639956951141,1,2,2,0.11613442003726959,-3.788574457168579,-6.561964511871338,7.312682628631592,-4.677403926849365,-0.9411731362342834,3.6606829166412354
1864,22.0,1,1,-0.16667895019054413,0,1,1,-0.07618054747581482,-8.98453426361084,10.36976146697998,-2.032642364501953,-8.496671676635742,3.7418556213378906,1.375335931777954
1865,3.0,2,1,0.11344639956951141,1,2,1,0.11165527999401093,-5.085311412811279,0.5280160903930664,2.94697904586792,-0.1825280636548996,1.466296911239624,-1.8864645957946777
1866,12.0,2,0,0.04363323003053665,1,2,0,0.05279172956943512,-3.3071072101593018,-9.433943748474121,8.981199264526367,10.117497444152832,3.605076551437378,-14.684873580932617
1867,2.0,2,1,0.09606490284204483,1,2,1,0.08878225833177567,-6.011381149291992,-7.394405364990234,5.289226055145264,-4.288219928741455,2.676738739013672,1.4539555311203003
1868,54.0,2,0,0.1178097277879715,1,2,0,0.09550643712282181,-6.153610706329346,-0.9773190021514893,5.990231990814209,5.374305248260498,-0.8482446074485779,-6.235084056854248
1869,9.0,2,1,-0.13089969754219055,1,2,2,-0.14077097177505493,-8.042312622070312,-6.6276679039001465,10.83946704864502,-5.262704849243164,-3.076087474822998,3.6067590713500977
1870,9.0,2,2,-0.1483529806137085,1,2,0,-0.1343257874250412,-7.096492767333984,-3.8166556358337402,8.764598846435547,6.337765216827393,-0.4577907919883728,-7.156971454620361
1871,85.0,2,1,0.047437671571969986,1,2,1,0.04924044758081436,-2.053178310394287,-5.36474084854126,5.559970855712891,-3.97455096244812,4.680490493774414,-3.0923831462860107
1872,12.0,0,1,-0.02617993950843811,1,0,0,-0.044450853019952774,2.1294238567352295,-7.609364032745361,0.8904480934143066,3.3279521465301514,0.5763300061225891,-5.288723945617676
1873,2.0,2,1,0.060473546385765076,1,2,0,0.055714499205350876,-3.3118996620178223,-10.651557922363281,6.747175216674805,0.675757884979248,-1.2270474433898926,0.5042877793312073
1874,33.0,2,1,-0.05672319978475571,1,2,1,-0.05715196952223778,-7.479824066162109,-2.018427848815918,7.5323896408081055,-3.082573413848877,4.7004289627075195,-2.607557535171509
1875,2.0,2,2,0.07853981852531433,1,2,1,0.05726194009184837,-5.422523021697998,-6.33417272567749,3.758227586746216,-6.6160688400268555,5.493995666503906,0.5360634922981262
1876,12.0,2,2,0.13089969754219055,1,2,2,0.10469546914100647,-5.283269882202148,-3.7091457843780518,6.927096366882324,-5.865675449371338,-0.37513911724090576,4.752340793609619
1877,3.0,2,2,-0.1483529806137085,1,2,0,-0.1641956865787506,-9.33705997467041,-4.878721714019775,8.579294204711914,2.6521480083465576,-1.0241808891296387,-2.1056807041168213
1878,12.0,2,1,-0.1483529806137085,1,2,2,-0.14062027633190155,-7.0280866622924805,-1.6282901763916016,6.410484790802002,-9.292552947998047,2.1998422145843506,3.093951940536499
1879,2.0,2,2,-0.04363323003053665,1,2,1,-0.04036211222410202,1.284598469734192,-9.60832405090332,4.5921125411987305,-0.532857358455658,0.2694493234157562,0.18163353204727173
1880,3.0,2,1,-0.09599310904741287,1,2,2,-0.1001356691122055,-6.9409990310668945,-8.43230152130127,8.78888988494873,0.5569202899932861,-2.1806092262268066,1.4414548873901367
1881,3.0,1,2,-0.11344639956951141,0,0,2,-0.010439368896186352,3.098634719848633,-7.08705997467041,0.09198816865682602,-10.798547744750977,3.7908692359924316,4.74765157699585
1882,3.0,2,0,0.1483529806137085,1,2,0,0.15443862974643707,-7.469134330749512,-3.164757490158081,7.987075328826904,3.41867995262146,-1.0032985210418701,-2.1842291355133057
1883,12.0,2,1,0.11344639956951141,1,2,1,0.11170803010463715,-7.3134541511535645,-5.7461957931518555,10.203483581542969,2.407308340072632,3.1593213081359863,-5.235379219055176
1884,40.0,0,1,-0.009599311277270317,1,2,1,-0.03447781130671501,0.8067513108253479,-4.675528526306152,0.8141431212425232,0.7558771371841431,2.8598053455352783,-3.354029655456543
1885,2.0,2,1,0.06108652427792549,1,2,0,0.05658171698451042,-3.3172030448913574,-9.827248573303223,5.882448196411133,0.4079200029373169,-0.09547863900661469,-0.3732009530067444
1886,85.0,2,1,0.038058992475271225,1,0,1,0.041856322437524796,2.0079545974731445,-3.6364083290100098,0.7040020823478699,-3.7445614337921143,4.143593788146973,-3.3031580448150635
1887,9.0,2,2,-0.07853981852531433,1,2,0,-0.08632555603981018,-6.83851432800293,-9.564876556396484,9.578951835632324,1.291480302810669,-1.1994574069976807,-0.5148497819900513
1888,41.0,0,0,0.013089969754219055,1,0,2,0.011388677172362804,4.538810729980469,-2.8786001205444336,-2.408329963684082,-0.3354400396347046,-1.415051817893982,0.275978147983551
1889,27.0,2,1,-0.10908307880163193,1,2,2,-0.11144588887691498,-4.754617691040039,-9.242159843444824,10.421948432922363,-4.409795761108398,-0.9491662383079529,4.019078254699707
1890,22.0,2,1,-0.16144295036792755,1,2,1,-0.15958648920059204,-5.936460018157959,-3.7170398235321045,7.031656742095947,-2.6607725620269775,0.6842412948608398,0.02841789275407791
1891,12.0,0,0,-0.02617993950843811,1,2,0,-0.031491782516241074,1.5027966499328613,-7.199398994445801,1.9135240316390991,3.262342929840088,1.8922213315963745,-6.678673267364502
1892,3.0,2,1,0.13089969754219055,1,2,1,0.12080460786819458,-7.557817459106445,-0.838578999042511,7.255530834197998,0.06549786776304245,1.3155826330184937,-2.9870858192443848
1893,3.0,2,2,-0.09599310904741287,1,2,0,-0.1089511439204216,-7.883053779602051,-7.259310722351074,8.961112976074219,0.44508540630340576,-1.0292930603027344,0.23478955030441284
1894,9.0,2,1,0.13089969754219055,1,2,1,0.12280116975307465,-1.7327957153320312,-6.465867519378662,6.5184760093688965,-2.6118502616882324,5.745279312133789,-5.184264659881592
1895,54.0,2,1,0.1178097277879715,1,2,0,0.11623374372720718,-4.684070110321045,-7.8713603019714355,8.391386032104492,1.6190712451934814,-2.2349371910095215,-0.9152777194976807
1896,2.0,2,1,-0.1483529806137085,1,2,1,-0.13966135680675507,-4.992149829864502,-2.71685791015625,6.03587532043457,-1.8172476291656494,4.541630268096924,-3.9054315090179443
1897,3.0,2,0,0.04363323003053665,1,2,0,0.04847646504640579,-3.9076085090637207,-8.114291191101074,9.014225006103516,4.849517822265625,0.6690395474433899,-5.955390930175781
1898,3.0,2,1,0.04363323003053665,1,2,1,0.04632013663649559,-1.2603673934936523,-4.178186893463135,4.7007622718811035,1.073020339012146,2.4487197399139404,-4.616979122161865
1899,9.0,2,1,-0.16580627858638763,1,2,1,-0.1711875945329666,-8.958229064941406,-0.9648205637931824,8.040979385375977,-1.1071348190307617,7.800494194030762,-7.970527648925781
1900,3.0,1,0,0.02617993950843811,0,1,1,0.10839589685201645,-10.84984016418457,4.263867378234863,3.9609179496765137,1.120792269706726,3.198397636413574,-8.171817779541016
1901,33.0,2,1,-0.05672319978475571,1,2,2,-0.0617569200694561,-8.122594833374023,-0.7958604693412781,7.087971210479736,-2.253946542739868,-0.666364848613739,2.3782124519348145
1902,9.0,0,1,-0.008726646192371845,1,0,1,0.031178276985883713,11.076665878295898,-8.496508598327637,-4.2484564781188965,2.1518306732177734,3.0538744926452637,-6.669589519500732
1903,41.0,0,2,0.013089969754219055,1,0,2,0.01880098506808281,8.570253372192383,-4.3207831382751465,-5.5461106300354,-7.7707839012146,-2.774857521057129,5.130614757537842
1904,9.0,2,1,0.16580627858638763,1,2,1,0.14980049431324005,-7.132989406585693,-3.982858657836914,7.482414245605469,-4.6340508460998535,2.9732227325439453,0.8998222947120667
1905,2.0,0,1,-0.02617993950843811,1,0,1,-0.028353605419397354,9.484619140625,-8.502047538757324,-2.6318068504333496,-2.448045253753662,1.4325501918792725,-0.03487098962068558
1906,3.0,0,1,-0.008726646192371845,1,0,2,0.0030886540189385414,13.585713386535645,-8.09129810333252,-6.41505241394043,-4.333831787109375,0.9155124425888062,2.196556329727173
1907,12.0,2,1,-0.09599310904741287,1,2,1,-0.08991128206253052,-6.595663547515869,-2.3881654739379883,7.027566432952881,-3.9915072917938232,4.707677364349365,-2.151857614517212
1908,2.0,0,0,0.008726646192371845,1,0,0,0.007191871292889118,18.135740280151367,-11.891788482666016,-11.126324653625488,2.221993923187256,1.2369518280029297,-5.153231143951416
1909,85.0,2,1,0.036651913076639175,1,0,1,0.04166021570563316,2.13803768157959,-3.558845043182373,0.5115810632705688,-3.785451650619507,4.222257614135742,-3.333592414855957
1910,2.0,0,1,-0.012774650938808918,1,0,2,-0.025405503809452057,11.57533073425293,-6.853677272796631,-6.6736836433410645,-9.847378730773926,2.7304511070251465,4.645185947418213
1911,9.0,2,2,-0.07853981852531433,1,2,0,-0.07971319556236267,-6.285176753997803,-9.678106307983398,9.07492446899414,1.4657740592956543,-0.916462242603302,-0.8834642767906189
1912,27.0,2,0,-0.11170107126235962,1,2,2,-0.10852792114019394,-5.129972457885742,-11.791935920715332,10.105695724487305,-2.162609100341797,0.48296064138412476,0.9146116375923157
1913,12.0,2,2,0.09599310904741287,1,2,1,0.12375637888908386,-5.168191909790039,-8.398024559020996,9.773612976074219,-3.3687524795532227,3.238921642303467,-0.9216940402984619
1914,3.0,2,0,0.13089969754219055,1,2,0,0.1487220823764801,-4.158059597015381,-8.050118446350098,8.820354461669922,4.808370590209961,3.2463555335998535,-8.209466934204102
1915,12.0,2,2,-0.1483529806137085,1,2,2,-0.15362560749053955,-5.150871276855469,-1.288300633430481,5.199538230895996,-1.916966199874878,-1.0993666648864746,0.7407556176185608
1916,3.0,2,0,-0.07853981852531433,1,2,0,-0.09274651855230331,-5.804467678070068,-14.26554012298584,14.49381160736084,3.366445779800415,2.4650540351867676,-5.898124694824219
1917,66.0,2,1,-0.12391837686300278,1,2,1,-0.12506629526615143,-5.564125061035156,-3.143482208251953,6.807005405426025,-3.647003412246704,4.393186092376709,-2.2384719848632812
1918,33.0,2,1,-0.06544984877109528,1,2,1,-0.06912847608327866,-5.634772777557373,-1.8030738830566406,5.95081901550293,-2.2915563583374023,6.501315116882324,-5.370343208312988
1919,3.0,2,1,-0.1483529806137085,1,2,1,-0.18607941269874573,-9.311515808105469,-3.056791305541992,7.693955421447754,1.0429810285568237,3.3881735801696777,-5.057572364807129
1920,22.0,2,2,-0.16144295036792755,1,2,2,-0.14694716036319733,-4.48567008972168,-6.638920307159424,8.253413200378418,-1.2270809412002563,-3.027527332305908,3.986879587173462
1921,3.0,2,1,-0.07853981852531433,1,2,0,-0.07543676346540451,-2.9294917583465576,-7.959102630615234,8.614020347595215,3.4688193798065186,-0.09360314905643463,-4.030080318450928
1922,3.0,2,1,0.11344639956951141,1,2,1,0.12510903179645538,-5.222324371337891,-6.0517778396606445,7.401901721954346,-6.455301284790039,4.083665370941162,0.224787175655365
1923,2.0,2,1,0.07079307734966278,1,2,1,0.05862275883555412,-4.839171409606934,-9.033101081848145,5.719137191772461,-2.897540807723999,1.4227874279022217,1.3073455095291138
1924,9.0,2,2,-0.07853981852531433,1,2,1,-0.07885481417179108,-6.501392364501953,-6.5569071769714355,7.832127094268799,-0.5180457234382629,1.999990701675415,-1.0241090059280396
1925,3.0,0,2,-0.02617993950843811,1,0,0,-0.04541267082095146,2.4178507328033447,-7.634998798370361,0.6438267827033997,3.480720281600952,0.5568956732749939,-5.434586048126221
1926,2.0,2,0,-0.09599310904741287,1,2,0,-0.11071546375751495,-5.8907694816589355,-4.396212100982666,8.374889373779297,3.4715402126312256,0.07190079987049103,-3.2087533473968506
1927,3.0,2,0,0.06108652427792549,1,2,0,0.06996063888072968,-4.340628147125244,-3.8933138847351074,6.623349189758301,9.982444763183594,1.474074125289917,-14.805033683776855
1928,41.0,0,0,0.013089969754219055,1,0,2,0.011391199193894863,4.536833763122559,-2.876854658126831,-2.408005714416504,-0.3371982276439667,-1.4141111373901367,0.2771918773651123
1929,66.0,2,1,-0.12740904092788696,1,2,1,-0.12559908628463745,-5.454224109649658,-7.063613414764404,9.396943092346191,2.0143911838531494,2.55025577545166,-4.149546146392822
1930,27.0,2,1,-0.10908307880163193,1,2,1,-0.08597421646118164,-4.599697589874268,-7.290238857269287,7.991408348083496,-0.06080395728349686,1.3387153148651123,-2.565138578414917
1931,2.0,2,0,-0.09599310904741287,1,2,0,-0.10129068046808243,-5.1834259033203125,-9.908024787902832,10.55654525756836,5.778066635131836,3.828873872756958,-10.194456100463867
1932,2.0,2,1,0.13089969754219055,1,2,0,0.10516323894262314,-4.530744552612305,-8.03801155090332,5.902793884277344,0.2631492018699646,-0.34985142946243286,0.17998453974723816
1933,3.0,2,2,-0.11344639956951141,1,2,0,-0.11808052659034729,-8.942933082580566,-8.142292022705078,8.996628761291504,4.86890983581543,-0.3446541428565979,-4.419532775878906
1934,12.0,2,2,-0.13089969754219055,1,2,2,-0.14030010998249054,-5.17349100112915,-3.7319886684417725,6.947507381439209,-4.274715423583984,0.461996853351593,2.4317853450775146
1935,41.0,0,2,0.011473085731267929,1,0,2,0.004364253021776676,7.387716770172119,-2.4213943481445312,-5.5490312576293945,-2.7788960933685303,-0.908898651599884,1.1395213603973389
1936,12.0,2,0,0.16580627858638763,1,2,1,0.15459181368350983,-4.612877368927002,-0.06001869589090347,2.8021750450134277,0.13099193572998047,0.9479091167449951,-0.9196910262107849
1937,12.0,2,1,-0.1483529806137085,1,2,2,-0.14832575619220734,-5.491062164306641,-2.115445137023926,5.6515583992004395,-7.739775657653809,-0.062363967299461365,4.299379825592041
1938,12.0,2,1,0.16490709781646729,1,2,0,0.15724506974220276,-4.4920501708984375,-3.178856134414673,5.694550514221191,2.0696771144866943,1.01558518409729,-2.5266273021698
1939,9.0,0,0,0.02617993950843811,1,0,1,0.02155957743525505,8.950437545776367,-6.449671268463135,-4.14371395111084,-4.096158027648926,2.446993589401245,-0.16653189063072205
1940,40.0,0,2,-0.006981316953897476,1,0,1,-0.011915558017790318,13.386054039001465,-8.041131019592285,-6.795101165771484,-6.254924297332764,5.12717342376709,-1.275228500366211
1941,2.0,0,1,-0.02617993950843811,1,0,2,-0.03708565607666969,8.150945663452148,-8.81051254272461,-1.1985419988632202,-3.6897637844085693,1.1008055210113525,1.1998285055160522
1942,12.0,2,1,0.11344639956951141,1,2,1,0.09053675830364227,-3.801236391067505,-8.083685874938965,8.87087345123291,-0.7475398778915405,0.5730989575386047,-0.71363765001297
1943,22.0,2,1,-0.16144295036792755,1,2,0,-0.16000746190547943,-6.071435928344727,-3.240525960922241,7.0104899406433105,1.4102689027786255,-0.34610867500305176,-3.0261523723602295
1944,22.0,2,2,-0.16406095027923584,1,2,2,-0.16046972572803497,-4.962291717529297,-1.6158448457717896,4.838703155517578,-6.486214637756348,0.4767846167087555,2.554126024246216
1945,2.0,2,1,0.11382389813661575,1,2,1,0.10507825016975403,-5.660504341125488,-5.524484157562256,3.870408058166504,-4.889204025268555,4.823895454406738,-0.12441911548376083
1946,9.0,2,1,0.07853981852531433,1,0,2,0.0544157437980175,6.353643417358398,-11.455809593200684,-1.090005874633789,-1.8907650709152222,0.22961755096912384,1.4791656732559204
1947,2.0,2,2,0.07853981852531433,1,2,1,0.057681191712617874,-5.751148700714111,-6.703155994415283,4.130784034729004,-6.421580791473389,4.584715843200684,1.3660838603973389
1948,3.0,2,0,-0.07853981852531433,1,2,1,-0.08094453811645508,-5.409382343292236,-6.994191646575928,10.041370391845703,1.064772367477417,2.542236566543579,-4.413421630859375
1949,38.0,0,2,-0.021816615015268326,1,0,2,-0.012267070822417736,7.223372936248779,-5.42241907119751,-3.006314516067505,-6.357226848602295,1.9819369316101074,4.187775135040283
1950,9.0,2,0,0.1483529806137085,1,2,0,0.13931721448898315,-2.6973519325256348,-5.787681579589844,6.341395854949951,3.6571085453033447,-3.129340887069702,-1.7199070453643799
1951,12.0,2,2,0.07853981852531433,1,2,1,0.073701873421669,-11.74284553527832,-0.2574887275695801,9.325586318969727,-6.145967483520508,2.9790101051330566,2.3842732906341553
1952,56.0,2,2,0.13264502584934235,1,2,2,0.12738363444805145,-5.017425060272217,-13.775317192077637,12.516876220703125,-5.830270767211914,-3.6658663749694824,6.909382343292236
1953,2.0,2,0,0.04363323003053665,1,2,0,0.051422979682683945,-2.8026602268218994,-10.709718704223633,6.4880499839782715,0.858414351940155,-1.2200487852096558,0.240457683801651
1954,3.0,2,0,0.06108652427792549,1,2,0,0.05789950117468834,-5.622596263885498,-3.2430613040924072,7.868646621704102,7.66119384765625,0.6028421521186829,-9.958741188049316
1955,56.0,2,1,0.13526301085948944,1,2,1,0.13353067636489868,-9.128754615783691,-5.2547760009765625,10.121013641357422,2.4003055095672607,2.5949649810791016,-8.56839656829834
1956,54.0,2,0,0.11519172787666321,1,2,0,0.11273647844791412,-7.778849124908447,-5.506082057952881,10.560731887817383,3.0243284702301025,2.6060755252838135,-5.501258850097656
1957,85.0,2,1,0.050190433859825134,1,2,1,0.05069580674171448,-2.0407395362854004,-5.3199639320373535,5.520773410797119,-3.847379207611084,4.589481353759766,-3.127753734588623
1958,43.0,0,0,0.027925267815589905,1,0,1,0.01849353313446045,6.048242568969727,-5.600892066955566,-0.8696549534797668,3.554908275604248,4.296254634857178,-8.182108879089355
1959,66.0,2,1,-0.13788101077079773,1,2,0,-0.12636268138885498,-5.014664173126221,-6.063652515411377,8.322615623474121,1.5160757303237915,0.8652276992797852,-2.291001081466675
1960,9.0,2,1,-0.08759364485740662,1,2,0,-0.049884360283613205,-3.504438877105713,-9.91013240814209,8.780549049377441,3.4316532611846924,1.0197850465774536,-4.806408405303955
1961,12.0,1,2,0.09599310904741287,0,2,2,0.1535119116306305,-15.974635124206543,-7.888823986053467,17.423837661743164,-5.1211771965026855,-2.370253562927246,6.515041351318359
1962,2.0,2,1,0.06108652427792549,1,2,0,0.053622495383024216,-3.0365817546844482,-10.604111671447754,6.416200160980225,0.6390169858932495,-1.1610488891601562,0.47386378049850464
1963,12.0,2,0,0.04363323003053665,1,0,0,0.04360409453511238,7.595919132232666,-9.04333209991455,-0.7274264693260193,4.32219123840332,2.5186047554016113,-7.8778839111328125
1964,66.0,2,0,-0.13089969754219055,1,2,0,-0.12822026014328003,-5.367578029632568,-6.682404518127441,9.257467269897461,3.533978223800659,0.7290279269218445,-3.9603474140167236
1965,9.0,2,0,0.1483529806137085,1,2,0,0.16256611049175262,-2.9867632389068604,-6.981059551239014,6.906502723693848,5.809323787689209,-4.290022373199463,-1.268667459487915
1966,27.0,2,0,-0.10908307880163193,1,2,0,-0.11137594282627106,-7.093679428100586,-5.411440849304199,9.290291786193848,2.6487135887145996,-1.0205684900283813,-2.2798614501953125
1967,3.0,1,0,0.02617993950843811,0,2,1,0.11089475452899933,-13.179818153381348,3.72747802734375,5.995444297790527,-3.3552563190460205,3.901369094848633,-3.3737213611602783
1968,33.0,2,2,-0.05672319978475571,1,2,0,-0.06906112283468246,-6.472169399261475,-5.11305570602417,8.507927894592285,3.1723034381866455,-2.7189900875091553,-0.7826806306838989
1969,3.0,2,0,0.1483529806137085,1,2,0,0.14552675187587738,-6.505090236663818,-1.5961785316467285,5.791131019592285,5.552946090698242,-3.215512990951538,-3.5721285343170166
1970,56.0,2,1,0.13002702593803406,1,2,1,0.1322576403617859,-5.554264068603516,-3.841109037399292,7.963515281677246,-0.48609763383865356,2.4031922817230225,-2.645674705505371
1971,9.0,0,2,-0.02617993950843811,1,0,2,-0.015551435761153698,6.19150447845459,-4.790508270263672,-2.1757636070251465,-6.846327304840088,2.1112892627716064,4.331758975982666
1972,12.0,0,1,0.008726646192371845,1,0,1,0.0006855661049485207,11.511191368103027,-8.490803718566895,-4.077401161193848,-0.5411397814750671,2.2645158767700195,-2.7012226581573486
1973,2.0,0,0,0.008726646192371845,1,0,1,-0.001965331844985485,17.719738006591797,-11.656538963317871,-10.596590042114258,0.2553336024284363,1.3997023105621338,-3.5295450687408447
1974,3.0,0,2,-0.02617993950843811,1,0,0,-0.03944527730345726,2.5039029121398926,-7.687037467956543,0.5738856792449951,2.4568655490875244,0.03433807194232941,-3.824481725692749
1975,3.0,2,1,-0.09599310904741287,1,2,2,-0.09807820618152618,-6.773794174194336,-8.405494689941406,8.595626831054688,0.6157200336456299,-2.1470847129821777,1.381181001663208
1976,3.0,2,0,-0.07853981852531433,1,2,1,-0.08482381701469421,-3.9997122287750244,-14.746443748474121,13.352618217468262,-0.5266401171684265,1.2516059875488281,-0.7714375257492065
1977,38.0,0,1,-0.021816615015268326,1,0,1,-0.015879403799772263,9.275789260864258,-5.008768558502197,-5.291933059692383,-1.2929272651672363,1.147627353668213,-2.423344135284424
1978,12.0,2,0,-0.16580627858638763,1,2,2,-0.1601240634918213,-8.28615951538086,-9.131789207458496,12.556612968444824,-3.1268155574798584,-2.2501509189605713,0.9321725964546204
1979,9.0,2,1,0.07853981852531433,1,0,0,0.05975433811545372,7.752141952514648,-11.898099899291992,-1.940394401550293,2.8245511054992676,-0.5763483047485352,-3.9036705493927
1980,22.0,2,1,-0.16667895019054413,1,2,2,-0.17121116816997528,-5.673753261566162,-2.817066192626953,6.299928665161133,-6.63367223739624,0.30869895219802856,3.174778938293457
1981,3.0,2,1,-0.04363323003053665,1,2,2,-0.0304616279900074,-3.982797622680664,-6.879424095153809,7.711705684661865,-3.9755403995513916,1.6367511749267578,2.7564597129821777
1982,2.0,2,0,-0.07853981852531433,1,2,0,-0.0821123793721199,-6.218494415283203,-4.692526817321777,9.073147773742676,4.245304107666016,1.813279151916504,-6.060949325561523
1983,2.0,2,1,-0.07853981852531433,1,2,1,-0.08325369656085968,-3.284546136856079,-10.750657081604004,8.29090690612793,-3.0519325733184814,1.8470206260681152,0.12690991163253784
1984,9.0,0,0,0.008726646192371845,1,0,1,-0.008409694768488407,16.280813217163086,-6.294071674346924,-10.382535934448242,1.882364273071289,7.315930366516113,-10.2777099609375
1985,2.0,2,2,0.09599310904741287,1,2,1,0.09195573627948761,-5.584053039550781,-6.398456573486328,4.540584564208984,-3.961015462875366,3.0072364807128906,0.9897639155387878
1986,9.0,0,0,0.008726646192371845,1,0,1,-0.0058820126578211784,14.240079879760742,-6.265483856201172,-8.246780395507812,2.126495361328125,6.648355007171631,-9.453774452209473
1987,2.0,0,0,0.028665738180279732,1,0,1,0.021509818732738495,11.948806762695312,-8.871081352233887,-7.6364521980285645,0.6817411780357361,3.6833620071411133,-5.353723049163818
1988,3.0,2,1,-0.13089969754219055,1,2,0,-0.09912922978401184,-6.801728248596191,-4.036926746368408,7.730659008026123,2.3884806632995605,2.3458364009857178,-6.384593963623047
1989,85.0,2,1,0.036651913076639175,1,0,1,0.040485482662916183,2.327390193939209,-3.5875890254974365,0.3544388711452484,-3.921877861022949,4.202990531921387,-3.175675392150879
1990,54.0,2,0,0.11519172787666321,1,2,0,0.1162518560886383,-5.3824462890625,-4.996639251708984,8.101163864135742,0.9812462329864502,-2.0988473892211914,0.05016607791185379
1991,2.0,2,1,-0.09599310904741287,1,2,2,-0.11163969337940216,-4.194537162780762,-4.6141862869262695,6.780812740325928,-4.1129937171936035,1.7741682529449463,2.6214380264282227
1992,3.0,2,1,0.09599310904741287,1,2,1,0.08936342597007751,-5.777791976928711,-9.855683326721191,11.40540885925293,-0.2640029191970825,6.405440330505371,-9.3845796585083
1993,12.0,2,2,0.13089969754219055,1,2,1,0.10998013615608215,-2.895388603210449,-8.25063705444336,8.078760147094727,-1.3964147567749023,1.4816765785217285,-0.8241820931434631
1994,2.0,2,1,-0.11344639956951141,1,2,1,-0.11534082889556885,-5.062158584594727,-1.3401936292648315,4.685941696166992,-2.2646899223327637,2.2443060874938965,-2.3963844776153564
1995,56.0,2,1,0.1351390928030014,1,2,1,0.1344379037618637,-5.949554443359375,-4.6475019454956055,8.213135719299316,1.9683642387390137,3.1394481658935547,-4.835338115692139
1996,9.0,2,0,0.09599310904741287,1,2,2,0.0815228596329689,-5.48638916015625,-7.6332807540893555,9.207625389099121,0.028092943131923676,-2.496670722961426,2.5678274631500244
1997,3.0,2,0,0.1483529806137085,1,2,0,0.13861246407032013,-3.155317544937134,-4.754720211029053,6.38312292098999,2.4149417877197266,0.8693230152130127,-4.597846508026123
1998,27.0,1,1,-0.1178097277879715,0,1,1,-0.027302030473947525,-5.622613906860352,8.777789115905762,-3.796363592147827,-6.351839065551758,4.982814788818359,-0.8122650384902954
1999,43.0,0,1,0.030543262138962746,1,0,1,0.04238735884428024,5.420285701751709,-5.389725208282471,-3.2273058891296387,-1.3945460319519043,2.5373611450195312,-4.533984661102295
2000,3.0,2,1,-0.1483529806137085,1,2,1,-0.1860802322626114,-9.311246871948242,-3.0563130378723145,7.693374156951904,1.0431890487670898,3.3878846168518066,-5.057490348815918
2001,27.0,2,1,-0.11342883855104446,1,2,0,-0.11954183876514435,-7.446538925170898,-10.057421684265137,12.393925666809082,1.6873801946640015,0.6287985444068909,-3.400193452835083
2002,3.0,2,2,-0.11344639956951141,1,2,1,-0.1154639720916748,-9.025857925415039,-7.342433929443359,10.091532707214355,-1.0943776369094849,0.6929181218147278,0.6111873984336853
2003,54.0,1,1,0.10908307880163193,0,1,1,0.17043080925941467,-12.956339836120605,14.178753852844238,-4.144900321960449,-9.263447761535645,13.284337043762207,-8.820343971252441
2004,12.0,2,1,0.09599310904741287,1,2,2,0.08139225095510483,-5.467123985290527,-7.823631286621094,9.261886596679688,-0.8122326731681824,-2.418962240219116,3.2114925384521484
2005,2.0,2,1,-0.09599310904741287,1,2,2,-0.0760466605424881,-5.687954425811768,-6.0860676765441895,8.432892799377441,-0.9024657011032104,-0.7042357325553894,0.7883650064468384
2006,2.0,2,1,0.1483529806137085,1,2,1,0.14266367256641388,-1.8406686782836914,-5.447028636932373,2.866905689239502,-3.4353535175323486,2.297578811645508,1.6225696802139282
2007,33.0,2,0,-0.05672319978475571,1,2,0,-0.0548146553337574,-3.3811686038970947,-4.400706768035889,5.600342273712158,4.581569194793701,-3.521651029586792,-2.251560926437378
2008,9.0,2,2,-0.07853981852531433,1,2,0,-0.09011775255203247,-6.979531288146973,-8.688859939575195,9.223809242248535,1.5962657928466797,-1.2794208526611328,-0.801753044128418
2009,9.0,0,0,0.02617993950843811,1,0,1,0.017528485506772995,8.395041465759277,-8.128623962402344,-2.247807025909424,-3.6422202587127686,1.2888679504394531,0.6394028663635254
2010,9.0,2,2,-0.16580627858638763,1,2,1,-0.16530302166938782,-4.317706108093262,-7.6921186447143555,8.516077995300293,-1.2830110788345337,-0.24190185964107513,-0.2585826814174652
2011,9.0,2,1,-0.07853981852531433,1,2,0,-0.07177147269248962,-4.944214344024658,-14.395484924316406,11.48692798614502,0.21888279914855957,-0.5416479706764221,0.17984455823898315
2012,3.0,2,2,-0.1483529806137085,1,2,0,-0.16449089348316193,-6.759184837341309,-5.358659267425537,5.353758335113525,3.7177581787109375,-0.7265900373458862,-3.646228313446045
2013,43.0,0,0,0.027925267815589905,1,0,0,0.03140370175242424,8.86822509765625,-6.132757663726807,-6.491282939910889,5.918002128601074,1.398142695426941,-8.345975875854492
2014,60.0,2,0,0.17016960680484772,1,2,0,0.1631505936384201,-4.422401428222656,-2.7382116317749023,5.241836071014404,2.5166289806365967,0.1686844378709793,-2.0345261096954346
2015,9.0,0,1,-0.008726646192371845,1,0,2,-0.02231474593281746,12.464683532714844,-9.016225814819336,-4.653241157531738,-8.402040481567383,2.9457950592041016,3.617100477218628
2016,3.0,2,2,-0.11344639956951141,1,2,2,-0.13432440161705017,-11.804638862609863,-8.678589820861816,13.664196014404297,0.6464688181877136,-1.0085155963897705,1.5295673608779907
2017,3.0,2,0,-0.06108652427792549,1,2,2,-0.07004188001155853,-6.497753620147705,-3.14229679107666,8.278117179870605,-1.6251674890518188,0.6825146675109863,1.268796443939209
2018,40.0,0,1,-0.004363323096185923,1,0,1,-0.016196031123399734,9.55624771118164,-6.263676643371582,-4.276714324951172,0.03365951031446457,3.5240817070007324,-3.5125231742858887
2019,54.0,2,1,0.11300761252641678,1,2,1,0.1309102326631546,-7.614885330200195,-6.748286724090576,10.364729881286621,-1.1156312227249146,-0.0732300728559494,-1.563006043434143
2020,43.0,0,1,0.027883298695087433,1,0,1,0.028462175279855728,5.753876209259033,-4.079716205596924,-1.7656233310699463,-1.2505834102630615,4.617908477783203,-3.6575162410736084
2021,60.0,2,1,0.16144295036792755,1,2,1,0.1475672423839569,-4.091522693634033,-2.599480628967285,4.930172443389893,-4.1271071434021,4.72354793548584,-1.7808361053466797
2022,2.0,2,1,0.16580627858638763,1,2,1,0.17963749170303345,-4.1766180992126465,-2.9792070388793945,4.021657466888428,0.3642233908176422,0.44239720702171326,-0.08252006024122238
2023,54.0,2,0,0.1178097277879715,1,2,0,0.12324494123458862,-2.6853485107421875,-7.764096736907959,7.411281108856201,6.802043437957764,-5.393694877624512,-2.083889961242676
2024,43.0,0,1,0.021816615015268326,1,0,1,0.002649662084877491,9.672385215759277,-2.1104843616485596,-7.753973007202148,-2.766319513320923,5.5273542404174805,-7.134302616119385
2025,33.0,2,1,-0.0593411959707737,1,2,1,-0.06844903528690338,-7.087673187255859,-3.870666742324829,9.207738876342773,-0.6925034523010254,2.8781304359436035,-3.130411386489868
2026,41.0,0,2,0.013089969754219055,1,0,2,0.003713061101734638,6.726352214813232,-4.956538677215576,-3.2864015102386475,-9.556029319763184,-0.30239248275756836,6.087418079376221
2027,12.0,0,1,-0.008726646192371845,1,0,2,-0.027777839452028275,14.010516166687012,-5.77216100692749,-9.345904350280762,-9.76762866973877,2.9264333248138428,4.439037322998047
2028,40.0,0,1,-0.004363323096185923,1,0,1,-0.0020773177966475487,14.479909896850586,-8.862117767333984,-7.014218330383301,-1.4166926145553589,3.8231005668640137,-7.499706745147705
2029,54.0,2,2,0.1178097277879715,1,2,2,0.1114174872636795,-7.959582805633545,-6.90186071395874,10.581542015075684,-0.6287798881530762,-2.683638334274292,1.8544374704360962
2030,2.0,2,0,-0.09599310904741287,1,2,0,-0.11401963233947754,-7.228484630584717,-5.941892147064209,10.151528358459473,4.733709812164307,-1.4093163013458252,-2.984097957611084
2031,2.0,2,1,0.11344639956951141,1,2,1,0.09735120832920074,-5.6395039558410645,-5.789754390716553,4.11836576461792,-4.087729454040527,2.9712395668029785,1.237844705581665
2032,12.0,2,2,0.13089969754219055,1,2,2,0.12584997713565826,-4.171518802642822,-4.300964832305908,6.603936195373535,-4.860159397125244,-0.0851464718580246,4.157896041870117
2033,9.0,0,1,0.02617993950843811,1,0,1,0.027480561286211014,7.033134460449219,-6.489817142486572,-1.8703505992889404,-2.5394911766052246,1.01595139503479,-0.40133804082870483
2034,41.0,0,2,0.010471975430846214,1,0,2,0.011389200575649738,4.53879976272583,-2.878779888153076,-2.4082517623901367,-0.33568891882896423,-1.4150304794311523,0.27617985010147095
2035,9.0,2,2,0.06108652427792549,1,2,1,0.05068888142704964,-6.968864440917969,-5.9235968589782715,9.834595680236816,0.7268378734588623,4.040923118591309,-5.707695484161377
2036,12.0,2,1,0.1483529806137085,1,2,1,0.1600130796432495,-9.250823020935059,-3.0173816680908203,9.037034034729004,2.0297491550445557,5.917044639587402,-10.935556411743164
2037,43.0,0,1,0.029867328703403473,1,0,1,0.022393863648176193,4.9324951171875,-1.750203251838684,-3.4259490966796875,-4.090611457824707,3.5088586807250977,1.0407938957214355
2038,33.0,2,1,-0.060552097856998444,1,2,1,-0.06503155827522278,-5.993664741516113,-14.086479187011719,13.851211547851562,-1.37682044506073,6.309463024139404,-2.8056561946868896
2039,3.0,2,0,0.06108652427792549,1,2,0,0.059371188282966614,-5.578919410705566,-6.283230304718018,9.032488822937012,3.053126335144043,-0.2628367841243744,-3.0413920879364014
2040,2.0,2,2,0.16580627858638763,1,2,1,0.13088522851467133,-0.2046160250902176,-10.494734764099121,4.550258636474609,-6.794018745422363,4.767658233642578,2.2720746994018555
2041,9.0,2,0,0.09599310904741287,1,2,0,0.09147635102272034,-8.60117244720459,-4.763347148895264,10.180865287780762,2.9015567302703857,0.5388088226318359,-3.581164836883545
2042,3.0,2,2,0.09660609066486359,1,2,2,0.10289019346237183,-5.8486456871032715,-3.530190944671631,7.710056781768799,-4.780285835266113,2.246389389038086,2.310119390487671
2043,3.0,0,0,0.008726646192371845,1,0,0,0.0019673826172947884,14.31069278717041,-3.6304173469543457,-10.558677673339844,1.8827784061431885,-0.04382412135601044,-4.831716060638428
2044,33.0,2,0,-0.05672319978475571,1,2,0,-0.05476802960038185,-4.711540699005127,-2.8632607460021973,5.577284336090088,7.213428974151611,0.012360287830233574,-8.420492172241211
2045,54.0,2,0,0.11519172787666321,1,2,1,0.10699054598808289,-6.940249443054199,-0.5635486841201782,5.707589626312256,0.5973591208457947,2.3924384117126465,-3.095930576324463
2046,9.0,2,2,-0.07853981852531433,1,2,0,-0.08924397826194763,-6.832849502563477,-9.13936710357666,9.36104679107666,1.4618542194366455,-1.384246587753296,-0.543380618095398
2047,41.0,0,0,0.013089969754219055,1,0,2,0.011387850157916546,4.538153171539307,-2.8778622150421143,-2.4083733558654785,-0.33621951937675476,-1.4146227836608887,0.276425302028656
2048,9.0,2,1,0.0657087117433548,1,2,1,0.050772663205862045,-4.767667770385742,-10.247268676757812,8.914977073669434,-2.2262027263641357,2.426326274871826,0.12254364043474197
2049,12.0,2,0,0.04363323003053665,1,2,0,0.03577349707484245,1.3579175472259521,-7.658921241760254,3.625525951385498,4.628165245056152,-0.7969900965690613,-4.779125690460205
2050,12.0,1,2,0.09599310904741287,0,2,0,0.21906520426273346,-8.355074882507324,-2.2970492839813232,6.620524883270264,4.783302307128906,-0.28807979822158813,-6.972848415374756
2051,27.0,2,1,-0.1178097277879715,1,2,1,-0.09863167256116867,-4.247820854187012,-3.939542055130005,5.883798599243164,-4.874238014221191,3.8529679775238037,-1.586941123008728
2052,3.0,0,1,-0.008726646192371845,1,0,1,-0.01799359917640686,15.435029983520508,-9.572304725646973,-6.988365173339844,0.1882413625717163,3.610532283782959,-4.809469223022461
2053,3.0,2,0,-0.07651039212942123,1,2,1,-0.09157267212867737,-2.3902344703674316,-15.730082511901855,12.61474609375,-2.4761908054351807,3.0969419479370117,-1.200506329536438
2054,12.0,2,2,-0.1483529806137085,1,2,1,-0.15312029421329498,-4.745922088623047,-1.4049230813980103,5.067726135253906,-1.68306303024292,-0.047788769006729126,-0.4736176133155823
2055,12.0,0,2,-0.008726646192371845,1,0,2,-0.0027153687551617622,13.133478164672852,-7.203150272369385,-6.943484306335449,-7.105471611022949,1.2273999452590942,4.163935661315918
2056,27.0,2,1,-0.11170107126235962,1,2,1,-0.10414037853479385,-8.91159725189209,-6.021725654602051,11.548564910888672,2.0635643005371094,2.749537706375122,-5.244239807128906
2057,9.0,2,1,-0.04363323003053665,1,2,2,-0.051896046847105026,-4.547577857971191,-4.960070610046387,5.038924694061279,0.6635041236877441,-1.7697094678878784,2.462339401245117
2058,54.0,2,1,0.1178097277879715,1,2,0,0.12960675358772278,-3.398040771484375,-6.12080717086792,6.775670528411865,8.087977409362793,1.89652419090271,-11.731677055358887
2059,66.0,2,0,-0.13089969754219055,1,2,0,-0.12952178716659546,-5.560741901397705,-6.413625717163086,9.321619033813477,4.267498016357422,-0.2479659467935562,-3.9235246181488037
2060,2.0,2,2,-0.04363323003053665,1,2,2,-0.04693588241934776,-2.7407519817352295,-7.402533054351807,7.590340614318848,-9.111448287963867,1.3243741989135742,5.589022636413574
2061,3.0,2,0,0.06108652427792549,1,2,0,0.06253784149885178,-3.0279502868652344,-6.039565086364746,6.777989387512207,7.956358909606934,2.5070133209228516,-14.421154022216797
2062,2.0,2,2,0.16580627858638763,1,2,2,0.10561742633581161,-2.427678346633911,-6.637447834014893,3.444694995880127,-5.531655311584473,2.7720108032226562,3.303189992904663
2063,9.0,2,1,0.07853981852531433,1,2,2,0.0908035933971405,-4.53800106048584,-2.4620513916015625,1.861995816230774,-0.18218517303466797,-3.5895426273345947,2.8428945541381836
2064,33.0,2,1,-0.05672319978475571,1,2,2,-0.05910852923989296,-7.873016834259033,-2.608187437057495,8.049139022827148,-4.112533092498779,1.1862871646881104,1.9336168766021729
2065,12.0,2,2,0.13089969754219055,1,2,2,0.12681736052036285,-4.513792991638184,-4.6681342124938965,7.183099269866943,-4.404922008514404,0.022320879623293877,3.5611212253570557
2066,3.0,2,1,-0.07853981852531433,1,2,0,-0.06972377002239227,-3.8635613918304443,-8.01271915435791,9.027579307556152,2.6521782875061035,0.2968786358833313,-3.6469738483428955
2067,38.0,0,1,-0.021816615015268326,1,0,1,-0.04748229309916496,9.507427215576172,-4.922906875610352,-5.474641799926758,-4.061257362365723,4.297438621520996,-0.7887840867042542
2068,2.0,2,0,-0.07853981852531433,1,2,0,-0.08090712130069733,-2.6401548385620117,-7.056277751922607,7.739651679992676,4.286346912384033,3.5558242797851562,-7.553094387054443
2069,9.0,2,2,0.04363323003053665,1,2,2,0.05598381534218788,-6.163995265960693,-3.406996250152588,6.370028972625732,0.7140669822692871,-3.195918083190918,0.8298903703689575
2070,9.0,2,1,0.07853981852531433,1,2,2,0.06968636065721512,-2.5534749031066895,-7.6092352867126465,4.46705436706543,-4.357114315032959,-0.35341569781303406,4.830394744873047
2071,12.0,2,1,-0.07853981852531433,1,2,1,-0.07120364904403687,-2.8552191257476807,-6.731742858886719,5.741156578063965,0.8170203566551208,1.5995028018951416,-2.4728028774261475
2072,9.0,2,2,-0.1483529806137085,1,2,0,-0.1253606081008911,-6.236677646636963,-5.391453266143799,9.38894271850586,8.254134178161621,-2.208559513092041,-6.710020542144775
2073,27.0,2,2,-0.10908307880163193,1,2,0,-0.11270374059677124,-7.910613059997559,-7.2593302726745605,11.815495491027832,6.102603435516357,0.34562137722969055,-4.707154273986816
2074,12.0,2,0,-0.16580627858638763,1,2,2,-0.16664354503154755,-9.44675350189209,-8.823432922363281,13.294429779052734,-4.601170539855957,-1.6177388429641724,1.9825286865234375
2075,12.0,0,2,0.008726646192371845,1,0,2,-0.023699413985013962,10.732446670532227,-8.397822380065918,-3.435565948486328,-5.692242622375488,-0.2945871949195862,3.665648937225342
2076,2.0,2,2,0.07853981852531433,1,2,1,0.05581359937787056,-4.961390018463135,-6.607292652130127,3.8363001346588135,-6.402285575866699,6.336397647857666,-0.6628539562225342
2077,60.0,2,1,0.16144295036792755,1,2,1,0.14719392359256744,-2.5068905353546143,-4.733911514282227,5.456395626068115,-4.265485763549805,5.475198745727539,-2.5660412311553955
2078,56.0,2,1,0.12653636932373047,1,2,1,0.13139644265174866,-1.3143330812454224,-4.2452850341796875,4.09255838394165,-5.97428560256958,7.034034729003906,-2.540107488632202
2079,2.0,2,1,0.06108652427792549,1,2,0,0.05711543932557106,-3.352973222732544,-9.762560844421387,5.849533557891846,0.37639614939689636,0.0019073020666837692,-0.4412343502044678
2080,9.0,2,1,-0.133876234292984,1,2,0,-0.13152728974819183,-8.297410011291504,-9.237432479858398,13.30066967010498,4.752087593078613,-3.5830531120300293,-2.839860200881958
2081,2.0,2,1,0.11344639956951141,1,2,2,0.10106754302978516,-6.51811408996582,-5.00602912902832,3.756258010864258,-5.632388114929199,2.676168918609619,3.1465413570404053
2082,56.0,2,2,0.13264502584934235,1,2,2,0.1287485957145691,-4.199623107910156,-4.457089424133301,6.748660087585449,-4.681182384490967,-0.0631176084280014,3.9464375972747803
2083,9.0,2,1,-0.16580627858638763,1,2,2,-0.16502171754837036,-7.0696001052856445,-5.151043891906738,9.194313049316406,-2.2451536655426025,1.186941146850586,1.7162082195281982
2084,2.0,2,1,0.13089969754219055,1,2,1,0.13203684985637665,-5.124269485473633,-12.756647109985352,9.869254112243652,-11.720718383789062,6.602025032043457,3.5574934482574463
2085,3.0,2,2,-0.1483529806137085,1,2,0,-0.15441729128360748,-8.856258392333984,-5.738240718841553,9.049628257751465,2.9497339725494385,-1.3179359436035156,-1.7204182147979736
2086,43.0,0,1,0.030543262138962746,1,0,2,0.02716338261961937,6.724684715270996,-7.48262882232666,-1.7479729652404785,-3.483527183532715,-0.23117269575595856,2.874370813369751
2087,2.0,2,2,0.09599310904741287,1,2,1,0.07280991971492767,-6.317351818084717,-7.346810817718506,5.50783109664917,-5.573906898498535,5.034675121307373,0.478188693523407
2088,3.0,2,1,-0.1483529806137085,1,2,1,-0.1879110485315323,-9.30623722076416,-3.441275119781494,7.798752307891846,-0.316557914018631,3.5025455951690674,-3.663787841796875
2089,40.0,0,0,-0.004363323096185923,1,0,0,-0.002257704734802246,7.807468414306641,-6.458123683929443,-2.458604574203491,3.76582932472229,-1.8517956733703613,-4.685620307922363
2090,3.0,2,1,0.04363323003053665,1,2,1,0.04214717447757721,0.1931081861257553,-6.124152660369873,4.863005638122559,1.0236281156539917,3.449239730834961,-4.6944379806518555
2091,2.0,2,1,-0.11344639956951141,1,2,1,-0.11892545223236084,-5.134903430938721,-1.72713303565979,4.850486755371094,-2.802685022354126,2.886336326599121,-2.331562042236328
2092,12.0,2,0,0.06108652427792549,1,2,0,0.08010949194431305,-6.799182415008545,-11.41804313659668,13.108010292053223,11.104920387268066,4.181072235107422,-15.423184394836426
2093,40.0,0,2,-0.006981316953897476,1,0,1,-0.012452066875994205,15.087233543395996,-11.228126525878906,-5.8984479904174805,-6.360476493835449,5.041051864624023,-1.1657384634017944
2094,2.0,2,0,0.04363323003053665,1,2,0,0.051230620592832565,-2.862614631652832,-10.759747505187988,6.559784889221191,0.8505385518074036,-1.2488155364990234,0.29033344984054565
2095,12.0,2,0,0.06101473420858383,1,2,0,0.07414201647043228,-8.673519134521484,-8.238042831420898,12.434483528137207,12.491287231445312,5.168759346008301,-19.079252243041992
2096,12.0,2,1,-0.1483529806137085,1,2,1,-0.1531476527452469,-5.907416343688965,-4.061427593231201,7.246518611907959,-2.4940507411956787,5.557684421539307,-3.4830739498138428
2097,12.0,0,1,-0.020962290465831757,1,0,1,-0.050984371453523636,6.961805820465088,-15.11706256866455,0.8761546611785889,1.995354413986206,3.335749626159668,-3.4999747276306152
2098,3.0,0,2,-0.02617993950843811,1,0,2,-0.03898240253329277,9.057158470153809,-4.904298305511475,-6.002261638641357,-9.230718612670898,3.54766583442688,3.7601001262664795
2099,56.0,2,2,0.13264502584934235,1,2,1,0.12214069068431854,-10.548100471496582,-7.771153450012207,13.784672737121582,0.1254602074623108,1.396498680114746,-1.3880035877227783
2100,40.0,0,1,-0.004363323096185923,1,0,1,0.005871948786079884,10.019861221313477,-5.935858726501465,-5.729996204376221,-5.652963638305664,2.102839231491089,0.2833424210548401
2101,40.0,0,1,-0.00794261135160923,1,0,1,-0.05941634252667427,2.2678024768829346,-5.754908084869385,0.2720235586166382,0.022295884788036346,3.3995473384857178,-2.5867958068847656
2102,3.0,2,1,-0.1483529806137085,1,2,1,-0.18617425858974457,-9.498796463012695,-3.128891944885254,7.841092109680176,0.2914886772632599,3.550337314605713,-4.354690074920654
2103,60.0,2,2,0.16755160689353943,1,2,2,0.14511142671108246,-6.453124046325684,-9.056425094604492,11.097283363342285,-7.288589000701904,-3.0019190311431885,7.656558990478516
2104,60.0,2,1,0.16144295036792755,1,2,2,0.1501966118812561,-3.3739078044891357,-3.3702232837677,4.87281608581543,-4.295290946960449,1.5006924867630005,1.8197760581970215
2105,38.0,0,0,-0.028377145528793335,1,0,0,-0.023628953844308853,3.076472282409668,-4.8090996742248535,0.4477991461753845,1.0199556350708008,-1.399451732635498,-1.2126166820526123
2106,38.0,0,1,-0.021816615015268326,1,0,1,-0.022646885365247726,7.290754318237305,-5.856011867523193,-1.9971272945404053,-3.8068363666534424,3.9391653537750244,1.4708685874938965
2107,9.0,2,1,0.09599310904741287,1,2,2,0.09982042014598846,-5.856372356414795,-10.288308143615723,11.820446968078613,-5.510806083679199,1.0257114171981812,4.0194091796875
2108,41.0,0,1,0.013089969754219055,1,0,1,0.0033261114731431007,13.109201431274414,-10.753382682800293,-4.876954555511475,-6.304128646850586,2.6129708290100098,-1.0462207794189453
2109,9.0,2,1,-0.09599310904741287,1,2,0,-0.09279097616672516,-7.17198371887207,-2.6169776916503906,7.560412883758545,3.8459620475769043,-0.6143785715103149,-4.349813461303711
2110,3.0,2,0,0.1483529806137085,1,2,0,0.14371366798877716,-3.6583855152130127,-4.10039758682251,5.097195625305176,5.9612040519714355,0.5849835276603699,-9.042041778564453
2111,56.0,2,2,0.13526301085948944,1,2,2,0.11777124553918839,-8.134010314941406,-8.655862808227539,12.093424797058105,-15.99693775177002,-2.847431182861328,14.101337432861328
2112,2.0,2,2,0.07853981852531433,1,2,1,0.05549600347876549,-4.897940635681152,-6.632598400115967,3.823669672012329,-6.363866806030273,6.342374324798584,-0.7144261002540588
2113,12.0,2,2,0.07853981852531433,1,2,2,0.08147851377725601,-5.269925117492676,-3.5137600898742676,6.8208723068237305,-3.526334047317505,2.006784200668335,2.0077033042907715
2114,66.0,2,0,-0.13089969754219055,1,2,0,-0.1280624270439148,-5.343655586242676,-6.684228420257568,9.231103897094727,3.4551403522491455,0.8173522353172302,-3.9542958736419678
2115,38.0,0,0,-0.021816615015268326,1,0,0,-0.020885933190584183,9.166383743286133,-5.91990852355957,-4.441940784454346,5.087194442749023,-2.256833076477051,-6.5087480545043945
2116,43.0,0,1,0.02619750425219536,1,0,1,0.02360779047012329,5.676700592041016,-3.2409191131591797,-2.917701482772827,-2.1103005409240723,0.6224252581596375,0.567908763885498
2117,60.0,2,1,0.16755160689353943,1,2,2,0.1426023542881012,-7.191580295562744,-10.193602561950684,12.556051254272461,-8.1481351852417,-2.541191339492798,7.44918966293335
2118,40.0,0,1,-0.004363323096185923,1,0,0,-0.0021396754309535027,12.816636085510254,-8.981209754943848,-6.727871894836426,0.855202853679657,0.7726100087165833,-3.471757173538208
2119,56.0,2,1,0.13526301085948944,1,2,1,0.12922021746635437,-8.129409790039062,-2.329894542694092,6.773004531860352,-2.2794735431671143,6.7002973556518555,-5.58998441696167
2120,2.0,2,1,-0.1483529806137085,1,2,1,-0.13881485164165497,-4.982568264007568,-2.731018304824829,6.04341459274292,-1.7827503681182861,4.526501178741455,-3.9114303588867188
2121,3.0,2,0,0.1483529806137085,1,2,0,0.14147233963012695,-3.1927101612091064,-3.2962241172790527,3.1663808822631836,5.440467834472656,0.2818964123725891,-7.4488844871521
2122,12.0,2,1,-0.07853981852531433,1,2,2,-0.07617675513029099,-6.35342264175415,-4.827859878540039,5.4355268478393555,1.066152811050415,-1.3049545288085938,1.2207727432250977
2123,12.0,0,0,-0.02617993950843811,1,0,1,0.006321039982140064,5.344810962677002,-10.949838638305664,0.6549816727638245,-2.524441719055176,2.7241735458374023,-2.823634147644043
2124,9.0,2,1,-0.04566265270113945,1,2,2,-0.05886797234416008,-4.441530227661133,-5.403666973114014,5.515476226806641,1.171707034111023,-1.6224606037139893,1.8734982013702393
2125,12.0,2,2,0.14252188801765442,1,2,2,0.14309407770633698,-4.7313313484191895,-3.2371020317077637,6.276902675628662,-1.9081777334213257,0.30115216970443726,0.7362602353096008
2126,43.0,0,1,0.030543262138962746,1,0,0,0.03292975202202797,4.002874374389648,-4.097718238830566,-1.1034505367279053,10.80944538116455,-0.6991844773292542,-13.998221397399902
2127,2.0,2,2,0.07853981852531433,1,2,1,0.05563953146338463,-4.928547382354736,-6.617712020874023,3.827693223953247,-6.3821282386779785,6.338646411895752,-0.6890567541122437
2128,2.0,2,1,-0.09599310904741287,1,2,1,-0.10095641762018204,-5.425361633300781,-4.485815048217773,7.504150867462158,-3.7069897651672363,1.596431016921997,1.3625305891036987
2129,9.0,2,0,0.16580627858638763,1,2,1,0.14644065499305725,-7.638497352600098,-4.25355863571167,7.993931770324707,-5.528966426849365,3.344383716583252,1.3625593185424805
2130,41.0,0,2,0.010471975430846214,1,0,2,0.011389200575649738,4.53879976272583,-2.878779888153076,-2.4082517623901367,-0.33568891882896423,-1.4150304794311523,0.27617985010147095
2131,2.0,2,1,-0.1483529806137085,1,2,1,-0.13980403542518616,-4.978616714477539,-2.716981887817383,6.025455951690674,-1.7300187349319458,4.537258625030518,-4.020434379577637
2132,9.0,0,1,-0.008726646192371845,1,0,2,-0.01590830832719803,10.407937049865723,-10.038996696472168,-2.4893953800201416,-10.134018898010254,2.4322919845581055,4.94246244430542
2133,2.0,2,1,0.16580627858638763,1,2,1,0.14902155101299286,-2.7170093059539795,-9.36959171295166,5.104361534118652,-7.981490612030029,6.931853771209717,0.8327226042747498
2134,2.0,2,0,-0.09599310904741287,1,2,0,-0.11340795457363129,-8.472437858581543,-4.51244592666626,10.743047714233398,3.036926031112671,-0.8852064609527588,-1.420081377029419
2135,85.0,2,1,0.0369751900434494,1,2,1,0.04398823902010918,-3.5352697372436523,-0.5509474277496338,2.8734147548675537,-3.628160238265991,6.541610240936279,-4.465267181396484
2136,54.0,2,0,0.1178097277879715,1,2,0,0.12186048179864883,-4.772573947906494,-4.2898268699646,5.857156753540039,9.0689697265625,1.5249173641204834,-13.59963321685791
2137,3.0,2,1,0.09599310904741287,1,2,1,0.0837339460849762,-7.376588821411133,-9.386754989624023,12.298467636108398,0.1360793113708496,5.561845779418945,-8.268257141113281
2138,66.0,2,0,-0.12391837686300278,1,2,0,-0.12633360922336578,-4.426478385925293,-0.7010936737060547,3.8036882877349854,3.908460855484009,-1.0142524242401123,-5.027348041534424
2139,2.0,2,2,-0.11344639956951141,1,2,2,-0.10995893180370331,-6.049280166625977,-2.377232551574707,6.119518280029297,-7.769050598144531,-0.4029308259487152,5.668011665344238
2140,12.0,2,1,-0.06108652427792549,1,2,2,-0.07180348038673401,-4.957187652587891,-6.160610675811768,8.371758460998535,-0.5853773951530457,-3.9596965312957764,2.8324522972106934
2141,9.0,2,2,-0.1483529806137085,1,2,2,-0.15185865759849548,-4.925009250640869,-1.2337782382965088,4.421807289123535,-4.386195182800293,-0.0436195507645607,1.1622779369354248
2142,3.0,2,1,-0.09599310904741287,1,2,2,-0.10199141502380371,-7.037766933441162,-8.458266258239746,8.932979583740234,0.6290139555931091,-2.2438089847564697,1.4194190502166748
2143,9.0,2,2,0.04363323003053665,1,2,2,0.05668235942721367,-6.310771465301514,-3.2325439453125,6.329038619995117,0.41444945335388184,-3.2798545360565186,1.205121636390686
2144,12.0,2,0,-0.04363323003053665,1,2,2,-0.04702762886881828,-4.668874740600586,-6.76715612411499,8.823966026306152,-8.956189155578613,1.4139583110809326,5.512945652008057
2145,12.0,2,0,0.04363323003053665,1,2,0,0.04350540414452553,-1.6092537641525269,-7.276697635650635,6.505906105041504,2.022014617919922,0.8282544016838074,-4.491850852966309
2146,12.0,2,1,-0.06108652427792549,1,2,2,-0.06617526710033417,-3.799173593521118,-9.612662315368652,9.764887809753418,-4.100106716156006,-1.5248172283172607,3.804990291595459
2147,3.0,0,2,-0.02617993950843811,1,0,0,-0.03424331918358803,2.336780071258545,-8.012269020080566,0.9713432192802429,1.5976876020431519,-0.12136588990688324,-2.5012683868408203
2148,40.0,0,0,-0.004363323096185923,1,0,0,0.010401583276689053,8.570785522460938,-9.149580955505371,-1.91074800491333,10.125778198242188,-0.39776140451431274,-14.329632759094238
2149,9.0,2,1,0.13089969754219055,1,2,1,0.122771255671978,-1.730589747428894,-6.479283332824707,6.528637886047363,-2.6105849742889404,5.736185073852539,-5.181314468383789
2150,54.0,2,0,0.11519172787666321,1,2,2,0.10924635827541351,-5.881192207336426,-4.501328468322754,8.304808616638184,-2.0103931427001953,-0.6951776742935181,1.9043021202087402
2151,9.0,2,1,-0.11344639956951141,1,2,0,-0.08422800153493881,-6.574915885925293,-14.746025085449219,15.311372756958008,4.67923641204834,1.0119404792785645,-4.80042028427124
2152,3.0,2,0,0.06108652427792549,1,2,0,0.05687690153717995,-5.709299087524414,-7.246150970458984,9.847397804260254,3.7931134700775146,-0.41459131240844727,-3.6844441890716553
2153,22.0,2,1,-0.16406095027923584,1,2,1,-0.17604683339595795,-6.716789722442627,-3.5260918140411377,8.01895809173584,-2.5688672065734863,4.029507160186768,-2.3485734462738037
2154,2.0,2,0,-0.07853981852531433,1,2,0,-0.0766107365489006,-4.151142120361328,-5.659975528717041,7.441071033477783,2.420823574066162,-0.7112123370170593,-3.0453264713287354
2155,12.0,2,2,0.13089969754219055,1,2,2,0.11557119339704514,-2.5870778560638428,-6.376625061035156,6.978148460388184,-2.702693223953247,-0.6050480604171753,2.186086893081665
2156,27.0,2,1,-0.1178097277879715,1,2,1,-0.1136365681886673,-5.405028820037842,-3.1307547092437744,6.65990686416626,-3.9871277809143066,2.6737277507781982,-0.2309519648551941
2157,2.0,2,1,-0.06108652427792549,1,2,2,-0.08399887382984161,-4.633427619934082,-14.51716136932373,10.908096313476562,-0.5300536155700684,-0.23586593568325043,0.5847164988517761
2158,12.0,2,0,0.04363323003053665,1,2,0,0.04701811447739601,0.4328817129135132,-7.6859211921691895,4.544453144073486,4.86008882522583,0.5220041871070862,-5.925256252288818
2159,9.0,2,2,-0.06108652427792549,1,2,2,-0.08331122249364853,-2.8346705436706543,-10.189786911010742,8.7617769241333,-3.0478124618530273,-0.2849937677383423,2.739825963973999
2160,12.0,2,1,0.11344639956951141,1,2,0,0.10994401574134827,-6.985625267028809,-4.867092609405518,9.192631721496582,4.784660339355469,2.135774850845337,-7.015573024749756
2161,9.0,2,1,-0.13089969754219055,1,2,0,-0.13141703605651855,-8.073494911193848,-6.994443893432617,11.806852340698242,5.4988579750061035,-3.1291534900665283,-4.139647006988525
2162,9.0,2,1,-0.07853981852531433,1,2,2,-0.09401746094226837,-5.01956844329834,-14.54143238067627,11.39267349243164,-0.42059755325317383,-1.0898491144180298,1.5682456493377686
2163,3.0,2,0,-0.07853981852531433,1,2,0,-0.07854637503623962,-6.152988910675049,-8.287603378295898,11.348362922668457,4.4692769050598145,2.569953441619873,-6.725862503051758
2164,9.0,2,1,0.09599310904741287,1,2,1,0.08679066598415375,-7.763044834136963,-11.847972869873047,13.839253425598145,-1.3963171243667603,-0.04243139922618866,-0.5653194189071655
2165,33.0,2,1,-0.05672319978475571,1,2,2,-0.06024589017033577,-7.606505393981934,-1.0324684381484985,6.905773162841797,-0.7392549514770508,-1.4191498756408691,1.5827405452728271
2166,85.0,2,1,0.05061454698443413,1,2,1,0.05039556697010994,-2.045376777648926,-5.361037254333496,5.552940845489502,-3.7495617866516113,4.508183479309082,-3.1455583572387695
2167,54.0,2,1,0.11713378876447678,1,2,2,0.11001929640769958,-3.679096221923828,-6.307473659515381,7.339609622955322,1.0483527183532715,-2.0193300247192383,1.7986936569213867
2168,33.0,2,0,-0.0593411959707737,1,2,0,-0.056462306529283524,-3.6045730113983154,-6.77261209487915,7.127364635467529,2.6660661697387695,1.6491494178771973,-5.5635809898376465
2169,38.0,0,2,-0.021816615015268326,1,0,1,-0.008245150558650494,4.314095973968506,-5.555189609527588,-0.2297581434249878,1.6150025129318237,3.783534049987793,-8.17202091217041
2170,9.0,2,0,0.1483529806137085,1,2,0,0.15790905058383942,-2.7228012084960938,-7.406455993652344,7.24167537689209,4.462198257446289,-5.047419548034668,0.4544646143913269
2171,38.0,0,1,-0.030543262138962746,1,0,1,-0.022839542478322983,3.6634018421173096,-4.488830089569092,-0.2197239100933075,-0.6015141606330872,0.9326607584953308,-2.452481985092163
2172,3.0,2,0,0.1483529806137085,1,2,0,0.15112389624118805,-3.026275157928467,-7.841036796569824,7.444797515869141,6.533609867095947,-5.7232208251953125,-1.1474688053131104
2173,40.0,0,1,-0.006981316953897476,1,0,1,-0.008379164151847363,11.854277610778809,-6.845922470092773,-6.244569778442383,-7.028090476989746,3.1791393756866455,0.8203005194664001
2174,2.0,0,0,0.008726646192371845,1,0,2,-0.008910479955375195,11.114248275756836,-5.9661545753479,-6.244047164916992,-9.105001449584961,3.127889633178711,3.7292613983154297
2175,3.0,2,1,-0.13089969754219055,1,2,1,-0.14112575352191925,-9.48564338684082,-3.369053602218628,9.370267868041992,2.715998649597168,3.2245073318481445,-6.934717655181885
2176,27.0,2,2,-0.10908307880163193,1,2,0,-0.10747125744819641,-5.774579048156738,-4.275869369506836,8.612410545349121,6.808465957641602,0.013549281284213066,-5.695437431335449
2177,2.0,2,1,0.15418408811092377,1,2,1,0.10548372566699982,-2.143544912338257,-7.3275251388549805,3.2109925746917725,-0.014468319714069366,2.12583589553833,-0.8614843487739563
2178,9.0,0,0,0.02617993950843811,1,0,1,0.013287550769746304,7.773233413696289,-7.6476263999938965,-1.519721269607544,-3.065075397491455,0.6450885534286499,0.15698948502540588
2179,2.0,2,1,-0.1483529806137085,1,2,1,-0.14604829251766205,-4.878485202789307,-2.678051710128784,5.932841777801514,-1.814622163772583,4.606754779815674,-4.0996904373168945
2180,9.0,2,2,-0.06128253415226936,1,2,2,-0.06853587925434113,-1.0649837255477905,-10.718133926391602,7.98162317276001,-1.7866263389587402,-1.0923608541488647,2.3953773975372314
2181,27.0,1,1,-0.1178097277879715,0,1,1,-0.015293183736503124,-5.437176704406738,8.402143478393555,-3.6671535968780518,-6.85551118850708,5.6055402755737305,-0.9117686152458191
2182,12.0,2,0,0.06108652427792549,1,2,0,0.0774540975689888,-8.945428848266602,-11.651216506958008,14.847482681274414,4.227499961853027,2.6249353885650635,-6.970677852630615
2183,3.0,0,0,0.02617993950843811,1,0,0,0.025834571570158005,4.081699848175049,-5.611527442932129,0.1026683822274208,3.4710705280303955,-0.0561656653881073,-5.357728958129883
2184,2.0,2,1,0.1483529806137085,1,2,1,0.1161917895078659,-2.5859382152557373,-16.71230125427246,11.549097061157227,-13.827509880065918,7.029959201812744,4.149612903594971
2185,9.0,0,1,0.02617993950843811,1,0,1,-0.00943733286112547,7.875807762145996,-7.470358371734619,-1.8107719421386719,-3.1367900371551514,1.188570499420166,-0.35566580295562744
2186,2.0,2,2,0.09599310904741287,1,2,1,0.07651255279779434,-5.500585556030273,-6.4927144050598145,4.134622573852539,-5.2939910888671875,4.676006317138672,0.9079465866088867
2187,40.0,0,1,-0.004363323096185923,1,0,0,-0.003929789178073406,12.636495590209961,-3.5482213497161865,-8.980416297912598,2.9669668674468994,1.7927422523498535,-7.572786331176758
2188,3.0,2,1,0.13089969754219055,1,2,1,0.13866455852985382,-5.495184898376465,-11.476929664611816,12.143024444580078,-0.14346790313720703,6.955322265625,-10.04754638671875
2189,38.0,0,1,-0.030543262138962746,1,0,0,-0.021687332540750504,3.7719953060150146,-4.393259048461914,-0.4268275201320648,-0.02783573418855667,-0.6739495396614075,-1.2861812114715576
2190,40.0,0,0,-0.004363323096185923,1,0,0,-0.004163715057075024,10.78876781463623,-2.2045226097106934,-8.425867080688477,3.8216869831085205,0.3750944137573242,-7.3706512451171875
2191,54.0,2,1,0.11398082971572876,1,2,0,0.12841400504112244,-6.308810710906982,-6.98069953918457,9.463979721069336,2.6481075286865234,0.3000348210334778,-5.047919750213623
2192,3.0,2,2,-0.1483529806137085,1,2,0,-0.17104323208332062,-9.658809661865234,-4.895229816436768,8.40141773223877,4.007849216461182,-2.3708999156951904,-2.5394163131713867
2193,3.0,2,0,-0.06108652427792549,1,2,0,-0.059654366225004196,-6.142910957336426,-10.438878059387207,13.219085693359375,2.0842843055725098,-0.06967048346996307,-0.5881839990615845
2194,2.0,2,2,0.09599310904741287,1,2,2,0.09396418929100037,-7.06500244140625,-4.57426643371582,3.4832990169525146,-5.939375400543213,1.895812749862671,4.349263668060303
2195,9.0,2,1,-0.13089969754219055,1,2,2,-0.12498119473457336,-7.830483436584473,-6.324311256408691,10.396498680114746,-6.091475963592529,-0.9523688554763794,2.294663667678833
2196,9.0,2,1,0.09599310904741287,1,2,2,0.12325623631477356,-11.880317687988281,-6.349667072296143,12.967594146728516,-5.3124799728393555,-3.5064897537231445,7.908236980438232
2197,54.0,2,1,0.11519172787666321,1,2,1,0.11232385784387589,-7.057775020599365,-6.048573970794678,10.071064949035645,0.4949842691421509,3.3360719680786133,-3.2364208698272705
2198,40.0,0,2,-0.004363323096185923,1,0,2,-0.017740271985530853,7.9160990715026855,-4.927608013153076,-4.209385395050049,-6.676458358764648,-3.0140199661254883,4.644006729125977
2199,12.0,2,0,-0.16580627858638763,1,2,0,-0.1572156399488449,-6.31891393661499,-3.943115472793579,7.303109169006348,0.6375042796134949,-1.4778093099594116,-1.6074249744415283
2200,9.0,0,1,0.02617993950843811,1,0,1,0.03704717382788658,7.299093246459961,-6.020346641540527,-2.6830086708068848,-3.24646258354187,1.4658156633377075,-0.23188328742980957
2201,2.0,2,1,0.06108652427792549,1,2,0,0.05390287563204765,-3.12027645111084,-10.204827308654785,6.054152488708496,0.535484254360199,-0.6866045594215393,0.11485142260789871
2202,9.0,2,1,0.08015049248933792,1,2,0,0.08020477741956711,-6.472267150878906,-6.11893892288208,9.171462059020996,3.6212170124053955,2.0890755653381348,-6.6475372314453125
2203,56.0,2,0,0.13526301085948944,1,2,0,0.1429692655801773,-9.426885604858398,-7.166754245758057,12.379733085632324,2.794085741043091,1.54873788356781,-7.512485504150391
2204,12.0,0,1,-0.02617993950843811,1,0,1,-0.08643665909767151,5.822023868560791,-15.303011894226074,1.5999387502670288,-0.2305639684200287,2.8840620517730713,-0.38591915369033813
2205,33.0,1,1,-0.06544984877109528,0,1,1,0.02342076599597931,-10.612930297851562,9.075754165649414,0.1341615915298462,-9.330733299255371,10.53481388092041,-4.789710998535156
2206,12.0,2,0,-0.04363323003053665,1,2,2,-0.055658359080553055,-1.1562848091125488,-8.178296089172363,7.030574321746826,-8.859980583190918,2.83736515045166,4.818259239196777
2207,9.0,2,1,-0.09599310904741287,1,2,0,-0.09082529693841934,-5.908369541168213,-6.291466236114502,9.932528495788574,3.7595982551574707,2.7261247634887695,-6.633168697357178
2208,3.0,2,2,0.11344639956951141,1,2,0,0.11471429467201233,-4.454648971557617,-6.03903341293335,7.656208038330078,0.8768430352210999,-1.7959239482879639,0.14738506078720093
2209,12.0,2,1,-0.1483529806137085,1,2,2,-0.1372557133436203,-4.399618625640869,-1.7731389999389648,4.693912982940674,-1.7522233724594116,-3.6160502433776855,2.8570125102996826
2210,2.0,2,0,-0.07853981852531433,1,2,0,-0.07256920635700226,-5.049860000610352,-5.8847832679748535,8.679329872131348,3.7276089191436768,1.161063551902771,-5.235098361968994
2211,3.0,2,2,-0.09599310904741287,1,2,0,-0.10667473077774048,-7.196935653686523,-8.212051391601562,8.986156463623047,1.0912331342697144,-2.340426445007324,0.9595710635185242
2212,3.0,2,0,0.14252188801765442,1,2,0,0.14538638293743134,-4.18252420425415,-5.758843421936035,6.777998447418213,9.190255165100098,0.34689217805862427,-11.640524864196777
2213,33.0,2,2,-0.05672319978475571,1,2,2,-0.045862216502428055,-4.134200096130371,-4.968080043792725,6.823966979980469,-10.788525581359863,-0.6016718745231628,7.859085559844971
2214,3.0,2,1,-0.07853981852531433,1,2,0,-0.07525065541267395,-3.287313222885132,-8.803771018981934,9.159703254699707,3.1089720726013184,-1.0941436290740967,-3.064601182937622
2215,12.0,2,0,0.04363323003053665,1,2,1,0.03890189900994301,0.06295190751552582,-11.13500690460205,7.283010005950928,2.9390923976898193,3.350539207458496,-8.784332275390625
2216,3.0,0,2,-0.02617993950843811,1,0,0,-0.032085489481687546,4.135019779205322,-8.908872604370117,-0.30214723944664,2.4229233264923096,0.20168890058994293,-2.9973599910736084
2217,41.0,0,2,0.013089969754219055,1,0,2,0.005895442329347134,7.327850341796875,-4.300865173339844,-4.317629814147949,-10.455221176147461,0.20855958759784698,6.373547554016113
2218,12.0,2,1,-0.11344639956951141,1,2,1,-0.10673613101243973,-5.490950584411621,-3.169583797454834,6.840705394744873,-4.9222002029418945,4.305170059204102,-0.9707770943641663
2219,12.0,2,1,-0.16580627858638763,1,2,0,-0.14554210007190704,-6.624009609222412,-6.1959686279296875,9.322793960571289,2.457326889038086,-0.21979574859142303,-2.026214838027954
2220,12.0,2,0,0.16580627858638763,1,2,1,0.1627989262342453,-6.6287336349487305,0.2293780893087387,3.5005550384521484,-3.6450250148773193,3.8882064819335938,-2.082890748977661
2221,3.0,2,0,0.06108652427792549,1,2,0,0.0776153951883316,-4.3814239501953125,-8.377069473266602,9.527024269104004,9.661894798278809,4.635244369506836,-17.334205627441406
2222,3.0,0,1,0.02617993950843811,1,0,2,0.02124905213713646,11.217789649963379,-12.024094581604004,-3.9982759952545166,-17.0789794921875,5.633728504180908,6.595646381378174
2223,3.0,2,0,-0.06108652427792549,1,2,1,-0.05015552043914795,-8.738399505615234,-8.34343433380127,12.46651840209961,-1.557056188583374,5.17720365524292,-3.678753614425659
2224,3.0,0,2,-0.008726646192371845,1,0,2,-0.04314250126481056,12.197898864746094,-8.533761024475098,-4.8287763595581055,-7.206198692321777,1.2250282764434814,3.7669930458068848
2225,3.0,2,0,0.14854899048805237,1,2,1,0.13732390105724335,-3.481130599975586,-4.56180477142334,6.388819217681885,0.13417106866836548,0.6554564833641052,-1.9227162599563599
2226,3.0,2,1,-0.058109987527132034,1,2,2,-0.07121333479881287,-5.779516220092773,-4.343099117279053,7.796922206878662,-7.173249244689941,0.0728035718202591,7.057478904724121
2227,33.0,2,0,-0.0593411959707737,1,2,1,-0.09674816578626633,-3.4061367511749268,-7.70113468170166,8.11514949798584,-1.4700000286102295,5.574173927307129,-3.554874897003174
2228,33.0,2,1,-0.0603024885058403,1,2,2,-0.04584304615855217,-5.526589393615723,-8.431029319763184,10.02367115020752,-11.219085693359375,0.22567801177501678,7.401485443115234
2229,56.0,2,1,0.1309172660112381,1,2,2,0.1264394223690033,-5.231318950653076,-4.448328495025635,7.63660192489624,-2.408698320388794,-0.5985801815986633,2.0955989360809326
2230,2.0,2,1,0.06108652427792549,1,2,1,0.05822219327092171,-3.475969076156616,-9.525497436523438,5.716501712799072,0.18356475234031677,0.30616673827171326,-0.5833339691162109
2231,2.0,0,1,0.02617993950843811,1,0,0,0.0167006216943264,9.338676452636719,-9.006566047668457,-5.068131923675537,3.3244853019714355,2.402409076690674,-6.060514450073242
2232,2.0,2,2,0.09599310904741287,1,2,1,0.08595440536737442,-5.512063026428223,-6.040955066680908,3.7210071086883545,-4.897055625915527,4.093013763427734,1.3179303407669067
2233,43.0,0,2,0.030543262138962746,1,0,2,0.04314756020903587,5.0585713386535645,-5.403045177459717,-1.5028783082962036,-1.0096405744552612,-2.1000566482543945,1.1054787635803223
2234,12.0,2,2,0.0787358283996582,1,2,1,0.0839921310544014,-5.096897125244141,-3.423617124557495,6.644226551055908,-3.9387123584747314,2.4725146293640137,1.9403150081634521
2235,12.0,2,1,0.11344639956951141,1,2,0,0.11276274174451828,-7.359892845153809,-10.196274757385254,13.002241134643555,5.5265069007873535,3.2948880195617676,-11.870770454406738
2236,9.0,2,1,-0.04363323003053665,1,2,2,-0.047105997800827026,-1.7738522291183472,-2.656989574432373,1.3942046165466309,-1.3029464483261108,-0.4985843598842621,2.860888719558716
2237,3.0,2,2,-0.11344639956951141,1,2,2,-0.11612410843372345,-9.054211616516113,-7.296976089477539,10.109817504882812,-0.9835358262062073,0.5805583000183105,0.7186327576637268
2238,9.0,2,1,-0.06108652427792549,1,2,2,-0.04549640789628029,-3.8157992362976074,-7.26926851272583,5.77053689956665,-1.6058236360549927,0.8109477162361145,1.1432409286499023
2239,2.0,2,1,0.1483529806137085,1,2,1,0.12403690814971924,-5.0832719802856445,-10.172160148620605,8.432134628295898,-2.6944143772125244,2.5502066612243652,0.1096227839589119
2240,27.0,2,1,-0.11170107126235962,1,2,0,-0.12863539159297943,-8.118521690368652,-6.700350761413574,8.738649368286133,1.1711674928665161,-2.34183406829834,0.8242501020431519
2241,2.0,2,2,-0.04363323003053665,1,2,2,-0.04474147781729698,-2.454538106918335,-8.92145824432373,7.50736665725708,-1.6015114784240723,0.5071338415145874,1.1333931684494019
2242,12.0,2,1,0.06108652427792549,1,2,0,0.07468122243881226,-2.9482028484344482,-9.955716133117676,9.41568374633789,5.625064373016357,1.0672364234924316,-6.631302833557129
2243,41.0,0,1,0.010471975430846214,1,0,2,0.011389200575649738,4.53879976272583,-2.878779888153076,-2.4082517623901367,-0.33568891882896423,-1.4150304794311523,0.27617985010147095
2244,27.0,2,1,-0.10908307880163193,1,2,1,-0.08948847651481628,-6.061110973358154,-8.491214752197266,9.625596046447754,-0.5468839406967163,2.592092275619507,-2.9898996353149414
2245,43.0,0,2,0.030543262138962746,1,0,1,0.05675097554922104,9.296637535095215,-9.358841896057129,-2.7142674922943115,-4.006252288818359,2.5104074478149414,0.36679327487945557
2246,2.0,2,1,0.11344639956951141,1,2,1,0.09843242913484573,-5.803714275360107,-5.466519832611084,4.022428512573242,-4.3847455978393555,3.584470748901367,0.8176462650299072
2247,40.0,0,1,-0.006981316953897476,1,0,1,-0.032366614788770676,15.705374717712402,-10.691197395324707,-7.024191379547119,-7.070797920227051,7.151407241821289,-4.3281474113464355
2248,2.0,2,1,0.16580627858638763,1,2,1,0.17840994894504547,-3.381688356399536,-6.168091297149658,3.248176336288452,-1.8424296379089355,3.28891921043396,0.007686205208301544
2249,40.0,0,2,-0.013089969754219055,1,0,2,-0.012093002907931805,3.989583730697632,-3.3212924003601074,-1.6751313209533691,-1.5568760633468628,-0.6182059645652771,0.6523543000221252
2250,2.0,2,1,0.06108652427792549,1,2,1,0.060796502977609634,-3.7417781352996826,-9.125280380249023,5.510753631591797,-0.644351601600647,1.0441235303878784,-0.6008192896842957
2251,12.0,2,1,0.07853981852531433,1,2,1,0.07114577293395996,-2.031104803085327,-8.498007774353027,7.737445831298828,-3.4864084720611572,3.1866016387939453,-0.8027109503746033
2252,9.0,2,1,-0.04363323003053665,1,2,2,-0.037216898053884506,-4.769951343536377,-4.815911769866943,4.842330455780029,0.1848181188106537,-1.6071513891220093,2.668095827102661
2253,3.0,0,1,-0.008726646192371845,1,0,1,-0.02938264235854149,15.134950637817383,-6.657517910003662,-8.802541732788086,1.9471280574798584,6.825209617614746,-9.884607315063477
2254,22.0,2,1,-0.17016960680484772,1,2,1,-0.16701115667819977,-5.141842842102051,-1.7982332706451416,5.425244331359863,-2.236981153488159,5.5106282234191895,-4.682822227478027
2255,9.0,2,1,-0.04363323003053665,1,2,2,-0.03210156038403511,-4.831597805023193,-4.728193759918213,4.2628397941589355,-0.5089235901832581,-1.2791041135787964,2.6567091941833496
2256,9.0,2,1,0.1644422560930252,1,2,2,0.16986340284347534,-4.720559597015381,-3.9768149852752686,5.908068656921387,-3.1288132667541504,0.6771822571754456,3.4118292331695557
2257,33.0,2,1,-0.05672319978475571,1,2,2,-0.062282171100378036,-8.48068904876709,-0.2114747017621994,6.894649982452393,-2.999903440475464,1.0775294303894043,1.2350016832351685
2258,9.0,2,2,0.06108652427792549,1,2,1,0.049473825842142105,-5.518092155456543,-7.511448860168457,9.4946928024292,0.14408636093139648,3.3263583183288574,-4.507559776306152
2259,3.0,2,2,-0.09637060761451721,1,2,1,-0.10604095458984375,-8.358316421508789,-7.26352071762085,9.445487022399902,-0.6364050507545471,0.2797613739967346,0.17866557836532593
2260,3.0,2,2,-0.11344639956951141,1,2,2,-0.12549136579036713,-9.956182479858398,-9.566727638244629,12.95754337310791,0.5334757566452026,-0.9437128901481628,1.7189154624938965
2261,9.0,0,2,-0.02617993950843811,1,0,1,-0.015363733284175396,10.479233741760254,-10.069628715515137,-5.056833744049072,-6.491973400115967,6.729266166687012,-2.0803945064544678
2262,12.0,2,1,0.1483529806137085,1,2,0,0.13129031658172607,-6.046606063842773,-8.209017753601074,10.324928283691406,8.49991512298584,5.082444190979004,-17.00318145751953
2263,9.0,2,2,-0.06108652427792549,1,2,2,-0.09280405193567276,-6.891946315765381,-3.145664930343628,6.103453159332275,0.02344910055398941,-1.3896501064300537,1.9966766834259033
2264,85.0,1,1,0.05061454698443413,0,1,1,0.09192799776792526,-9.776954650878906,14.059078216552734,-6.111640453338623,-6.7079691886901855,13.137476921081543,-12.780640602111816
2265,2.0,0,0,0.008726646192371845,1,0,1,-0.01871134340763092,16.834774017333984,-13.2697114944458,-8.263996124267578,-3.4758639335632324,2.5908477306365967,-0.5747700333595276
2266,9.0,2,1,0.09599310904741287,1,2,0,0.08413363993167877,-6.094150066375732,-5.035642147064209,8.248623847961426,3.4981703758239746,1.9636902809143066,-6.272575855255127
2267,9.0,0,2,-0.031397588551044464,1,2,0,-0.031214389950037003,0.9910351037979126,-4.055777549743652,1.6608563661575317,0.6284549236297607,0.6186335682868958,-3.4444336891174316
2268,12.0,2,2,0.13089969754219055,1,2,2,0.13057850301265717,-5.139753818511963,-4.590360641479492,7.737099647521973,-2.2865889072418213,-0.3811050057411194,1.7712175846099854
2269,3.0,2,1,0.15132951736450195,1,2,1,0.1391432136297226,-3.0590012073516846,-4.432599067687988,5.8590474128723145,-3.267409086227417,2.916508197784424,-1.0951650142669678
2270,38.0,0,1,-0.021816615015268326,1,0,1,-0.030107419937849045,7.110454559326172,-6.401247501373291,-1.785981297492981,0.5979671478271484,1.5013868808746338,-5.321556568145752
2271,12.0,2,1,0.09599310904741287,1,2,1,0.09645772725343704,-6.5260539054870605,-7.007596492767334,9.925785064697266,-1.3506338596343994,1.5858025550842285,0.4046904444694519
2272,60.0,2,2,0.16755160689353943,1,2,0,0.17517639696598053,-7.38803768157959,-6.7237725257873535,10.484341621398926,8.311420440673828,-1.2127679586410522,-10.179539680480957
2273,3.0,2,2,-0.1483529806137085,1,2,0,-0.17973026633262634,-11.941329956054688,-5.9593505859375,11.789288520812988,1.551783800125122,0.2273707538843155,-1.9507107734680176
2274,12.0,2,1,-0.07853981852531433,1,2,0,-0.07220591604709625,-5.73063325881958,-8.461591720581055,7.9545674324035645,0.6040246486663818,-0.10459072887897491,0.10746145993471146
2275,9.0,2,1,0.16580627858638763,1,2,1,0.15663234889507294,-7.116865158081055,-7.199239730834961,10.222647666931152,0.48909473419189453,3.610818386077881,-7.868610858917236
2276,12.0,0,1,0.02617993950843811,1,0,0,0.0037914859130978584,9.369707107543945,-5.317012310028076,-4.280498027801514,4.539361953735352,4.456057548522949,-10.476808547973633
2277,12.0,2,2,0.13089969754219055,1,2,2,0.1263386756181717,-4.282183647155762,-4.411861419677734,6.791982650756836,-4.725815773010254,-0.013580190017819405,3.9521944522857666
2278,43.0,0,0,0.02563578635454178,1,0,0,0.022487763315439224,7.858555793762207,-4.174956321716309,-4.678783416748047,6.433544158935547,-5.552146911621094,-4.485012054443359
2279,9.0,2,1,0.07853981852531433,1,2,1,0.06439836323261261,1.3432762622833252,-13.725082397460938,7.706013202667236,-7.060341835021973,3.312044143676758,0.5670347213745117
2280,2.0,2,1,-0.1483529806137085,1,2,1,-0.13881637156009674,-4.9822916984558105,-2.7313783168792725,6.04357385635376,-1.7843106985092163,4.527765274047852,-3.911543607711792
2281,56.0,2,1,0.13526301085948944,1,2,1,0.13418199121952057,-5.9186506271362305,-4.5796732902526855,8.131935119628906,1.982344388961792,2.9789047241210938,-4.68876314163208
2282,9.0,2,0,0.09599310904741287,1,2,0,0.090447336435318,-6.581781387329102,-7.90730094909668,10.591628074645996,0.9964814186096191,-0.5778592228889465,0.19630882143974304
2283,12.0,2,0,-0.16580627858638763,1,2,0,-0.1720544993877411,-6.919661998748779,-2.4398293495178223,6.469249248504639,-0.43720871210098267,-1.623896837234497,-0.9592910408973694
2284,9.0,2,0,0.1483529806137085,1,2,1,0.13518060743808746,-2.9799842834472656,-5.315566539764404,6.730093955993652,1.2785072326660156,2.7582530975341797,-5.79160737991333
2285,9.0,2,1,-0.06108652427792549,1,2,1,-0.05343124642968178,-2.1917576789855957,-6.783604145050049,4.740197658538818,-1.9791160821914673,1.797818899154663,0.35879945755004883
2286,9.0,2,1,-0.1483529806137085,1,2,0,-0.1325327306985855,-8.379146575927734,-8.743002891540527,13.060307502746582,1.1194591522216797,-3.453944683074951,-0.5554813146591187
2287,3.0,2,0,0.06108652427792549,1,2,0,0.059338752180337906,-2.9947025775909424,-3.5226120948791504,6.320886611938477,7.50126314163208,0.17264117300510406,-8.261470794677734
2288,27.0,2,1,-0.1178097277879715,1,2,1,-0.08631527423858643,-5.283559322357178,-1.8356012105941772,5.163052082061768,-6.613710880279541,5.01027774810791,-1.002402663230896
2289,2.0,2,2,-0.13089969754219055,1,2,2,-0.13428185880184174,-7.138185501098633,-3.139345645904541,7.8433051109313965,-7.069531440734863,-2.6806461811065674,7.852473258972168
2290,3.0,2,2,-0.1483529806137085,1,2,0,-0.17582248151302338,-12.051841735839844,-6.8629865646362305,12.548615455627441,2.5976037979125977,-1.2306721210479736,-0.7557958960533142
2291,2.0,2,2,-0.11344639956951141,1,2,2,-0.11623680591583252,-5.546418190002441,-3.5286335945129395,6.688982009887695,-9.727972984313965,-3.1309361457824707,10.272475242614746
2292,33.0,2,1,-0.06544984877109528,1,2,1,-0.06315180659294128,-7.0070061683654785,-0.9523465037345886,6.5386810302734375,-3.6908810138702393,7.1308698654174805,-4.659817695617676
2293,12.0,2,2,-0.1483529806137085,1,2,2,-0.15223941206932068,-5.601130485534668,-1.311517596244812,5.338893413543701,-1.0777790546417236,-2.0283830165863037,0.9458443522453308
2294,9.0,2,0,0.1483529806137085,1,2,0,0.15547963976860046,-2.8116586208343506,-7.277493000030518,7.223575592041016,4.118880748748779,-5.088683605194092,0.7349912524223328
2295,3.0,1,0,0.02617993950843811,0,2,0,0.1318664401769638,-3.7434589862823486,-5.80253267288208,6.266706466674805,2.694620132446289,1.8255358934402466,-5.700832843780518
2296,3.0,2,1,-0.1483529806137085,1,2,1,-0.1860496550798416,-9.312522888183594,-3.064779043197632,7.697423934936523,1.046063780784607,3.3693604469299316,-5.03764533996582
2297,9.0,2,1,-0.11344639956951141,1,2,2,-0.13195203244686127,-4.396610736846924,-6.96412992477417,8.582261085510254,-4.580239772796631,1.3993351459503174,2.855543375015259
2298,2.0,2,1,0.11344639956951141,1,2,1,0.09571770578622818,-5.658493995666504,-5.754334449768066,4.146357536315918,-3.914034605026245,2.8310813903808594,1.177353024482727
2299,9.0,0,0,0.008726646192371845,1,0,1,-0.006972487084567547,14.345555305480957,-6.886167526245117,-7.8839616775512695,1.8407537937164307,6.473605155944824,-9.04993724822998
2300,3.0,2,0,-0.07853981852531433,1,2,1,-0.07885217666625977,-4.723270893096924,-8.023734092712402,10.146696090698242,1.069486141204834,2.9034106731414795,-4.23024320602417
2301,2.0,2,2,0.16580627858638763,1,2,2,0.13203029334545135,-2.90824294090271,-7.545287609100342,4.818591117858887,-1.7866063117980957,0.7254668474197388,1.42032790184021
2302,56.0,2,1,0.13264502584934235,1,2,2,0.12866564095020294,-4.555799961090088,-4.795097351074219,7.3019890785217285,-4.099564075469971,0.05104346573352814,3.19026780128479
2303,33.0,2,1,-0.05672319978475571,1,2,1,-0.06034938618540764,-7.078671455383301,-1.5651065111160278,6.84711217880249,-3.083364725112915,4.015878677368164,-1.803816795349121
2304,43.0,0,1,0.027990711852908134,1,0,1,0.022358406335115433,3.5725045204162598,-1.3367053270339966,-2.486738681793213,-4.228992938995361,2.196056365966797,2.1570096015930176
2305,2.0,2,1,0.16580627858638763,1,2,1,0.17163369059562683,-3.3487868309020996,-6.575544834136963,3.461642265319824,-1.939124345779419,3.339130401611328,0.0031356289982795715
2306,3.0,2,1,-0.16580627858638763,1,2,1,-0.16202284395694733,-4.969972133636475,-2.151019811630249,5.594032287597656,-1.8950562477111816,5.3430986404418945,-4.783260822296143
2307,43.0,0,2,0.030543262138962746,1,0,1,0.03517113998532295,9.335746765136719,-5.63291597366333,-5.074059009552002,-2.8937015533447266,2.051933765411377,-1.9798203706741333
2308,12.0,0,1,-0.008726646192371845,1,0,1,0.000885755755007267,11.806394577026367,-6.601010799407959,-6.368831157684326,-7.643362045288086,2.940251350402832,2.1935086250305176
2309,9.0,2,1,-0.11344639956951141,1,2,1,-0.08916354179382324,-6.238794326782227,-12.873611450195312,13.995309829711914,1.0707218647003174,1.1454564332962036,-1.2694625854492188
2310,3.0,2,1,-0.13089969754219055,1,2,1,-0.15191976726055145,-9.239691734313965,-2.7260279655456543,8.536431312561035,-4.029877185821533,4.8267998695373535,-2.121459722518921
2311,12.0,2,1,-0.07853981852531433,1,2,0,-0.08025609701871872,-6.973919868469238,-5.170422077178955,5.937755584716797,1.2395410537719727,-1.329380750656128,1.1963235139846802
2312,2.0,2,1,0.1483529806137085,1,2,1,0.1500534564256668,-4.575739860534668,-11.1694917678833,8.859997749328613,-3.423903703689575,2.37127947807312,0.5975207686424255
2313,9.0,2,1,-0.04363323003053665,1,2,2,-0.02956283837556839,-3.644709587097168,-4.0573344230651855,2.8624794483184814,-0.9735317230224609,-0.8360424041748047,2.482396364212036
2314,33.0,2,0,-0.05672319978475571,1,2,1,-0.08237940073013306,-6.282168388366699,-5.232443809509277,8.308995246887207,1.5189409255981445,3.0739994049072266,-5.782130718231201
2315,2.0,2,1,-0.09599310904741287,1,2,1,-0.08376485109329224,-8.083213806152344,-8.50617790222168,11.8990478515625,0.7668617963790894,3.18644380569458,-3.9000589847564697
2316,2.0,2,2,-0.13089969754219055,1,2,2,-0.1430547684431076,-6.719452381134033,-3.8018031120300293,8.123970031738281,-1.2882052659988403,-2.7529475688934326,2.9216699600219727
2317,9.0,2,1,-0.09599310904741287,1,2,0,-0.11175156384706497,-5.052995681762695,-8.350738525390625,9.071301460266113,4.77422571182251,3.4937031269073486,-8.674663543701172
2318,9.0,2,1,-0.13089969754219055,1,2,2,-0.12531115114688873,-7.817586421966553,-6.311596393585205,10.370429992675781,-6.241547107696533,-0.6748858094215393,2.194593667984009
2319,33.0,2,0,-0.05719899386167526,1,2,0,-0.05770013853907585,-6.8511061668396,-3.010847806930542,7.8232855796813965,2.7813773155212402,-2.1773929595947266,-0.8516225218772888
2320,3.0,2,1,-0.04363323003053665,1,2,1,-0.020575035363435745,-1.5198931694030762,-8.08427906036377,7.238226890563965,-0.3359840512275696,1.3214764595031738,-2.3404572010040283
2321,54.0,2,2,0.1178097277879715,1,2,2,0.12954242527484894,-4.283651828765869,-7.755680561065674,8.754591941833496,-5.293020725250244,0.3624227046966553,1.3960909843444824
2322,27.0,2,1,-0.10908307880163193,1,2,2,-0.10836516320705414,-4.299253940582275,-8.396419525146484,9.32671070098877,-2.791015386581421,0.3319477438926697,3.551445960998535
2323,12.0,2,1,0.1483529806137085,1,2,0,0.135798841714859,-6.341877460479736,-7.724135875701904,10.406158447265625,6.30661678314209,5.311656475067139,-14.973746299743652
2324,9.0,2,2,-0.07853981852531433,1,2,1,-0.08021426200866699,-6.358675479888916,-7.173061847686768,8.264260292053223,-0.5957760810852051,1.6597163677215576,-0.3870646357536316
2325,22.0,2,2,-0.16406095027923584,1,2,2,-0.16088728606700897,-4.938415050506592,-1.6968518495559692,4.88394021987915,-6.302900314331055,0.40357428789138794,2.464552164077759
2326,60.0,2,1,0.17016960680484772,1,2,1,0.15468160808086395,-8.880850791931152,-2.233914613723755,6.986945629119873,-3.323197603225708,4.339259147644043,-1.5799692869186401
2327,3.0,2,0,0.04363323003053665,1,2,0,0.048675015568733215,-4.233232021331787,-8.307234764099121,9.392401695251465,4.902563571929932,0.5492116212844849,-5.896360397338867
2328,27.0,2,1,-0.1178097277879715,1,2,1,-0.10252442955970764,-4.828502178192139,-3.662501096725464,6.27802848815918,-4.307705402374268,2.4626715183258057,-0.2504352331161499
2329,43.0,0,2,0.030543262138962746,1,0,2,0.019905272871255875,10.213872909545898,-6.984545707702637,-5.3499555587768555,-9.004070281982422,-0.1100190132856369,6.477611064910889
2330,3.0,2,1,0.09509392082691193,1,2,1,0.0771290510892868,-2.8180696964263916,-8.100570678710938,6.945667266845703,-0.7299048900604248,3.984968662261963,-5.15051794052124
2331,12.0,2,1,0.07853981852531433,1,2,2,0.07665634900331497,-8.16780948638916,-3.414802074432373,8.783283233642578,-6.917383193969727,2.843170642852783,3.1748383045196533
2332,56.0,2,1,0.12653636932373047,1,2,1,0.12253671884536743,-2.3869426250457764,-4.249265193939209,5.171076774597168,-6.326570987701416,7.533259391784668,-3.167987108230591
2333,12.0,2,1,-0.14842477440834045,1,2,1,-0.1584157794713974,-5.061685562133789,-6.740838050842285,8.65556812286377,-1.3178616762161255,2.9547815322875977,-1.9412626028060913
2334,2.0,2,1,0.07853981852531433,1,2,1,0.054964546114206314,-5.462221622467041,-7.108923435211182,4.120025157928467,-8.287111282348633,5.94189977645874,1.4761282205581665
2335,66.0,2,0,-0.12391837686300278,1,2,0,-0.12710261344909668,-7.15102481842041,-5.011674404144287,9.388662338256836,5.387131690979004,-1.7394566535949707,-4.040463924407959
2336,3.0,0,1,-0.008726646192371845,1,0,1,0.0024300748482346535,14.178647994995117,-8.046382904052734,-7.219398021697998,2.2838680744171143,3.7392234802246094,-6.632973670959473
2337,9.0,2,1,0.07556328177452087,1,2,0,0.1066255271434784,-6.736178398132324,-8.179248809814453,7.647925853729248,1.7351515293121338,1.7151196002960205,-2.974302291870117
2338,22.0,2,2,-0.16406095027923584,1,2,2,-0.16482330858707428,-6.801356315612793,-4.532891750335693,8.609733581542969,-0.04414314776659012,-4.077488422393799,3.0511152744293213
2339,12.0,2,1,-0.10939839482307434,1,2,1,-0.1004856526851654,-6.227472305297852,-2.9953484535217285,7.2892165184021,-4.330365180969238,4.293600082397461,-1.430541753768921
2340,85.0,2,1,0.04363323003053665,1,2,1,0.046374209225177765,-3.043165683746338,-5.126826286315918,5.875168800354004,-2.8672282695770264,4.941919326782227,-3.9334919452667236
2341,3.0,2,2,-0.09599310904741287,1,2,0,-0.10858526825904846,-7.614615440368652,-7.5037384033203125,8.919060707092285,0.9303390979766846,-1.7212107181549072,0.4024519920349121
2342,2.0,2,0,-0.07853981852531433,1,2,0,-0.08554713428020477,-5.255722522735596,-6.250422954559326,8.604265213012695,2.678426504135132,-0.8122647404670715,-3.099376916885376
2343,3.0,2,1,0.16580627858638763,1,2,1,0.15822480618953705,-4.913881778717041,-3.038491725921631,6.348333358764648,-2.687678098678589,6.53193473815918,-5.731522083282471
2344,12.0,2,2,-0.146323561668396,1,2,1,-0.14952440559864044,-5.838595867156982,-0.7444584369659424,5.23645544052124,-5.397204399108887,2.3839898109436035,0.23369434475898743
2345,3.0,2,0,0.1483529806137085,1,2,0,0.13758018612861633,-3.9317893981933594,-5.941349983215332,7.158732891082764,3.559159278869629,-1.7739040851593018,-1.4434658288955688
2346,12.0,2,2,0.07853981852531433,1,2,2,0.07815609127283096,-4.379777431488037,-3.4356892108917236,6.01418924331665,-4.299633979797363,1.051408052444458,3.226318836212158
2347,27.0,2,0,-0.11170107126235962,1,2,0,-0.12220357358455658,-7.700292587280273,-6.977707386016846,8.456477165222168,1.977903127670288,-3.0583338737487793,0.8155781626701355
2348,38.0,0,1,-0.024434609338641167,1,0,2,-0.013198071159422398,3.1164817810058594,-5.511505603790283,0.29289719462394714,-5.041628837585449,-1.598473072052002,3.227100133895874
2349,9.0,2,2,0.04363323003053665,1,2,0,0.03857838362455368,-4.8708624839782715,-3.9707205295562744,5.7529802322387695,1.099583625793457,-2.927116870880127,0.31602194905281067
2350,3.0,2,1,0.04363323003053665,1,2,1,0.01940235123038292,-0.8966202735900879,-4.000279426574707,1.0829660892486572,-0.8756843209266663,2.5130414962768555,-1.2660070657730103
2351,41.0,0,2,0.013089969754219055,1,0,2,0.022272493690252304,10.692636489868164,-7.486130237579346,-5.024974346160889,-9.068293571472168,-3.087193727493286,7.879465579986572
2352,9.0,2,1,0.09599310904741287,1,2,2,0.05968495458364487,-9.772055625915527,-6.850751876831055,11.776707649230957,-6.920793056488037,-1.2987418174743652,6.728227615356445
2353,12.0,2,1,0.1483529806137085,1,2,1,0.1410498172044754,-5.997097492218018,-4.775574207305908,7.8160481452941895,-0.126787006855011,4.828843116760254,-5.33683443069458
2354,3.0,2,0,-0.07853981852531433,1,2,0,-0.10958550870418549,-8.10934066772461,-10.680042266845703,13.199982643127441,5.458444595336914,2.896057605743408,-9.094635963439941
2355,12.0,2,1,0.06108652427792549,1,2,0,0.062046442180871964,-10.289800643920898,-4.8066277503967285,10.897001266479492,2.380500316619873,1.2191507816314697,-4.012828826904297
2356,33.0,2,0,-0.06461098790168762,1,2,0,-0.05913183465600014,-6.284912586212158,-2.8746144771575928,7.334633827209473,3.778679847717285,0.49111056327819824,-4.439692974090576
2357,9.0,2,2,-0.16580627858638763,1,2,1,-0.16483332216739655,-5.360919952392578,-11.634794235229492,12.150068283081055,-1.2949776649475098,0.22621174156665802,-0.060650866478681564
2358,9.0,2,2,-0.04114743322134018,1,2,1,-0.037921637296676636,-7.040579319000244,-4.478752613067627,8.872052192687988,-0.38906431198120117,1.9034942388534546,-1.8501561880111694
2359,40.0,0,2,-0.006981316953897476,1,0,2,-0.015364161692559719,12.475301742553711,-8.367133140563965,-5.1052680015563965,-9.408942222595215,1.6584625244140625,6.242656230926514
2360,2.0,2,0,-0.07853981852531433,1,2,0,-0.07530780881643295,-3.085768938064575,-7.029793739318848,7.973013877868652,4.327943801879883,1.739248275756836,-6.22550630569458
2361,40.0,0,2,-0.004839117173105478,1,0,2,-0.008604026399552822,8.326554298400879,-2.15775465965271,-6.705690860748291,-6.475431442260742,-2.413247585296631,4.864682197570801
2362,12.0,2,0,-0.07853981852531433,1,2,1,-0.08690205961465836,-7.64089298248291,-7.145399570465088,8.872968673706055,-0.6379736065864563,1.9859843254089355,-1.408424735069275
2363,56.0,2,2,0.13264502584934235,1,2,2,0.12407070398330688,-3.2779693603515625,-4.016213417053223,5.501018524169922,-5.220271110534668,-0.4149928092956543,4.873656749725342
2364,9.0,2,1,-0.11344639956951141,1,2,0,-0.0793662816286087,-5.414735317230225,-14.083724021911621,14.19714069366455,1.5035357475280762,-0.1549820750951767,-0.26595136523246765
2365,12.0,2,1,0.1483529806137085,1,2,2,0.15619374811649323,-5.195071220397949,-6.915581226348877,8.743566513061523,-0.33731502294540405,-0.051693208515644073,-0.03380908444523811
2366,9.0,2,1,0.13089969754219055,1,2,1,0.12275360524654388,-1.7286487817764282,-6.485263824462891,6.531171798706055,-2.6121277809143066,5.738718032836914,-5.182705402374268
2367,43.0,0,0,0.027925267815589905,1,2,1,0.09997397661209106,-4.9144744873046875,-6.152992248535156,5.629004001617432,0.008149616420269012,1.1907541751861572,-1.0649863481521606
2368,3.0,2,0,0.06108652427792549,1,2,0,0.053905438631772995,-2.919142961502075,-7.622586250305176,7.150063514709473,9.483652114868164,2.3499813079833984,-14.506693840026855
2369,12.0,2,0,0.16580627858638763,1,2,0,0.06622172147035599,-7.705175399780273,-6.763467311859131,10.649884223937988,8.775272369384766,2.739020824432373,-13.51326847076416
2370,2.0,0,1,0.02617993950843811,1,0,0,0.0016879560425877571,8.956279754638672,-8.029705047607422,-5.185235023498535,3.509930372238159,2.848325252532959,-6.3683180809021
2371,56.0,2,2,0.13526301085948944,1,2,2,0.12053845822811127,-4.928188800811768,-10.936346054077148,11.08767032623291,-4.616519927978516,-0.8096140027046204,3.8838751316070557
2372,54.0,2,0,0.11619284003973007,1,2,0,0.11582178622484207,-3.505493402481079,-6.769800662994385,7.6381611824035645,8.347647666931152,-5.0769734382629395,-4.811000823974609
2373,27.0,2,0,-0.1178097277879715,1,2,1,-0.11410611867904663,-5.896398067474365,-2.927072048187256,6.9636383056640625,0.27271705865859985,1.118369460105896,-2.0227296352386475
2374,22.0,2,0,-0.16144295036792755,1,2,0,-0.16317282617092133,-5.835108757019043,-2.9146361351013184,6.666929721832275,2.043846607208252,-0.7848823666572571,-3.1846730709075928
2375,9.0,2,2,-0.04363323003053665,1,2,1,-0.04101071134209633,-3.973283529281616,-9.432984352111816,9.92953872680664,-0.19549477100372314,3.2305750846862793,-5.861560344696045
2376,9.0,2,1,-0.16580627858638763,1,2,1,-0.1786261349916458,-9.796387672424316,-0.29659897089004517,7.9653544425964355,-3.349534511566162,7.960140705108643,-5.911550045013428
2377,2.0,2,1,-0.06108652427792549,1,2,0,-0.06978477537631989,-6.893840789794922,-8.40196704864502,9.005199432373047,1.1972944736480713,0.106877401471138,-1.9185453653335571
2378,2.0,2,0,0.042400386184453964,1,0,0,0.032631710171699524,7.195666313171387,-8.869144439697266,-3.22104549407959,2.3969662189483643,2.151773691177368,-5.156918048858643
2379,3.0,2,1,-0.13089969754219055,1,2,1,-0.10945051908493042,-5.733802318572998,-4.808521747589111,6.7734551429748535,-1.2254486083984375,1.939889907836914,-3.73170804977417
2380,12.0,2,2,-0.1483529806137085,1,2,2,-0.1517387330532074,-4.769012928009033,-1.1465502977371216,4.695612907409668,-1.0773612260818481,-2.0101962089538574,0.7933908104896545
2381,3.0,2,2,0.09599310904741287,1,2,2,0.08607091009616852,-11.476616859436035,-5.323697566986084,12.206435203552246,-5.971359729766846,-1.3992434740066528,5.852447032928467
2382,9.0,2,1,-0.07853981852531433,1,2,0,-0.06600743532180786,-3.1193573474884033,-12.791818618774414,9.506318092346191,1.6590771675109863,-1.4184842109680176,-0.07707291096448898
2383,56.0,2,1,0.13002702593803406,1,2,0,0.12897807359695435,-4.8063130378723145,-5.0633111000061035,6.820158958435059,0.4801114797592163,-0.885243833065033,-0.0916464552283287
2384,9.0,2,1,-0.13089969754219055,1,2,2,-0.15331028401851654,-8.63662338256836,-7.644807815551758,12.339768409729004,-2.180800199508667,-3.9337027072906494,2.0738704204559326
2385,2.0,2,1,-0.1483529806137085,1,2,1,-0.14299069344997406,-4.941442012786865,-2.651224136352539,5.955343246459961,-1.7072526216506958,4.426631927490234,-4.005036354064941
2386,2.0,2,1,-0.07853981852531433,1,2,0,-0.08547870814800262,-6.154087066650391,-4.827389717102051,8.588135719299316,2.000391721725464,-1.0713729858398438,-2.1539134979248047
2387,85.0,2,1,0.036651913076639175,1,0,1,0.04024821147322655,2.3752686977386475,-3.598172903060913,0.3207119107246399,-3.9049296379089355,4.16745662689209,-3.1598668098449707
2388,3.0,2,1,-0.13089969754219055,1,2,1,-0.12342564761638641,-6.837483882904053,-4.233890056610107,6.8892035484313965,-2.110321521759033,1.4466681480407715,-2.5551583766937256
2389,12.0,2,2,0.07853981852531433,1,2,2,0.07674071937799454,-4.933192729949951,-3.782580852508545,6.721041202545166,-6.286472320556641,1.2669039964675903,4.598074436187744
2390,3.0,2,2,0.09599310904741287,1,2,2,0.09236031025648117,-4.352455139160156,-5.269406795501709,7.572004318237305,-3.4124820232391357,0.8111128211021423,1.6242228746414185
2391,60.0,2,2,0.16755160689353943,1,2,1,0.16167111694812775,-5.826502799987793,-6.163573741912842,8.942610740661621,-5.925405025482178,1.4355491399765015,1.2368220090866089
2392,43.0,0,0,0.027925267815589905,1,0,1,0.03497150167822838,3.5942509174346924,-10.060235977172852,1.7660361528396606,0.7076672315597534,5.449817180633545,-6.861320972442627
2393,12.0,2,1,0.11344639956951141,1,2,2,0.0876154974102974,-11.421241760253906,-0.33052313327789307,8.34069538116455,-8.231733322143555,-0.46295255422592163,6.183420181274414
2394,9.0,2,2,-0.07853981852531433,1,2,0,-0.08974198997020721,-6.875326156616211,-8.902949333190918,9.262676239013672,1.5588406324386597,-1.400686264038086,-0.6337588429450989
2395,2.0,2,2,-0.13089969754219055,1,2,2,-0.1365606039762497,-6.1011552810668945,-5.606910705566406,8.992034912109375,-0.11090833693742752,-4.762637138366699,3.8854968547821045
2396,85.0,2,1,0.05061454698443413,1,2,1,0.04547635838389397,-4.598316192626953,-4.363128185272217,6.4830498695373535,-1.9192638397216797,6.114930152893066,-5.581916332244873
2397,2.0,0,0,0.02617993950843811,1,0,1,0.01670343428850174,12.6865234375,-8.728449821472168,-8.479349136352539,0.3791281580924988,3.9891443252563477,-5.333929538726807
2398,3.0,2,2,-0.11344639956951141,1,2,0,-0.10600697994232178,-7.776044845581055,-8.163209915161133,10.179181098937988,0.786879301071167,0.10545606911182404,0.013072557747364044
2399,2.0,2,1,-0.1483529806137085,1,2,1,-0.14158551394939423,-4.966881275177002,-2.666949510574341,5.992631435394287,-1.6749975681304932,4.441709518432617,-4.029162883758545
2400,9.0,2,2,-0.1483529806137085,1,2,2,-0.15577682852745056,-5.08435583114624,-1.5489181280136108,4.825515270233154,-1.3266780376434326,-0.8517957925796509,-0.595169723033905
2401,9.0,2,1,0.04363323003053665,1,2,0,0.04140337184071541,-3.7036960124969482,-5.551079750061035,6.203493595123291,1.752730369567871,-1.5717523097991943,-1.610011339187622
2402,9.0,2,1,0.13089969754219055,1,2,1,0.12281043082475662,-1.735539436340332,-6.461270332336426,6.520073413848877,-2.609915018081665,5.734130382537842,-5.179056167602539
2403,12.0,2,1,-0.09599310904741287,1,2,1,-0.090496726334095,-6.5750956535339355,-2.4307408332824707,7.045595169067383,-4.038163661956787,4.717523574829102,-2.1124467849731445
2404,41.0,0,1,0.007853982038795948,1,0,2,0.011389200575649738,4.53879976272583,-2.878779888153076,-2.4082517623901367,-0.33568891882896423,-1.4150304794311523,0.27617985010147095
2405,33.0,2,1,-0.05938316509127617,1,2,0,-0.05214301124215126,-2.1103227138519287,-12.385270118713379,9.609810829162598,6.142052173614502,1.4608246088027954,-6.8336310386657715
2406,12.0,2,1,0.07853981852531433,1,2,1,0.0665137991309166,-1.769586205482483,-7.780197620391846,6.844740390777588,-2.711254596710205,2.656216621398926,-1.1289222240447998
2407,12.0,2,2,0.11344639956951141,1,2,0,0.10542784631252289,-1.4302705526351929,-7.334259033203125,6.393322944641113,6.141520023345947,3.673701763153076,-10.536966323852539
2408,27.0,2,1,-0.10908307880163193,1,2,0,-0.08743439614772797,-4.216683387756348,-7.395156383514404,8.4199857711792,0.47164952754974365,-1.309175729751587,-0.21943452954292297
2409,9.0,2,1,0.07079307734966278,1,2,1,0.17066405713558197,-5.175173759460449,-9.05148696899414,7.047147750854492,0.4449186325073242,2.9111287593841553,-2.7575533390045166
2410,9.0,2,0,0.09599310904741287,1,2,1,0.06912632286548615,-4.119414329528809,-6.8391432762146,6.977440357208252,0.9178762435913086,2.096644401550293,-2.4100069999694824
2411,66.0,2,0,-0.12391837686300278,1,2,0,-0.13169299066066742,-6.074315071105957,-5.494598865509033,9.100689888000488,4.399594783782959,-1.9384478330612183,-2.94309663772583
2412,3.0,2,1,-0.06108652427792549,1,2,2,-0.06156324967741966,-2.9312686920166016,-5.410630702972412,6.593526840209961,-2.496572732925415,-0.02239351160824299,3.7172725200653076
2413,12.0,2,1,-0.06108652427792549,1,2,2,-0.05094839259982109,-3.963547468185425,-8.719520568847656,9.401874542236328,-4.474974632263184,-1.6002614498138428,3.9560391902923584
2414,27.0,2,2,-0.10908307880163193,1,2,0,-0.11823619902133942,-8.204115867614746,-8.396600723266602,12.175840377807617,4.385264873504639,-0.7552204728126526,-2.6531822681427
2415,54.0,2,2,0.1178097277879715,1,2,0,0.1316055953502655,-8.649923324584961,-9.224470138549805,12.92201042175293,2.1208298206329346,-5.497371673583984,0.45677098631858826
2416,12.0,2,0,-0.07853981852531433,1,2,0,-0.09118528664112091,-5.536886692047119,-5.741770267486572,7.392251968383789,1.3635997772216797,-0.5276677012443542,0.2023490071296692
2417,12.0,2,0,0.04486607387661934,1,2,0,0.07327952235937119,-7.566814422607422,-10.400172233581543,13.194112777709961,14.837837219238281,4.802012920379639,-20.610960006713867
2418,12.0,2,0,-0.04363323003053665,1,2,2,-0.03909052535891533,-3.9257285594940186,-6.716568470001221,7.823756694793701,-3.214557647705078,0.5155500769615173,2.4807894229888916
2419,9.0,2,1,0.13089969754219055,1,2,1,0.12281254678964615,-1.7353508472442627,-6.460896015167236,6.519606113433838,-2.609675645828247,5.733531951904297,-5.178787708282471
2420,66.0,2,1,-0.13788101077079773,1,2,0,-0.12556342780590057,-5.053902626037598,-5.9602251052856445,8.294571876525879,1.5060867071151733,0.4605705142021179,-1.889770269393921
2421,3.0,2,0,0.06108652427792549,1,2,0,0.05376782640814781,-3.9000887870788574,-8.22332763671875,7.890665054321289,6.727468967437744,1.9549360275268555,-10.218070030212402
2422,33.0,2,1,-0.06544984877109528,1,2,1,-0.06321009993553162,-7.017699718475342,-0.9440099000930786,6.540724277496338,-3.6910014152526855,7.122879505157471,-4.6474289894104
2423,3.0,2,0,-0.07853981852531433,1,2,0,-0.10216023772954941,-7.194730758666992,-11.205284118652344,12.391002655029297,4.328233242034912,2.216195583343506,-6.92268180847168
2424,3.0,2,2,0.09599310904741287,1,2,2,0.08893564343452454,-9.125991821289062,-4.25360631942749,8.855990409851074,-6.9006829261779785,-1.8318488597869873,5.800233364105225
2425,2.0,2,1,-0.11344639956951141,1,2,1,-0.11812517046928406,-5.13513708114624,-1.3903372287750244,4.66087007522583,-2.650308132171631,2.6071410179138184,-2.3320040702819824
2426,2.0,0,1,0.008726646192371845,1,0,0,-0.0026587052270770073,7.072215557098389,-7.7106451988220215,-3.722599983215332,6.963794708251953,1.4233638048171997,-8.055333137512207
2427,2.0,0,0,0.008530637249350548,1,0,1,-0.006289835087954998,14.43961238861084,-6.159866809844971,-9.854331016540527,-10.107048988342285,4.220337390899658,3.4849393367767334
2428,22.0,2,0,-0.16144295036792755,1,2,0,-0.16196517646312714,-5.961862564086914,-3.139373779296875,6.912224769592285,2.147423505783081,-0.5817409753799438,-3.4207823276519775
2429,2.0,0,0,0.008726646192371845,1,0,0,0.059034932404756546,8.642865180969238,-4.860571384429932,-7.984591007232666,5.511606693267822,4.904560089111328,-8.843289375305176
2430,9.0,2,1,0.13089969754219055,1,2,1,0.1228112280368805,-1.7350406646728516,-6.462193965911865,6.52046537399292,-2.61038875579834,5.734321594238281,-5.178583145141602
2431,54.0,2,2,0.1178097277879715,1,2,2,0.1315978318452835,-6.766191005706787,-13.735623359680176,14.724370002746582,-1.5477306842803955,-3.0351903438568115,0.9487659335136414
2432,40.0,0,1,-0.006981316953897476,1,0,1,-0.023844905197620392,11.033417701721191,-11.51674747467041,-2.719933271408081,-2.148162841796875,5.784441947937012,-7.710334300994873
2433,85.0,2,1,0.04363323003053665,1,2,1,0.046235132962465286,-0.775640606880188,-4.64373254776001,3.890505313873291,-4.4669413566589355,4.90116024017334,-2.936143636703491
2434,3.0,2,1,-0.04363323003053665,1,2,2,-0.04989827051758766,-3.478557825088501,-4.642744064331055,6.311497688293457,-6.828895568847656,0.2799714207649231,6.3970232009887695
2435,9.0,2,1,0.16580627858638763,1,2,1,0.15103819966316223,-7.908573627471924,-6.235666275024414,10.838055610656738,-2.1965200901031494,2.246337890625,-2.093514919281006
2436,12.0,2,1,0.07853981852531433,1,2,1,0.07497233897447586,-7.607872486114502,-7.725226879119873,11.547235488891602,-1.1362535953521729,2.5478148460388184,-2.006582260131836
2437,27.0,1,1,-0.1178097277879715,0,1,1,-0.010052350349724293,-5.8291850090026855,8.376114845275879,-3.5690624713897705,-9.139288902282715,5.24234676361084,1.2819851636886597
2438,2.0,2,2,0.07853981852531433,1,2,1,0.05714259669184685,-5.343354225158691,-6.343430519104004,3.7583987712860107,-6.601351737976074,5.706209182739258,0.28145360946655273
2439,3.0,2,0,-0.06108652427792549,1,2,1,-0.05274965241551399,-11.351814270019531,-8.062328338623047,14.82677173614502,-2.719531297683716,6.390094757080078,-3.0683090686798096
2440,2.0,2,1,0.09599310904741287,1,2,1,0.09517087042331696,-5.6049299240112305,-6.422715187072754,4.4928388595581055,-4.456511974334717,3.863647222518921,0.4416614770889282
2441,41.0,0,1,0.008744211867451668,1,0,2,0.011389200575649738,4.53879976272583,-2.878779888153076,-2.4082517623901367,-0.33568891882896423,-1.4150304794311523,0.27617985010147095
2442,2.0,2,2,-0.04363323003053665,1,2,2,-0.046194031834602356,-2.5619637966156006,-5.689913272857666,5.536664009094238,-2.8490068912506104,0.38428130745887756,1.709778904914856
2443,41.0,0,2,0.013089969754219055,1,0,2,0.0064326124265789986,11.393338203430176,-7.320348262786865,-6.131378650665283,-11.215171813964844,-2.1531524658203125,8.079496383666992
2444,85.0,2,1,0.05061454698443413,1,2,1,0.06261559575796127,-3.7532095909118652,-3.404715061187744,5.002954483032227,-8.082616806030273,9.03382396697998,-3.264493942260742
2445,2.0,0,1,-0.02617993950843811,1,0,2,-0.03163476660847664,9.367524147033691,-8.410304069519043,-2.6251347064971924,-3.5394716262817383,0.5287281274795532,1.5732938051223755
2446,60.0,2,1,0.16755160689353943,1,2,2,0.14474289119243622,-7.468075275421143,-10.124634742736816,12.547388076782227,-8.377806663513184,-1.5736632347106934,6.816464424133301
2447,3.0,1,1,-0.11434558779001236,0,0,1,0.006243967451155186,9.787264823913574,-7.962771892547607,-4.140834331512451,-3.0205397605895996,1.9087045192718506,-2.38517427444458
2448,9.0,2,1,0.07853981852531433,1,2,1,0.06935001909732819,1.4106049537658691,-12.104228973388672,5.590388774871826,-10.526498794555664,4.9133830070495605,2.0477724075317383
2449,12.0,2,0,0.15415968000888824,1,2,1,0.0667743906378746,-8.036794662475586,-2.1661412715911865,6.065543174743652,3.1924374103546143,3.2010068893432617,-9.576436996459961
2450,9.0,2,1,-0.11344639956951141,1,2,0,-0.10003560781478882,-11.049073219299316,-6.042881011962891,11.921554565429688,4.178926467895508,-1.355587363243103,-4.341445446014404
2451,54.0,2,1,0.10908307880163193,1,2,1,0.10280641913414001,-1.5175741910934448,-5.940818786621094,6.010585308074951,-3.667407751083374,5.829089164733887,-4.492987155914307
2452,9.0,2,1,-0.07915279269218445,1,2,0,-0.07794857025146484,-3.7028119564056396,-9.727407455444336,8.504186630249023,1.8281147480010986,0.0027328860014677048,-2.5580458641052246
2453,2.0,2,2,0.16580627858638763,1,2,2,0.14412248134613037,-2.123966932296753,-7.461860179901123,3.5232815742492676,-2.6500935554504395,1.3967258930206299,1.9439338445663452
2454,3.0,2,1,-0.1483529806137085,1,2,1,-0.18604451417922974,-9.31132984161377,-3.0640933513641357,7.6970977783203125,1.0447202920913696,3.3738415241241455,-5.04160213470459
2455,3.0,0,1,-0.008726646192371845,1,0,1,-0.02832227572798729,14.120415687561035,-7.454484462738037,-7.262465000152588,1.1598169803619385,5.080723285675049,-7.181857585906982
2456,2.0,2,1,-0.11344639956951141,1,2,1,-0.1196841299533844,-5.3114705085754395,-1.9170430898666382,5.121000289916992,-2.864696741104126,2.762896776199341,-2.148573398590088
2457,40.0,0,1,-0.004363323096185923,1,0,1,0.008959184400737286,8.809608459472656,-3.1326122283935547,-7.089702606201172,-3.787663459777832,2.8000855445861816,-1.9093323945999146
2458,9.0,2,1,0.04363323003053665,1,2,2,0.037673220038414,-3.3244469165802,-3.5587165355682373,4.145369052886963,-1.293327808380127,-1.7299352884292603,1.6692370176315308
2459,66.0,2,0,-0.12391837686300278,1,2,0,-0.11890177428722382,-6.33001708984375,-4.431234836578369,7.926277160644531,4.273810863494873,-1.2108573913574219,-3.957507371902466
2460,85.0,2,1,0.04712389037013054,1,2,1,0.04445309937000275,-0.32732439041137695,-4.123136520385742,3.0752315521240234,-3.439370632171631,4.094943046569824,-3.3932716846466064
2461,3.0,2,1,-0.1483529806137085,1,2,1,-0.1860802322626114,-9.311246871948242,-3.0563130378723145,7.693374156951904,1.0431890487670898,3.3878846168518066,-5.057490348815918
2462,22.0,2,1,-0.16667895019054413,1,2,2,-0.16664227843284607,-5.340397357940674,-1.6631053686141968,5.232329368591309,-4.236806869506836,-0.37336626648902893,1.4718210697174072
2463,9.0,2,1,-0.07853981852531433,1,2,0,-0.07638955116271973,-5.151346683502197,-9.78887939453125,8.01891040802002,1.6044857501983643,-0.6595072150230408,-1.0390903949737549
2464,2.0,0,0,0.008726646192371845,1,0,0,0.05036446079611778,8.694329261779785,-4.263821125030518,-8.271726608276367,6.194955348968506,5.985495090484619,-10.562517166137695
2465,2.0,2,1,0.06198570877313614,1,2,1,0.05579080060124397,-4.450575351715088,-9.311729431152344,5.794839859008789,-2.129692792892456,1.1153464317321777,0.7996123433113098
2466,12.0,0,2,0.008726646192371845,1,0,1,-0.00047306064516305923,11.260232925415039,-6.699672698974609,-4.929744720458984,-0.5076794624328613,1.7781460285186768,-2.962082862854004
2467,3.0,2,0,0.06108652427792549,1,2,0,0.05543217435479164,-2.3480865955352783,-8.562503814697266,7.298360347747803,8.827535629272461,1.5832959413528442,-12.110123634338379
2468,3.0,2,0,0.13089969754219055,1,2,0,0.12870466709136963,-4.305873394012451,-8.59083080291748,8.75417423248291,2.6915628910064697,0.11319275200366974,-3.5259504318237305
2469,54.0,2,1,0.11519172787666321,1,2,0,0.11458141356706619,-4.848222255706787,-6.2944183349609375,7.725829601287842,6.5560150146484375,-0.18761806190013885,-7.0351786613464355
2470,3.0,2,2,-0.1483529806137085,1,2,0,-0.17740558087825775,-12.33828067779541,-6.750453472137451,12.677438735961914,2.0791656970977783,-0.705970048904419,-1.0942813158035278
2471,54.0,2,1,0.1178097277879715,1,2,2,0.09185373783111572,-4.877200126647949,-4.690465927124023,7.5223822593688965,-2.8679091930389404,-0.13270485401153564,1.4170448780059814
2472,2.0,2,2,0.07853981852531433,1,2,1,0.0597117654979229,-5.478464603424072,-7.441368579864502,4.694554805755615,-5.951503753662109,5.353137969970703,0.09179172664880753
2473,9.0,2,1,0.1483529806137085,1,2,1,0.13418716192245483,-2.9083211421966553,-5.268197536468506,6.573997974395752,-0.053582556545734406,3.007784843444824,-4.72505521774292
2474,56.0,2,1,0.13264502584934235,1,2,2,0.12440764904022217,-7.236146450042725,-2.466836929321289,7.459310054779053,-1.4278686046600342,-1.4386464357376099,0.3028486967086792
2475,12.0,2,1,-0.06108652427792549,1,2,0,-0.06748732179403305,-6.847222805023193,-8.681497573852539,9.114603042602539,1.0589404106140137,-0.18947748839855194,-1.4682419300079346
2476,2.0,2,1,-0.09599310904741287,1,2,1,-0.09106454998254776,-7.6616926193237305,-7.318879127502441,10.694086074829102,0.6724183559417725,3.8334693908691406,-4.347706317901611
2477,2.0,2,2,-0.13089969754219055,1,2,2,-0.13645480573177338,-7.19219970703125,-3.0613343715667725,7.822342395782471,-7.232195854187012,-3.500553607940674,8.775887489318848
2478,66.0,2,1,-0.12391837686300278,1,2,1,-0.12254506349563599,-5.594079971313477,-3.138545036315918,6.841339588165283,-3.732775926589966,4.201952934265137,-1.931333303451538
2479,3.0,2,1,0.11344639956951141,1,2,0,0.12028022110462189,-5.774470329284668,-2.123522996902466,7.382071495056152,1.88785982131958,0.8254414796829224,-2.2468178272247314
2480,3.0,2,1,0.15415968000888824,1,2,1,0.05767541751265526,-2.0406625270843506,-3.1178503036499023,3.8373193740844727,-3.7668588161468506,1.5658655166625977,0.3197094202041626
2481,41.0,0,0,0.013089969754219055,1,0,2,0.011467053554952145,4.512790679931641,-2.8486509323120117,-2.4104297161102295,-0.36124369502067566,-1.3917453289031982,0.28450924158096313
2482,3.0,2,0,-0.07853981852531433,1,2,1,-0.07342265546321869,-3.3740971088409424,-7.877741813659668,8.820775985717773,0.6968938112258911,2.8781845569610596,-4.229058265686035
2483,66.0,2,0,-0.13089969754219055,1,2,0,-0.12753935158252716,-5.239073753356934,-6.686800479888916,9.034882545471191,2.576624631881714,1.8443384170532227,-3.958738088607788
2484,12.0,2,1,-0.06108652427792549,1,2,2,-0.06763654947280884,-2.868436336517334,-9.1286039352417,8.62431526184082,-1.7824115753173828,-2.94293212890625,3.1119439601898193
2485,9.0,2,1,-0.16580627858638763,1,2,1,-0.1067398265004158,-7.324150085449219,-10.76739501953125,12.457869529724121,-2.2326912879943848,4.027985095977783,-3.081482410430908
2486,9.0,2,1,0.04363323003053665,1,2,0,0.05181669816374779,-4.9431939125061035,-5.471093654632568,7.196815490722656,1.3397135734558105,-1.6687135696411133,-1.2497246265411377
2487,2.0,2,1,-0.1489659696817398,1,2,1,-0.14763833582401276,-4.758727550506592,-2.6355209350585938,5.824245929718018,-1.831907033920288,4.768986701965332,-4.254039764404297
2488,3.0,2,1,0.0787358283996582,1,2,0,0.08980067074298859,-5.635453224182129,-8.03132438659668,9.238752365112305,2.287168264389038,1.2892318964004517,-3.6738338470458984
2489,27.0,2,1,-0.11170107126235962,1,2,2,-0.11913998425006866,-8.750733375549316,-6.905208587646484,9.483316421508789,-0.6696178913116455,-0.24048464000225067,0.8500104546546936
2490,40.0,0,0,-0.004363323096185923,1,0,0,-0.0013968227431178093,12.642047882080078,-2.7901976108551025,-9.58123779296875,4.591653823852539,-0.031383976340293884,-8.025931358337402
2491,22.0,2,2,-0.16144295036792755,1,2,2,-0.15757997334003448,-5.519133567810059,-4.2981276512146,7.070873260498047,-4.278275012969971,-0.3342372179031372,2.705024480819702
2492,9.0,2,1,-0.09599310904741287,1,2,0,-0.10379357635974884,-6.674684524536133,-11.377833366394043,12.985275268554688,5.27938985824585,1.9771943092346191,-7.6804986000061035
2493,3.0,2,1,-0.04363323003053665,1,2,1,-0.05920948460698128,-3.9684996604919434,-8.626300811767578,8.765413284301758,-2.511425495147705,3.7774577140808105,-1.5236843824386597
2494,56.0,2,1,0.13526301085948944,1,2,2,0.12371045351028442,-6.057343482971191,-7.618851184844971,10.71369743347168,-2.212191343307495,-0.6020944714546204,0.75100177526474
2495,12.0,2,2,-0.13673080503940582,1,2,1,-0.14163920283317566,-5.985545635223389,-1.261033058166504,5.781890392303467,-4.132748126983643,2.123619318008423,-0.6379328966140747
2496,40.0,0,1,-0.004363323096185923,1,0,1,-0.0219857320189476,13.140748023986816,-14.4781494140625,-2.4516642093658447,-4.9281535148620605,2.7877516746520996,-0.801712691783905
2497,54.0,1,1,0.10908307880163193,0,1,1,0.18520361185073853,-15.49357795715332,17.632970809936523,-4.584273815155029,-12.997249603271484,14.546043395996094,-5.31194543838501
2498,9.0,2,1,-0.11344639956951141,1,2,0,-0.09213002771139145,-8.859844207763672,-14.34642505645752,16.241159439086914,6.737574100494385,1.710913062095642,-6.656918048858643
2499,33.0,2,1,-0.05672319978475571,1,2,1,-0.0609421469271183,-6.906279563903809,-1.587641954421997,6.723909378051758,-3.43989634513855,3.85795259475708,-1.454331398010254
2500,2.0,2,2,-0.05009251832962036,1,2,2,-0.00940860714763403,0.08379675447940826,-6.322054862976074,1.2784430980682373,-2.378971815109253,0.9090373516082764,1.2298386096954346
2501,3.0,2,2,-0.09599310904741287,1,2,0,-0.10885021090507507,-7.761480331420898,-7.393398284912109,8.958019256591797,0.6958602666854858,-1.383544921875,0.3133508563041687
2502,3.0,2,1,-0.13089969754219055,1,2,1,-0.11151889711618423,-4.413481712341309,-11.870816230773926,9.271485328674316,0.09497945755720139,0.7917223572731018,-1.4640681743621826
2503,85.0,2,1,0.05061454698443413,1,2,1,0.04464680701494217,-2.89524507522583,-3.776271343231201,4.93526554107666,-2.477625608444214,4.684971332550049,-4.017082214355469
2504,22.0,2,1,-0.16667895019054413,1,2,2,-0.16406765580177307,-6.352884769439697,-3.90185809135437,7.746211528778076,-5.329864978790283,-0.8158584237098694,2.469531536102295
2505,22.0,2,2,-0.17008398473262787,1,2,2,-0.15953949093818665,-6.600488662719727,-3.1977078914642334,7.065935134887695,0.6726541519165039,-4.674343109130859,3.610914945602417
2506,54.0,2,1,0.1178097277879715,1,2,0,0.11772074550390244,-5.322244644165039,-7.399278163909912,8.920980453491211,2.368162155151367,-2.7293429374694824,-0.6433771252632141
2507,9.0,0,1,0.02617993950843811,1,0,1,-0.0010740896686911583,7.56373405456543,-7.913959980010986,-1.3887701034545898,-2.2133119106292725,1.0084000825881958,-0.5383852124214172
2508,12.0,2,2,0.08151635527610779,1,2,1,0.08621250838041306,-5.101545333862305,-3.175206422805786,6.502760410308838,-4.002658367156982,2.370549201965332,2.0175139904022217
2509,9.0,2,2,-0.16580627858638763,1,2,1,-0.16063012182712555,-6.5268707275390625,-11.441688537597656,12.862380027770996,-1.1450321674346924,0.3073602020740509,-0.14958283305168152
2510,27.0,2,2,-0.10908307880163193,1,2,0,-0.08558828383684158,-6.591111183166504,-4.516716003417969,9.354052543640137,4.635531425476074,1.142027497291565,-5.16604471206665
2511,40.0,0,2,-0.004363323096185923,1,0,2,-0.0030092699453234673,8.59622859954834,-6.990797996520996,-3.2479922771453857,-3.631438970565796,0.5659892559051514,1.6250981092453003
2512,3.0,2,2,-0.1483529806137085,1,2,0,-0.1703893095254898,-9.630003929138184,-4.956038951873779,8.38953971862793,4.073737144470215,-2.381267786026001,-2.60717511177063
2513,2.0,2,1,-0.11344639956951141,1,2,1,-0.11590439081192017,-5.514474391937256,-1.9268807172775269,5.461491584777832,-2.946796178817749,2.9165453910827637,-2.1535537242889404
2514,2.0,2,2,-0.13089969754219055,1,2,2,-0.1458716094493866,-5.709331512451172,-5.408683776855469,8.919742584228516,-2.0765910148620605,-3.611776351928711,4.7645111083984375
2515,22.0,2,1,-0.17016960680484772,1,2,1,-0.16572029888629913,-5.172897815704346,-1.7713961601257324,5.429699897766113,-2.2080037593841553,5.499593734741211,-4.696024417877197
2516,3.0,2,1,-0.07853981852531433,1,2,0,-0.07625392079353333,-2.7266838550567627,-8.276981353759766,8.344167709350586,3.1162242889404297,-0.2501868009567261,-3.7093937397003174
2517,85.0,2,1,0.044427551329135895,1,2,1,0.048276159912347794,-1.939703106880188,-5.406378269195557,5.491382122039795,-4.164343357086182,4.806689739227295,-3.0464963912963867
2518,9.0,2,1,-0.16580627858638763,1,2,2,-0.17085328698158264,-7.297980308532715,-5.037716388702393,9.37732219696045,-2.9763762950897217,0.6553703546524048,2.8965091705322266
2519,3.0,2,1,0.07853981852531433,1,2,2,0.07203004509210587,-2.289771795272827,-8.706911087036133,7.128042697906494,-6.338176250457764,0.9983922839164734,3.571017026901245
2520,40.0,0,2,-0.006981316953897476,1,0,2,-0.006352524273097515,10.241317749023438,-7.916783332824707,-3.7197623252868652,-9.102622032165527,1.559738278388977,5.262004375457764
2521,12.0,2,1,0.06108652427792549,1,2,0,0.06545671820640564,-1.5437321662902832,-10.338826179504395,8.315678596496582,7.36458158493042,0.5796889066696167,-7.452861785888672
2522,66.0,2,0,-0.13089969754219055,1,2,0,-0.12792852520942688,-5.308664321899414,-6.675960063934326,9.165728569030762,3.2410082817077637,1.0808027982711792,-3.9674367904663086
2523,40.0,0,2,-0.004363323096185923,1,0,2,-0.004719140939414501,8.799368858337402,-4.690052032470703,-4.661196708679199,-3.6110966205596924,-0.44946157932281494,2.2139394283294678
2524,2.0,2,1,-0.133876234292984,1,2,0,-0.1250706911087036,-5.309398174285889,-2.617082118988037,6.0751519203186035,-0.2926006019115448,-0.5998567938804626,-0.38844090700149536
2525,60.0,2,1,0.16755160689353943,1,2,2,0.1606491506099701,-3.1184191703796387,-3.3809726238250732,5.044207572937012,-3.5201828479766846,-1.0342280864715576,3.699122428894043
2526,3.0,2,2,-0.1483529806137085,1,2,0,-0.16075654327869415,-8.289640426635742,-4.924173831939697,6.962038516998291,2.130495548248291,0.39969778060913086,-3.264575242996216
2527,12.0,2,0,0.16580627858638763,1,2,0,0.18739642202854156,-6.26275110244751,-3.3381545543670654,6.813395023345947,0.7969117760658264,0.2019040584564209,-0.2621924877166748
2528,12.0,2,1,-0.1483529806137085,1,2,1,-0.15575875341892242,-6.573326110839844,-3.3437039852142334,7.248213768005371,-2.9243195056915283,6.022006988525391,-3.856642484664917
2529,12.0,2,0,-0.04363323003053665,1,2,2,-0.03776935115456581,-1.4779293537139893,-7.430569648742676,5.700459957122803,-4.005380153656006,0.8026075959205627,2.004981517791748
2530,9.0,2,1,0.09396368265151978,1,2,0,0.08749823272228241,-7.840106010437012,-6.235689163208008,10.082427978515625,4.140811443328857,1.7611329555511475,-6.158246040344238
2531,2.0,2,0,-0.07853981852531433,1,2,0,-0.07668036967515945,-3.258227586746216,-7.463898181915283,8.288430213928223,2.942547559738159,-0.4320249557495117,-3.7559621334075928
2532,9.0,2,2,-0.04363323003053665,1,2,1,-0.053355228155851364,-4.7079572677612305,-10.460524559020996,11.19256591796875,-0.6308037042617798,3.2682690620422363,-5.246908664703369
2533,27.0,1,1,-0.1178097277879715,0,1,1,0.026224084198474884,-1.0767970085144043,2.9196059703826904,-2.332632303237915,-6.345401287078857,3.5309157371520996,1.0728797912597656
2534,3.0,2,1,-0.13089969754219055,1,2,1,-0.14281915128231049,-11.48000717163086,-2.8495538234710693,11.399593353271484,2.1402747631073,2.859555244445801,-6.163020133972168
2535,2.0,0,1,0.008726646192371845,1,0,0,-0.0020419983193278313,7.030185699462891,-7.888992786407471,-3.6562130451202393,7.156707286834717,1.257388949394226,-8.160637855529785
2536,12.0,2,1,-0.16580627858638763,1,2,1,-0.15318450331687927,-9.077260971069336,-3.7745237350463867,9.491233825683594,-0.8737229108810425,2.331742763519287,-1.3637505769729614
2537,60.0,2,0,0.17016960680484772,1,2,2,0.15708746016025543,-4.1197309494018555,-0.6489458680152893,3.1900930404663086,0.6927090883255005,-0.7478731274604797,0.9537006616592407
2538,40.0,0,0,-0.004363323096185923,1,0,0,0.007342158816754818,8.266036987304688,-9.608135223388672,-0.9613152146339417,12.41285514831543,-0.7165433764457703,-15.902697563171387
2539,56.0,2,2,0.13264502584934235,1,2,2,0.12561964988708496,-3.678124189376831,-4.136556625366211,6.016098499298096,-5.108842372894287,-0.32892537117004395,4.643452167510986
2540,12.0,0,1,0.025280753150582314,1,0,1,-0.0016640415415167809,5.630485534667969,-7.55358362197876,0.2945956289768219,1.4423476457595825,2.8731026649475098,-5.670926570892334
2541,3.0,2,1,0.07853981852531433,1,2,0,0.07403615117073059,-7.758662223815918,-7.4723405838012695,11.591767311096191,4.245930194854736,-1.3683890104293823,-3.14186429977417
2542,9.0,2,0,0.09599310904741287,1,2,2,0.1064547747373581,-11.968794822692871,-6.2950615882873535,12.289629936218262,-4.655684471130371,-2.3545305728912354,6.462174415588379
2543,27.0,2,0,-0.11170107126235962,1,2,0,-0.1062254086136818,-5.947564125061035,-7.420694351196289,10.237297058105469,3.8519375324249268,0.7077186107635498,-5.976020812988281
2544,2.0,2,0,-0.07853981852531433,1,2,0,-0.07090398669242859,-5.67186164855957,-5.246618747711182,8.897631645202637,4.519333839416504,0.46753817796707153,-5.274263858795166
2545,2.0,2,1,-0.09722594916820526,1,2,1,-0.08641036599874496,-8.340020179748535,-9.871611595153809,13.194086074829102,-0.7423677444458008,7.544025421142578,-5.914863109588623
2546,2.0,2,1,0.16579817235469818,1,2,1,0.1329571157693863,-4.68046236038208,-6.975798606872559,4.84824275970459,-0.7674504518508911,2.108630657196045,-0.3941197693347931
2547,12.0,2,1,0.09599310904741287,1,2,2,0.09386324882507324,-6.412563323974609,-7.109943866729736,9.819378852844238,-1.6557035446166992,0.9471125602722168,1.1095271110534668
2548,66.0,2,1,-0.13788101077079773,1,2,1,-0.13018617033958435,-5.04004430770874,-3.0399253368377686,6.312231063842773,-2.6705002784729004,4.352432727813721,-3.0118002891540527
2549,12.0,2,1,-0.07853981852531433,1,2,2,-0.0705084428191185,-5.842878341674805,-6.623717308044434,6.360212326049805,0.19845625758171082,-0.32806262373924255,0.7380360960960388
2550,12.0,2,1,-0.06108652427792549,1,2,2,-0.05706294998526573,-3.848442554473877,-9.436911582946777,9.375972747802734,-3.561497688293457,0.04720290005207062,2.3841845989227295
2551,60.0,1,1,0.16144295036792755,0,1,1,0.23570837080478668,-17.28278923034668,18.851713180541992,-4.68344783782959,-16.09469223022461,14.465165138244629,-2.2973341941833496
2552,9.0,2,1,-0.16580627858638763,1,2,1,-0.17848220467567444,-8.39038372039795,-1.501952052116394,7.907787322998047,0.442898690700531,6.571486949920654,-8.887028694152832
2553,2.0,2,0,0.04363323003053665,1,0,0,0.049304667860269547,4.677452564239502,-9.136427879333496,-0.7446684241294861,2.7717440128326416,1.453390121459961,-4.729286193847656
2554,12.0,2,2,0.11344639956951141,1,2,0,0.10031387209892273,-3.8499197959899902,-6.662552833557129,8.017132759094238,1.4084045886993408,1.2752904891967773,-2.9029035568237305
2555,3.0,0,1,-0.008726646192371845,1,0,1,-0.006018468178808689,13.88351058959961,-7.56020975112915,-7.02254056930542,-1.079354166984558,3.858104705810547,-3.8065783977508545
2556,9.0,0,2,-0.02617993950843811,1,0,1,-0.018851730972528458,6.715372562408447,-9.025543212890625,-1.6933808326721191,-0.804145872592926,5.940319061279297,-4.712269306182861
2557,66.0,2,0,-0.13788101077079773,1,2,0,-0.13285867869853973,-5.159353256225586,-6.144386291503906,8.543293952941895,2.0295305252075195,-0.3590354323387146,-1.6765031814575195
2558,2.0,2,2,-0.13089969754219055,1,2,2,-0.1409832239151001,-6.225282669067383,-3.9071059226989746,7.894141674041748,-3.6511411666870117,-4.484697341918945,6.80920934677124
2559,3.0,0,2,-0.02617993950843811,1,0,0,-0.03146979585289955,2.2028443813323975,-8.35728645324707,1.2272899150848389,1.7576191425323486,-0.5743614435195923,-1.9774386882781982
2560,33.0,1,1,-0.06544984877109528,0,1,1,0.010687577538192272,-8.966089248657227,9.450606346130371,-1.2654509544372559,-5.777880668640137,5.771782875061035,-3.171719551086426
2561,9.0,2,1,-0.06108652427792549,1,2,2,-0.06044812873005867,-2.259791135787964,-4.12294340133667,2.9963958263397217,-0.3416595160961151,-0.2721678614616394,1.9082167148590088
2562,2.0,2,2,-0.12928901612758636,1,2,2,-0.14061316847801208,-7.210587024688721,-3.204955577850342,7.96261739730835,-7.501770496368408,-4.486968040466309,9.893548965454102
2563,9.0,2,1,0.07853981852531433,1,2,2,0.04971286281943321,1.7172527313232422,-9.739341735839844,2.499248743057251,-2.2958405017852783,0.6656678318977356,2.519042730331421
2564,41.0,0,1,0.004363323096185923,1,0,1,0.0009415065869688988,5.70252799987793,-2.549075126647949,-3.9862868785858154,-3.3990373611450195,4.057231903076172,-3.2746779918670654
2565,60.0,2,2,0.16755160689353943,1,2,2,0.146538645029068,-6.448692321777344,-8.062140464782715,10.112638473510742,-8.71436882019043,-0.6568257808685303,6.678407669067383
2566,12.0,2,1,-0.06089051440358162,1,2,2,-0.06237557902932167,-2.911745071411133,-10.08395767211914,9.510092735290527,-4.048647403717041,0.08667393028736115,2.6912336349487305
2567,22.0,2,0,-0.16144295036792755,1,2,0,-0.16285918653011322,-5.772337913513184,-2.774473190307617,6.515237331390381,1.6678358316421509,-0.7786149978637695,-2.9103798866271973
2568,9.0,2,2,-0.1483529806137085,1,2,2,-0.1547902673482895,-4.987730979919434,-1.2770771980285645,4.5273356437683105,-3.0198216438293457,-0.4205874502658844,0.38968735933303833
2569,12.0,2,0,-0.07853981852531433,1,2,0,-0.08336032927036285,-4.114335536956787,-6.225993633270264,6.560837268829346,1.5241186618804932,0.5853643417358398,-0.767454206943512
2570,2.0,2,0,-0.07853981852531433,1,2,0,-0.07825808227062225,-6.131224632263184,-3.425137996673584,7.809095859527588,3.842332363128662,-0.5041400194168091,-3.927762508392334
2571,2.0,0,1,-0.02617993950843811,1,0,2,-0.04962741211056709,8.468377113342285,-9.198393821716309,-1.040343999862671,-1.5044231414794922,-0.8023677468299866,0.8660423755645752
2572,9.0,0,2,-0.02617993950843811,1,0,1,-0.03128591552376747,8.428205490112305,-4.955942630767822,-4.181860446929932,-3.935941219329834,2.918174982070923,2.587545871734619
2573,40.0,0,2,-0.006981316953897476,1,0,2,0.0008552568033337593,7.551830291748047,-3.5286195278167725,-5.172909259796143,-10.743853569030762,2.300644874572754,5.796559810638428
2574,27.0,2,2,-0.10908307880163193,1,2,1,-0.11386525630950928,-8.390973091125488,-3.7147014141082764,9.105619430541992,-1.7844815254211426,3.578169345855713,-1.8295855522155762
2575,12.0,2,1,-0.07208053022623062,1,2,0,-0.07766323536634445,-7.10161828994751,-8.11571979522705,9.018919944763184,1.5294320583343506,0.43166613578796387,-2.6276562213897705
2576,38.0,0,1,-0.021816615015268326,1,0,1,-0.013155306689441204,4.162164688110352,-5.703589916229248,-1.291123628616333,-6.351731300354004,2.6595358848571777,2.47298526763916
2577,2.0,0,0,-0.008726646192371845,1,0,1,-0.025554489344358444,13.561280250549316,-6.884203910827637,-7.82423210144043,-9.745343208312988,3.824626922607422,3.6045291423797607
2578,9.0,2,0,0.16580627858638763,1,2,1,0.14896690845489502,-5.493823051452637,-7.698010444641113,9.014142990112305,-1.6705607175827026,3.9034769535064697,-2.4770445823669434
2579,27.0,2,2,-0.10908307880163193,1,2,0,-0.10050082206726074,-8.211586952209473,-6.7340545654296875,11.895698547363281,7.652966499328613,0.2747410535812378,-6.28992223739624
2580,12.0,2,2,0.07853981852531433,1,2,2,0.07395630329847336,-3.604071855545044,-5.008321762084961,6.486054420471191,-5.489573955535889,1.7520885467529297,3.271996021270752
2581,12.0,2,1,-0.11344639956951141,1,2,1,-0.11060015857219696,-5.649348735809326,-3.2273740768432617,6.999361991882324,-5.0452470779418945,4.747036457061768,-1.255859375
2582,2.0,2,2,0.07853981852531433,1,2,1,0.05575762316584587,-4.947666645050049,-6.612814426422119,3.833066463470459,-6.3932204246521,6.33638334274292,-0.6728671193122864
2583,2.0,0,1,0.008726646192371845,1,0,0,-0.0010787947103381157,7.075771331787109,-7.780589580535889,-3.710247039794922,7.042640686035156,1.3317325115203857,-8.08080005645752
2584,2.0,2,0,-0.09561561048030853,1,2,0,-0.09657547622919083,-7.163439750671387,-8.818028450012207,11.975363731384277,5.280855655670166,2.766099691390991,-8.23791790008545
2585,43.0,0,1,0.025307273492217064,1,0,2,0.0228479765355587,6.261863708496094,-3.1535515785217285,-3.5691444873809814,-1.9417800903320312,0.3046512305736542,0.6215037703514099
2586,66.0,2,1,-0.12740904092788696,1,2,0,-0.12506510317325592,-5.361555099487305,-6.81540060043335,9.210763931274414,2.415111780166626,2.1527557373046875,-4.197534084320068
2587,56.0,2,2,0.13526301085948944,1,2,2,0.1391322761774063,-4.097283363342285,-6.556905269622803,7.827062606811523,1.3362488746643066,-1.946426272392273,1.6707124710083008
2588,12.0,2,1,0.1483529806137085,1,2,1,0.14966042339801788,-4.603464126586914,-4.216949939727783,6.7477192878723145,1.9484546184539795,2.4264917373657227,-4.072171688079834
2589,12.0,2,1,-0.11344639956951141,1,2,1,-0.11060583591461182,-5.6510491371154785,-3.2265384197235107,6.999814987182617,-5.0446672439575195,4.746672630310059,-1.2560741901397705
2590,41.0,0,1,0.013089969754219055,1,0,1,0.00895377341657877,8.34395980834961,-6.214261531829834,-3.8378052711486816,-3.797389507293701,3.6312761306762695,-2.5284154415130615
2591,33.0,2,0,-0.06163067743182182,1,2,0,-0.05840567126870155,-7.530547142028809,-2.6303672790527344,8.00098705291748,4.234334468841553,-2.7290849685668945,-1.5513662099838257
2592,12.0,2,1,0.11344639956951141,1,2,1,0.1116543784737587,-7.293900012969971,-5.936882972717285,10.299692153930664,1.8630177974700928,3.1983795166015625,-4.653533935546875
2593,22.0,2,0,-0.16144295036792755,1,2,0,-0.1612568348646164,-6.002962589263916,-3.1844370365142822,6.970038414001465,2.055997133255005,-0.502677321434021,-3.413538694381714
2594,22.0,2,1,-0.16144295036792755,1,2,0,-0.16217844188213348,-5.561816215515137,-2.44492769241333,6.08317232131958,0.10719143599271774,-0.620913565158844,-1.8518434762954712
2595,54.0,2,0,0.11519172787666321,1,2,0,0.11610925197601318,-3.7892675399780273,-6.491564750671387,7.458621978759766,4.964845180511475,-0.3986218571662903,-4.915736198425293
2596,54.0,2,2,0.1178097277879715,1,2,0,0.1329500526189804,-8.842915534973145,-9.909260749816895,13.678258895874023,3.5375146865844727,1.5346896648406982,-8.161046981811523
2597,40.0,0,1,-0.006981316953897476,1,0,1,-0.0034605367109179497,11.988801002502441,-5.507476329803467,-7.5637078285217285,-5.4889726638793945,4.848896026611328,-3.719326972961426
2598,12.0,2,0,-0.07853981852531433,1,2,0,-0.06699147075414658,-5.539231777191162,-5.177443981170654,4.652749061584473,0.7613846063613892,-0.8108911514282227,0.6932645440101624
2599,9.0,2,1,-0.04363323003053665,1,2,2,-0.03106057643890381,-4.272439002990723,-4.389114856719971,3.599008321762085,-0.6979710459709167,-1.1271625757217407,2.574932336807251
2600,12.0,2,0,0.16580627858638763,1,2,0,0.1689201146364212,-5.502910137176514,-1.8597577810287476,5.434160232543945,2.7030386924743652,0.47266650199890137,-4.51900053024292
2601,9.0,2,1,-0.04363323003053665,1,2,1,-0.05833553150296211,-3.5299646854400635,-9.33590030670166,9.333446502685547,-0.5477327108383179,2.4396615028381348,-4.486019134521484
2602,3.0,2,0,0.06108652427792549,1,2,0,0.05762641504406929,-5.734620571136475,-4.8861212730407715,8.105825424194336,2.560310125350952,-0.2827256917953491,-2.597791910171509
2603,85.0,2,1,0.04363323003053665,1,2,1,0.04406550154089928,-3.48459529876709,-5.77492618560791,7.1475911140441895,-6.272424697875977,6.00850772857666,-1.5310646295547485
2604,2.0,2,2,-0.04363323003053665,1,2,1,-0.03302769735455513,0.5755161046981812,-8.565485000610352,5.995639324188232,-4.335180282592773,2.08375883102417,1.6068620681762695
2605,22.0,2,1,-0.17016960680484772,1,2,1,-0.16571132838726044,-5.172364234924316,-1.7711251974105835,5.429022312164307,-2.2080962657928467,5.500358581542969,-4.6967854499816895
2606,12.0,2,0,-0.07853981852531433,1,2,0,-0.09207705408334732,-5.406008243560791,-5.597571849822998,7.172327518463135,1.3078052997589111,-0.695372998714447,0.41748350858688354
2607,2.0,2,0,0.04363323003053665,1,0,0,0.05469517782330513,3.0780704021453857,-9.584125518798828,0.8764193058013916,2.452622175216675,0.9752728939056396,-3.891132354736328
2608,56.0,2,2,0.13035553693771362,1,2,2,0.12220188230276108,-4.09242057800293,-7.922359943389893,9.137475967407227,-4.914394855499268,-4.019567966461182,7.420015335083008
2609,54.0,2,1,0.10908307880163193,1,1,1,0.12752489745616913,-4.546539306640625,3.072552442550659,-0.3202453553676605,-9.9833345413208,11.625282287597656,-3.8201639652252197
2610,12.0,2,1,-0.16580627858638763,1,2,0,-0.1494208723306656,-5.641814708709717,-6.664567470550537,9.079096794128418,2.660289764404297,0.13574357330799103,-2.0207698345184326
2611,60.0,2,2,0.17016960680484772,1,2,2,0.14386890828609467,-6.294912815093994,-9.681105613708496,11.20604133605957,-7.696549415588379,1.2785104513168335,5.516876697540283
2612,3.0,2,2,0.09599310904741287,1,2,2,0.0990295559167862,-7.277276515960693,-3.2482528686523438,8.356643676757812,-5.3932785987854,2.1225063800811768,3.1723525524139404
2613,38.0,0,0,-0.021816615015268326,1,0,0,-0.017273221164941788,2.6349618434906006,-4.763098239898682,0.6455515027046204,2.249340295791626,-2.7987916469573975,-0.9813430309295654
2614,22.0,2,1,-0.16399550437927246,1,2,1,-0.1642584502696991,-5.498211860656738,-2.3014461994171143,5.913392543792725,-1.270624041557312,-0.45282918214797974,-0.9149399399757385
2615,3.0,2,2,0.09599310904741287,1,2,2,0.08864566683769226,-8.35904312133789,-6.1916890144348145,10.442991256713867,-4.822319984436035,0.9446360468864441,0.9678640961647034
2616,22.0,2,0,-0.16144295036792755,1,2,0,-0.1622171849012375,-5.9400811195373535,-3.1148898601531982,6.879994869232178,2.16579532623291,-0.6169223785400391,-3.406738042831421
2617,12.0,2,1,-0.04363323003053665,1,2,2,-0.04630767181515694,-3.395034074783325,-6.888110637664795,7.84616231918335,-3.769935369491577,-0.24876688420772552,2.2320752143859863
2618,12.0,2,0,-0.16580627858638763,1,2,2,-0.16642449796199799,-8.158199310302734,-7.044757843017578,11.099588394165039,-5.4375457763671875,-2.5796613693237305,3.3707830905914307
2619,3.0,2,1,-0.09599310904741287,1,2,0,-0.10473562777042389,-6.997715473175049,-6.0176310539245605,9.728910446166992,1.2568490505218506,1.1811604499816895,-3.328350782394409
2620,9.0,2,1,-0.09599310904741287,1,2,0,-0.09387898445129395,-7.688230514526367,-7.020991325378418,11.470800399780273,5.167693138122559,2.6089069843292236,-7.833343029022217
2621,3.0,2,1,-0.1483529806137085,1,2,1,-0.1860782504081726,-9.311224937438965,-3.0564637184143066,7.6935014724731445,1.0430264472961426,3.3879201412200928,-5.057403087615967
2622,9.0,2,2,0.06108652427792549,1,2,1,0.0542287714779377,-6.7312750816345215,-5.523771286010742,9.318526268005371,1.5468677282333374,3.2442309856414795,-5.724172115325928
2623,3.0,2,0,-0.07853981852531433,1,2,0,-0.07826202362775803,-6.178430557250977,-5.375507831573486,9.625696182250977,3.544687032699585,1.9909064769744873,-5.818930149078369
2624,3.0,2,2,0.11344639956951141,1,2,2,0.10895810276269913,-5.9742608070373535,-4.239514350891113,8.175450325012207,-2.8614039421081543,0.08439309895038605,2.04577898979187
2625,3.0,0,0,0.008726646192371845,1,0,0,0.002207663841545582,14.659184455871582,-3.1833090782165527,-11.202882766723633,2.508249521255493,-1.6650490760803223,-4.0880022048950195
2626,60.0,2,2,0.16755160689353943,1,2,2,0.14825694262981415,-10.443517684936523,-1.9243252277374268,7.590840816497803,-3.1546905040740967,-2.763791084289551,2.7565505504608154
2627,43.0,0,2,0.030543262138962746,1,0,2,0.029186677187681198,8.577902793884277,-7.385524272918701,-3.1552627086639404,-10.817094802856445,2.618046760559082,5.839624404907227
2628,3.0,2,1,0.13089969754219055,1,2,1,0.1175343468785286,-8.502391815185547,-5.518129348754883,10.895000457763672,-0.6009693145751953,0.33453184366226196,-1.7665338516235352
2629,12.0,2,1,0.06108652427792549,1,2,0,0.06579267233610153,-7.820488452911377,-5.117086410522461,9.587545394897461,6.116046905517578,0.8934000134468079,-7.945921421051025
2630,12.0,2,1,-0.06108652427792549,1,2,2,-0.06905382126569748,-1.969589114189148,-9.358551979064941,7.999344348907471,-1.9796260595321655,-3.678856611251831,3.820427179336548
2631,3.0,2,2,-0.1483529806137085,1,2,0,-0.16716833412647247,-9.439871788024902,-5.119343280792236,8.256925582885742,4.180877685546875,-2.333451747894287,-2.793152093887329
2632,2.0,0,0,0.008726646192371845,1,0,2,-0.00656465906649828,13.670991897583008,-6.390865325927734,-8.798059463500977,-9.6351900100708,2.7729358673095703,4.42833137512207
2633,9.0,2,2,-0.06108652427792549,1,2,2,-0.04624757543206215,-5.465207099914551,-7.828394412994385,7.295294284820557,-0.10246182233095169,-0.8975656628608704,0.9297719597816467
2634,85.0,2,1,0.05061454698443413,1,2,1,0.04948580637574196,-2.0363218784332275,-5.434442520141602,5.595213890075684,-3.5634899139404297,4.364783763885498,-3.1943376064300537
2635,2.0,2,1,-0.1483529806137085,1,2,1,-0.14456133544445038,-4.916247844696045,-2.6600992679595947,5.93601131439209,-1.748285174369812,4.4705305099487305,-4.023452281951904
2636,12.0,2,0,0.16580627858638763,1,2,1,0.15663443505764008,-5.584164619445801,0.14566530287265778,3.4043185710906982,-0.8849037885665894,1.2706520557403564,-0.561784029006958
2637,27.0,2,0,-0.11170107126235962,1,2,1,-0.10054580867290497,-8.057422637939453,-5.441895008087158,10.518208503723145,3.20503306388855,4.002208232879639,-7.076867580413818
2638,3.0,0,2,-0.024947095662355423,1,0,2,-0.03693081811070442,9.608236312866211,-6.55282735824585,-4.7528276443481445,-8.372368812561035,2.973315715789795,3.3414554595947266
2639,12.0,2,1,-0.11344639956951141,1,2,1,-0.1106029599905014,-5.6506147384643555,-3.2262768745422363,6.999330997467041,-5.045187950134277,4.746757507324219,-1.2556726932525635
2640,12.0,2,1,-0.07853981852531433,1,2,2,-0.06422597914934158,-5.46441650390625,-5.287015438079834,4.653919219970703,0.6052206754684448,-0.7201870679855347,0.7665106654167175
2641,3.0,1,0,0.02617993950843811,0,2,0,0.08084055036306381,-9.75766372680664,1.7903448343276978,4.890124797821045,2.5213184356689453,2.1707286834716797,-8.290160179138184
2642,2.0,2,0,-0.09599310904741287,1,2,0,-0.11077429354190826,-7.142980575561523,-5.225785732269287,10.093978881835938,2.509345531463623,-0.5714535117149353,-1.1787611246109009
2643,3.0,0,2,-0.02617993950843811,1,2,1,-0.030821427702903748,2.383732557296753,-13.050971031188965,3.597804546356201,-1.1448615789413452,2.2679872512817383,-1.5442466735839844
2644,41.0,0,2,0.013089969754219055,1,0,2,0.004547533579170704,13.144997596740723,-5.4993577003479,-9.660558700561523,-12.36591625213623,-0.48453962802886963,8.682024002075195
2645,12.0,2,1,-0.1483529806137085,1,2,1,-0.1412801891565323,-7.797173500061035,-3.2387967109680176,7.914458751678467,-8.696135520935059,4.781805992126465,0.27456143498420715
2646,2.0,2,1,0.06108652427792549,1,2,1,0.0598096139729023,-4.162990093231201,-9.091782569885254,5.558631420135498,-1.585409164428711,1.3046038150787354,0.06291552633047104
2647,2.0,0,1,0.02617993950843811,1,0,1,0.014139744453132153,12.541873931884766,-8.574296951293945,-8.53703784942627,0.8877497911453247,3.7955498695373535,-5.434262752532959
2648,3.0,2,2,0.11344639956951141,1,2,2,0.11443710327148438,-3.8305013179779053,-6.774295330047607,7.453526020050049,-5.366692543029785,-1.0139744281768799,4.347997665405273
2649,9.0,2,1,-0.13089969754219055,1,2,0,-0.14649559557437897,-9.105785369873047,-7.855496883392334,13.33428955078125,3.6828536987304688,-2.4873206615448,-3.1687183380126953
2650,56.0,2,1,0.13526301085948944,1,2,0,0.1302449256181717,-5.699126720428467,-4.1555891036987305,7.694036483764648,2.291888952255249,1.827864170074463,-3.90801739692688
2651,85.0,2,1,0.05061454698443413,1,2,1,0.05078072473406792,-2.048847198486328,-5.323672771453857,5.529842853546143,-3.8257176876068115,4.575932502746582,-3.135485887527466
2652,38.0,0,0,-0.024434609338641167,1,0,2,-0.011994934640824795,2.5526046752929688,-3.8440282344818115,0.1323869228363037,-8.406673431396484,-1.0697656869888306,5.711610794067383
2653,2.0,0,0,-0.008726646192371845,1,0,2,-0.01591797173023224,15.206735610961914,-8.243306159973145,-8.312047958374023,-8.472952842712402,2.486487865447998,3.5509450435638428
2654,3.0,2,1,0.16580627858638763,1,2,1,0.14956001937389374,-5.198808193206787,-2.7851967811584473,6.174455642700195,-3.828587532043457,7.215605735778809,-5.119920253753662
2655,9.0,2,1,-0.09599310904741287,1,2,0,-0.0952671691775322,-6.230609893798828,-6.694018363952637,10.202162742614746,4.01544713973999,2.4229791164398193,-6.327601909637451
2656,43.0,0,1,0.030543262138962746,1,0,1,0.0443153977394104,4.393692493438721,-2.6536242961883545,-3.974663019180298,-7.92583703994751,3.6603896617889404,-1.9792659282684326
2657,43.0,0,1,0.021816615015268326,1,0,1,-0.0016417140141129494,9.65909481048584,-2.3938252925872803,-7.685446262359619,-3.3748364448547363,6.045896530151367,-6.827301502227783
2658,2.0,2,0,-0.09599310904741287,1,2,0,-0.10332345962524414,-5.0490522384643555,-13.464028358459473,13.252104759216309,4.215396881103516,-0.18478728830814362,-4.1896867752075195
2659,38.0,0,1,-0.021816615015268326,1,0,1,-0.03715841844677925,7.855325698852539,-3.319753408432007,-4.66002082824707,-2.3505423069000244,3.7511935234069824,-1.1989905834197998
2660,9.0,2,1,-0.11344639956951141,1,2,0,-0.13896459341049194,-7.128662586212158,-6.244286060333252,10.44558048248291,4.451021671295166,-0.8193122148513794,-3.6096768379211426
2661,54.0,2,0,0.11519172787666321,1,2,1,0.10277839750051498,-8.288535118103027,-3.584996223449707,9.425471305847168,1.5316588878631592,1.8081231117248535,-3.2898471355438232
2662,41.0,0,0,0.013089969754219055,1,0,2,0.011389200575649738,4.53879976272583,-2.878779888153076,-2.4082517623901367,-0.33568891882896423,-1.4150304794311523,0.27617985010147095
2663,2.0,2,0,-0.07853981852531433,1,2,0,-0.07321860641241074,-4.749903202056885,-7.251038074493408,9.485774040222168,3.7575860023498535,1.5429768562316895,-5.167042255401611
2664,12.0,2,1,-0.07853981852531433,1,2,1,-0.07004782557487488,-4.971070766448975,-7.71360445022583,7.245303630828857,0.5426074266433716,1.120797038078308,-1.37947678565979
2665,41.0,0,1,0.013089969754219055,1,0,2,0.011389200575649738,4.53879976272583,-2.878779888153076,-2.4082517623901367,-0.33568891882896423,-1.4150304794311523,0.27617985010147095
2666,33.0,2,2,-0.05672319978475571,1,2,2,-0.0534236915409565,-4.8788299560546875,-4.946051597595215,7.400051116943359,-11.306722640991211,0.759476363658905,7.157566547393799
2667,9.0,2,2,-0.16580627858638763,1,2,2,-0.15831880271434784,-4.600518703460693,-6.7876152992248535,7.834380149841309,-5.465733528137207,-0.5267799496650696,4.3658270835876465
2668,9.0,2,1,-0.13089969754219055,1,2,0,-0.15332460403442383,-9.225394248962402,-7.864663600921631,13.430741310119629,2.7476370334625244,-3.078307628631592,-2.1089656352996826
2669,66.0,2,1,-0.1331663578748703,1,2,1,-0.13746152818202972,-5.259590148925781,-3.8456897735595703,7.045844554901123,-2.8035762310028076,4.375507831573486,-2.8810598850250244
2670,2.0,0,1,0.02617993950843811,1,0,1,0.01470926683396101,13.048054695129395,-8.561371803283691,-9.0048246383667,0.255606085062027,4.121601104736328,-5.309354305267334
2671,12.0,2,1,-0.1483529806137085,1,2,0,-0.14287202060222626,-4.337738513946533,-2.029344081878662,4.8980712890625,0.14856070280075073,-1.271655559539795,-0.9238986372947693
2672,9.0,2,2,-0.1483529806137085,1,2,0,-0.136893630027771,-8.557622909545898,-9.049736976623535,13.421107292175293,4.557586193084717,-3.150059700012207,-2.9058971405029297
2673,54.0,2,1,0.11257373541593552,1,2,0,0.1717936098575592,-4.896625518798828,0.16784198582172394,3.1960184574127197,1.3800692558288574,-0.440285325050354,-0.15156984329223633
2674,3.0,1,0,0.02617993950843811,0,2,1,0.1348663568496704,-3.8414018154144287,-5.012010097503662,5.808596134185791,1.7854989767074585,2.9428868293762207,-6.301046371459961
2675,3.0,2,0,0.1483529806137085,1,2,0,0.14445963501930237,-2.299431800842285,-6.569727420806885,5.895997047424316,3.936640501022339,-2.7556557655334473,-1.0397053956985474
2676,9.0,2,1,0.07853981852531433,1,2,1,0.09448114037513733,-5.7086052894592285,-8.448739051818848,9.39506721496582,2.0515875816345215,2.1340441703796387,-5.6253838539123535
2677,41.0,0,2,0.013089969754219055,1,0,2,0.015336672775447369,6.628188133239746,-6.36154842376709,-2.820722818374634,-10.942096710205078,-2.4032928943634033,8.938051223754883
2678,9.0,0,0,0.02617993950843811,1,0,1,0.01714111492037773,7.855551242828369,-7.621870517730713,-1.8365225791931152,-2.512985944747925,1.6825909614562988,-0.7652869820594788
2679,85.0,2,1,0.04363323003053665,1,2,1,0.04615795984864235,-0.8258446455001831,-4.6662116050720215,3.9482545852661133,-4.442763805389404,4.895246505737305,-2.950819253921509
2680,22.0,2,2,-0.16144295036792755,1,2,2,-0.15740512311458588,-5.509072303771973,-4.331021308898926,7.083598613739014,-4.929865837097168,-0.35662320256233215,3.3279714584350586
2681,54.0,2,1,0.1178097277879715,1,2,0,0.1311357468366623,-3.5841450691223145,-7.472571849822998,8.131628036499023,6.068689346313477,2.650785207748413,-8.988058090209961
2682,3.0,2,0,0.1483529806137085,1,2,0,0.15036559104919434,-3.7991693019866943,-6.105715751647949,7.048551082611084,8.117134094238281,-4.726426124572754,-4.5147013664245605
2683,12.0,2,1,0.1483529806137085,1,2,1,0.14537188410758972,-5.894240856170654,-5.333105564117432,7.564316749572754,-0.19687917828559875,1.0468717813491821,-1.8196637630462646
2684,3.0,2,1,0.040134869515895844,1,2,1,0.046288710087537766,-3.2990942001342773,-3.8336105346679688,3.0569088459014893,-2.887075185775757,2.3850841522216797,0.15824586153030396
2685,2.0,2,0,-0.09249474853277206,1,2,0,-0.07415192574262619,-5.6575140953063965,-6.4781413078308105,9.630592346191406,6.385035037994385,3.273477554321289,-9.835050582885742
2686,12.0,2,1,0.14854899048805237,1,2,1,0.14949502050876617,-4.500558376312256,-4.172768592834473,6.596088886260986,1.7602338790893555,2.3782291412353516,-3.760587453842163
2687,2.0,2,1,-0.1483529806137085,1,2,1,-0.13881747424602509,-4.982517719268799,-2.730988025665283,6.0433430671691895,-1.783480167388916,4.526872634887695,-3.911231756210327
2688,41.0,0,0,0.013089969754219055,1,0,2,0.011389330960810184,4.538810729980469,-2.8787622451782227,-2.408268928527832,-0.3356938660144806,-1.4149483442306519,0.2760959267616272
2689,3.0,2,1,-0.09599310904741287,1,2,0,-0.09565861523151398,-4.828721046447754,-12.519255638122559,10.917208671569824,1.2773663997650146,-0.4303072690963745,-1.1883866786956787
2690,40.0,0,1,-0.004363323096185923,1,0,1,0.003671315498650074,9.696649551391602,-6.048532962799072,-5.3766374588012695,-7.824779510498047,3.181412696838379,1.7785475254058838
2691,43.0,0,1,0.021816615015268326,1,0,1,0.010982838459312916,10.084883689880371,-2.125549077987671,-8.15536117553711,-3.077585458755493,6.23024320602417,-7.650132179260254
2692,12.0,0,1,0.02617993950843811,1,0,1,0.019901424646377563,6.5992350578308105,-5.071098327636719,-1.4908372163772583,0.5859959125518799,4.641762733459473,-5.6570234298706055
2693,38.0,0,2,-0.021816615015268326,1,0,0,-0.0019274568185210228,5.476094722747803,-4.130084037780762,-1.8813366889953613,5.091866493225098,3.3424153327941895,-10.88839340209961
2694,3.0,2,1,-0.04363323003053665,1,2,1,-0.034389693289995193,-2.4848177433013916,-10.586480140686035,8.43183422088623,-1.3703014850616455,1.4412028789520264,-0.03854398429393768
2695,9.0,2,0,0.1483529806137085,1,2,0,0.1655944436788559,-2.2916691303253174,-1.091596007347107,1.3669378757476807,5.752831935882568,-0.4746629595756531,-8.293477058410645
2696,3.0,2,1,-0.07853981852531433,1,2,0,-0.08153734356164932,-3.3084523677825928,-6.9305419921875,8.031740188598633,4.208623886108398,1.7634081840515137,-5.850680351257324
2697,27.0,2,1,-0.1178097277879715,1,2,1,-0.08279097080230713,-6.393630504608154,-0.5733602046966553,4.6907453536987305,-7.57473087310791,5.9278154373168945,-1.0256016254425049
2698,2.0,2,2,-0.11344639956951141,1,2,2,-0.11158807575702667,-5.780027866363525,-3.0493671894073486,6.554075241088867,-8.800752639770508,-2.4475080966949463,8.579087257385254
2699,3.0,2,1,0.11344639956951141,1,2,1,0.09891780465841293,-8.298781394958496,-5.255478382110596,8.985071182250977,-8.185929298400879,7.457464218139648,-1.1895356178283691
2700,41.0,0,1,0.013089969754219055,1,0,2,0.013171075843274593,3.989246129989624,-2.2876248359680176,-2.4362196922302246,-0.8752726316452026,-0.9015337824821472,0.375038206577301
2701,41.0,0,0,0.013089969754219055,1,0,2,0.01158245000988245,4.481995105743408,-2.813859462738037,-2.4117259979248047,-0.38771846890449524,-1.3650791645050049,0.2921409606933594
2702,2.0,2,1,-0.06108652427792549,1,2,2,-0.07664720714092255,-4.009981155395508,-10.100049018859863,9.52884292602539,-3.276754379272461,0.22642673552036285,2.3215513229370117
2703,60.0,2,1,0.17016960680484772,1,2,1,0.15972605347633362,-4.983685493469238,-3.264735221862793,6.259422779083252,2.297804594039917,2.45875883102417,-4.386341094970703
2704,12.0,2,2,0.09599310904741287,1,2,2,0.06705860048532486,-10.225785255432129,-6.7525553703308105,12.344549179077148,-4.858994007110596,-0.44431859254837036,4.4300713539123535
2705,3.0,2,1,-0.1483529806137085,1,2,1,-0.18608024716377258,-9.311246871948242,-3.0563132762908936,7.693374156951904,1.0431889295578003,3.3878846168518066,-5.05748987197876
2706,85.0,2,1,0.036651913076639175,1,0,1,0.04150030016899109,2.1554017066955566,-3.574143409729004,0.5076929330825806,-3.7708606719970703,4.206517696380615,-3.335975170135498
2707,56.0,2,2,0.12870249152183533,1,2,2,0.12169297784566879,-2.5337398052215576,-7.265974044799805,7.6132893562316895,-4.073416709899902,-4.036493301391602,6.275851726531982
2708,2.0,2,1,-0.1483529806137085,1,2,1,-0.13905663788318634,-4.985193252563477,-2.7292909622192383,6.04331111907959,-1.7840293645858765,4.5321526527404785,-3.9173355102539062
2709,38.0,0,1,-0.024434609338641167,1,0,2,-0.008824444375932217,3.7947275638580322,-3.6205921173095703,-1.3167299032211304,-10.015524864196777,-1.732995867729187,7.334361553192139
2710,3.0,2,1,-0.13089969754219055,1,2,0,-0.10494232177734375,-7.139731407165527,-7.895423412322998,10.0090970993042,2.490172863006592,1.4730846881866455,-5.776730537414551
2711,38.0,0,1,-0.030543262138962746,1,0,0,-0.02150554582476616,3.8165676593780518,-4.318926811218262,-0.5606256127357483,0.10551881045103073,-0.7669381499290466,-1.2658551931381226
2712,12.0,2,0,0.08889418840408325,1,0,0,0.007196706719696522,3.617774486541748,-7.039409637451172,1.2015119791030884,6.447547912597656,-2.026186466217041,-4.96273946762085
2713,2.0,0,1,0.02617993950843811,1,0,1,0.0166131854057312,10.652084350585938,-8.745343208312988,-6.613828659057617,2.5578768253326416,2.8164920806884766,-5.787269592285156
2714,85.0,2,1,0.041366565972566605,1,2,1,0.04235691577196121,1.3684988021850586,-3.7881269454956055,1.4116524457931519,-4.018742084503174,4.251859188079834,-3.089019775390625
2715,9.0,2,1,-0.13089969754219055,1,2,0,-0.1551540493965149,-9.154704093933105,-7.658605098724365,13.302762985229492,3.841599464416504,-3.1216678619384766,-2.946779489517212
2716,85.0,2,1,0.04363323003053665,1,2,1,0.04866611585021019,-0.8507620096206665,-4.922969341278076,4.184826850891113,-4.435108184814453,4.853448867797852,-2.92199969291687
2717,12.0,2,1,0.09660609066486359,1,2,1,0.09846794605255127,-6.554863929748535,-6.89393949508667,9.947746276855469,-0.7134323120117188,2.1321492195129395,-0.6922347545623779
2718,22.0,2,1,-0.16144295036792755,1,2,0,-0.16218647360801697,-5.499760150909424,-2.37739634513855,5.974384784698486,-0.35685187578201294,-0.5536020994186401,-1.556527018547058
2719,3.0,2,0,0.1483529806137085,1,2,0,0.1512984037399292,-3.128603935241699,-6.760951042175293,6.725935935974121,4.944474697113037,-4.610073089599609,-0.1321207582950592
2720,3.0,2,1,0.13089969754219055,1,2,1,0.1350087970495224,-6.317018032073975,-3.6557717323303223,7.315328121185303,1.922501564025879,2.5429937839508057,-4.480930805206299
2721,12.0,2,2,-0.13089969754219055,1,2,2,-0.1351214200258255,-5.7599778175354,-2.284334182739258,6.225210666656494,-6.02584981918335,0.16259847581386566,3.003474235534668
2722,41.0,0,1,0.013089969754219055,1,0,2,0.011389200575649738,4.53879976272583,-2.878779888153076,-2.4082517623901367,-0.33568891882896423,-1.4150304794311523,0.27617985010147095
2723,40.0,0,2,-0.006981316953897476,1,0,2,-0.011927696876227856,10.631081581115723,-4.684751033782959,-6.025681972503662,-7.2058024406433105,1.7134947776794434,4.0315351486206055
2724,40.0,0,1,-0.004363323096185923,1,0,1,-0.01191228162497282,13.046150207519531,-10.190691947937012,-5.62427282333374,-3.586355447769165,3.293231248855591,-4.7278313636779785
2725,9.0,2,1,0.09599310904741287,1,2,1,0.08978956192731857,-9.691207885742188,-4.30120849609375,11.038792610168457,0.6771775484085083,0.9664396643638611,-1.6203564405441284
2726,12.0,2,1,0.06311594694852829,1,2,1,0.05890926718711853,-0.8209799528121948,-10.64311408996582,8.014814376831055,-0.7743396759033203,2.511840343475342,-2.2007791996002197
2727,3.0,2,1,0.13089969754219055,1,2,1,0.11904232203960419,-4.525547981262207,-8.152432441711426,8.836923599243164,0.7424694299697876,5.949542045593262,-9.392258644104004
2728,3.0,2,1,0.07853981852531433,1,2,0,0.08184055984020233,-7.619926929473877,-4.9845805168151855,9.6978120803833,2.8344175815582275,0.11823220551013947,-3.1155433654785156
2729,12.0,2,2,-0.1483529806137085,1,2,2,-0.15118496119976044,-5.0576043128967285,-0.9714515805244446,4.739207744598389,-0.5859121084213257,-2.153026580810547,0.5939618945121765
2730,43.0,0,1,0.021816615015268326,1,0,1,0.010232214815914631,10.355520248413086,-2.2021312713623047,-8.340784072875977,-2.9627246856689453,6.328316688537598,-7.86422061920166
2731,12.0,0,2,-0.008726646192371845,1,0,2,-0.026152361184358597,15.922475814819336,-8.171366691589355,-8.641164779663086,-7.607663154602051,1.1637321710586548,4.425065517425537
2732,54.0,2,0,0.11463287472724915,1,2,0,0.11294721066951752,-3.310342311859131,-6.591216087341309,7.477102756500244,7.953854560852051,-4.296127796173096,-5.372146129608154
2733,3.0,2,1,-0.0445324182510376,1,2,2,-0.05364719405770302,-3.6500067710876465,-4.499131202697754,6.281497478485107,-7.038819313049316,0.27743297815322876,6.627408504486084
2734,56.0,2,0,0.13526301085948944,1,2,0,0.12814004719257355,-4.199536323547363,-1.1998237371444702,4.024730682373047,1.9952714443206787,-0.17122729122638702,-1.9510972499847412
2735,12.0,2,0,0.04363323003053665,1,0,1,0.03988179937005043,5.869584083557129,-10.024157524108887,1.8182719945907593,2.133925437927246,3.813589334487915,-7.939368724822998
2736,12.0,2,0,0.04363323003053665,1,2,0,0.044016093015670776,2.9564616680145264,-10.428437232971191,4.428263187408447,6.215892314910889,-1.3748728036880493,-5.077740669250488
2737,12.0,2,0,0.16580627858638763,1,2,2,0.1742687225341797,-8.569326400756836,-2.9836199283599854,8.818933486938477,-10.13180160522461,-1.7763742208480835,7.556286334991455
2738,33.0,2,1,-0.05672319978475571,1,2,2,-0.06776217371225357,-5.035011291503906,-8.090417861938477,9.664451599121094,-9.316909790039062,-1.76213800907135,7.1726508140563965
2739,3.0,2,2,-0.11344639956951141,1,2,0,-0.11099208891391754,-8.049866676330566,-8.924883842468262,11.02380657196045,0.8608371019363403,-0.22723834216594696,0.49798208475112915
2740,3.0,2,2,0.11344639956951141,1,2,2,0.10807952284812927,-5.954105377197266,-4.617984771728516,8.479451179504395,-1.4054585695266724,-1.0233097076416016,1.6387377977371216
2741,9.0,2,1,-0.09599310904741287,1,2,0,-0.11221909523010254,-6.734807968139648,-13.699167251586914,14.7185640335083,2.503268003463745,1.5131185054779053,-4.049923419952393
2742,3.0,0,1,-0.008726646192371845,1,0,1,0.012554681859910488,15.344980239868164,-6.565357685089111,-8.998997688293457,1.1693129539489746,5.614104270935059,-7.5375895500183105
2743,12.0,2,1,-0.06108652427792549,1,2,2,-0.07776391506195068,-3.479712963104248,-7.786077976226807,8.284672737121582,-0.47096383571624756,-4.570619583129883,3.216195583343506
2744,3.0,2,0,0.13089969754219055,1,2,0,0.14811082184314728,-4.632155895233154,-7.998968601226807,9.168160438537598,6.707235813140869,2.500357151031494,-9.536747932434082
2745,12.0,2,0,0.04363323003053665,1,2,0,0.04684585705399513,-2.937739133834839,-6.327939987182617,6.3440775871276855,2.2161266803741455,1.3263680934906006,-4.095183849334717
2746,12.0,1,2,0.09599310904741287,0,2,1,0.17174699902534485,-14.470888137817383,3.2311341762542725,5.839531898498535,-2.263598918914795,1.7844129800796509,-2.4257500171661377
2747,22.0,2,1,-0.16144295036792755,1,2,2,-0.15929295122623444,-5.870298385620117,-3.8355236053466797,7.04632043838501,-3.7320821285247803,0.8142343759536743,0.9647466540336609
2748,60.0,2,1,0.17016960680484772,1,2,1,0.15735210478305817,-6.2392683029174805,-8.574847221374512,10.137232780456543,-3.0168468952178955,7.097214698791504,-3.9959726333618164
2749,66.0,2,0,-0.12391837686300278,1,2,0,-0.10643379390239716,-3.7114956378936768,-0.9672414660453796,3.589191198348999,6.222697734832764,-2.998143196105957,-5.191108226776123
2750,60.0,2,2,0.17016960680484772,1,2,2,0.16806910932064056,-4.456708908081055,-4.154364585876465,5.772716522216797,0.3406905233860016,-2.062046766281128,2.95389723777771
2751,9.0,2,1,-0.09599310904741287,1,2,0,-0.09694753587245941,-5.280279159545898,-7.58773946762085,9.919224739074707,3.6828720569610596,0.7177173495292664,-5.5903143882751465
2752,27.0,2,1,-0.10908307880163193,1,2,1,-0.08443246781826019,-4.618023872375488,-7.636496067047119,8.294953346252441,-0.06933937221765518,1.2127721309661865,-2.297899007797241
2753,3.0,2,1,-0.09599310904741287,1,2,2,-0.12281094491481781,-4.125996112823486,-14.710644721984863,10.097439765930176,-0.565664529800415,-0.9486342072486877,1.6452267169952393
2754,54.0,2,1,0.11334332078695297,1,2,0,0.14619889855384827,-4.634406089782715,-2.387085437774658,4.694150924682617,1.6008249521255493,-0.7044685482978821,-0.3695196509361267
2755,41.0,0,2,0.010471975430846214,1,0,2,0.011389200575649738,4.53879976272583,-2.878779888153076,-2.4082517623901367,-0.33568891882896423,-1.4150304794311523,0.27617985010147095
2756,9.0,0,1,0.02617993950843811,1,0,1,0.008638479746878147,7.851324558258057,-6.567869186401367,-2.318345546722412,-2.565340042114258,1.3643739223480225,-1.3368966579437256
2757,38.0,0,2,-0.021816615015268326,1,0,0,-0.0050079477950930595,3.9994475841522217,-5.085538864135742,-0.1435447633266449,5.019930839538574,3.599635124206543,-10.727356910705566
2758,2.0,2,0,-0.07853981852531433,1,2,0,-0.07651226222515106,-3.438715696334839,-7.639640808105469,8.790303230285645,4.021225929260254,-0.27068281173706055,-4.23848295211792
2759,3.0,2,1,0.07853981852531433,1,2,0,0.07755622267723083,-7.8782639503479,-6.395713806152344,10.982743263244629,3.592156410217285,-0.9944188594818115,-2.822011709213257
2760,9.0,2,2,-0.04363323003053665,1,2,1,-0.05538712814450264,-4.967198371887207,-9.339797019958496,10.406018257141113,2.6714136600494385,3.696845531463623,-8.93990707397461
2761,3.0,2,2,-0.11344639956951141,1,2,0,-0.12131057679653168,-8.365888595581055,-8.215863227844238,8.284505844116211,5.103827476501465,-0.23304347693920135,-5.033773899078369
2762,22.0,2,2,-0.1614447683095932,1,2,2,-0.16240106523036957,-9.107870101928711,-4.784022808074951,10.487256050109863,1.144777536392212,-3.836198091506958,3.158860683441162
2763,22.0,2,1,-0.16476894915103912,1,2,2,-0.16384102404117584,-5.131638050079346,-1.7760019302368164,5.112984657287598,-5.6151275634765625,0.25125905871391296,2.0012476444244385
2764,60.0,2,2,0.16755160689353943,1,2,2,0.1488368958234787,-6.695266246795654,-8.15523910522461,10.724615097045898,-6.4173078536987305,-4.173671722412109,7.953740119934082
2765,22.0,1,1,-0.16667895019054413,0,1,1,-0.10751256346702576,-4.855873107910156,8.413150787353516,-4.19528865814209,-5.943788528442383,2.4484169483184814,-0.11884274333715439
2766,60.0,2,0,0.17016960680484772,1,2,0,0.15926559269428253,-4.305662155151367,-5.335887908935547,6.932826995849609,1.8118846416473389,-1.2047542333602905,0.5804728865623474
2767,2.0,0,1,-0.02617993950843811,1,0,2,-0.029276788234710693,8.102438926696777,-8.65564250946045,-1.2507425546646118,-3.901502847671509,0.12056489288806915,1.9803192615509033
2768,12.0,2,0,-0.04363323003053665,1,2,2,-0.0376393161714077,-1.2067265510559082,-7.1719255447387695,5.167713165283203,-2.9768171310424805,0.43952155113220215,1.3697408437728882
2769,3.0,2,1,0.13089969754219055,1,2,1,0.11687902361154556,-4.958345413208008,-3.803269386291504,5.961374759674072,-0.4848364293575287,2.1090633869171143,-1.1646039485931396
2770,9.0,2,1,0.04363323003053665,1,2,0,0.03665841743350029,-5.22017765045166,-3.8911678791046143,6.084500789642334,1.1094515323638916,-2.2990267276763916,-0.2766411006450653
2771,9.0,0,0,0.02617993950843811,1,0,1,0.017903540283441544,6.375459671020508,-7.646707057952881,-0.42258432507514954,-2.1983959674835205,1.6602988243103027,-0.9527221322059631
2772,2.0,2,1,-0.07853981852531433,1,2,0,-0.08209234476089478,-5.223394393920898,-6.919783592224121,9.172475814819336,1.6950905323028564,-0.2880479097366333,-2.866330623626709
2773,12.0,2,1,-0.09599310904741287,1,2,1,-0.0895843505859375,-6.628087997436523,-2.3399617671966553,7.017845153808594,-3.861619234085083,4.668276309967041,-2.2325499057769775
2774,3.0,1,1,-0.11344639956951141,0,0,1,-0.00491370540112257,10.116743087768555,-8.45503044128418,-4.3039116859436035,-5.80383825302124,2.3219962120056152,-0.2980390191078186
2775,38.0,0,1,-0.021816615015268326,1,0,1,-0.027623523026704788,2.090407609939575,-5.116506099700928,1.5003856420516968,-0.7742475271224976,3.047905445098877,-3.2616848945617676
2776,27.0,2,1,-0.11431906372308731,1,2,1,-0.11925765872001648,-6.217806339263916,-11.152411460876465,11.788113594055176,1.5388706922531128,2.706721305847168,-4.412935733795166
2777,54.0,2,0,0.1178097277879715,1,2,0,0.11626550555229187,-7.31329870223999,-0.6977584958076477,6.406871318817139,9.79774284362793,-1.6880933046340942,-11.963235855102539
2778,43.0,0,1,0.021816615015268326,1,0,1,0.007059150375425816,10.477120399475098,-1.7664830684661865,-8.923877716064453,-3.0006296634674072,7.114764213562012,-8.83644962310791
2779,2.0,2,1,0.11344639956951141,1,2,1,0.10176258534193039,-5.767745018005371,-5.350924491882324,3.8641021251678467,-4.677853584289551,4.212104797363281,0.4014130234718323
2780,2.0,2,1,0.16580627858638763,1,2,1,0.14757129549980164,-2.888925313949585,-10.787784576416016,6.391695976257324,-9.117144584655762,6.9358649253845215,1.830019474029541
2781,3.0,0,1,0.02617993950843811,1,0,1,0.016430240124464035,9.638883590698242,-12.152385711669922,-2.2806365489959717,-16.172285079956055,5.922906875610352,5.815215110778809
2782,41.0,0,2,0.010471975430846214,1,0,2,0.011389200575649738,4.53879976272583,-2.878779888153076,-2.4082517623901367,-0.33568891882896423,-1.4150304794311523,0.27617985010147095
2783,2.0,2,2,0.16580627858638763,1,2,1,0.12773580849170685,2.1398870944976807,-12.947121620178223,6.639337062835693,-11.032975196838379,8.646745681762695,0.9641165137290955
2784,2.0,2,1,-0.06108652427792549,1,2,1,-0.06510688364505768,-4.594842910766602,-6.308583736419678,6.177536964416504,0.43748652935028076,2.5633318424224854,-3.1107401847839355
2785,12.0,2,2,0.09599310904741287,1,2,1,0.09161223471164703,-5.384184837341309,-5.929523944854736,8.830229759216309,-2.2863221168518066,1.8845106363296509,0.6638361811637878
2786,60.0,2,0,0.17016960680484772,1,2,0,0.16747157275676727,-4.902584552764893,-5.705692291259766,7.659160614013672,2.6658098697662354,-2.257767915725708,1.0159306526184082
2787,60.0,2,1,0.16493360698223114,1,2,2,0.16674986481666565,-4.356709003448486,-3.882079839706421,6.550948619842529,-1.5800812244415283,-0.7714020609855652,1.1355159282684326
2788,12.0,2,0,-0.03958522528409958,1,2,1,-0.032830554991960526,-0.2890430688858032,-8.235404968261719,4.886935710906982,-2.644319772720337,1.1086499691009521,0.1555858850479126
2789,12.0,0,1,-0.02617993950843811,1,2,0,-0.03865897282958031,0.06670322269201279,-6.7202606201171875,2.366407871246338,3.3090734481811523,1.633559226989746,-6.124146461486816
2790,54.0,2,1,0.1178097277879715,1,2,0,0.12418583035469055,-4.370259761810303,-5.652131080627441,7.146012783050537,8.535626411437988,1.3625653982162476,-12.673985481262207
2791,22.0,2,2,-0.16144295036792755,1,2,2,-0.15582533180713654,-5.529052257537842,-4.356014728546143,7.150315284729004,-4.5594305992126465,-0.810771107673645,3.452495813369751
2792,56.0,2,0,0.13526301085948944,1,2,0,0.13241100311279297,-4.547608852386475,-6.002426624298096,7.001570701599121,0.5781232714653015,-0.10170713067054749,-2.2652294635772705
2793,22.0,2,1,-0.16144295036792755,1,2,0,-0.16215094923973083,-5.537370204925537,-2.405632257461548,6.029741287231445,-0.12700247764587402,-0.5821972489356995,-1.7069389820098877
2794,3.0,2,1,-0.07853981852531433,1,2,0,-0.08418553322553635,-5.138031005859375,-7.4215312004089355,9.819504737854004,4.008080005645752,1.4896719455718994,-5.8960700035095215
2795,9.0,0,2,-0.02617993950843811,1,2,2,-0.027942892163991928,3.6874887943267822,-9.764382362365723,4.037139415740967,-1.8362643718719482,0.17150957882404327,2.462996244430542
2796,12.0,2,1,0.1483529806137085,1,2,1,0.13708695769309998,-8.490973472595215,-6.1789445877075195,10.630508422851562,2.989670991897583,6.771219730377197,-12.566104888916016
2797,9.0,2,2,-0.1483529806137085,1,2,0,-0.13941742479801178,-9.9954833984375,-7.936559200286865,12.864602088928223,0.8648422956466675,-0.3212464153766632,-2.5876083374023438
2798,27.0,2,1,-0.10908307880163193,1,2,1,-0.09141033887863159,-6.088401794433594,-11.545025825500488,11.951178550720215,0.08861475437879562,2.8272511959075928,-2.962705135345459
2799,3.0,2,1,0.07853981852531433,1,2,0,0.07480502873659134,-8.31490707397461,-6.323434352874756,12.090407371520996,5.805448055267334,-2.8667545318603516,-3.2066609859466553
2800,9.0,2,0,0.1483529806137085,1,2,0,0.1474369317293167,-2.8825430870056152,-6.519863605499268,6.698734283447266,3.4690804481506348,-4.717073917388916,0.7406542897224426
2801,54.0,2,1,0.1178097277879715,1,2,0,0.11377830803394318,-2.9638965129852295,-6.0215253829956055,5.7949347496032715,7.477625846862793,1.9619362354278564,-11.740099906921387
2802,9.0,2,1,0.09599310904741287,1,2,1,0.09648527950048447,-3.9699978828430176,-5.9012861251831055,7.321577072143555,2.240135431289673,2.539395809173584,-5.038856029510498
2803,3.0,2,0,0.06101473420858383,1,2,0,0.056579362601041794,-5.908893585205078,-7.796933174133301,10.443266868591309,4.240090370178223,-0.39020633697509766,-4.117900371551514
2804,38.0,0,0,-0.024434609338641167,1,0,2,-0.012706517241895199,3.263923406600952,-3.99855637550354,-0.43817219138145447,-11.396571159362793,-0.07223661243915558,7.704118251800537
2805,3.0,2,1,-0.07853981852531433,1,2,1,-0.07640674710273743,-3.0165398120880127,-7.329448223114014,8.270466804504395,0.41380786895751953,3.5131800174713135,-4.717886924743652
2806,22.0,2,1,-0.16667895019054413,1,2,2,-0.1677411049604416,-4.781927108764648,-3.973646640777588,6.297584056854248,-4.920324325561523,-0.7091031670570374,2.6134145259857178
2807,9.0,0,1,0.02617993950843811,1,0,1,0.015987131744623184,8.378214836120605,-8.064302444458008,-1.9940176010131836,-3.2434370517730713,1.8025203943252563,-0.26406151056289673
2808,40.0,0,0,-0.004363323096185923,1,0,0,-0.011032718233764172,9.827919006347656,-6.565545082092285,-4.774982929229736,2.5049901008605957,-1.6212751865386963,-3.9199070930480957
2809,12.0,2,0,-0.0993373915553093,1,2,2,-0.1357024610042572,-8.055610656738281,-6.6099042892456055,10.598247528076172,-1.4990463256835938,-4.934587478637695,2.5019805431365967
2810,3.0,2,0,0.1483529806137085,1,2,0,0.11214836686849594,-2.6037793159484863,-4.743955612182617,3.7853455543518066,5.589938640594482,-0.6310644745826721,-7.0096635818481445
2811,3.0,2,1,0.04363323003053665,1,2,2,0.02638983353972435,-1.9021576642990112,-9.492819786071777,5.55033016204834,-4.797554969787598,1.9919981956481934,2.4824469089508057
2812,41.0,0,1,0.004363323096185923,1,0,1,0.0036866208538413048,5.921389579772949,-2.6460986137390137,-4.032680034637451,-3.143580198287964,4.280241012573242,-3.812161684036255
2813,12.0,2,1,-0.1483529806137085,1,2,2,-0.14067253470420837,-4.9970622062683105,-2.723984479904175,5.559562683105469,-9.553269386291504,2.062027931213379,3.243164300918579
2814,3.0,2,0,-0.06108652427792549,1,2,2,-0.06254848837852478,-4.2215471267700195,-9.421070098876953,10.46182918548584,-0.09631956368684769,-0.21912090480327606,1.4821650981903076
2815,3.0,2,1,0.16580627858638763,1,2,1,0.15804781019687653,-4.3148193359375,-5.0081586837768555,7.162285804748535,-2.173346996307373,5.921523094177246,-5.593850135803223
2816,12.0,0,2,0.008726646192371845,1,0,1,0.00805711094290018,13.448084831237793,-6.935750484466553,-7.1534857749938965,-3.1889848709106445,3.948272228240967,-1.995985984802246
2817,3.0,2,0,0.06108652427792549,1,2,0,0.05631296709179878,-5.7925896644592285,-4.000166893005371,7.42392110824585,2.600155830383301,-0.4857604205608368,-2.652240753173828
2818,33.0,2,1,-0.06544984877109528,1,2,1,-0.046204403042793274,-6.599216938018799,-1.9561790227890015,6.058176040649414,-4.53599739074707,9.314915657043457,-6.686848163604736
2819,9.0,2,1,-0.04363323003053665,1,2,1,-0.05009891465306282,-7.347156047821045,-4.5610737800598145,8.55953598022461,-3.3319435119628906,4.099560737609863,-0.9790665507316589
2820,2.0,2,2,0.09599310904741287,1,2,1,0.09460555016994476,-5.775834083557129,-6.256248950958252,4.482709884643555,-4.111043930053711,2.7897744178771973,1.4764840602874756
2821,9.0,0,1,-0.008726646192371845,1,0,1,-0.01055918913334608,11.258530616760254,-6.527493000030518,-6.342576026916504,-5.839320659637451,3.2325892448425293,-1.2369822263717651
2822,9.0,2,1,0.04363323003053665,1,2,0,0.03735356405377388,-5.041993141174316,-4.326047420501709,6.303994178771973,1.4025859832763672,-2.9987921714782715,-0.22617143392562866
2823,9.0,2,0,0.1483529806137085,1,2,0,0.1477632224559784,-2.885577917098999,-5.9092116355896,5.8719258308410645,4.497136116027832,-3.7606430053710938,-0.6164467334747314
2824,9.0,2,1,0.07853981852531433,1,2,1,0.10881535708904266,-4.538320541381836,-11.18778133392334,8.357065200805664,-0.8101186752319336,4.1041388511657715,-5.942616939544678
2825,3.0,2,1,-0.04363323003053665,1,2,1,-0.028576232492923737,-6.268423080444336,-7.365015029907227,9.444856643676758,-2.2951560020446777,3.3671720027923584,-1.3674359321594238
2826,9.0,2,0,0.16580627858638763,1,2,1,0.1485961377620697,-7.7709879875183105,-4.2883477210998535,7.941217422485352,-5.488616466522217,2.8847413063049316,1.7212120294570923
2827,12.0,2,0,0.04363323003053665,1,0,0,0.04874262586236,5.210157871246338,-9.38239860534668,1.6285450458526611,3.8633077144622803,2.742560863494873,-8.382298469543457
2828,12.0,2,2,0.09599310904741287,1,2,1,0.09761201590299606,-5.154892921447754,-8.154398918151855,9.716894149780273,-3.9720652103424072,2.352464437484741,1.3784319162368774
2829,12.0,2,1,0.1483529806137085,1,2,0,0.12935763597488403,-5.025578498840332,-8.664727210998535,9.878494262695312,11.688817977905273,2.938718318939209,-18.526174545288086
2830,2.0,2,1,0.10309202969074249,1,2,1,0.09010447561740875,-6.377564907073975,-7.316751956939697,5.482215404510498,-4.387701988220215,2.4140360355377197,1.894101858139038
2831,2.0,2,1,0.13089969754219055,1,2,1,0.12601450085639954,-4.370243072509766,-17.616727828979492,11.80018424987793,-10.446548461914062,6.29728364944458,2.947303056716919
2832,66.0,2,1,-0.13788101077079773,1,2,0,-0.12360331416130066,-5.186169624328613,-6.004674434661865,8.405826568603516,1.577282428741455,-0.07497380673885345,-1.4488482475280762
2833,60.0,2,1,0.17016960680484772,1,2,1,0.14797835052013397,-7.204212665557861,-4.005517959594727,7.623152256011963,-3.874864101409912,4.639336585998535,-1.1346579790115356
2834,2.0,2,2,0.09599310904741287,1,2,1,0.09166324138641357,-5.58658504486084,-6.362181186676025,4.515139579772949,-4.079855442047119,3.249316930770874,0.8350736498832703
2835,33.0,2,1,-0.06544984877109528,1,2,1,-0.0636141449213028,-7.056363105773926,-0.9265097975730896,6.552037239074707,-3.737147331237793,7.137322425842285,-4.605041027069092
2836,27.0,2,1,-0.11170107126235962,1,2,1,-0.1183893233537674,-8.973052024841309,-5.865569114685059,11.736471176147461,2.5177671909332275,3.0844478607177734,-6.236542224884033
2837,3.0,2,0,0.1483529806137085,1,2,0,0.15639054775238037,-3.0263073444366455,-2.8337368965148926,3.364237070083618,5.882393836975098,0.7105526328086853,-8.692501068115234
2838,66.0,2,0,-0.13089969754219055,1,2,0,-0.12756377458572388,-5.241147994995117,-6.687513828277588,9.039485931396484,2.590411424636841,1.821524739265442,-3.951059103012085
2839,22.0,2,1,-0.16144295036792755,1,2,0,-0.16106630861759186,-6.016539573669434,-3.1906912326812744,6.9833245277404785,2.009342670440674,-0.4769814610481262,-3.3994266986846924
2840,9.0,2,0,0.14996366202831268,1,2,0,0.14481651782989502,-4.829365253448486,-4.016316890716553,6.267897129058838,8.244812965393066,0.5517986416816711,-12.030865669250488
2841,33.0,1,1,-0.06544984877109528,0,1,1,-0.022511418908834457,-6.443234443664551,10.228206634521484,-3.458289861679077,-6.550080299377441,9.955414772033691,-6.783796787261963
2842,9.0,2,2,-0.1483529806137085,1,2,0,-0.12950293719768524,-7.0562849044799805,-5.318918228149414,10.022433280944824,7.125267028808594,-0.04486231505870819,-6.66104793548584
2843,12.0,2,2,-0.13089969754219055,1,2,2,-0.12822429835796356,-4.717482089996338,-4.510317802429199,7.103729248046875,-2.4888298511505127,-2.7550625801086426,3.751023054122925
2844,3.0,0,2,-0.02655743435025215,1,0,0,-0.047083545476198196,2.0055737495422363,-7.483644485473633,0.9082046151161194,3.5958831310272217,0.8409882187843323,-5.8031086921691895
2845,27.0,2,1,-0.10908307880163193,1,2,1,-0.10663137584924698,-6.148553848266602,-6.8411383628845215,9.734123229980469,0.08329194039106369,4.64442253112793,-5.136568069458008
2846,60.0,2,0,0.17016960680484772,1,2,0,0.16770675778388977,-4.77385950088501,-7.6926984786987305,8.203948974609375,4.293473243713379,-4.107233047485352,-0.7223703861236572
2847,12.0,2,1,-0.07853981852531433,1,2,2,-0.06993043422698975,-5.796895980834961,-6.524104595184326,6.1989874839782715,0.1903168261051178,-0.32189837098121643,0.7623822689056396
2848,38.0,0,1,-0.021816615015268326,1,0,1,-0.019091006368398666,6.116170883178711,-5.537614345550537,-1.202091097831726,-4.69154691696167,3.740452527999878,2.4813601970672607
2849,3.0,2,1,-0.09599310904741287,1,2,0,-0.058563221246004105,-3.029689311981201,-10.233189582824707,8.296573638916016,2.7490310668945312,1.4881658554077148,-4.557961940765381
2850,3.0,2,1,0.07853981852531433,1,2,0,0.08081032335758209,-7.693004131317139,-5.60935115814209,10.23371410369873,3.0547173023223877,-0.43106383085250854,-2.806243658065796
2851,12.0,0,2,0.008726646192371845,1,0,1,-0.00451876875013113,11.318410873413086,-8.244708061218262,-4.297834396362305,-5.091771125793457,2.552887201309204,1.1479644775390625
2852,12.0,2,0,0.06108652427792549,1,2,0,0.07746167480945587,-10.834779739379883,-8.951104164123535,14.541006088256836,12.976821899414062,4.9903764724731445,-18.910701751708984
2853,12.0,2,2,0.09509392082691193,1,2,1,0.09466098248958588,-5.550685405731201,-4.043313980102539,7.462230205535889,-3.1787328720092773,2.4236292839050293,1.210902214050293
2854,56.0,2,2,0.12737523019313812,1,2,2,0.12251683324575424,-1.7196335792541504,-6.9901204109191895,6.736751556396484,-3.04028582572937,-4.193334102630615,5.252028465270996
2855,2.0,2,1,-0.09599310904741287,1,2,2,-0.11248206347227097,-5.496115207672119,-4.365536212921143,7.392783164978027,-4.417429447174072,1.685733675956726,1.9977586269378662
2856,2.0,0,1,-0.02617993950843811,1,0,2,-0.034796636551618576,8.069472312927246,-7.215809345245361,-2.514667272567749,-3.6445677280426025,-0.27878445386886597,1.9582762718200684
2857,2.0,2,1,0.1483529806137085,1,2,2,0.14489862322807312,-6.1760663986206055,-6.05233907699585,6.9985785484313965,-1.5179455280303955,0.9528281688690186,1.1113340854644775
2858,9.0,2,0,0.1483529806137085,1,2,0,0.16242317855358124,-2.7606325149536133,-6.924800395965576,6.965528964996338,5.278707981109619,-4.358506679534912,-0.6496146321296692
2859,9.0,2,2,-0.03653430938720703,1,2,1,-0.03732229769229889,-1.7609262466430664,-4.001004219055176,4.106107711791992,1.235872507095337,1.449072241783142,-4.540794849395752
2860,12.0,2,2,-0.1483529806137085,1,2,2,-0.14877744019031525,-5.133390426635742,-1.6581387519836426,5.244585037231445,-0.7702572345733643,-1.632472038269043,0.19891682267189026
2861,56.0,2,1,0.12653636932373047,1,2,1,0.14440836012363434,-5.401406764984131,0.261044442653656,2.4639859199523926,-7.165143966674805,9.228962898254395,-4.382359981536865
2862,3.0,2,1,-0.09599310904741287,1,2,2,-0.09971028566360474,-4.921909809112549,-14.951675415039062,11.852706909179688,0.298442542552948,-0.9489381909370422,0.7757671475410461
2863,2.0,2,1,0.06108652427792549,1,2,0,0.05294705554842949,-3.0773656368255615,-10.333022117614746,6.130459308624268,0.5759772658348083,-0.8397426009178162,0.22859928011894226
2864,38.0,0,1,-0.021816615015268326,1,0,1,-0.028035786002874374,4.3929443359375,-4.831270694732666,0.07197313755750656,0.1575993299484253,2.5647270679473877,-2.983139753341675
2865,12.0,2,1,0.16580627858638763,1,2,0,0.15834954380989075,-4.239190578460693,-2.400052070617676,4.778780460357666,1.7094956636428833,0.12339158356189728,-0.9707214832305908
2866,3.0,0,1,0.02617993950843811,1,0,2,0.04205147549510002,6.9180908203125,-5.973286151885986,-3.581200361251831,-13.52696418762207,3.1438851356506348,6.534590721130371
2867,40.0,0,0,-0.004363323096185923,1,0,0,0.012920905835926533,9.982137680053711,-9.512351989746094,-2.96868634223938,8.614706039428711,-0.2943587899208069,-13.192465782165527
2868,22.0,1,1,-0.16667895019054413,0,1,1,-0.08579175174236298,-7.990440845489502,9.598433494567871,-2.617307662963867,-7.268340587615967,2.4361698627471924,1.8389090299606323
2869,12.0,2,1,-0.07853981852531433,1,2,0,-0.07099297642707825,-5.7615065574646,-7.09027099609375,6.823497772216797,0.2996309697628021,0.005386335775256157,0.18023213744163513
2870,60.0,2,0,0.17016960680484772,1,2,0,0.16859419643878937,-5.062514781951904,-5.661059379577637,7.825480937957764,2.3125925064086914,-1.8928825855255127,1.03987455368042
2871,3.0,2,1,0.1308279037475586,1,2,1,0.11737090349197388,-3.7106659412384033,-2.5237770080566406,4.0388031005859375,-0.4350748062133789,0.9778175354003906,-0.512683629989624
2872,2.0,2,2,0.16580627858638763,1,2,2,0.1350919008255005,-3.0637385845184326,-9.263737678527832,5.747200012207031,-3.9787745475769043,2.3266077041625977,2.7610838413238525
2873,33.0,2,0,-0.05672319978475571,1,2,0,-0.08280736953020096,-8.24120807647705,-6.334488391876221,10.568649291992188,2.5857765674591064,1.6689234972000122,-5.111938953399658
2874,2.0,2,2,-0.04363323003053665,1,2,2,-0.0564790703356266,-3.690335512161255,-8.155766487121582,7.8252034187316895,-2.013385534286499,0.3218923807144165,1.3336827754974365
2875,2.0,2,1,0.1483529806137085,1,2,1,0.11049403250217438,-2.8186533451080322,-17.328474044799805,12.796710014343262,-12.284012794494629,5.617218971252441,4.090162754058838
2876,54.0,2,1,0.11257373541593552,1,2,0,0.11864662915468216,-4.979772090911865,-4.661920547485352,7.1528143882751465,2.5901951789855957,1.6200230121612549,-4.076151371002197
2877,2.0,2,1,-0.09599310904741287,1,2,1,-0.08481258153915405,-8.869524955749512,-10.55378532409668,13.929604530334473,-0.39780473709106445,6.4306182861328125,-5.49895715713501
2878,3.0,2,1,-0.13089969754219055,1,2,0,-0.13248178362846375,-9.447908401489258,-1.9004231691360474,8.69492244720459,3.822232961654663,2.1111254692077637,-6.966048240661621
2879,2.0,2,1,-0.06108652427792549,1,2,0,-0.062353502959012985,-6.742058753967285,-9.106775283813477,9.137984275817871,0.5133991241455078,-0.3204125761985779,-0.6655586361885071
2880,2.0,0,1,0.024150516837835312,1,0,0,-0.0020915335044264793,8.529583930969238,-7.786994934082031,-4.945000171661377,4.339698791503906,2.65903902053833,-6.836654186248779
2881,22.0,2,2,-0.16406095027923584,1,2,2,-0.16040641069412231,-4.965122699737549,-1.5954970121383667,4.826417446136475,-6.550778388977051,0.49334102869033813,2.5981485843658447
2882,9.0,2,2,-0.1483529806137085,1,2,2,-0.14762645959854126,-5.8563737869262695,-8.673163414001465,10.199495315551758,-2.5205280780792236,-0.0021113622933626175,0.0058353617787361145
2883,85.0,2,1,0.05061454698443413,1,2,1,0.05258660390973091,-3.9334118366241455,-4.555030822753906,6.00964879989624,-4.939175605773926,7.176944732666016,-4.0052080154418945
2884,27.0,2,0,-0.11170107126235962,1,2,1,-0.10104653984308243,-5.4282636642456055,-6.998404026031494,9.870917320251465,3.3912360668182373,4.1538262367248535,-7.780123233795166
2885,2.0,2,1,0.1483529806137085,1,2,2,0.11726552248001099,-7.437003135681152,-17.241403579711914,15.053135871887207,-13.174860000610352,5.2014479637146,6.255357265472412
2886,12.0,2,2,-0.13089969754219055,1,2,2,-0.12662915885448456,-4.937414646148682,-3.7619118690490723,6.745483875274658,-1.8576653003692627,0.08719588816165924,0.4848402738571167
2887,54.0,2,0,0.11519172787666321,1,2,0,0.10437582433223724,-8.316926002502441,-4.062298774719238,9.861160278320312,2.0246670246124268,1.696373701095581,-3.712073564529419
2888,40.0,0,1,-0.004363323096185923,1,0,1,-0.009480434469878674,6.57072639465332,-5.567203521728516,-1.793807864189148,-0.9728749990463257,0.15656594932079315,-1.2133104801177979
2889,2.0,2,2,0.16580627858638763,1,2,2,0.13868394494056702,-5.27634334564209,-9.382229804992676,8.243888854980469,-2.742647409439087,1.447688341140747,1.6569892168045044
2890,43.0,0,1,0.030543262138962746,1,0,2,0.025889012962579727,9.123191833496094,-7.222711563110352,-4.0035834312438965,-7.302961349487305,0.5800963044166565,5.580502986907959
2891,2.0,2,1,-0.06108652427792549,1,2,0,-0.08255764096975327,-5.850142478942871,-9.231176376342773,8.401226043701172,0.5423115491867065,0.46979963779449463,-0.9518651366233826
2892,27.0,2,0,-0.11170107126235962,1,2,0,-0.11874718964099884,-7.269423484802246,-6.965634822845459,8.01465129852295,2.01520037651062,-3.0052146911621094,0.7877528071403503
2893,12.0,0,0,-0.02617993950843811,1,0,1,0.012729008682072163,5.966986179351807,-13.084343910217285,1.6465040445327759,-2.8411717414855957,3.4285190105438232,-2.4475808143615723
2894,9.0,2,1,-0.11344639956951141,1,2,0,-0.14282634854316711,-6.40747594833374,-6.803356647491455,9.928908348083496,4.308331489562988,-0.7321347594261169,-3.5351600646972656
2895,2.0,0,0,-0.008726646192371845,1,0,2,-0.018896762281656265,14.604412078857422,-7.001808166503906,-8.617988586425781,-9.45671558380127,3.013192892074585,3.575319290161133
2896,3.0,2,0,0.05860072374343872,1,2,0,0.05568272992968559,-5.861453533172607,-8.000102996826172,10.547430992126465,4.349625587463379,-0.30188819766044617,-4.311171054840088
2897,38.0,0,1,-0.024434609338641167,1,0,1,-0.060681309551000595,1.4145407676696777,-6.170193672180176,0.9300994277000427,1.479353427886963,2.7021076679229736,-3.830562114715576
2898,40.0,0,2,-0.004363323096185923,1,0,2,-0.010985891334712505,6.563357353210449,-3.4377102851867676,-4.234861850738525,-5.77230167388916,-3.998169422149658,4.689074516296387
2899,43.0,0,1,0.030543262138962746,1,0,1,0.017916593700647354,5.179947853088379,-3.0092597007751465,-2.129727363586426,-3.102818250656128,4.12985897064209,-1.5394301414489746
2900,60.0,1,1,0.16144295036792755,0,1,1,0.22103522717952728,-17.077938079833984,18.282184600830078,-4.318857192993164,-14.456292152404785,14.00173568725586,-3.7835047245025635
2901,56.0,2,0,0.13526301085948944,1,2,0,0.12767435610294342,-3.910259246826172,-0.23570051789283752,2.960523843765259,1.5138384103775024,0.05847670137882233,-1.8710426092147827
2902,38.0,0,0,-0.02970440313220024,1,0,0,-0.021864138543605804,3.427457809448242,-4.657271862030029,0.0628252848982811,0.5528723001480103,-0.6244216561317444,-1.659207820892334
2903,33.0,2,1,-0.06544984877109528,1,2,1,-0.05281940475106239,-6.359575271606445,-4.812523365020752,8.334357261657715,-1.2867648601531982,5.845118522644043,-5.478973865509033
2904,2.0,2,1,-0.06406305730342865,1,2,2,-0.09331105649471283,-3.6859130859375,-12.649970054626465,9.268939971923828,-3.856044054031372,-0.6292510032653809,3.771629571914673
2905,12.0,2,1,-0.07853981852531433,1,2,0,-0.07718723267316818,-6.687243938446045,-4.9904465675354,5.649343490600586,1.2520755529403687,-1.3377323150634766,1.079947829246521
2906,2.0,2,1,0.1483529806137085,1,2,1,0.1832379400730133,-7.511658668518066,-10.469355583190918,11.15554428100586,-3.2475411891937256,3.003864288330078,0.7545458674430847
2907,3.0,2,1,0.04363323003053665,1,2,0,0.03977792337536812,-2.852076292037964,-5.71779203414917,6.385921955108643,1.5841162204742432,1.548780918121338,-3.434919595718384
2908,41.0,0,2,0.010471975430846214,1,0,2,0.011389200575649738,4.53879976272583,-2.878779888153076,-2.4082517623901367,-0.33568891882896423,-1.4150304794311523,0.27617985010147095
2909,9.0,2,2,-0.07853981852531433,1,2,1,-0.08754241466522217,-7.4734368324279785,-7.095879077911377,8.672755241394043,-0.46536117792129517,1.6588863134384155,-1.356067180633545
2910,54.0,2,2,0.1178097277879715,1,2,2,0.12623748183250427,-6.051721096038818,-8.901061058044434,10.885793685913086,-5.200786113739014,-0.15071113407611847,1.8220828771591187
2911,9.0,2,1,-0.09599310904741287,1,2,0,-0.10586589574813843,-5.864650726318359,-6.6565728187561035,9.625814437866211,2.916884183883667,0.25234776735305786,-4.7537150382995605
2912,2.0,2,1,-0.11344639956951141,1,2,1,-0.12062953412532806,-5.3891987800598145,-2.0119903087615967,5.2618231773376465,-3.026470422744751,2.7675342559814453,-2.0172715187072754
2913,38.0,0,1,-0.024434609338641167,1,0,2,-0.013103305362164974,3.0293006896972656,-6.218658924102783,0.9264119863510132,-6.6987385749816895,-1.630584716796875,5.143510818481445
2914,3.0,2,1,-0.13089969754219055,1,2,1,-0.14241604506969452,-8.929234504699707,-2.6693711280822754,8.14080810546875,-3.77341628074646,4.63547420501709,-2.7252395153045654
2915,12.0,2,0,-0.04363323003053665,1,2,2,-0.054118964821100235,-3.0617191791534424,-7.761599540710449,8.092008590698242,-5.456263542175293,0.22445447742938995,3.394131660461426
2916,3.0,2,1,-0.16580627858638763,1,2,1,-0.16088524460792542,-4.968326568603516,-2.140070915222168,5.572333812713623,-1.9165536165237427,5.380354881286621,-4.801484107971191
2917,56.0,2,2,0.13526301085948944,1,2,2,0.12995167076587677,-4.34405517578125,-6.046769618988037,7.830348491668701,0.1944493055343628,-0.15900209546089172,1.1765549182891846
2918,38.0,0,1,-0.026162372902035713,1,0,1,-0.05524646118283272,3.2972066402435303,-8.487236976623535,0.604957640171051,-1.9754382371902466,4.360296249389648,-1.9139459133148193
2919,85.0,2,1,0.04363323003053665,1,2,1,0.04642385616898537,-0.66097491979599,-4.666530609130859,3.806615114212036,-4.4732770919799805,4.8810319900512695,-2.9304516315460205
2920,43.0,0,0,0.027925267815589905,1,0,0,0.024196896702051163,7.132242202758789,-6.142305374145508,-4.828286170959473,6.619091033935547,1.2327256202697754,-8.57947826385498
2921,12.0,0,1,-0.02617993950843811,1,0,0,-0.03183143213391304,1.3316668272018433,-6.256190299987793,1.1451082229614258,3.2866249084472656,1.7536331415176392,-6.2351837158203125
2922,2.0,2,2,-0.04114743322134018,1,2,2,-0.04667467623949051,-2.5750954151153564,-7.9842634201049805,7.882256984710693,-8.221996307373047,1.4209740161895752,4.639761447906494
2923,9.0,2,2,0.04363323003053665,1,2,0,0.036459293216466904,-5.477631092071533,-3.7386832237243652,6.1479902267456055,0.9676979780197144,-3.371182441711426,0.537102997303009
2924,9.0,2,1,-0.13089969754219055,1,2,2,-0.12498891353607178,-7.841042518615723,-6.265892505645752,10.353109359741211,-6.252649784088135,-0.8970769047737122,2.3608291149139404
2925,41.0,0,2,0.009913116693496704,1,0,2,0.0052011823281645775,6.694454669952393,-2.178042411804199,-5.222084999084473,-4.224730014801025,-1.032163381576538,2.726818561553955
2926,12.0,2,1,-0.06108652427792549,1,2,2,-0.08220955729484558,-4.10191535949707,-7.997344017028809,8.936158180236816,-1.0287694931030273,-4.368988513946533,3.669692039489746
2927,60.0,2,1,0.1694936752319336,1,2,0,0.15801696479320526,-7.249289035797119,-3.7067387104034424,7.931575775146484,9.606085777282715,4.469794273376465,-18.331968307495117
2928,2.0,0,1,-0.02617993950843811,1,0,1,-0.03171403706073761,7.862746238708496,-7.6744704246521,-1.530472755432129,-2.2780582904815674,0.6658093929290771,0.1779392659664154
2929,9.0,2,1,0.07853981852531433,1,0,2,0.069484643638134,6.127467155456543,-10.351210594177246,-1.025630235671997,-2.2030603885650635,0.6796577572822571,1.8747775554656982
2930,3.0,2,1,-0.04363323003053665,1,2,1,-0.046208735555410385,0.5623257160186768,-8.121598243713379,5.1272501945495605,-3.8489346504211426,4.311156272888184,-2.2199044227600098
2931,54.0,2,1,0.11768580228090286,1,2,2,0.11330631375312805,-3.9783294200897217,-6.4946608543396,7.729065418243408,0.12877455353736877,-1.257340431213379,1.972273826599121
2932,3.0,2,1,-0.04363323003053665,1,2,2,-0.04686572030186653,-3.358644962310791,-4.824987888336182,6.3714728355407715,-6.680704593658447,0.3622545599937439,6.1349992752075195
2933,3.0,2,2,-0.10439257323741913,1,2,1,-0.10890232026576996,-8.61851978302002,-7.465083599090576,9.832342147827148,-0.979269802570343,0.6405159831047058,0.26524490118026733
2934,3.0,2,2,-0.1483529806137085,1,2,0,-0.16582898795604706,-9.240326881408691,-5.178529262542725,8.083969116210938,4.051658630371094,-2.1641368865966797,-2.8763458728790283
2935,12.0,2,1,-0.09599310904741287,1,2,1,-0.089561328291893,-6.640388488769531,-2.323920965194702,7.017574310302734,-3.780182123184204,4.638629913330078,-2.2754485607147217
2936,41.0,0,1,0.004363323096185923,1,0,1,-0.0005984222516417503,6.0676422119140625,-2.5136876106262207,-4.281973838806152,-2.3536899089813232,1.748509407043457,-1.813193440437317
2937,56.0,2,0,0.13526301085948944,1,2,0,0.12665079534053802,-5.098354339599609,-3.4064204692840576,6.632083892822266,2.4931914806365967,0.7473557591438293,-3.084007978439331
2938,12.0,2,1,-0.09599310904741287,1,2,1,-0.08965752273797989,-6.610964298248291,-2.3612759113311768,7.019228935241699,-3.9273505210876465,4.691598415374756,-2.1967852115631104
2939,60.0,1,1,0.16144295036792755,0,1,1,0.20685254037380219,-14.017317771911621,15.29955005645752,-4.386685848236084,-13.106486320495605,11.118739128112793,-0.4004092812538147
2940,56.0,2,1,0.12653636932373047,1,2,1,0.11155813932418823,-1.5379407405853271,-4.580882549285889,4.793685436248779,-4.44796085357666,6.686154365539551,-4.004762172698975
2941,3.0,2,1,0.07853981852531433,1,2,2,0.06831881403923035,-2.5657083988189697,-10.091909408569336,8.145756721496582,-7.144835948944092,1.4726979732513428,3.4667491912841797
2942,22.0,2,2,-0.16144295036792755,1,2,2,-0.15683652460575104,-5.400331497192383,-4.239596843719482,6.840604782104492,-4.879575729370117,0.22025944292545319,3.0294642448425293
2943,12.0,2,1,0.15609972178936005,1,2,0,0.1524847000837326,-4.431902885437012,-3.669280767440796,6.059376239776611,1.7840973138809204,1.7667754888534546,-3.068173408508301
2944,43.0,0,1,0.030543262138962746,1,0,1,0.042339783161878586,8.699539184570312,-4.541350841522217,-6.090655326843262,-2.3012287616729736,0.7257090210914612,-4.2305684089660645
2945,2.0,2,1,0.11344639956951141,1,2,2,0.10240235924720764,-6.322045803070068,-5.163237571716309,3.779381513595581,-5.439648151397705,2.7919225692749023,2.8789145946502686
2946,2.0,2,1,0.14060625433921814,1,2,2,0.10643129795789719,0.22102807462215424,-9.043970108032227,4.173418998718262,-9.612540245056152,3.760657548904419,4.720545291900635
2947,41.0,0,2,0.013089969754219055,1,0,2,0.002498132176697254,14.30947494506836,-9.780817985534668,-6.596057891845703,-7.480985641479492,-2.1695401668548584,5.791537284851074
2948,3.0,2,2,0.11344639956951141,1,2,2,0.11835531145334244,-5.226650714874268,-6.111103534698486,8.06661605834961,-5.756286144256592,-0.9479614496231079,5.015518665313721
2949,33.0,2,1,-0.05672319978475571,1,2,1,-0.06140456721186638,-7.452183246612549,-1.1646177768707275,6.844700813293457,-3.66231369972229,4.1113972663879395,-1.3579951524734497
2950,3.0,2,2,0.11344639956951141,1,2,2,0.11315707862377167,-5.926201820373535,-3.3183705806732178,7.402198791503906,-0.8638752698898315,-1.01075279712677,1.0223450660705566
2951,3.0,2,0,-0.06108652427792549,1,2,1,-0.05783097818493843,-10.158138275146484,-8.392012596130371,14.602688789367676,-3.4090969562530518,5.70297908782959,-1.8868660926818848
2952,9.0,2,1,-0.16580627858638763,1,2,2,-0.17314079403877258,-8.225605010986328,-4.003948211669922,9.111604690551758,-3.8348023891448975,1.994565486907959,2.8161461353302
2953,9.0,2,1,-0.1483529806137085,1,2,0,-0.1361987143754959,-7.204940319061279,-8.038843154907227,11.643692016601562,1.8779850006103516,-3.811781406402588,-1.139807939529419
2954,2.0,2,2,-0.06108652427792549,1,2,2,-0.05300985649228096,-5.050948143005371,-10.769015312194824,9.662750244140625,-1.7043828964233398,-0.7811279892921448,1.5866938829421997
2955,2.0,0,0,0.03327886015176773,1,0,1,0.02523299679160118,10.847288131713867,-8.822806358337402,-6.639942169189453,1.0766042470932007,3.2920279502868652,-5.277563571929932
2956,9.0,2,0,0.16580627858638763,1,2,1,0.14745159447193146,-5.089306831359863,-9.300209999084473,9.771729469299316,-3.5167510509490967,2.6300876140594482,0.8187190890312195
2957,41.0,0,2,0.010471975430846214,1,0,2,0.011389200575649738,4.53879976272583,-2.878779888153076,-2.4082517623901367,-0.33568891882896423,-1.4150304794311523,0.27617985010147095
2958,2.0,0,1,0.008726646192371845,1,0,0,-0.01070472877472639,7.457361221313477,-7.813992977142334,-3.9928572177886963,6.144861221313477,1.87305748462677,-7.660861968994141
2959,3.0,2,0,-0.06108652427792549,1,2,0,-0.06418155133724213,-1.7169950008392334,-6.6408467292785645,5.708780765533447,2.781776189804077,-0.7877947688102722,-2.2296266555786133
2960,2.0,2,1,-0.1483529806137085,1,2,1,-0.13963225483894348,-4.992590427398682,-2.723182439804077,6.04292106628418,-1.7964141368865967,4.537007808685303,-3.913832426071167
2961,33.0,2,1,-0.0596347339451313,1,2,0,-0.061547208577394485,-3.301547050476074,-8.731266021728516,8.354743003845215,3.6643013954162598,1.3171460628509521,-4.770207405090332
2962,2.0,0,1,-0.02617993950843811,1,0,2,-0.02736577019095421,10.711587905883789,-7.470089912414551,-5.455593585968018,-10.044303894042969,3.623126983642578,4.308838844299316
2963,38.0,0,1,-0.027052603662014008,1,0,1,0.003508380614221096,3.3619136810302734,-5.893446445465088,-0.7280159592628479,-7.772216796875,11.565796852111816,-6.531817436218262
2964,56.0,2,1,0.13526301085948944,1,2,0,0.13396593928337097,-7.358619213104248,-5.525610446929932,9.352088928222656,0.280639111995697,0.18817324936389923,-2.3035213947296143
2965,38.0,0,0,-0.024434609338641167,1,2,1,-0.010837915353477001,0.6596315503120422,-8.847880363464355,4.057218551635742,-6.181480407714844,4.615362644195557,-0.3618766665458679
2966,12.0,2,1,0.16118408739566803,1,2,0,0.15526144206523895,-4.480660915374756,-3.3911306858062744,5.8567423820495605,1.9907426834106445,1.348367691040039,-2.8339576721191406
2967,22.0,2,2,-0.16144295036792755,1,2,2,-0.1450195461511612,-4.511715888977051,-6.689295768737793,8.16494083404541,-2.1721222400665283,-3.135634183883667,4.857207298278809
2968,9.0,2,1,0.16580627858638763,1,2,1,0.1653566211462021,-5.819610595703125,-2.462557077407837,6.427030086517334,-2.93324613571167,1.334213137626648,0.8093731999397278
2969,12.0,2,0,0.04363323003053665,1,2,0,0.05842520669102669,-4.566047668457031,-9.03225040435791,9.605862617492676,11.978676795959473,4.914680004119873,-18.470380783081055
2970,2.0,2,1,0.06108652427792549,1,2,1,0.059021081775426865,-4.219824314117432,-9.13740062713623,5.608088970184326,-1.687613844871521,1.2532551288604736,0.2136143445968628
2971,2.0,2,1,0.13089969754219055,1,2,1,0.12631790339946747,-2.0610413551330566,-18.149797439575195,11.082476615905762,-10.406258583068848,6.774962902069092,1.577932596206665
2972,60.0,2,2,0.16755160689353943,1,2,0,0.17554397881031036,-8.576022148132324,-11.114500999450684,14.202062606811523,4.6405029296875,-7.86140775680542,0.09334171563386917
2973,3.0,2,1,-0.09476026892662048,1,2,0,-0.09164902567863464,-5.8905487060546875,-6.359107971191406,9.067774772644043,1.6742043495178223,1.1563444137573242,-3.866039276123047
2974,2.0,2,1,0.13089969754219055,1,2,1,0.10915370285511017,-2.675612449645996,-16.968244552612305,10.382952690124512,-11.168803215026855,5.774190425872803,4.271564960479736
2975,56.0,2,2,0.13264502584934235,1,2,2,0.12498895823955536,-3.5259857177734375,-4.105865001678467,5.835309982299805,-5.15125036239624,-0.37367600202560425,4.742223739624023
2976,9.0,2,2,-0.06108652427792549,1,2,2,-0.0728684812784195,-5.643780708312988,-4.9787821769714355,5.993998050689697,0.5168502330780029,-1.5220017433166504,2.5269477367401123
2977,66.0,2,1,-0.13788101077079773,1,2,0,-0.12430398166179657,-5.144052505493164,-5.949695110321045,8.333678245544434,1.521531105041504,0.061042770743370056,-1.5507512092590332
2978,3.0,2,2,-0.11344639956951141,1,2,0,-0.09198583662509918,-6.485416889190674,-9.160160064697266,10.44624137878418,2.7504947185516357,-2.2251152992248535,-0.18934619426727295
2979,22.0,2,1,-0.17016960680484772,1,2,1,-0.16722486913204193,-5.594152450561523,-1.9534631967544556,5.785785675048828,-1.0992647409439087,2.093838930130005,-1.944367527961731
2980,9.0,2,2,-0.16580627858638763,1,2,2,-0.1669272780418396,-8.347323417663574,-4.997220039367676,9.98918628692627,-4.37382173538208,2.1670737266540527,3.316385269165039
2981,22.0,2,2,-0.16144295036792755,1,2,2,-0.15866726636886597,-5.783095359802246,-3.977652072906494,7.068870544433594,-4.645519733428955,0.8091697096824646,1.9055354595184326
2982,9.0,2,2,-0.1483529806137085,1,2,1,-0.14076752960681915,-9.921401977539062,-6.708613872528076,11.93074893951416,0.1288575530052185,0.1726817637681961,-2.498049020767212
2983,2.0,2,1,-0.06108652427792549,1,2,0,-0.08704869449138641,-5.562694549560547,-9.463295936584473,8.534607887268066,0.5869144797325134,0.26755231618881226,-0.7459327578544617
2984,3.0,0,1,-0.008726646192371845,1,0,1,-0.016706228256225586,14.12099838256836,-6.255233287811279,-8.394938468933105,1.8389365673065186,7.2485575675964355,-9.6307954788208
2985,12.0,2,2,-0.1483529806137085,1,2,0,-0.14731045067310333,-3.732213258743286,-2.529085397720337,4.957851409912109,0.89347904920578,-1.0327452421188354,-1.7680573463439941
2986,12.0,2,1,-0.1483529806137085,1,2,0,-0.14528678357601166,-4.23016881942749,-2.1467301845550537,4.913604736328125,0.461173415184021,-1.2859702110290527,-1.0925085544586182
2987,2.0,2,2,-0.04363323003053665,1,2,2,-0.05053001269698143,-3.880441904067993,-8.779928207397461,8.442238807678223,-2.051344871520996,0.44592106342315674,1.5818607807159424
2988,2.0,2,1,0.11344639956951141,1,2,1,0.09464007616043091,-5.676728248596191,-5.712547779083252,4.151056289672852,-3.8378260135650635,2.7908825874328613,1.154132604598999
2989,60.0,1,1,0.16144295036792755,0,1,1,0.22817499935626984,-17.166080474853516,18.204174041748047,-4.220721244812012,-15.260054588317871,14.382086753845215,-3.291032552719116
2990,33.0,2,0,-0.06328372657299042,1,2,0,-0.059476543217897415,-6.90406608581543,-2.9274916648864746,7.836709022521973,4.320916175842285,-1.0707948207855225,-3.299410820007324
2991,12.0,2,1,0.06108652427792549,1,2,0,0.06522209942340851,-2.581646680831909,-10.695679664611816,9.482643127441406,4.83819580078125,1.4035335779190063,-5.995494842529297
2992,60.0,2,2,0.17016960680484772,1,2,2,0.1518653780221939,-5.940292835235596,-8.775848388671875,10.410171508789062,-6.247635364532471,0.8593396544456482,4.837064266204834
2993,3.0,2,1,0.16580627858638763,1,2,1,0.1293841153383255,-4.02784538269043,-4.51104211807251,6.460749626159668,-2.5722339153289795,4.611213684082031,-4.0538010597229
2994,56.0,2,2,0.13264502584934235,1,2,2,0.1346312016248703,-4.100470542907715,-6.692153453826904,7.967076778411865,-4.354316711425781,-1.0522629022598267,4.427638530731201
2995,9.0,0,0,0.008726646192371845,1,0,1,0.019446823745965958,13.927756309509277,-5.94399881362915,-8.355189323425293,1.3982294797897339,6.031746864318848,-8.509321212768555
2996,9.0,2,1,0.07853981852531433,1,2,0,0.0908719077706337,-7.423498630523682,-12.833443641662598,13.395812034606934,2.935574769973755,1.0390777587890625,-5.54682731628418
2997,2.0,2,1,0.07834380865097046,1,2,1,0.05866732820868492,-4.972233295440674,-8.547738075256348,4.708002090454102,-5.9570112228393555,3.4918079376220703,2.179868221282959
2998,12.0,2,1,-0.07853981852531433,1,2,0,-0.09238378703594208,-5.268299102783203,-5.569467067718506,7.030785083770752,1.303612232208252,-0.8327131867408752,0.5519351363182068
2999,12.0,2,2,0.1483529806137085,1,2,1,0.14347141981124878,-5.19478178024292,-4.94350004196167,7.635317802429199,-1.1406989097595215,0.3298226594924927,-0.18133270740509033
3000,40.0,0,1,-0.004363323096185923,1,0,1,-0.018295567482709885,8.171706199645996,-8.560752868652344,-2.182905435562134,-0.9623271822929382,3.4836058616638184,-2.037224531173706
3001,9.0,2,2,0.06108652427792549,1,2,1,0.04893955960869789,-4.705326080322266,-7.465115070343018,8.62606430053711,0.7032841444015503,3.7061522006988525,-5.580594539642334
3002,2.0,2,0,-0.07853981852531433,1,2,0,-0.07864176481962204,-3.395622491836548,-7.827188968658447,8.794062614440918,4.8222432136535645,1.572986125946045,-6.27755880355835
3003,9.0,2,2,0.06108652427792549,1,2,2,0.05296367034316063,-5.830827713012695,-3.8123440742492676,6.328299045562744,-0.7155601978302002,-1.2409745454788208,0.47403937578201294
3004,22.0,1,1,-0.16667895019054413,0,1,1,-0.08532284945249557,-8.945564270019531,9.784472465515137,-1.9403629302978516,-7.907911777496338,3.214988946914673,1.7710156440734863
3005,12.0,2,1,0.06108652427792549,1,2,0,0.06250446289777756,1.2820167541503906,-10.01940631866455,6.19901704788208,5.90966272354126,1.1861653327941895,-7.485134124755859
3006,9.0,2,2,-0.16580627858638763,1,2,2,-0.15137983858585358,-5.12464714050293,-6.151421546936035,7.726039409637451,-4.073422908782959,-1.6527198553085327,3.7275867462158203
3007,56.0,2,1,0.13271047174930573,1,2,1,0.13408787548542023,-5.994984149932861,-4.769209861755371,8.392631530761719,1.662781834602356,3.396352767944336,-4.812378406524658
3008,60.0,2,2,0.17016960680484772,1,2,2,0.1384534239768982,-5.325377464294434,-10.86588191986084,11.114439010620117,-9.624836921691895,0.7903156876564026,7.248929023742676
3009,22.0,2,2,-0.16406095027923584,1,2,2,-0.16003653407096863,-4.978511333465576,-1.5574873685836792,4.807114124298096,-6.698812961578369,0.5693838596343994,2.665006637573242
3010,2.0,2,0,-0.07853981852531433,1,2,0,-0.08516357839107513,-4.963444709777832,-7.390119552612305,9.801413536071777,4.260158061981201,2.5172219276428223,-6.270344257354736
3011,40.0,0,2,-0.006981316953897476,1,0,2,-0.008688579313457012,8.57258415222168,-6.367858409881592,-2.6663835048675537,-4.409795761108398,2.4280755519866943,3.138321876525879
3012,12.0,2,1,0.10004111379384995,1,2,1,0.10195447504520416,-6.591092586517334,-6.774936199188232,9.971867561340332,-0.3008356988430023,2.5584585666656494,-1.5448815822601318
3013,41.0,0,1,0.007853982038795948,1,0,2,0.011389200575649738,4.53879976272583,-2.878779888153076,-2.4082517623901367,-0.33568891882896423,-1.4150304794311523,0.27617985010147095
3014,40.0,0,0,-0.004363323096185923,1,0,0,-0.00233458261936903,13.121590614318848,-3.2527310848236084,-9.632183074951172,4.521179676055908,0.7728098034858704,-8.572245597839355
3015,3.0,2,1,-0.1483529806137085,1,2,1,-0.1860802322626114,-9.311246871948242,-3.0563130378723145,7.693374156951904,1.0431890487670898,3.3878846168518066,-5.057490348815918
3016,43.0,0,1,0.030543262138962746,1,0,0,0.026222672313451767,11.184829711914062,-10.323781967163086,-3.9510443210601807,2.080610513687134,-1.9835501909255981,-2.425436019897461
3017,2.0,2,1,0.13089969754219055,1,2,1,0.13327614963054657,-2.5434107780456543,-6.656919002532959,4.560478210449219,-9.206486701965332,5.188368797302246,3.1817257404327393
3018,3.0,2,0,0.1483529806137085,1,2,0,0.1405964493751526,-2.6856136322021484,-4.944272518157959,6.237595558166504,5.170196533203125,0.10821743309497833,-6.988554954528809
3019,12.0,2,1,-0.06108652427792549,1,2,0,-0.061468739062547684,-5.243557453155518,-8.910205841064453,7.554548740386963,1.2571001052856445,-0.24862639605998993,-1.2977105379104614
3020,2.0,2,2,0.08015049248933792,1,2,1,0.05602499470114708,-4.944269180297852,-6.545482158660889,3.7922418117523193,-6.4011735916137695,6.360464096069336,-0.6912966370582581
3021,41.0,0,2,0.010471975430846214,1,0,2,0.011389200575649738,4.53879976272583,-2.878779888153076,-2.4082517623901367,-0.33568891882896423,-1.4150304794311523,0.27617985010147095
3022,12.0,2,1,0.06108652427792549,1,2,0,0.06828317791223526,-5.299777030944824,-10.08327865600586,11.101424217224121,3.794848680496216,1.1107563972473145,-4.863916873931885
3023,33.0,1,1,-0.06544984877109528,0,1,1,0.014926721341907978,-9.1095552444458,8.936266899108887,-0.8251489996910095,-6.177857875823975,6.042726516723633,-3.026432991027832
3024,3.0,2,0,0.06311594694852829,1,2,0,0.07527661323547363,-4.557725429534912,-3.411405086517334,6.6646409034729,0.5292177200317383,-0.9751997590065002,0.4052097201347351
3025,33.0,2,2,-0.05672319978475571,1,2,2,-0.055107008665800095,-4.191075325012207,-5.239411354064941,7.165031433105469,-10.558938980102539,1.3597581386566162,5.764282703399658
3026,40.0,0,2,-0.013004349544644356,1,0,2,-0.015363371931016445,4.024495601654053,-3.1007888317108154,-1.8871560096740723,-1.7617707252502441,-1.0936235189437866,1.2165428400039673
3027,43.0,0,1,0.030543262138962746,1,0,1,0.021311182528734207,6.614676475524902,-9.510451316833496,-0.8814737796783447,-0.8276314735412598,2.3909225463867188,-3.1627299785614014
3028,12.0,2,2,0.07853981852531433,1,2,2,0.07788427174091339,-5.427049160003662,-4.213109493255615,7.305574893951416,-2.1250059604644775,0.9057872891426086,1.8309329748153687
3029,54.0,2,1,0.1178097277879715,1,2,0,0.14543291926383972,-4.0424909591674805,-3.501192092895508,5.136938571929932,7.206784248352051,2.2441468238830566,-12.45885944366455
3030,9.0,0,0,0.008726646192371845,1,0,1,0.005487759597599506,13.287450790405273,-6.712926387786865,-7.157724380493164,-0.38293272256851196,3.7593483924865723,-4.646317481994629
3031,22.0,2,2,-0.16144295036792755,1,2,2,-0.15473568439483643,-5.280060768127441,-4.509575843811035,6.892663955688477,-4.830918312072754,-0.6237655282020569,3.822572946548462
3032,12.0,2,1,-0.16580627858638763,1,2,1,-0.1517745703458786,-8.016538619995117,-6.45982027053833,10.782489776611328,-0.6562994718551636,0.8678349852561951,-0.8449501991271973
3033,2.0,0,1,0.008726646192371845,1,0,0,-0.010383735410869122,7.693966388702393,-7.892287254333496,-4.168915271759033,5.679961204528809,2.0966010093688965,-7.4506001472473145
3034,3.0,2,2,0.11344639956951141,1,2,0,0.11875887215137482,-4.707880973815918,-6.824760913848877,8.66153335571289,1.1996040344238281,-1.7299425601959229,-0.4273143410682678
3035,56.0,2,1,0.13264502584934235,1,2,2,0.1250552535057068,-7.512842178344727,-2.685065746307373,7.628786563873291,-0.5590754151344299,-1.7151572704315186,-0.3320111334323883
3036,9.0,2,0,0.09599310904741287,1,2,2,0.10061482340097427,-10.028462409973145,-6.9723219871521,10.846435546875,-3.8746182918548584,-2.627833604812622,5.58231782913208
3037,22.0,2,1,-0.16667895019054413,1,2,1,-0.15862883627414703,-7.603925704956055,-0.46736371517181396,5.976885795593262,-9.599258422851562,3.349736213684082,2.517940044403076
3038,9.0,2,2,0.06108652427792549,1,2,1,0.03354763239622116,-3.0077524185180664,-7.7298197746276855,7.679356575012207,0.34027183055877686,2.0588724613189697,-3.8916268348693848
3039,3.0,2,1,0.11344639956951141,1,2,0,0.10325004905462265,-7.109723091125488,-1.6634963750839233,7.3528971672058105,0.752644956111908,0.30959707498550415,-0.5287657380104065
3040,33.0,2,0,-0.0593411959707737,1,2,0,-0.0496988371014595,-2.3219544887542725,-16.81534194946289,13.52566146850586,4.1174798011779785,0.3090466856956482,-4.87962532043457
3041,3.0,2,0,0.06108652427792549,1,2,0,0.05861078202724457,-5.612064838409424,-6.651057243347168,9.324613571166992,3.3500099182128906,-0.31966519355773926,-3.318312883377075
3042,66.0,2,1,-0.13788101077079773,1,2,0,-0.12196741998195648,-4.286159515380859,-6.112335205078125,7.681014060974121,2.4771456718444824,-0.5862818360328674,-1.8134078979492188
3043,22.0,2,2,-0.16406095027923584,1,2,1,-0.18351314961910248,-6.811328411102295,-2.922069549560547,7.700778007507324,-2.075888156890869,1.921682357788086,-0.563745379447937
3044,9.0,0,1,-0.008726646192371845,1,0,2,-0.01720277965068817,10.970869064331055,-9.977872848510742,-3.113668918609619,-9.789870262145996,3.5623490810394287,3.7639267444610596
3045,9.0,2,1,0.06108652427792549,1,2,1,0.046745967119932175,-0.31180834770202637,-10.906378746032715,5.471003532409668,-3.2577431201934814,2.121981620788574,0.8910375833511353
3046,3.0,2,0,0.1483529806137085,1,2,0,0.1490202695131302,-3.1987416744232178,-7.5062947273254395,7.3877363204956055,5.70023250579834,-5.351375579833984,-0.37099480628967285
3047,38.0,0,1,-0.021816615015268326,1,0,2,-0.013295666314661503,5.061090469360352,-5.47190523147583,-2.56996750831604,-10.88745403289795,2.694878339767456,5.9924798011779785
3048,9.0,2,2,0.04363323003053665,1,2,0,0.035965073853731155,-5.483392715454102,-3.533108711242676,5.913271427154541,0.7853993773460388,-2.669335126876831,0.3354260325431824
3049,9.0,2,2,-0.1483529806137085,1,2,0,-0.13461212813854218,-6.576783657073975,-2.2032012939453125,6.869212627410889,4.165035724639893,2.2607779502868652,-6.369952201843262
3050,40.0,0,1,-0.006981316953897476,1,0,1,-0.005219730548560619,11.89427661895752,-6.238284587860107,-6.630529403686523,-1.9613901376724243,4.358397483825684,-7.245722770690918
3051,27.0,2,1,-0.10908307880163193,1,2,1,-0.11531896889209747,-4.9756269454956055,-6.961755275726318,8.563521385192871,1.0949664115905762,2.9449565410614014,-4.977741718292236
3052,2.0,2,1,0.13089969754219055,1,2,0,0.09837067127227783,-4.7987518310546875,-8.021020889282227,6.195284366607666,0.34294164180755615,-0.4879089891910553,0.1311360001564026
3053,3.0,2,0,0.1483529806137085,1,2,0,0.1451408416032791,-3.8573286533355713,-5.235172271728516,6.769026279449463,7.086160659790039,-2.6444900035858154,-6.051616191864014
3054,33.0,2,2,-0.05672319978475571,1,2,1,-0.056320708245038986,-6.035546779632568,-1.7897615432739258,5.896008491516113,-1.148455262184143,0.4792911410331726,-0.2720516622066498
3055,12.0,1,2,0.09599310904741287,0,2,0,0.16205734014511108,-13.831808090209961,-1.180742859840393,10.37917423248291,0.8712646961212158,-2.089338779449463,-0.9744375944137573
3056,2.0,0,0,0.008726646192371845,1,2,1,-0.02560550719499588,4.096859455108643,-12.624480247497559,4.151586532592773,-5.718932151794434,4.459102630615234,-0.7628933191299438
3057,3.0,2,1,-0.04363323003053665,1,2,2,-0.025685835629701614,-3.4755375385284424,-8.394049644470215,7.969079971313477,-4.0032572746276855,1.1936123371124268,2.493515729904175
3058,66.0,2,0,-0.13089969754219055,1,2,0,-0.12861736118793488,-5.420451641082764,-6.681712627410889,9.320563316345215,3.733252763748169,0.5193204283714294,-3.9848761558532715
3059,3.0,0,1,0.026792917400598526,1,0,1,0.06712065637111664,3.2819721698760986,-6.363592147827148,2.357853889465332,-8.420252799987793,4.257372856140137,1.6275851726531982
3060,60.0,2,1,0.17016960680484772,1,2,1,0.1646900624036789,-5.774328231811523,1.556647539138794,3.67964768409729,-0.5216183066368103,1.4290375709533691,-0.9169855713844299
3061,43.0,0,0,0.030543262138962746,1,0,0,0.0167718343436718,6.3190765380859375,-5.602316856384277,-2.1704442501068115,3.650865077972412,-5.051121711730957,-0.9289537072181702
3062,43.0,0,2,0.030543262138962746,1,0,2,0.04744039848446846,7.187905788421631,-5.045149803161621,-3.0125560760498047,-0.40906786918640137,-2.8181347846984863,1.7954657077789307
3063,12.0,2,2,-0.13089969754219055,1,2,2,-0.12443464994430542,-3.7821102142333984,-5.999763488769531,7.2991557121276855,-9.172991752624512,-2.6777708530426025,8.80219841003418
3064,12.0,2,0,0.16580627858638763,1,2,2,0.16810576617717743,-5.889012336730957,-1.727488398551941,5.694238662719727,0.057679735124111176,-0.28706085681915283,0.16027501225471497
3065,41.0,0,0,0.013089969754219055,1,0,2,0.011389234103262424,4.538373947143555,-2.878452777862549,-2.4080615043640137,-0.3355168402194977,-1.4148029088974,0.2759905457496643
3066,12.0,2,2,-0.13089969754219055,1,2,2,-0.11926129460334778,-3.747143507003784,-5.263519287109375,6.722183704376221,-7.670477867126465,-1.5412570238113403,6.733619213104248
3067,9.0,2,2,-0.04363323003053665,1,2,1,-0.04436180368065834,-5.19107723236084,-8.930032730102539,10.391035079956055,0.48712408542633057,3.723832130432129,-6.758941650390625
3068,3.0,0,1,0.008726646192371845,1,0,1,-0.008474933914840221,11.697942733764648,-5.529071807861328,-6.004437446594238,1.3844499588012695,5.728307723999023,-7.6529974937438965
3069,40.0,0,2,-0.004363323096185923,1,0,2,-0.013052149675786495,10.837264060974121,-6.211385726928711,-6.373331069946289,-6.801906585693359,-1.9076924324035645,3.838676929473877
3070,41.0,0,1,0.004363323096185923,1,0,1,0.0037550413981080055,6.035650730133057,-2.6809582710266113,-4.117417335510254,-3.1806085109710693,4.242031097412109,-3.766695261001587
3071,3.0,2,2,-0.11344639956951141,1,2,2,-0.1179405152797699,-8.435739517211914,-9.722258567810059,11.940646171569824,0.7643852233886719,-0.9472779631614685,1.572665810585022
3072,9.0,2,1,-0.14238224923610687,1,2,1,-0.05098557099699974,-5.992964267730713,-12.53125286102295,12.916485786437988,-3.1725780963897705,3.6245014667510986,0.08309844881296158
3073,9.0,2,1,0.04363323003053665,1,2,0,0.03798990696668625,-4.920721054077148,-4.228500843048096,6.275792121887207,1.4037891626358032,-1.7554277181625366,-1.045896291732788
3074,3.0,2,0,0.13090780377388,1,2,0,0.14516207575798035,-4.558720588684082,-7.740224838256836,9.017356872558594,7.73033332824707,1.0510776042938232,-9.866214752197266
3075,3.0,2,0,-0.06691762804985046,1,2,1,-0.07042130827903748,-3.964104652404785,-7.946344375610352,9.000218391418457,-4.761877536773682,4.201459884643555,-1.1858866214752197
3076,33.0,2,1,-0.05672319978475571,1,2,2,-0.07459942996501923,-6.998373031616211,-3.972883701324463,8.150344848632812,-0.29125478863716125,-3.2112412452697754,2.2916319370269775
3077,3.0,2,1,0.07853981852531433,1,2,2,0.07119196653366089,-2.5017991065979004,-11.215895652770996,8.906167984008789,-7.36074161529541,1.176268219947815,3.76920485496521
3078,3.0,2,1,0.16580627858638763,1,2,1,0.15102161467075348,-2.691833257675171,-4.500886917114258,5.392268180847168,-4.4881696701049805,5.711601257324219,-2.633160352706909
3079,12.0,2,1,-0.06108652427792549,1,2,0,-0.06538297235965729,-6.848433017730713,-8.892468452453613,9.192975997924805,0.897750973701477,-0.523787796497345,-0.9389986395835876
3080,2.0,2,2,-0.05525542050600052,1,2,2,-0.03700586035847664,-4.055184364318848,-7.381552219390869,5.659243106842041,-0.7871999144554138,-0.4046809673309326,0.8546959757804871
3081,60.0,2,2,0.16755160689353943,1,2,2,0.14971740543842316,-8.869865417480469,0.0009615868330001831,5.15212345123291,-3.282512903213501,-0.9528940916061401,0.7239154577255249
3082,40.0,0,1,-0.008709080517292023,1,0,1,0.003958863206207752,9.39986515045166,-3.4045844078063965,-6.241917610168457,-6.509819030761719,2.9539835453033447,2.796483278274536
3083,41.0,0,2,0.004363323096185923,1,0,2,0.000670325942337513,6.360172271728516,-2.91040301322937,-4.271740913391113,-3.716757297515869,0.24172456562519073,0.9942533373832703
3084,9.0,0,1,-0.004104455467313528,1,0,1,-0.011842331849038601,11.995926856994629,-6.775162220001221,-5.406968116760254,1.3842747211456299,5.97772741317749,-7.883279323577881
3085,85.0,2,1,0.04363323003053665,1,2,1,0.04620808735489845,-0.8160171508789062,-4.660001754760742,3.9358232021331787,-4.452651023864746,4.901459693908691,-2.9471678733825684
3086,3.0,0,2,-0.008726646192371845,1,0,2,0.0038727866485714912,11.978189468383789,-6.928102970123291,-5.856001853942871,-5.456719875335693,1.8440974950790405,2.3107292652130127
3087,2.0,2,1,-0.1483529806137085,1,2,1,-0.13881389796733856,-4.9828619956970215,-2.7312088012695312,6.0437912940979,-1.7831151485443115,4.527109622955322,-3.911687135696411
3088,2.0,2,2,-0.04363323003053665,1,2,1,-0.05791369453072548,-3.7219231128692627,-7.242865562438965,8.711267471313477,-7.907118320465088,3.6390151977539062,2.968738317489624
3089,12.0,2,1,-0.16580627858638763,1,2,1,-0.16834434866905212,-7.6885175704956055,-4.1513471603393555,9.309950828552246,0.7861125469207764,4.202186584472656,-4.291538715362549
3090,12.0,2,1,-0.1483529806137085,1,2,1,-0.1553763896226883,-6.195119380950928,-4.494166851043701,7.790291786193848,-4.067004203796387,6.6039323806762695,-3.3160078525543213
3091,2.0,2,1,0.06108652427792549,1,2,1,0.06117997691035271,-4.049129962921143,-9.011722564697266,5.484780788421631,-1.258575201034546,1.3454949855804443,-0.28621065616607666
3092,9.0,2,1,0.04363323003053665,1,2,0,0.023232989013195038,-1.9520394802093506,-5.445711612701416,4.627923011779785,1.473262071609497,-1.6476045846939087,-1.3162956237792969
3093,3.0,2,0,0.1483529806137085,1,2,0,0.13901376724243164,-4.398186683654785,-3.8283884525299072,6.1340508460998535,2.7320570945739746,-1.8303033113479614,-0.22790756821632385
3094,12.0,2,1,-0.07853981852531433,1,2,0,-0.07228142023086548,-6.057219982147217,-8.913784980773926,8.728914260864258,0.5095833539962769,0.20070038735866547,-0.19212764501571655
3095,60.0,2,1,0.17016960680484772,1,2,0,0.1576850414276123,-4.531743049621582,-0.9054612517356873,4.469052314758301,5.5082550048828125,1.0972707271575928,-8.1426420211792
3096,9.0,2,1,-0.11547582596540451,1,2,2,-0.11220824718475342,-7.233891010284424,-6.956950664520264,10.506379127502441,-5.437877655029297,-1.7454662322998047,2.8068110942840576
3097,9.0,2,2,-0.07853981852531433,1,2,1,-0.09128287434577942,-7.91621732711792,-6.870556831359863,9.002676963806152,-1.047705888748169,1.878593921661377,-0.5783942341804504
3098,9.0,2,1,0.07853981852531433,1,2,1,0.10144561529159546,-5.436014652252197,-12.542374610900879,10.674168586730957,-0.9375464916229248,3.3959412574768066,-4.72804069519043
3099,12.0,2,2,0.09599310904741287,1,2,1,0.0979904979467392,-5.239265441894531,-7.403625011444092,9.017974853515625,-3.8209903240203857,2.386279344558716,1.37711501121521
3100,27.0,2,1,-0.10908307880163193,1,2,2,-0.1058354303240776,-3.8567113876342773,-7.620649337768555,8.196683883666992,-4.480159759521484,0.7694529891014099,4.1034417152404785
3101,66.0,2,0,-0.13325701653957367,1,2,0,-0.12837503850460052,-5.262203693389893,-6.623196125030518,9.010663986206055,2.6258962154388428,1.809822916984558,-3.9629361629486084
3102,9.0,2,1,0.16580627858638763,1,2,1,0.1556539088487625,-6.930649757385254,-4.043901443481445,7.435014247894287,-3.79695725440979,2.6989872455596924,0.33986860513687134
3103,2.0,2,1,0.1483529806137085,1,2,2,0.12634319067001343,-0.9517781138420105,-8.341859817504883,3.5420188903808594,-1.5566093921661377,0.6298051476478577,1.1631271839141846
3104,12.0,2,2,0.13089969754219055,1,2,2,0.1266479343175888,-4.871728420257568,-4.512182712554932,7.417423725128174,-3.559065103530884,-0.15295331180095673,2.868363618850708
3105,9.0,2,1,0.04363323003053665,1,2,0,0.04873569682240486,-5.052274703979492,-5.4812750816345215,7.220122337341309,0.38555800914764404,-1.9794387817382812,0.04409144073724747
3106,9.0,2,0,0.16580627858638763,1,2,1,0.149483785033226,-5.351117134094238,-8.326240539550781,9.301997184753418,-2.515070915222168,3.3119349479675293,-0.9147859215736389
3107,41.0,0,2,0.010471975430846214,1,0,2,0.011389200575649738,4.53879976272583,-2.878779888153076,-2.4082517623901367,-0.33568891882896423,-1.4150304794311523,0.27617985010147095
3108,3.0,2,1,0.04363323003053665,1,2,1,0.03909746930003166,-2.8334245681762695,-5.881158351898193,6.448653697967529,1.371277093887329,1.515770435333252,-3.153210163116455
3109,12.0,0,1,-0.02617993950843811,1,0,0,-0.027935657650232315,3.499269485473633,-8.38420295715332,-0.299895316362381,1.7115421295166016,-0.7464344501495361,-1.5762135982513428
3110,12.0,2,2,0.07853981852531433,1,2,2,0.0773129090666771,-2.3430111408233643,-6.461728572845459,6.90911340713501,-3.803025960922241,1.5562975406646729,1.8281527757644653
3111,12.0,2,1,0.07853981852531433,1,2,2,0.07698013633489609,-7.828958034515381,-7.264601230621338,11.656196594238281,-5.780128479003906,2.0713307857513428,3.1587092876434326
3112,56.0,2,2,0.13264502584934235,1,2,2,0.13159194588661194,-2.4440383911132812,-4.653580188751221,5.5953545570373535,-3.487774610519409,-1.39181649684906,3.966073751449585
3113,2.0,2,1,0.09599310904741287,1,2,1,0.09205746650695801,-5.801153659820557,-7.012393474578857,4.9278244972229,-4.370389461517334,3.2735109329223633,0.9253135919570923
3114,3.0,2,2,0.11344639956951141,1,2,2,0.11762547492980957,-4.753852844238281,-6.602566242218018,8.090533256530762,-6.525810241699219,-1.0336514711380005,5.47649621963501
3115,41.0,0,1,0.013089969754219055,1,0,2,0.012710326351225376,4.135201454162598,-2.4443233013153076,-2.4218249320983887,-0.6864515542984009,-1.057701587677002,0.33747291564941406
3116,2.0,2,2,0.09599310904741287,1,2,2,0.09566322714090347,-6.450258731842041,-5.556528091430664,4.060775279998779,-5.237861156463623,2.142517566680908,3.3691506385803223
3117,2.0,2,2,0.07853981852531433,1,2,1,0.0578627772629261,-5.7590651512146,-6.859289646148682,4.283364295959473,-6.239340305328369,4.50088357925415,1.2948520183563232
3118,12.0,2,1,-0.10439257323741913,1,2,1,-0.09538434445858002,-6.60729455947876,-2.6865086555480957,7.322579383850098,-3.991436243057251,4.388243675231934,-1.827019453048706
3119,12.0,2,1,0.15132951736450195,1,2,1,0.15026028454303741,-4.423226833343506,-3.9833743572235107,6.334163665771484,1.6817301511764526,2.1713674068450928,-3.39939022064209
3120,9.0,2,1,0.16580627858638763,1,2,0,0.16480596363544464,-5.640138149261475,-6.769541263580322,8.189753532409668,0.9138513803482056,0.2343650609254837,-2.8419299125671387
3121,12.0,2,1,-0.11344639956951141,1,2,1,-0.11045567691326141,-5.6380534172058105,-3.2314260005950928,6.993068695068359,-5.0461320877075195,4.754340171813965,-1.2620422840118408
3122,2.0,2,1,-0.09599310904741287,1,2,2,-0.10465584695339203,-4.774649143218994,-6.319573402404785,8.62612533569336,-3.2445003986358643,0.2553897500038147,3.3155219554901123
3123,54.0,1,1,0.10908307880163193,0,1,1,0.17775893211364746,-12.975594520568848,14.52280330657959,-4.4628214836120605,-10.015793800354004,13.788268089294434,-8.351791381835938
3124,38.0,0,1,-0.030543262138962746,1,0,1,-0.021821163594722748,3.695258617401123,-4.4817328453063965,-0.26469358801841736,-0.21881425380706787,-0.18791596591472626,-1.626509428024292
3125,12.0,2,1,-0.123152956366539,1,2,1,-0.11518843472003937,-5.938216686248779,-3.1709916591644287,7.1504058837890625,-4.360608100891113,3.5663466453552246,-0.675529420375824
3126,2.0,2,1,0.16580627858638763,1,2,1,0.19940373301506042,-5.483696460723877,-4.4981608390808105,4.830150127410889,-3.1558938026428223,4.446079730987549,0.3064054846763611
3127,3.0,1,2,-0.11344639956951141,0,2,0,-0.05976377800107002,-2.2386512756347656,-5.177464962005615,4.137061595916748,2.823519468307495,2.0689077377319336,-3.5579209327697754
3128,60.0,2,1,0.16750964522361755,1,2,2,0.16285915672779083,-3.2234721183776855,-3.441084861755371,5.177505970001221,-3.305635452270508,-0.9821853041648865,3.383077621459961
3129,2.0,2,0,0.04363323003053665,1,0,0,0.036376532167196274,5.8853583335876465,-8.98503303527832,-1.9256356954574585,2.6262333393096924,1.8235193490982056,-5.0242462158203125
3130,9.0,0,1,0.008726646192371845,1,0,1,-0.004333234392106533,13.841765403747559,-6.088183879852295,-7.842599868774414,1.9636690616607666,7.02796745300293,-9.628961563110352
3131,33.0,2,1,-0.05672319978475571,1,2,2,-0.05845830217003822,-7.037818431854248,-1.6574232578277588,6.727460861206055,-0.35259270668029785,-2.13466477394104,1.8104712963104248
3132,12.0,2,0,-0.07853981852531433,1,2,1,-0.08352553844451904,-7.18454122543335,-7.650184154510498,8.790506362915039,0.49749261140823364,1.313083291053772,-2.290127992630005
3133,38.0,0,2,-0.021816615015268326,1,0,2,-0.028307054191827774,6.875578880310059,-0.8888115286827087,-5.452946186065674,-6.1630706787109375,2.4363131523132324,3.361072301864624
3134,12.0,2,2,-0.13089969754219055,1,2,2,-0.12844263017177582,-6.11089563369751,-3.028596878051758,7.072481632232666,-3.301898956298828,0.9715772271156311,1.0264331102371216
3135,41.0,0,2,0.008182493038475513,1,0,2,0.0024894727393984795,7.152645587921143,-2.166323184967041,-5.642218112945557,-3.9331743717193604,-0.8474656939506531,2.435199737548828
3136,9.0,2,1,-0.04363323003053665,1,2,2,-0.023729346692562103,-3.60518741607666,-7.180346965789795,5.177302837371826,-4.906237602233887,1.7537800073623657,2.7134203910827637
3137,38.0,0,1,-0.024434609338641167,1,0,2,-0.024254199117422104,4.74464750289917,-5.4326300621032715,-0.7570411562919617,-5.939357757568359,-3.2307660579681396,5.041121006011963
3138,12.0,2,2,-0.13089969754219055,1,2,2,-0.13298173248767853,-5.391777992248535,-2.549922227859497,6.091989517211914,-7.233419895172119,0.15827082097530365,4.040071964263916
3139,41.0,0,2,0.013089969754219055,1,0,2,0.0035488279536366463,10.644986152648926,-8.66411018371582,-4.748188018798828,-7.876850128173828,-2.8313896656036377,5.704311847686768
3140,12.0,2,1,-0.1554519087076187,1,2,0,-0.14783446490764618,-5.976478099822998,-5.969523906707764,9.067502975463867,0.4597902297973633,0.06407882273197174,0.01874644309282303
3141,60.0,2,2,0.16755160689353943,1,2,2,0.14756815135478973,-6.705253601074219,-8.190919876098633,10.744197845458984,-6.176463603973389,-3.9468932151794434,7.685435771942139
3142,2.0,0,1,0.02617993950843811,1,0,0,0.015478246845304966,9.182390213012695,-8.974194526672363,-4.907444000244141,3.3659627437591553,2.3917832374572754,-6.0567121505737305
3143,9.0,2,1,-0.09599310904741287,1,2,1,-0.0911349430680275,-7.403534412384033,-3.5368669033050537,8.876055717468262,2.814037322998047,3.542909622192383,-7.187325477600098
3144,9.0,0,2,-0.02617993950843811,1,0,2,-0.033839184790849686,5.525331020355225,-4.421547889709473,-1.0702356100082397,-4.8563432693481445,2.385043144226074,3.0507314205169678
3145,12.0,2,2,-0.13089969754219055,1,2,2,-0.12317053973674774,-4.555379390716553,-1.9661048650741577,4.990703582763672,-7.097567081451416,-0.44718310236930847,4.575306415557861
3146,54.0,2,1,0.11519172787666321,1,2,0,0.11593273282051086,-5.053433418273926,-5.914654731750488,7.758169174194336,6.068548202514648,0.02153332345187664,-6.696188449859619
3147,2.0,2,1,0.11694476753473282,1,2,1,0.10653330385684967,-5.77086067199707,-5.46071720123291,3.9003841876983643,-4.971418380737305,4.874631881713867,-0.0882665142416954
3148,9.0,2,0,0.1483529806137085,1,1,0,0.2224421352148056,-7.547224998474121,5.391495704650879,1.073601484298706,4.62108850479126,0.18962939083576202,-7.064119815826416
3149,12.0,2,1,-0.07651039212942123,1,2,0,-0.08043941855430603,-7.187471389770508,-8.016783714294434,9.051313400268555,1.3923027515411377,0.48780161142349243,-2.525338888168335
3150,2.0,2,0,-0.09599310904741287,1,2,0,-0.122887521982193,-5.419345855712891,-6.651674270629883,9.268970489501953,4.04465913772583,-1.1638028621673584,-2.9181668758392334
3151,9.0,2,0,0.09599310904741287,1,2,2,0.11565138399600983,-0.7837287783622742,-8.63217544555664,8.87394905090332,-13.522250175476074,4.084661483764648,6.780701160430908
3152,12.0,2,1,-0.048255421221256256,1,2,2,-0.03226543590426445,-1.734086275100708,-8.834277153015137,7.548455715179443,-5.200249195098877,0.5958548188209534,3.188699722290039
3153,54.0,2,0,0.11519172787666321,1,2,0,0.11127618700265884,-7.969720840454102,-5.21111536026001,10.516317367553711,3.156994581222534,1.9396092891693115,-5.044400691986084
3154,2.0,2,1,0.09599310904741287,1,2,1,0.0935584306716919,-5.687444686889648,-6.750542163848877,4.7099223136901855,-4.42250394821167,3.587444305419922,0.6684871912002563
3155,33.0,2,0,-0.05672319978475571,1,2,0,-0.06844394654035568,-4.622663497924805,-6.576022624969482,7.942744255065918,5.137386322021484,0.6412293314933777,-6.103557109832764
3156,3.0,2,2,-0.1483529806137085,1,2,0,-0.17210954427719116,-9.591071128845215,-4.695772171020508,8.308694839477539,3.7649154663085938,-2.0726516246795654,-2.5226352214813232
3157,2.0,2,1,0.09599310904741287,1,2,1,0.09504299610853195,-5.616849899291992,-6.474770545959473,4.520430088043213,-4.462621688842773,3.823535442352295,0.4894230365753174
3158,40.0,0,1,-0.013089969754219055,1,0,1,0.006550525315105915,4.675931930541992,-2.789064884185791,-2.6407153606414795,-1.7221444845199585,0.8523524403572083,-0.8819000124931335
3159,60.0,2,0,0.17016960680484772,1,2,2,0.1595333218574524,-3.8629608154296875,-3.2050223350524902,4.750575542449951,0.8852440118789673,-1.0271286964416504,1.2699848413467407
3160,12.0,2,2,0.09137091785669327,1,2,1,0.0927373468875885,-5.32285213470459,-3.3753674030303955,6.8554911613464355,-3.656614303588867,2.234586238861084,1.8234810829162598
3161,9.0,2,2,0.06108652427792549,1,2,1,0.13227729499340057,-0.3932609558105469,-10.82863712310791,5.737457275390625,-0.8921264410018921,2.475423812866211,-0.8632627725601196
3162,9.0,2,2,-0.1483529806137085,1,2,2,-0.1433120220899582,-5.087683200836182,-2.67472767829895,5.417378902435303,-4.245007038116455,0.16469791531562805,1.3024626970291138
3163,38.0,0,1,-0.030543262138962746,1,0,1,-0.022829316556453705,3.6622021198272705,-4.487035751342773,-0.22018814086914062,-0.6021782755851746,0.9331311583518982,-2.452017068862915
3164,60.0,1,1,0.16144295036792755,0,1,1,0.2604388892650604,-14.836891174316406,18.049606323242188,-5.434342861175537,-17.253517150878906,13.568814277648926,1.1496250629425049
3165,33.0,2,1,-0.05672319978475571,1,2,1,-0.06111453101038933,-7.110337257385254,-1.3237987756729126,6.758510589599609,-3.2880055904388428,4.099431991577148,-1.8416368961334229
3166,12.0,2,1,0.07853981852531433,1,2,2,0.07037544250488281,-1.9009994268417358,-7.316021919250488,7.1714653968811035,-6.9305338859558105,2.4316601753234863,3.423201322555542
3167,3.0,0,2,-0.02617993950843811,1,0,1,-0.0337027944624424,11.03451919555664,-7.135192394256592,-6.699775218963623,-9.354141235351562,5.073751449584961,2.467106580734253
3168,9.0,2,1,0.09599310904741287,1,2,1,0.08553312718868256,-4.35517692565918,-11.094643592834473,10.87192153930664,0.8243074417114258,2.582252025604248,-5.8059821128845215
3169,2.0,2,2,-0.04363323003053665,1,2,2,-0.0388757586479187,-0.6701481342315674,-8.803128242492676,5.975226879119873,-1.3389018774032593,0.4697616696357727,0.9730674624443054
3170,40.0,0,2,-0.004363323096185923,1,0,2,-0.009910590015351772,10.338261604309082,-7.377100467681885,-4.88567590713501,-6.453325271606445,-2.6367952823638916,4.349182605743408
3171,3.0,2,1,-0.09599310904741287,1,2,2,-0.10340035706758499,-7.093363285064697,-8.480927467346191,9.020792007446289,0.6947868466377258,-2.2888848781585693,1.3689056634902954
3172,2.0,2,1,0.06108652427792549,1,2,0,0.05598599091172218,-3.269411325454712,-9.90828800201416,5.917421340942383,0.4361763000488281,-0.22236864268779755,-0.27170681953430176
3173,9.0,2,1,0.09599310904741287,1,2,1,0.08697634935379028,-3.7345619201660156,-12.570781707763672,11.433379173278809,-1.2370660305023193,2.0435941219329834,-3.5598700046539307
3174,40.0,0,2,-0.006981316953897476,1,0,1,-0.005451700650155544,11.738312721252441,-6.025263786315918,-7.193012237548828,-6.4576616287231445,5.013016700744629,-0.8983945846557617
3175,54.0,2,1,0.1178097277879715,1,2,2,0.11763058602809906,-4.546070098876953,-7.12553071975708,7.859699726104736,0.30019912123680115,-1.6507916450500488,0.3554992079734802
3176,3.0,2,1,-0.07853981852531433,1,2,0,-0.07678118348121643,-5.525475978851318,-4.027295112609863,7.531890869140625,2.6944046020507812,-1.5587530136108398,-2.2991931438446045
3177,2.0,2,2,-0.04363323003053665,1,2,2,-0.05493440106511116,-3.261896848678589,-6.493354797363281,7.892612934112549,-9.297679901123047,2.6478617191314697,4.786617755889893
3178,85.0,2,1,0.04712389037013054,1,2,1,0.05001026391983032,-1.595152497291565,-5.065003395080566,4.947932243347168,-3.4627039432525635,4.681213855743408,-3.745176076889038
3179,12.0,2,1,-0.07853981852531433,1,2,0,-0.09220591187477112,-4.630317211151123,-5.958980083465576,6.733673572540283,1.3120354413986206,-1.5114052295684814,1.1043391227722168
3180,2.0,0,1,-0.022681577131152153,1,0,2,-0.02903556451201439,11.292574882507324,-6.658256530761719,-6.838043689727783,-10.599353790283203,3.7874503135681152,4.703083038330078
3181,56.0,2,1,0.13168372213840485,1,2,1,0.1332380622625351,-6.009392261505127,-4.744115352630615,8.389869689941406,1.579057216644287,3.417114734649658,-4.775644779205322
3182,9.0,2,1,-0.09249474853277206,1,2,0,-0.07460528612136841,-5.558904647827148,-7.415241718292236,9.395003318786621,3.001399278640747,1.4191198348999023,-4.883011341094971
3183,9.0,0,0,0.008726646192371845,1,0,1,-0.0026702741160988808,12.02613353729248,-7.654845237731934,-5.073855876922607,-0.737297534942627,0.7149287462234497,-1.8221185207366943
3184,27.0,2,1,-0.10908307880163193,1,2,1,-0.10526687651872635,-8.468815803527832,-6.065883159637451,11.3809814453125,-0.26115429401397705,5.555554389953613,-5.266342639923096
3185,38.0,0,1,-0.024434609338641167,1,0,2,-0.00907272007316351,4.474920272827148,-4.756333351135254,-1.2831628322601318,-5.331943988800049,-2.215317964553833,2.9728245735168457
3186,27.0,2,0,-0.10908307880163193,1,2,0,-0.11487789452075958,-7.058029651641846,-6.098020076751709,10.028136253356934,4.8864240646362305,-2.295682907104492,-2.8192832469940186
3187,9.0,2,0,0.09599310904741287,1,2,2,0.10764361917972565,-11.172060012817383,-6.846242427825928,12.279786109924316,-5.812070846557617,-2.231365919113159,6.762582778930664
3188,85.0,2,1,0.04712389037013054,1,2,1,0.04558125510811806,-0.8781681656837463,-4.336827754974365,3.742767095565796,-3.3151466846466064,4.201679706573486,-3.557312488555908
3189,12.0,0,1,-0.008726646192371845,1,0,1,-0.0012980429455637932,11.861019134521484,-13.820294380187988,-2.864314317703247,-3.1463863849639893,2.5519018173217773,-0.10834218561649323
3190,12.0,0,1,0.02617993950843811,1,0,1,0.004195493645966053,5.238141059875488,-6.776824474334717,0.8284617066383362,1.6596002578735352,4.766636848449707,-6.8276286125183105
3191,9.0,2,2,-0.04363323003053665,1,2,1,-0.046047478914260864,-3.73457407951355,-6.9002227783203125,7.725402355194092,2.4086029529571533,2.948863983154297,-7.447614669799805
3192,41.0,0,2,0.010471975430846214,1,0,2,0.011389200575649738,4.53879976272583,-2.878779888153076,-2.4082517623901367,-0.33568891882896423,-1.4150304794311523,0.27617985010147095
3193,38.0,0,1,-0.021816615015268326,1,0,1,-0.05388915166258812,9.512388229370117,-5.053969860076904,-5.589298725128174,-2.5683434009552,3.7474780082702637,-1.7976773977279663
3194,38.0,0,0,-0.021816615015268326,1,0,0,-0.023699667304754257,8.09749698638916,-4.7530293464660645,-3.8999338150024414,8.91264820098877,-3.4173877239227295,-8.486372947692871
3195,54.0,2,2,0.1178097277879715,1,2,0,0.12517565488815308,-6.450390338897705,-8.338288307189941,10.126434326171875,2.66774845123291,-5.595737934112549,0.649766743183136
3196,9.0,2,1,-0.07853981852531433,1,2,0,-0.09111766517162323,-1.5175412893295288,-9.901836395263672,4.150806427001953,1.8785730600357056,-1.0587108135223389,-0.7640030980110168
3197,12.0,2,0,-0.16580627858638763,1,2,0,-0.15394100546836853,-5.337769985198975,-5.0048723220825195,7.853266716003418,0.8107316493988037,0.043850138783454895,-2.0103485584259033
3198,66.0,2,0,-0.13089969754219055,1,2,0,-0.1280069798231125,-5.325364589691162,-6.686244487762451,9.206806182861328,3.3901174068450928,0.9083784222602844,-3.967129707336426
3199,12.0,2,0,-0.04363323003053665,1,2,2,-0.050581563264131546,0.2323770374059677,-9.800037384033203,6.432662487030029,-9.026994705200195,1.8724197149276733,5.646866798400879
3200,41.0,0,1,0.013089969754219055,1,0,2,0.011389200575649738,4.53879976272583,-2.878779888153076,-2.4082517623901367,-0.33568891882896423,-1.4150304794311523,0.27617985010147095
3201,43.0,0,1,0.030543262138962746,1,0,1,0.023738976567983627,4.755622386932373,-3.941234588623047,-1.8151720762252808,-3.472421884536743,3.0774290561676025,0.7852105498313904
3202,2.0,2,0,0.04363323003053665,1,0,0,0.052180320024490356,4.163665294647217,-9.352639198303223,-0.19523277878761292,2.6894776821136475,1.261201024055481,-4.445747375488281
3203,3.0,2,1,0.07853981852531433,1,2,0,0.08399806916713715,-7.344920635223389,-3.8574635982513428,8.583019256591797,2.7924840450286865,1.3553001880645752,-4.3838276863098145
3204,2.0,2,2,-0.03653430938720703,1,2,2,-0.041339997202157974,3.6448147296905518,-10.172691345214844,4.358128547668457,-8.697539329528809,1.8441808223724365,5.568108558654785
3205,12.0,0,2,-0.008726646192371845,1,0,1,-0.023247074335813522,13.020143508911133,-5.7573041915893555,-8.552231788635254,-11.51923656463623,4.574106216430664,4.436447620391846
3206,56.0,2,1,0.13526301085948944,1,2,0,0.1316099464893341,-5.127030849456787,-7.101116180419922,8.9480562210083,3.930007219314575,1.0311652421951294,-5.956798553466797
3207,22.0,2,2,-0.16406095027923584,1,2,2,-0.17564240097999573,-6.4848785400390625,-3.6479525566101074,7.857888698577881,-2.4383726119995117,-3.042654037475586,4.383411884307861
3208,43.0,0,0,0.030543262138962746,1,0,0,0.022103972733020782,6.438770294189453,-6.058643341064453,-1.5652414560317993,5.064230442047119,-3.4158105850219727,-4.186428546905518
3209,12.0,2,2,0.07853981852531433,1,2,1,0.08255678415298462,-5.205435276031494,-3.5644123554229736,6.808391571044922,-3.735231637954712,2.346264362335205,1.915046215057373
3210,3.0,2,1,-0.09599310904741287,1,2,1,-0.09131205081939697,-3.9146435260772705,-7.6705403327941895,8.524430274963379,2.2180066108703613,2.34450101852417,-5.442640781402588
3211,3.0,2,1,0.07853981852531433,1,2,1,0.08375395834445953,-6.6843109130859375,-4.014960289001465,7.808537006378174,1.026219129562378,2.1877284049987793,-3.0949809551239014
3212,2.0,2,2,0.07853981852531433,1,2,1,0.05560031905770302,-4.9159393310546875,-6.623944282531738,3.8259117603302,-6.374262809753418,6.339412689208984,-0.6983548402786255
3213,54.0,2,2,0.1178097277879715,1,2,0,0.13047420978546143,-7.979133605957031,-11.122820854187012,13.84696102142334,1.8834726810455322,-1.2685028314590454,-3.9055333137512207
3214,12.0,2,1,0.07853981852531433,1,2,2,0.0681057870388031,-0.10781700909137726,-8.162734031677246,6.263164043426514,-7.584969520568848,2.2356083393096924,4.175433158874512
3215,9.0,2,1,0.04363323003053665,1,2,0,0.03793324530124664,-4.770379066467285,-4.2325053215026855,6.248599529266357,1.3507524728775024,-1.5010502338409424,-1.2182574272155762
3216,9.0,0,0,0.008726646192371845,1,0,1,-0.009255903773009777,12.761741638183594,-6.588738441467285,-7.028050422668457,1.1380150318145752,4.804540634155273,-7.1300458908081055
3217,3.0,0,1,0.008726646192371845,1,0,1,0.007039950229227543,12.38778018951416,-3.917778491973877,-8.466421127319336,0.9128615856170654,1.7381396293640137,-4.910383224487305
3218,12.0,2,2,-0.14189369976520538,1,2,1,-0.14731384813785553,-6.67954683303833,-0.6563589572906494,5.790348052978516,-5.181744575500488,1.840524673461914,0.5681306719779968
3219,22.0,2,1,-0.17016960680484772,1,2,1,-0.1657157838344574,-5.17255163192749,-1.7713733911514282,5.429403781890869,-2.207860231399536,5.50001335144043,-4.696532726287842
3220,12.0,2,1,0.06108652427792549,1,2,1,0.06751959025859833,-6.727602958679199,-3.7869174480438232,8.12407112121582,-0.06906253844499588,0.33207136392593384,-0.77072674036026
3221,41.0,0,2,0.010471975430846214,1,0,2,0.011389200575649738,4.53879976272583,-2.878779888153076,-2.4082517623901367,-0.33568891882896423,-1.4150304794311523,0.27617985010147095
3222,22.0,2,1,-0.16406095027923584,1,2,1,-0.1757688969373703,-6.733152389526367,-3.5203356742858887,8.03150463104248,-2.48258376121521,3.996091842651367,-2.413971424102783
3223,2.0,2,1,0.05703851953148842,1,2,0,0.05520062521100044,-3.351001262664795,-10.680985450744629,6.834465980529785,0.7362306118011475,-1.262375831604004,0.47348707914352417
3224,3.0,2,2,0.09599310904741287,1,2,2,0.08757876604795456,-13.951672554016113,-5.207342624664307,14.614931106567383,-6.913527965545654,0.7772175669670105,5.157395839691162
3225,3.0,2,2,0.11344639956951141,1,2,2,0.11092845350503922,-5.998772621154785,-3.753091812133789,7.836948394775391,-1.0501689910888672,-1.0789108276367188,1.3329674005508423
3226,85.0,1,1,0.05061454698443413,0,1,1,0.10641465336084366,-9.924745559692383,13.843949317932129,-5.7871198654174805,-6.833202838897705,13.130871772766113,-12.490914344787598
3227,2.0,2,1,0.09599310904741287,1,2,1,0.09189427644014359,-5.586341381072998,-6.3557047843933105,4.505079746246338,-4.132936000823975,3.337937116622925,0.7845650911331177
3228,9.0,2,1,0.06108652427792549,1,2,1,0.031092911958694458,-1.1059739589691162,-11.902215003967285,7.036346435546875,-3.5988123416900635,2.393542766571045,0.7038816213607788
3229,3.0,1,2,-0.11344639956951141,0,2,0,-0.06691831350326538,-1.6670176982879639,-5.569605350494385,3.87463641166687,2.8775479793548584,1.2482367753982544,-2.73317551612854
3230,9.0,2,0,0.09599310904741287,1,2,0,0.07826250791549683,-6.72350549697876,-3.756821393966675,7.074105262756348,1.3590556383132935,0.2994369864463806,-0.22444909811019897
3231,12.0,2,1,0.07853981852531433,1,2,1,0.06992877274751663,-1.5034101009368896,-8.199432373046875,7.269721508026123,-5.345648288726807,3.023683547973633,1.2801069021224976
3232,56.0,2,2,0.13526301085948944,1,2,2,0.12597866356372833,-6.119762420654297,-12.76648235321045,13.384135246276855,-6.858311653137207,-1.222344160079956,5.6628546714782715
3233,3.0,0,1,0.008726646192371845,1,0,1,0.008240298368036747,10.812106132507324,-4.025429725646973,-6.874839782714844,-0.24561607837677002,2.8095152378082275,-4.267613410949707
3234,2.0,2,1,0.09599310904741287,1,2,1,0.09264229238033295,-5.761023998260498,-6.92371940612793,4.85540246963501,-4.394376754760742,3.392551898956299,0.8296932578086853
3235,12.0,2,1,-0.16580627858638763,1,2,0,-0.14821694791316986,-5.736508846282959,-6.834778785705566,9.186408996582031,2.4203269481658936,0.4462893009185791,-2.0413811206817627
3236,66.0,2,1,-0.12740904092788696,1,2,0,-0.1261518895626068,-5.3247971534729,-6.8553385734558105,9.206831932067871,2.34238338470459,1.9302541017532349,-3.8348729610443115
3237,54.0,2,1,0.1178097277879715,1,2,0,0.12666690349578857,-3.906805992126465,-6.957090854644775,7.968666076660156,6.389495372772217,3.201366662979126,-10.386652946472168
3238,12.0,2,1,-0.0445324182510376,1,2,2,-0.049305617809295654,1.344390630722046,-9.472476959228516,5.631640911102295,-5.4032158851623535,0.5804104804992676,3.568361520767212
3239,3.0,2,0,0.06108652427792549,1,2,0,0.056605014950037,-5.838846206665039,-7.654926776885986,10.280560493469238,4.086445331573486,-0.45574864745140076,-3.9055211544036865
3240,22.0,2,1,-0.16144295036792755,1,2,0,-0.16217263042926788,-5.552475452423096,-2.4247565269470215,6.057777404785156,-0.013716094195842743,-0.5979997515678406,-1.7794760465621948
3241,12.0,2,1,-0.07853981852531433,1,2,0,-0.09240064024925232,-5.27447509765625,-5.526634216308594,6.992199420928955,1.300196647644043,-0.9344326853752136,0.639862596988678
3242,41.0,0,0,0.013089969754219055,1,0,2,0.011389396153390408,4.538794040679932,-2.8787789344787598,-2.4082465171813965,-0.33571022748947144,-1.415021538734436,0.2761858105659485
3243,9.0,2,0,0.1483529806137085,1,2,0,0.13842196762561798,-2.6209347248077393,-5.657138347625732,6.42289924621582,3.5156683921813965,-1.878231406211853,-3.0497255325317383
3244,43.0,0,2,0.030543262138962746,1,2,2,0.03145246580243111,1.184622049331665,-4.475893497467041,1.8038445711135864,-4.875389099121094,1.9332759380340576,2.1926698684692383
3245,54.0,2,2,0.1178097277879715,1,2,0,0.10194699466228485,-5.9976420402526855,-10.301342010498047,11.636008262634277,0.04042845219373703,-1.9452762603759766,-0.9579914212226868
3246,38.0,0,1,-0.024434609338641167,1,0,2,-0.010758007876574993,5.050356864929199,-5.27535343170166,-1.1954877376556396,-5.077238082885742,-2.459820508956909,3.660182237625122
3247,2.0,2,0,0.04363323003053665,1,0,0,0.0433993823826313,5.03173303604126,-9.106668472290039,-1.0448565483093262,2.7492072582244873,1.5476641654968262,-4.827656269073486
3248,2.0,2,0,-0.07853981852531433,1,2,0,-0.07969174534082413,-4.346000671386719,-8.49091911315918,9.70158863067627,2.613044500350952,-0.8762255907058716,-3.1258697509765625
3249,2.0,2,2,0.07853981852531433,1,2,1,0.05744089558720589,-5.544824600219727,-6.421810150146484,3.805053472518921,-6.6475348472595215,5.070317268371582,1.0485448837280273
3250,3.0,2,2,-0.11344639956951141,1,2,2,-0.1174214631319046,-9.133938789367676,-7.277292251586914,10.200634002685547,-0.8013163208961487,0.480924129486084,0.7431158423423767
3251,54.0,2,2,0.1178097277879715,1,2,2,0.09536907821893692,-6.750926494598389,-9.097870826721191,11.023953437805176,-0.5773063898086548,-3.7389633655548096,2.2821195125579834
3252,2.0,2,1,0.09599310904741287,1,2,1,0.0907079428434372,-5.896697044372559,-7.203392028808594,5.10357141494751,-4.307410717010498,2.9918270111083984,1.1530389785766602
3253,9.0,2,1,-0.04363323003053665,1,2,1,-0.06139194592833519,-2.6143360137939453,-8.360246658325195,7.619420528411865,-0.31801480054855347,3.492612838745117,-3.433180093765259
3254,2.0,2,1,0.11344639956951141,1,2,1,0.10414992272853851,-5.688051700592041,-5.419522285461426,3.8214995861053467,-4.789422035217285,4.601941108703613,0.049299247562885284
3255,3.0,2,0,0.06108652427792549,1,2,0,0.06692447513341904,-5.280643463134766,-7.451423168182373,9.849674224853516,12.409833908081055,3.8397979736328125,-20.861682891845703
3256,56.0,2,2,0.1336461305618286,1,2,2,0.12850943207740784,-5.221076011657715,-8.00789737701416,10.138545989990234,-6.14871883392334,-3.4465250968933105,7.891363143920898
3257,85.0,2,1,0.05061454698443413,1,2,1,0.05064277723431587,-2.04608416557312,-5.340918064117432,5.539516448974609,-3.798471689224243,4.548590660095215,-3.1365602016448975
3258,9.0,2,0,0.1483529806137085,1,2,0,0.14807914197444916,-3.7881715297698975,-4.484711647033691,5.114438056945801,5.905174255371094,-0.5415419936180115,-7.477832794189453
3259,2.0,2,1,-0.07391762733459473,1,2,1,-0.08087806403636932,-3.9203152656555176,-13.084214210510254,9.65163516998291,-3.9175119400024414,1.5600364208221436,1.4746431112289429
3260,12.0,1,2,0.09599310904741287,0,2,0,0.21433503925800323,-9.454450607299805,-2.593034505844116,7.644984245300293,1.754117488861084,-1.42771577835083,-3.190419912338257
3261,2.0,0,1,-0.008726646192371845,1,0,2,-0.03166666999459267,14.4464111328125,-6.468469619750977,-8.982574462890625,-9.497608184814453,2.237987518310547,4.596568584442139
3262,2.0,2,2,0.07853981852531433,1,2,1,0.05950268730521202,-5.451190948486328,-7.482612609863281,4.6632466316223145,-5.947473526000977,5.151822090148926,0.3017148971557617
3263,3.0,2,2,0.11344639956951141,1,2,2,0.1094437763094902,-6.000345230102539,-4.13738489151001,8.128423690795898,-1.0324782133102417,-1.192432165145874,1.4268699884414673
3264,54.0,2,0,0.1178097277879715,1,2,0,0.12131823599338531,-2.477875232696533,-8.026001930236816,7.409694194793701,6.507220268249512,-5.146275520324707,-1.8816086053848267
3265,12.0,0,2,0.008726646192371845,1,0,2,-0.0019500991329550743,14.218693733215332,-7.299278736114502,-8.100774765014648,-7.265286445617676,2.066282272338867,3.380265474319458
3266,12.0,2,0,-0.16580627858638763,1,2,0,-0.145093634724617,-5.503318786621094,-5.458454132080078,8.27564525604248,0.29565972089767456,-1.6701393127441406,-0.49971631169319153
3267,85.0,2,1,0.04712389037013054,1,2,1,0.050615858286619186,-1.5709515810012817,-5.133565902709961,4.9826130867004395,-3.4536001682281494,4.721299648284912,-3.7954823970794678
3268,2.0,2,2,-0.13089969754219055,1,2,2,-0.1318904459476471,-7.071678161621094,-3.0075905323028564,7.674351692199707,-6.812788963317871,-1.540578842163086,6.591174125671387
3269,9.0,2,1,-0.06108652427792549,1,2,2,-0.036777887493371964,-3.9485363960266113,-5.641820907592773,4.124757289886475,-1.6319003105163574,0.42838823795318604,1.4873535633087158
3270,27.0,2,0,-0.10908307880163193,1,2,0,-0.1224871575832367,-5.907196044921875,-6.448302268981934,9.417359352111816,4.275639057159424,-1.275564193725586,-3.7646472454071045
3271,27.0,2,1,-0.10908307880163193,1,2,1,-0.06673368066549301,-5.40728235244751,-7.555212497711182,8.52027416229248,-1.694415807723999,2.6243112087249756,-1.4138860702514648
3272,54.0,2,1,0.10908307880163193,1,2,1,0.09420299530029297,-2.554079532623291,-2.8080968856811523,4.411564826965332,-1.2416903972625732,3.465212106704712,-3.9919967651367188
3273,9.0,2,1,-0.04363323003053665,1,2,1,-0.04468819126486778,-3.0509512424468994,-6.597361087799072,7.010453224182129,-0.007636711001396179,2.417479991912842,-3.4691641330718994
3274,2.0,2,1,-0.1483529806137085,1,2,1,-0.13970042765140533,-4.9934611320495605,-2.720980644226074,6.0412421226501465,-1.806620478630066,4.540161609649658,-3.9101407527923584
3275,9.0,2,1,-0.04363323003053665,1,0,2,-0.04804934933781624,1.0473365783691406,-2.7261242866516113,-1.0437159538269043,-0.480696439743042,-0.13887454569339752,1.5415613651275635
3276,40.0,0,1,-0.013089969754219055,1,0,1,0.01342910435050726,6.481334686279297,-3.4497292041778564,-3.7757935523986816,-2.0764713287353516,3.172212600708008,-2.9135916233062744
3277,2.0,2,2,0.09599310904741287,1,2,1,0.08065496385097504,-5.454812049865723,-6.216068267822266,3.8526268005371094,-5.142411708831787,4.488687515258789,1.0569523572921753
3278,22.0,2,1,-0.16435448825359344,1,2,2,-0.1631190925836563,-5.079375743865967,-1.7387884855270386,5.045843601226807,-5.645939350128174,0.24941153824329376,2.028895854949951
3279,56.0,2,1,0.13002702593803406,1,2,0,0.14907558262348175,-8.925216674804688,-5.49624490737915,9.953478813171387,1.0603238344192505,-1.1695046424865723,-3.382493734359741
3280,2.0,2,1,0.11344639956951141,1,2,1,0.09524363279342651,-5.716609001159668,-5.619953632354736,4.103014945983887,-3.9595515727996826,3.0157265663146973,1.0317426919937134
3281,2.0,2,2,0.07853981852531433,1,2,1,0.055446576327085495,-4.888720512390137,-6.634847164154053,3.8205673694610596,-6.357627868652344,6.342896461486816,-0.7223290205001831
3282,22.0,2,1,-0.16406095027923584,1,2,1,-0.17590218782424927,-6.724247455596924,-3.530426502227783,8.0302734375,-2.531450033187866,4.002997398376465,-2.3652024269104004
3283,9.0,2,1,-0.16580627858638763,1,2,2,-0.1729557365179062,-7.65462589263916,-4.703114032745361,9.341033935546875,-3.4122142791748047,1.2349169254302979,3.022404670715332
3284,43.0,0,1,0.030543262138962746,1,0,0,0.05832593888044357,2.753333330154419,-3.0803351402282715,-0.5189617276191711,14.907501220703125,-0.8353322148323059,-19.6619815826416
3285,3.0,0,1,0.008726646192371845,1,0,1,-0.0008327430114150047,11.67148208618164,-5.828396320343018,-5.811899185180664,0.9835965633392334,6.1501312255859375,-7.666629791259766
3286,9.0,0,0,0.008726646192371845,1,0,1,-0.001944071613252163,12.026248931884766,-8.215873718261719,-4.7317914962768555,-1.2801704406738281,2.3563497066497803,-2.189908981323242
3287,3.0,2,1,-0.09599310904741287,1,2,2,-0.10441014170646667,-7.138778209686279,-8.46999454498291,9.069303512573242,0.7802080512046814,-2.323391914367676,1.291994333267212
3288,38.0,0,1,-0.021816615015268326,1,0,2,-0.025969360023736954,8.134382247924805,-7.732059478759766,-3.455909490585327,-10.543463706970215,3.367971658706665,4.8453545570373535
3289,2.0,2,2,0.07853981852531433,1,2,1,0.05571049824357033,-4.939096927642822,-6.61649227142334,3.831923246383667,-6.388982772827148,6.338301181793213,-0.6803234219551086
3290,3.0,2,1,-0.0810256153345108,1,2,0,-0.06574859470129013,-2.880152702331543,-7.243730068206787,7.5161824226379395,1.980785846710205,1.0040643215179443,-3.7605650424957275
3291,12.0,2,2,0.09599310904741287,1,2,2,0.05999279022216797,-10.365530014038086,-7.466259956359863,12.900786399841309,-6.07259464263916,-0.9424580335617065,5.821018695831299
3292,12.0,0,1,-0.02617993950843811,1,2,0,-0.03263750299811363,1.210099220275879,-7.819113731384277,1.8271082639694214,0.7566219568252563,0.3416697382926941,-2.1274921894073486
3293,38.0,0,1,-0.030543262138962746,1,0,1,-0.02283652126789093,3.663255453109741,-4.4883599281311035,-0.21995222568511963,-0.6012531518936157,0.932453453540802,-2.4525177478790283
3294,66.0,2,1,-0.12391837686300278,1,2,1,-0.11397932469844818,-4.793219566345215,-2.985382080078125,6.015939712524414,-1.998826503753662,1.3738338947296143,-0.9145697355270386
3295,3.0,2,1,0.11344639956951141,1,2,1,0.11182939261198044,-5.9243011474609375,-0.7677348852157593,4.949333667755127,0.4136548638343811,0.9641392827033997,-1.5621479749679565
3296,60.0,2,2,0.17016960680484772,1,2,2,0.15822899341583252,-6.611420154571533,-7.139309883117676,9.21583366394043,-7.451137542724609,-3.6735424995422363,8.837807655334473
3297,3.0,2,1,-0.13089969754219055,1,2,1,-0.12142722308635712,-5.373754501342773,-12.178643226623535,9.92861557006836,-0.8895371556282043,1.280881404876709,-1.0044547319412231
3298,43.0,0,1,0.030543262138962746,1,0,0,0.030297812074422836,5.027993202209473,-5.561859607696533,-1.049147605895996,10.929128646850586,-1.5347867012023926,-13.077861785888672
3299,9.0,2,1,-0.05009251832962036,1,2,2,-0.060457099229097366,-4.697089672088623,-5.317144870758057,5.6067633628845215,0.9161754846572876,-1.7352650165557861,2.0940988063812256
3300,9.0,0,1,0.008726646192371845,1,0,1,0.003957451321184635,11.913884162902832,-5.319448947906494,-6.615147590637207,2.5990841388702393,7.396673679351807,-10.592093467712402
3301,60.0,2,1,0.16493360698223114,1,2,2,0.16493798792362213,-5.480827331542969,-2.9740757942199707,6.642083168029785,-2.3855271339416504,0.6025688052177429,0.8499667048454285
3302,9.0,0,2,-0.02617993950843811,1,0,2,-0.028120655566453934,4.8910675048828125,-6.099677562713623,0.6490916013717651,-4.085055351257324,2.20229172706604,3.1341917514801025
3303,3.0,0,2,-0.020962290465831757,1,0,2,-0.026334546506404877,11.98330307006836,-6.707139015197754,-6.625064373016357,-10.177239418029785,3.632613182067871,4.087681293487549
3304,12.0,2,2,0.07853981852531433,1,2,2,0.07087317109107971,-1.8085393905639648,-7.0716142654418945,6.977729320526123,-6.2463459968566895,2.617419958114624,2.641655445098877
3305,2.0,2,0,-0.07853981852531433,1,2,0,-0.06846947968006134,-3.469291925430298,-7.3650593757629395,8.159276008605957,2.748605251312256,-0.6004467606544495,-3.0844407081604004
3306,27.0,2,0,-0.10908307880163193,1,2,0,-0.10574705898761749,-7.581037998199463,-7.589174270629883,11.709412574768066,2.964442014694214,-0.045249924063682556,-3.243225336074829
3307,3.0,2,2,-0.09599310904741287,1,2,2,-0.10677818953990936,-8.302459716796875,-7.164982795715332,9.308831214904785,-0.42311930656433105,-0.015003906562924385,0.21111804246902466
3308,41.0,0,0,0.013089969754219055,1,0,2,0.011389273218810558,4.53878927230835,-2.878687858581543,-2.408287525177002,-0.33563530445098877,-1.4149837493896484,0.27609533071517944
3309,3.0,2,1,-0.13089969754219055,1,2,0,-0.12740536034107208,-9.41291332244873,-5.022181510925293,10.347237586975098,3.8543341159820557,2.659785032272339,-7.484009742736816
3310,12.0,0,1,-0.008726646192371845,1,0,1,0.012088571675121784,11.305763244628906,-8.120928764343262,-5.522280693054199,-6.538973331451416,2.7121634483337402,1.6774659156799316
3311,2.0,2,1,0.16580627858638763,1,2,0,0.30161720514297485,-8.032279968261719,-2.2122950553894043,6.712130546569824,1.5557442903518677,-1.2119134664535522,-0.6044912934303284
3312,12.0,2,1,0.1483529806137085,1,2,1,0.13269971311092377,-4.183085918426514,-9.910809516906738,9.701171875,0.34053370356559753,1.676601529121399,-2.5477445125579834
3313,9.0,2,2,-0.04363323003053665,1,2,0,-0.046451766043901443,-5.142742156982422,-6.310492038726807,8.402969360351562,0.5096451044082642,-0.24403373897075653,-1.8027539253234863
3314,3.0,2,1,0.16580627858638763,1,2,1,0.15109993517398834,-2.6963307857513428,-4.4865875244140625,5.386205673217773,-4.491581916809082,5.7151780128479,-2.6352450847625732
3315,9.0,2,1,-0.07853981852531433,1,2,0,-0.09594587236642838,-4.761641979217529,-9.786361694335938,7.810348033905029,0.5316399335861206,-0.2600327730178833,-0.01362185925245285
3316,3.0,2,1,-0.04363323003053665,1,2,1,-0.057800520211458206,-3.850083351135254,-7.42831563949585,7.5667724609375,-2.37772274017334,4.697747230529785,-2.4239401817321777
3317,85.0,2,1,0.038528017699718475,1,0,1,0.041127387434244156,2.1317989826202393,-3.6264595985412598,0.5788370370864868,-3.920494556427002,4.151278495788574,-3.1221401691436768
3318,3.0,2,1,-0.04363323003053665,1,2,1,-0.019409436732530594,-2.6959755420684814,-10.350238800048828,6.708502292633057,-4.1606125831604,2.2530436515808105,0.4302578866481781
3319,56.0,2,2,0.13264502584934235,1,2,2,0.12210316210985184,-2.6069860458374023,-4.34712553024292,5.1996073722839355,-5.010204315185547,-1.3490519523620605,5.581455707550049
3320,2.0,2,1,0.14537644386291504,1,2,2,0.11369755864143372,-0.9679346084594727,-10.672112464904785,5.487484931945801,-10.934965133666992,4.88732385635376,4.9980292320251465
3321,3.0,2,2,0.09599310904741287,1,2,1,0.09628859162330627,-5.665794372558594,-2.803739309310913,6.995510578155518,-4.583398818969727,2.471322536468506,2.1830573081970215
3322,2.0,2,0,-0.07853981852531433,1,2,0,-0.10938401520252228,-7.246861457824707,-6.253137588500977,11.04407787322998,3.259384870529175,1.6619842052459717,-5.249149799346924
3323,3.0,2,1,0.11344639956951141,1,2,1,0.11146078258752823,-6.455704689025879,-1.4560904502868652,6.018064498901367,0.592389702796936,0.9494667649269104,-1.4866119623184204
3324,22.0,1,1,-0.16667895019054413,0,1,1,-0.07632353901863098,-10.5675630569458,12.105820655822754,-2.0846621990203857,-10.847158432006836,5.368162631988525,1.5930168628692627
3325,12.0,2,0,0.04363323003053665,1,2,0,0.049919966608285904,-3.2038919925689697,-9.207371711730957,8.757107734680176,6.513036727905273,-0.9208086729049683,-5.78544807434082
3326,85.0,2,1,0.04712389037013054,1,2,1,0.051496721804142,-1.434572458267212,-5.014481067657471,4.785153388977051,-3.558870553970337,4.746272087097168,-3.7446584701538086
3327,38.0,0,0,-0.024434609338641167,1,0,2,-0.01347124669700861,2.8109893798828125,-4.7541913986206055,0.5232797861099243,-8.309331893920898,-1.7509286403656006,6.2690582275390625
3328,40.0,0,1,-0.009599311277270317,1,0,1,-0.010521593503654003,8.05216121673584,-6.441269874572754,-3.7051901817321777,-4.140429973602295,4.029680252075195,-2.7017128467559814
3329,9.0,2,2,0.060473546385765076,1,2,0,0.035149943083524704,-7.062113285064697,-2.4396698474884033,6.522813320159912,0.9114677906036377,-2.599515914916992,0.3433849811553955
3330,9.0,2,2,-0.07853981852531433,1,2,0,-0.0811736062169075,-6.521806240081787,-9.681281089782715,9.312500953674316,1.341064214706421,-0.965147078037262,-0.7443885803222656
3331,41.0,0,2,0.010471975430846214,1,0,2,0.011389200575649738,4.53879976272583,-2.878779888153076,-2.4082517623901367,-0.33568891882896423,-1.4150304794311523,0.27617985010147095
3332,3.0,2,2,-0.11344639956951141,1,2,0,-0.13506664335727692,-12.270734786987305,-8.613434791564941,13.909327507019043,1.3850398063659668,-1.145823359489441,0.7965367436408997
3333,2.0,2,1,-0.06108652427792549,1,2,0,-0.0717768669128418,-6.701605796813965,-7.996037483215332,8.633724212646484,1.4686954021453857,0.455333411693573,-2.577702283859253
3334,3.0,2,2,-0.1483529806137085,1,2,0,-0.17135612666606903,-9.471308708190918,-4.614952564239502,8.228658676147461,3.5774786472320557,-1.7789556980133057,-2.587557554244995
3335,12.0,0,2,-0.006697223987430334,1,0,2,-0.019304372370243073,12.175562858581543,-7.63064432144165,-5.39589262008667,-6.9043426513671875,0.5462087988853455,3.8911755084991455
3336,3.0,2,2,-0.1483529806137085,1,2,0,-0.1701398342847824,-9.423151969909668,-4.5869951248168945,8.229592323303223,3.318660020828247,-1.556248664855957,-2.50325345993042
3337,12.0,2,0,0.040134869515895844,1,0,0,0.029737140983343124,5.090564727783203,-9.637974739074707,1.7598967552185059,3.6373064517974854,2.802358627319336,-7.315169334411621
3338,3.0,2,1,-0.16580627858638763,1,2,1,-0.16056694090366364,-4.976363658905029,-2.128830671310425,5.567881107330322,-1.9129247665405273,5.363862037658691,-4.786733627319336
3339,22.0,2,0,-0.16144295036792755,1,2,0,-0.16240455210208893,-5.614495754241943,-2.5320253372192383,6.199859142303467,0.56244295835495,-0.6829836964607239,-2.148332357406616
3340,9.0,0,2,-0.02617993950843811,1,0,1,-0.020875249058008194,6.12859582901001,-7.796557426452637,-1.4750277996063232,-3.6548149585723877,3.195971727371216,0.8974729776382446
3341,12.0,2,1,0.1483529806137085,1,2,0,0.14640726149082184,-5.299655914306641,-5.628188610076904,7.368319511413574,1.737810730934143,0.44389480352401733,-3.050184965133667
3342,3.0,2,0,0.07692913711071014,1,2,2,0.09294566512107849,-3.6481993198394775,-8.195366859436035,8.80801773071289,0.14482909440994263,-1.5297911167144775,0.38065841794013977
3343,9.0,0,0,0.008726646192371845,1,0,1,-0.012089128606021404,13.928045272827148,-6.963447570800781,-7.323724269866943,3.944108247756958,7.846989631652832,-12.628120422363281
3344,12.0,2,1,0.06108652427792549,1,2,1,0.06529849022626877,1.8393821716308594,-9.262770652770996,5.298707008361816,0.7515732645988464,0.8743388652801514,-1.860190749168396
3345,2.0,2,0,0.04401072859764099,1,2,0,0.05118068680167198,-2.9390196800231934,-10.793705940246582,6.633059024810791,0.8405677676200867,-1.2745834589004517,0.33815106749534607
3346,3.0,2,1,-0.07853981852531433,1,2,1,-0.07304792106151581,-5.796562194824219,-5.04103946685791,9.052913665771484,0.7560552954673767,2.8505306243896484,-4.541126251220703
3347,3.0,2,1,-0.09599310904741287,1,2,2,-0.1099892109632492,-5.2303266525268555,-15.21639347076416,11.923492431640625,-0.0995228961110115,-1.1077544689178467,1.381870150566101
3348,9.0,0,0,0.008726646192371845,1,0,1,-0.009249276481568813,13.782710075378418,-7.213413238525391,-7.605620384216309,2.691596269607544,5.470489025115967,-8.837449073791504
3349,12.0,2,2,0.09599310904741287,1,2,1,0.09248899668455124,-5.478855133056641,-5.161568641662598,8.309231758117676,-2.395782232284546,2.306955337524414,0.4875718355178833
3350,27.0,2,0,-0.10908307880163193,1,2,0,-0.11007055640220642,-6.2343525886535645,-4.451505661010742,7.685606002807617,1.2657426595687866,0.24081750214099884,-2.156615972518921
3351,2.0,2,2,0.09396368265151978,1,2,1,0.06494966149330139,-6.483822345733643,-5.395582675933838,4.060286045074463,-7.138854503631592,6.55735969543457,0.044028230011463165
3352,85.0,2,1,0.036651913076639175,1,0,1,0.040739838033914566,2.2819042205810547,-3.5816776752471924,0.3899160921573639,-3.945560932159424,4.240673065185547,-3.1864562034606934
3353,27.0,1,1,-0.1178097277879715,0,1,1,-0.022247079759836197,-5.657706260681152,8.738117218017578,-3.7448482513427734,-6.31137228012085,4.919983863830566,-0.7731435894966125
3354,12.0,2,2,0.07853981852531433,1,2,2,0.0764293372631073,-11.205055236816406,0.09505538642406464,8.817618370056152,-6.521340370178223,1.9845693111419678,3.6521413326263428
3355,2.0,2,1,0.11344639956951141,1,2,1,0.10458733141422272,-5.6620893478393555,-5.463575839996338,3.8304107189178467,-4.83808708190918,4.7208757400512695,-0.045447997748851776
3356,3.0,1,0,0.02617993950843811,0,2,0,0.13079294562339783,-3.8677492141723633,-6.504021167755127,6.87838077545166,3.292955160140991,0.7366430759429932,-5.06744384765625
3357,9.0,2,1,-0.13089969754219055,1,2,2,-0.12484052777290344,-7.834787845611572,-6.227518081665039,10.328317642211914,-6.2581987380981445,-0.8405253291130066,2.3099095821380615
3358,22.0,1,1,-0.16667895019054413,0,1,1,-0.08239392191171646,-8.731267929077148,10.053658485412598,-2.1346209049224854,-8.214759826660156,3.6929712295532227,1.3018993139266968
3359,22.0,2,1,-0.16667895019054413,1,2,1,-0.14586172997951508,-10.438614845275879,-0.3447529673576355,7.989477157592773,-10.21420669555664,4.446305274963379,2.4034297466278076
3360,12.0,2,0,0.04363323003053665,1,2,0,0.04670253023505211,1.6608632802963257,-10.153114318847656,5.213538646697998,6.779470443725586,0.6638754606246948,-7.84911584854126
3361,12.0,0,1,0.02617993950843811,1,0,0,0.009574818424880505,7.520695209503174,-6.469167709350586,-1.7031784057617188,5.401055335998535,3.8340017795562744,-9.647709846496582
3362,27.0,2,0,-0.11170107126235962,1,2,1,-0.10106128454208374,-6.342545509338379,-6.582467555999756,10.185688972473145,3.415156602859497,4.58976936340332,-8.539565086364746
3363,41.0,0,1,0.004363323096185923,1,0,1,0.003799763508141041,5.836122989654541,-2.6202566623687744,-3.979322671890259,-3.1380746364593506,4.311755657196045,-3.8273637294769287
3364,40.0,0,1,-0.007689323741942644,1,0,2,-0.0004703206941485405,9.194963455200195,-2.830575704574585,-6.582555294036865,-7.016038417816162,2.9301347732543945,3.163123607635498
3365,12.0,2,1,-0.16580627858638763,1,2,0,-0.15472637116909027,-8.712639808654785,-4.905532360076904,10.090746879577637,3.0546555519104004,0.6418917775154114,-3.673187017440796
3366,60.0,2,1,0.1676170527935028,1,2,1,0.1781150847673416,-10.23277759552002,1.8191834688186646,5.801973819732666,3.369849920272827,8.074889183044434,-16.72637367248535
3367,22.0,2,0,-0.16144295036792755,1,2,0,-0.1623249500989914,-5.603670120239258,-2.5073206424713135,6.170961856842041,0.44951820373535156,-0.6723395586013794,-2.070439577102661
3368,3.0,2,1,0.11344639956951141,1,2,1,0.1004377231001854,-5.578277111053467,-6.997313022613525,9.275101661682129,-2.638266086578369,2.420368194580078,-2.104743003845215
3369,12.0,2,2,0.07853981852531433,1,2,2,0.07999516278505325,-2.235208034515381,-5.738346576690674,6.1033616065979,-6.6757917404174805,1.94983971118927,4.05763053894043
3370,9.0,2,2,0.06108652427792549,1,2,1,0.05324070528149605,-5.1214423179626465,-6.554714202880859,8.761990547180176,2.009735345840454,2.8553481101989746,-5.996484279632568
3371,9.0,2,1,0.11344639956951141,1,2,1,0.10699933767318726,-1.5371394157409668,-6.17864465713501,6.2197113037109375,-3.4806454181671143,5.899486541748047,-4.742573261260986
3372,12.0,2,2,-0.1483529806137085,1,2,0,-0.14714016020298004,-4.588251113891602,-1.907275915145874,5.018583297729492,1.0453373193740845,-1.1521978378295898,-1.696198582649231
3373,12.0,2,1,-0.1483529806137085,1,2,1,-0.15449868142604828,-6.8229451179504395,-3.4879980087280273,7.531497001647949,-3.919326066970825,5.710743427276611,-3.035459518432617
3374,12.0,2,2,-0.1483529806137085,1,2,0,-0.14521881937980652,-4.477936744689941,-2.2709009647369385,5.329224586486816,1.66257905960083,-0.8575640916824341,-2.464336633682251
3375,12.0,2,2,0.09599310904741287,1,2,2,0.08443677425384521,-6.0214056968688965,-7.091971397399902,9.621267318725586,-2.7019755840301514,-3.238285541534424,5.3571858406066895
3376,9.0,2,1,0.14060625433921814,1,2,1,0.12779860198497772,-2.053776264190674,-6.064650058746338,6.427979946136475,-2.745755434036255,4.565652847290039,-3.9020702838897705
3377,9.0,2,2,0.06108652427792549,1,2,1,0.05071612447500229,-9.004815101623535,-2.5066113471984863,8.156811714172363,-0.6282981634140015,0.16413576900959015,-0.8859046697616577
3378,54.0,2,2,0.1178097277879715,1,2,2,0.12031092494726181,-4.707787990570068,-12.874300956726074,12.49715805053711,-1.139796257019043,-2.9617135524749756,0.4123823940753937
3379,40.0,0,2,-0.004363323096185923,1,0,2,-0.007266453467309475,8.928583145141602,-5.51297664642334,-5.145505428314209,-6.69768762588501,-3.164743423461914,4.910883903503418
3380,41.0,0,2,0.013089969754219055,1,0,2,0.005365372635424137,7.267878532409668,-5.203218936920166,-3.1904115676879883,-6.965122699737549,-3.9590156078338623,6.295434474945068
3381,22.0,2,1,-0.16624507308006287,1,2,2,-0.16589149832725525,-5.145455360412598,-1.8812907934188843,5.226569175720215,-5.304922580718994,0.11767779290676117,1.8594112396240234
3382,41.0,0,1,0.012414036318659782,1,0,2,0.011389200575649738,4.53879976272583,-2.878779888153076,-2.4082517623901367,-0.33568891882896423,-1.4150304794311523,0.27617985010147095
3383,2.0,2,0,-0.09599310904741287,1,2,0,-0.10343670099973679,-5.971591472625732,-12.896334648132324,13.758454322814941,4.712421417236328,0.8694771528244019,-6.148006439208984
3384,9.0,2,1,-0.11344639956951141,1,2,2,-0.13099581003189087,-5.723388195037842,-5.7968668937683105,8.629886627197266,-6.0771684646606445,1.3882548809051514,4.077393054962158
3385,27.0,2,1,-0.10908307880163193,1,2,1,-0.08351361751556396,-6.071308612823486,-6.822179317474365,8.353800773620605,0.1323930323123932,3.098900318145752,-3.594613790512085
3386,12.0,2,2,0.09599310904741287,1,2,1,0.11945530027151108,-4.980666637420654,-4.765925407409668,6.4008989334106445,-2.0596702098846436,1.607322096824646,-1.7410907745361328
3387,2.0,2,2,-0.04363323003053665,1,2,2,-0.040479037910699844,-3.1385653018951416,-5.475551128387451,6.2043890953063965,-2.1745293140411377,0.5357322096824646,1.501802682876587
3388,12.0,2,0,0.16580627858638763,1,2,2,0.1877371221780777,-8.308781623840332,-3.8432517051696777,9.133612632751465,-9.588796615600586,-2.643711805343628,7.900642395019531
3389,12.0,2,2,0.1308279037475586,1,2,1,0.09599771350622177,-8.742669105529785,-3.930636405944824,9.285551071166992,-0.5928605198860168,1.4707531929016113,-2.179605722427368
3390,9.0,2,0,0.1483529806137085,1,1,0,0.2015601247549057,-6.1651082038879395,4.436437129974365,0.30996227264404297,5.670072078704834,-2.867480993270874,-5.073912620544434
3391,9.0,2,0,0.09599310904741287,1,2,2,0.08917064964771271,-6.316177845001221,-7.842266082763672,10.23100757598877,0.550737202167511,-0.9227101802825928,0.8958751559257507
3392,27.0,2,0,-0.11170107126235962,1,2,1,-0.10524964332580566,-6.97754430770874,-5.143646717071533,9.584881782531738,3.8389790058135986,4.675710201263428,-8.64473819732666
3393,33.0,2,1,-0.05684712529182434,1,2,2,-0.06688324362039566,-5.122281551361084,-6.689068794250488,8.209752082824707,-12.92613410949707,-0.6166769862174988,8.785380363464355
3394,9.0,2,2,-0.06108652427792549,1,2,0,-0.07290014624595642,-7.682651519775391,-5.497714996337891,8.752604484558105,0.8528907299041748,-1.1602274179458618,0.5431375503540039
3395,2.0,2,1,-0.06108652427792549,1,2,0,-0.060940105468034744,-6.294300079345703,-9.075313568115234,8.664894104003906,0.7805795669555664,-0.29168862104415894,-0.9068505764007568
3396,2.0,2,0,0.04363323003053665,1,0,0,0.034762248396873474,6.2502570152282715,-8.91413402557373,-2.3154664039611816,2.5506932735443115,1.9393723011016846,-5.067174911499023
3397,12.0,2,1,-0.11344639956951141,1,2,1,-0.1102546975016594,-5.609196662902832,-3.2416179180145264,6.976912021636963,-5.052433490753174,4.767135143280029,-1.269277572631836
3398,40.0,0,1,-0.004363323096185923,1,0,1,-0.008574767969548702,10.106911659240723,-7.346848964691162,-4.92324686050415,-0.943753719329834,3.2859439849853516,-4.634354591369629
3399,3.0,1,1,-0.11806859076023102,0,0,1,0.0004323013126850128,10.139404296875,-6.883805274963379,-4.945245742797852,-3.1045916080474854,2.045210361480713,-2.8955178260803223
3400,41.0,0,2,0.013089969754219055,1,0,2,0.004446552135050297,7.8556413650512695,-4.981389045715332,-3.9268014430999756,-5.709033966064453,-4.90720272064209,5.5879998207092285
3401,56.0,2,2,0.13264502584934235,1,2,2,0.12818939983844757,-4.084422588348389,-4.33218240737915,6.553742408752441,-4.818035125732422,-0.15749584138393402,4.1775665283203125
3402,9.0,2,1,-0.13089969754219055,1,2,2,-0.1542561650276184,-8.862722396850586,-7.812678813934326,12.743942260742188,-0.67283034324646,-3.8112974166870117,0.9007686972618103
3403,3.0,2,2,-0.11344639956951141,1,2,0,-0.12963086366653442,-5.775333404541016,-6.288903713226318,7.296126365661621,3.6822993755340576,1.247057557106018,-4.5256733894348145
3404,60.0,2,0,0.17016960680484772,1,2,0,0.1597052961587906,-4.976492881774902,-5.928371906280518,8.01730728149414,1.866480827331543,-1.2865599393844604,0.702659010887146
3405,9.0,2,2,-0.1483529806137085,1,2,0,-0.13116298615932465,-7.169184684753418,-11.152950286865234,13.150282859802246,1.3831729888916016,-1.168264389038086,-1.6766687631607056
3406,9.0,0,2,-0.02617993950843811,1,0,2,-0.022607572376728058,8.477034568786621,-9.819321632385254,-1.6334409713745117,-7.273318767547607,1.9568440914154053,3.211977243423462
3407,12.0,2,2,0.09599310904741287,1,2,1,0.1197873055934906,-1.9698437452316284,-8.516101837158203,6.882874965667725,-1.0146872997283936,1.932541847229004,-2.2836852073669434
3408,9.0,2,2,-0.07853981852531433,1,2,0,-0.0846150815486908,-6.766695499420166,-9.638630867004395,9.546794891357422,1.2660963535308838,-1.1107860803604126,-0.5561704635620117
3409,12.0,2,1,-0.07853981852531433,1,2,1,-0.06593749672174454,-6.185368537902832,-4.350091457366943,7.835724830627441,1.1151771545410156,1.532853364944458,-1.8167550563812256
3410,9.0,2,0,0.09599310904741287,1,2,0,0.09443173557519913,-7.853952407836914,-7.300656318664551,11.600326538085938,2.978107213973999,-0.048342928290367126,-2.74237322807312
3411,2.0,2,0,-0.07853981852531433,1,2,0,-0.07706886529922485,-5.9936041831970215,-4.174529552459717,7.863870620727539,3.3042447566986084,-2.072382926940918,-2.255505323410034
3412,3.0,2,2,-0.1483529806137085,1,2,0,-0.16215001046657562,-8.377029418945312,-5.312393665313721,7.282626152038574,3.886169672012329,-1.292096734046936,-3.6038126945495605
3413,12.0,2,1,-0.11344639956951141,1,2,1,-0.11060192435979843,-5.649109840393066,-3.2274014949798584,6.9991583824157715,-5.044796466827393,4.746872901916504,-1.256148099899292
3414,12.0,2,2,0.07853981852531433,1,2,2,0.07906577736139297,-5.396739482879639,-3.739969253540039,7.029932498931885,-2.7755401134490967,1.2003098726272583,2.0748953819274902
3415,41.0,0,2,0.005202182102948427,1,0,2,0.002376359887421131,5.9335713386535645,-3.1901681423187256,-3.638300657272339,-3.330440044403076,-1.2125554084777832,2.0751872062683105
3416,12.0,2,2,0.09599310904741287,1,2,1,0.08500026166439056,-5.312289714813232,-7.426136016845703,9.477784156799316,-1.6162919998168945,1.3590717315673828,0.20468208193778992
3417,2.0,0,0,-0.008726646192371845,1,0,1,-0.020774219185113907,14.780976295471191,-6.728329181671143,-9.63004207611084,-10.466584205627441,4.622186660766602,3.678842782974243
3418,43.0,0,2,0.030543262138962746,1,0,0,0.033595263957977295,5.7912821769714355,-4.266216278076172,-3.121558904647827,1.4729019403457642,-2.236234664916992,-2.3590080738067627
3419,22.0,2,2,-0.16406095027923584,1,2,2,-0.16034816205501556,-4.967410564422607,-1.5838239192962646,4.817380905151367,-6.595044136047363,0.5134313702583313,2.6183552742004395
3420,2.0,2,2,-0.04363323003053665,1,2,2,-0.04243431240320206,-2.544524669647217,-5.613876819610596,5.608924865722656,-2.5803720951080322,0.29212504625320435,1.6776721477508545
3421,3.0,2,1,0.035233765840530396,1,2,1,0.03981481119990349,-1.7637197971343994,-4.718626499176025,2.488661050796509,-2.5284481048583984,2.324981212615967,-0.5234981179237366
3422,22.0,2,1,-0.16144295036792755,1,2,0,-0.16079752147197723,-6.026129722595215,-3.1968321800231934,6.9903388023376465,1.9348130226135254,-0.4501420259475708,-3.3657429218292236
3423,41.0,0,0,0.013089969754219055,1,0,2,0.011389407329261303,4.538792610168457,-2.878779411315918,-2.408245086669922,-0.3357095420360565,-1.4150208234786987,0.27618467807769775
3424,9.0,2,1,-0.09599310904741287,1,2,0,-0.10026417672634125,-6.886435508728027,-3.853097915649414,8.43088150024414,3.8122057914733887,-0.9647378325462341,-3.871005058288574
3425,60.0,2,1,0.17016960680484772,1,2,1,0.1540171355009079,-8.251531600952148,-3.433030128479004,7.169289588928223,-4.744632720947266,5.795169353485107,-1.4917547702789307
3426,3.0,2,1,-0.04363323003053665,1,2,2,-0.042808715254068375,-3.2396838665008545,-5.322576999664307,6.615429401397705,-6.404223442077637,0.2521377205848694,5.904850006103516
3427,3.0,2,2,-0.1483529806137085,1,2,0,-0.17176496982574463,-9.508471488952637,-4.635397911071777,8.247895240783691,3.657538890838623,-1.9038923978805542,-2.5566742420196533
3428,9.0,2,2,-0.1483529806137085,1,2,0,-0.14117339253425598,-7.1465535163879395,-6.070774078369141,10.092960357666016,5.4483418464660645,-0.7062395215034485,-5.362635612487793
3429,38.0,0,2,-0.021816615015268326,1,0,2,-0.01872752234339714,7.416238784790039,-3.4693987369537354,-4.431728363037109,-6.87644100189209,2.513172149658203,3.6693379878997803
3430,2.0,2,1,0.06108652427792549,1,2,0,0.05790134146809578,-3.441725015640259,-9.600024223327637,5.76138162612915,0.300557017326355,0.18055231869220734,-0.5525445342063904
3431,12.0,2,1,0.16580627858638763,1,2,0,0.1573641449213028,-4.1658935546875,-2.0301191806793213,4.401771068572998,1.524101972579956,0.15737111866474152,-0.7754624485969543
3432,2.0,2,1,0.09599310904741287,1,2,1,0.09461390972137451,-5.636832237243652,-6.561072826385498,4.574817657470703,-4.45491361618042,3.7560501098632812,0.5443578958511353
3433,2.0,2,0,-0.09599310904741287,1,2,0,-0.10054841637611389,-7.7315216064453125,-9.383570671081543,12.003121376037598,5.440356254577637,2.536853790283203,-8.725788116455078
3434,9.0,2,1,0.16580627858638763,1,2,1,0.16836576163768768,-6.8622260093688965,-5.954310894012451,9.254660606384277,-4.09569787979126,2.5764875411987305,0.759900689125061
3435,9.0,2,1,0.13089969754219055,1,2,1,0.12177819013595581,-1.7254822254180908,-6.252181053161621,6.3907790184021,-3.1452059745788574,5.7138237953186035,-4.736278057098389
3436,60.0,2,2,0.16755160689353943,1,2,2,0.13791872560977936,-9.090603828430176,-5.364226818084717,8.903523445129395,-0.7062544822692871,-4.163292407989502,0.8309704661369324
3437,66.0,2,1,-0.12740904092788696,1,2,0,-0.12560419738292694,-5.344762802124023,-6.748225688934326,9.152806282043457,2.4128739833831787,2.0839314460754395,-4.115971565246582
3438,60.0,2,2,0.16755160689353943,1,2,1,0.16211074590682983,-8.175009727478027,-9.04215145111084,12.613606452941895,-1.2121822834014893,-0.2047390192747116,-1.8691182136535645
3439,3.0,2,1,0.04363323003053665,1,2,1,0.04422050714492798,-0.02688850462436676,-5.730700969696045,4.810766220092773,1.0202996730804443,3.8667261600494385,-5.154246807098389
3440,22.0,2,2,-0.16144295036792755,1,2,2,-0.1563066691160202,-5.5121588706970215,-4.37487268447876,7.151076793670654,-4.889634132385254,-0.5190024375915527,3.469623327255249
3441,12.0,2,2,0.07853981852531433,1,2,2,0.07782803475856781,-8.829977035522461,-4.10093355178833,10.514498710632324,-7.069577217102051,2.805560827255249,3.7541000843048096
3442,2.0,2,0,0.04363323003053665,1,0,0,0.05555066838860512,2.3850228786468506,-9.63790225982666,1.4915285110473633,2.289092540740967,0.8022050857543945,-3.5267155170440674
3443,85.0,2,1,0.04363323003053665,1,2,1,0.044115398079156876,-3.7134451866149902,-5.645076274871826,7.031187057495117,-4.467527389526367,5.4707350730896,-2.6989669799804688
3444,12.0,0,1,0.02617993950843811,1,0,1,0.011725951917469501,6.599130153656006,-6.376229286193848,-0.6717386841773987,1.1731762886047363,5.5558013916015625,-7.096892833709717
3445,9.0,2,1,-0.09561561048030853,1,2,0,-0.09139661490917206,-4.766751289367676,-7.059276103973389,8.90622329711914,3.125509262084961,1.5724589824676514,-5.632718563079834
3446,41.0,0,1,0.010471975430846214,1,0,2,0.011389200575649738,4.53879976272583,-2.878779888153076,-2.4082517623901367,-0.33568891882896423,-1.4150304794311523,0.27617985010147095
3447,9.0,2,1,0.07853981852531433,1,1,2,0.15774105489253998,-8.259145736694336,3.021900177001953,0.8302034735679626,-2.402747392654419,-1.4181036949157715,5.267016410827637
3448,43.0,0,1,0.025741148740053177,1,0,2,0.02330974116921425,5.897878646850586,-3.2233645915985107,-3.1419856548309326,-2.07035756111145,0.4938586354255676,0.6125422716140747
3449,12.0,0,1,0.02617993950843811,1,0,1,0.009477638639509678,7.085087776184082,-6.799450397491455,-1.6381984949111938,-0.47425124049186707,4.316524028778076,-5.0489935874938965
3450,9.0,2,2,-0.15240098536014557,1,2,0,-0.15451084077358246,-5.497046947479248,-2.6703760623931885,5.942797660827637,-0.35742413997650146,-1.5745296478271484,-0.6108403205871582
3451,9.0,2,2,-0.16580627858638763,1,2,2,-0.17184984683990479,-11.746536254882812,-10.31428050994873,16.008777618408203,-1.7955927848815918,-1.0238871574401855,1.8413022756576538
3452,3.0,2,1,0.08628655225038528,1,2,1,0.09943409264087677,-4.472457408905029,-7.858172416687012,8.226844787597656,2.470343589782715,3.1143054962158203,-6.116438388824463
3453,3.0,0,1,0.002895542187616229,1,0,1,-0.031159300357103348,13.884994506835938,-6.5439133644104,-7.672328948974609,3.9519269466400146,7.112377643585205,-12.266840934753418
3454,33.0,2,1,-0.061525315046310425,1,2,1,-0.07413898408412933,-3.6934192180633545,-2.2111239433288574,4.2196478843688965,-4.631531238555908,6.346059799194336,-2.7507927417755127
3455,9.0,2,1,0.07853981852531433,1,2,2,0.04928576946258545,1.8904860019683838,-9.451451301574707,2.056777000427246,-2.623241424560547,1.0083644390106201,2.515061140060425
3456,33.0,2,2,-0.05672319978475571,1,2,2,-0.0545833520591259,-8.094533920288086,-2.4336395263671875,8.103962898254395,-2.1527206897735596,-2.0573573112487793,3.6362686157226562
3457,3.0,2,1,-0.09599310904741287,1,2,1,-0.07072434574365616,-4.798151016235352,-8.41405200958252,9.200156211853027,1.8195936679840088,2.1354522705078125,-4.4911885261535645
3458,12.0,2,0,-0.07853981852531433,1,2,1,-0.07685452699661255,-3.091526985168457,-5.654757022857666,6.306017875671387,0.8179183602333069,1.952237844467163,-1.9845914840698242
3459,2.0,2,0,-0.07853981852531433,1,2,0,-0.08415832370519638,-6.812396049499512,-3.6130151748657227,8.377917289733887,3.685868501663208,0.38338491320610046,-4.624785900115967
3460,3.0,2,1,-0.13089969754219055,1,2,1,-0.12828129529953003,-7.439738750457764,-2.974480390548706,6.966386318206787,-3.0148115158081055,1.8207725286483765,-1.5434691905975342
3461,54.0,2,1,0.1178097277879715,1,2,2,0.11431892216205597,-5.737915515899658,-4.261198997497559,7.96170711517334,-3.4723212718963623,0.5024357438087463,2.2622106075286865
3462,60.0,2,1,0.17016960680484772,1,2,0,0.16348318755626678,-5.613739490509033,-5.813939571380615,7.442159175872803,1.7999041080474854,-1.3091765642166138,-1.1124988794326782
3463,2.0,0,0,0.008726646192371845,1,0,1,0.0024377191439270973,7.492781639099121,-11.060612678527832,-0.9110745787620544,-8.646212577819824,5.203704357147217,2.033768892288208
3464,9.0,2,1,-0.1483529806137085,1,2,0,-0.135110005736351,-7.383760452270508,-11.922247886657715,14.477590560913086,1.9084861278533936,-3.352221965789795,-0.16022256016731262
3465,22.0,2,1,-0.17016960680484772,1,2,1,-0.16571380198001862,-5.172646999359131,-1.7713253498077393,5.42944860458374,-2.2081258296966553,5.500247478485107,-4.696589469909668
3466,12.0,2,2,0.13089969754219055,1,2,2,0.12661969661712646,-4.398097515106201,-4.550844669342041,6.995837211608887,-4.581779479980469,0.02420581690967083,3.7581725120544434
3467,85.0,2,1,0.04712389037013054,1,2,1,0.051708515733480453,-1.4246289730072021,-4.9679999351501465,4.743354320526123,-3.611804246902466,4.790032386779785,-3.734381675720215
3468,40.0,0,2,-0.006981316953897476,1,0,1,-0.004885475151240826,12.277054786682129,-11.231614112854004,-3.4953689575195312,-4.432812690734863,4.206323623657227,-1.7534427642822266
3469,3.0,2,1,-0.06108652427792549,1,2,2,-0.07472352683544159,-5.448925971984863,-4.8120856285095215,7.805504322052002,-6.1031999588012695,-0.11763779819011688,6.060096740722656
3470,43.0,0,1,0.030543262138962746,1,0,2,0.019015338271856308,7.198369979858398,-6.341075897216797,-3.1106491088867188,-4.650277137756348,-0.033018119633197784,3.841526746749878
3471,3.0,2,0,-0.07853981852531433,1,2,0,-0.06754699349403381,-3.685683012008667,-7.679881572723389,9.074782371520996,5.574461936950684,3.7457685470581055,-9.204419136047363
3472,9.0,2,1,-0.07853981852531433,1,2,0,-0.08215009421110153,-4.6122026443481445,-12.45878791809082,10.77891731262207,1.9943459033966064,-1.046912431716919,-1.0402023792266846
3473,9.0,2,0,0.09599310904741287,1,2,2,0.12308041751384735,-12.126893997192383,-4.549854278564453,11.05003547668457,-4.510018825531006,-3.1293694972991943,6.4957756996154785
3474,38.0,0,1,-0.021816615015268326,1,0,1,-0.04788075014948845,8.136628150939941,-6.783914089202881,-2.276268243789673,-1.2717890739440918,2.8630571365356445,-1.7317421436309814
3475,12.0,2,1,0.06108652427792549,1,2,0,0.06242670491337776,-2.04475998878479,-11.371209144592285,9.461333274841309,6.747188568115234,0.4248962998390198,-6.909548759460449
3476,9.0,2,2,0.06108652427792549,1,2,1,0.025189485400915146,-4.28816032409668,-6.992031097412109,8.341221809387207,1.378275752067566,2.8087639808654785,-6.187215328216553
3477,9.0,2,1,-0.13089969754219055,1,2,2,-0.1251160204410553,-7.816935062408447,-6.303156852722168,10.359248161315918,-6.229393482208252,-0.6978872418403625,2.178065776824951
3478,3.0,2,2,0.11344639956951141,1,2,2,0.10738811641931534,-5.1424055099487305,-6.124369144439697,7.32948112487793,-9.890759468078613,0.37949058413505554,7.0203375816345215
3479,22.0,2,1,-0.16144295036792755,1,2,2,-0.1590234488248825,-5.825794696807861,-3.891082763671875,7.0458478927612305,-4.200189590454102,0.8193447589874268,1.4292550086975098
3480,33.0,2,0,-0.0593411959707737,1,2,1,-0.06926414370536804,-3.3167450428009033,-9.216087341308594,9.665352821350098,-1.8952833414077759,2.846322536468506,-1.4567415714263916
3481,2.0,2,2,0.084370918571949,1,2,1,0.05785698816180229,-5.220221996307373,-6.199215412139893,3.717921018600464,-6.635354042053223,6.449998378753662,-0.522993803024292
3482,3.0,2,0,0.1483529806137085,1,2,0,0.1374664157629013,-3.5517704486846924,-4.754854202270508,6.579693794250488,1.2663850784301758,0.5496125817298889,-2.9314987659454346
3483,60.0,2,2,0.17016960680484772,1,2,2,0.1634947955608368,-4.5573039054870605,-4.865624904632568,6.083667278289795,0.4258298873901367,-2.221806287765503,3.055981397628784
3484,2.0,0,0,0.02617993950843811,1,0,1,0.01615804433822632,12.78343677520752,-8.693264961242676,-8.60822868347168,0.3397548794746399,4.019020080566406,-5.316982269287109
3485,27.0,2,2,-0.10908307880163193,1,2,0,-0.110960453748703,-5.315049648284912,-12.928256034851074,12.194589614868164,6.6233344078063965,-2.354800224304199,-7.149445056915283
3486,2.0,2,1,0.1483529806137085,1,2,1,0.11518044769763947,-2.7833378314971924,-17.769405364990234,12.78383731842041,-12.82845401763916,5.884950160980225,4.335724353790283
3487,12.0,2,1,0.07853981852531433,1,2,1,0.07024604082107544,-0.08703245222568512,-8.435644149780273,6.353587627410889,-6.088102340698242,2.678677558898926,2.3595693111419678
3488,9.0,2,1,-0.06108652427792549,1,2,1,-0.07871179282665253,-1.7786377668380737,-5.473171234130859,3.9539387226104736,-2.1096575260162354,2.6535401344299316,-0.7862235903739929
3489,3.0,2,1,-0.08563873916864395,1,2,0,-0.09225772321224213,-6.219656944274902,-6.814086437225342,10.051681518554688,1.3397388458251953,0.8284779191017151,-3.097158432006836
3490,33.0,2,1,-0.05672319978475571,1,2,2,-0.05891893431544304,-4.60198974609375,-6.847538471221924,7.921816349029541,-11.989350318908691,-1.1317007541656494,8.760174751281738
3491,3.0,2,1,-0.07853981852531433,1,2,0,-0.10110987722873688,-6.494176864624023,-6.659199237823486,10.72244644165039,3.1443374156951904,0.7227488160133362,-4.4062981605529785
3492,85.0,2,1,0.05061454698443413,1,2,1,0.045888375490903854,-2.0507216453552246,-4.870724201202393,5.164401054382324,-3.2201836109161377,4.033459663391113,-3.1470744609832764
3493,3.0,2,1,0.07853981852531433,1,2,2,0.07259777933359146,-2.9361507892608643,-12.427399635314941,10.270793914794922,-5.49904203414917,0.7430903315544128,1.9522514343261719
3494,3.0,2,2,-0.09599310904741287,1,2,2,-0.10797831416130066,-8.20459270477295,-7.135534763336182,9.177419662475586,-0.11326480656862259,-0.3461211323738098,0.18259674310684204
3495,41.0,0,2,0.010471975430846214,1,0,2,0.011389200575649738,4.53879976272583,-2.878779888153076,-2.4082517623901367,-0.33568891882896423,-1.4150304794311523,0.27617985010147095
3496,12.0,2,0,-0.07853981852531433,1,2,0,-0.08239125460386276,-7.133315563201904,-5.270262241363525,6.111020088195801,1.2799075841903687,-1.3936070203781128,1.278710961341858
3497,41.0,0,2,0.010471975430846214,1,0,2,0.011389200575649738,4.53879976272583,-2.878779888153076,-2.4082517623901367,-0.33568891882896423,-1.4150304794311523,0.27617985010147095
3498,2.0,2,1,-0.1483529806137085,1,2,1,-0.14053219556808472,-4.977484703063965,-2.6982312202453613,6.017833709716797,-1.6804702281951904,4.495952606201172,-4.051027297973633
3499,9.0,2,0,0.09599310904741287,1,2,0,0.09246984869241714,-7.097067832946777,-7.87991189956665,11.217158317565918,1.73969304561615,-0.1879435032606125,-0.9725201725959778
3500,22.0,2,1,-0.17016960680484772,1,2,1,-0.16568608582019806,-5.168028354644775,-1.767923355102539,5.422181129455566,-2.188514471054077,5.469367980957031,-4.679961681365967
3501,40.0,0,0,-0.004363323096185923,1,0,0,-0.0013773171231150627,13.194559097290039,-3.1703760623931885,-9.76370620727539,4.852193355560303,0.48844635486602783,-8.717914581298828
3502,22.0,2,1,-0.16144295036792755,1,2,1,-0.15949206054210663,-5.897678852081299,-3.782787799835205,7.0375542640686035,-3.2759931087493896,0.7742973566055298,0.5441519021987915
3503,9.0,2,0,0.09599310904741287,1,2,2,0.08679922670125961,-5.972782611846924,-7.758974075317383,9.729755401611328,-0.3084588348865509,-1.6172527074813843,2.1546008586883545
3504,3.0,2,1,-0.09599310904741287,1,2,2,-0.09485378861427307,-5.9631547927856445,-8.36091423034668,7.747740268707275,0.632509708404541,-1.9834144115447998,1.314903736114502
3505,85.0,2,1,0.05061454698443413,1,1,1,0.07125250995159149,-1.2682629823684692,1.5765331983566284,-1.5605826377868652,-4.822149753570557,10.794865608215332,-10.135178565979004
3506,60.0,2,1,0.17016960680484772,1,2,1,0.12443486601114273,-6.37797737121582,-0.8031154274940491,5.537285804748535,0.5185658931732178,2.494739055633545,-4.529034614562988
3507,27.0,2,0,-0.10908307880163193,1,2,0,-0.11992548406124115,-5.4451422691345215,-7.405769348144531,9.750454902648926,4.610849857330322,-1.7811533212661743,-3.3790810108184814
3508,3.0,2,2,-0.09599310904741287,1,2,0,-0.1073693111538887,-7.168585777282715,-7.987536907196045,8.83427619934082,1.218201994895935,-2.245912790298462,0.7027284502983093
3509,9.0,2,1,0.09599310904741287,1,2,0,0.09615018963813782,-8.344115257263184,-6.67236328125,11.620185852050781,3.1078169345855713,0.10973413288593292,-3.193068027496338
3510,60.0,2,2,0.16755160689353943,1,2,2,0.14929741621017456,-6.111536502838135,-8.910935401916504,10.69228458404541,-7.354548931121826,-4.368630409240723,8.505326271057129
3511,33.0,2,2,-0.05672319978475571,1,2,2,-0.049647100269794464,-4.190698146820068,-4.844445705413818,6.84579610824585,-10.691057205200195,0.037154778838157654,7.261020183563232
3512,12.0,2,1,-0.07853981852531433,1,2,0,-0.10998943448066711,-7.006708145141602,-4.0016326904296875,6.969437122344971,1.7986795902252197,-2.0766756534576416,0.9540572762489319
3513,43.0,0,2,0.030543262138962746,1,0,2,0.01217904407531023,10.759184837341309,-7.074779033660889,-5.8904314041137695,-10.464380264282227,0.4950060248374939,6.88613224029541
3514,38.0,0,1,-0.024434609338641167,1,0,2,-0.01312431413680315,5.743486404418945,-5.307510852813721,-1.9758760929107666,-4.041468143463135,-2.0370359420776367,2.0373191833496094
3515,54.0,2,1,0.10908307880163193,1,2,1,0.09246937185525894,-3.965843439102173,-2.4154984951019287,4.415435314178467,-4.798508644104004,8.195897102355957,-5.056976318359375
3516,9.0,2,2,-0.07853981852531433,1,2,0,-0.08756494522094727,-6.889214515686035,-9.45766544342041,9.56725788116455,1.3448681831359863,-1.2710413932800293,-0.5184229016304016
3517,54.0,2,2,0.1178097277879715,1,2,2,0.1309392750263214,-6.374659538269043,-8.984092712402344,11.330236434936523,-0.9740569591522217,-1.4131296873092651,-0.6932772994041443
3518,2.0,2,0,-0.07853981852531433,1,2,0,-0.1016145795583725,-5.372716426849365,-8.459172248840332,10.848752975463867,2.877072811126709,-1.1326022148132324,-2.7452778816223145
3519,85.0,1,1,0.0477728433907032,0,1,1,0.06958546489477158,-8.202301979064941,12.452155113220215,-6.472203254699707,-7.407953262329102,14.493639945983887,-12.766508102416992
3520,40.0,0,1,-0.013089969754219055,1,0,1,-0.0021849526092410088,5.2892889976501465,-3.7472805976867676,-2.446943759918213,-1.1561548709869385,1.4465689659118652,-1.9609456062316895
3521,9.0,0,1,-0.008726646192371845,1,0,1,0.041370224207639694,5.412384033203125,-9.123759269714355,1.1419097185134888,-1.2687504291534424,7.196232795715332,-8.739364624023438
3522,9.0,2,1,-0.04363323003053665,1,2,1,-0.0595007948577404,-3.9072749614715576,-7.671299934387207,7.961808681488037,-2.2420616149902344,4.341180801391602,-2.1636672019958496
3523,3.0,2,2,-0.1483529806137085,1,2,0,-0.16921503841876984,-9.55484390258789,-5.047747611999512,8.349504470825195,4.158926486968994,-2.381537437438965,-2.700881242752075
3524,3.0,0,1,-0.008726646192371845,1,0,2,-0.018076937645673752,14.385201454162598,-9.192322731018066,-6.357834339141846,-4.566319465637207,1.4526994228363037,1.453287959098816
3525,3.0,1,0,0.02617993950843811,0,1,1,0.11243170499801636,-11.276378631591797,5.071722507476807,3.4643020629882812,0.11759548634290695,4.155986309051514,-8.064373970031738
3526,2.0,2,1,0.13089969754219055,1,2,1,0.12579800188541412,-1.4006640911102295,-18.655187606811523,10.998019218444824,-11.286833763122559,6.2449116706848145,3.115598201751709
3527,9.0,2,0,0.09599310904741287,1,2,2,0.11453574895858765,-17.02259635925293,-4.5214738845825195,14.785079956054688,-5.73482608795166,-2.6488196849823,8.042065620422363
3528,66.0,2,1,-0.12391837686300278,1,2,1,-0.12102948129177094,-5.306168556213379,-3.2717366218566895,6.72829532623291,-4.314940929412842,4.017355442047119,-1.2416213750839233
3529,12.0,2,2,-0.14834487438201904,1,2,1,-0.14905552566051483,-5.544368743896484,-1.8516370058059692,5.805769920349121,-4.684687614440918,1.7424808740615845,0.1990848183631897
3530,2.0,2,1,0.09599310904741287,1,2,1,0.09314107149839401,-5.718225002288818,-6.841723442077637,4.782415866851807,-4.410440444946289,3.494837760925293,0.745352029800415
3531,66.0,2,0,-0.12391837686300278,1,2,1,-0.1105135977268219,-4.80576753616333,-2.9311487674713135,5.960790634155273,0.028143711388111115,0.1754840463399887,-1.629596471786499
3532,2.0,2,1,-0.1483529806137085,1,2,1,-0.13881592452526093,-4.982729911804199,-2.7309582233428955,6.0434770584106445,-1.7831463813781738,4.526950359344482,-3.9115965366363525
3533,12.0,2,2,0.07853981852531433,1,2,2,0.07988031208515167,-5.355114459991455,-3.60443377494812,6.9098405838012695,-3.0516419410705566,1.494236946105957,2.0575788021087646
3534,12.0,2,1,0.07853981852531433,1,2,1,0.07117727398872375,-10.718520164489746,-3.1808605194091797,10.391718864440918,-3.6265709400177,3.3866147994995117,-0.9415773749351501
3535,12.0,2,1,-0.15083879232406616,1,2,1,-0.1518833190202713,-5.67524528503418,-5.438536167144775,8.499320030212402,-0.7416905164718628,1.7703410387039185,-0.682985782623291
3536,2.0,0,1,0.02617993950843811,1,0,1,0.015151283703744411,12.969822883605957,-8.614241600036621,-8.876323699951172,0.2851050794124603,4.087708473205566,-5.315288066864014
3537,12.0,0,1,-0.008726646192371845,1,0,2,-0.013663998804986477,13.06460189819336,-6.8271260261535645,-7.779519557952881,-9.360820770263672,3.042487144470215,3.944873571395874
3538,56.0,2,1,0.13264502584934235,1,2,2,0.12865881621837616,-4.802028179168701,-4.808356285095215,7.510422706604004,-3.574401378631592,-0.004174517467617989,2.7078053951263428
3539,12.0,2,1,0.06108652427792549,1,2,0,0.06313259899616241,0.7683126926422119,-11.154168128967285,7.270545959472656,6.173947811126709,1.4677464962005615,-7.592764377593994
3540,9.0,2,1,-0.06108652427792549,1,2,2,-0.05003711208701134,-3.583980083465576,-6.004411220550537,4.065352916717529,-1.439746618270874,0.010418606922030449,1.8244433403015137
3541,12.0,1,2,0.09599310904741287,0,2,1,0.18054412305355072,-12.264365196228027,0.06387363374233246,7.271921157836914,-1.5289418697357178,-0.5010305047035217,-0.8804237246513367
3542,2.0,2,2,-0.04363323003053665,1,2,2,-0.05237780138850212,0.3717774748802185,-9.53991985321045,6.565293312072754,-9.121200561523438,2.0735132694244385,5.823990821838379
3543,2.0,2,0,-0.08759364485740662,1,2,0,-0.08784772455692291,-7.132785797119141,-7.381078720092773,11.403552055358887,5.229392051696777,2.4802005290985107,-7.614467620849609
3544,38.0,0,0,-0.023433499038219452,1,0,0,-0.018907129764556885,4.1498494148254395,-4.640324115753174,-0.5785741209983826,1.7230758666992188,-3.262376070022583,-0.09611289948225021
3545,27.0,2,0,-0.10908307880163193,1,2,0,-0.11860920488834381,-5.557217597961426,-4.9464430809021,8.140995979309082,3.222064733505249,-1.2753468751907349,-2.8679776191711426
3546,27.0,2,2,-0.10908307880163193,1,2,0,-0.10266299545764923,-7.091053009033203,-9.540857315063477,12.493463516235352,5.2169189453125,-2.0387611389160156,-2.9584457874298096
3547,12.0,2,2,0.09599310904741287,1,2,2,0.07591623067855835,-2.428537130355835,-7.782695770263672,7.844595432281494,-1.2785813808441162,-2.224405527114868,2.8626911640167236
3548,12.0,2,1,0.06108652427792549,1,2,1,0.06625498086214066,-1.0007822513580322,-9.094306945800781,7.152290344238281,0.7015746831893921,0.8191888332366943,-1.6351783275604248
3549,12.0,2,0,-0.07853981852531433,1,2,2,-0.09210831671953201,-9.586128234863281,-10.5562744140625,13.378266334533691,-0.4403964579105377,-0.016850637272000313,1.6447243690490723
3550,2.0,2,1,0.13089969754219055,1,2,2,0.10071682184934616,-5.714424133300781,-4.832047462463379,3.4214088916778564,-2.4947144985198975,1.0781089067459106,1.68006432056427
3551,3.0,0,0,0.02617993950843811,1,0,0,0.06707951426506042,3.3221468925476074,-7.154662609100342,1.7611932754516602,5.76566219329834,-2.8035645484924316,-5.082198619842529
3552,2.0,2,0,-0.09599310904741287,1,2,0,-0.11158693581819534,-4.2716875076293945,-14.73081111907959,13.262029647827148,5.741901874542236,0.7079203128814697,-6.357102394104004
3553,9.0,2,2,-0.1483529806137085,1,2,0,-0.1412564218044281,-8.252928733825684,-8.375267028808594,12.880958557128906,6.545964241027832,-1.0753779411315918,-5.779232978820801
3554,22.0,2,2,-0.16933074593544006,1,2,2,-0.16204456984996796,-5.723311424255371,-4.251989364624023,7.361825466156006,0.7547609210014343,-5.296097755432129,4.16984224319458
3555,3.0,2,1,-0.05333978310227394,1,2,2,-0.06626937538385391,-5.3297505378723145,-4.1657209396362305,7.342320919036865,-7.406769752502441,0.1361970454454422,7.2035369873046875
3556,33.0,2,1,-0.06544984877109528,1,2,1,-0.06308551132678986,-6.997342109680176,-0.9883641004562378,6.559372901916504,-3.655334234237671,7.121931076049805,-4.686098575592041
3557,2.0,2,0,-0.09599310904741287,1,2,0,-0.11986543238162994,-3.3023688793182373,-9.872543334960938,9.333529472351074,5.607774257659912,0.4273073375225067,-5.138497829437256
3558,40.0,0,0,-0.004363323096185923,1,0,0,0.013636988587677479,14.669256210327148,-9.641104698181152,-6.581050395965576,10.223742485046387,0.18960674107074738,-15.708550453186035
3559,56.0,2,0,0.13526301085948944,1,2,0,0.13163265585899353,-8.639763832092285,-7.044681549072266,11.663660049438477,4.900066375732422,1.5583691596984863,-9.815580368041992
3560,12.0,2,1,0.06108652427792549,1,2,0,0.06483529508113861,-9.797712326049805,-4.629684925079346,10.319122314453125,2.932173252105713,0.9692363142967224,-4.355728626251221
3561,9.0,2,1,-0.0666709616780281,1,0,0,0.028925146907567978,5.545598983764648,-10.648786544799805,2.6434149742126465,2.9889843463897705,0.3561662435531616,-4.044595718383789
3562,3.0,2,0,-0.06108652427792549,1,2,0,-0.0691920816898346,-6.569064140319824,-8.152984619140625,11.469083786010742,2.1388449668884277,-0.4966006278991699,-0.8906044363975525
3563,22.0,2,1,-0.17016960680484772,1,2,1,-0.16670860350131989,-5.5013346672058105,-1.7968724966049194,5.64232873916626,-1.5353217124938965,3.2127904891967773,-2.822108268737793
3564,54.0,2,0,0.11519172787666321,1,2,2,0.10951422899961472,-5.8900861740112305,-4.382843971252441,8.21047306060791,-2.5087997913360596,-0.3461759686470032,2.0687758922576904
3565,3.0,2,2,0.09599310904741287,1,2,2,0.08985252678394318,-5.040030479431152,-3.6545708179473877,6.608117580413818,-3.916294813156128,1.0895287990570068,2.2419424057006836
3566,3.0,2,0,0.1483529806137085,1,2,0,0.1426565796136856,-3.1249730587005615,-4.828061103820801,6.117892265319824,5.725009441375732,-0.9877870678901672,-6.35807466506958
3567,43.0,0,1,0.02763172797858715,1,0,1,0.03076021745800972,6.699004173278809,-4.726777076721191,-1.9332506656646729,-1.8897980451583862,3.6029086112976074,-1.6806049346923828
3568,3.0,0,0,0.02617993950843811,1,0,1,0.05143018439412117,7.238277912139893,-9.473484992980957,0.2866075336933136,-1.5509083271026611,2.7831153869628906,-4.728832244873047
3569,9.0,2,2,-0.07853981852531433,1,2,0,-0.09035864472389221,-7.110727310180664,-8.474468231201172,9.202296257019043,1.4646167755126953,-1.0306956768035889,-0.9174392819404602
3570,2.0,2,1,0.07853981852531433,1,2,1,0.05027670040726662,-5.347001075744629,-7.492866039276123,4.321245193481445,-7.918126106262207,5.33485221862793,1.7612847089767456
3571,9.0,2,1,0.09599310904741287,1,2,1,0.0830022320151329,-3.7138383388519287,-13.232665061950684,11.823493957519531,-0.5185452699661255,1.0145072937011719,-3.6708757877349854
3572,9.0,2,2,-0.16580627858638763,1,2,2,-0.1639881581068039,-6.079396724700928,-13.478697776794434,13.870408058166504,-1.3857316970825195,0.11610795557498932,0.22509729862213135
3573,9.0,2,1,-0.11344639956951141,1,2,0,-0.08264459669589996,-7.006932258605957,-8.182727813720703,11.52783489227295,2.11564040184021,0.3631749451160431,-4.030546188354492
3574,3.0,2,1,-0.13070368766784668,1,2,1,-0.10690309852361679,-5.413437843322754,-5.1554694175720215,6.855666160583496,-2.1184074878692627,1.9105488061904907,-2.5320777893066406
3575,12.0,2,0,-0.16580627858638763,1,2,2,-0.17019815742969513,-9.987086296081543,-8.055286407470703,13.311258316040039,-5.4667205810546875,-1.8655215501785278,2.812988758087158
3576,9.0,2,2,0.06108652427792549,1,2,1,0.060495372861623764,-4.301581859588623,-6.716826915740967,8.012324333190918,1.4535263776779175,3.262179374694824,-6.029397487640381
3577,27.0,2,0,-0.10955887287855148,1,2,0,-0.12027731537818909,-4.597951412200928,-1.3977078199386597,4.487355709075928,2.404576301574707,-0.49678897857666016,-3.7244560718536377
3578,22.0,2,1,-0.16667895019054413,1,2,2,-0.16379766166210175,-5.6382975578308105,-3.840855598449707,7.095438480377197,-4.788414001464844,-1.2215657234191895,2.77351450920105
3579,3.0,2,0,0.06108652427792549,1,2,0,0.05892254412174225,-5.628658294677734,-5.6907830238342285,8.633870124816895,2.847902536392212,-0.2912604808807373,-2.830575466156006
3580,40.0,0,0,-0.004363323096185923,1,0,0,0.008497008122503757,8.396846771240234,-6.468947410583496,-2.8606374263763428,5.218274116516113,-1.244215965270996,-7.098727703094482
3581,9.0,2,1,-0.0436413437128067,1,2,2,-0.05710333213210106,-4.208430290222168,-5.431492805480957,5.317701816558838,1.0896010398864746,-1.5797923803329468,2.005143404006958
3582,9.0,2,1,-0.11096060276031494,1,2,0,-0.13586018979549408,-6.617580413818359,-8.495028495788574,11.088714599609375,3.322418212890625,0.3553014099597931,-2.5872740745544434
3583,9.0,2,1,0.16580627858638763,1,2,1,0.16809050738811493,-9.651300430297852,-7.2462158203125,12.649940490722656,-2.6398489475250244,2.0930161476135254,-3.7489230632781982
3584,85.0,2,1,0.043535396456718445,1,2,1,0.05154869332909584,-3.8782172203063965,-3.6654856204986572,5.595128059387207,-2.4786369800567627,5.1477580070495605,-4.49368143081665
3585,85.0,2,1,0.04712389037013054,1,2,1,0.05171273276209831,-1.4244909286499023,-4.967855930328369,4.743171215057373,-3.6115427017211914,4.79059362411499,-3.735168218612671
3586,2.0,2,1,0.1483529806137085,1,2,1,0.0879722386598587,-3.418757915496826,-14.031517028808594,8.998700141906738,-8.704363822937012,5.962642192840576,2.12406849861145
3587,9.0,2,0,0.15418408811092377,1,2,0,0.14241166412830353,-4.11615514755249,-5.0626749992370605,6.216346263885498,5.167960166931152,2.7023379802703857,-9.728013038635254
3588,41.0,0,1,0.013089969754219055,1,0,2,0.011389200575649738,4.538798809051514,-2.878779888153076,-2.408252239227295,-0.3356890380382538,-1.4150302410125732,0.27617937326431274
3589,12.0,2,1,0.06108652427792549,1,2,0,0.06128250062465668,-3.1228580474853516,-11.431819915771484,10.141493797302246,4.544015407562256,1.5314139127731323,-5.841386318206787
3590,9.0,2,1,0.13089969754219055,1,2,1,0.12314149737358093,-1.739492654800415,-6.400243759155273,6.475501537322998,-2.605343818664551,5.732731819152832,-5.172938823699951
3591,9.0,2,1,-0.07853981852531433,1,2,2,-0.07666384428739548,-3.880624294281006,-14.166513442993164,10.57905387878418,0.29909175634384155,-0.9719271063804626,0.7953993678092957
3592,40.0,0,1,-0.013089969754219055,1,0,1,0.005605061538517475,5.224520206451416,-3.3807687759399414,-2.610463857650757,-1.2259068489074707,1.1959855556488037,-1.7907674312591553
3593,3.0,2,2,0.09599310904741287,1,2,2,0.09718137979507446,-5.153571128845215,-3.137554168701172,6.50353479385376,-4.372300148010254,1.543241262435913,2.8156535625457764
3594,3.0,2,1,0.07853981852531433,1,2,0,0.08802047371864319,-6.293450832366943,-6.945160388946533,9.203125,1.9952967166900635,1.629725694656372,-3.515338897705078
3595,2.0,2,1,-0.06108652427792549,1,2,1,-0.07208871096372604,-7.246711730957031,-9.615091323852539,11.100593566894531,-0.13732799887657166,1.1539397239685059,-0.1953926682472229
3596,60.0,2,2,0.16755160689353943,1,2,2,0.14302454888820648,-7.212052822113037,-8.242239952087402,10.996706008911133,-8.098150253295898,-3.982442855834961,9.58908462524414
3597,3.0,2,1,0.16580627858638763,1,2,1,0.07745366543531418,-3.2684309482574463,-4.646495819091797,6.209795951843262,-3.7000420093536377,2.6388561725616455,-0.5744730234146118
3598,43.0,0,1,0.02900814265012741,1,0,1,0.023101989179849625,4.393722057342529,-1.4889507293701172,-3.109912872314453,-4.253559589385986,2.8398189544677734,1.6679668426513672
3599,9.0,2,2,-0.07853981852531433,1,2,0,-0.09104692190885544,-7.570522308349609,-7.94585657119751,9.254836082458496,0.9392017126083374,-0.1507931798696518,-1.2530806064605713
3600,2.0,0,1,-0.02617993950843811,1,0,2,-0.03233932703733444,9.696124076843262,-10.135299682617188,-1.162498116493225,-1.437950849533081,-0.2303168624639511,0.5113884806632996
3601,3.0,2,1,-0.04363323003053665,1,2,1,-0.05766764655709267,-4.296798229217529,-8.102511405944824,8.535200119018555,-2.4143130779266357,4.825727462768555,-2.517024040222168
3602,27.0,2,0,-0.10908307880163193,1,2,0,-0.11882062256336212,-5.293225288391113,-7.490173816680908,9.663756370544434,4.197295188903809,-1.5294818878173828,-3.2227373123168945
